index;INCDTNO;YEAR4;MONTH;DAY;ACCDMG;INFRASTRUCTURE_DMG;TRKDMG;EQPDMG;LOCOMOTIVES1;LOCOMOTIVES2;RREMPKLD;RREMPINJ;PASSKLD;PASSINJ;OTHERKLD;OTHERINJ;SPEED;LOADF1;LOADF2;EMPTYF1;EMPTYP1;LOADP1;EMPTYF2;TONS;TYPE;TYPEQ;TRKCLAS;TYPTRK;ACCAUSE;TEMP;TEMP_CLUSTER;VISIBLTY;WEATHER;STATE;Jahreszeit;ACCIDENT_TYPE;ACCCAUSE_LVL1;ACCCAUSE_LVL2;EQUIPMENT_TYPE;ACCDMG_EUR;ACCTYPE;SPD_TOO_HIGH
0;000000031;2003;12;18;42790.0;42790.0;0.0;42790.0;2;0;0;0;0;0;0;0;9.926406551346263;0;0;0;0;0;0;69.7799471826711;04;8;3;Hauptstrecke;E08L;45;Moderat (0° bis 19,99° C);Tag;Klar;South Carolina;Herbst;Kollision;Brakes;Mechanical and Electrical Failures;Lokomotive, Lokomotive;34499.71781020721;Nicht Signifikant;False
1;000000370;2004;1;22;191147.0;191147.0;27000.0;164147.0;2;0;0;1;0;0;0;0;7.5;51;5;38;0;0;8;3040.0;04;7;1;Depot;H020;51;Moderat (0° bis 19,99° C);Abend;Klar;South Carolina;Winter;Kollision;Brakes, Use of;Human Factors;Depot/Rangieren, EinzelneWagen;150391.0306845004;Signifikant;False
2;000001297;2004;2;26;122645.0;122645.0;23000.0;99645.0;4;2;0;0;0;0;0;0;3.9664186973567914;43;1;120;0;0;8;8914.833128900038;04;7;1;Depot;H017;40;Moderat (0° bis 19,99° C);Tag;Wolkig;Alabama;Winter;Kollision;Brakes, Use of;Human Factors;Depot/Rangieren, EinzelneWagen, Güterzug;98557.53776920604;Nicht Signifikant;False
3;000001388;2004;2;29;60500.0;60500.0;5000.0;55500.0;4;0;0;0;0;0;0;0;13.907829355595124;37;2;107;0;0;22;28839.0;03;1;1;Hauptstrecke;H606;60;Moderat (0° bis 19,99° C);Tag;Klar;Georgia;Winter;Kollision;Speed;Human Factors;Güterzug, Güterzug;48547.58465735837;Nicht Signifikant;True
4;000002086;2004;3;23;17645.0;17645.0;100.0;17545.0;2;0;0;0;0;0;0;0;5.0;44;2;0;0;0;0;4434.889973591336;04;1;1;Depot;H017;68;Warm (20° bis 31,99° C);Abend;Klar;Alabama;Frühling;Kollision;Brakes, Use of;Human Factors;Güterzug, Lokomotive;14373.574454219615;Nicht Signifikant;False
5;000002342;2004;2;1;8586.0;8586.0;0.0;8586.0;3;0;0;0;0;0;0;0;2.5;36;0;19;0;0;0;4346.928320993804;04;7;1;Depot;H401;30;Kalt (-30° - 0,01° C);Tag;Klar;Ohio;Winter;Kollision;Main Track Authority;Human Factors;Depot/Rangieren, Güterzug;6904.519380260547;Nicht Signifikant;False
6;000002386;2004;1;30;6986.0;6986.0;0.0;6986.0;2;0;0;0;0;0;0;0;1.9635609428485408;0;0;0;0;0;0;69.7799471826711;04;8;1;Depot;H312;12;Kalt (-30° - 0,01° C);Tag;Schnee;New York;Winter;Kollision;General Switching Rules;Human Factors;Lokomotive, Lokomotive;5641.149870801034;Nicht Signifikant;False
7;000002458;2004;4;11;22853.0;22853.0;1500.0;21353.0;2;0;0;1;0;0;0;0;5.0;34;0;13;0;0;3;4337.775817778529;04;7;1;Depot;H607;45;Moderat (0° bis 19,99° C);Abend;Klar;Pennsylvania;Frühling;Kollision;Speed;Human Factors;Depot/Rangieren, Depot/Rangieren;19007.102816175127;Signifikant;False
8;000003855;2004;6;6;34737.0;34737.0;0.0;34737.0;3;0;0;0;0;0;0;0;3.9542723449729715;63;0;0;0;0;0;7236.497692525955;04;6;5;Hauptstrecke;H302;76;Warm (20° bis 31,99° C);Tag;Klar;Ohio;Frühling;Kollision;General Switching Rules;Human Factors;EinzelneWagen, Lokomotive;28286.691457886594;Nicht Signifikant;False
9;000004195;2004;5;29;23547.0;23547.0;0.0;23547.0;2;0;0;0;0;0;0;0;7.5;61;0;56;0;0;0;8821.13215573405;04;7;1;Depot;H018;80;Warm (20° bis 31,99° C);Tag;Klar;Florida;Frühling;Kollision;Brakes, Use of;Human Factors;Depot/Rangieren, Güterzug;19253.475061324614;Nicht Signifikant;False
10;000004299;2004;6;27;101450.0;101450.0;1200.0;100250.0;4;0;0;0;0;0;0;0;13.907829355595124;108;2;9;0;0;6;15054.0;03;1;2;Nebenstrecke;H605;58;Moderat (0° bis 19,99° C);Abend;Klar;New York;Sommer;Kollision;Speed;Human Factors;Güterzug, Güterzug;83260.38190074956;Nicht Signifikant;False
11;000004421;2004;7;1;203998.0;203998.0;400.0;203598.0;2;0;0;0;0;0;0;0;8.0;49;0;50;0;0;2;6898.742863252126;04;6;1;Hauptstrecke;H021;78;Warm (20° bis 31,99° C);Abend;Klar;Florida;Sommer;Kollision;Brakes, Use of;Human Factors;EinzelneWagen, Güterzug;167651.21630506244;Signifikant;False
12;000004465;2004;7;2;76500.0;76500.0;3000.0;73500.0;5;2;0;0;0;0;0;0;4.0;72;0;97;0;0;0;11374.532264403424;04;7;1;Hauptstrecke;H307;77;Warm (20° bis 31,99° C);Abend;Wolkig;Alabama;Sommer;Kollision;General Switching Rules;Human Factors;Depot/Rangieren, Güterzug;62973.328943035885;Nicht Signifikant;False
13;000005014;2004;7;8;28000.0;28000.0;0.0;28000.0;4;0;0;1;0;0;0;0;1.9635609428485408;160;0;3;0;0;0;19069.0;03;1;4;Hauptstrecke;H605;75;Warm (20° bis 31,99° C);Abenddämmerung;Klar;Indiana;Sommer;Kollision;Speed;Human Factors;Güterzug, Güterzug;22675.73696145125;Signifikant;False
14;000005267;2004;7;27;12302.0;12302.0;400.0;11902.0;2;0;0;0;0;0;0;0;4.949628046035187;5;0;1;0;0;1;670.4935146593588;04;6;1;Industriestrecke;H318;70;Warm (20° bis 31,99° C);Tag;Regen;New Jersey;Sommer;Kollision;General Switching Rules;Human Factors;EinzelneWagen, Lokomotive;10110.124917817224;Nicht Signifikant;False
15;000005304;2004;7;29;55777.0;55777.0;100.0;55677.0;4;3;0;3;0;0;0;0;21.870674964092846;95;1;0;0;0;0;10927.889973591336;02;1;2;Depot;H702;70;Warm (20° bis 31,99° C);Abend;Klar;South Carolina;Sommer;Kollision;Switches, Use of;Human Factors;Güterzug, Lokomotive;46380.34259105272;Signifikant;False
16;000005462;2004;8;3;11870.0;11870.0;800.0;11070.0;3;0;0;0;0;0;0;0;4.5;52;0;63;0;0;0;8302.889973591336;04;7;1;Depot;H306;77;Warm (20° bis 31,99° C);Abend;Klar;Alabama;Sommer;Kollision;General Switching Rules;Human Factors;Depot/Rangieren, Güterzug;9873.565130593912;Nicht Signifikant;False
17;000005494;2004;8;5;69127.0;69127.0;500.0;68627.0;2;0;0;0;0;0;0;0;7.935695149221832;29;0;5;0;0;1;3874.8164184217308;05;5;3;Hauptstrecke;H302;85;Warm (20° bis 31,99° C);Tag;Klar;Virginia;Sommer;Kollision;General Switching Rules;Human Factors;EinzelneWagen, Güterzug;57404.91612688923;Nicht Signifikant;False
18;000006638;2004;9;22;20997.0;20997.0;0.0;20997.0;3;0;0;0;0;0;0;0;4.0;93;0;28;0;0;0;11168.862845750953;04;7;1;Depot;H702;75;Warm (20° bis 31,99° C);Tag;Klar;New York;Sommer;Kollision;Switches, Use of;Human Factors;Depot/Rangieren, Güterzug;17147.407104940794;Nicht Signifikant;False
19;000006884;2004;10;1;13570.0;13570.0;0.0;13570.0;5;0;0;0;0;0;0;0;30.0;123;0;67;0;0;4;16772.0;01;1;4;Hauptstrecke;H504;62;Moderat (0° bis 19,99° C);Abend;Wolkig;Ohio;Herbst;Entgleisung;Train Handling/Train Makeup;Human Factors;Güterzug, Güterzug;10932.087327801497;Nicht Signifikant;False
20;000007038;2004;10;10;999500.0;999500.0;20000.0;979500.0;4;2;0;2;0;0;0;0;17.5;76;0;74;0;0;4;9845.0;04;1;2;Hauptstrecke;H221;78;Warm (20° bis 31,99° C);Tag;Klar;Maryland;Herbst;Kollision;Flagging, Fixed, Hand and Radio Signals;Human Factors;Güterzug, Güterzug;808242.8097792392;Signifikant;False
21;000007083;2004;10;6;34650.0;34650.0;2000.0;32650.0;4;0;0;0;0;0;0;0;7.935695149221832;115;8;44;0;0;0;12454.0;01;1;1;Hauptstrecke;E4BC;65;Moderat (0° bis 19,99° C);Tag;Klar;Kentucky;Herbst;Entgleisung;Truck Components;Mechanical and Electrical Failures;Güterzug, Güterzug;28212.017586712263;Nicht Signifikant;False
22;000007120;2004;10;13;111892.0;111892.0;2008.0;109884.0;2;0;0;0;0;0;0;0;5.5;5;2;0;0;0;0;677.7851518245906;04;7;1;Depot;H702;65;Moderat (0° bis 19,99° C);Abend;Wolkig;Georgia;Herbst;Kollision;Switches, Use of;Human Factors;Depot/Rangieren, Depot/Rangieren;91213.82571125786;Nicht Signifikant;False
23;000007494;2004;10;14;34700.0;34700.0;200.0;34500.0;2;0;0;0;0;0;0;0;4.949628046035187;1;0;1;0;0;1;215.46381654232488;04;7;1;Depot;H702;70;Warm (20° bis 31,99° C);Tag;Klar;Georgia;Herbst;Kollision;Switches, Use of;Human Factors;Depot/Rangieren, Depot/Rangieren;28035.8729902238;Nicht Signifikant;False
24;000007521;2004;10;29;13537.0;13537.0;0.0;13537.0;3;0;0;0;0;0;0;0;3.9542723449729715;26;0;18;0;0;0;3575.508368741183;04;7;1;Depot;H307;50;Moderat (0° bis 19,99° C);Abend;Wolkig;Georgia;Herbst;Kollision;General Switching Rules;Human Factors;Depot/Rangieren, Depot/Rangieren;10628.09138729685;Nicht Signifikant;False
25;000007553;2004;10;30;982670.0;982670.0;256500.0;726170.0;7;0;0;0;0;0;0;0;19.5;76;7;123;0;0;20;12211.0;01;1;3;Hauptstrecke;M405;45;Moderat (0° bis 19,99° C);Abend;Klar;New York;Herbst;Entgleisung;Unusual Operational Situations;Miscellaneous Causes;Güterzug, Güterzug;771286.1702684318;Signifikant;False
26;000008253;2004;11;29;817777.0;817777.0;105000.0;712777.0;4;1;1;2;0;0;0;0;32.819587675777214;159;6;38;0;0;9;19884.0;02;1;4;Hauptstrecke;H221;49;Moderat (0° bis 19,99° C);Abend;Nebel;Florida;Herbst;Kollision;Flagging, Fixed, Hand and Radio Signals;Human Factors;Güterzug, Güterzug;617329.9615007171;Schwer;False
27;000008610;2004;12;6;10192.0;10192.0;0.0;10192.0;3;0;0;0;0;0;0;0;2.0;94;0;106;0;0;0;15096.916616593928;04;7;1;Depot;H607;50;Moderat (0° bis 19,99° C);Abend;Regen;Alabama;Herbst;Kollision;Speed;Human Factors;Depot/Rangieren, Güterzug;7586.155563825829;Nicht Signifikant;False
28;000008633;2004;12;8;11394.0;11394.0;1000.0;10394.0;4;1;0;0;0;0;0;0;3.0;53;4;16;0;0;0;1325.8899735913355;04;1;1;Depot;H307;50;Moderat (0° bis 19,99° C);Abend;Klar;North Carolina;Herbst;Kollision;General Switching Rules;Human Factors;Güterzug, Lokomotive;8566.917293233082;Nicht Signifikant;False
29;000008742;2004;12;1;24926.0;24926.0;0.0;24926.0;3;0;0;0;0;0;0;0;4.0;30;0;8;0;0;0;3726.0739647483324;04;7;1;Depot;H306;40;Moderat (0° bis 19,99° C);Abend;Wolkig;Maryland;Herbst;Kollision;General Switching Rules;Human Factors;Depot/Rangieren, Depot/Rangieren;18749.811945238456;Nicht Signifikant;False
30;000008894;2004;12;20;18853.0;18853.0;0.0;18853.0;4;0;0;0;0;0;0;0;7.0;0;0;0;0;0;0;69.7799471826711;04;8;1;Nebenstrecke;H306;25;Kalt (-30° - 0,01° C);Tag;Klar;Tennessee;Herbst;Kollision;General Switching Rules;Human Factors;Lokomotive, Lokomotive;14092.539991030048;Nicht Signifikant;False
31;000008906;2004;12;8;39633.0;39633.0;0.0;39633.0;10;0;0;0;0;0;0;0;5.0;98;0;97;0;0;1;16892.0;01;1;1;Depot;H510;40;Moderat (0° bis 19,99° C);Abenddämmerung;Klar;New York;Herbst;Entgleisung;Train Handling/Train Makeup;Human Factors;Güterzug, Güterzug;29799.248120300752;Nicht Signifikant;False
32;000009307;2005;1;7;98737.0;98737.0;0.0;98737.0;4;0;0;0;0;0;0;0;2.5;24;0;56;0;0;0;4504.957107700226;04;7;1;Depot;H306;38;Moderat (0° bis 19,99° C);Tag;Regen;Kentucky;Winter;Kollision;General Switching Rules;Human Factors;Depot/Rangieren, Depot/Rangieren;74800.75757575757;Nicht Signifikant;False
33;000009398;2005;1;11;155500.0;155500.0;500.0;155000.0;11;1;0;0;0;0;0;0;3.9542723449729715;113;0;45;0;0;0;12293.0;02;1;1;Nebenstrecke;H702;47;Moderat (0° bis 19,99° C);Abend;Nebel;Alabama;Winter;Kollision;Switches, Use of;Human Factors;Güterzug, Güterzug;118313.93137031118;Nicht Signifikant;False
34;000009644;2004;12;15;12300.0;12300.0;0.0;12300.0;2;0;0;0;0;0;0;0;6.0;1;0;24;0;0;3;918.6913206338722;04;7;1;Industriestrecke;H306;28;Kalt (-30° - 0,01° C);Abend;Klar;South Carolina;Herbst;Kollision;General Switching Rules;Human Factors;Depot/Rangieren, Güterzug;9190.764402600313;Nicht Signifikant;False
35;000009919;2004;9;22;14000.0;14000.0;0.0;14000.0;2;0;0;0;0;0;0;0;5.0;20;0;25;0;0;0;3106.088693042551;04;7;1;Depot;H307;71;Warm (20° bis 31,99° C);Abend;Klar;Georgia;Sommer;Kollision;General Switching Rules;Human Factors;Depot/Rangieren, Depot/Rangieren;11433.238056349532;Nicht Signifikant;False
36;000010046;2005;2;1;183926.0;183926.0;1000.0;182926.0;4;0;0;0;0;0;0;0;23.86138636621728;102;3;13;0;0;1;12395.0;03;1;4;Hauptstrecke;H605;15;Kalt (-30° - 0,01° C);Tag;Nebel;Ohio;Winter;Kollision;Speed;Human Factors;Güterzug, Güterzug;141188.30122054197;Nicht Signifikant;False
37;000010343;2005;2;17;70882.0;70882.0;100.0;70782.0;3;0;0;0;0;0;0;0;5.5;46;0;40;0;0;0;5885.345033087759;04;7;1;Depot;H307;55;Moderat (0° bis 19,99° C);Abend;Klar;South Carolina;Winter;Kollision;General Switching Rules;Human Factors;Depot/Rangieren, Güterzug;54353.193773483625;Nicht Signifikant;False
38;000010375;2005;2;19;14540.0;14540.0;0.0;14540.0;3;0;0;0;0;0;0;0;2.5;19;0;14;0;0;0;2657.42075619242;04;7;1;Depot;H607;27;Kalt (-30° - 0,01° C);Abenddämmerung;Klar;Illinois;Winter;Kollision;Speed;Human Factors;Depot/Rangieren, Lokomotive;11146.602611606571;Nicht Signifikant;False
39;000010401;2005;2;21;14883.0;14883.0;500.0;14383.0;3;1;0;0;0;0;0;0;8.0;115;1;57;0;0;2;10346.696813285722;04;7;1;Depot;H401;70;Warm (20° bis 31,99° C);Tag;Wolkig;Georgia;Winter;Kollision;Main Track Authority;Human Factors;Depot/Rangieren, Güterzug;11400.229797012638;Nicht Signifikant;False
40;000010728;2005;3;6;27261.0;27261.0;400.0;26861.0;2;0;0;0;0;0;0;0;7.935695149221832;63;0;74;0;0;0;9489.532048139097;04;7;1;Depot;H301;60;Moderat (0° bis 19,99° C);Tag;Klar;North Carolina;Winter;Kollision;General Switching Rules;Human Factors;Depot/Rangieren, Depot/Rangieren;20699.840542661164;Nicht Signifikant;False
41;000010783;2005;3;7;65510.0;65510.0;100.0;65410.0;1;0;0;0;0;0;0;0;3.9695148966486475;23;0;83;0;0;0;5248.14273245899;04;7;1;Depot;H018;42;Moderat (0° bis 19,99° C);Tag;Klar;New York;Winter;Kollision;Brakes, Use of;Human Factors;Depot/Rangieren, EinzelneWagen, EinzelneWagen;49640.069712813514;Nicht Signifikant;False
42;000010881;2005;3;10;38533.0;38533.0;0.0;38533.0;2;0;0;0;0;0;0;0;5.944983747097401;0;0;1;0;0;0;100.22635739365951;04;5;1;Depot;H307;16;Kalt (-30° - 0,01° C);Abend;Klar;New York;Winter;Kollision;General Switching Rules;Human Factors;EinzelneWagen, Lokomotive;28736.669401148483;Nicht Signifikant;False
43;000010882;2005;3;10;13874.0;13874.0;1200.0;12674.0;8;3;0;1;0;0;0;0;8.931050850284048;0;0;0;0;0;0;69.7799471826711;04;8;1;Depot;H307;32;Moderat (0° bis 19,99° C);Abend;Klar;Indiana;Winter;Kollision;General Switching Rules;Human Factors;Lokomotive, Lokomotive;10346.782012081438;Signifikant;False
44;000010883;2005;3;11;17078.0;17078.0;0.0;17078.0;2;0;0;0;0;0;0;0;2.5;46;2;2;0;0;0;5402.732377946165;04;7;1;Depot;H306;40;Moderat (0° bis 19,99° C);Abend;Klar;Georgia;Winter;Kollision;General Switching Rules;Human Factors;Depot/Rangieren, Depot/Rangieren;12729.576624925463;Nicht Signifikant;False
45;000010909;2005;3;11;6837.0;6837.0;1000.0;5837.0;1;0;0;0;0;0;0;0;4.0;13;0;17;0;0;0;2066.2154396498345;05;7;1;Depot;M105;50;Moderat (0° bis 19,99° C);Tag;Wolkig;North Carolina;Winter;Kollision;Environmental Conditions;Environmental Conditions;Depot/Rangieren, EinzelneWagen;5096.153846153847;Nicht Signifikant;False
46;000010945;2005;3;8;14721.0;14721.0;0.0;14721.0;3;0;0;0;0;0;0;0;1.9635609428485408;0;0;1;0;0;0;100.22635739365951;05;5;1;Depot;H307;25;Kalt (-30° - 0,01° C);Morgendämmerung;Klar;Indiana;Winter;Kollision;General Switching Rules;Human Factors;EinzelneWagen, Lokomotive;11113.543711309074;Nicht Signifikant;False
47;000011045;2005;3;17;137171.0;137171.0;5000.0;132171.0;4;2;0;0;0;0;0;0;3.0;66;1;42;0;0;2;8879.088305211872;04;7;1;Depot;H306;40;Moderat (0° bis 19,99° C);Abend;Regen;South Carolina;Winter;Kollision;General Switching Rules;Human Factors;Depot/Rangieren, Depot/Rangieren;102534.75855882792;Nicht Signifikant;False
48;000011195;2005;3;24;35211.0;35211.0;500.0;34711.0;2;0;0;0;0;0;0;0;4.949628046035187;55;2;48;0;0;2;7830.044137653772;04;7;1;Depot;H018;51;Moderat (0° bis 19,99° C);Abend;Wolkig;North Carolina;Frühling;Kollision;Brakes, Use of;Human Factors;Depot/Rangieren, EinzelneWagen;27122.939454629486;Nicht Signifikant;False
49;000011305;2005;3;29;15158.0;15158.0;100.0;15058.0;2;0;0;0;0;0;0;0;4.0;31;0;22;0;0;3;4270.521236089649;04;7;1;Depot;H706;60;Moderat (0° bis 19,99° C);Tag;Klar;North Carolina;Frühling;Kollision;Switches, Use of;Human Factors;Depot/Rangieren, Depot/Rangieren;11726.752282221878;Nicht Signifikant;False
50;000011401;2005;4;2;41452.0;41452.0;4000.0;37452.0;5;0;0;1;0;0;0;0;7.5;38;3;67;0;0;8;5270.0;01;7;1;Depot;H704;45;Moderat (0° bis 19,99° C);Abend;Regen;Tennessee;Frühling;Entgleisung;Switches, Use of;Human Factors;Depot/Rangieren, Güterzug;32049.689440993785;Signifikant;False
51;000011598;2005;4;11;43680.0;43680.0;15000.0;28680.0;2;1;0;0;0;0;0;0;6.5;0;0;9;0;0;0;343.79763908156684;01;6;1;Depot;H995;60;Moderat (0° bis 19,99° C);Morgendämmerung;Klar;Ohio;Frühling;Entgleisung;Miscellaneous;Human Factors;EinzelneWagen, Lokomotive;33675.12142471668;Nicht Signifikant;False
52;000011863;2005;4;18;24972.0;24972.0;800.0;24172.0;4;1;0;1;0;0;0;0;3.5;9;2;3;0;0;0;1935.4048226498526;04;7;1;Depot;H306;75;Warm (20° bis 31,99° C);Tag;Klar;Florida;Frühling;Kollision;General Switching Rules;Human Factors;Depot/Rangieren, Güterzug;19258.116757923963;Signifikant;False
53;000011867;2005;4;21;220801.0;220801.0;42000.0;178801.0;4;1;0;0;0;0;0;0;5.5;83;6;166;0;0;7;15832.0;04;7;1;Depot;H104;55;Moderat (0° bis 19,99° C);Abend;Klar;Georgia;Frühling;Kollision;Employee Physical Condition;Human Factors;Depot/Rangieren, Güterzug;169092.5103384898;Signifikant;False
54;000011937;2005;4;25;170504.0;170504.0;52000.0;118504.0;4;1;0;0;0;0;0;0;7.935695149221832;77;5;21;0;0;0;8865.889973591336;04;1;1;Depot;H506;38;Moderat (0° bis 19,99° C);Morgendämmerung;Klar;Tennessee;Frühling;Kollision;Train Handling/Train Makeup;Human Factors;Güterzug, Lokomotive;131500.84837266698;Nicht Signifikant;False
55;000012313;2005;5;10;31179.0;31179.0;1600.0;29579.0;2;0;0;0;0;0;0;0;5.944983747097401;71;3;6;0;0;1;8389.5427076388;04;7;1;Depot;H399;75;Warm (20° bis 31,99° C);Tag;Klar;Ohio;Frühling;Kollision;General Switching Rules;Human Factors;Depot/Rangieren, EinzelneWagen;24256.26264197915;Nicht Signifikant;False
56;000012342;2005;5;12;10958.0;10958.0;100.0;10858.0;2;0;0;0;0;0;0;0;6.940339448159618;30;1;0;0;0;0;3502.111724058239;04;6;1;Industriestrecke;H307;61;Moderat (0° bis 19,99° C);Abend;Regen;Ohio;Frühling;Kollision;General Switching Rules;Human Factors;EinzelneWagen, Lokomotive;8580.37741758672;Nicht Signifikant;False
57;000012408;2005;5;15;113944.0;113944.0;4000.0;109944.0;3;0;0;0;0;0;0;0;4.949628046035187;11;1;2;0;0;2;552.8899735913355;01;1;1;Depot;H704;59;Moderat (0° bis 19,99° C);Tag;Klar;Massachusetts;Frühling;Entgleisung;Switches, Use of;Human Factors;Güterzug, Lokomotive;90271.74056566403;Nicht Signifikant;False
58;000012453;2005;5;17;34870.0;34870.0;2000.0;32870.0;1;0;0;0;0;0;0;0;4.5;36;3;27;0;0;3;5050.367532784325;04;7;1;Depot;H702;70;Warm (20° bis 31,99° C);Abenddämmerung;Wolkig;Georgia;Frühling;Kollision;Switches, Use of;Human Factors;Depot/Rangieren, EinzelneWagen;27595.758151313705;Nicht Signifikant;False
59;000012673;2005;5;27;25414.0;25414.0;500.0;24914.0;0;0;0;0;0;0;0;0;4.0;3;2;1;0;0;1;482.196747596469;04;5;1;Depot;H995;72;Warm (20° bis 31,99° C);Abend;Klar;Georgia;Frühling;Kollision;Miscellaneous;Human Factors;EinzelneWagen, EinzelneWagen;20248.585770058162;Nicht Signifikant;False
60;000012687;2005;5;30;12591.0;12591.0;250.0;12341.0;3;0;0;0;0;0;0;0;4.949628046035187;35;0;2;0;0;0;4112.182626128694;04;7;1;Depot;H306;75;Warm (20° bis 31,99° C);Abend;Klar;Florida;Frühling;Kollision;General Switching Rules;Human Factors;Depot/Rangieren, Depot/Rangieren;10095.413726747915;Nicht Signifikant;False
61;000012692;2005;5;30;379201.0;379201.0;55000.0;324201.0;2;0;0;0;0;0;0;0;5.926644996129869;50;13;51;0;0;3;7604.665704827137;04;7;1;Depot;S102;65;Moderat (0° bis 19,99° C);Tag;Klar;Maryland;Frühling;Kollision;other software/programming deficiencies, etc.);Signal and Communication;Depot/Rangieren, EinzelneWagen, EinzelneWagen;304041.8537524054;Signifikant;False
62;000012977;2005;6;13;15452.0;15452.0;750.0;14702.0;4;0;0;0;0;0;0;0;7.5;100;3;149;0;0;2;17470.0;01;1;1;Depot;T207;76;Warm (20° bis 31,99° C);Abend;Klar;West Virginia;Frühling;Entgleisung;Rail, Joint Bar and Rail Anchoring;Track, Roadbed and Structures;Güterzug, Güterzug;12810.479190847289;Nicht Signifikant;False
63;000013235;2005;5;27;8650.0;8650.0;0.0;8650.0;1;0;0;0;0;0;0;0;9.926406551346263;6;0;0;0;0;0;752.324494358222;04;7;1;Depot;H020;88;Warm (20° bis 31,99° C);Abend;Klar;Florida;Frühling;Kollision;Brakes, Use of;Human Factors;Depot/Rangieren, EinzelneWagen;6891.881125009959;Nicht Signifikant;False
64;000013244;2005;6;23;31427.0;31427.0;500.0;30927.0;2;0;0;0;0;0;0;0;4.0;44;1;38;0;0;4;6257.599393963045;04;7;1;Depot;H607;79;Warm (20° bis 31,99° C);Abend;Klar;Georgia;Sommer;Kollision;Speed;Human Factors;Depot/Rangieren, Depot/Rangieren;26045.914138902703;Nicht Signifikant;False
65;000013261;2005;6;7;33536.0;33536.0;3500.0;30036.0;6;1;0;0;0;0;0;0;27.84280917046614;28;0;86;0;0;0;6440.889973591336;07;1;4;Hauptstrecke;M304;65;Moderat (0° bis 19,99° C);Abend;Klar;Ohio;Frühling;Bahnübergang;Loading Procedures;Loading;Güterzug, Lokomotive;27298.3312983313;Nicht Signifikant;False
66;000013280;2005;6;21;24164.0;24164.0;100.0;24064.0;0;0;0;0;0;0;0;0;4.0;7;0;0;0;0;0;866.0819188874805;04;6;1;Depot;H318;81;Warm (20° bis 31,99° C);Abenddämmerung;Klar;Georgia;Sommer;Kollision;General Switching Rules;Human Factors;EinzelneWagen, EinzelneWagen;19983.46013893483;Nicht Signifikant;False
67;000013290;2005;6;24;114045.0;114045.0;3800.0;110245.0;2;0;0;0;0;0;0;0;3.9542723449729715;89;7;12;0;0;0;10696.81093980323;01;7;1;Depot;T220;65;Moderat (0° bis 19,99° C);Morgendämmerung;Klar;Indiana;Sommer;Entgleisung;Rail, Joint Bar and Rail Anchoring;Track, Roadbed and Structures;Depot/Rangieren, EinzelneWagen;94392.48468796557;Nicht Signifikant;False
68;000013334;2005;6;23;8000.0;8000.0;0.0;8000.0;2;0;0;0;0;0;0;0;4.949628046035187;31;0;0;0;0;0;3284.8899735913355;04;1;1;Depot;H607;71;Warm (20° bis 31,99° C);Tag;Klar;New York;Sommer;Kollision;Speed;Human Factors;Güterzug, Lokomotive;6630.200563567048;Nicht Signifikant;False
69;000013385;2005;6;23;7466.0;7466.0;0.0;7466.0;2;1;0;0;0;0;0;0;2.958916643910756;1;1;0;0;0;0;558.2564391184076;04;5;1;Depot;H307;84;Warm (20° bis 31,99° C);Abend;Klar;Alabama;Sommer;Kollision;General Switching Rules;Human Factors;EinzelneWagen, Lokomotive;6187.634675948948;Nicht Signifikant;False
70;000013543;2005;7;6;33221.0;33221.0;6000.0;27221.0;2;0;0;0;0;0;0;0;3.5;34;1;71;0;0;2;6121.796616394265;04;7;1;Depot;H020;88;Warm (20° bis 31,99° C);Tag;Klar;Tennessee;Sommer;Kollision;Brakes, Use of;Human Factors;Depot/Rangieren, EinzelneWagen;27886.34265088559;Nicht Signifikant;False
71;000013676;2005;7;14;54644.0;54644.0;4000.0;50644.0;3;0;0;0;0;0;0;0;5.0;30;1;7;0;0;5;3722.6367686321923;04;7;1;Depot;H702;71;Warm (20° bis 31,99° C);Abend;Regen;Indiana;Sommer;Kollision;Switches, Use of;Human Factors;Depot/Rangieren, Depot/Rangieren;45283.83193834424;Nicht Signifikant;False
72;000013830;2005;7;20;12000.0;12000.0;0.0;12000.0;3;1;0;1;0;0;0;0;3.5;4;0;0;0;0;0;1334.8899735913355;04;1;1;Industriestrecke;M501;89;Warm (20° bis 31,99° C);Tag;Klar;Alabama;Sommer;Kollision;Other Miscellaneous;Miscellaneous Causes;Güterzug, Lokomotive;9947.774185525988;Signifikant;False
73;000013859;2005;7;22;21306.0;21306.0;500.0;20806.0;3;1;0;0;0;0;0;0;5.0;36;0;74;0;0;2;6421.041655087933;04;7;1;Depot;H104;78;Warm (20° bis 31,99° C);Tag;Klar;Louisiana;Sommer;Kollision;Employee Physical Condition;Human Factors;Depot/Rangieren, Lokomotive;17545.91122457383;Nicht Signifikant;False