index;INCDTNO;YEAR4;MONTH;DAY;ACCDMG;INFRASTRUCTURE_DMG;TRKDMG;EQPDMG;LOCOMOTIVES1;LOCOMOTIVES2;RREMPKLD;RREMPINJ;PASSKLD;PASSINJ;OTHERKLD;OTHERINJ;SPEED;LOADF1;LOADF2;EMPTYF1;EMPTYP1;LOADP1;EMPTYF2;TONS;TYPE;TYPEQ;TRKCLAS;TYPTRK;ACCAUSE;TEMP;TEMP_CLUSTER;VISIBLTY;WEATHER;STATE;Jahreszeit;ACCIDENT_TYPE;ACCCAUSE_LVL1;ACCCAUSE_LVL2;EQUIPMENT_TYPE;ACCDMG_EUR;ACCTYPE;SPD_TOO_HIGH
147;000024601;2006;8;4;46575.0;46575.0;7550.0;39025.0;4;0;0;2;0;0;0;0;3.9542723449729715;94;0;70;0;0;4;14330.0;02;1;4;Hauptstrecke;H605;80;Warm (20° bis 31,99° C);Morgendämmerung;Wolkig;Georgia;Sommer;Kollision;Speed;Human Factors;Güterzug, Güterzug;36409.4746716698;Signifikant;False
148;000024738;2006;8;10;15500.0;15500.0;0.0;15500.0;4;0;0;0;0;0;0;0;8.931050850284048;0;0;0;0;0;0;69.7799471826711;04;8;1;Depot;H307;98;Heiß (>= 32° C);Tag;Klar;Alabama;Sommer;Kollision;General Switching Rules;Human Factors;Lokomotive, Lokomotive;12055.689507661196;Nicht Signifikant;False
149;000024826;2006;8;15;42648.0;42648.0;1000.0;41648.0;2;0;0;0;0;0;0;0;4.0;89;2;7;0;0;4;9407.42024154109;04;7;1;Depot;H318;80;Warm (20° bis 31,99° C);Tag;Klar;Georgia;Sommer;Kollision;General Switching Rules;Human Factors;Depot/Rangieren, Güterzug;33515.12770137525;Nicht Signifikant;False
150;000025052;2006;8;22;8000.0;8000.0;0.0;8000.0;0;0;0;1;0;0;0;0;9.926406551346263;0;0;2;0;0;2;133.63283684346172;09;A;1;Hauptstrecke;T499;85;Warm (20° bis 31,99° C);Tag;Klar;West Virginia;Sommer;Kollision;Other Way and Structure;Track, Roadbed and Structures;Wartungszug, Wartungszug;6244.1461130190455;Signifikant;False
151;000025233;2006;8;31;16479.0;16479.0;0.0;16479.0;3;0;0;0;0;0;0;0;14.903185056657339;3;0;1;0;0;0;412.40482264985246;04;6;1;Depot;H018;76;Warm (20° bis 31,99° C);Abend;Klar;Alabama;Sommer;Kollision;Brakes, Use of;Human Factors;EinzelneWagen, Güterzug;12823.12660493347;Nicht Signifikant;True
152;000025278;2006;9;2;13180.0;13180.0;0.0;13180.0;1;0;0;0;0;0;0;0;4.5;3;0;13;0;0;1;808.3355881327028;04;7;1;Depot;M408;90;Heiß (>= 32° C);Tag;Klar;Georgia;Sommer;Kollision;Unusual Operational Situations;Miscellaneous Causes;Depot/Rangieren, EinzelneWagen;10273.865821337627;Nicht Signifikant;False
153;000025378;2006;9;8;48229.0;48229.0;500.0;47729.0;0;0;0;0;0;0;0;0;4.949628046035187;5;0;1;0;0;1;670.4935146593588;01;6;1;Depot;S016;70;Warm (20° bis 31,99° C);Abend;Klar;Alabama;Sommer;Entgleisung;SIGNAL AND COMMUNICATION;Signal and Communication;EinzelneWagen, EinzelneWagen;37936.75764964996;Nicht Signifikant;False
154;000025572;2006;9;15;23427.0;23427.0;500.0;22927.0;5;0;0;0;0;0;0;0;6.940339448159618;15;0;28;0;0;4;2634.560939506852;05;7;1;Depot;H306;60;Moderat (0° bis 19,99° C);Abend;Klar;Alabama;Sommer;Kollision;General Switching Rules;Human Factors;Depot/Rangieren, EinzelneWagen;18482.84023668639;Nicht Signifikant;False
155;000025663;2006;9;19;169310.0;169310.0;200.0;169110.0;6;1;0;0;0;0;0;0;6.940339448159618;84;1;80;0;0;0;8406.180634224293;04;7;1;Depot;H702;72;Warm (20° bis 31,99° C);Tag;Klar;Kentucky;Sommer;Kollision;Switches, Use of;Human Factors;Depot/Rangieren, Güterzug;133799.58906274696;Nicht Signifikant;False
156;000025804;2006;10;17;9261.0;9261.0;0.0;9261.0;7;0;0;0;0;0;0;0;19.879963561968417;26;0;135;0;0;0;6650.0;05;1;2;Hauptstrecke;E13C;45;Moderat (0° bis 19,99° C);Morgendämmerung;Wolkig;Illinois;Herbst;Kollision;Trailer or Container on Flatcar;Mechanical and Electrical Failures;Güterzug, Güterzug;7394.602363462153;Nicht Signifikant;False
157;000025847;2006;9;27;15136.0;15136.0;0.0;15136.0;2;0;0;0;0;0;0;0;3.9542723449729715;57;0;43;0;0;0;8752.336383802323;04;5;1;Industriestrecke;H018;90;Heiß (>= 32° C);Tag;Klar;Florida;Herbst;Kollision;Brakes, Use of;Human Factors;EinzelneWagen, Güterzug;11933.144118574583;Nicht Signifikant;False
158;000025918;2006;10;1;16050.0;16050.0;150.0;15900.0;2;0;0;0;0;0;0;0;7.0;9;0;10;0;0;0;1398.0608700558814;04;7;1;Depot;H020;60;Moderat (0° bis 19,99° C);Tag;Klar;New York;Herbst;Kollision;Brakes, Use of;Human Factors;Depot/Rangieren, EinzelneWagen;12661.057060215619;Nicht Signifikant;False
159;000025928;2006;10;1;27533.0;27533.0;250.0;27283.0;2;0;0;0;0;0;0;0;3.9542723449729715;13;1;22;0;0;0;2238.0565317025903;04;7;1;Depot;H307;80;Warm (20° bis 31,99° C);Tag;Klar;Tennessee;Herbst;Kollision;General Switching Rules;Human Factors;Depot/Rangieren, Lokomotive;21719.43202734683;Nicht Signifikant;False
160;000025942;2006;10;2;103466.0;103466.0;100.0;103366.0;4;0;0;0;0;0;0;0;6.5;78;0;47;0;0;0;10712.889973591336;04;1;1;Depot;H607;78;Warm (20° bis 31,99° C);Abend;Klar;Florida;Herbst;Kollision;Speed;Human Factors;Güterzug, Lokomotive;81565.62869530942;Nicht Signifikant;False
161;000026047;2006;10;6;33563.0;33563.0;500.0;33063.0;1;0;0;0;0;0;0;0;6.5;23;0;6;0;0;0;2868.8791726215463;04;7;1;Depot;M408;60;Moderat (0° bis 19,99° C);Tag;Regen;North Carolina;Herbst;Kollision;Unusual Operational Situations;Miscellaneous Causes;Depot/Rangieren, EinzelneWagen;26502.684775742262;Nicht Signifikant;False
162;000026284;2006;10;17;25920.0;25920.0;0.0;25920.0;2;0;0;0;0;0;0;0;6.0;61;0;53;0;0;3;8627.082688508044;05;7;1;Depot;H307;51;Moderat (0° bis 19,99° C);Abenddämmerung;Regen;New York;Herbst;Kollision;General Switching Rules;Human Factors;Depot/Rangieren, Depot/Rangieren;20696.263174704567;Nicht Signifikant;False
163;000026377;2006;10;20;19173.0;19173.0;2000.0;17173.0;1;0;0;0;0;0;0;0;3.9542723449729715;126;8;144;0;0;18;18971.011459383404;01;7;1;Depot;H309;76;Warm (20° bis 31,99° C);Abend;Klar;Georgia;Herbst;Entgleisung;General Switching Rules;Human Factors;Depot/Rangieren, EinzelneWagen;15194.959581550165;Nicht Signifikant;False
164;000026390;2006;10;19;34570.0;34570.0;1000.0;33570.0;0;0;0;0;0;0;0;0;4.949628046035187;10;1;0;0;0;0;1226.9632334730693;01;5;1;Industriestrecke;H018;58;Moderat (0° bis 19,99° C);Tag;Wolkig;Ohio;Herbst;Entgleisung;Brakes, Use of;Human Factors;EinzelneWagen, EinzelneWagen;27521.69413263275;Nicht Signifikant;False
165;000026422;2006;10;24;30000.0;30000.0;0.0;30000.0;4;1;0;4;0;0;0;0;12.0;0;0;0;0;0;0;69.7799471826711;02;8;4;Hauptstrecke;H499;35;Moderat (0° bis 19,99° C);Abend;Klar;Kentucky;Herbst;Kollision;Main Track Authority;Human Factors;Lokomotive, Lokomotive;23921.537357467507;Signifikant;False
166;000026438;2006;10;25;11472.0;11472.0;0.0;11472.0;7;0;0;0;0;0;0;0;2.0;51;0;62;0;0;0;8271.889973591336;05;1;1;Depot;H307;34;Moderat (0° bis 19,99° C);Abend;Klar;Ohio;Herbst;Kollision;General Switching Rules;Human Factors;Güterzug, Lokomotive;9119.236883942765;Nicht Signifikant;False
167;000026463;2006;10;24;150720.0;150720.0;1500.0;149220.0;5;0;0;0;0;0;0;0;6.0;41;2;23;0;0;2;5476.279938969443;04;7;1;Depot;H306;50;Moderat (0° bis 19,99° C);Tag;Klar;Kentucky;Herbst;Kollision;General Switching Rules;Human Factors;Depot/Rangieren, Depot/Rangieren;120181.80368391675;Nicht Signifikant;False
168;000027246;2006;11;30;489138.0;489138.0;175000.0;314138.0;6;0;0;0;0;0;0;3;29.5;129;15;25;0;0;3;18622.0;01;1;4;Hauptstrecke;M409;60;Moderat (0° bis 19,99° C);Tag;Regen;Ohio;Herbst;Entgleisung;Unusual Operational Situations;Miscellaneous Causes;Güterzug, Güterzug;370559.0909090909;Signifikant;False
169;000027391;2006;12;4;12000.0;12000.0;0.0;12000.0;3;0;0;0;0;0;0;0;15.898540757719555;2;0;68;0;0;0;3815.8899735913355;02;1;3;Hauptstrecke;H605;20;Kalt (-30° - 0,01° C);Abend;Klar;Tennessee;Herbst;Kollision;Speed;Human Factors;Güterzug, Lokomotive;9016.455030430536;Nicht Signifikant;False
170;000027452;2006;12;7;17050.0;17050.0;100.0;16950.0;2;0;0;0;0;0;0;0;4.949628046035187;66;0;31;0;0;0;8521.608682654372;04;7;1;Depot;S014;40;Moderat (0° bis 19,99° C);Abend;Klar;New York;Herbst;Kollision;SIGNAL AND COMMUNICATION;Signal and Communication;Depot/Rangieren, Depot/Rangieren;12822.44115213958;Nicht Signifikant;False
171;000027459;2006;12;8;96922.0;96922.0;300.0;96622.0;4;0;0;0;0;0;0;0;5.0;100;0;152;0;0;1;13182.023402843926;04;7;1;Depot;H702;38;Moderat (0° bis 19,99° C);Tag;Klar;North Carolina;Herbst;Kollision;Switches, Use of;Human Factors;Depot/Rangieren, Güterzug;73005.4233202772;Nicht Signifikant;False
172;000027583;2006;12;14;10516.0;10516.0;300.0;10216.0;1;0;0;0;0;0;0;0;3.0;6;1;1;0;0;1;803.8599801864308;04;7;1;Depot;T305;42;Moderat (0° bis 19,99° C);Tag;Klar;New York;Herbst;Kollision;Frogs, Switches and Track Appliances;Track, Roadbed and Structures;Depot/Rangieren, EinzelneWagen;7971.497877501516;Nicht Signifikant;False
173;000027672;2006;12;19;12250.0;12250.0;250.0;12000.0;1;0;0;0;0;0;0;0;5.5;11;0;17;0;0;1;1840.1806252107242;01;7;1;Depot;S007;42;Moderat (0° bis 19,99° C);Abend;Klar;Kentucky;Herbst;Entgleisung;SIGNAL AND COMMUNICATION;Signal and Communication;Depot/Rangieren, EinzelneWagen;9309.925520595834;Nicht Signifikant;False
174;000027746;2006;12;20;13700.0;13700.0;100.0;13600.0;2;0;0;0;0;0;0;0;2.958916643910756;93;7;0;0;0;0;9348.647398120595;01;5;1;Industriestrecke;T111;40;Moderat (0° bis 19,99° C);Abend;Klar;Virginia;Herbst;Entgleisung;Track Geometry;Track, Roadbed and Structures;EinzelneWagen, Güterzug;10376.429599333485;Nicht Signifikant;False
175;000027861;2006;12;28;51794.0;51794.0;0.0;51794.0;2;0;0;0;0;0;0;0;4.5;102;0;94;0;0;0;15067.47698053801;04;6;1;Depot;H018;65;Moderat (0° bis 19,99° C);Tag;Klar;Georgia;Winter;Kollision;Brakes, Use of;Human Factors;EinzelneWagen, Güterzug;39318.302588628256;Nicht Signifikant;False
176;000027886;2006;12;30;12240.0;12240.0;4000.0;8240.0;2;2;0;0;0;0;0;0;3.9542723449729715;12;0;8;0;0;0;1678.44032322168;04;7;1;Depot;H306;60;Moderat (0° bis 19,99° C);Tag;Klar;Georgia;Winter;Kollision;General Switching Rules;Human Factors;Depot/Rangieren, Lokomotive;9276.241000378932;Nicht Signifikant;False
177;000027887;2006;12;30;9950.0;9950.0;250.0;9700.0;2;1;0;0;0;0;0;0;5.5;41;0;10;0;0;0;5038.298454992153;04;7;1;Depot;H607;60;Moderat (0° bis 19,99° C);Tag;Klar;North Carolina;Winter;Kollision;Speed;Human Factors;Depot/Rangieren, Depot/Rangieren;7540.735126942024;Nicht Signifikant;False
178;000028009;2007;1;4;29871.0;29871.0;0.0;29871.0;0;0;0;0;0;0;0;0;11.917117953470694;1;0;1;0;0;0;213.98378192291796;04;5;1;Depot;H316;34;Moderat (0° bis 19,99° C);Abend;Klar;New York;Winter;Kollision;General Switching Rules;Human Factors;EinzelneWagen, EinzelneWagen;22791.85106058294;Nicht Signifikant;True
179;000028013;2007;1;5;15072.0;15072.0;0.0;15072.0;10;1;0;0;0;0;0;0;4.0;0;0;0;0;0;0;69.7799471826711;04;8;1;Depot;H995;60;Moderat (0° bis 19,99° C);Abend;Wolkig;Georgia;Winter;Kollision;Miscellaneous;Human Factors;Lokomotive, Lokomotive;11519.4130235402;Nicht Signifikant;False
180;000028015;2007;1;6;19250.0;19250.0;100.0;19150.0;1;0;0;0;0;0;0;0;4.949628046035187;0;0;50;0;0;2;2301.4789471781387;01;6;1;Depot;T221;65;Moderat (0° bis 19,99° C);Abend;Wolkig;Florida;Winter;Entgleisung;Rail, Joint Bar and Rail Anchoring;Track, Roadbed and Structures;EinzelneWagen, Güterzug;14741.92066166335;Nicht Signifikant;False
181;000028185;2007;1;13;15941.0;15941.0;500.0;15441.0;2;2;0;0;0;0;0;0;5.0;20;0;13;0;0;0;2740.73177051069;04;7;1;Depot;H399;60;Moderat (0° bis 19,99° C);Abend;Klar;Georgia;Winter;Kollision;General Switching Rules;Human Factors;Depot/Rangieren, Lokomotive;12348.748934851654;Nicht Signifikant;False
182;000028213;2007;1;15;2590030.0;2590030.0;8400.0;2581630.0;2;0;0;0;0;0;0;0;24.856742067279495;4;1;0;0;0;0;544.4186862975185;02;6;3;Hauptstrecke;H020;60;Moderat (0° bis 19,99° C);Tag;Regen;Kentucky;Winter;Kollision;Brakes, Use of;Human Factors;EinzelneWagen, Lokomotive;2001414.1101924116;Schwer;False
183;000029419;2007;2;28;17765.0;17765.0;1000.0;16765.0;3;0;0;0;0;0;0;0;5.5;20;0;79;0;0;11;4027.627437763308;04;7;1;Depot;H399;45;Moderat (0° bis 19,99° C);Abend;Klar;North Carolina;Winter;Kollision;General Switching Rules;Human Factors;Depot/Rangieren, Güterzug;13447.12739383847;Nicht Signifikant;False
184;000029480;2007;3;3;22150.0;22150.0;150.0;22000.0;0;0;0;0;0;0;0;0;3.9542723449729715;1;0;1;0;0;0;213.98378192291796;04;5;1;Depot;S007;65;Moderat (0° bis 19,99° C);Tag;Klar;Georgia;Winter;Kollision;SIGNAL AND COMMUNICATION;Signal and Communication;EinzelneWagen, EinzelneWagen;16861.63059199675;Nicht Signifikant;False
185;000029606;2007;3;10;9049.0;9049.0;100.0;8949.0;2;0;0;0;0;0;0;0;3.5;8;1;7;0;0;0;316.25643911840757;01;5;1;Industriestrecke;H018;40;Moderat (0° bis 19,99° C);Abend;Klar;Maryland;Winter;Entgleisung;Brakes, Use of;Human Factors;EinzelneWagen, Güterzug;6878.579030051183;Nicht Signifikant;False
186;000030157;2007;4;3;48977.0;48977.0;300.0;48677.0;4;0;0;0;0;0;0;0;8.0;32;2;0;0;0;0;3234.8899735913355;04;1;1;Depot;H306;56;Moderat (0° bis 19,99° C);Tag;Klar;New York;Frühling;Kollision;General Switching Rules;Human Factors;Güterzug, Lokomotive;36664.919898188346;Nicht Signifikant;False
187;000030254;2007;4;8;11225.0;11225.0;0.0;11225.0;2;0;0;0;0;0;0;0;9.926406551346263;75;0;89;0;0;5;11269.14322349671;04;6;1;Industriestrecke;H307;32;Moderat (0° bis 19,99° C);Abend;Klar;Georgia;Frühling;Kollision;General Switching Rules;Human Factors;EinzelneWagen, Güterzug;8373.86607782287;Nicht Signifikant;False
188;000030317;2007;4;13;74408.0;74408.0;500.0;73908.0;2;1;0;1;0;0;0;0;5.0;55;1;19;0;0;2;6927.489200537293;04;7;1;Depot;H607;34;Moderat (0° bis 19,99° C);Abend;Wolkig;Illinois;Frühling;Kollision;Speed;Human Factors;Depot/Rangieren, Depot/Rangieren;54986.69819686669;Signifikant;False
189;000031114;2007;5;10;11700.0;11700.0;1500.0;10200.0;4;3;0;0;0;0;0;0;7.0;8;0;54;0;0;1;2877.8899735913355;04;1;1;Depot;H306;65;Moderat (0° bis 19,99° C);Abend;Klar;New York;Frühling;Kollision;General Switching Rules;Human Factors;Güterzug, Lokomotive;8649.367930805056;Nicht Signifikant;False
190;000031165;2007;5;6;22000.0;22000.0;0.0;22000.0;3;0;0;0;0;0;0;0;7.5;12;0;10;0;0;0;1734.8899735913355;02;1;1;Industriestrecke;H607;90;Heiß (>= 32° C);Tag;Klar;Florida;Frühling;Kollision;Speed;Human Factors;Güterzug, Lokomotive;16180.039714642935;Nicht Signifikant;False
191;000031311;2007;5;14;27286.0;27286.0;300.0;26986.0;3;0;0;0;0;0;0;0;3.0;101;2;0;0;0;0;8311.162354232836;04;7;1;Depot;H305;75;Warm (20° bis 31,99° C);Tag;Klar;Kentucky;Frühling;Kollision;General Switching Rules;Human Factors;Depot/Rangieren, Güterzug;20138.755627721603;Nicht Signifikant;False
192;000031636;2007;5;22;128272.0;128272.0;0.0;128272.0;4;0;0;0;0;0;0;0;5.5;82;0;68;0;0;0;11299.801574386522;05;7;1;Depot;H306;67;Moderat (0° bis 19,99° C);Abend;Klar;Georgia;Frühling;Kollision;General Switching Rules;Human Factors;Depot/Rangieren, Güterzug;95341.16247956;Nicht Signifikant;False
193;000031787;2007;5;24;78095.0;78095.0;500.0;77595.0;4;0;0;0;0;0;0;0;16.89389645878177;58;0;86;0;0;4;6539.0;03;1;4;Hauptstrecke;H222;57;Moderat (0° bis 19,99° C);Abend;Klar;Maryland;Frühling;Kollision;Flagging, Fixed, Hand and Radio Signals;Human Factors;Güterzug, Güterzug;58071.83224271267;Nicht Signifikant;False
194;000032079;2007;6;2;35070.0;35070.0;200.0;34870.0;3;0;0;0;0;0;0;0;4.5;53;0;219;0;0;1;12909.552738668062;04;7;1;Depot;H306;70;Warm (20° bis 31,99° C);Tag;Regen;Georgia;Frühling;Kollision;General Switching Rules;Human Factors;Depot/Rangieren, Güterzug;26071.764880804876;Nicht Signifikant;False
195;000032665;2007;6;12;23875.0;23875.0;100.0;23775.0;1;0;0;0;0;0;0;0;4.949628046035187;4;0;83;0;0;3;3489.9196717083696;04;6;1;Industriestrecke;M504;85;Warm (20° bis 31,99° C);Abenddämmerung;Klar;Florida;Frühling;Kollision;Other Miscellaneous;Miscellaneous Causes;EinzelneWagen, Güterzug;17890.595728737353;Nicht Signifikant;False
196;000032728;2007;6;17;15310.0;15310.0;50.0;15260.0;2;0;0;0;0;0;0;0;3.9542723449729715;35;2;0;0;0;0;3733.345533469509;04;6;1;Industriestrecke;H302;90;Heiß (>= 32° C);Abenddämmerung;Klar;Florida;Frühling;Kollision;General Switching Rules;Human Factors;EinzelneWagen, Güterzug;11447.584866158219;Nicht Signifikant;False
197;000032761;2007;5;27;22827.0;22827.0;0.0;22827.0;1;0;0;0;0;0;0;0;1.9635609428485408;3;0;0;0;0;0;411.05222077044647;04;7;1;Depot;H302;70;Warm (20° bis 31,99° C);Tag;Wolkig;New York;Frühling;Kollision;General Switching Rules;Human Factors;Depot/Rangieren, EinzelneWagen;16973.009145661388;Nicht Signifikant;False
198;000033476;2007;7;5;18781.0;18781.0;500.0;18281.0;5;0;0;0;0;0;0;0;4.0;57;1;0;0;0;0;5844.949369825404;04;7;1;Depot;H210;75;Warm (20° bis 31,99° C);Abend;Klar;Ohio;Sommer;Kollision;Flagging, Fixed, Hand and Radio Signals;Human Factors;Depot/Rangieren, Güterzug;13769.061583577712;Nicht Signifikant;False
199;000033573;2007;7;7;18590.0;18590.0;200.0;18390.0;1;1;0;0;0;0;0;0;6.0;6;0;11;0;0;2;1090.1950759179083;04;6;1;Depot;S016;85;Warm (20° bis 31,99° C);Tag;Regen;Alabama;Sommer;Kollision;SIGNAL AND COMMUNICATION;Signal and Communication;EinzelneWagen, Lokomotive;13664.763678239779;Nicht Signifikant;False
200;000033576;2007;7;8;14781.0;14781.0;900.0;13881.0;2;0;0;0;0;0;0;0;7.935695149221832;73;7;0;0;0;0;9592.404822649853;01;6;1;Depot;T220;75;Warm (20° bis 31,99° C);Abend;Wolkig;Georgia;Sommer;Entgleisung;Rail, Joint Bar and Rail Anchoring;Track, Roadbed and Structures;EinzelneWagen, Güterzug;10858.269259023458;Nicht Signifikant;False
201;000033679;2007;7;9;74500.0;74500.0;2500.0;72000.0;1;0;0;0;0;0;0;0;6.0;36;3;6;0;0;3;4410.992918353568;04;7;1;Depot;H018;92;Heiß (>= 32° C);Tag;Klar;Ohio;Sommer;Kollision;Brakes, Use of;Human Factors;Depot/Rangieren, EinzelneWagen;54694.95631745099;Nicht Signifikant;False
202;000033736;2007;7;10;8659.0;8659.0;50.0;8609.0;2;0;0;0;0;0;0;0;6.0;1;1;1;0;0;1;268.25643911840757;04;5;1;Depot;H318;83;Warm (20° bis 31,99° C);Abend;Klar;Florida;Sommer;Kollision;General Switching Rules;Human Factors;EinzelneWagen, Güterzug;6336.162739645836;Nicht Signifikant;False
203;000033982;2007;7;9;11000.0;11000.0;0.0;11000.0;2;0;0;0;0;0;0;0;3.5;15;0;13;0;0;0;2171.9446478643977;05;7;1;Depot;H401;81;Warm (20° bis 31,99° C);Abend;Klar;Georgia;Sommer;Kollision;Main Track Authority;Human Factors;Depot/Rangieren, Depot/Rangieren;8075.7653623082;Nicht Signifikant;False
204;000034120;2007;7;17;13929.0;13929.0;300.0;13629.0;3;0;0;0;0;0;0;0;4.966418697356791;37;0;78;0;0;2;6403.825915685927;04;7;1;Depot;H307;85;Warm (20° bis 31,99° C);Abend;Wolkig;Georgia;Sommer;Kollision;General Switching Rules;Human Factors;Depot/Rangieren, EinzelneWagen, Güterzug;10114.733861012272;Nicht Signifikant;False
205;000034385;2007;7;25;103501.0;103501.0;600.0;102901.0;4;0;0;0;0;0;0;0;6.0;172;0;42;0;0;2;21854.17850573812;04;7;1;Depot;H702;61;Moderat (0° bis 19,99° C);Abend;Klar;Indiana;Sommer;Kollision;Switches, Use of;Human Factors;Depot/Rangieren, Güterzug;75311.79509568507;Nicht Signifikant;False
206;000034387;2007;7;25;23954.0;23954.0;200.0;23754.0;2;0;0;0;0;0;0;0;5.5;54;1;0;0;0;0;6232.289912760441;04;7;1;Depot;H307;65;Moderat (0° bis 19,99° C);Abend;Klar;Kentucky;Sommer;Kollision;General Switching Rules;Human Factors;Depot/Rangieren, Depot/Rangieren;17429.964345484972;Nicht Signifikant;False
207;000034424;2007;7;25;9016.0;9016.0;0.0;9016.0;0;0;0;0;0;0;0;0;14.903185056657339;0;0;2;0;0;0;130.67276760464793;02;A;4;Hauptstrecke;H993;70;Warm (20° bis 31,99° C);Tag;Klar;New York;Sommer;Kollision;Miscellaneous;Human Factors;Wartungszug, Wartungszug;6560.430764752965;Nicht Signifikant;False
208;000034729;2007;8;1;14250.0;14250.0;0.0;14250.0;2;0;0;0;0;0;0;0;6.940339448159618;8;0;12;0;0;0;1345.1962659485998;04;7;1;Industriestrecke;H302;86;Warm (20° bis 31,99° C);Abend;Klar;South Carolina;Sommer;Kollision;General Switching Rules;Human Factors;Depot/Rangieren, EinzelneWagen;10429.627461026128;Nicht Signifikant;False
209;000034734;2007;8;2;9500.0;9500.0;0.0;9500.0;2;0;0;0;0;0;0;0;6.0;24;0;2;0;0;1;2516.8164184217308;04;5;1;Hauptstrecke;H021;78;Warm (20° bis 31,99° C);Abend;Klar;Alabama;Sommer;Kollision;Brakes, Use of;Human Factors;EinzelneWagen, Güterzug;6952.576112412177;Nicht Signifikant;False
210;000034824;2007;8;3;11274.0;11274.0;400.0;10874.0;2;1;0;0;0;0;0;0;6.0;60;0;34;0;0;0;7692.716925442435;04;7;1;Depot;H599;94;Heiß (>= 32° C);Tag;Klar;Indiana;Sommer;Kollision;Train Handling/Train Makeup;Human Factors;Depot/Rangieren, Güterzug;8232.80268730831;Nicht Signifikant;False
211;000034834;2007;8;4;37206.0;37206.0;1000.0;36206.0;7;0;0;0;0;0;0;0;7.5;91;2;58;0;0;1;11735.003339231867;04;7;1;Depot;H702;80;Warm (20° bis 31,99° C);Abend;Klar;North Carolina;Sommer;Kollision;Switches, Use of;Human Factors;Depot/Rangieren, Güterzug;27087.802747172744;Nicht Signifikant;False
212;000034889;2007;8;4;23984.0;23984.0;650.0;23334.0;0;0;0;0;0;0;0;0;3.9542723449729715;18;0;31;0;0;3;3065.692409108185;04;6;1;Depot;M408;80;Warm (20° bis 31,99° C);Tag;Klar;Tennessee;Sommer;Kollision;Unusual Operational Situations;Miscellaneous Causes;EinzelneWagen, EinzelneWagen;17461.53472795224;Nicht Signifikant;False
213;000034895;2007;8;6;10501.0;10501.0;0.0;10501.0;4;0;0;0;0;0;0;0;4.949628046035187;32;0;0;0;0;0;4046.0;04;1;1;Depot;H306;72;Warm (20° bis 31,99° C);Abend;Regen;Maryland;Sommer;Kollision;General Switching Rules;Human Factors;Güterzug, Güterzug;7599.507888261688;Nicht Signifikant;False
214;000035140;2007;4;17;8910.0;8910.0;0.0;8910.0;0;0;0;0;0;0;0;0;4.949628046035187;2;0;0;0;0;0;297.294796241188;04;5;1;Depot;H302;45;Moderat (0° bis 19,99° C);Abend;Wolkig;New York;Frühling;Kollision;General Switching Rules;Human Factors;EinzelneWagen, EinzelneWagen;6576.131079784486;Nicht Signifikant;False
215;000035585;2007;8;22;24987.0;24987.0;500.0;24487.0;4;0;0;0;0;0;0;0;9.926406551346263;14;0;24;0;0;2;2396.0578048948255;04;6;1;Depot;H307;58;Moderat (0° bis 19,99° C);Abend;Wolkig;New York;Sommer;Kollision;General Switching Rules;Human Factors;EinzelneWagen, Lokomotive;18518.491069443415;Nicht Signifikant;False
216;000035711;2007;8;24;11350.0;11350.0;300.0;11050.0;6;0;0;0;0;0;0;0;3.5;11;1;58;0;0;0;3106.612450239656;04;7;1;Depot;H307;75;Warm (20° bis 31,99° C);Abend;Klar;Illinois;Sommer;Kollision;General Switching Rules;Human Factors;Depot/Rangieren, Depot/Rangieren;8336.393683437385;Nicht Signifikant;False
217;000035729;2007;8;27;12256.0;12256.0;100.0;12156.0;2;0;0;0;0;0;0;0;4.949628046035187;67;2;0;0;0;0;7730.745472638616;04;7;1;Hauptstrecke;H306;84;Warm (20° bis 31,99° C);Abend;Klar;Florida;Sommer;Kollision;General Switching Rules;Human Factors;Depot/Rangieren, EinzelneWagen;8973.495387318788;Nicht Signifikant;False
218;000035808;2007;8;28;31082.0;31082.0;100.0;30982.0;2;0;0;0;0;0;0;0;0.9682052417863254;7;1;0;0;0;0;885.690959885294;04;6;1;Industriestrecke;E09C;100;Heiß (>= 32° C);Tag;Klar;Tennessee;Sommer;Kollision;Brakes;Mechanical and Electrical Failures;EinzelneWagen, Lokomotive;22747.365339578453;Nicht Signifikant;False
219;000036259;2007;9;9;34664.0;34664.0;350.0;34314.0;1;0;0;0;0;0;0;0;3.0;52;2;19;0;0;0;6602.865898708518;04;7;1;Depot;T305;71;Warm (20° bis 31,99° C);Tag;Regen;New York;Sommer;Kollision;Frogs, Switches and Track Appliances;Track, Roadbed and Structures;Depot/Rangieren, EinzelneWagen;25188.199389623605;Nicht Signifikant;False