index;INCDTNO;YEAR4;MONTH;DAY;ACCDMG;INFRASTRUCTURE_DMG;TRKDMG;EQPDMG;LOCOMOTIVES1;LOCOMOTIVES2;RREMPKLD;RREMPINJ;PASSKLD;PASSINJ;OTHERKLD;OTHERINJ;SPEED;LOADF1;LOADF2;EMPTYF1;EMPTYP1;LOADP1;EMPTYF2;TONS;TYPE;TYPEQ;TRKCLAS;TYPTRK;ACCAUSE;TEMP;TEMP_CLUSTER;VISIBLTY;WEATHER;STATE;Jahreszeit;ACCIDENT_TYPE;ACCCAUSE_LVL1;ACCCAUSE_LVL2;EQUIPMENT_TYPE;ACCDMG_EUR;ACCTYPE;SPD_TOO_HIGH
220;000036689;2007;9;18;63622.0;63622.0;500.0;63122.0;3;0;0;0;0;0;0;0;4.949628046035187;100;3;100;0;0;0;14600.0;01;1;3;Hauptstrecke;T220;70;Warm (20° bis 31,99° C);Abend;Klar;Kentucky;Sommer;Entgleisung;Rail, Joint Bar and Rail Anchoring;Track, Roadbed and Structures;Güterzug, Güterzug;45880.14711184827;Nicht Signifikant;False
221;000036927;2007;9;24;23575.0;23575.0;500.0;23075.0;1;0;0;0;0;0;0;0;5.5;81;0;26;0;0;1;10077.218034157711;04;7;1;Depot;M408;75;Warm (20° bis 31,99° C);Abend;Klar;Tennessee;Herbst;Kollision;Unusual Operational Situations;Miscellaneous Causes;Depot/Rangieren, EinzelneWagen;16704.456883724226;Nicht Signifikant;False
222;000037023;2007;9;25;10692.0;10692.0;0.0;10692.0;2;0;0;0;0;0;0;0;4.949628046035187;11;0;13;0;0;0;1448.647398120594;04;5;1;Industriestrecke;H302;90;Heiß (>= 32° C);Tag;Wolkig;Florida;Herbst;Kollision;General Switching Rules;Human Factors;EinzelneWagen, Güterzug;7579.753296469587;Nicht Signifikant;False
223;000037319;2007;10;3;20100.0;20100.0;0.0;20100.0;2;1;0;0;0;0;0;0;3.0;5;0;8;0;0;0;882.1383515168708;04;7;1;Depot;H017;80;Warm (20° bis 31,99° C);Tag;Wolkig;Maryland;Herbst;Kollision;Brakes, Use of;Human Factors;Depot/Rangieren, Lokomotive;14159.915463191264;Nicht Signifikant;False
224;000038745;2007;11;1;2119533.0;2119533.0;120000.0;1999533.0;12;0;0;0;0;0;0;0;47.749923191710444;78;21;86;0;0;14;12615.0;04;1;1;Nebenstrecke;T299;44;Moderat (0° bis 19,99° C);Abend;Klar;Tennessee;Herbst;Kollision;Rail, Joint Bar and Rail Anchoring;Track, Roadbed and Structures;Güterzug, Güterzug;1469550.7176038274;Signifikant;True
225;000039637;2007;11;26;17214.0;17214.0;200.0;17014.0;1;0;0;0;0;0;0;0;3.9542723449729715;4;1;0;0;0;0;544.4186862975185;04;7;1;Depot;H021;75;Warm (20° bis 31,99° C);Tag;Wolkig;Florida;Herbst;Kollision;Brakes, Use of;Human Factors;Depot/Rangieren, EinzelneWagen;11595.823509599191;Nicht Signifikant;False
226;000039963;2007;11;30;37049.0;37049.0;500.0;36549.0;1;0;0;0;0;0;0;0;4.0;16;0;23;0;0;1;2591.646209122947;04;7;1;Depot;H313;60;Moderat (0° bis 19,99° C);Tag;Klar;Alabama;Herbst;Kollision;General Switching Rules;Human Factors;Depot/Rangieren, EinzelneWagen;25099.248018426937;Nicht Signifikant;False
227;000039966;2007;12;1;10489.0;10489.0;400.0;10089.0;1;0;0;0;0;0;0;0;2.5;9;0;31;0;0;4;2043.3556229642659;04;7;1;Depot;H99E;45;Moderat (0° bis 19,99° C);Abend;Klar;Tennessee;Herbst;Kollision;Miscellaneous;Human Factors;Depot/Rangieren, EinzelneWagen;7121.164116954829;Nicht Signifikant;False
228;000040259;2007;12;6;317872.0;317872.0;0.0;317872.0;5;4;0;1;0;0;0;0;23.86138636621728;44;10;32;0;0;4;5466.0;02;1;2;Hauptstrecke;H020;60;Moderat (0° bis 19,99° C);Abend;Klar;Alabama;Herbst;Kollision;Brakes, Use of;Human Factors;Güterzug, Güterzug;218408.68489762265;Signifikant;False
229;000040677;2007;12;13;56973.0;56973.0;900.0;56073.0;1;0;0;0;0;0;0;0;9.926406551346263;49;1;0;0;0;0;5663.50279011415;04;7;1;Depot;H307;24;Kalt (-30° - 0,01° C);Abend;Klar;New York;Herbst;Kollision;General Switching Rules;Human Factors;Depot/Rangieren, EinzelneWagen;38802.01593679766;Nicht Signifikant;False
230;000040695;2007;12;15;20000.0;20000.0;0.0;20000.0;4;1;0;0;0;0;0;0;6.940339448159618;8;0;33;0;0;0;1984.5708803793568;04;7;1;Depot;H306;20;Kalt (-30° - 0,01° C);Tag;Wolkig;Illinois;Herbst;Kollision;General Switching Rules;Human Factors;Depot/Rangieren, Lokomotive;13821.381677455023;Nicht Signifikant;False
231;000040845;2007;12;16;144264.0;144264.0;0.0;144264.0;3;0;0;0;0;0;0;0;4.5;80;0;104;0;0;0;10427.92838128347;04;7;1;Depot;H401;30;Kalt (-30° - 0,01° C);Abend;Klar;Tennessee;Herbst;Kollision;Main Track Authority;Human Factors;Depot/Rangieren, Güterzug;99963.50617854255;Nicht Signifikant;False
232;000041076;2007;12;20;41619.0;41619.0;0.0;41619.0;4;0;0;0;0;0;0;0;11.917117953470694;110;0;51;0;0;1;14705.0;03;1;4;Hauptstrecke;H605;34;Moderat (0° bis 19,99° C);Abend;Klar;Ohio;Herbst;Kollision;Speed;Human Factors;Güterzug, Güterzug;29004.808697470206;Nicht Signifikant;False
233;000041097;2007;12;23;146780.0;146780.0;1000.0;145780.0;2;0;0;0;0;0;0;0;10.0;1;0;5;0;0;5;343.1695958639061;04;7;1;Depot;M407;29;Kalt (-30° - 0,01° C);Abend;Klar;Indiana;Winter;Kollision;Unusual Operational Situations;Miscellaneous Causes;Depot/Rangieren, EinzelneWagen;101987.21511951085;Nicht Signifikant;False
234;000041983;2008;1;14;24368.0;24368.0;200.0;24168.0;2;1;0;0;0;0;0;0;4.0;8;0;0;0;0;0;979.8393434167389;04;7;1;Depot;H307;50;Moderat (0° bis 19,99° C);Tag;Klar;Georgia;Winter;Kollision;General Switching Rules;Human Factors;Depot/Rangieren, Lokomotive;16359.852299429338;Nicht Signifikant;False
235;000042059;2008;1;14;10000.0;10000.0;0.0;10000.0;0;0;0;0;0;0;0;0;17.889252159843984;0;0;2;0;0;0;130.67276760464793;03;A;4;Hauptstrecke;H997;55;Moderat (0° bis 19,99° C);Tag;Klar;North Carolina;Winter;Kollision;Miscellaneous;Human Factors;Wartungszug, Wartungszug;6713.66230278617;Nicht Signifikant;False
236;000042437;2008;1;23;248011.0;248011.0;13000.0;235011.0;6;0;0;0;0;0;0;0;0.9682052417863254;122;4;4;0;0;0;17573.675614435288;01;6;1;Depot;T220;17;Kalt (-30° - 0,01° C);Abend;Klar;Ohio;Winter;Entgleisung;Rail, Joint Bar and Rail Anchoring;Track, Roadbed and Structures;EinzelneWagen, Güterzug;170173.59681624811;Signifikant;False
237;000043010;2008;2;3;15346.0;15346.0;2000.0;13346.0;3;0;0;0;0;0;0;0;3.9542723449729715;76;6;0;0;0;0;684.8899735913355;01;1;1;Depot;T001;28;Kalt (-30° - 0,01° C);Abend;Nebel;West Virginia;Winter;Entgleisung;Roadbed;Track, Roadbed and Structures;Güterzug, Lokomotive;10334.702673580714;Nicht Signifikant;False
238;000043178;2008;2;5;18932.0;18932.0;450.0;18482.0;0;0;0;0;0;0;0;0;4.0;11;0;3;0;0;1;1413.9308822568864;01;6;1;Depot;H318;54;Moderat (0° bis 19,99° C);Abend;Regen;Ohio;Winter;Entgleisung;General Switching Rules;Human Factors;EinzelneWagen, EinzelneWagen;12889.433551198255;Nicht Signifikant;False
239;000043612;2008;2;20;21920.0;21920.0;500.0;21420.0;2;0;0;0;0;0;0;0;6.290463432814555;1;1;0;0;0;0;238.0363863010787;04;5;1;Depot;H310;21;Kalt (-30° - 0,01° C);Abend;Klar;New York;Winter;Kollision;General Switching Rules;Human Factors;EinzelneWagen, Lokomotive, Lokomotive;14956.331877729257;Nicht Signifikant;False
240;000044306;2008;3;12;30000.0;30000.0;0.0;30000.0;0;0;0;1;0;0;0;0;14.903185056657339;0;0;2;0;0;0;130.67276760464793;03;A;3;Hauptstrecke;H993;41;Moderat (0° bis 19,99° C);Tag;Klar;Kentucky;Winter;Kollision;Miscellaneous;Human Factors;Wartungszug, Wartungszug;19383.60147315371;Signifikant;False
241;000044564;2008;3;19;70741.0;70741.0;200.0;70541.0;2;0;0;0;0;0;0;0;3.9542723449729715;83;3;14;0;0;0;6653.974077407966;01;6;1;Depot;T221;60;Moderat (0° bis 19,99° C);Tag;Regen;Indiana;Winter;Entgleisung;Rail, Joint Bar and Rail Anchoring;Track, Roadbed and Structures;EinzelneWagen, Güterzug;45080.93295946979;Nicht Signifikant;False
242;000044652;2008;3;20;16919.0;16919.0;0.0;16919.0;4;0;0;0;0;0;0;0;47.749923191710444;70;0;2;0;0;0;9048.0;04;1;4;Hauptstrecke;M206;40;Moderat (0° bis 19,99° C);Tag;Wolkig;New York;Winter;Kollision;Loading Procedures;Loading;Güterzug, Güterzug;10969.979900149128;Nicht Signifikant;False
243;000044735;2008;3;26;24747.0;24747.0;0.0;24747.0;0;0;0;0;0;0;0;0;9.0;3;0;0;0;0;0;411.05222077044647;04;5;1;Depot;E06C;44;Moderat (0° bis 19,99° C);Abend;Klar;North Carolina;Frühling;Kollision;Brakes;Mechanical and Electrical Failures;EinzelneWagen, EinzelneWagen;15752.387014640357;Nicht Signifikant;False
244;000045036;2008;4;2;47300.0;47300.0;0.0;47300.0;3;0;0;0;0;0;0;0;3.9542723449729715;0;0;28;0;0;6;990.635683674103;04;6;1;Industriestrecke;H306;55;Moderat (0° bis 19,99° C);Abend;Klar;South Carolina;Frühling;Kollision;General Switching Rules;Human Factors;EinzelneWagen, Güterzug;30258.44421699079;Nicht Signifikant;False
245;000045139;2008;4;6;45406.0;45406.0;100.0;45306.0;1;0;0;0;0;0;0;0;9.5;1;0;52;0;0;0;1766.7507026833273;04;7;1;Depot;T305;45;Moderat (0° bis 19,99° C);Abend;Klar;New York;Frühling;Kollision;Frogs, Switches and Track Appliances;Track, Roadbed and Structures;Depot/Rangieren, EinzelneWagen;28916.107667487475;Nicht Signifikant;False
246;000045593;2008;4;16;15796.0;15796.0;50.0;15746.0;1;0;0;0;0;0;0;0;3.5;9;0;13;0;0;2;1492.3601699276605;04;7;1;Depot;T305;50;Moderat (0° bis 19,99° C);Tag;Klar;New York;Frühling;Kollision;Frogs, Switches and Track Appliances;Track, Roadbed and Structures;Depot/Rangieren, EinzelneWagen;9917.127071823204;Nicht Signifikant;False
247;000045642;2008;4;17;23173.0;23173.0;0.0;23173.0;2;0;0;0;0;0;0;0;4.0;16;0;16;0;0;0;2377.0413030266213;04;7;1;Depot;H401;75;Warm (20° bis 31,99° C);Tag;Klar;Georgia;Frühling;Kollision;Main Track Authority;Human Factors;Depot/Rangieren, Depot/Rangieren;14599.924395161292;Nicht Signifikant;False
248;000045863;2008;4;22;54264.0;54264.0;500.0;53764.0;1;1;0;0;0;0;0;0;4.5;2;0;14;0;0;3;727.9846430532466;04;7;1;Depot;H607;80;Warm (20° bis 31,99° C);Tag;Klar;Georgia;Frühling;Kollision;Speed;Human Factors;Depot/Rangieren, EinzelneWagen;34061.891908856946;Nicht Signifikant;False
249;000046360;2008;5;4;576946.0;576946.0;72000.0;504946.0;7;0;0;0;0;0;0;0;23.5;38;9;116;0;0;11;8362.0;01;1;3;Hauptstrecke;M204;60;Moderat (0° bis 19,99° C);Tag;Klar;Pennsylvania;Frühling;Entgleisung;Loading Procedures;Loading;Güterzug, Güterzug;373202.38043900125;Signifikant;False
250;000046813;2008;5;13;44945.0;44945.0;700.0;44245.0;2;0;0;0;0;0;0;0;4.949628046035187;0;0;129;0;0;3;3729.8164184217308;01;5;1;Depot;H704;57;Moderat (0° bis 19,99° C);Tag;Klar;West Virginia;Frühling;Entgleisung;Switches, Use of;Human Factors;EinzelneWagen, Güterzug;29047.37284301687;Nicht Signifikant;False
251;000046914;2008;5;17;51705.0;51705.0;2418.0;49287.0;2;1;0;0;0;0;0;0;5.5;8;0;12;0;0;2;1348.1563351874136;04;7;1;Depot;H307;52;Moderat (0° bis 19,99° C);Tag;Klar;New York;Frühling;Kollision;General Switching Rules;Human Factors;Depot/Rangieren, Depot/Rangieren;33305.77802589483;Nicht Signifikant;False
252;000047507;2008;6;1;16500.0;16500.0;1000.0;15500.0;5;2;0;0;0;0;0;0;11.0;0;0;0;0;0;0;69.7799471826711;04;8;1;Depot;H702;55;Moderat (0° bis 19,99° C);Abend;Nebel;New York;Frühling;Kollision;Switches, Use of;Human Factors;Lokomotive, Lokomotive;10633.727175080558;Nicht Signifikant;True
253;000047533;2008;5;31;60271.0;60271.0;0.0;60271.0;0;0;0;0;0;0;0;0;7.5;0;0;4;0;0;1;193.04562264603166;01;5;1;Depot;M411;70;Warm (20° bis 31,99° C);Abend;Klar;Alabama;Frühling;Entgleisung;Unusual Operational Situations;Miscellaneous Causes;EinzelneWagen, EinzelneWagen;38853.600361003075;Nicht Signifikant;False
254;000048089;2008;6;15;40556.0;40556.0;1300.0;39256.0;4;0;0;0;0;0;0;0;1.9635609428485408;35;3;138;0;0;0;5580.345533469509;01;7;1;Depot;H702;83;Warm (20° bis 31,99° C);Tag;Wolkig;New York;Frühling;Entgleisung;Switches, Use of;Human Factors;Depot/Rangieren, Güterzug;26304.31962641069;Nicht Signifikant;False
255;000048103;2008;6;13;304646.0;304646.0;11000.0;293646.0;5;1;0;0;0;0;0;0;6.0;111;6;34;0;0;1;15512.344165251287;04;7;2;Depot;S011;54;Moderat (0° bis 19,99° C);Abend;Klar;New York;Frühling;Kollision;SIGNAL AND COMMUNICATION;Signal and Communication;Depot/Rangieren, Depot/Rangieren, Güterzug;198647.62649973916;Signifikant;False
256;000048482;2008;6;24;50000.0;50000.0;0.0;50000.0;0;0;0;1;0;0;0;0;23.5;0;0;2;0;0;0;130.67276760464793;02;A;2;Hauptstrecke;H993;80;Warm (20° bis 31,99° C);Tag;Klar;Maryland;Sommer;Kollision;Miscellaneous;Human Factors;Wartungszug, Wartungszug;32117.16341212744;Signifikant;False
257;000049169;2008;7;13;36442.0;36442.0;500.0;35942.0;4;0;0;0;0;0;0;0;4.949628046035187;81;1;114;0;0;3;11558.831036472304;04;6;1;Depot;M409;74;Warm (20° bis 31,99° C);Abend;Klar;New York;Sommer;Kollision;Unusual Operational Situations;Miscellaneous Causes;EinzelneWagen, Güterzug;23001.956700119925;Nicht Signifikant;False
258;000049229;2008;7;14;15367.0;15367.0;200.0;15167.0;4;0;0;0;0;0;0;0;5.944983747097401;57;2;17;0;0;0;7110.760200932835;04;7;1;Depot;H602;65;Moderat (0° bis 19,99° C);Abend;Klar;Indiana;Sommer;Kollision;Speed;Human Factors;Depot/Rangieren, Depot/Rangieren;9697.103552722912;Nicht Signifikant;False
259;000049436;2008;7;19;63800.0;63800.0;800.0;63000.0;2;0;0;0;0;0;0;0;3.0;49;4;0;0;0;0;6019.137753703997;01;6;1;Depot;M503;72;Warm (20° bis 31,99° C);Abend;Klar;Kentucky;Sommer;Entgleisung;Other Miscellaneous;Miscellaneous Causes;EinzelneWagen, Güterzug;40303.22173089071;Nicht Signifikant;False
260;000049440;2008;7;18;11750.0;11750.0;250.0;11500.0;3;0;0;0;0;0;0;0;3.9542723449729715;11;1;42;0;0;2;2622.4299561026555;04;7;1;Depot;H306;93;Heiß (>= 32° C);Tag;Klar;Alabama;Sommer;Kollision;General Switching Rules;Human Factors;Depot/Rangieren, Depot/Rangieren;7429.185634800203;Nicht Signifikant;False
261;000049456;2008;7;20;52362.0;52362.0;500.0;51862.0;5;1;0;0;0;0;0;0;4.0;29;0;48;0;0;0;4374.889973591336;04;7;1;Depot;H702;72;Warm (20° bis 31,99° C);Morgendämmerung;Klar;Indiana;Sommer;Kollision;Switches, Use of;Human Factors;Depot/Rangieren, Güterzug;33048.472607927295;Nicht Signifikant;False
262;000049732;2008;7;27;8750.0;8750.0;1250.0;7500.0;0;0;0;0;0;0;0;0;7.0;14;0;29;0;0;1;2546.8098213303606;01;5;1;Depot;E04C;86;Warm (20° bis 31,99° C);Tag;Klar;Ohio;Sommer;Entgleisung;Brakes;Mechanical and Electrical Failures;EinzelneWagen, EinzelneWagen;5558.378859103036;Nicht Signifikant;False
263;000050132;2008;8;5;79849.0;79849.0;500.0;79349.0;5;0;0;0;0;0;0;0;10.921762252408477;139;2;118;0;0;4;21458.0;03;1;2;Hauptstrecke;H307;80;Warm (20° bis 31,99° C);Tag;Regen;Illinois;Sommer;Kollision;General Switching Rules;Human Factors;Güterzug, Güterzug;51558.72667398463;Nicht Signifikant;False
264;000050463;2008;8;14;21881.0;21881.0;0.0;21881.0;1;0;0;0;0;0;0;0;3.9542723449729715;15;0;0;0;0;0;1776.1413151215481;04;7;1;Industriestrecke;H302;84;Warm (20° bis 31,99° C);Tag;Klar;Indiana;Sommer;Kollision;General Switching Rules;Human Factors;Depot/Rangieren, EinzelneWagen;14678.33903535252;Nicht Signifikant;False
265;000050512;2008;8;16;503839.0;503839.0;45000.0;458839.0;6;1;0;2;0;0;0;0;16.89389645878177;75;5;166;0;0;5;14436.0;01;1;1;Hauptstrecke;E39C;72;Warm (20° bis 31,99° C);Tag;Klar;North Carolina;Sommer;Entgleisung;Coupler and Draft System;Mechanical and Electrical Failures;Güterzug, Güterzug;342266.42815089895;Signifikant;True
266;000050552;2008;8;15;8688.0;8688.0;1000.0;7688.0;3;0;0;0;0;0;0;0;1.5;39;1;3;0;0;0;4617.26777545453;04;7;1;Depot;H305;78;Warm (20° bis 31,99° C);Tag;Klar;Indiana;Sommer;Kollision;General Switching Rules;Human Factors;Depot/Rangieren, Depot/Rangieren;5898.5674519655095;Nicht Signifikant;False
267;000050814;2008;8;24;59033.0;59033.0;0.0;59033.0;0;0;0;0;0;0;0;0;4.949628046035187;18;0;72;0;0;3;4313.995227758711;04;6;1;Depot;H019;83;Warm (20° bis 31,99° C);Tag;Klar;Indiana;Sommer;Kollision;Brakes, Use of;Human Factors;EinzelneWagen, EinzelneWagen;39939.33516756123;Nicht Signifikant;False
268;000050832;2008;8;22;10883.0;10883.0;50.0;10833.0;2;0;0;0;0;0;0;0;4.5;20;0;26;0;0;2;3139.495172492353;04;7;1;Depot;H307;80;Warm (20° bis 31,99° C);Tag;Regen;Georgia;Sommer;Kollision;General Switching Rules;Human Factors;Depot/Rangieren, Depot/Rangieren;7349.4057266342525;Nicht Signifikant;False
269;000050843;2008;8;21;60682.0;60682.0;0.0;60682.0;3;0;0;0;0;0;0;0;1.5;0;0;2;0;0;0;130.67276760464793;04;7;1;Depot;H607;78;Warm (20° bis 31,99° C);Tag;Klar;Indiana;Sommer;Kollision;Speed;Human Factors;Depot/Rangieren, Depot/Rangieren;40962.60294316187;Nicht Signifikant;False
270;000050952;2008;8;19;98643.0;98643.0;1200.0;97443.0;1;0;0;0;0;0;0;0;3.9542723449729715;43;4;5;0;0;0;5192.0174169869815;01;7;1;Depot;T309;85;Warm (20° bis 31,99° C);Tag;Klar;Pennsylvania;Sommer;Entgleisung;Frogs, Switches and Track Appliances;Track, Roadbed and Structures;Depot/Rangieren, EinzelneWagen;67209.23894528854;Nicht Signifikant;False
271;000051078;2008;8;30;16927.0;16927.0;50.0;16877.0;0;0;0;0;0;0;0;0;9.926406551346263;0;0;3;0;0;0;161.11917781563636;05;6;1;Depot;E04C;73;Warm (20° bis 31,99° C);Tag;Nebel;North Carolina;Sommer;Kollision;Brakes;Mechanical and Electrical Failures;EinzelneWagen, EinzelneWagen;11517.316459141319;Nicht Signifikant;False
272;000051499;2008;9;12;93781.0;93781.0;0.0;78781.0;1;0;0;0;0;0;0;0;7.435695149221832;41;3;0;0;0;0;2997.256439118408;01;5;1;Depot;T220;80;Warm (20° bis 31,99° C);Abend;Wolkig;Georgia;Sommer;Entgleisung;Rail, Joint Bar and Rail Anchoring;Track, Roadbed and Structures;EinzelneWagen, Güterzug;66672.1171619508;Nicht Signifikant;False
273;000051656;2008;9;16;42493.0;42493.0;500.0;41993.0;4;0;0;0;0;0;0;0;5.5;45;4;0;0;0;0;5568.256439118408;04;7;1;Depot;H306;54;Moderat (0° bis 19,99° C);Abend;Wolkig;New York;Sommer;Kollision;General Switching Rules;Human Factors;Depot/Rangieren, Güterzug;29784.117193523514;Nicht Signifikant;False
274;000051772;2008;9;19;83703.0;83703.0;100.0;83603.0;1;0;0;0;0;0;0;0;5.0;18;0;12;0;0;1;2484.2505458605915;04;7;1;Depot;H018;60;Moderat (0° bis 19,99° C);Abend;Klar;Virginia;Sommer;Kollision;Brakes, Use of;Human Factors;Depot/Rangieren, EinzelneWagen;58796.71255970778;Nicht Signifikant;False
275;000051794;2008;9;20;109864.0;109864.0;200.0;109664.0;3;1;0;0;0;0;0;0;6.0;14;1;27;0;0;0;2504.0460072867904;04;7;1;Depot;H999;75;Warm (20° bis 31,99° C);Abend;Klar;Illinois;Sommer;Kollision;Miscellaneous;Human Factors;Depot/Rangieren, EinzelneWagen;76572.72959598542;Nicht Signifikant;False
276;000051899;2008;9;22;64570.0;64570.0;14500.0;50070.0;5;0;0;0;0;0;0;0;4.949628046035187;65;2;40;0;0;4;8727.007170497265;01;7;1;Depot;E39C;68;Warm (20° bis 31,99° C);Abend;Wolkig;Kentucky;Sommer;Entgleisung;Coupler and Draft System;Mechanical and Electrical Failures;Depot/Rangieren, Lokomotive;44314.04845240546;Nicht Signifikant;False
277;000052143;2008;9;27;10837.0;10837.0;0.0;10837.0;0;0;0;0;0;0;0;0;3.5;0;0;34;0;0;0;1104.9578943562774;04;6;1;Depot;H313;65;Moderat (0° bis 19,99° C);Abend;Klar;Alabama;Herbst;Kollision;General Switching Rules;Human Factors;EinzelneWagen, EinzelneWagen;7451.694973526783;Nicht Signifikant;False
278;000052191;2008;9;29;10100.0;10100.0;1100.0;9000.0;2;0;0;0;0;0;0;0;5.0;12;1;0;0;0;0;1454.4780825315863;04;7;1;Depot;H306;68;Warm (20° bis 31,99° C);Abend;Klar;Alabama;Herbst;Kollision;General Switching Rules;Human Factors;Depot/Rangieren, Depot/Rangieren;7038.818036100076;Nicht Signifikant;False
279;000052415;2008;10;4;15404.0;15404.0;200.0;15204.0;0;0;0;0;0;0;0;0;8.931050850284048;6;2;8;0;0;0;1035.1138580417564;05;6;1;Depot;S007;71;Warm (20° bis 31,99° C);Tag;Klar;North Carolina;Herbst;Kollision;SIGNAL AND COMMUNICATION;Signal and Communication;EinzelneWagen, EinzelneWagen;11188.804416251029;Nicht Signifikant;False
280;000052814;2008;10;15;198469.0;198469.0;13500.0;184969.0;3;0;1;0;0;0;0;0;5.944983747097401;37;3;41;0;0;2;8959.942947731644;04;6;1;Depot;H302;70;Warm (20° bis 31,99° C);Abend;Klar;Alabama;Herbst;Kollision;General Switching Rules;Human Factors;EinzelneWagen, Güterzug;145665.3211009174;Schwer;False
281;000054024;2008;11;16;48764.0;48764.0;600.0;48164.0;3;1;0;1;0;0;0;0;21.870674964092846;96;1;0;0;0;0;9634.889973591336;03;1;3;Hauptstrecke;H605;38;Moderat (0° bis 19,99° C);Tag;Wolkig;Kentucky;Herbst;Kollision;Speed;Human Factors;Güterzug, Lokomotive;38502.96091590999;Signifikant;False
282;000054077;2008;11;13;11693.0;11693.0;400.0;11293.0;4;0;0;0;0;0;0;0;6.940339448159618;0;0;38;0;0;1;1228.223569819638;02;7;1;Depot;H306;40;Moderat (0° bis 19,99° C);Abend;Regen;Tennessee;Herbst;Kollision;General Switching Rules;Human Factors;Depot/Rangieren, Lokomotive;9335.728542914172;Nicht Signifikant;False
283;000054171;2008;11;19;12200.0;12200.0;50.0;12150.0;3;0;0;0;0;0;0;0;3.9542723449729715;19;1;31;0;0;0;2061.256439118408;04;5;2;Hauptstrecke;H021;45;Moderat (0° bis 19,99° C);Abend;Klar;Tennessee;Herbst;Kollision;Brakes, Use of;Human Factors;EinzelneWagen, Güterzug;9656.482507519391;Nicht Signifikant;False
284;000054241;2008;11;19;12906.0;12906.0;0.0;12906.0;2;0;0;0;0;0;0;0;5.944983747097401;20;0;46;0;0;0;3745.463307473308;04;7;1;Depot;S016;40;Moderat (0° bis 19,99° C);Abend;Klar;Georgia;Herbst;Kollision;SIGNAL AND COMMUNICATION;Signal and Communication;Depot/Rangieren, EinzelneWagen;10215.292069020104;Nicht Signifikant;False
285;000054410;2008;11;29;20020.0;20020.0;500.0;19520.0;2;1;0;0;0;0;0;0;1.5;14;0;55;0;0;0;3336.9364521966527;04;7;1;Depot;H702;31;Kalt (-30° - 0,01° C);Abend;Wolkig;New York;Herbst;Kollision;Switches, Use of;Human Factors;Depot/Rangieren, Depot/Rangieren;15779.517629131418;Nicht Signifikant;False
286;000054727;2008;12;5;50386.0;50386.0;150.0;50236.0;2;0;0;0;0;0;0;0;9.926406551346263;6;0;105;0;0;4;4165.027990003756;04;6;1;Depot;H021;25;Kalt (-30° - 0,01° C);Tag;Klar;Indiana;Herbst;Kollision;Brakes, Use of;Human Factors;EinzelneWagen, Güterzug;39783.65574417687;Nicht Signifikant;False
287;000054905;2008;12;11;37000.0;37000.0;0.0;37000.0;2;0;0;0;0;0;0;0;2.958916643910756;24;1;9;0;0;0;3156.6756144352894;01;6;1;Industriestrecke;H307;70;Warm (20° bis 31,99° C);Tag;Regen;South Carolina;Herbst;Entgleisung;General Switching Rules;Human Factors;EinzelneWagen, Güterzug;27998.486568293607;Nicht Signifikant;False
288;000055094;2008;12;16;42748.0;42748.0;0.0;42748.0;4;0;0;0;0;0;0;0;4.0;31;1;53;0;0;3;9451.711693379368;04;7;1;Depot;H307;65;Moderat (0° bis 19,99° C);Abend;Wolkig;Alabama;Herbst;Kollision;General Switching Rules;Human Factors;Depot/Rangieren, Güterzug;31225.71219868517;Nicht Signifikant;False
289;000055096;2008;12;17;97074.0;97074.0;70000.0;27074.0;4;0;0;0;0;0;0;0;48.74527889277266;78;0;2;0;0;2;9517.0;01;1;4;Hauptstrecke;T214;40;Moderat (0° bis 19,99° C);Abend;Regen;Tennessee;Herbst;Entgleisung;Rail, Joint Bar and Rail Anchoring;Track, Roadbed and Structures;Güterzug, Güterzug;69047.5851767551;Nicht Signifikant;False
290;000055289;2008;12;22;30771.0;30771.0;0.0;30771.0;2;0;0;0;0;0;0;0;1.9635609428485408;0;0;46;0;0;0;1935.157408444069;04;6;1;Industriestrecke;H306;10;Kalt (-30° - 0,01° C);Abenddämmerung;Schnee;Ohio;Winter;Kollision;General Switching Rules;Human Factors;EinzelneWagen, Güterzug;22026.485325697922;Nicht Signifikant;False
291;000055327;2008;12;24;21700.0;21700.0;11200.0;10500.0;3;1;0;0;0;0;0;0;5.944983747097401;27;0;20;0;0;0;3750.158613692418;04;7;1;Depot;H702;28;Kalt (-30° - 0,01° C);Abend;Regen;New York;Winter;Kollision;Switches, Use of;Human Factors;Depot/Rangieren, Lokomotive;15494.466262049267;Nicht Signifikant;False