index;INCDTNO;YEAR4;MONTH;DAY;ACCDMG;INFRASTRUCTURE_DMG;TRKDMG;EQPDMG;LOCOMOTIVES1;LOCOMOTIVES2;RREMPKLD;RREMPINJ;PASSKLD;PASSINJ;OTHERKLD;OTHERINJ;SPEED;LOADF1;LOADF2;EMPTYF1;EMPTYP1;LOADP1;EMPTYF2;TONS;TYPE;TYPEQ;TRKCLAS;TYPTRK;ACCAUSE;TEMP;TEMP_CLUSTER;VISIBLTY;WEATHER;STATE;Jahreszeit;ACCIDENT_TYPE;ACCCAUSE_LVL1;ACCCAUSE_LVL2;EQUIPMENT_TYPE;ACCDMG_EUR;ACCTYPE;SPD_TOO_HIGH
292;000055341;2008;12;21;38225.0;38225.0;9000.0;29225.0;2;0;0;0;0;0;0;0;7.935695149221832;205;6;0;0;0;0;23507.70622166754;01;7;1;Depot;T221;1;Kalt (-30° - 0,01° C);Tag;Schnee;Ohio;Winter;Entgleisung;Rail, Joint Bar and Rail Anchoring;Track, Roadbed and Structures;Depot/Rangieren, EinzelneWagen;27381.805157593124;Nicht Signifikant;False
293;000055380;2008;12;27;46100.0;46100.0;1700.0;44400.0;2;1;0;0;0;0;0;0;6.5;12;0;19;0;0;3;2017.7909394007734;04;7;1;Depot;H702;40;Moderat (0° bis 19,99° C);Abend;Wolkig;New York;Winter;Kollision;Switches, Use of;Human Factors;Depot/Rangieren, Depot/Rangieren;32547.30302174527;Nicht Signifikant;False
294;000055551;2009;1;2;22291.0;22291.0;500.0;21791.0;4;0;0;0;0;0;0;0;4.0;97;1;71;0;0;0;14985.264695075817;04;7;1;Depot;H702;50;Moderat (0° bis 19,99° C);Abend;Klar;Tennessee;Winter;Kollision;Switches, Use of;Human Factors;Depot/Rangieren, Güterzug;16076.013269868743;Nicht Signifikant;False
295;000055804;2009;1;9;11538.0;11538.0;125.0;11413.0;4;0;0;0;0;0;0;0;8.0;32;1;41;0;0;0;4977.929391767281;04;7;1;Depot;H301;47;Moderat (0° bis 19,99° C);Abend;Klar;South Carolina;Winter;Kollision;General Switching Rules;Human Factors;Depot/Rangieren, EinzelneWagen;8431.745103770827;Nicht Signifikant;False
296;000055859;2009;1;3;16900.0;16900.0;0.0;16900.0;0;0;0;0;0;0;0;0;9.926406551346263;0;0;2;0;0;0;130.67276760464793;04;5;1;Depot;M105;65;Moderat (0° bis 19,99° C);Tag;Wolkig;Georgia;Winter;Kollision;Environmental Conditions;Environmental Conditions;EinzelneWagen, EinzelneWagen;12271.869100062933;Nicht Signifikant;False
297;000055939;2009;1;13;16836.0;16836.0;200.0;16636.0;1;0;0;0;0;0;0;0;7.290463432814555;2;0;6;0;0;2;517.8233003372678;04;7;1;Depot;M408;25;Kalt (-30° - 0,01° C);Abend;Klar;Alabama;Winter;Kollision;Unusual Operational Situations;Miscellaneous Causes;Depot/Rangieren, EinzelneWagen, EinzelneWagen;12694.917810285024;Nicht Signifikant;False
298;000056214;2009;1;20;107703.0;107703.0;0.0;107503.0;2;0;0;0;0;0;0;0;3.9542723449729715;38;3;31;0;0;1;5396.707953447982;01;7;1;Depot;T110;35;Moderat (0° bis 19,99° C);Tag;Klar;Alabama;Winter;Entgleisung;Track Geometry;Track, Roadbed and Structures;Depot/Rangieren, EinzelneWagen;83296.9837587007;Nicht Signifikant;False
299;000056880;2009;2;9;80350.0;80350.0;3500.0;76850.0;2;0;0;1;0;0;0;0;9.926406551346263;5;2;0;0;0;0;677.7851518245906;01;7;1;Depot;H307;40;Moderat (0° bis 19,99° C);Tag;Klar;Indiana;Winter;Entgleisung;General Switching Rules;Human Factors;Depot/Rangieren, EinzelneWagen;61769.68019680197;Signifikant;False
300;000056884;2009;2;9;62952.0;62952.0;0.0;62952.0;3;0;0;0;0;0;0;0;8.931050850284048;12;0;12;0;0;0;1640.0;04;1;1;Depot;H307;67;Moderat (0° bis 19,99° C);Tag;Klar;South Carolina;Winter;Kollision;General Switching Rules;Human Factors;Güterzug, Güterzug;48394.83394833949;Nicht Signifikant;False
301;000056888;2009;2;8;56913.0;56913.0;50.0;56863.0;0;0;0;0;0;0;0;0;3.9542723449729715;2;0;2;0;0;2;361.14768590197866;01;6;1;Depot;M411;40;Moderat (0° bis 19,99° C);Abend;Klar;Maryland;Winter;Entgleisung;Unusual Operational Situations;Miscellaneous Causes;EinzelneWagen, EinzelneWagen;43991.29135318974;Nicht Signifikant;False
302;000057002;2009;2;10;66715.0;66715.0;10500.0;56215.0;2;0;0;0;0;0;0;0;3.9542723449729715;89;0;37;0;0;3;11325.148011951467;06;7;1;Depot;E30C;65;Moderat (0° bis 19,99° C);Abenddämmerung;Klar;Georgia;Winter;Kollision;Coupler and Draft System;Mechanical and Electrical Failures;Depot/Rangieren, Depot/Rangieren;51449.83419449371;Nicht Signifikant;False
303;000057248;2009;2;21;166325.0;166325.0;3500.0;162825.0;1;1;0;0;0;0;0;0;6.0;42;0;67;0;0;4;6893.421400025379;01;7;1;Depot;E31C;29;Kalt (-30° - 0,01° C);Tag;Wolkig;Ohio;Winter;Entgleisung;Coupler and Draft System;Mechanical and Electrical Failures;Depot/Rangieren, EinzelneWagen;131378.3570300158;Nicht Signifikant;False
304;000057366;2009;2;25;15923.0;15923.0;100.0;15823.0;1;0;0;0;0;0;0;0;4.5;17;0;44;0;0;0;3343.298213463556;04;7;1;Depot;S016;45;Moderat (0° bis 19,99° C);Abend;Klar;Georgia;Winter;Kollision;SIGNAL AND COMMUNICATION;Signal and Communication;Depot/Rangieren, EinzelneWagen;12444.704962876123;Nicht Signifikant;False
305;000057383;2009;2;25;191286.0;191286.0;1500.0;189786.0;2;0;0;0;0;0;0;0;7.935695149221832;31;5;15;0;0;0;3153.4048226498526;01;6;1;Depot;T220;48;Moderat (0° bis 19,99° C);Abend;Klar;Alabama;Winter;Entgleisung;Rail, Joint Bar and Rail Anchoring;Track, Roadbed and Structures;EinzelneWagen, Güterzug;149500.58616647127;Nicht Signifikant;False
306;000057406;2009;2;23;10900.0;10900.0;0.0;10900.0;0;0;0;0;0;0;0;0;13.907829355595124;1;0;1;0;0;0;213.98378192291796;04;5;1;Depot;S007;25;Kalt (-30° - 0,01° C);Tag;Klar;North Carolina;Winter;Kollision;SIGNAL AND COMMUNICATION;Signal and Communication;EinzelneWagen, EinzelneWagen;8516.95577433974;Nicht Signifikant;True
307;000057693;2009;3;6;18329.0;18329.0;0.0;18329.0;0;0;0;0;0;0;0;0;12.91247365453291;3;0;0;0;0;0;411.05222077044647;04;5;1;Industriestrecke;M407;62;Moderat (0° bis 19,99° C);Tag;Klar;Ohio;Winter;Kollision;Unusual Operational Situations;Miscellaneous Causes;EinzelneWagen, EinzelneWagen;14480.170643071575;Nicht Signifikant;True
308;000057954;2009;3;17;59932.0;59932.0;100.0;59832.0;4;0;0;0;0;0;0;0;2.5;64;0;77;0;0;0;9843.563444322795;04;7;1;Depot;H099;40;Moderat (0° bis 19,99° C);Abend;Regen;Virginia;Winter;Kollision;Brakes, Use of;Human Factors;Depot/Rangieren, Güterzug;46308.14402719827;Nicht Signifikant;False
309;000059344;2009;3;30;70350.0;70350.0;50.0;70300.0;5;0;0;0;0;0;0;0;4.0;25;2;60;0;0;2;5128.889973591336;04;1;1;Depot;H702;78;Warm (20° bis 31,99° C);Tag;Klar;Florida;Frühling;Kollision;Switches, Use of;Human Factors;Güterzug, Lokomotive;53323.7322822709;Nicht Signifikant;False
310;000059577;2009;4;6;16583.0;16583.0;0.0;16583.0;2;0;0;0;0;0;0;0;6.940339448159618;188;3;0;0;0;0;24177.4050367573;04;6;1;Industriestrecke;H307;65;Moderat (0° bis 19,99° C);Morgendämmerung;Wolkig;Virginia;Frühling;Kollision;General Switching Rules;Human Factors;EinzelneWagen, Güterzug;12287.34439834025;Nicht Signifikant;False
311;000059675;2009;4;9;17249.0;17249.0;2800.0;14449.0;4;2;0;0;0;0;0;0;5.944983747097401;5;0;23;0;0;0;1338.8345046816971;01;7;1;Depot;H210;50;Moderat (0° bis 19,99° C);Abend;Klar;Indiana;Frühling;Entgleisung;Flagging, Fixed, Hand and Radio Signals;Human Factors;Depot/Rangieren, Lokomotive;12995.55488585851;Nicht Signifikant;False
312;000060237;2009;4;24;897803.0;897803.0;151000.0;746803.0;3;0;0;0;0;0;0;0;25.852097768341707;150;25;0;0;0;0;20478.889973591336;01;1;3;Hauptstrecke;T109;87;Warm (20° bis 31,99° C);Tag;Klar;Virginia;Frühling;Entgleisung;Track Geometry;Track, Roadbed and Structures;Güterzug, Lokomotive;678508.9177750907;Signifikant;False
313;000061502;2009;5;5;14088.0;14088.0;250.0;13838.0;1;0;0;0;0;0;0;0;4.949628046035187;42;0;21;0;0;1;5488.446426461691;04;7;1;Depot;S016;75;Warm (20° bis 31,99° C);Abend;Regen;Georgia;Frühling;Kollision;SIGNAL AND COMMUNICATION;Signal and Communication;Depot/Rangieren, EinzelneWagen;10511.079609042752;Nicht Signifikant;False
314;000064326;2009;5;28;25701.0;25701.0;0.0;25701.0;1;0;0;0;0;0;0;0;9.926406551346263;14;0;1;0;0;0;1692.8303008032783;05;7;1;Depot;H302;61;Moderat (0° bis 19,99° C);Abenddämmerung;Klar;Ohio;Frühling;Kollision;General Switching Rules;Human Factors;Depot/Rangieren, EinzelneWagen;18548.643187066977;Nicht Signifikant;False
315;000064347;2009;6;4;53058.0;53058.0;4500.0;48558.0;0;0;0;0;0;0;0;0;3.5;3;2;1;0;0;0;480.7167129770621;01;5;1;Depot;H302;85;Warm (20° bis 31,99° C);Tag;Wolkig;Tennessee;Frühling;Entgleisung;General Switching Rules;Human Factors;EinzelneWagen, EinzelneWagen;37643.135863781485;Nicht Signifikant;False
316;000066386;2009;8;7;2703285.0;2703285.0;26125.0;2677160.0;5;0;0;4;0;0;0;0;43.768500387461586;61;1;24;0;0;1;8193.889973591336;02;1;4;Hauptstrecke;H221;70;Warm (20° bis 31,99° C);Abend;Klar;Georgia;Sommer;Kollision;Flagging, Fixed, Hand and Radio Signals;Human Factors;Güterzug, Lokomotive;1882903.8099881592;Signifikant;False
317;000067798;2009;8;20;50076.0;50076.0;0.0;50076.0;4;0;0;0;0;0;0;0;4.949628046035187;53;0;4;0;0;1;9776.818988698382;04;7;1;Depot;H306;70;Warm (20° bis 31,99° C);Abend;Klar;Ohio;Sommer;Kollision;General Switching Rules;Human Factors;Depot/Rangieren, Güterzug;35158.32338692692;Nicht Signifikant;False
318;000068;2000;1;30;16000.0;16000.0;0.0;16000.0;1;0;0;0;0;0;0;0;1.9635609428485408;24;0;113;0;0;0;6240.402489726566;04;7;1;Depot;H599;24;Kalt (-30° - 0,01° C);Abend;Schnee;Illinois;Winter;Kollision;Train Handling/Train Makeup;Human Factors;Depot/Rangieren, EinzelneWagen;16309.887869520897;Nicht Signifikant;False
319;000068297;2009;9;5;40139.0;40139.0;5000.0;35139.0;1;1;0;0;0;0;0;0;5.5;13;0;51;0;0;2;3104.3534560622547;04;7;1;Depot;S007;70;Warm (20° bis 31,99° C);Abend;Klar;Georgia;Sommer;Kollision;SIGNAL AND COMMUNICATION;Signal and Communication;Depot/Rangieren, EinzelneWagen;28099.36061977878;Nicht Signifikant;False
320;000068488;2009;9;11;231146.0;231146.0;15000.0;216146.0;3;0;0;0;0;0;0;0;2.958916643910756;57;4;0;0;0;0;7262.404822649853;01;6;1;Depot;T221;76;Warm (20° bis 31,99° C);Tag;Wolkig;Kentucky;Sommer;Entgleisung;Rail, Joint Bar and Rail Anchoring;Track, Roadbed and Structures;EinzelneWagen, Güterzug;158384.26750719475;Signifikant;False
321;000068500;2009;9;12;14530.0;14530.0;200.0;14330.0;0;0;0;0;0;0;0;0;7.935695149221832;3;3;3;0;0;1;562.6986090162594;01;6;1;Depot;M411;70;Warm (20° bis 31,99° C);Abend;Klar;Georgia;Sommer;Entgleisung;Unusual Operational Situations;Miscellaneous Causes;EinzelneWagen, EinzelneWagen;9963.656312144276;Nicht Signifikant;False
322;000068507;2009;9;13;57340.0;57340.0;10500.0;46840.0;2;2;0;0;0;0;0;0;10.0;40;3;27;0;0;0;5500.957127043138;04;7;1;Depot;H702;58;Moderat (0° bis 19,99° C);Abend;Klar;New York;Sommer;Kollision;Switches, Use of;Human Factors;Depot/Rangieren, Depot/Rangieren;39349.43727696953;Nicht Signifikant;False
323;000068886;2009;9;25;13120.0;13120.0;50.0;13070.0;0;0;0;0;0;0;0;0;0.9682052417863254;12;0;0;0;0;0;1434.8690415337728;04;6;1;Depot;S016;71;Warm (20° bis 31,99° C);Morgendämmerung;Klar;North Carolina;Herbst;Kollision;SIGNAL AND COMMUNICATION;Signal and Communication;EinzelneWagen, EinzelneWagen;8943.421949556918;Nicht Signifikant;False
324;000069318;2009;10;10;38761.0;38761.0;1000.0;37761.0;8;0;0;0;0;0;0;0;10.0;123;0;121;0;0;2;19528.0;01;1;2;Nebenstrecke;E67C;77;Warm (20° bis 31,99° C);Morgendämmerung;Wolkig;Alabama;Herbst;Entgleisung;Wheels;Mechanical and Electrical Failures;Güterzug, Güterzug;26269.739071501186;Nicht Signifikant;False
325;000069729;2009;10;21;23249.0;23249.0;800.0;22449.0;5;0;0;0;0;0;0;0;3.9542723449729715;103;0;95;0;0;1;9170.0;01;1;1;Depot;H704;60;Moderat (0° bis 19,99° C);Abenddämmerung;Klar;Georgia;Herbst;Entgleisung;Switches, Use of;Human Factors;Güterzug, Güterzug;15581.39534883721;Nicht Signifikant;False
326;000069966;2009;10;30;32068.0;32068.0;800.0;31268.0;4;0;0;0;0;0;0;0;8.0;10;1;3;0;0;0;1318.3024641060344;01;7;1;Depot;H307;60;Moderat (0° bis 19,99° C);Tag;Wolkig;Kentucky;Herbst;Entgleisung;General Switching Rules;Human Factors;Depot/Rangieren, Lokomotive;21667.567567567567;Nicht Signifikant;False
327;000070180;2009;11;7;32976.0;32976.0;500.0;32476.0;2;0;0;0;0;0;0;0;6.0;54;0;41;0;0;3;4335.521739987624;01;6;1;Depot;H306;55;Moderat (0° bis 19,99° C);Abend;Klar;Georgia;Herbst;Entgleisung;General Switching Rules;Human Factors;EinzelneWagen, Güterzug;22127.583430258568;Nicht Signifikant;False
328;000070287;2009;11;11;131007.0;131007.0;4000.0;127007.0;4;0;0;0;0;0;0;0;6.940339448159618;86;13;73;0;0;0;9733.0;01;1;1;Depot;T202;60;Moderat (0° bis 19,99° C);Abend;Klar;Alabama;Herbst;Entgleisung;Rail, Joint Bar and Rail Anchoring;Track, Roadbed and Structures;Güterzug, Güterzug;87123.09636230631;Nicht Signifikant;False
329;000070392;2009;11;12;78409.0;78409.0;20000.0;58409.0;2;0;0;0;0;0;0;0;13.333333333333334;30;0;49;0;0;8;5539.2598802457;04;7;4;Hauptstrecke;H018;55;Moderat (0° bis 19,99° C);Abend;Regen;Virginia;Herbst;Kollision;Brakes, Use of;Human Factors;Depot/Rangieren, EinzelneWagen, Güterzug;52545.90537461467;Nicht Signifikant;False
330;000070431;2009;10;9;28005.0;28005.0;0.0;28005.0;0;0;0;0;0;0;0;0;4.949628046035187;3;0;1;0;0;0;441.49863098143487;04;6;1;Depot;S014;50;Moderat (0° bis 19,99° C);Tag;Klar;New York;Herbst;Kollision;SIGNAL AND COMMUNICATION;Signal and Communication;EinzelneWagen, EinzelneWagen;18986.4406779661;Nicht Signifikant;False
331;000070741;2009;11;28;50787.0;50787.0;100.0;50687.0;5;0;0;0;0;0;0;0;0.9682052417863254;141;0;36;0;0;3;17210.08767726192;04;7;1;Depot;H307;29;Kalt (-30° - 0,01° C);Abend;Klar;Indiana;Herbst;Kollision;General Switching Rules;Human Factors;Depot/Rangieren, Depot/Rangieren;33964.42185514612;Nicht Signifikant;False
332;000071099;2009;12;10;212868.0;212868.0;500.0;212368.0;2;0;0;0;0;0;0;0;8.931050850284048;15;1;192;0;0;5;8004.620482369304;01;6;1;Depot;T220;60;Moderat (0° bis 19,99° C);Abend;Regen;Georgia;Herbst;Entgleisung;Rail, Joint Bar and Rail Anchoring;Track, Roadbed and Structures;EinzelneWagen, Güterzug;144513.2382892057;Nicht Signifikant;False
333;000071172;2009;12;12;23247.0;23247.0;8500.0;14747.0;0;0;0;0;0;0;0;0;7.957130099481222;2;0;2;0;0;1;394.5576248739073;01;6;1;Depot;S007;34;Moderat (0° bis 19,99° C);Tag;Klar;Indiana;Herbst;Entgleisung;SIGNAL AND COMMUNICATION;Signal and Communication;EinzelneWagen, EinzelneWagen, EinzelneWagen;15792.441294354749;Nicht Signifikant;False
334;000071173;2009;12;12;17521.0;17521.0;800.0;16721.0;1;0;0;0;0;0;0;0;5.0;15;2;4;0;0;0;1937.145037961129;05;7;1;Depot;S014;20;Kalt (-30° - 0,01° C);Abend;Klar;New York;Herbst;Kollision;SIGNAL AND COMMUNICATION;Signal and Communication;Depot/Rangieren, EinzelneWagen;11902.583727723557;Nicht Signifikant;False
335;000071193;2009;12;13;14755.0;14755.0;6000.0;8755.0;4;0;0;0;0;0;0;0;7.935695149221832;136;2;53;0;0;0;13977.752611058488;06;7;1;Depot;E32C;47;Moderat (0° bis 19,99° C);Tag;Regen;Kentucky;Herbst;Kollision;Coupler and Draft System;Mechanical and Electrical Failures;Depot/Rangieren, Güterzug;10048.580054936325;Nicht Signifikant;False
336;000071369;2009;12;18;42215.0;42215.0;500.0;41715.0;1;0;0;0;0;0;0;0;3.9542723449729715;27;3;1;0;0;1;3231.983977296486;01;7;1;Depot;H306;20;Kalt (-30° - 0,01° C);Abend;Wolkig;Ohio;Herbst;Entgleisung;General Switching Rules;Human Factors;Depot/Rangieren, EinzelneWagen;29444.793192439145;Nicht Signifikant;False
337;000071507;2009;12;26;17164.0;17164.0;0.0;17164.0;1;0;0;0;0;0;0;0;6.940339448159618;32;0;21;0;0;1;4350.872181169106;04;7;1;Depot;H308;38;Moderat (0° bis 19,99° C);Tag;Klar;Ohio;Winter;Kollision;General Switching Rules;Human Factors;Depot/Rangieren, EinzelneWagen;11918.202964968927;Nicht Signifikant;False
338;000071564;2009;12;29;114062.0;114062.0;2000.0;112062.0;3;0;0;0;0;0;0;0;47.749923191710444;64;2;13;0;0;5;528.7428632521262;01;6;1;Nebenstrecke;E67C;48;Moderat (0° bis 19,99° C);Tag;Klar;Georgia;Winter;Entgleisung;Wheels;Mechanical and Electrical Failures;EinzelneWagen, Güterzug;79028.61497956073;Nicht Signifikant;True
339;000072137;2010;1;19;20857.0;20857.0;550.0;20307.0;2;0;0;0;0;0;0;0;5.944983747097401;58;5;22;0;0;0;7435.576799510476;01;7;1;Depot;H993;30;Kalt (-30° - 0,01° C);Tag;Wolkig;Ohio;Winter;Entgleisung;Miscellaneous;Human Factors;Depot/Rangieren, EinzelneWagen;14606.765179634429;Nicht Signifikant;False
340;000072662;2010;1;31;25350.0;25350.0;200.0;25150.0;2;0;0;0;0;0;0;0;3.9542723449729715;14;4;7;0;0;0;1953.944926060463;01;7;1;Industriestrecke;T210;42;Moderat (0° bis 19,99° C);Tag;Klar;Georgia;Winter;Entgleisung;Rail, Joint Bar and Rail Anchoring;Track, Roadbed and Structures;Depot/Rangieren, EinzelneWagen;18197.262633996936;Nicht Signifikant;False
341;000073486;2010;2;28;28890.0;28890.0;2000.0;26890.0;0;0;0;0;0;0;0;0;9.0;5;4;2;0;0;0;777.8960542421946;01;5;1;Depot;H318;32;Moderat (0° bis 19,99° C);Abend;Klar;Indiana;Winter;Entgleisung;General Switching Rules;Human Factors;EinzelneWagen, EinzelneWagen;21336.779911373706;Nicht Signifikant;False
342;000073830;2010;3;9;583588.0;583588.0;0.0;583588.0;4;0;0;1;0;0;0;0;8.5;101;0;67;0;0;0;15093.0;04;1;2;Hauptstrecke;H221;35;Moderat (0° bis 19,99° C);Abend;Nebel;Illinois;Winter;Kollision;Flagging, Fixed, Hand and Radio Signals;Human Factors;Güterzug, Güterzug;430469.86796488904;Signifikant;False
343;000074552;2010;4;1;143353.0;143353.0;1500.0;141853.0;0;0;0;0;0;0;0;0;12.0;3;0;2;0;0;2;544.6850576139082;01;6;1;Depot;S099;75;Warm (20° bis 31,99° C);Tag;Klar;Georgia;Frühling;Entgleisung;other software/programming deficiencies, etc.);Signal and Communication;EinzelneWagen, EinzelneWagen, EinzelneWagen, EinzelneWagen;106439.70893970894;Nicht Signifikant;True
344;000074595;2010;4;2;39317.0;39317.0;3350.0;35967.0;3;0;0;0;0;0;0;0;5.0;97;2;97;0;0;1;15784.1516038324;01;7;1;Depot;H399;48;Moderat (0° bis 19,99° C);Morgendämmerung;Klar;New York;Frühling;Entgleisung;General Switching Rules;Human Factors;Depot/Rangieren, Güterzug;29224.148183385863;Nicht Signifikant;False
345;000074812;2010;4;9;49168.0;49168.0;0.0;46168.0;2;0;0;0;0;0;0;0;4.932837394713583;40;4;0;0;0;0;4733.403065935599;01;7;1;Depot;H704;49;Moderat (0° bis 19,99° C);Abend;Klar;Maryland;Frühling;Entgleisung;Switches, Use of;Human Factors;Depot/Rangieren, EinzelneWagen, EinzelneWagen;36736.40167364017;Nicht Signifikant;False
346;000074977;2010;4;15;194054.0;194054.0;3000.0;191054.0;4;2;0;0;0;0;0;0;7.5;133;1;56;0;0;0;20129.0;04;1;1;Depot;H607;53;Moderat (0° bis 19,99° C);Morgendämmerung;Nebel;Kentucky;Frühling;Kollision;Speed;Human Factors;Güterzug, Güterzug;143276.7277023036;Nicht Signifikant;False
347;000075120;2010;4;20;24009.0;24009.0;200.0;23809.0;2;0;0;0;0;0;0;0;2.958916643910756;61;0;97;0;0;1;9963.76466855272;04;7;1;Depot;H306;65;Moderat (0° bis 19,99° C);Abend;Klar;North Carolina;Frühling;Kollision;General Switching Rules;Human Factors;Depot/Rangieren, Depot/Rangieren;17802.906718078008;Nicht Signifikant;False
348;000075679;2010;5;8;180800.0;180800.0;1000.0;179800.0;5;0;0;0;0;0;0;0;4.5;91;0;172;0;0;4;16553.864236043526;04;7;1;Depot;H307;85;Warm (20° bis 31,99° C);Tag;Klar;Georgia;Frühling;Kollision;General Switching Rules;Human Factors;Depot/Rangieren, Güterzug;141025.9743636411;Nicht Signifikant;False
349;000075814;2010;5;12;63413.0;63413.0;0.0;63413.0;1;0;0;0;0;0;0;0;5.0;3;0;0;0;0;0;411.05222077044647;04;7;1;Depot;H021;82;Warm (20° bis 31,99° C);Tag;Klar;Florida;Frühling;Kollision;Brakes, Use of;Human Factors;Depot/Rangieren, EinzelneWagen;49986.5994009144;Nicht Signifikant;False
350;000076117;2010;5;21;230436.0;230436.0;9000.0;221436.0;3;0;0;0;0;0;0;0;7.5;91;2;37;0;0;5;11594.841012244426;06;7;1;Depot;E30C;65;Moderat (0° bis 19,99° C);Abend;Regen;Alabama;Frühling;Kollision;Coupler and Draft System;Mechanical and Electrical Failures;Depot/Rangieren, Depot/Rangieren;184393.05433303994;Signifikant;False
351;000076374;2010;5;31;61105.0;61105.0;200.0;60905.0;2;0;0;0;0;0;0;0;7.0;16;0;25;0;0;5;2658.4591680225517;04;7;1;Depot;H706;70;Warm (20° bis 31,99° C);Abend;Klar;Georgia;Frühling;Kollision;Switches, Use of;Human Factors;Depot/Rangieren, Depot/Rangieren;49650.60534655075;Nicht Signifikant;False
352;000076388;2010;6;1;19582.0;19582.0;0.0;19582.0;1;0;0;0;0;0;0;0;2.958916643910756;37;0;0;0;0;0;3913.736492471696;04;6;1;Depot;H302;68;Warm (20° bis 31,99° C);Abend;Wolkig;Virginia;Frühling;Kollision;General Switching Rules;Human Factors;EinzelneWagen, Güterzug;16110.242698477992;Nicht Signifikant;False
353;000076446;2010;6;1;35362.0;35362.0;10000.0;25362.0;3;0;0;0;0;0;0;0;4.949628046035187;49;5;34;0;0;0;6777.116901279011;01;7;1;Depot;T220;67;Moderat (0° bis 19,99° C);Abend;Klar;Ohio;Frühling;Entgleisung;Rail, Joint Bar and Rail Anchoring;Track, Roadbed and Structures;Depot/Rangieren, EinzelneWagen;29092.55450431921;Nicht Signifikant;False
354;000077088;2010;6;21;22463.0;22463.0;0.0;22463.0;0;0;0;0;0;0;0;0;10.0;4;3;0;0;0;0;583.6367682931457;01;6;1;Depot;S016;78;Warm (20° bis 31,99° C);Tag;Wolkig;Georgia;Sommer;Entgleisung;SIGNAL AND COMMUNICATION;Signal and Communication;EinzelneWagen, EinzelneWagen;18128.48034864014;Nicht Signifikant;False
355;000077945;2010;7;16;201182.0;201182.0;200.0;200982.0;2;0;0;0;0;0;0;0;4.949628046035187;67;2;30;0;0;0;9673.095985280208;04;6;1;Industriestrecke;H307;77;Warm (20° bis 31,99° C);Abend;Klar;Alabama;Sommer;Kollision;General Switching Rules;Human Factors;EinzelneWagen, Güterzug;154755.38461538462;Signifikant;False
356;000078254;2010;7;25;19493.0;19493.0;0.0;19493.0;1;0;0;0;0;0;0;0;4.949628046035187;30;0;6;0;0;0;3665.1811443263555;04;7;1;Depot;S016;97;Heiß (>= 32° C);Tag;Klar;Georgia;Sommer;Kollision;SIGNAL AND COMMUNICATION;Signal and Communication;Depot/Rangieren, EinzelneWagen;15087.850563740036;Nicht Signifikant;False
357;000078886;2010;8;10;51059.0;51059.0;500.0;50559.0;4;1;0;2;0;0;0;0;6.0;32;0;2;0;0;0;3998.0;04;1;1;Depot;H307;85;Warm (20° bis 31,99° C);Abenddämmerung;Wolkig;West Virginia;Sommer;Kollision;General Switching Rules;Human Factors;Güterzug, Güterzug;38878.397928881444;Signifikant;False
358;000079235;2010;8;20;11929.0;11929.0;0.0;11929.0;4;0;0;0;0;0;0;0;13.907829355595124;0;0;76;0;0;4;4032.8899735913355;03;1;2;Nebenstrecke;H604;73;Warm (20° bis 31,99° C);Abend;Nebel;Kentucky;Sommer;Kollision;Speed;Human Factors;Güterzug, Lokomotive;9384.784832035246;Nicht Signifikant;False
359;000079355;2010;8;24;237599.0;237599.0;150.0;237449.0;1;0;0;0;0;0;0;0;2.5;16;0;1;0;0;1;1749.3609655972818;04;6;1;Industriestrecke;H018;80;Warm (20° bis 31,99° C);Abend;Wolkig;West Virginia;Sommer;Kollision;Brakes, Use of;Human Factors;EinzelneWagen, Güterzug;188406.15335817935;Signifikant;False
360;000079572;2010;8;31;36602.0;36602.0;500.0;36102.0;2;0;0;0;0;0;0;0;3.9542723449729715;69;1;36;0;0;0;9034.722048294903;04;7;1;Depot;H306;66;Moderat (0° bis 19,99° C);Abend;Klar;Tennessee;Sommer;Kollision;General Switching Rules;Human Factors;Depot/Rangieren, Depot/Rangieren;28865.930599369083;Nicht Signifikant;False
361;000079969;2010;9;12;14671.0;14671.0;500.0;14171.0;0;0;0;0;0;0;0;0;5.5;2;2;0;0;0;0;336.5128782368152;01;5;1;Depot;S016;81;Warm (20° bis 31,99° C);Tag;Klar;Tennessee;Sommer;Entgleisung;SIGNAL AND COMMUNICATION;Signal and Communication;EinzelneWagen, EinzelneWagen;11483.549455997078;Nicht Signifikant;False
362;000080235;2010;9;18;13794.0;13794.0;0.0;13794.0;1;0;0;0;0;0;0;0;3.9542723449729715;9;0;15;0;0;1;1551.7729557302305;04;7;1;Depot;H318;58;Moderat (0° bis 19,99° C);Abend;Klar;New York;Sommer;Kollision;General Switching Rules;Human Factors;Depot/Rangieren, EinzelneWagen;10558.24871153748;Nicht Signifikant;False