index;INCDTNO;YEAR4;MONTH;DAY;ACCDMG;INFRASTRUCTURE_DMG;TRKDMG;EQPDMG;LOCOMOTIVES1;LOCOMOTIVES2;RREMPKLD;RREMPINJ;PASSKLD;PASSINJ;OTHERKLD;OTHERINJ;SPEED;LOADF1;LOADF2;EMPTYF1;EMPTYP1;LOADP1;EMPTYF2;TONS;TYPE;TYPEQ;TRKCLAS;TYPTRK;ACCAUSE;TEMP;TEMP_CLUSTER;VISIBLTY;WEATHER;STATE;Jahreszeit;ACCIDENT_TYPE;ACCCAUSE_LVL1;ACCCAUSE_LVL2;EQUIPMENT_TYPE;ACCDMG_EUR;ACCTYPE;SPD_TOO_HIGH
363;000080484;2010;9;22;152857.0;152857.0;2500.0;150357.0;1;0;0;0;0;0;0;0;2.5;40;4;22;0;0;2;5371.294186224823;04;7;1;Depot;H999;76;Warm (20° bis 31,99° C);Tag;Klar;Ohio;Sommer;Kollision;Miscellaneous;Human Factors;Depot/Rangieren, EinzelneWagen;114379.67674348997;Nicht Signifikant;False
364;000080947;2010;10;8;59206.0;59206.0;0.0;42630.0;2;0;0;0;0;0;0;0;5.944983747097401;143;5;0;0;0;0;12165.974077407966;01;6;1;Industriestrecke;E64C;60;Moderat (0° bis 19,99° C);Abend;Klar;Alabama;Herbst;Entgleisung;Wheels;Mechanical and Electrical Failures;EinzelneWagen, Güterzug;42674.06659939455;Nicht Signifikant;False
365;000080984;2010;10;9;74987.0;74987.0;4000.0;70987.0;2;0;0;0;0;0;0;0;3.9542723449729715;25;5;8;0;0;0;3610.5042192310684;01;6;1;Depot;H318;50;Moderat (0° bis 19,99° C);Abend;Klar;Tennessee;Herbst;Entgleisung;General Switching Rules;Human Factors;EinzelneWagen, Güterzug;53968.18923327896;Nicht Signifikant;False
366;000081082;2010;10;12;9222.0;9222.0;200.0;9022.0;5;0;0;0;0;0;0;0;13.907829355595124;49;0;92;0;0;2;9507.0;03;1;4;Hauptstrecke;H222;63;Moderat (0° bis 19,99° C);Abend;Klar;Georgia;Herbst;Kollision;Flagging, Fixed, Hand and Radio Signals;Human Factors;Güterzug, Güterzug;6666.666666666667;Nicht Signifikant;False
367;000081224;2010;10;15;18638.0;18638.0;50.0;18588.0;2;0;0;0;0;0;0;0;2.958916643910756;0;0;48;0;0;5;2329.1892734631147;05;6;1;Industriestrecke;H307;36;Moderat (0° bis 19,99° C);Abend;Klar;Alabama;Herbst;Kollision;General Switching Rules;Human Factors;EinzelneWagen, Güterzug;13228.760025551848;Nicht Signifikant;False
368;000081692;2010;10;28;125572.0;125572.0;1000.0;124572.0;2;1;0;0;0;0;0;0;5.0;65;1;40;0;0;0;9455.208655774451;04;7;1;Depot;H399;42;Moderat (0° bis 19,99° C);Abend;Klar;Ohio;Herbst;Kollision;General Switching Rules;Human Factors;Depot/Rangieren, Güterzug;90619.90329797215;Nicht Signifikant;False
369;000082452;2010;11;22;29018.0;29018.0;100.0;28918.0;1;0;0;0;0;0;0;0;3.5;64;0;53;0;0;1;8965.394892857006;05;7;1;Depot;M599;69;Warm (20° bis 31,99° C);Tag;Klar;Tennessee;Herbst;Kollision;Other Miscellaneous;Miscellaneous Causes;Depot/Rangieren, EinzelneWagen;21263.281307247013;Nicht Signifikant;False
370;000082707;2010;12;5;18403.0;18403.0;100.0;18303.0;4;0;0;0;0;0;0;0;39.78707758321272;175;0;13;0;0;0;22576.0;05;1;5;Hauptstrecke;E29C;24;Kalt (-30° - 0,01° C);Abend;Schnee;New York;Herbst;Kollision;Body;Mechanical and Electrical Failures;Güterzug, Güterzug;13869.517158217355;Nicht Signifikant;False
371;000082799;2010;12;7;43440.0;43440.0;100.0;43340.0;4;0;0;0;0;0;0;0;2.0;75;2;30;0;0;1;10614.0;04;1;1;Depot;H306;28;Kalt (-30° - 0,01° C);Tag;Schnee;West Virginia;Herbst;Kollision;General Switching Rules;Human Factors;Güterzug, Güterzug;32507.670433285937;Nicht Signifikant;False
372;000083146;2010;12;14;49205.0;49205.0;18000.0;31205.0;2;0;0;0;0;0;0;0;7.935695149221832;101;6;0;0;0;0;9356.12766558133;01;6;1;Depot;T220;18;Kalt (-30° - 0,01° C);Tag;Klar;Kentucky;Herbst;Entgleisung;Rail, Joint Bar and Rail Anchoring;Track, Roadbed and Structures;EinzelneWagen, Güterzug;36624.488276888726;Nicht Signifikant;False
373;000083396;2010;12;21;75065.0;75065.0;2500.0;72565.0;1;0;0;0;0;0;0;0;7.5;29;3;4;0;0;1;3550.8380569879682;01;7;1;Depot;S007;37;Moderat (0° bis 19,99° C);Tag;Wolkig;Kentucky;Winter;Entgleisung;SIGNAL AND COMMUNICATION;Signal and Communication;Depot/Rangieren, EinzelneWagen;57061.95362979856;Nicht Signifikant;False
374;000083712;2011;1;3;9647.0;9647.0;50.0;9597.0;2;0;0;0;0;0;0;0;2.958916643910756;59;2;60;0;0;0;13361.674586250641;05;6;1;Industriestrecke;H702;24;Kalt (-30° - 0,01° C);Abend;Klar;Georgia;Winter;Kollision;Switches, Use of;Human Factors;EinzelneWagen, Güterzug;7227.299970032964;Nicht Signifikant;False
375;000084016;2011;1;13;18188.0;18188.0;50.0;18138.0;2;0;0;0;0;0;0;0;2.958916643910756;1;0;48;0;0;8;1669.7827940133125;01;6;1;Depot;T220;28;Kalt (-30° - 0,01° C);Morgendämmerung;Klar;South Carolina;Winter;Entgleisung;Rail, Joint Bar and Rail Anchoring;Track, Roadbed and Structures;EinzelneWagen, Güterzug;13779.831805439806;Nicht Signifikant;False
376;000085767;2011;2;21;13815.0;13815.0;0.0;13815.0;4;0;0;0;0;0;0;1;28.838164871528356;96;0;16;0;0;0;13935.0;07;1;4;Hauptstrecke;M302;66;Moderat (0° bis 19,99° C);Tag;Klar;Alabama;Winter;Bahnübergang;Loading Procedures;Loading;Güterzug, Güterzug;10107.550482879718;Signifikant;False
377;000086269;2011;3;6;10643.0;10643.0;300.0;10343.0;0;0;0;0;0;0;0;0;7.0;1;1;1;0;0;1;235.07285754013844;01;5;1;Depot;E04C;51;Moderat (0° bis 19,99° C);Abenddämmerung;Wolkig;North Carolina;Winter;Entgleisung;Brakes;Mechanical and Electrical Failures;EinzelneWagen, EinzelneWagen;7599.790541023018;Nicht Signifikant;False
378;000086971;2011;3;22;131428.0;131428.0;3000.0;128428.0;3;0;0;0;0;0;0;0;6.5;131;2;69;0;0;0;14350.043665019472;06;7;1;Depot;E39C;34;Moderat (0° bis 19,99° C);Abend;Wolkig;New York;Frühling;Kollision;Coupler and Draft System;Mechanical and Electrical Failures;Depot/Rangieren, Güterzug;92483.28759411722;Nicht Signifikant;False
379;000087070;2011;3;24;27482.0;27482.0;0.0;27482.0;6;0;0;0;0;0;0;0;2.958916643910756;21;0;34;0;0;0;4284.090451398879;04;6;1;Nebenstrecke;H302;42;Moderat (0° bis 19,99° C);Abend;Klar;Tennessee;Frühling;Kollision;General Switching Rules;Human Factors;EinzelneWagen, Güterzug;19452.15175537939;Nicht Signifikant;False
380;000087682;2011;4;11;46162.0;46162.0;250.0;45912.0;1;0;0;0;0;0;0;0;3.0;18;0;10;0;0;0;2421.8776908192076;04;7;1;Depot;S016;65;Moderat (0° bis 19,99° C);Abend;Klar;New York;Frühling;Kollision;SIGNAL AND COMMUNICATION;Signal and Communication;Depot/Rangieren, EinzelneWagen;31981.432728280448;Nicht Signifikant;False
381;000088161;2011;4;25;67566.0;67566.0;100.0;67466.0;3;0;0;1;0;0;0;0;7.0;0;0;40;0;0;3;1292.0764594804284;04;6;1;Industriestrecke;H702;50;Moderat (0° bis 19,99° C);Tag;Regen;New York;Frühling;Kollision;Switches, Use of;Human Factors;EinzelneWagen, Lokomotive;46245.14044790012;Signifikant;False
382;000089143;2011;5;11;104126.0;104126.0;0.0;104126.0;2;0;0;0;0;0;0;0;3.5;44;0;17;0;0;1;5594.175634676254;04;7;1;Depot;M599;79;Warm (20° bis 31,99° C);Tag;Klar;Ohio;Frühling;Kollision;Other Miscellaneous;Miscellaneous Causes;Depot/Rangieren, Depot/Rangieren;72526.2937939681;Nicht Signifikant;False
383;000089589;2011;5;20;90834.0;90834.0;500.0;90334.0;1;0;0;0;0;0;0;0;6.920452597546157;38;1;91;0;0;3;7222.1245269418105;01;7;1;Depot;H307;72;Warm (20° bis 31,99° C);Tag;Klar;Ohio;Frühling;Entgleisung;General Switching Rules;Human Factors;Depot/Rangieren, EinzelneWagen, Wartungszug;63801.36264662499;Nicht Signifikant;False
384;000089649;2011;5;21;220800.0;220800.0;800.0;220000.0;4;1;0;0;0;0;0;0;12.91247365453291;120;2;9;0;0;0;11000.0;03;1;3;Hauptstrecke;H222;75;Warm (20° bis 31,99° C);Tag;Klar;Virginia;Frühling;Kollision;Flagging, Fixed, Hand and Radio Signals;Human Factors;Güterzug, Güterzug;155880.8302348567;Signifikant;False
385;000089680;2011;5;24;1457301.0;1457301.0;40000.0;1417301.0;4;2;2;2;0;0;0;0;47.749923191710444;34;12;1;0;0;1;2643.0;03;1;4;Hauptstrecke;H222;65;Moderat (0° bis 19,99° C);Abend;Klar;North Carolina;Frühling;Kollision;Flagging, Fixed, Hand and Radio Signals;Human Factors;Güterzug, Güterzug;1034353.751153382;Schwer;False
386;000090802;2011;6;21;17984.0;17984.0;0.0;17984.0;4;0;0;0;0;0;0;0;3.9542723449729715;100;1;97;0;0;0;13052.0;01;1;1;Depot;H307;82;Warm (20° bis 31,99° C);Tag;Wolkig;West Virginia;Sommer;Entgleisung;General Switching Rules;Human Factors;Güterzug, Güterzug;12512.349544284421;Nicht Signifikant;False
387;000091310;2011;7;5;23926.0;23926.0;3000.0;20926.0;2;0;0;0;0;0;0;0;2.958916643910756;57;3;5;0;0;0;10142.666678875554;01;6;1;Depot;H704;80;Warm (20° bis 31,99° C);Abend;Klar;New Jersey;Sommer;Entgleisung;Switches, Use of;Human Factors;EinzelneWagen, Güterzug;16545.190512412697;Nicht Signifikant;False
388;000091345;2011;7;6;574330.0;574330.0;42000.0;532330.0;4;2;0;2;0;0;0;0;21.870674964092846;85;4;19;0;0;0;12521.0;03;1;3;Hauptstrecke;H222;85;Warm (20° bis 31,99° C);Tag;Klar;New York;Sommer;Kollision;Flagging, Fixed, Hand and Radio Signals;Human Factors;Güterzug, Güterzug;401124.4587232854;Signifikant;False
389;000091412;2011;7;7;11300.0;11300.0;100.0;11200.0;0;0;0;0;0;0;0;0;3.9542723449729715;0;0;56;0;0;3;1779.2190228562433;04;6;1;Depot;H021;75;Warm (20° bis 31,99° C);Tag;Wolkig;New York;Sommer;Kollision;Brakes, Use of;Human Factors;EinzelneWagen, EinzelneWagen;7931.494349687653;Nicht Signifikant;False
390;000092018;2011;7;21;133374.0;133374.0;9000.0;124374.0;6;0;0;0;0;0;0;0;1.9635609428485408;61;1;53;0;0;7;3810.6210800972112;04;7;1;Depot;H307;92;Heiß (>= 32° C);Tag;Klar;Ohio;Sommer;Kollision;General Switching Rules;Human Factors;Depot/Rangieren, Güterzug;93780.05906342287;Nicht Signifikant;False
391;000092071;2011;7;22;31481.0;31481.0;0.0;31481.0;2;0;0;0;0;0;0;0;1.0;21;0;26;0;0;0;3250.292527782798;04;7;1;Depot;T305;94;Heiß (>= 32° C);Tag;Klar;Maryland;Sommer;Kollision;Frogs, Switches and Track Appliances;Track, Roadbed and Structures;Depot/Rangieren, EinzelneWagen;21875.477729136266;Nicht Signifikant;False
392;000093457;2011;8;30;189169.0;189169.0;1000.0;188169.0;3;0;0;0;0;0;0;0;6.5;53;3;55;0;0;2;8450.275719873367;04;7;1;Depot;H702;70;Warm (20° bis 31,99° C);Abend;Klar;North Carolina;Sommer;Kollision;Switches, Use of;Human Factors;Depot/Rangieren, Güterzug;131349.11817803083;Nicht Signifikant;False
393;000094106;2011;9;16;26890.0;26890.0;0.0;23402.0;3;0;0;0;0;0;0;0;2.958916643910756;71;1;6;0;0;0;3145.647398120594;04;5;1;Depot;H306;46;Moderat (0° bis 19,99° C);Abend;Klar;Massachusetts;Sommer;Kollision;General Switching Rules;Human Factors;EinzelneWagen, Güterzug;19542.1511627907;Nicht Signifikant;False
394;000094156;2011;9;17;16317.0;16317.0;500.0;15817.0;4;0;0;0;0;0;0;0;3.9542723449729715;99;2;42;0;0;0;12489.842098737616;04;7;1;Depot;H305;46;Moderat (0° bis 19,99° C);Abend;Klar;New York;Sommer;Kollision;General Switching Rules;Human Factors;Depot/Rangieren, Güterzug;11892.568207769491;Nicht Signifikant;False
395;000095421;2011;10;8;89834.0;89834.0;0.0;89834.0;3;0;0;0;0;0;0;0;4.949628046035187;92;0;128;0;0;1;15835.656742552317;01;7;1;Depot;H306;86;Warm (20° bis 31,99° C);Tag;Klar;Ohio;Herbst;Entgleisung;General Switching Rules;Human Factors;Depot/Rangieren, Güterzug;66607.84459108772;Nicht Signifikant;False
396;000095434;2011;10;9;152300.0;152300.0;4000.0;148300.0;2;0;0;0;0;0;0;0;6.940339448159618;121;10;27;0;0;0;17334.789568168384;01;6;1;Depot;T111;75;Warm (20° bis 31,99° C);Tag;Wolkig;Georgia;Herbst;Entgleisung;Track Geometry;Track, Roadbed and Structures;EinzelneWagen, Güterzug;112481.53618906943;Nicht Signifikant;False
397;000095896;2011;10;21;267989.0;267989.0;3000.0;264989.0;5;1;0;0;0;0;0;0;7.935695149221832;45;1;74;0;0;0;6800.0;05;1;1;Depot;T311;55;Moderat (0° bis 19,99° C);Abenddämmerung;Wolkig;New Jersey;Herbst;Kollision;Frogs, Switches and Track Appliances;Track, Roadbed and Structures;Güterzug, Güterzug;194223.07580808815;Signifikant;False
398;000095903;2011;10;22;30913.0;30913.0;1000.0;29913.0;4;0;0;0;0;0;0;0;2.958916643910756;43;0;52;0;0;3;6549.002636770405;01;7;3;Depot;H306;51;Moderat (0° bis 19,99° C);Tag;Wolkig;New York;Herbst;Entgleisung;General Switching Rules;Human Factors;Depot/Rangieren, Depot/Rangieren;22372.62375759915;Nicht Signifikant;False
399;000096031;2011;10;25;10222.0;10222.0;500.0;9722.0;0;0;0;0;0;0;0;0;11.917117953470694;2;2;7;0;0;0;549.6377497137341;01;6;1;Depot;M407;68;Warm (20° bis 31,99° C);Tag;Klar;Ohio;Herbst;Entgleisung;Unusual Operational Situations;Miscellaneous Causes;EinzelneWagen, EinzelneWagen;7344.446041097859;Nicht Signifikant;True
400;000097592;2011;11;11;107430.0;107430.0;50.0;107380.0;4;0;0;0;0;0;0;0;6.940339448159618;60;1;21;0;0;1;11833.715031578191;04;7;1;Depot;H305;46;Moderat (0° bis 19,99° C);Tag;Klar;New York;Herbst;Kollision;General Switching Rules;Human Factors;Depot/Rangieren, Güterzug;78703.2967032967;Nicht Signifikant;False
401;000098112;2011;11;29;13378.0;13378.0;500.0;12878.0;1;0;0;0;0;0;0;0;6.5;19;3;10;0;0;0;2594.462238341907;01;7;1;Depot;H018;50;Moderat (0° bis 19,99° C);Abend;Wolkig;North Carolina;Herbst;Entgleisung;Brakes, Use of;Human Factors;Depot/Rangieren, EinzelneWagen;10031.49370125975;Nicht Signifikant;False
402;000098192;2011;11;30;42253.0;42253.0;2500.0;39753.0;3;0;0;0;0;0;0;0;3.9542723449729715;48;4;4;0;0;0;5730.358129422286;01;7;1;Depot;T207;46;Moderat (0° bis 19,99° C);Tag;Klar;Georgia;Herbst;Entgleisung;Rail, Joint Bar and Rail Anchoring;Track, Roadbed and Structures;Depot/Rangieren, EinzelneWagen;31489.7898345506;Nicht Signifikant;False
403;000099335;2012;1;6;2549805.0;2549805.0;62500.0;2487305.0;4;0;0;2;0;0;0;0;43.768500387461586;27;0;110;0;0;14;6464.0;03;1;4;Hauptstrecke;H605;45;Moderat (0° bis 19,99° C);Tag;Klar;Indiana;Winter;Kollision;Speed;Human Factors;Güterzug, Güterzug;1995777.238572323;Signifikant;False
404;000099680;2012;1;16;24502.0;24502.0;0.0;24502.0;2;0;0;0;0;0;0;0;3.9542723449729715;12;1;0;0;0;0;1454.4780825315863;01;7;1;Industriestrecke;H303;50;Moderat (0° bis 19,99° C);Abend;Klar;Georgia;Winter;Entgleisung;General Switching Rules;Human Factors;Depot/Rangieren, EinzelneWagen;19340.121556555372;Nicht Signifikant;False
405;000100485;2012;2;7;10990.0;10990.0;50.0;10940.0;3;0;0;0;0;0;0;0;28.838164871528356;16;0;21;0;0;1;32097.26282863272;02;6;3;Hauptstrecke;M504;61;Moderat (0° bis 19,99° C);Abend;Klar;Florida;Winter;Kollision;Other Miscellaneous;Miscellaneous Causes;EinzelneWagen, Güterzug;8380.99595820941;Nicht Signifikant;False
406;000100929;2012;2;19;67437.0;67437.0;20000.0;47437.0;1;0;0;0;0;0;0;0;0.0;50;1;13;0;0;2;6176.023616625072;01;7;1;Depot;H702;75;Warm (20° bis 31,99° C);Tag;Klar;Florida;Winter;Entgleisung;Switches, Use of;Human Factors;Depot/Rangieren, EinzelneWagen;50971.504875160615;Nicht Signifikant;False
407;000101056;2012;2;23;13663.0;13663.0;0.0;13663.0;3;0;0;0;0;0;0;0;4.0;61;1;0;0;0;0;7028.5918844652515;04;7;1;Depot;H306;34;Moderat (0° bis 19,99° C);Tag;Wolkig;Ohio;Winter;Kollision;General Switching Rules;Human Factors;Depot/Rangieren, Depot/Rangieren;10272.932330827067;Nicht Signifikant;False
408;000101527;2012;3;7;21697.0;21697.0;800.0;20897.0;2;0;0;0;0;0;0;0;4.0;6;2;9;0;0;2;1068.5203374915586;01;7;1;Depot;H999;73;Warm (20° bis 31,99° C);Tag;Klar;Louisiana;Winter;Entgleisung;Miscellaneous;Human Factors;Depot/Rangieren, EinzelneWagen;16537.34756097561;Nicht Signifikant;False
409;000101574;2012;3;11;106986.0;106986.0;0.0;89949.0;2;0;0;0;0;0;0;0;2.958916643910756;51;4;0;0;0;0;5168.256439118408;01;5;1;Industriestrecke;T314;70;Warm (20° bis 31,99° C);Tag;Wolkig;Alabama;Winter;Entgleisung;Frogs, Switches and Track Appliances;Track, Roadbed and Structures;EinzelneWagen, Güterzug;81401.50650536407;Nicht Signifikant;False
410;000102784;2012;4;17;124896.0;124896.0;1000.0;123896.0;2;0;0;0;0;0;0;0;1.9635609428485408;17;0;5;0;0;2;2158.848284473821;01;7;1;Depot;H306;60;Moderat (0° bis 19,99° C);Abenddämmerung;Klar;Ohio;Frühling;Entgleisung;General Switching Rules;Human Factors;Depot/Rangieren, EinzelneWagen;95108.13280536096;Nicht Signifikant;False
411;000102849;2012;4;17;24420.0;24420.0;0.0;24420.0;0;0;0;0;0;0;0;0;4.5;0;0;4;0;0;2;194.52565726543855;01;6;1;Depot;E06C;70;Warm (20° bis 31,99° C);Abenddämmerung;Klar;Indiana;Frühling;Entgleisung;Brakes;Mechanical and Electrical Failures;EinzelneWagen, EinzelneWagen;18595.79652756625;Nicht Signifikant;False
412;000103059;2012;4;25;13153.0;13153.0;0.0;13153.0;4;0;0;0;0;0;0;0;6.940339448159618;0;0;1;0;0;1;101.7063920130664;04;7;1;Depot;H302;44;Moderat (0° bis 19,99° C);Abend;Wolkig;Kentucky;Frühling;Kollision;General Switching Rules;Human Factors;Depot/Rangieren, Lokomotive;9959.866727245191;Nicht Signifikant;False
413;000103654;2012;5;11;109969.0;109969.0;3000.0;106969.0;1;0;0;0;0;0;0;0;4.0;22;2;5;0;0;5;2771.293592973961;01;7;1;Depot;H301;70;Warm (20° bis 31,99° C);Abenddämmerung;Klar;Illinois;Frühling;Entgleisung;General Switching Rules;Human Factors;Depot/Rangieren, EinzelneWagen;84957.50927070457;Nicht Signifikant;False
414;000104316;2012;5;28;19870.0;19870.0;500.0;19370.0;2;0;0;0;0;0;0;0;1.951414590464721;29;1;74;0;0;3;5281.789943795572;01;6;1;Depot;H310;62;Moderat (0° bis 19,99° C);Abend;Klar;Tennessee;Frühling;Entgleisung;General Switching Rules;Human Factors;EinzelneWagen, EinzelneWagen, Güterzug;15812.50994747732;Nicht Signifikant;False
415;000104413;2012;5;8;31004.0;31004.0;0.0;200.0;1;1;0;0;0;0;0;0;5.0;4;0;3;0;0;0;616.1488759326702;01;6;1;Depot;T311;69;Warm (20° bis 31,99° C);Abend;Wolkig;Tennessee;Frühling;Entgleisung;Frogs, Switches and Track Appliances;Track, Roadbed and Structures;EinzelneWagen, Güterzug;23803.45489443378;Nicht Signifikant;False
416;000104506;2012;6;4;16697.0;16697.0;500.0;16197.0;6;0;0;0;0;0;0;0;4.949628046035187;82;1;52;0;0;0;11639.0;04;1;1;Depot;H307;70;Warm (20° bis 31,99° C);Tag;Klar;Maryland;Frühling;Kollision;General Switching Rules;Human Factors;Güterzug, Güterzug;13425.263327168932;Nicht Signifikant;False
417;000105365;2012;6;28;12656.0;12656.0;0.0;12656.0;9;0;0;0;0;0;0;0;31.824231974715;0;0;1;0;0;0;100.22635739365951;04;8;3;Hauptstrecke;H993;77;Warm (20° bis 31,99° C);Tag;Klar;Massachusetts;Sommer;Kollision;Miscellaneous;Human Factors;Lokomotive, Wartungszug;10191.657271702368;Nicht Signifikant;False
418;000105725;2012;7;9;75621.0;75621.0;0.0;75621.0;2;0;0;0;0;0;0;0;3.9542723449729715;100;1;0;0;0;0;12467.370241052073;04;6;1;Industriestrecke;H306;78;Warm (20° bis 31,99° C);Morgendämmerung;Klar;Virginia;Sommer;Kollision;General Switching Rules;Human Factors;EinzelneWagen, Güterzug;61515.49662409501;Nicht Signifikant;False
419;000105841;2012;7;12;311984.0;311984.0;2000.0;309984.0;4;0;0;0;0;0;0;0;9.0;34;0;85;0;0;6;8380.0;03;1;3;Hauptstrecke;H221;66;Moderat (0° bis 19,99° C);Abend;Klar;Ohio;Sommer;Kollision;Flagging, Fixed, Hand and Radio Signals;Human Factors;Güterzug, Güterzug;256186.56593857775;Signifikant;False
420;000106002;2000;1;6;10000.0;10000.0;0.0;10000.0;3;0;0;0;0;0;0;0;1.9635609428485408;15;0;9;0;0;0;1734.9493698254032;04;7;2;Depot;H020;55;Moderat (0° bis 19,99° C);Abend;Klar;Louisiana;Winter;Kollision;Brakes, Use of;Human Factors;Depot/Rangieren, Depot/Rangieren;9626.492106276473;Nicht Signifikant;False
421;000106332;2012;7;24;92066.0;92066.0;100.0;91966.0;3;0;0;0;0;0;0;0;4.0;9;3;1;0;0;1;1031.6229046454796;04;6;1;Depot;H018;80;Warm (20° bis 31,99° C);Abend;Klar;Maryland;Sommer;Kollision;Brakes, Use of;Human Factors;EinzelneWagen, Güterzug;76156.83679377947;Nicht Signifikant;False
422;000106400;2012;7;27;103238.0;103238.0;5000.0;98238.0;5;0;0;0;0;0;0;0;3.9542723449729715;1;0;55;0;0;7;1868.4501756521406;01;7;1;Depot;H702;80;Warm (20° bis 31,99° C);Abend;Klar;Ohio;Sommer;Entgleisung;Switches, Use of;Human Factors;Depot/Rangieren, Depot/Rangieren;83817.48802468133;Nicht Signifikant;False
423;000106627;2012;8;2;35000.0;35000.0;0.0;35000.0;0;0;0;0;0;0;0;0;3.9542723449729715;1;0;1;0;0;0;213.98378192291796;04;5;1;Depot;S016;75;Warm (20° bis 31,99° C);Abend;Klar;Maryland;Sommer;Kollision;SIGNAL AND COMMUNICATION;Signal and Communication;EinzelneWagen, EinzelneWagen;28349.262919164103;Nicht Signifikant;False
424;000106672;2012;8;6;251523.0;251523.0;2000.0;249523.0;1;0;0;0;0;0;0;0;8.5;5;1;53;0;0;7;2282.1960943450117;01;7;1;Depot;T305;66;Moderat (0° bis 19,99° C);Morgendämmerung;Klar;New York;Sommer;Entgleisung;Frogs, Switches and Track Appliances;Track, Roadbed and Structures;Depot/Rangieren, EinzelneWagen;203185.2330559819;Signifikant;False
425;000106929;2012;8;12;256089.0;256089.0;1000.0;255089.0;1;1;0;0;0;0;0;0;3.0;48;4;25;0;0;0;6369.732743853043;04;7;1;Depot;H399;70;Warm (20° bis 31,99° C);Abenddämmerung;Klar;New York;Sommer;Kollision;General Switching Rules;Human Factors;Depot/Rangieren, EinzelneWagen;207976.98971304818;Signifikant;False
426;000107117;2012;8;17;58285.0;58285.0;3000.0;55285.0;2;0;0;0;0;0;0;0;9.926406551346263;10;2;1;0;0;1;1278.4987193012782;01;7;1;Industriestrecke;T309;67;Moderat (0° bis 19,99° C);Abend;Wolkig;Ohio;Sommer;Entgleisung;Frogs, Switches and Track Appliances;Track, Roadbed and Structures;Depot/Rangieren, EinzelneWagen;47244.06257599092;Nicht Signifikant;False
427;000107536;2012;8;28;34544.0;34544.0;50.0;34494.0;1;0;0;0;0;0;0;0;5.944983747097401;14;0;20;0;0;3;2275.7521986702786;01;7;1;Depot;H702;90;Heiß (>= 32° C);Tag;Klar;Florida;Sommer;Entgleisung;Switches, Use of;Human Factors;Depot/Rangieren, EinzelneWagen;27529.48677080013;Nicht Signifikant;False
428;000107737;2012;9;2;1262815.0;1262815.0;3000.0;1259815.0;8;0;0;0;0;0;0;0;21.82756661879046;106;3;130;0;0;5;18190.0;03;1;2;Hauptstrecke;H222;72;Warm (20° bis 31,99° C);Abend;Wolkig;Illinois;Sommer;Kollision;Flagging, Fixed, Hand and Radio Signals;Human Factors;Güterzug, Güterzug, Güterzug;1003641.348981376;Signifikant;False
429;000107982;2012;9;8;50500.0;50500.0;0.0;50500.0;1;0;0;1;0;0;0;0;9.926406551346263;8;0;37;0;0;0;2255.336383802324;03;1;3;Hauptstrecke;H402;65;Moderat (0° bis 19,99° C);Tag;Wolkig;Virginia;Sommer;Kollision;Main Track Authority;Human Factors;Güterzug, Wartungszug;39672.14831884362;Signifikant;False
430;000108047;2012;9;11;10100.0;10100.0;100.0;10000.0;2;0;0;0;0;0;0;0;3.0;7;0;42;0;0;1;3171.2628286327194;04;6;1;Depot;H018;85;Warm (20° bis 31,99° C);Tag;Wolkig;Mississippi;Sommer;Kollision;Brakes, Use of;Human Factors;EinzelneWagen, Güterzug;7898.64706342379;Nicht Signifikant;False
431;000108122;2012;9;13;115918.0;115918.0;750.0;115168.0;0;0;0;0;0;0;0;0;3.0;22;0;24;0;0;1;3304.6371665094866;04;5;1;Depot;E29C;75;Warm (20° bis 31,99° C);Tag;Klar;Ohio;Sommer;Kollision;Body;Mechanical and Electrical Failures;EinzelneWagen, EinzelneWagen;89789.31061192874;Nicht Signifikant;False
432;000108174;2012;9;13;24100.0;24100.0;0.0;24100.0;2;0;0;0;0;0;0;0;3.5;2;0;10;0;0;0;601.7588983510722;04;7;1;Depot;M408;72;Warm (20° bis 31,99° C);Abend;Klar;North Carolina;Sommer;Kollision;Unusual Operational Situations;Miscellaneous Causes;Depot/Rangieren, EinzelneWagen;18667.699457784664;Nicht Signifikant;False
433;000108235;2012;9;19;95231.0;95231.0;2500.0;92731.0;5;0;0;0;0;0;0;0;3.923787241621619;214;3;150;0;0;4;28958.038081426082;01;6;1;Depot;M204;65;Moderat (0° bis 19,99° C);Abend;Klar;Alabama;Sommer;Entgleisung;Loading Procedures;Loading;EinzelneWagen, EinzelneWagen, EinzelneWagen, EinzelneWagen, EinzelneWagen, Güterzug;73243.34717735733;Nicht Signifikant;False