index;INCDTNO;YEAR4;MONTH;DAY;ACCDMG;INFRASTRUCTURE_DMG;TRKDMG;EQPDMG;LOCOMOTIVES1;LOCOMOTIVES2;RREMPKLD;RREMPINJ;PASSKLD;PASSINJ;OTHERKLD;OTHERINJ;SPEED;LOADF1;LOADF2;EMPTYF1;EMPTYP1;LOADP1;EMPTYF2;TONS;TYPE;TYPEQ;TRKCLAS;TYPTRK;ACCAUSE;TEMP;TEMP_CLUSTER;VISIBLTY;WEATHER;STATE;Jahreszeit;ACCIDENT_TYPE;ACCCAUSE_LVL1;ACCCAUSE_LVL2;EQUIPMENT_TYPE;ACCDMG_EUR;ACCTYPE;SPD_TOO_HIGH
434;000108504;2012;9;25;23850.0;23850.0;10000.0;13850.0;2;0;0;0;0;0;0;0;15.5;44;0;0;0;0;0;6762.91967170837;05;1;3;Hauptstrecke;H993;50;Moderat (0° bis 19,99° C);Abend;Klar;New York;Herbst;Kollision;Miscellaneous;Human Factors;Güterzug, Wartungszug;18442.622950819674;Nicht Signifikant;False
435;000108756;2012;10;2;10170.0;10170.0;50.0;10120.0;1;0;0;0;0;0;0;0;1.9635609428485408;9;1;11;0;0;0;1448.1163212646836;04;7;1;Depot;M408;80;Warm (20° bis 31,99° C);Tag;Wolkig;North Carolina;Herbst;Kollision;Unusual Operational Situations;Miscellaneous Causes;Depot/Rangieren, EinzelneWagen;7865.429234338748;Nicht Signifikant;False
436;000108992;2012;10;9;45436.0;45436.0;1800.0;43636.0;0;0;0;0;0;0;0;0;4.949628046035187;35;1;30;0;0;1;4985.7711876535905;05;6;1;Depot;H317;39;Moderat (0° bis 19,99° C);Morgendämmerung;Klar;New York;Herbst;Kollision;General Switching Rules;Human Factors;EinzelneWagen, EinzelneWagen;35077.58820350498;Nicht Signifikant;False
437;000109406;2012;10;21;26080.0;26080.0;0.0;26080.0;2;0;0;0;0;0;0;0;9.926406551346263;1;0;1;0;0;0;213.98378192291796;04;5;1;Depot;H302;65;Moderat (0° bis 19,99° C);Tag;Klar;New Jersey;Herbst;Kollision;General Switching Rules;Human Factors;EinzelneWagen, EinzelneWagen;19979.060800285995;Nicht Signifikant;False
438;000109587;2012;10;26;89100.0;89100.0;70100.0;19000.0;2;0;0;0;0;0;0;0;9.926406551346263;18;0;12;0;0;3;2680.647398120594;05;5;1;Depot;H306;55;Moderat (0° bis 19,99° C);Abend;Klar;Tennessee;Herbst;Kollision;General Switching Rules;Human Factors;EinzelneWagen, Güterzug;69026.96002479082;Nicht Signifikant;False
439;000109895;2012;11;6;240785.0;240785.0;225400.0;15385.0;1;0;0;0;0;0;0;0;3.9268357519567543;26;0;12;0;0;1;3202.825569828702;05;1;1;Hauptstrecke;H993;25;Kalt (-30° - 0,01° C);Abend;Klar;Ohio;Herbst;Kollision;Miscellaneous;Human Factors;Güterzug, Wartungszug, Wartungszug, Wartungszug, Wartungszug;188113.28125;Signifikant;False
440;000110600;2012;11;29;72770.0;72770.0;500.0;72270.0;3;0;0;0;0;0;0;0;9.926406551346263;8;0;112;0;0;5;4397.237460144475;04;7;2;Hauptstrecke;H306;45;Moderat (0° bis 19,99° C);Tag;Klar;Virginia;Herbst;Kollision;General Switching Rules;Human Factors;Depot/Rangieren, Depot/Rangieren;56002.7705094659;Nicht Signifikant;False
441;000110922;2012;12;10;64653.0;64653.0;750.0;63903.0;1;0;0;0;0;0;0;0;6.940339448159618;14;4;14;0;0;0;2167.069797537382;01;7;1;Depot;T207;65;Moderat (0° bis 19,99° C);Tag;Regen;Georgia;Herbst;Entgleisung;Rail, Joint Bar and Rail Anchoring;Track, Roadbed and Structures;Depot/Rangieren, EinzelneWagen;50002.32018561485;Nicht Signifikant;False
442;000110996;2012;12;13;21635.0;21635.0;100.0;21535.0;0;0;0;0;0;0;0;0;3.0;5;2;0;0;0;0;677.7851518245907;01;6;1;Depot;S006;28;Kalt (-30° - 0,01° C);Abend;Klar;Tennessee;Herbst;Entgleisung;SIGNAL AND COMMUNICATION;Signal and Communication;EinzelneWagen, EinzelneWagen;16544.314445209144;Nicht Signifikant;False
443;000111749;2013;1;5;19482.0;19482.0;0.0;19482.0;1;0;0;0;0;0;0;0;4.0;11;0;0;0;0;0;1148.647398120594;04;5;1;Depot;H318;40;Moderat (0° bis 19,99° C);Tag;Wolkig;Maryland;Winter;Kollision;General Switching Rules;Human Factors;EinzelneWagen, Güterzug;14961.98448659857;Nicht Signifikant;False
444;000111874;2013;1;13;11821.0;11821.0;0.0;11821.0;2;0;0;0;0;0;0;0;0.9682052417863254;102;0;0;0;0;0;13378.647398120595;04;5;1;Industriestrecke;H302;33;Moderat (0° bis 19,99° C);Abend;Klar;Indiana;Winter;Kollision;General Switching Rules;Human Factors;EinzelneWagen, Güterzug;8875.513064370807;Nicht Signifikant;False
445;000113030;2013;2;17;157782.0;157782.0;100.0;157682.0;2;0;0;0;0;0;0;0;1.9635609428485408;28;1;34;0;0;3;4314.214926031548;01;7;1;Depot;H306;32;Moderat (0° bis 19,99° C);Tag;Klar;South Carolina;Winter;Entgleisung;General Switching Rules;Human Factors;Depot/Rangieren, EinzelneWagen;118250.76819306002;Nicht Signifikant;False
446;000113713;2013;3;10;105189.0;105189.0;1500.0;103689.0;4;0;0;0;0;0;0;0;6.5;127;0;100;0;0;4;19416.0;01;1;1;Depot;E45C;38;Moderat (0° bis 19,99° C);Abend;Wolkig;Ohio;Winter;Entgleisung;Truck Components;Mechanical and Electrical Failures;Güterzug, Güterzug;80753.10916628283;Nicht Signifikant;False
447;000115533;2013;4;28;12988.0;12988.0;150.0;12838.0;7;0;0;0;0;0;0;0;4.5;0;0;0;0;0;0;69.7799471826711;04;7;1;Depot;H212;65;Moderat (0° bis 19,99° C);Tag;Klar;Illinois;Frühling;Kollision;Flagging, Fixed, Hand and Radio Signals;Human Factors;Depot/Rangieren, Lokomotive;9933.460803059274;Nicht Signifikant;False
448;000116722;2013;5;30;83188.0;83188.0;250.0;82938.0;4;0;0;0;0;0;0;0;5.5;18;0;60;0;0;3;3774.1663495011517;04;7;1;Depot;H017;90;Heiß (>= 32° C);Tag;Klar;Ohio;Frühling;Kollision;Brakes, Use of;Human Factors;Depot/Rangieren, Güterzug;64267.61433868974;Nicht Signifikant;False
449;000117353;2013;6;15;25076.0;25076.0;0.0;25076.0;0;0;0;0;0;0;0;0;6.333333333333333;0;0;4;0;0;0;226.4555616179603;04;5;1;Depot;E23C;55;Moderat (0° bis 19,99° C);Morgendämmerung;Wolkig;New York;Frühling;Kollision;Body;Mechanical and Electrical Failures;EinzelneWagen, EinzelneWagen, EinzelneWagen;18833.838219462734;Nicht Signifikant;False
450;000117419;2013;6;17;171998.0;171998.0;0.0;137163.0;4;0;0;0;0;0;0;0;3.9542723449729715;81;2;100;0;0;0;13716.0;01;1;1;Depot;E46C;80;Warm (20° bis 31,99° C);Abend;Klar;Alabama;Frühling;Entgleisung;Truck Components;Mechanical and Electrical Failures;Güterzug, Güterzug;128963.03516532952;Nicht Signifikant;False
451;000117523;2013;6;17;21773.0;21773.0;150.0;21623.0;1;0;0;0;0;0;0;0;5.5;7;0;5;0;0;3;1022.7540738006433;01;7;1;Depot;M408;72;Warm (20° bis 31,99° C);Abend;Regen;Alabama;Frühling;Entgleisung;Unusual Operational Situations;Miscellaneous Causes;Depot/Rangieren, EinzelneWagen;16325.260553347827;Nicht Signifikant;False
452;000117528;2013;6;18;24439.0;24439.0;50.0;24389.0;0;0;0;0;0;0;0;0;6.940339448159618;0;0;2;0;0;1;132.15280222405482;01;5;1;Depot;M408;70;Warm (20° bis 31,99° C);Abend;Regen;Alabama;Frühling;Entgleisung;Unusual Operational Situations;Miscellaneous Causes;EinzelneWagen, EinzelneWagen;18273.515776880515;Nicht Signifikant;False
453;000117799;2013;6;27;2406203.0;2406203.0;467000.0;1939203.0;6;4;0;2;0;0;0;0;32.0;187;49;22;0;0;1;20566.0;04;1;4;Hauptstrecke;H221;73;Warm (20° bis 31,99° C);Tag;Klar;New York;Sommer;Kollision;Flagging, Fixed, Hand and Radio Signals;Human Factors;Güterzug, Güterzug;1846380.4481276858;Signifikant;False
454;000118121;2013;7;7;33774.0;33774.0;1700.0;32074.0;1;0;0;0;0;0;0;0;3.9542723449729715;38;0;33;0;0;4;5403.213754734738;01;7;1;Depot;H702;87;Warm (20° bis 31,99° C);Tag;Klar;Ohio;Sommer;Entgleisung;Switches, Use of;Human Factors;Depot/Rangieren, EinzelneWagen;26260.788430137625;Nicht Signifikant;False
455;000118366;2013;7;13;75050.0;75050.0;2400.0;72650.0;4;0;0;0;0;0;0;0;12.0;12;0;9;0;0;0;1473.647398120594;02;5;4;Hauptstrecke;M502;76;Warm (20° bis 31,99° C);Abend;Klar;Kentucky;Sommer;Kollision;Other Miscellaneous;Miscellaneous Causes;EinzelneWagen, Güterzug;57612.58955987719;Nicht Signifikant;False
456;000118481;2013;7;16;40890.0;40890.0;0.0;40890.0;1;0;0;0;0;0;0;0;2.958916643910756;1;0;2;0;0;2;247.39026137272018;01;7;1;Depot;H018;85;Warm (20° bis 31,99° C);Abend;Klar;Pennsylvania;Sommer;Entgleisung;Brakes, Use of;Human Factors;Depot/Rangieren, EinzelneWagen;31170.910199725568;Nicht Signifikant;False
457;000119099;2013;8;1;32603.0;32603.0;0.0;32603.0;0;0;0;0;0;0;0;0;3.9542723449729715;49;0;80;0;0;1;8081.086600614816;01;6;1;Depot;H305;75;Warm (20° bis 31,99° C);Abenddämmerung;Klar;Kentucky;Sommer;Entgleisung;General Switching Rules;Human Factors;EinzelneWagen, EinzelneWagen;24632.064067694166;Nicht Signifikant;False
458;000119823;2013;8;24;67446.0;67446.0;2000.0;65446.0;4;0;0;0;0;0;0;0;4.0;44;0;52;0;0;4;6664.240095919069;01;7;1;Depot;H306;84;Warm (20° bis 31,99° C);Tag;Klar;South Carolina;Sommer;Entgleisung;General Switching Rules;Human Factors;Depot/Rangieren, Depot/Rangieren;50494.871602904845;Nicht Signifikant;False
459;000120402;2013;9;11;42541.0;42541.0;1000.0;41541.0;2;0;0;0;0;0;0;0;4.949628046035187;0;0;23;0;0;3;774.4874858936254;01;7;1;Depot;H702;80;Warm (20° bis 31,99° C);Abend;Klar;Maryland;Sommer;Entgleisung;Switches, Use of;Human Factors;Depot/Rangieren, EinzelneWagen;32062.85800422068;Nicht Signifikant;False
460;000120496;2013;9;14;35265.0;35265.0;0.0;35265.0;2;0;0;0;0;0;0;0;4.0;19;0;23;0;0;0;2931.438448091316;04;7;1;Depot;H306;80;Warm (20° bis 31,99° C);Tag;Klar;Georgia;Sommer;Kollision;General Switching Rules;Human Factors;Depot/Rangieren, Depot/Rangieren;26483.841089443515;Nicht Signifikant;False
461;000121004;2000;1;21;9375.0;9375.0;630.0;8745.0;4;1;0;0;0;0;0;0;4.949628046035187;0;0;0;0;0;0;69.7799471826711;04;8;1;Depot;H299;45;Moderat (0° bis 19,99° C);Morgendämmerung;Klar;Louisiana;Winter;Kollision;Flagging, Fixed, Hand and Radio Signals;Human Factors;Lokomotive, Lokomotive;9284.936119639497;Nicht Signifikant;False
462;000121353;2013;10;6;18815.0;18815.0;1000.0;17815.0;5;0;0;0;0;0;0;0;5.0;133;1;19;0;0;0;15558.394948634636;04;7;1;Depot;H301;70;Warm (20° bis 31,99° C);Abend;Regen;Kentucky;Herbst;Kollision;General Switching Rules;Human Factors;Depot/Rangieren, Güterzug;13855.954046689743;Nicht Signifikant;False
463;000121608;2013;10;12;41827.0;41827.0;200.0;41627.0;1;0;0;0;0;0;0;0;4.0;25;1;10;0;0;0;3237.788703521831;04;7;1;Depot;M408;60;Moderat (0° bis 19,99° C);Abend;Klar;North Carolina;Herbst;Kollision;Unusual Operational Situations;Miscellaneous Causes;Depot/Rangieren, EinzelneWagen;30833.74287399253;Nicht Signifikant;False
464;000121890;2013;10;19;45830.0;45830.0;100.0;45730.0;0;0;0;0;0;0;0;0;4.949628046035187;25;5;15;0;0;3;3472.8970224262475;01;6;1;Depot;M411;50;Moderat (0° bis 19,99° C);Morgendämmerung;Regen;Ohio;Herbst;Entgleisung;Unusual Operational Situations;Miscellaneous Causes;EinzelneWagen, EinzelneWagen;33505.5440477641;Nicht Signifikant;False
465;000121891;2013;10;18;96876.0;96876.0;1750.0;95126.0;2;0;0;0;0;0;0;0;8.0;29;3;16;0;0;3;3919.155048758643;01;7;1;Depot;H306;65;Moderat (0° bis 19,99° C);Abenddämmerung;Klar;North Carolina;Herbst;Entgleisung;General Switching Rules;Human Factors;Depot/Rangieren, Depot/Rangieren;70795.08915521776;Nicht Signifikant;False
466;000122161;2013;10;26;16699.0;16699.0;0.0;16699.0;0;0;0;0;0;0;0;0;3.9542723449729715;2;2;0;0;0;0;336.5128782368152;01;5;1;Depot;M411;50;Moderat (0° bis 19,99° C);Tag;Klar;Maryland;Herbst;Entgleisung;Unusual Operational Situations;Miscellaneous Causes;EinzelneWagen, EinzelneWagen;12118.87367555276;Nicht Signifikant;False
467;000122613;2013;11;7;87024.0;87024.0;400.0;86624.0;2;0;0;0;0;0;0;0;4.0;4;2;2;0;0;1;357.0138636476661;04;6;1;Depot;H318;52;Moderat (0° bis 19,99° C);Tag;Regen;Pennsylvania;Herbst;Kollision;General Switching Rules;Human Factors;EinzelneWagen, Güterzug;65113.355780022444;Nicht Signifikant;False
468;000123040;2013;11;22;42723.0;42723.0;0.0;42723.0;0;0;0;0;0;0;0;0;5.0;3;0;1;0;0;0;511.27857816410597;04;5;1;Depot;M599;50;Moderat (0° bis 19,99° C);Abenddämmerung;Wolkig;Maryland;Herbst;Kollision;Other Miscellaneous;Miscellaneous Causes;EinzelneWagen, EinzelneWagen, EinzelneWagen, EinzelneWagen;31604.52729693742;Nicht Signifikant;False
469;000123053;2013;11;23;155719.0;155719.0;0.0;155719.0;3;0;0;0;0;0;0;0;3.9542723449729715;42;0;37;0;0;0;5974.108955218098;04;7;1;Depot;H301;35;Moderat (0° bis 19,99° C);Tag;Wolkig;West Virginia;Herbst;Kollision;General Switching Rules;Human Factors;Depot/Rangieren, EinzelneWagen;115205.1787916153;Nicht Signifikant;False
470;000123172;2013;11;26;84912.0;84912.0;0.0;84912.0;0;0;0;0;0;0;0;0;4.0;11;0;0;0;0;0;1321.1116170045143;04;6;1;Depot;H318;33;Moderat (0° bis 19,99° C);Tag;Schnee;West Virginia;Herbst;Kollision;General Switching Rules;Human Factors;EinzelneWagen, EinzelneWagen;62679.560050195614;Nicht Signifikant;False
471;000123290;2013;12;2;17286.0;17286.0;0.0;17286.0;3;0;0;0;0;0;0;0;5.0;23;0;50;0;0;0;4208.521221905037;04;7;1;Depot;H399;41;Moderat (0° bis 19,99° C);Morgendämmerung;Wolkig;Maryland;Herbst;Kollision;General Switching Rules;Human Factors;Depot/Rangieren, Lokomotive;12770.390070921987;Nicht Signifikant;False
472;000123490;2013;12;7;17099.0;17099.0;0.0;17099.0;0;0;0;0;0;0;0;0;4.5;0;0;2;0;0;0;130.67276760464793;04;5;1;Depot;S016;34;Moderat (0° bis 19,99° C);Abend;Wolkig;Tennessee;Herbst;Kollision;SIGNAL AND COMMUNICATION;Signal and Communication;EinzelneWagen, EinzelneWagen;12498.050872234675;Nicht Signifikant;False
473;000124223;2013;12;28;235445.0;235445.0;500.0;234945.0;4;1;0;0;0;0;0;0;6.5;12;0;110;0;0;2;4149.979067942437;04;7;1;Depot;H306;39;Moderat (0° bis 19,99° C);Abend;Klar;South Carolina;Winter;Kollision;General Switching Rules;Human Factors;Depot/Rangieren, Güterzug;170566.99910651761;Signifikant;False
474;000124315;2013;12;29;15000.0;15000.0;15000.0;0.0;1;0;0;0;0;0;0;0;24.856742067279495;83;0;67;0;0;0;10543.336383802323;03;1;2;Hauptstrecke;H993;40;Moderat (0° bis 19,99° C);Tag;Regen;Kentucky;Winter;Kollision;Miscellaneous;Human Factors;Güterzug, Wartungszug;10874.818753020783;Nicht Signifikant;False
475;000124404;2014;1;4;19269.0;19269.0;200.0;16569.0;5;0;0;0;0;0;0;0;4.0;29;0;76;0;0;0;6560.105027893669;04;7;1;Depot;H307;19;Kalt (-30° - 0,01° C);Tag;Klar;Pennsylvania;Winter;Kollision;General Switching Rules;Human Factors;Depot/Rangieren, Güterzug;14144.115488133106;Nicht Signifikant;False
476;000124694;2014;1;12;13076.0;13076.0;0.0;13076.0;2;0;0;0;0;0;0;0;7.935695149221832;1;0;0;0;0;0;183.53737171192955;04;5;1;Depot;H307;45;Moderat (0° bis 19,99° C);Abend;Wolkig;New York;Winter;Kollision;General Switching Rules;Human Factors;EinzelneWagen, Lokomotive;9592.370705465217;Nicht Signifikant;False
477;000124983;2014;1;18;16554.0;16554.0;200.0;16354.0;0;0;0;0;0;0;0;0;3.9695148966486475;10;2;0;0;0;0;1281.4622480622186;01;5;1;Depot;M411;40;Moderat (0° bis 19,99° C);Abend;Klar;Georgia;Winter;Entgleisung;Unusual Operational Situations;Miscellaneous Causes;EinzelneWagen, EinzelneWagen, EinzelneWagen;12191.780821917808;Nicht Signifikant;False
478;000125369;2014;1;29;17971.0;17971.0;0.0;17971.0;0;0;0;0;0;0;0;0;3.0;2;0;0;0;0;0;297.294796241188;04;5;1;Depot;H302;6;Kalt (-30° - 0,01° C);Abend;Klar;Illinois;Winter;Kollision;General Switching Rules;Human Factors;EinzelneWagen, EinzelneWagen;13206.202233980011;Nicht Signifikant;False
479;000125481;2014;1;28;11525.0;11525.0;0.0;11525.0;0;0;0;0;0;0;0;0;7.935695149221832;0;0;2;0;0;0;130.67276760464793;04;5;1;Depot;S016;20;Kalt (-30° - 0,01° C);Abenddämmerung;Klar;Tennessee;Winter;Kollision;SIGNAL AND COMMUNICATION;Signal and Communication;EinzelneWagen, EinzelneWagen;8443.842039709869;Nicht Signifikant;False
480;000125508;2014;2;1;32731.0;32731.0;0.0;32731.0;2;0;0;0;0;0;0;0;6.5;59;0;21;0;0;0;7420.842608839677;04;7;1;Depot;H307;25;Kalt (-30° - 0,01° C);Abend;Klar;North Carolina;Winter;Kollision;General Switching Rules;Human Factors;Depot/Rangieren, Depot/Rangieren;24227.239082161363;Nicht Signifikant;False
481;000126223;2014;2;20;25764.0;25764.0;0.0;25764.0;4;0;0;0;0;0;0;0;4.0;34;0;45;0;0;0;5318.535228008101;04;7;1;Depot;H401;32;Moderat (0° bis 19,99° C);Abend;Wolkig;New York;Winter;Kollision;Main Track Authority;Human Factors;Depot/Rangieren, Güterzug;18797.606887494527;Nicht Signifikant;False
482;000126575;2014;2;28;99024.0;99024.0;7500.0;91524.0;1;0;0;0;0;0;0;0;8.931050850284048;110;44;48;0;0;2;14910.28220867116;05;7;1;Depot;T221;15;Kalt (-30° - 0,01° C);Tag;Klar;Ohio;Winter;Kollision;Rail, Joint Bar and Rail Anchoring;Track, Roadbed and Structures;Depot/Rangieren, EinzelneWagen;71688.98863389561;Nicht Signifikant;False
483;000126959;2014;3;8;13953.0;13953.0;500.0;13453.0;3;0;0;0;0;0;0;0;1.0;17;1;37;0;0;0;3149.7823829844506;04;7;1;Depot;H305;37;Moderat (0° bis 19,99° C);Tag;Wolkig;New York;Winter;Kollision;General Switching Rules;Human Factors;Depot/Rangieren, Depot/Rangieren;10045.597446542994;Nicht Signifikant;False
484;000127019;2014;3;10;28928.0;28928.0;8500.0;20428.0;2;0;0;0;0;0;0;0;4.0;88;2;0;0;0;0;10119.651387753045;04;7;1;Depot;H306;40;Moderat (0° bis 19,99° C);Abend;Klar;Kentucky;Winter;Kollision;General Switching Rules;Human Factors;Depot/Rangieren, Lokomotive;20839.997118363233;Nicht Signifikant;False
485;000127279;2014;3;14;34437.0;34437.0;0.0;34437.0;3;0;0;0;0;0;0;0;3.5;44;0;17;0;0;1;5594.175634676254;04;7;1;Depot;H306;30;Kalt (-30° - 0,01° C);Abend;Klar;Indiana;Winter;Kollision;General Switching Rules;Human Factors;Depot/Rangieren, Depot/Rangieren;24803.37078651685;Nicht Signifikant;False
486;000127854;2014;3;29;20500.0;20500.0;2000.0;18500.0;1;0;0;0;0;0;0;0;4.949628046035187;23;0;130;0;0;3;6648.6741426423305;01;7;1;Depot;H702;32;Moderat (0° bis 19,99° C);Tag;Wolkig;Ohio;Frühling;Entgleisung;Switches, Use of;Human Factors;Depot/Rangieren, EinzelneWagen;14888.878129085366;Nicht Signifikant;False
487;000128129;2014;3;30;13100.0;13100.0;0.0;13100.0;0;0;0;0;0;0;0;0;8.0;1;0;1;0;0;0;213.98378192291796;05;5;1;Depot;S016;40;Moderat (0° bis 19,99° C);Abend;Klar;Tennessee;Frühling;Kollision;SIGNAL AND COMMUNICATION;Signal and Communication;EinzelneWagen, EinzelneWagen;9507.681141889441;Nicht Signifikant;False
488;000128374;2014;4;10;44500.0;44500.0;1500.0;43000.0;3;0;0;0;0;0;0;0;3.9542723449729715;66;5;0;0;0;0;9445.889973591336;04;1;1;Depot;T110;55;Moderat (0° bis 19,99° C);Tag;Klar;North Carolina;Frühling;Kollision;Track Geometry;Track, Roadbed and Structures;Güterzug, Lokomotive;32090.57474579938;Nicht Signifikant;False
489;000128582;2014;4;10;142142.0;142142.0;500.0;141642.0;1;0;0;0;0;0;0;0;2.5;23;1;12;0;0;0;3071.166674885291;01;7;1;Depot;S016;64;Moderat (0° bis 19,99° C);Abenddämmerung;Klar;Maryland;Frühling;Entgleisung;SIGNAL AND COMMUNICATION;Signal and Communication;Depot/Rangieren, EinzelneWagen;102503.78596668348;Nicht Signifikant;False
490;000129557;2014;5;8;262942.0;262942.0;4900.0;258042.0;4;0;0;0;0;0;0;0;3.9542723449729715;66;2;72;0;0;4;9992.31312225273;01;7;1;Depot;H306;75;Warm (20° bis 31,99° C);Abend;Klar;Ohio;Frühling;Entgleisung;General Switching Rules;Human Factors;Depot/Rangieren, Güterzug;188448.36235934924;Signifikant;False
491;000129695;2014;5;11;14953.0;14953.0;0.0;14953.0;0;0;0;1;0;0;0;0;12.91247365453291;0;0;2;0;0;0;130.67276760464793;09;A;4;Hauptstrecke;H210;87;Warm (20° bis 31,99° C);Tag;Klar;Georgia;Frühling;Kollision;Flagging, Fixed, Hand and Radio Signals;Human Factors;Wartungszug, Wartungszug;10858.851153445814;Signifikant;False
492;000129794;2014;5;15;68372.0;68372.0;200.0;68172.0;3;0;0;0;0;0;0;0;4.5;71;0;35;0;0;1;10078.278645401251;04;7;1;Depot;H702;50;Moderat (0° bis 19,99° C);Abend;Regen;Indiana;Frühling;Kollision;Switches, Use of;Human Factors;Depot/Rangieren, Güterzug;50056.373087341686;Nicht Signifikant;False
493;000129900;2014;5;16;41618.0;41618.0;50.0;41568.0;2;0;0;0;0;0;0;0;4.949628046035187;15;0;6;0;0;0;1958.8197763874787;05;7;1;Depot;S006;77;Warm (20° bis 31,99° C);Tag;Klar;Georgia;Frühling;Kollision;SIGNAL AND COMMUNICATION;Signal and Communication;Depot/Rangieren, Lokomotive;30386.974299065423;Nicht Signifikant;False
494;000130140;2014;5;26;19878.0;19878.0;750.0;19128.0;4;0;0;0;0;0;0;0;3.9542723449729715;2;0;3;0;0;0;388.6340268741533;04;7;1;Depot;H702;84;Warm (20° bis 31,99° C);Tag;Klar;Michigan;Frühling;Kollision;Switches, Use of;Human Factors;Depot/Rangieren, Lokomotive;14578.65786578658;Nicht Signifikant;False
495;000130705;2014;6;9;251159.0;251159.0;1500.0;249659.0;5;0;0;0;0;0;0;0;7.5;82;0;35;0;0;6;10472.393323682903;04;7;1;Depot;H306;68;Warm (20° bis 31,99° C);Tag;Klar;Illinois;Frühling;Kollision;General Switching Rules;Human Factors;Depot/Rangieren, Depot/Rangieren;184567.16637272193;Signifikant;False
496;000130940;2014;6;15;97316.0;97316.0;1000.0;96316.0;2;0;0;0;0;0;0;0;9.5;42;3;0;0;0;0;4906.418900404968;01;7;1;Depot;M501;77;Warm (20° bis 31,99° C);Tag;Klar;Ohio;Frühling;Entgleisung;Other Miscellaneous;Miscellaneous Causes;Depot/Rangieren, Depot/Rangieren;71911.91684319425;Nicht Signifikant;False
497;000131106;2014;6;18;102551.0;102551.0;5650.0;96901.0;2;0;0;0;0;0;0;0;3.9542723449729715;19;0;5;0;0;3;2387.843168151745;04;7;1;Hauptstrecke;H702;86;Warm (20° bis 31,99° C);Tag;Klar;Louisiana;Frühling;Kollision;Switches, Use of;Human Factors;Depot/Rangieren, Depot/Rangieren;75610.85305610852;Nicht Signifikant;False
498;000131199;2014;6;22;18803.0;18803.0;100.0;18703.0;2;0;0;0;0;0;0;0;0.9682052417863254;17;0;15;0;0;3;2250.647398120594;01;5;1;Depot;M405;78;Warm (20° bis 31,99° C);Abenddämmerung;Klar;Pennsylvania;Sommer;Entgleisung;Unusual Operational Situations;Miscellaneous Causes;EinzelneWagen, Güterzug;13832.515939185878;Nicht Signifikant;False
499;000131204;2014;6;23;13113.0;13113.0;0.0;13113.0;2;0;0;0;0;0;0;0;1.9635609428485408;56;0;37;0;0;0;8248.889973591336;04;1;1;Depot;H702;60;Moderat (0° bis 19,99° C);Abend;Regen;Illinois;Sommer;Kollision;Switches, Use of;Human Factors;Güterzug, Lokomotive;9644.748455428067;Nicht Signifikant;False
500;000131211;2014;6;22;13154.0;13154.0;200.0;12954.0;7;0;0;0;0;0;0;0;3.0;64;1;114;0;0;0;10992.878981662303;01;7;1;Depot;H301;71;Warm (20° bis 31,99° C);Abend;Klar;Louisiana;Sommer;Entgleisung;General Switching Rules;Human Factors;Depot/Rangieren, Güterzug;9676.802354095147;Nicht Signifikant;False
501;000131994;2014;7;11;48738.0;48738.0;0.0;48738.0;0;0;0;0;0;0;0;0;0.9682052417863254;1;1;5;0;0;3;359.8185676229059;01;5;1;Depot;M407;75;Warm (20° bis 31,99° C);Abend;Klar;Indiana;Sommer;Entgleisung;Unusual Operational Situations;Miscellaneous Causes;EinzelneWagen, EinzelneWagen;35849.944832659065;Nicht Signifikant;False
502;000132003;2014;7;9;21700.0;21700.0;300.0;21400.0;4;0;0;0;0;0;0;0;4.949628046035187;57;0;34;0;0;2;8486.0;04;1;1;Depot;H307;80;Warm (20° bis 31,99° C);Abend;Klar;Georgia;Sommer;Kollision;General Switching Rules;Human Factors;Güterzug, Güterzug;15952.363449239137;Nicht Signifikant;False
503;000132131;2014;7;14;347745.0;347745.0;46500.0;301245.0;2;1;0;0;0;0;0;0;2.0;6;1;36;0;0;5;1875.404476048653;04;7;1;Depot;H305;77;Warm (20° bis 31,99° C);Abenddämmerung;Klar;New York;Sommer;Kollision;General Switching Rules;Human Factors;Depot/Rangieren, Lokomotive;255188.2292507522;Signifikant;False
504;000132258;2014;7;17;585782.0;585782.0;500.0;585282.0;2;1;0;0;0;0;0;0;3.5;63;3;51;0;0;1;8849.571770899212;04;7;1;Depot;H307;78;Warm (20° bis 31,99° C);Tag;Klar;Ohio;Sommer;Kollision;General Switching Rules;Human Factors;Depot/Rangieren, Depot/Rangieren;433110.5360443623;Signifikant;False
505;000132797;2014;7;30;113854.0;113854.0;21000.0;92854.0;2;0;0;0;0;0;0;0;5.0;48;2;3;0;0;1;5662.173671835077;04;7;1;Depot;H305;77;Warm (20° bis 31,99° C);Abenddämmerung;Klar;New York;Sommer;Kollision;General Switching Rules;Human Factors;Depot/Rangieren, Depot/Rangieren;84959.33139317961;Nicht Signifikant;False