index;INCDTNO;YEAR4;MONTH;DAY;ACCDMG;INFRASTRUCTURE_DMG;TRKDMG;EQPDMG;LOCOMOTIVES1;LOCOMOTIVES2;RREMPKLD;RREMPINJ;PASSKLD;PASSINJ;OTHERKLD;OTHERINJ;SPEED;LOADF1;LOADF2;EMPTYF1;EMPTYP1;LOADP1;EMPTYF2;TONS;TYPE;TYPEQ;TRKCLAS;TYPTRK;ACCAUSE;TEMP;TEMP_CLUSTER;VISIBLTY;WEATHER;STATE;Jahreszeit;ACCIDENT_TYPE;ACCCAUSE_LVL1;ACCCAUSE_LVL2;EQUIPMENT_TYPE;ACCDMG_EUR;ACCTYPE;SPD_TOO_HIGH
506;000133857;2014;8;22;12402.0;12402.0;50.0;12352.0;3;0;0;0;0;0;0;0;2.958916643910756;55;0;57;0;0;2;8064.843747557041;04;7;1;Depot;H306;90;Heiß (>= 32° C);Abenddämmerung;Klar;South Carolina;Sommer;Kollision;General Switching Rules;Human Factors;Depot/Rangieren, EinzelneWagen;9348.00633149921;Nicht Signifikant;False
507;000134197;2014;8;29;18416.0;18416.0;0.0;18416.0;2;0;0;0;0;0;0;0;4.949628046035187;14;0;60;0;0;0;3489.168503251595;04;7;1;Depot;H310;80;Warm (20° bis 31,99° C);Tag;Klar;New York;Sommer;Kollision;General Switching Rules;Human Factors;Depot/Rangieren, EinzelneWagen;13964.209887776768;Nicht Signifikant;False
508;000134919;2014;9;16;20102.0;20102.0;500.0;19602.0;4;0;0;0;0;0;0;0;10.0;19;0;11;0;0;1;3892.280520531615;04;7;1;Depot;H306;65;Moderat (0° bis 19,99° C);Abend;Klar;Illinois;Sommer;Kollision;General Switching Rules;Human Factors;Depot/Rangieren, Güterzug;15523.978685612788;Nicht Signifikant;False
509;000134940;2014;9;15;14217.0;14217.0;0.0;14217.0;0;0;0;2;0;0;0;0;4.949628046035187;0;0;2;0;0;0;130.67276760464793;09;A;1;Depot;H402;70;Warm (20° bis 31,99° C);Tag;Klar;Kentucky;Sommer;Kollision;Main Track Authority;Human Factors;Wartungszug, Wartungszug;11011.54054682054;Signifikant;False
510;000135111;2014;9;19;17752.0;17752.0;100.0;17652.0;0;0;0;0;0;0;0;0;4.0;0;0;4;0;0;2;194.52565726543855;01;6;1;Depot;M599;65;Moderat (0° bis 19,99° C);Abend;Klar;North Carolina;Sommer;Entgleisung;Other Miscellaneous;Miscellaneous Causes;EinzelneWagen, EinzelneWagen;13812.636165577343;Nicht Signifikant;False
511;000135370;2014;9;23;15010.0;15010.0;250.0;14760.0;2;0;0;0;0;0;0;0;6.940339448159618;96;3;0;0;0;0;7701.677096237628;01;6;1;Depot;T217;43;Moderat (0° bis 19,99° C);Abend;Klar;Pennsylvania;Herbst;Entgleisung;Rail, Joint Bar and Rail Anchoring;Track, Roadbed and Structures;EinzelneWagen, Güterzug;11642.879304995347;Nicht Signifikant;False
512;000136216;2014;10;14;83850.0;83850.0;60000.0;23850.0;3;0;0;0;0;0;0;0;6.0;57;5;14;0;0;0;7423.801200401407;04;7;1;Depot;H307;73;Warm (20° bis 31,99° C);Tag;Wolkig;New York;Herbst;Kollision;General Switching Rules;Human Factors;Depot/Rangieren, Güterzug;66305.5511624229;Nicht Signifikant;False
513;000136276;2014;10;15;13692.0;13692.0;1600.0;12092.0;2;0;0;0;0;0;0;0;4.5;40;1;21;0;0;2;5282.020653020394;04;7;1;Depot;H305;54;Moderat (0° bis 19,99° C);Abend;Regen;Ohio;Herbst;Kollision;General Switching Rules;Human Factors;Depot/Rangieren, Depot/Rangieren;10810.042633822834;Nicht Signifikant;False
514;000136347;2014;10;17;38966.0;38966.0;100.0;38866.0;1;0;0;0;0;0;0;0;5.0;13;1;8;0;0;0;1811.806788748752;01;7;1;Depot;M407;53;Moderat (0° bis 19,99° C);Abend;Klar;Alabama;Herbst;Entgleisung;Unusual Operational Situations;Miscellaneous Causes;Depot/Rangieren, EinzelneWagen;30387.58480854714;Nicht Signifikant;False
515;000136359;2014;10;17;21800.0;21800.0;0.0;21800.0;5;0;0;0;0;0;0;0;3.5;27;0;52;0;0;0;5172.889973591336;04;1;3;Hauptstrecke;H401;53;Moderat (0° bis 19,99° C);Tag;Klar;Ohio;Herbst;Kollision;Main Track Authority;Human Factors;Güterzug, Lokomotive;17000.701863838414;Nicht Signifikant;False
516;000136902;2014;10;28;241723.0;241723.0;2500.0;239223.0;2;0;0;0;0;0;0;0;4.949628046035187;18;0;40;0;0;5;3856.8899735913355;01;1;1;Depot;H704;71;Warm (20° bis 31,99° C);Tag;Klar;Tennessee;Herbst;Entgleisung;Switches, Use of;Human Factors;Güterzug, Lokomotive;189616.41041732038;Signifikant;False
517;000137436;2014;11;10;77707.0;77707.0;0.0;41089.0;2;0;0;0;0;0;0;0;3.9542723449729715;63;4;8;0;0;3;7471.901359137463;01;6;1;Nebenstrecke;E64C;44;Moderat (0° bis 19,99° C);Abend;Klar;West Virginia;Herbst;Entgleisung;Wheels;Mechanical and Electrical Failures;EinzelneWagen, Güterzug;62235.30353996476;Nicht Signifikant;False
518;000138286;2014;12;2;42494.0;42494.0;2000.0;40494.0;0;0;0;0;0;0;0;0;2.0;14;1;41;0;0;3;2934.735854098849;01;6;1;Depot;H316;33;Moderat (0° bis 19,99° C);Abend;Nebel;Indiana;Herbst;Entgleisung;General Switching Rules;Human Factors;EinzelneWagen, EinzelneWagen;34203.15518351578;Nicht Signifikant;False
519;000138816;2014;12;12;20023.0;20023.0;50.0;19973.0;2;0;0;0;0;0;0;0;4.0;33;0;51;0;0;0;5376.54187740861;04;7;1;Depot;H306;44;Moderat (0° bis 19,99° C);Abend;Wolkig;Virginia;Herbst;Kollision;General Switching Rules;Human Factors;Depot/Rangieren, Depot/Rangieren;16082.730923694779;Nicht Signifikant;False
520;000138974;2014;12;16;50402.0;50402.0;500.0;49902.0;3;0;0;0;0;0;0;0;0.9682052417863254;122;0;57;0;0;2;9313.71386028138;04;7;1;Depot;H307;46;Moderat (0° bis 19,99° C);Abend;Regen;Ohio;Herbst;Kollision;General Switching Rules;Human Factors;Depot/Rangieren, Güterzug;40202.600303102816;Nicht Signifikant;False
521;000140119;2015;1;16;26197.0;26197.0;0.0;26197.0;1;0;0;0;0;0;0;0;8.5;14;0;9;0;0;0;1936.4015824911855;04;7;1;Depot;M407;30;Kalt (-30° - 0,01° C);Tag;Klar;Indiana;Winter;Kollision;Unusual Operational Situations;Miscellaneous Causes;Depot/Rangieren, EinzelneWagen;22607.007248878148;Nicht Signifikant;False
522;000140278;2015;1;19;15440.0;15440.0;942.0;14498.0;2;0;0;0;0;0;0;0;4.0;38;5;6;0;0;0;4686.047357602572;04;7;1;Depot;H399;66;Moderat (0° bis 19,99° C);Tag;Klar;Louisiana;Winter;Kollision;General Switching Rules;Human Factors;Depot/Rangieren, EinzelneWagen;13304.610081861265;Nicht Signifikant;False
523;000140370;2015;1;21;62974.0;62974.0;3188.0;59786.0;2;2;0;0;0;0;0;0;3.9542723449729715;5;0;6;0;0;0;821.245531094894;04;7;1;Depot;H607;17;Kalt (-30° - 0,01° C);Abenddämmerung;Wolkig;New York;Winter;Kollision;Speed;Human Factors;Depot/Rangieren, Lokomotive;54320.71077374278;Nicht Signifikant;False
524;000140502;2015;1;24;23743.0;23743.0;126.0;23617.0;2;0;0;0;0;0;0;0;3.9542723449729715;0;0;7;0;0;2;285.8648878984038;04;7;1;Depot;H318;40;Moderat (0° bis 19,99° C);Abend;Klar;Alabama;Winter;Kollision;General Switching Rules;Human Factors;Depot/Rangieren, EinzelneWagen;21173.900118906065;Nicht Signifikant;False
525;000141585;2015;2;17;366322.0;366322.0;6314.0;360008.0;1;0;0;0;0;0;0;0;7.0;23;8;23;0;0;7;3553.700716526707;01;7;1;Depot;H021;25;Kalt (-30° - 0,01° C);Abend;Klar;Alabama;Winter;Entgleisung;Brakes, Use of;Human Factors;Depot/Rangieren, EinzelneWagen;320912.8339903636;Signifikant;False
526;000141979;2015;2;20;209853.0;209853.0;21942.0;187911.0;1;0;0;0;0;0;0;0;2.5;125;5;23;0;0;1;15089.250687801188;04;7;1;Depot;H020;21;Kalt (-30° - 0,01° C);Abend;Wolkig;Alabama;Winter;Kollision;Brakes, Use of;Human Factors;Depot/Rangieren, EinzelneWagen;185743.49442379182;Signifikant;False
527;000142306;2015;3;2;62776.0;62776.0;18500.0;44276.0;3;1;0;0;0;0;0;0;6.940339448159618;26;2;31;0;0;3;4014.96988733788;04;7;1;Depot;H699;68;Warm (20° bis 31,99° C);Tag;Klar;Georgia;Winter;Kollision;Speed;Human Factors;Depot/Rangieren, Depot/Rangieren;55915.20441792108;Nicht Signifikant;False
528;000142524;2015;3;5;14812.0;14812.0;100.0;14712.0;0;0;0;0;0;0;0;0;18.0;3;0;4;0;0;1;534.317896233807;01;6;1;Depot;M407;9;Kalt (-30° - 0,01° C);Abend;Klar;Indiana;Winter;Entgleisung;Unusual Operational Situations;Miscellaneous Causes;EinzelneWagen, EinzelneWagen;13381.515945433192;Nicht Signifikant;True
529;000143013;2015;3;14;57318.0;57318.0;100.0;57218.0;0;0;0;0;0;0;0;0;19.879963561968417;1;1;6;0;0;6;394.705081692115;01;6;1;Depot;M407;45;Moderat (0° bis 19,99° C);Morgendämmerung;Klar;Indiana;Winter;Entgleisung;Unusual Operational Situations;Miscellaneous Causes;EinzelneWagen, EinzelneWagen;54242.45291946626;Nicht Signifikant;True
530;000143691;2015;3;24;699862.0;699862.0;64896.0;634966.0;4;0;0;0;0;0;0;0;8.0;20;2;123;0;0;0;5690.0;01;1;1;Depot;T110;35;Moderat (0° bis 19,99° C);Tag;Wolkig;Illinois;Frühling;Entgleisung;Track Geometry;Track, Roadbed and Structures;Güterzug, Güterzug;639143.3789954338;Signifikant;False
531;000143818;2015;3;28;35284.0;35284.0;2628.0;32656.0;11;1;0;0;0;0;0;0;5.0;29;2;48;0;0;1;5012.889973591336;04;1;1;Depot;H307;20;Kalt (-30° - 0,01° C);Abend;Klar;New York;Frühling;Kollision;General Switching Rules;Human Factors;Güterzug, Lokomotive;32512.823663113926;Nicht Signifikant;False
532;000143947;2015;3;29;12600.0;12600.0;0.0;12600.0;0;0;0;0;0;0;0;0;8.5;0;0;2;0;0;0;130.67276760464793;04;5;1;Depot;H316;21;Kalt (-30° - 0,01° C);Abend;Wolkig;New York;Frühling;Kollision;General Switching Rules;Human Factors;EinzelneWagen, EinzelneWagen;11614.330486081239;Nicht Signifikant;False
533;000144316;2015;4;7;64903.0;64903.0;1587.0;63316.0;0;0;0;0;0;0;0;0;16.89389645878177;2;0;1;0;0;1;329.22124107158334;01;6;1;Depot;M407;40;Moderat (0° bis 19,99° C);Tag;Wolkig;New York;Frühling;Entgleisung;Unusual Operational Situations;Miscellaneous Causes;EinzelneWagen, EinzelneWagen;59834.97741310961;Nicht Signifikant;True
534;000144488;2015;4;9;63000.0;63000.0;0.0;63000.0;0;0;0;3;0;0;0;0;17.889252159843984;0;0;2;0;0;0;130.67276760464793;09;A;3;Hauptstrecke;H997;41;Moderat (0° bis 19,99° C);Tag;Nebel;Michigan;Frühling;Kollision;Miscellaneous;Human Factors;Wartungszug, Wartungszug;58474.1043252274;Signifikant;False
535;000144833;2015;4;6;42291.0;42291.0;0.0;42291.0;2;0;0;0;0;0;0;0;6.940339448159618;3;0;2;0;0;0;471.94504119242333;04;7;1;Depot;H302;65;Moderat (0° bis 19,99° C);Tag;Klar;Alabama;Frühling;Kollision;General Switching Rules;Human Factors;Depot/Rangieren, EinzelneWagen;39000.88531484009;Nicht Signifikant;False
536;000145006;2015;4;19;39139.0;39139.0;100.0;39039.0;4;1;0;0;0;0;0;0;6.0;62;0;20;0;0;0;8516.889973591336;04;1;1;Depot;H607;72;Warm (20° bis 31,99° C);Abend;Klar;Tennessee;Frühling;Kollision;Speed;Human Factors;Güterzug, Lokomotive;36397.086174829514;Nicht Signifikant;False
537;000145694;2015;5;2;57283.0;57283.0;1060.0;56223.0;0;0;0;0;0;0;0;0;7.0;0;0;2;0;0;0;130.67276760464793;04;5;1;Depot;E09C;55;Moderat (0° bis 19,99° C);Abend;Klar;Georgia;Frühling;Kollision;Brakes;Mechanical and Electrical Failures;EinzelneWagen, EinzelneWagen;51220.99521616667;Nicht Signifikant;False
538;000145852;2015;5;5;17592.0;17592.0;464.0;17128.0;2;0;0;1;0;0;0;0;1.9635609428485408;41;0;13;0;0;0;5129.637685625118;04;7;1;Depot;H307;86;Warm (20° bis 31,99° C);Tag;Klar;Georgia;Frühling;Kollision;General Switching Rules;Human Factors;Depot/Rangieren, Lokomotive;15824.41306107763;Signifikant;False
539;000146041;2015;5;10;19676.0;19676.0;600.0;19076.0;3;2;0;0;0;0;0;0;5.0;0;0;5;0;0;1;223.49203285702006;04;7;1;Depot;H509;68;Warm (20° bis 31,99° C);Tag;Klar;Kentucky;Frühling;Kollision;Train Handling/Train Makeup;Human Factors;Depot/Rangieren, Lokomotive;17617.669004626176;Nicht Signifikant;False
540;000147968;2015;6;17;32173.0;32173.0;50.0;32123.0;3;0;0;0;0;0;0;0;1.9635609428485408;8;0;93;0;0;0;4081.7994577275595;04;7;1;Depot;H306;86;Warm (20° bis 31,99° C);Abend;Klar;Georgia;Frühling;Kollision;General Switching Rules;Human Factors;Depot/Rangieren, Güterzug;28524.691905310756;Nicht Signifikant;False
541;000148766;2015;7;5;49779.0;49779.0;4940.0;44839.0;4;0;0;0;0;0;0;0;5.5;32;8;34;0;0;1;4903.547841894464;01;7;1;Depot;T111;75;Warm (20° bis 31,99° C);Abend;Klar;North Carolina;Sommer;Entgleisung;Track Geometry;Track, Roadbed and Structures;Depot/Rangieren, Depot/Rangieren;45100.567769992755;Nicht Signifikant;False
542;000148856;2015;7;6;22822.0;22822.0;150.0;22672.0;2;0;0;0;0;0;0;0;3.9542723449729715;105;0;42;0;0;0;13293.058751616321;06;7;1;Depot;S102;70;Warm (20° bis 31,99° C);Abend;Regen;Maryland;Sommer;Kollision;other software/programming deficiencies, etc.);Signal and Communication;Depot/Rangieren, EinzelneWagen;20732.19476744186;Nicht Signifikant;False
543;000149405;2015;7;18;13432.0;13432.0;50.0;13382.0;0;0;0;0;0;0;0;0;5.0;1;0;2;0;0;1;245.91022675331328;01;5;1;Depot;S016;69;Warm (20° bis 31,99° C);Abend;Wolkig;Indiana;Sommer;Entgleisung;SIGNAL AND COMMUNICATION;Signal and Communication;EinzelneWagen, EinzelneWagen;12349.371743794056;Nicht Signifikant;False
544;000149635;2015;7;24;65259.0;65259.0;2315.0;62944.0;2;0;0;0;0;0;0;0;19.879963561968417;21;4;6;0;0;1;2721.2805221736908;01;7;1;Depot;T103;70;Warm (20° bis 31,99° C);Morgendämmerung;Klar;New York;Sommer;Entgleisung;Track Geometry;Track, Roadbed and Structures;Depot/Rangieren, EinzelneWagen;59657.18987110339;Nicht Signifikant;True
545;000150056;2015;7;31;69900.0;69900.0;0.0;69900.0;3;0;0;0;0;0;0;0;1.6423739618990272;148;3;64;0;0;0;17187.267052887095;01;6;1;Depot;H018;65;Moderat (0° bis 19,99° C);Abend;Klar;Ohio;Sommer;Entgleisung;Brakes, Use of;Human Factors;EinzelneWagen, EinzelneWagen, Güterzug;63736.66453907176;Nicht Signifikant;False
546;000150129;2015;8;3;16510.0;16510.0;200.0;16310.0;2;0;0;0;0;0;0;0;4.0;0;0;63;0;0;4;2783.42308390743;01;6;1;Depot;H020;69;Warm (20° bis 31,99° C);Abend;Klar;Pennsylvania;Sommer;Entgleisung;Brakes, Use of;Human Factors;EinzelneWagen, Güterzug;15076.248744406905;Nicht Signifikant;False
547;000150324;2015;8;5;18357.0;18357.0;0.0;18357.0;2;0;0;0;0;0;0;0;2.958916643910756;1;0;5;0;0;0;311.0938083315824;04;6;1;Industriestrecke;M501;85;Warm (20° bis 31,99° C);Tag;Klar;Kentucky;Sommer;Kollision;Other Miscellaneous;Miscellaneous Causes;EinzelneWagen, Güterzug;16867.591656712302;Nicht Signifikant;False
548;000150371;2015;8;9;20250.0;20250.0;100.0;20150.0;2;0;0;0;0;0;0;0;4.949628046035187;38;0;1;0;0;0;4423.0084895054815;09;7;1;Industriestrecke;H307;72;Warm (20° bis 31,99° C);Abend;Klar;Kentucky;Sommer;Kollision;General Switching Rules;Human Factors;Depot/Rangieren, Wartungszug;18486.960226408202;Nicht Signifikant;False
549;000150388;2015;8;10;61048.0;61048.0;0.0;61048.0;0;0;0;0;0;0;0;0;6.940339448159618;4;0;0;0;0;0;524.8096452997049;05;6;1;Depot;E06C;87;Warm (20° bis 31,99° C);Tag;Klar;Tennessee;Sommer;Kollision;Brakes;Mechanical and Electrical Failures;EinzelneWagen, EinzelneWagen;55700.7299270073;Nicht Signifikant;False
550;000150399;2015;8;10;12458.0;12458.0;0.0;12458.0;0;0;0;0;0;0;0;0;3.9542723449729715;4;0;0;0;0;0;524.8096452997049;04;6;1;Depot;M408;87;Warm (20° bis 31,99° C);Abend;Klar;Tennessee;Sommer;Kollision;Unusual Operational Situations;Miscellaneous Causes;EinzelneWagen, EinzelneWagen;11366.788321167882;Nicht Signifikant;False
551;000150858;2015;8;19;110211.0;110211.0;0.0;110211.0;2;0;0;0;0;0;0;0;4.949628046035187;13;0;20;0;0;0;2157.5546702827996;04;7;1;Industriestrecke;H302;86;Warm (20° bis 31,99° C);Tag;Klar;Ohio;Sommer;Kollision;General Switching Rules;Human Factors;Depot/Rangieren, EinzelneWagen;99819.76270265374;Nicht Signifikant;False
552;000150986;2015;8;20;97930.0;97930.0;1500.0;96430.0;4;2;0;2;0;0;0;0;24.856742067279495;70;0;0;0;0;0;9785.889973591336;03;1;3;Hauptstrecke;H220;76;Warm (20° bis 31,99° C);Abend;Klar;Kentucky;Sommer;Kollision;Flagging, Fixed, Hand and Radio Signals;Human Factors;Güterzug, Lokomotive;87570.41938656889;Signifikant;False
553;000151186;2015;8;24;74187.0;74187.0;50.0;74137.0;3;0;0;0;0;0;0;0;3.0;22;0;15;0;0;2;3032.0995092299977;04;7;1;Depot;T305;78;Warm (20° bis 31,99° C);Abend;Klar;Maryland;Sommer;Kollision;Frogs, Switches and Track Appliances;Track, Roadbed and Structures;Depot/Rangieren, EinzelneWagen;64527.26798295208;Nicht Signifikant;False
554;000151331;2015;8;26;11507.0;11507.0;0.0;11507.0;0;0;0;0;0;0;0;0;5.944983747097401;1;0;2;0;0;0;244.4301921339064;04;5;1;Depot;S016;62;Moderat (0° bis 19,99° C);Abend;Klar;Ohio;Sommer;Kollision;SIGNAL AND COMMUNICATION;Signal and Communication;EinzelneWagen, EinzelneWagen;10092.089107174179;Nicht Signifikant;False
555;000151486;2015;8;31;38335.0;38335.0;0.0;38335.0;0;0;0;0;0;0;0;0;3.0;3;0;0;0;0;0;411.05222077044647;04;5;1;Depot;H318;84;Warm (20° bis 31,99° C);Tag;Klar;Massachusetts;Sommer;Kollision;General Switching Rules;Human Factors;EinzelneWagen, EinzelneWagen;34181.899242086496;Nicht Signifikant;False
556;000151780;2015;9;6;19015.0;19015.0;200.0;18815.0;0;0;0;0;0;0;0;0;6.0;4;0;12;0;0;1;891.646602450973;04;6;1;Depot;T217;75;Warm (20° bis 31,99° C);Tag;Klar;Tennessee;Sommer;Kollision;Rail, Joint Bar and Rail Anchoring;Track, Roadbed and Structures;EinzelneWagen, EinzelneWagen;17064.014358360753;Nicht Signifikant;False
557;000152;2000;2;4;56310.0;56310.0;0.0;56310.0;2;0;0;1;0;0;0;0;2.958916643910756;0;0;19;0;0;10;663.0620873855199;04;7;X;Depot;H302;27;Kalt (-30° - 0,01° C);Abend;Schnee;Pennsylvania;Winter;Kollision;General Switching Rules;Human Factors;Depot/Rangieren, EinzelneWagen;57254.70259278088;Signifikant;False
558;000152141;2015;9;17;25159.0;25159.0;0.0;25159.0;0;0;0;1;0;0;0;0;9.926406551346263;0;0;2;0;0;0;130.67276760464793;02;A;4;Hauptstrecke;H099;74;Warm (20° bis 31,99° C);Tag;Klar;Tennessee;Sommer;Kollision;Brakes, Use of;Human Factors;Wartungszug, Wartungszug;22240.983026874117;Signifikant;False
559;000152192;2015;9;18;120910.0;120910.0;10350.0;110560.0;2;2;0;0;0;0;0;0;5.5;9;0;24;0;0;6;1833.1908207261608;01;7;1;Depot;H403;78;Warm (20° bis 31,99° C);Abenddämmerung;Klar;Georgia;Sommer;Entgleisung;Main Track Authority;Human Factors;Depot/Rangieren, Depot/Rangieren;105884.92862772573;Nicht Signifikant;False
560;000152198;2015;9;19;36210.0;36210.0;50.0;36160.0;0;0;0;0;0;0;0;0;8.931050850284048;17;0;44;0;0;0;3343.298213463556;04;6;1;Depot;T305;75;Warm (20° bis 31,99° C);Abenddämmerung;Klar;New York;Sommer;Kollision;Frogs, Switches and Track Appliances;Track, Roadbed and Structures;EinzelneWagen, EinzelneWagen;31867.519361652197;Nicht Signifikant;False
561;000152978;2015;10;7;19225.0;19225.0;1273.0;17952.0;0;0;0;0;0;0;0;0;7.935695149221832;3;3;0;0;0;0;469.8793437638873;01;6;1;Depot;S016;65;Moderat (0° bis 19,99° C);Abend;Klar;Georgia;Herbst;Entgleisung;SIGNAL AND COMMUNICATION;Signal and Communication;EinzelneWagen, EinzelneWagen;17064.619208237174;Nicht Signifikant;False
562;000153144;2015;10;12;11887.0;11887.0;0.0;11887.0;0;0;0;0;0;0;0;0;2.5;5;0;4;0;0;0;760.352710672917;04;6;1;Depot;H018;71;Warm (20° bis 31,99° C);Tag;Wolkig;North Carolina;Herbst;Kollision;Brakes, Use of;Human Factors;EinzelneWagen, EinzelneWagen;10451.947595181571;Nicht Signifikant;False
563;000153187;2015;10;13;14154.0;14154.0;0.0;14154.0;3;1;0;0;0;0;0;0;4.5;29;0;0;0;0;0;3368.7452585311667;05;7;1;Depot;H399;46;Moderat (0° bis 19,99° C);Morgendämmerung;Wolkig;Ohio;Herbst;Kollision;General Switching Rules;Human Factors;Depot/Rangieren, Lokomotive;12444.170916124494;Nicht Signifikant;False
564;000153804;2015;10;30;219470.0;219470.0;1200.0;218270.0;2;0;0;0;0;0;0;0;7.0;5;0;9;0;0;0;947.4747353191947;04;7;1;Depot;H306;43;Moderat (0° bis 19,99° C);Abend;Klar;Virginia;Herbst;Kollision;General Switching Rules;Human Factors;Depot/Rangieren, EinzelneWagen, EinzelneWagen;199210.3113370246;Signifikant;False
565;000154347;2015;11;17;18893.0;18893.0;251.0;18642.0;1;0;0;0;0;0;0;0;4.0;12;0;11;0;0;1;1771.2595884740522;04;7;1;Depot;H306;40;Moderat (0° bis 19,99° C);Morgendämmerung;Klar;Georgia;Herbst;Kollision;General Switching Rules;Human Factors;Depot/Rangieren, EinzelneWagen;17706.654170571695;Nicht Signifikant;False
566;000154713;2015;11;27;143935.0;143935.0;126.0;143809.0;4;0;0;0;0;0;0;0;8.0;128;0;33;0;0;0;15878.1228698114;04;1;2;Hauptstrecke;H221;57;Moderat (0° bis 19,99° C);Tag;Klar;Georgia;Herbst;Kollision;Flagging, Fixed, Hand and Radio Signals;Human Factors;Güterzug, Güterzug;136044.42344045368;Nicht Signifikant;False
567;000154935;2015;12;6;63284.0;63284.0;601.0;62683.0;2;1;0;0;0;0;0;0;7.0;19;1;0;0;0;0;2250.7800542363957;04;7;1;Depot;H607;42;Moderat (0° bis 19,99° C);Abend;Klar;Alabama;Herbst;Kollision;Speed;Human Factors;Depot/Rangieren, Lokomotive;58380.07380073801;Nicht Signifikant;False
568;000155067;2015;12;10;59223.0;59223.0;0.0;59223.0;0;0;0;0;0;0;0;0;19.879963561968417;17;0;0;0;0;0;2003.6561641800652;04;5;1;Depot;H018;62;Moderat (0° bis 19,99° C);Abend;Wolkig;Georgia;Herbst;Kollision;Brakes, Use of;Human Factors;EinzelneWagen, EinzelneWagen;54119.52846568583;Nicht Signifikant;True
569;000155106;2015;12;12;27100.0;27100.0;100.0;0.0;2;0;0;0;0;0;0;0;7.935695149221832;43;4;2;0;0;0;7595.256439118408;01;5;1;Depot;T311;69;Warm (20° bis 31,99° C);Tag;Klar;Georgia;Herbst;Entgleisung;Frogs, Switches and Track Appliances;Track, Roadbed and Structures;EinzelneWagen, Güterzug;24724.021530882215;Nicht Signifikant;False
570;000155419;2015;12;21;51958.0;51958.0;200.0;51758.0;1;0;0;0;0;0;0;0;4.0;9;0;22;0;0;1;1764.8978272071495;01;7;1;Depot;T305;46;Moderat (0° bis 19,99° C);Abenddämmerung;Wolkig;Ohio;Winter;Entgleisung;Frogs, Switches and Track Appliances;Track, Roadbed and Structures;Depot/Rangieren, EinzelneWagen;47799.448022079116;Nicht Signifikant;False
571;000155580;2015;12;29;22637.0;22637.0;0.0;22637.0;2;0;0;0;0;0;0;0;4.0;0;0;2;0;0;0;130.67276760464793;04;7;1;Industriestrecke;H307;34;Moderat (0° bis 19,99° C);Abend;Wolkig;New York;Winter;Kollision;General Switching Rules;Human Factors;Depot/Rangieren, EinzelneWagen;20669.284149013878;Nicht Signifikant;False
572;000155656;2015;12;29;13041.0;13041.0;0.0;13041.0;3;0;0;0;0;0;0;0;3.0;15;0;20;0;0;0;2609.8899735913355;04;1;1;Depot;H995;55;Moderat (0° bis 19,99° C);Abend;Klar;Louisiana;Winter;Kollision;Miscellaneous;Human Factors;Güterzug, Lokomotive;11907.414170927685;Nicht Signifikant;False
573;000155821;2016;1;7;242977.0;242977.0;814.0;242163.0;3;0;0;0;0;0;0;0;5.944983747097401;33;1;112;0;0;4;13424.0;04;1;1;Depot;H607;44;Moderat (0° bis 19,99° C);Abend;Klar;Louisiana;Winter;Kollision;Speed;Human Factors;Güterzug, Güterzug;223571.03422892897;Signifikant;False
574;000156127;2016;1;17;18985.0;18985.0;0.0;18985.0;1;0;0;0;0;0;0;0;4.0;25;0;17;0;0;2;3434.2646032397497;04;7;1;Depot;H316;29;Kalt (-30° - 0,01° C);Abend;Wolkig;New York;Winter;Kollision;General Switching Rules;Human Factors;Depot/Rangieren, EinzelneWagen;17418.49654413114;Nicht Signifikant;False
575;000156252;2016;1;15;124300.0;124300.0;300.0;124000.0;3;0;0;0;0;0;0;0;3.5;20;0;99;0;0;11;2313.347769348452;04;6;1;Industriestrecke;M105;50;Moderat (0° bis 19,99° C);Tag;Regen;South Carolina;Winter;Kollision;Environmental Conditions;Environmental Conditions;EinzelneWagen, Güterzug;113890.4159794759;Nicht Signifikant;False
576;000156811;2016;2;4;68769.0;68769.0;0.0;68769.0;2;0;0;0;0;0;0;0;4.5;28;0;0;0;0;0;3254.987834001908;04;7;1;Depot;H305;38;Moderat (0° bis 19,99° C);Abend;Wolkig;Kentucky;Winter;Kollision;General Switching Rules;Human Factors;Depot/Rangieren, Depot/Rangieren;61368.01713367838;Nicht Signifikant;False
577;000157256;2016;2;20;13491.0;13491.0;0.0;13491.0;3;0;0;0;0;0;0;0;4.949628046035187;26;0;83;0;0;1;5556.005067074837;04;7;1;Depot;H307;64;Moderat (0° bis 19,99° C);Tag;Klar;Maryland;Winter;Kollision;General Switching Rules;Human Factors;Depot/Rangieren, Depot/Rangieren;12184.056836654827;Nicht Signifikant;False