index;INCDTNO;YEAR4;MONTH;DAY;ACCDMG;INFRASTRUCTURE_DMG;TRKDMG;EQPDMG;LOCOMOTIVES1;LOCOMOTIVES2;RREMPKLD;RREMPINJ;PASSKLD;PASSINJ;OTHERKLD;OTHERINJ;SPEED;LOADF1;LOADF2;EMPTYF1;EMPTYP1;LOADP1;EMPTYF2;TONS;TYPE;TYPEQ;TRKCLAS;TYPTRK;ACCAUSE;TEMP;TEMP_CLUSTER;VISIBLTY;WEATHER;STATE;Jahreszeit;ACCIDENT_TYPE;ACCCAUSE_LVL1;ACCCAUSE_LVL2;EQUIPMENT_TYPE;ACCDMG_EUR;ACCTYPE;SPD_TOO_HIGH
578;000157530;2016;2;28;22640.0;22640.0;0.0;22640.0;0;0;0;0;0;0;0;0;8.0;0;0;2;0;0;0;130.67276760464793;05;6;1;Depot;E04C;62;Moderat (0° bis 19,99° C);Tag;Klar;Tennessee;Winter;Kollision;Brakes;Mechanical and Electrical Failures;EinzelneWagen, EinzelneWagen;20718.68708437557;Nicht Signifikant;False
579;000158094;2016;3;14;123925.0;123925.0;928.0;122997.0;7;0;0;0;0;0;0;0;3.9542723449729715;153;0;139;0;0;5;23356.0;01;1;1;Depot;E29C;55;Moderat (0° bis 19,99° C);Abend;Klar;North Carolina;Winter;Entgleisung;Body;Mechanical and Electrical Failures;Güterzug, Güterzug;111453.36810864286;Nicht Signifikant;False
580;000158214;2016;3;16;98751.0;98751.0;4136.0;94615.0;2;1;0;0;0;0;0;0;7.935695149221832;22;2;0;0;0;0;2611.6613688219845;01;7;1;Depot;T207;73;Warm (20° bis 31,99° C);Tag;Klar;Kentucky;Winter;Entgleisung;Rail, Joint Bar and Rail Anchoring;Track, Roadbed and Structures;Depot/Rangieren, Lokomotive;89254.33839479393;Nicht Signifikant;False
581;000159414;2016;4;30;69232.0;69232.0;0.0;69232.0;3;0;0;0;0;0;0;0;7.935695149221832;32;0;46;0;0;0;5110.55240182441;04;7;1;Depot;H306;55;Moderat (0° bis 19,99° C);Abend;Klar;New York;Frühling;Kollision;General Switching Rules;Human Factors;Depot/Rangieren, Depot/Rangieren;60554.53511764191;Nicht Signifikant;False
582;000159442;2016;5;2;39051.0;39051.0;50.0;39001.0;2;0;0;0;0;0;0;0;4.949628046035187;116;0;114;0;0;0;17271.30471904516;04;6;1;Nebenstrecke;H302;58;Moderat (0° bis 19,99° C);Abend;Klar;Georgia;Frühling;Kollision;General Switching Rules;Human Factors;EinzelneWagen, Güterzug;33978.07361002349;Nicht Signifikant;False
583;000159846;2016;5;18;14642.0;14642.0;0.0;14642.0;1;0;0;0;0;0;0;0;4.949628046035187;7;0;26;0;0;0;1657.688584373179;05;7;1;Depot;H607;55;Moderat (0° bis 19,99° C);Morgendämmerung;Wolkig;New York;Frühling;Kollision;Speed;Human Factors;Depot/Rangieren, EinzelneWagen;12981.647309158614;Nicht Signifikant;False
584;000160297;2016;6;5;131576.0;131576.0;1500.0;130076.0;3;0;0;0;0;0;0;0;3.9542723449729715;34;2;36;0;0;1;5074.301265388076;04;7;1;Depot;H607;82;Warm (20° bis 31,99° C);Tag;Wolkig;Ohio;Frühling;Kollision;Speed;Human Factors;Depot/Rangieren, Depot/Rangieren;116604.04112017015;Nicht Signifikant;False
585;000160988;2016;7;1;24706.0;24706.0;1060.0;23646.0;4;0;0;0;0;0;0;0;4.0;141;0;116;0;0;4;21009.54911833294;01;7;1;Depot;E21C;65;Moderat (0° bis 19,99° C);Abend;Klar;New York;Sommer;Entgleisung;Body;Mechanical and Electrical Failures;Depot/Rangieren, Güterzug;22187.696452626853;Nicht Signifikant;False
586;000161051;2016;7;5;404079.0;404079.0;1060.0;403019.0;5;0;0;0;0;0;0;0;4.0;328;2;107;0;0;0;35961.82307289833;04;7;1;Depot;H020;68;Warm (20° bis 31,99° C);Abend;Regen;New York;Sommer;Kollision;Brakes, Use of;Human Factors;Depot/Rangieren, EinzelneWagen, Güterzug;362532.747173874;Signifikant;False
587;000161397;2016;7;17;470393.0;470393.0;125254.0;345139.0;2;0;0;0;0;0;0;0;0.9682052417863254;32;2;14;0;0;11;4191.765737881883;01;7;1;Industriestrecke;S006;78;Warm (20° bis 31,99° C);Abend;Klar;Illinois;Sommer;Entgleisung;SIGNAL AND COMMUNICATION;Signal and Communication;Depot/Rangieren, EinzelneWagen;424619.0648131432;Signifikant;False
588;000161430;2016;7;19;62675.0;62675.0;14221.0;48454.0;4;0;0;0;0;0;0;0;3.0;98;0;57;0;0;4;11608.095859492603;01;6;1;Depot;M405;68;Warm (20° bis 31,99° C);Abend;Klar;New York;Sommer;Entgleisung;Unusual Operational Situations;Miscellaneous Causes;EinzelneWagen, Güterzug;56796.55641141822;Nicht Signifikant;False
589;000161996;2016;8;9;228262.0;228262.0;94574.0;133688.0;4;0;0;0;0;0;0;0;19.879963561968417;60;5;3;0;0;1;6627.709238843708;01;6;2;Nebenstrecke;T207;88;Warm (20° bis 31,99° C);Tag;Klar;Virginia;Sommer;Entgleisung;Rail, Joint Bar and Rail Anchoring;Track, Roadbed and Structures;EinzelneWagen, Güterzug;206049.82848889692;Signifikant;False
590;000162087;2016;8;13;359659.0;359659.0;105039.0;254620.0;5;0;0;0;0;0;0;0;6.960226298773079;194;5;44;0;0;5;24856.56993418469;04;7;1;Depot;H306;89;Warm (20° bis 31,99° C);Tag;Klar;New York;Sommer;Kollision;General Switching Rules;Human Factors;Depot/Rangieren, Depot/Rangieren, Güterzug;322121.1487938859;Signifikant;False
591;000162452;2016;8;26;42037.0;42037.0;2504.0;39533.0;4;1;0;0;0;0;0;0;1.9635609428485408;7;0;63;0;0;2;540.0;01;1;1;Depot;E24C;90;Heiß (>= 32° C);Tag;Klar;Ohio;Sommer;Entgleisung;Body;Mechanical and Electrical Failures;Güterzug, Güterzug;37233.83525243578;Nicht Signifikant;False
592;000162481;2016;8;26;303869.0;303869.0;150.0;303719.0;2;0;0;0;0;0;0;0;2.5;73;4;70;0;0;0;9364.790541510734;04;6;1;Depot;M502;85;Warm (20° bis 31,99° C);Abend;Klar;Alabama;Sommer;Kollision;Other Miscellaneous;Miscellaneous Causes;EinzelneWagen, Güterzug;269148.80425155006;Signifikant;False
593;000162625;2016;9;2;14300.0;14300.0;0.0;14300.0;8;0;0;0;0;0;0;0;4.5;89;0;29;0;0;0;11077.13662640534;04;7;1;Depot;H307;73;Warm (20° bis 31,99° C);Tag;Klar;Illinois;Sommer;Kollision;General Switching Rules;Human Factors;Depot/Rangieren, Depot/Rangieren;12775.842044134728;Nicht Signifikant;False
594;000163095;2016;9;24;45326.0;45326.0;125.0;45201.0;2;0;0;0;0;0;0;0;6.0;89;0;26;0;0;1;10987.277430391781;04;7;1;Depot;T305;68;Warm (20° bis 31,99° C);Abend;Klar;Maryland;Herbst;Kollision;Frogs, Switches and Track Appliances;Track, Roadbed and Structures;Depot/Rangieren, EinzelneWagen;40361.53161175423;Nicht Signifikant;False
595;000163387;2016;10;5;143825.0;143825.0;17800.0;126025.0;2;0;0;0;0;0;0;0;4.932837394713582;110;3;187;0;0;8;19494.047617285447;01;6;1;Depot;H518;85;Warm (20° bis 31,99° C);Abenddämmerung;Klar;Tennessee;Herbst;Entgleisung;Train Handling/Train Makeup;Human Factors;EinzelneWagen, EinzelneWagen, Güterzug;128289.1802693783;Nicht Signifikant;False
596;000163900;2016;10;28;128163.0;128163.0;2275.0;125888.0;4;1;0;2;0;0;0;0;24.856742067279495;14;0;64;0;0;0;2675.0;02;1;4;Hauptstrecke;H221;50;Moderat (0° bis 19,99° C);Tag;Klar;Pennsylvania;Herbst;Kollision;Flagging, Fixed, Hand and Radio Signals;Human Factors;Güterzug, Güterzug;117343.89305987913;Signifikant;False
597;000164377;2016;11;16;4441401.0;4441401.0;284087.0;4157314.0;6;3;0;0;0;0;0;0;29.0;210;32;0;0;0;0;28551.0;04;1;4;Hauptstrecke;H221;45;Moderat (0° bis 19,99° C);Abend;Klar;Florida;Herbst;Kollision;Flagging, Fixed, Hand and Radio Signals;Human Factors;Güterzug, Güterzug;4150066.3427396747;Schwer;False
598;000164445;2016;11;16;71631.0;71631.0;856.0;70775.0;2;0;0;0;0;0;0;0;6.0;2;2;4;0;0;4;358.25643911840757;01;5;1;Depot;H018;50;Moderat (0° bis 19,99° C);Abend;Klar;Virginia;Herbst;Entgleisung;Brakes, Use of;Human Factors;EinzelneWagen, Güterzug;66932.34909362736;Nicht Signifikant;False
599;000164889;2016;12;5;13044.0;13044.0;0.0;13044.0;1;0;0;0;0;0;0;0;6.0;5;0;8;0;0;1;883.6183861362776;01;7;1;Hauptstrecke;H302;38;Moderat (0° bis 19,99° C);Tag;Wolkig;Ohio;Herbst;Entgleisung;General Switching Rules;Human Factors;Depot/Rangieren, EinzelneWagen;12188.376004485142;Nicht Signifikant;False
600;000165;2000;2;6;31029.0;31029.0;1000.0;30029.0;5;0;0;0;0;0;0;0;4.0;57;0;34;0;0;1;7590.611127143417;04;7;1;Depot;M407;26;Kalt (-30° - 0,01° C);Abend;Klar;North Carolina;Winter;Kollision;Unusual Operational Situations;Miscellaneous Causes;Depot/Rangieren, Depot/Rangieren;31695.66549763356;Nicht Signifikant;False
601;000165016;2016;12;8;36775.0;36775.0;0.0;36775.0;1;0;0;0;0;0;0;0;2.5;1;0;9;0;0;0;457.5550636108253;04;7;1;Industriestrecke;H020;50;Moderat (0° bis 19,99° C);Morgendämmerung;Wolkig;Louisiana;Herbst;Kollision;Brakes, Use of;Human Factors;Depot/Rangieren, EinzelneWagen;34171.1577773648;Nicht Signifikant;False
602;000165026;2016;12;9;34586.0;34586.0;0.0;34586.0;0;0;0;0;0;0;0;0;10.0;1;0;2;0;0;0;244.4301921339064;04;6;1;Depot;E23C;33;Moderat (0° bis 19,99° C);Abend;Wolkig;New York;Herbst;Kollision;Body;Mechanical and Electrical Failures;EinzelneWagen, EinzelneWagen;32754.995738232785;Nicht Signifikant;False
603;000166099;2017;1;18;18303.0;18303.0;196.0;18107.0;0;0;0;0;0;0;0;0;3.9542723449729715;0;0;6;0;0;1;253.9384430680085;01;5;1;Depot;M411;35;Moderat (0° bis 19,99° C);Morgendämmerung;Wolkig;Ohio;Winter;Entgleisung;Unusual Operational Situations;Miscellaneous Causes;EinzelneWagen, EinzelneWagen;17163.353338334582;Nicht Signifikant;False
604;000166165;2017;1;23;23192.0;23192.0;0.0;23192.0;0;0;0;0;0;0;0;0;4.0;0;0;3;0;0;1;162.59921243504323;01;5;X;Depot;H316;39;Moderat (0° bis 19,99° C);Abend;Klar;New York;Winter;Entgleisung;General Switching Rules;Human Factors;EinzelneWagen, EinzelneWagen;21644.42370508633;Nicht Signifikant;False
605;000166181;2017;1;23;136758.0;136758.0;628.0;136130.0;6;0;0;0;0;0;0;0;11.917117953470694;195;1;105;0;0;5;28983.0;03;1;3;Hauptstrecke;H605;41;Moderat (0° bis 19,99° C);Tag;Wolkig;Illinois;Winter;Kollision;Speed;Human Factors;Güterzug, Güterzug;127632.29118058797;Nicht Signifikant;False
606;000166388;2017;1;29;55616.0;55616.0;1130.0;54486.0;2;0;0;0;0;0;0;0;4.0;43;4;16;0;0;1;5528.407963927261;06;7;1;Depot;E30C;26;Kalt (-30° - 0,01° C);Abend;Wolkig;Maryland;Winter;Kollision;Coupler and Draft System;Mechanical and Electrical Failures;Depot/Rangieren, EinzelneWagen;52236.31069784916;Nicht Signifikant;False
607;000166769;2017;2;13;166141.0;166141.0;7000.0;159141.0;1;0;0;0;0;0;0;0;4.949628046035187;136;0;20;0;0;8;7252.612506356332;01;6;1;Depot;T220;38;Moderat (0° bis 19,99° C);Abend;Klar;Virginia;Winter;Entgleisung;Rail, Joint Bar and Rail Anchoring;Track, Roadbed and Structures;EinzelneWagen, Güterzug;156309.15420077147;Signifikant;False
608;000167068;2017;2;24;330854.0;330854.0;53400.0;277454.0;6;0;0;0;0;0;0;0;21.870674964092846;168;0;104;0;0;3;27169.0;01;1;4;Hauptstrecke;T106;50;Moderat (0° bis 19,99° C);Abend;Klar;Georgia;Winter;Entgleisung;Track Geometry;Track, Roadbed and Structures;Güterzug, Güterzug;311861.6269205392;Signifikant;False
609;000167261;2017;3;7;1888187.0;1888187.0;145087.0;1743100.0;3;3;0;4;0;0;0;0;30.771835031537048;38;19;41;0;0;3;6226.632836843462;07;1;4;Hauptstrecke;M303;52;Moderat (0° bis 19,99° C);Tag;Wolkig;New York;Winter;Bahnübergang;Loading Procedures;Loading;Güterzug, Wartungszug, Wartungszug;1785350.7942511344;Signifikant;False
610;000167990;2017;4;4;81785.0;81785.0;0.0;81785.0;2;0;0;0;0;0;0;0;1.9635609428485408;25;0;33;0;0;0;3918.4470973767507;04;7;1;Depot;H307;75;Warm (20° bis 31,99° C);Tag;Klar;Alabama;Frühling;Kollision;General Switching Rules;Human Factors;Depot/Rangieren, Depot/Rangieren;76786.21725659563;Nicht Signifikant;False
611;000168283;2017;4;16;56194.0;56194.0;0.0;56194.0;0;0;0;0;0;0;0;0;3.5;3;0;0;0;0;0;411.05222077044647;04;5;1;Depot;H318;65;Moderat (0° bis 19,99° C);Abend;Klar;Virginia;Frühling;Kollision;General Switching Rules;Human Factors;EinzelneWagen, EinzelneWagen;52708.888305256434;Nicht Signifikant;False
612;000168573;2017;4;28;57280.0;57280.0;592.0;56688.0;2;0;0;0;0;0;0;0;3.9542723449729715;156;1;0;0;0;0;17835.54721474481;04;7;1;Depot;H306;60;Moderat (0° bis 19,99° C);Tag;Klar;Ohio;Frühling;Kollision;General Switching Rules;Human Factors;Depot/Rangieren, Depot/Rangieren;52406.22140896615;Nicht Signifikant;False
613;000168585;2017;4;29;13000.0;13000.0;0.0;13000.0;3;1;0;0;0;0;0;0;4.949628046035187;102;0;70;0;0;0;13804.285963936225;04;7;1;Depot;H607;75;Warm (20° bis 31,99° C);Abend;Klar;Alabama;Frühling;Kollision;Speed;Human Factors;Depot/Rangieren, Depot/Rangieren;11897.95217938451;Nicht Signifikant;False
614;000168858;2017;5;12;349677.0;349677.0;40296.0;309381.0;3;0;0;0;0;0;0;0;6.0;80;8;18;0;0;0;11040.336383802323;01;5;1;Depot;T206;75;Warm (20° bis 31,99° C);Abend;Klar;Alabama;Frühling;Entgleisung;Rail, Joint Bar and Rail Anchoring;Track, Roadbed and Structures;EinzelneWagen, Güterzug;321512.5045972784;Signifikant;False
615;000169042;2017;5;21;48792.0;48792.0;100.0;48692.0;3;0;0;0;0;0;0;0;3.5;46;0;132;0;0;0;8981.18568504843;04;7;1;Depot;H307;75;Warm (20° bis 31,99° C);Abend;Klar;Tennessee;Frühling;Kollision;General Switching Rules;Human Factors;Depot/Rangieren, Güterzug;43480.172285756715;Nicht Signifikant;False
616;000169411;2017;6;5;10728.0;10728.0;509.0;10219.0;5;0;0;0;0;0;0;0;8.931050850284048;34;6;25;0;0;3;4918.336383802324;01;1;X;Depot;M405;80;Warm (20° bis 31,99° C);Tag;Wolkig;Georgia;Frühling;Entgleisung;Unusual Operational Situations;Miscellaneous Causes;Güterzug, Wartungszug;9536.847719797315;Nicht Signifikant;False
617;000169664;2017;6;15;14108.0;14108.0;33.0;14075.0;1;0;0;0;0;0;0;0;4.0;41;0;2;0;0;0;4829.617146895581;04;7;1;Depot;H307;90;Heiß (>= 32° C);Tag;Klar;Georgia;Frühling;Kollision;General Switching Rules;Human Factors;Depot/Rangieren, EinzelneWagen, EinzelneWagen;12634.784166218878;Nicht Signifikant;False
618;000170099;2017;7;9;20132.0;20132.0;132.0;20000.0;3;0;0;0;0;0;0;0;5.0;0;0;183;0;0;1;5790.44150701105;01;6;1;Industriestrecke;M101;69;Warm (20° bis 31,99° C);Abend;Klar;South Carolina;Sommer;Entgleisung;Environmental Conditions;Environmental Conditions;EinzelneWagen, Güterzug;17666.881179430176;Nicht Signifikant;False
619;000170186;2017;7;12;43755.0;43755.0;0.0;43755.0;3;0;0;0;0;0;0;0;3.9542723449729715;108;0;0;0;0;0;13914.919671708369;04;7;1;Depot;H307;73;Warm (20° bis 31,99° C);Abenddämmerung;Wolkig;Indiana;Sommer;Kollision;General Switching Rules;Human Factors;Depot/Rangieren, Güterzug;38217.31155559437;Nicht Signifikant;False
620;000170246;2017;7;15;132847.0;132847.0;3204.0;129643.0;5;0;0;0;0;0;0;0;4.949628046035187;37;3;179;0;0;4;10664.0;01;1;3;Hauptstrecke;H504;90;Heiß (>= 32° C);Abenddämmerung;Klar;Alabama;Sommer;Entgleisung;Train Handling/Train Makeup;Human Factors;Güterzug, Güterzug;116219.81803336056;Nicht Signifikant;False
621;000170319;2017;7;18;19820.0;19820.0;220.0;19600.0;5;1;0;0;0;0;0;0;8.0;54;1;68;0;0;0;8302.645807107654;01;7;1;Depot;H607;88;Warm (20° bis 31,99° C);Tag;Klar;Alabama;Sommer;Entgleisung;Speed;Human Factors;Depot/Rangieren, Depot/Rangieren;17152.747728256167;Nicht Signifikant;False
622;000170848;2017;8;10;16860.0;16860.0;2776.0;14084.0;0;0;0;0;0;0;0;0;8.931050850284048;1;0;3;0;0;1;276.3566369643017;05;5;X;Depot;S014;74;Warm (20° bis 31,99° C);Abenddämmerung;Klar;New York;Sommer;Kollision;SIGNAL AND COMMUNICATION;Signal and Communication;EinzelneWagen, EinzelneWagen;14370.951244459597;Nicht Signifikant;False
623;000170858;2017;8;10;672930.0;672930.0;0.0;672930.0;4;0;0;0;0;0;0;0;5.5;68;1;17;0;0;0;8342.482829756864;04;7;X;Depot;H399;67;Moderat (0° bis 19,99° C);Tag;Regen;Kentucky;Sommer;Kollision;General Switching Rules;Human Factors;Depot/Rangieren, Depot/Rangieren;573585.0664848278;Signifikant;False
624;000171098;2017;8;21;205890.0;205890.0;8900.0;196990.0;4;0;0;0;0;0;0;0;5.944983747097401;72;3;23;0;0;6;10796.0;04;1;1;Industriestrecke;H702;80;Warm (20° bis 31,99° C);Tag;Klar;North Carolina;Sommer;Kollision;Switches, Use of;Human Factors;Güterzug, Güterzug;175061.6444179917;Signifikant;False
625;000171674;2017;9;16;35469.0;35469.0;784.0;34685.0;2;0;0;0;0;0;0;0;2.958916643910756;111;4;1;0;0;0;12390.617807057284;01;6;1;Nebenstrecke;H503;70;Warm (20° bis 31,99° C);Tag;Wolkig;Indiana;Sommer;Entgleisung;Train Handling/Train Makeup;Human Factors;EinzelneWagen, Güterzug;29661.314601103863;Nicht Signifikant;False
626;000171795;2017;9;18;534970.0;534970.0;120539.0;414431.0;7;0;0;0;0;0;0;0;5.944983747097401;96;13;86;0;0;1;15014.20391662393;01;7;1;Depot;M405;84;Warm (20° bis 31,99° C);Abend;Wolkig;Louisiana;Sommer;Entgleisung;Unusual Operational Situations;Miscellaneous Causes;Depot/Rangieren, Güterzug;447748.57716772676;Signifikant;False
627;000171937;2017;9;29;30660.0;30660.0;48.0;30612.0;1;0;0;0;0;0;0;0;2.958916643910756;6;1;0;0;0;0;771.9335353560355;04;7;1;Depot;H318;71;Warm (20° bis 31,99° C);Abenddämmerung;Klar;West Virginia;Herbst;Kollision;General Switching Rules;Human Factors;Depot/Rangieren, EinzelneWagen;25969.845841097744;Nicht Signifikant;False
628;000171953;2017;10;1;239835.0;239835.0;1883.0;237952.0;2;0;0;0;0;0;0;0;8.931050850284048;132;0;119;0;0;4;18944.696813285722;01;6;1;Depot;E40C;64;Moderat (0° bis 19,99° C);Tag;Klar;Georgia;Herbst;Entgleisung;Truck Components;Mechanical and Electrical Failures;EinzelneWagen, Güterzug;203860.4295347651;Signifikant;False
629;000172031;2017;10;5;18730.0;18730.0;0.0;18730.0;1;0;0;0;0;0;0;0;6.940339448159618;4;0;26;0;0;0;1316.4163107854038;04;7;1;Depot;H301;71;Warm (20° bis 31,99° C);Abend;Klar;South Carolina;Herbst;Kollision;General Switching Rules;Human Factors;Depot/Rangieren, EinzelneWagen;15951.285981945155;Nicht Signifikant;False
630;000172880;2017;11;14;45186.0;45186.0;1500.0;43686.0;6;0;0;0;0;0;0;0;8.931050850284048;24;2;0;0;0;0;2231.4642188839202;04;7;X;Depot;H306;55;Moderat (0° bis 19,99° C);Abenddämmerung;Klar;Kentucky;Herbst;Kollision;General Switching Rules;Human Factors;Depot/Rangieren, Güterzug;38472.54150702426;Nicht Signifikant;False
631;000172930;2017;11;15;14342.0;14342.0;97.0;14245.0;1;0;0;0;0;0;0;0;1.0;18;0;20;0;0;0;2726.3417929290918;04;7;2;Depot;S007;48;Moderat (0° bis 19,99° C);Abend;Klar;Georgia;Herbst;Kollision;SIGNAL AND COMMUNICATION;Signal and Communication;Depot/Rangieren, EinzelneWagen;12113.175675675677;Nicht Signifikant;False
632;000173024;2017;11;23;28632.0;28632.0;1323.0;27309.0;1;1;0;0;0;0;0;0;3.9542723449729715;0;0;6;0;0;3;256.8985123068223;04;7;1;Depot;H399;55;Moderat (0° bis 19,99° C);Abenddämmerung;Wolkig;Georgia;Herbst;Kollision;General Switching Rules;Human Factors;Depot/Rangieren, EinzelneWagen;24166.103983794732;Nicht Signifikant;False
633;000173322;2017;12;8;141503.0;141503.0;0.0;141503.0;6;0;0;1;0;0;0;0;3.9542723449729715;66;0;150;0;0;3;12149.171601620214;04;7;1;Depot;H607;28;Kalt (-30° - 0,01° C);Abend;Klar;Kentucky;Herbst;Kollision;Speed;Human Factors;Depot/Rangieren, Depot/Rangieren;120510.13455970024;Signifikant;False
634;000173412;2017;12;13;41627.0;41627.0;100.0;41527.0;6;0;0;0;0;0;0;0;9.926406551346263;5;0;56;0;0;2;2739.4048226498526;04;7;1;Depot;H399;23;Kalt (-30° - 0,01° C);Tag;Wolkig;Pennsylvania;Herbst;Kollision;General Switching Rules;Human Factors;Depot/Rangieren, Güterzug;35469.495569188824;Nicht Signifikant;False
635;000173485;2017;12;16;41265.0;41265.0;10460.0;30805.0;2;0;0;0;0;0;0;0;4.0;61;3;1;0;0;1;7099.736411291274;04;7;X;Depot;H306;41;Moderat (0° bis 19,99° C);Abend;Klar;Kentucky;Herbst;Kollision;General Switching Rules;Human Factors;Depot/Rangieren, Depot/Rangieren;34963.4253113791;Nicht Signifikant;False
636;000173576;2017;12;20;19426.0;19426.0;0.0;19426.0;2;0;0;0;0;0;0;0;6.940339448159618;9;0;18;0;0;0;1712.1799390780068;05;6;4;Hauptstrecke;H302;50;Moderat (0° bis 19,99° C);Tag;Regen;Kentucky;Herbst;Kollision;General Switching Rules;Human Factors;EinzelneWagen, Güterzug;16400.168847615027;Nicht Signifikant;False
637;000173700;2017;12;29;11780.0;11780.0;114.0;11666.0;2;0;0;0;0;0;0;0;7.5;7;0;29;0;0;3;1753.4679188643654;04;7;1;Depot;H021;35;Moderat (0° bis 19,99° C);Abend;Wolkig;South Carolina;Winter;Kollision;Brakes, Use of;Human Factors;Depot/Rangieren, EinzelneWagen;9822.396397898774;Nicht Signifikant;False
638;000173714;2018;1;1;53499.0;53499.0;15770.0;37729.0;5;2;0;0;0;0;0;0;3.9542723449729715;170;2;50;0;0;0;26458.0;01;1;2;Hauptstrecke;T399;-8;Kalt (-30° - 0,01° C);Abend;Klar;Pennsylvania;Winter;Entgleisung;Frogs, Switches and Track Appliances;Track, Roadbed and Structures;Güterzug, Güterzug;44408.56644807837;Nicht Signifikant;False
639;000174346;2018;1;29;180505.0;180505.0;0.0;180505.0;4;0;0;0;0;0;0;0;7.935695149221832;131;3;6;0;0;0;11073.889973591336;01;1;1;Industriestrecke;H008;55;Moderat (0° bis 19,99° C);Morgendämmerung;Wolkig;Georgia;Winter;Entgleisung;Brakes, Use of;Human Factors;Güterzug, Lokomotive;145815.49398174326;Nicht Signifikant;False
640;000175393;2018;3;24;196239.0;196239.0;20288.0;175951.0;2;0;0;0;0;0;0;0;6.920452597546157;89;6;48;0;0;0;11808.162639992337;01;7;1;Depot;T311;36;Moderat (0° bis 19,99° C);Tag;Klar;Ohio;Frühling;Entgleisung;Frogs, Switches and Track Appliances;Track, Roadbed and Structures;Depot/Rangieren, EinzelneWagen, EinzelneWagen;158670.99695442416;Signifikant;False
641;000175395;2018;3;25;69770.0;69770.0;18516.0;51254.0;0;0;0;0;0;0;0;0;14.903185056657339;4;1;0;0;0;0;544.4186862975185;01;5;1;Depot;M407;56;Moderat (0° bis 19,99° C);Tag;Wolkig;Georgia;Frühling;Entgleisung;Unusual Operational Situations;Miscellaneous Causes;EinzelneWagen, EinzelneWagen;56314.571674558756;Nicht Signifikant;True
642;000175542;2018;3;30;96530.0;96530.0;2509.0;94021.0;4;0;0;0;0;0;0;0;0.9682052417863254;65;3;0;0;0;0;1110.8899735913355;01;1;1;Depot;H702;60;Moderat (0° bis 19,99° C);Tag;Klar;Kentucky;Frühling;Entgleisung;Switches, Use of;Human Factors;Güterzug, Lokomotive;78362.44966878815;Nicht Signifikant;False
643;000175624;2018;4;1;15612.0;15612.0;50.0;15562.0;0;0;0;0;0;0;0;0;9.926406551346263;1;0;1;0;0;0;213.98378192291796;05;5;1;Depot;S016;35;Moderat (0° bis 19,99° C);Abend;Klar;New York;Frühling;Kollision;SIGNAL AND COMMUNICATION;Signal and Communication;EinzelneWagen, EinzelneWagen;12679.076113439238;Nicht Signifikant;False
644;000175733;2018;4;10;16608.0;16608.0;608.0;16000.0;4;1;0;0;0;0;0;0;6.5;0;0;0;0;0;0;69.7799471826711;04;8;1;Depot;H307;35;Moderat (0° bis 19,99° C);Abend;Klar;Indiana;Frühling;Kollision;General Switching Rules;Human Factors;Lokomotive, Lokomotive;13435.806164549795;Nicht Signifikant;False
645;000175937;2018;4;20;42349.0;42349.0;196.0;42153.0;2;0;0;0;0;0;0;0;5.0;6;1;2;0;0;0;832.8263557780123;04;7;1;Depot;H307;73;Warm (20° bis 31,99° C);Tag;Klar;Georgia;Frühling;Kollision;General Switching Rules;Human Factors;Depot/Rangieren, Lokomotive;34404.90697863352;Nicht Signifikant;False
646;000176024;2018;4;25;194744.0;194744.0;601.0;194143.0;0;0;0;0;0;0;0;0;12.666666666666666;3;3;0;0;0;0;504.7693173552228;01;5;1;Depot;M407;55;Moderat (0° bis 19,99° C);Abend;Regen;New York;Frühling;Entgleisung;Unusual Operational Situations;Miscellaneous Causes;EinzelneWagen, EinzelneWagen, EinzelneWagen;159822.7328682807;Signifikant;True
647;000176213;2018;5;4;261265.0;261265.0;153085.0;108180.0;3;0;0;0;0;0;0;0;21.870674964092846;74;8;1;0;0;0;10062.46421888392;01;6;1;Hauptstrecke;T106;77;Warm (20° bis 31,99° C);Tag;Wolkig;Tennessee;Frühling;Entgleisung;Track Geometry;Track, Roadbed and Structures;EinzelneWagen, Güterzug;218284.7355668811;Signifikant;True
648;000176589;2018;5;24;111641.0;111641.0;38759.0;72882.0;3;1;0;0;0;0;0;0;6.0;80;8;0;0;0;0;6532.315835352476;01;7;1;Depot;H306;85;Warm (20° bis 31,99° C);Tag;Klar;Kentucky;Frühling;Entgleisung;General Switching Rules;Human Factors;Depot/Rangieren, Güterzug;95191.84856753069;Nicht Signifikant;False