index;INCDTNO;YEAR4;MONTH;DAY;ACCDMG;INFRASTRUCTURE_DMG;TRKDMG;EQPDMG;LOCOMOTIVES1;LOCOMOTIVES2;RREMPKLD;RREMPINJ;PASSKLD;PASSINJ;OTHERKLD;OTHERINJ;SPEED;LOADF1;LOADF2;EMPTYF1;EMPTYP1;LOADP1;EMPTYF2;TONS;TYPE;TYPEQ;TRKCLAS;TYPTRK;ACCAUSE;TEMP;TEMP_CLUSTER;VISIBLTY;WEATHER;STATE;Jahreszeit;ACCIDENT_TYPE;ACCCAUSE_LVL1;ACCCAUSE_LVL2;EQUIPMENT_TYPE;ACCDMG_EUR;ACCTYPE;SPD_TOO_HIGH
649;000177060;2018;6;17;1803908.0;1803908.0;283656.0;1520252.0;2;0;0;0;0;0;0;0;37.79636618108829;89;22;12;0;0;4;11621.66930808252;01;6;4;Hauptstrecke;T109;89;Warm (20° bis 31,99° C);Abenddämmerung;Klar;Indiana;Frühling;Entgleisung;Track Geometry;Track, Roadbed and Structures;EinzelneWagen, Güterzug;1554110.6197231638;Signifikant;False
650;000177077;2018;6;17;546157.0;546157.0;79528.0;466629.0;6;0;0;0;0;0;0;0;10.921762252408477;139;11;81;0;0;2;18874.0;01;1;2;Nebenstrecke;T213;85;Warm (20° bis 31,99° C);Tag;Klar;Tennessee;Frühling;Entgleisung;Rail, Joint Bar and Rail Anchoring;Track, Roadbed and Structures;Güterzug, Güterzug;470527.5400608811;Signifikant;False
651;000177162;2018;6;24;298607.0;298607.0;978.0;297629.0;2;0;0;0;0;0;0;0;5.0;5;0;58;0;0;2;2407.4189313051056;04;7;1;Depot;H607;76;Warm (20° bis 31,99° C);Morgendämmerung;Klar;Georgia;Sommer;Kollision;Speed;Human Factors;Depot/Rangieren, Depot/Rangieren;255598.32230084456;Signifikant;False
652;000177196;2018;6;25;20000.0;20000.0;0.0;20000.0;0;0;0;1;0;0;0;0;19.879963561968417;0;0;2;0;0;0;130.67276760464793;09;A;2;Nebenstrecke;H102;80;Warm (20° bis 31,99° C);Tag;Klar;Illinois;Sommer;Kollision;Employee Physical Condition;Human Factors;Wartungszug, Wartungszug;17094.017094017094;Signifikant;False
653;000177374;2018;7;4;72849.0;72849.0;38796.0;34053.0;0;0;0;0;0;0;0;0;10.0;3;3;0;0;0;0;504.7693173552228;01;5;1;Depot;T101;90;Heiß (>= 32° C);Tag;Wolkig;Indiana;Sommer;Entgleisung;Track Geometry;Track, Roadbed and Structures;EinzelneWagen, EinzelneWagen, EinzelneWagen;62574.29994846247;Nicht Signifikant;False
654;000177377;2018;7;3;88876.0;88876.0;0.0;88876.0;2;0;0;0;0;0;0;0;5.5;28;0;22;0;0;1;3926.2888932630603;01;7;1;Depot;H020;80;Warm (20° bis 31,99° C);Abend;Klar;Michigan;Sommer;Entgleisung;Brakes, Use of;Human Factors;Depot/Rangieren, EinzelneWagen;76190.31290184312;Nicht Signifikant;False
655;000177464;2018;7;6;15474.0;15474.0;0.0;15474.0;6;0;0;0;0;0;0;0;50.0;242;0;5;0;0;0;27820.0;05;1;4;Hauptstrecke;E29C;71;Warm (20° bis 31,99° C);Abend;Klar;Ohio;Sommer;Kollision;Body;Mechanical and Electrical Failures;Güterzug, Güterzug;13198.567041965198;Nicht Signifikant;False
656;000177725;2018;7;21;84064.0;84064.0;14260.0;69804.0;3;0;0;1;0;0;0;0;7.914260198962443;161;10;37;0;0;1;19743.702892388734;05;7;1;Depot;H996;72;Warm (20° bis 31,99° C);Tag;Klar;Massachusetts;Sommer;Kollision;Miscellaneous;Human Factors;Depot/Rangieren, EinzelneWagen, EinzelneWagen;71939.75353719763;Signifikant;False
657;000177731;2018;7;21;198007.0;198007.0;23248.0;174759.0;6;1;0;0;0;0;0;0;4.0;94;4;45;0;0;0;12904.0;04;1;1;Depot;H306;85;Warm (20° bis 31,99° C);Tag;Klar;Tennessee;Sommer;Kollision;General Switching Rules;Human Factors;Güterzug, Güterzug;169449.16704701047;Signifikant;False
658;000177994;2018;8;3;250830.0;250830.0;136014.0;114816.0;2;0;0;0;0;0;0;0;7.935695149221832;59;0;37;0;0;3;7262.322224866787;01;6;1;Depot;H706;84;Warm (20° bis 31,99° C);Abend;Klar;North Carolina;Sommer;Entgleisung;Switches, Use of;Human Factors;EinzelneWagen, Güterzug;216456.67932343803;Signifikant;False
659;000178250;2018;8;16;407192.0;407192.0;231365.0;175827.0;2;0;0;0;0;0;0;0;6.940339448159618;100;7;46;0;0;0;9810.404822649853;01;6;1;Depot;S006;75;Warm (20° bis 31,99° C);Abenddämmerung;Klar;Kentucky;Sommer;Entgleisung;SIGNAL AND COMMUNICATION;Signal and Communication;EinzelneWagen, Güterzug;358128.4080914688;Signifikant;False
660;000178577;2018;9;4;264253.0;264253.0;6544.0;257709.0;2;0;0;0;0;0;0;0;4.0;178;3;61;0;0;1;17647.297381028755;06;6;1;Depot;E32C;85;Warm (20° bis 31,99° C);Tag;Klar;Indiana;Sommer;Kollision;Coupler and Draft System;Mechanical and Electrical Failures;EinzelneWagen, Güterzug;228553.0185089085;Signifikant;False
661;000178617;2018;9;6;93408.0;93408.0;9349.0;84059.0;4;0;0;0;0;0;0;0;3.5;89;3;0;0;0;0;5919.553313235022;01;7;1;Depot;E35C;79;Warm (20° bis 31,99° C);Abend;Klar;Kentucky;Sommer;Entgleisung;Coupler and Draft System;Mechanical and Electrical Failures;Depot/Rangieren, Güterzug;80288.80866425992;Nicht Signifikant;False
662;000178989;2018;9;28;23857.0;23857.0;100.0;23757.0;2;0;0;0;0;0;0;0;8.0;0;0;2;0;0;1;132.15280222405482;05;7;1;Depot;M407;52;Moderat (0° bis 19,99° C);Morgendämmerung;Regen;New York;Herbst;Kollision;Unusual Operational Situations;Miscellaneous Causes;Depot/Rangieren, EinzelneWagen;20609.018659295092;Nicht Signifikant;False
663;000179023;2018;9;29;134917.0;134917.0;5200.0;129717.0;5;0;0;0;0;0;0;0;6.0;152;3;108;0;0;2;21275.79274588051;01;7;1;Depot;H306;85;Warm (20° bis 31,99° C);Morgendämmerung;Klar;Georgia;Herbst;Entgleisung;General Switching Rules;Human Factors;Depot/Rangieren, Güterzug;116448.29967201795;Nicht Signifikant;False
664;000179097;2018;10;2;51505.0;51505.0;64.0;51441.0;5;0;0;0;0;0;0;0;14.903185056657339;105;0;7;0;0;0;9511.0;03;1;4;Hauptstrecke;H994;65;Moderat (0° bis 19,99° C);Tag;Klar;Tennessee;Herbst;Kollision;Miscellaneous;Human Factors;Güterzug, Güterzug;44620.11608767218;Nicht Signifikant;False
665;000179141;2018;10;5;41751.0;41751.0;32.0;41719.0;3;0;0;0;0;0;0;0;5.0;0;0;0;0;0;0;69.7799471826711;05;8;1;Depot;H306;61;Moderat (0° bis 19,99° C);Abend;Wolkig;Ohio;Herbst;Kollision;General Switching Rules;Human Factors;Lokomotive, Lokomotive;36286.285416304534;Nicht Signifikant;False
666;000179295;2018;10;13;73349.0;73349.0;3500.0;49849.0;6;0;0;0;0;0;0;0;4.949628046035187;146;4;58;0;0;2;17781.0;01;1;X;Depot;H599;49;Moderat (0° bis 19,99° C);Morgendämmerung;Wolkig;Massachusetts;Herbst;Entgleisung;Train Handling/Train Makeup;Human Factors;Güterzug, Güterzug;63361.16790002592;Nicht Signifikant;False
667;000179538;2018;10;26;581521.0;581521.0;2549.0;578972.0;2;0;0;0;0;0;0;0;3.0;73;1;41;0;0;10;9656.784143660949;04;7;1;Depot;H399;44;Moderat (0° bis 19,99° C);Abend;Klar;Indiana;Herbst;Kollision;General Switching Rules;Human Factors;Depot/Rangieren, Depot/Rangieren;512579.1097399735;Signifikant;False
668;000179789;2018;11;11;13607.0;13607.0;97.0;13510.0;3;0;0;0;0;0;0;0;6.940339448159618;217;0;78;0;0;3;25059.31338251521;01;6;X;Depot;H399;54;Moderat (0° bis 19,99° C);Abend;Klar;Georgia;Herbst;Entgleisung;General Switching Rules;Human Factors;EinzelneWagen, Güterzug;12050.12398157988;Nicht Signifikant;False
669;000179817;2018;11;13;37568.0;37568.0;97.0;37471.0;3;0;0;0;0;0;0;0;6.940339448159618;0;0;102;0;0;3;155.78279401331238;01;6;X;Industriestrecke;M101;50;Moderat (0° bis 19,99° C);Abend;Regen;Georgia;Herbst;Entgleisung;Environmental Conditions;Environmental Conditions;EinzelneWagen, Güterzug;33361.15797886511;Nicht Signifikant;False
670;000179935;2018;11;19;39122.0;39122.0;97.0;39025.0;2;0;0;0;0;0;0;0;3.9542723449729715;6;2;0;0;0;0;791.5425763538491;01;7;1;Depot;T210;48;Moderat (0° bis 19,99° C);Abend;Nebel;North Carolina;Herbst;Entgleisung;Rail, Joint Bar and Rail Anchoring;Track, Roadbed and Structures;Depot/Rangieren, EinzelneWagen;34236.457512908026;Nicht Signifikant;False
671;000179971;2018;11;20;21794.0;21794.0;0.0;21794.0;1;0;0;0;0;0;0;0;4.0;26;0;0;0;0;0;3665.162247179111;04;6;3;Hauptstrecke;E08C;45;Moderat (0° bis 19,99° C);Tag;Klar;Georgia;Herbst;Kollision;Brakes;Mechanical and Electrical Failures;EinzelneWagen, Güterzug;19082.392084756153;Nicht Signifikant;False
672;000179997;2018;11;24;21912.0;21912.0;97.0;21815.0;1;0;0;0;0;0;0;0;6.0;0;0;75;0;0;0;2353.2607130068027;04;7;1;Depot;S007;62;Moderat (0° bis 19,99° C);Abenddämmerung;Wolkig;Georgia;Herbst;Kollision;SIGNAL AND COMMUNICATION;Signal and Communication;Depot/Rangieren, EinzelneWagen;19296.092993219245;Nicht Signifikant;False
673;000180116;2018;11;28;214948.0;214948.0;56216.0;158732.0;2;0;0;0;0;0;0;0;8.0;151;5;85;0;0;2;21167.344941577994;01;6;1;Depot;T207;41;Moderat (0° bis 19,99° C);Tag;Klar;Tennessee;Herbst;Entgleisung;Rail, Joint Bar and Rail Anchoring;Track, Roadbed and Structures;EinzelneWagen, Güterzug;190489.1882311237;Signifikant;False
674;000180336;2018;12;14;160610.0;160610.0;2578.0;158032.0;4;0;0;0;0;0;0;0;2.958916643910756;18;0;122;0;0;3;6745.0348798998175;04;7;1;Depot;H306;40;Moderat (0° bis 19,99° C);Abend;Regen;Georgia;Herbst;Kollision;General Switching Rules;Human Factors;Depot/Rangieren, Güterzug;142321.6659282233;Nicht Signifikant;False
675;000180452;2018;12;22;143415.0;143415.0;6852.0;136563.0;2;0;0;0;0;0;0;0;9.926406551346263;73;5;123;0;0;2;9764.392775165;01;6;1;Depot;T207;41;Moderat (0° bis 19,99° C);Abend;Klar;Alabama;Winter;Entgleisung;Rail, Joint Bar and Rail Anchoring;Track, Roadbed and Structures;EinzelneWagen, Güterzug;125670.34700315457;Nicht Signifikant;False
676;000220;2000;2;1;57700.0;57700.0;0.0;57700.0;0;0;0;0;0;0;0;0;0.0;117;0;61;0;0;0;15236.629639976205;11;6;1;Depot;M406;25;Kalt (-30° - 0,01° C);Abend;Wolkig;Pennsylvania;Winter;Fahrzeugbrand / Explosion;Unusual Operational Situations;Miscellaneous Causes;EinzelneWagen, EinzelneWagen;59423.27497425335;Nicht Signifikant;False
677;000311002;2000;3;11;33076.0;33076.0;76.0;33000.0;2;0;0;0;0;0;0;0;2.0;55;0;33;0;0;1;7694.0;04;7;1;Depot;H306;45;Moderat (0° bis 19,99° C);Abend;Klar;Louisiana;Winter;Kollision;General Switching Rules;Human Factors;Depot/Rangieren, Depot/Rangieren;34285.121968074076;Nicht Signifikant;False
678;000325;2000;2;17;20580.0;20580.0;600.0;19980.0;3;0;0;0;0;0;0;0;3.6361815633153145;30;0;159;0;0;5;7908.077089128774;04;6;1;Depot;H306;25;Kalt (-30° - 0,01° C);Abend;Klar;Indiana;Winter;Kollision;General Switching Rules;Human Factors;EinzelneWagen, EinzelneWagen, Güterzug;20748.05928016937;Nicht Signifikant;False
679;000325001;2000;3;25;8250.0;8250.0;250.0;8000.0;2;0;0;0;0;0;0;0;5.944983747097401;12;1;2;0;0;1;1516.8509375729702;04;7;1;Depot;H020;60;Moderat (0° bis 19,99° C);Abend;Wolkig;Mississippi;Frühling;Kollision;Brakes, Use of;Human Factors;Depot/Rangieren, Depot/Rangieren;8492.896849907349;Nicht Signifikant;False
680;000394;2000;2;24;10720.0;10720.0;7200.0;3520.0;2;0;0;0;0;0;0;0;2.958916643910756;51;3;38;0;0;0;6881.890668737622;04;7;2;Depot;H018;52;Moderat (0° bis 19,99° C);Abend;Wolkig;Indiana;Winter;Kollision;Brakes, Use of;Human Factors;Depot/Rangieren, EinzelneWagen;10830.470802182259;Nicht Signifikant;False
681;000515002;2000;5;15;13916.0;13916.0;0.0;13916.0;6;0;0;0;0;0;0;0;1.9635609428485408;0;0;0;0;0;0;69.7799471826711;04;8;1;Depot;H306;60;Moderat (0° bis 19,99° C);Tag;Klar;Louisiana;Frühling;Kollision;General Switching Rules;Human Factors;Lokomotive, Lokomotive;15213.73127801465;Nicht Signifikant;False
682;000572;2000;3;9;51560.0;51560.0;2000.0;49560.0;2;0;0;0;0;0;0;0;4.949628046035187;60;4;38;0;0;1;8132.1052055664;04;7;1;Depot;H210;46;Moderat (0° bis 19,99° C);Morgendämmerung;Klar;Pennsylvania;Winter;Kollision;Flagging, Fixed, Hand and Radio Signals;Human Factors;Depot/Rangieren, EinzelneWagen;53618.96838602329;Nicht Signifikant;False
683;000667;2000;3;15;29000.0;29000.0;0.0;29000.0;1;0;0;0;0;0;0;0;1.9635609428485408;1;0;8;0;0;0;376.6756144352892;04;6;1;Industriestrecke;H018;65;Moderat (0° bis 19,99° C);Tag;Klar;North Carolina;Winter;Kollision;Brakes, Use of;Human Factors;EinzelneWagen, Güterzug;30061.158909505546;Nicht Signifikant;False
684;000725001;2000;7;25;145000.0;145000.0;0.0;145000.0;5;0;0;1;0;0;0;0;4.949628046035187;134;0;26;0;0;0;14838.0;04;7;1;Hauptstrecke;H605;80;Warm (20° bis 31,99° C);Tag;Klar;Louisiana;Sommer;Kollision;Speed;Human Factors;Depot/Rangieren, Güterzug;154091.3921360255;Signifikant;False
685;000730001;2000;7;30;10000.0;10000.0;0.0;10000.0;2;0;0;0;0;0;0;0;4.0;37;0;4;0;0;0;4537.0;04;7;1;Depot;H020;78;Warm (20° bis 31,99° C);Abend;Klar;Louisiana;Sommer;Kollision;Brakes, Use of;Human Factors;Depot/Rangieren, Depot/Rangieren;10806.137886319428;Nicht Signifikant;False
686;000828001;2000;8;28;7933.0;7933.0;250.0;7683.0;5;0;0;0;0;0;0;0;4.0;73;0;5;0;0;0;11152.889973591336;04;1;1;Depot;H702;90;Heiß (>= 32° C);Tag;Klar;Mississippi;Sommer;Kollision;Switches, Use of;Human Factors;Güterzug, Lokomotive;8807.594093482847;Nicht Signifikant;False
687;000844;2000;4;2;13000.0;13000.0;1000.0;12000.0;2;0;0;0;0;0;0;0;1.9635609428485408;80;3;19;0;0;0;18825.880751757297;04;6;1;Depot;H702;50;Moderat (0° bis 19,99° C);Tag;Wolkig;Indiana;Frühling;Kollision;Switches, Use of;Human Factors;EinzelneWagen, Güterzug;13597.852236672361;Nicht Signifikant;False
688;000908001;2000;9;8;8018.0;8018.0;18.0;8000.0;2;0;0;0;0;0;0;0;4.0;25;0;9;0;0;0;3304.0;04;7;1;Depot;H301;68;Warm (20° bis 31,99° C);Abend;Wolkig;Louisiana;Sommer;Kollision;General Switching Rules;Human Factors;Depot/Rangieren, Depot/Rangieren;9179.164281625643;Nicht Signifikant;False
689;000917;2000;4;10;14825.0;14825.0;1000.0;13825.0;2;0;0;0;0;0;0;0;7.935695149221832;10;0;45;0;0;2;2580.4027212085484;04;7;1;Depot;H021;32;Moderat (0° bis 19,99° C);Tag;Klar;Michigan;Frühling;Kollision;Brakes, Use of;Human Factors;Depot/Rangieren, Depot/Rangieren;15458.81126173097;Nicht Signifikant;False
690;000917001;2000;9;17;14881.0;14881.0;894.0;13987.0;4;1;0;0;0;0;0;0;4.949628046035187;14;0;80;0;0;4;4290.0;04;7;1;Depot;H605;65;Moderat (0° bis 19,99° C);Tag;Klar;Mississippi;Sommer;Kollision;Speed;Human Factors;Depot/Rangieren, Güterzug;17393.150738302098;Nicht Signifikant;False
691;000927;2000;4;10;36065.0;36065.0;0.0;36065.0;2;0;0;0;0;0;0;0;5.0;16;0;6;0;0;0;2072.577200916737;04;7;2;Hauptstrecke;H021;51;Moderat (0° bis 19,99° C);Abend;Klar;North Carolina;Frühling;Kollision;Brakes, Use of;Human Factors;Depot/Rangieren, EinzelneWagen;37606.882168925964;Nicht Signifikant;False
692;000990;2000;4;14;9500.0;9500.0;50.0;9450.0;1;0;0;0;0;0;0;0;1.9635609428485408;123;2;57;0;0;1;15838.086662922835;04;7;1;Depot;H020;60;Moderat (0° bis 19,99° C);Abend;Klar;Illinois;Frühling;Kollision;Brakes, Use of;Human Factors;Depot/Rangieren, EinzelneWagen;9958.071278825997;Nicht Signifikant;False
693;001;1985;8;18;10500.0;10500.0;0.0;10500.0;10;0;0;0;0;0;0;0;5.944983747097401;0;0;0;0;0;0;69.7799471826711;04;7;1;Depot;H302;70;Warm (20° bis 31,99° C);Abend;Wolkig;New York;Sommer;Kollision;General Switching Rules;Human Factors;Depot/Rangieren, Depot/Rangieren;8906.607854779879;Nicht Signifikant;False
694;001;1986;2;21;75313.0;75313.0;5113.0;70200.0;7;5;0;0;0;0;0;0;2.5;0;0;0;0;0;0;69.7799471826711;04;7;1;Depot;T301;30;Kalt (-30° - 0,01° C);Abend;Wolkig;New York;Winter;Kollision;Frogs, Switches and Track Appliances;Track, Roadbed and Structures;Depot/Rangieren, Lokomotive;63884.12927305115;Nicht Signifikant;False
695;001;1986;6;30;71000.0;71000.0;0.0;71000.0;16;0;0;0;0;0;0;0;7.935695149221832;0;0;0;0;8;0;404.50353681400696;04;2;1;Depot;E79L;71;Warm (20° bis 31,99° C);Tag;Klar;New York;Sommer;Kollision;Locomotives;Mechanical and Electrical Failures;Personenzug, Personenzug;60225.63406565442;Nicht Signifikant;False
696;001;1987;7;6;36500.0;36500.0;2500.0;34000.0;10;1;0;1;0;0;0;0;3.9542723449729715;0;0;0;0;9;0;446.34398551792395;04;2;X;Depot;H403;90;Heiß (>= 32° C);Abend;Klar;New York;Sommer;Kollision;Main Track Authority;Human Factors;Personenzug, Personenzug;30961.065399949104;Signifikant;True
697;001;1988;1;13;71200.0;71200.0;0.0;71200.0;2;1;0;2;0;0;0;0;29.83352057259057;0;0;0;0;0;0;69.7799471826711;02;8;3;Hauptstrecke;H211;28;Kalt (-30° - 0,01° C);Abend;Wolkig;Connecticut;Winter;Kollision;Flagging, Fixed, Hand and Radio Signals;Human Factors;Lokomotive, Personenzug;60395.2837390788;Signifikant;False
698;001;1988;4;6;3000520.0;3000520.0;110920.0;2889600.0;13;9;1;3;0;0;0;0;44.763856088523795;0;0;0;0;0;0;69.7799471826711;03;2;2;Hauptstrecke;H824;50;Moderat (0° bis 19,99° C);Tag;Klar;New York;Frühling;Kollision;Cab Signals;Human Factors;Personenzug, Personenzug;2545186.190516583;Schwer;True
699;001;1991;6;12;25000.0;25000.0;0.0;25000.0;0;0;0;0;0;0;0;0;4.949628046035187;0;0;0;16;0;0;378.12278559112656;05;6;1;Depot;H307;70;Warm (20° bis 31,99° C);Abenddämmerung;Klar;Connecticut;Frühling;Kollision;General Switching Rules;Human Factors;EinzelneWagen, EinzelneWagen;21206.20917804733;Nicht Signifikant;False
700;001;1991;11;25;110000.0;110000.0;0.0;110000.0;4;0;0;0;0;0;0;0;11.917117953470694;0;0;0;12;0;0;301.0370759890127;05;2;1;Depot;H401;60;Moderat (0° bis 19,99° C);Abend;Klar;New York;Herbst;Kollision;Main Track Authority;Human Factors;Personenzug, Personenzug;93307.32038340825;Nicht Signifikant;False
701;001;1992;4;23;546754.0;546754.0;354.0;546400.0;17;3;0;1;0;0;0;0;5.944983747097401;0;0;0;0;0;0;69.7799471826711;04;2;1;Depot;H204;70;Warm (20° bis 31,99° C);Tag;Klar;New York;Frühling;Kollision;Flagging, Fixed, Hand and Radio Signals;Human Factors;Personenzug, Personenzug;463783.18771736365;Signifikant;False
702;001;1992;7;24;250000.0;250000.0;0.0;250000.0;7;0;0;0;0;0;0;0;3.9542723449729715;0;0;0;9;0;0;243.2227937874273;04;2;1;Depot;H307;72;Warm (20° bis 31,99° C);Tag;Klar;Connecticut;Sommer;Kollision;General Switching Rules;Human Factors;Personenzug, Personenzug;212062.0917804733;Signifikant;False
703;001;1994;12;23;560613.0;560613.0;613.0;560000.0;7;0;0;2;0;0;0;0;29.83352057259057;0;0;0;5;0;0;166.13708418531343;04;2;3;Hauptstrecke;H299;41;Moderat (0° bis 19,99° C);Abend;Wolkig;New York;Winter;Kollision;Flagging, Fixed, Hand and Radio Signals;Human Factors;Personenzug, Personenzug;475539.06183730596;Signifikant;False
704;00100A;1990;1;5;6772.0;6772.0;1245.0;5527.0;4;0;0;0;0;0;0;0;4.949628046035187;31;5;7;0;0;0;4240.889973591336;01;1;1;Depot;T201;36;Moderat (0° bis 19,99° C);Tag;Klar;New York;Winter;Entgleisung;Rail, Joint Bar and Rail Anchoring;Track, Roadbed and Structures;Güterzug, NaN;5744.337942149461;Nicht Signifikant;False
705;001014005;2000;10;14;10250.0;10250.0;250.0;10000.0;3;0;0;0;0;0;0;0;4.5;22;1;12;0;0;1;2500.0;04;7;1;Depot;H306;55;Moderat (0° bis 19,99° C);Abend;Klar;Mississippi;Herbst;Kollision;General Switching Rules;Human Factors;Depot/Rangieren, Depot/Rangieren;11934.795264894236;Nicht Signifikant;False
706;001017005;2000;10;17;22300.0;22300.0;0.0;22300.0;2;0;0;0;0;0;0;0;5.0;14;0;34;0;0;2;2694.0;04;7;1;Depot;H018;68;Warm (20° bis 31,99° C);Tag;Wolkig;Missouri;Herbst;Kollision;Brakes, Use of;Human Factors;Depot/Rangieren, Depot/Rangieren;26247.64595103578;Nicht Signifikant;False
707;001026;2000;4;16;17769.0;17769.0;0.0;17769.0;7;0;0;1;0;0;0;0;2.5;68;0;41;0;0;0;9053.587633822772;04;7;X;Depot;H305;48;Moderat (0° bis 19,99° C);Abend;Wolkig;Pennsylvania;Frühling;Kollision;General Switching Rules;Human Factors;Depot/Rangieren, Lokomotive;18582.932440911944;Signifikant;False
708;001227002;2000;12;27;27897.0;27897.0;3797.0;24100.0;2;0;0;0;0;0;0;0;6.0;66;4;26;0;0;3;7960.0;04;7;1;Depot;H306;35;Moderat (0° bis 19,99° C);Abend;Regen;Louisiana;Winter;Kollision;General Switching Rules;Human Factors;Depot/Rangieren, Depot/Rangieren;29964.55424274973;Nicht Signifikant;False
709;001230;2000;5;6;16800.0;16800.0;0.0;16800.0;4;0;0;0;0;0;0;0;10.0;21;0;21;0;0;0;3098.0604767278555;04;7;1;Depot;H403;75;Warm (20° bis 31,99° C);Tag;Klar;Georgia;Frühling;Kollision;Main Track Authority;Human Factors;Depot/Rangieren, Lokomotive;18722.139673105496;Nicht Signifikant;False
710;001238;2000;5;7;12454.0;12454.0;0.0;12454.0;3;0;0;0;0;0;0;0;3.5;73;0;57;0;0;5;7390.797712522799;01;7;1;Depot;M408;70;Warm (20° bis 31,99° C);Abend;Klar;Tennessee;Frühling;Entgleisung;Unusual Operational Situations;Miscellaneous Causes;Depot/Rangieren, Depot/Rangieren;13895.418030348112;Nicht Signifikant;False
711;001250;2000;5;8;6800.0;6800.0;6000.0;800.0;2;0;0;0;0;0;0;0;9.5;69;1;47;0;0;0;9369.632560615775;04;7;1;Depot;S007;87;Warm (20° bis 31,99° C);Tag;Klar;Indiana;Frühling;Kollision;SIGNAL AND COMMUNICATION;Signal and Communication;Depot/Rangieren, EinzelneWagen;7596.0679177837355;Nicht Signifikant;False
712;001374;2000;5;18;28038.0;28038.0;7000.0;21038.0;1;0;0;0;0;0;0;0;4.5;41;1;19;0;0;0;5331.925187888862;04;7;1;Depot;M105;73;Warm (20° bis 31,99° C);Tag;Wolkig;Illinois;Frühling;Kollision;Environmental Conditions;Environmental Conditions;Depot/Rangieren, EinzelneWagen;31355.401476179824;Nicht Signifikant;False
713;001399;2000;5;20;12100.0;12100.0;0.0;12100.0;3;0;0;0;0;0;0;0;2.0;58;0;45;0;0;0;8037.79902937414;04;7;1;Depot;H021;79;Warm (20° bis 31,99° C);Abend;Regen;Tennessee;Frühling;Kollision;Brakes, Use of;Human Factors;Depot/Rangieren, Depot/Rangieren;13570.093457943925;Nicht Signifikant;False
714;001486;2000;5;28;14171.0;14171.0;0.0;14171.0;2;0;0;0;0;0;0;0;3.5;59;0;32;0;0;0;7755.753121160551;04;7;1;Depot;E39C;57;Moderat (0° bis 19,99° C);Tag;Wolkig;Indiana;Frühling;Kollision;Coupler and Draft System;Mechanical and Electrical Failures;Depot/Rangieren, Depot/Rangieren;15365.959446271732;Nicht Signifikant;False
715;001490;2000;5;29;10200.0;10200.0;0.0;10200.0;4;1;0;2;0;0;0;0;5.0;0;0;0;0;0;0;69.7799471826711;02;8;X;Hauptstrecke;H702;65;Moderat (0° bis 19,99° C);Abend;Regen;Pennsylvania;Frühling;Kollision;Switches, Use of;Human Factors;Lokomotive, Lokomotive;11012.740228892248;Signifikant;False
716;001525;2000;6;1;7030.0;7030.0;0.0;7030.0;5;0;0;0;0;0;0;0;3.9542723449729715;70;0;59;0;0;0;9829.13786667908;04;7;1;Depot;M408;65;Moderat (0° bis 19,99° C);Abend;Klar;Alabama;Frühling;Kollision;Unusual Operational Situations;Miscellaneous Causes;Depot/Rangieren, Depot/Rangieren;7534.833869239013;Nicht Signifikant;False
717;001551;2000;6;4;51000.0;51000.0;0.0;51000.0;4;0;0;0;0;0;0;0;3.0;100;4;43;0;0;0;13084.677096237629;04;6;1;Depot;H021;67;Moderat (0° bis 19,99° C);Tag;Klar;Ohio;Frühling;Kollision;Brakes, Use of;Human Factors;EinzelneWagen, Güterzug;54214.946316572765;Nicht Signifikant;False
718;001577;2000;6;6;11000.0;11000.0;0.0;11000.0;1;0;0;0;0;0;0;0;3.9542723449729715;19;0;3;0;0;0;2589.0938083315823;04;6;2;Industriestrecke;H022;74;Warm (20° bis 31,99° C);Tag;Klar;Tennessee;Frühling;Kollision;Brakes, Use of;Human Factors;EinzelneWagen, Güterzug;11597.258829731154;Nicht Signifikant;False
719;001626;2000;6;11;21400.0;21400.0;0.0;10700.0;2;0;0;0;0;0;0;0;1.5;38;1;32;0;0;1;5387.936281663343;04;7;1;Depot;H020;83;Warm (20° bis 31,99° C);Tag;Klar;Ohio;Frühling;Kollision;Brakes, Use of;Human Factors;Depot/Rangieren, EinzelneWagen;22491.59192825112;Nicht Signifikant;False
720;001642;2000;6;5;37000.0;37000.0;0.0;37000.0;0;0;0;0;0;0;0;0;12.0;3;0;0;0;0;0;411.05222077044647;04;6;1;Depot;S007;80;Warm (20° bis 31,99° C);Tag;Klar;Pennsylvania;Frühling;Kollision;SIGNAL AND COMMUNICATION;Signal and Communication;EinzelneWagen, EinzelneWagen;39224.00084808651;Nicht Signifikant;True