index;INCDTNO;YEAR4;MONTH;DAY;ACCDMG;INFRASTRUCTURE_DMG;TRKDMG;EQPDMG;LOCOMOTIVES1;LOCOMOTIVES2;RREMPKLD;RREMPINJ;PASSKLD;PASSINJ;OTHERKLD;OTHERINJ;SPEED;LOADF1;LOADF2;EMPTYF1;EMPTYP1;LOADP1;EMPTYF2;TONS;TYPE;TYPEQ;TRKCLAS;TYPTRK;ACCAUSE;TEMP;TEMP_CLUSTER;VISIBLTY;WEATHER;STATE;Jahreszeit;ACCIDENT_TYPE;ACCCAUSE_LVL1;ACCCAUSE_LVL2;EQUIPMENT_TYPE;ACCDMG_EUR;ACCTYPE;SPD_TOO_HIGH
721;001839;2000;6;29;7950.0;7950.0;200.0;7750.0;2;0;0;0;0;0;0;0;2.0;21;1;0;0;0;0;2478.2949032949127;04;7;2;Depot;H210;72;Warm (20° bis 31,99° C);Abend;Regen;Georgia;Sommer;Kollision;Flagging, Fixed, Hand and Radio Signals;Human Factors;Depot/Rangieren, Depot/Rangieren;8364.89898989899;Nicht Signifikant;False
722;001850;2000;6;29;22748.0;22748.0;0.0;22748.0;2;0;0;0;0;0;0;0;10.0;16;6;0;0;0;0;2007.5529856376882;01;7;1;Depot;T316;60;Moderat (0° bis 19,99° C);Abend;Klar;Ohio;Sommer;Entgleisung;Frogs, Switches and Track Appliances;Track, Roadbed and Structures;Depot/Rangieren, Depot/Rangieren;23935.185185185186;Nicht Signifikant;False
723;001907;2000;7;5;10300.0;10300.0;0.0;10300.0;3;0;0;0;0;0;0;0;1.9635609428485408;10;0;51;0;0;9;2765.336383802324;01;5;1;Industriestrecke;T303;82;Warm (20° bis 31,99° C);Tag;Regen;Virginia;Sommer;Entgleisung;Frogs, Switches and Track Appliances;Track, Roadbed and Structures;EinzelneWagen, Güterzug;10800.041941910455;Nicht Signifikant;False
724;002;1987;9;6;17000.0;17000.0;0.0;17000.0;12;0;0;0;0;0;0;0;4.949628046035187;0;0;0;0;0;0;69.7799471826711;04;7;1;Depot;M404;70;Warm (20° bis 31,99° C);Tag;Regen;New York;Sommer;Kollision;Unusual Operational Situations;Miscellaneous Causes;Depot/Rangieren, Depot/Rangieren;14420.222241072186;Nicht Signifikant;False
725;002;1988;7;22;139992.0;139992.0;4992.0;135000.0;12;8;0;0;0;0;0;0;6.940339448159618;0;0;0;0;0;0;69.7799471826711;04;7;1;Depot;T313;80;Warm (20° bis 31,99° C);Abend;Klar;Connecticut;Sommer;Kollision;Frogs, Switches and Track Appliances;Track, Roadbed and Structures;Depot/Rangieren, Depot/Rangieren;118747.98541012808;Nicht Signifikant;False
726;002;1988;9;21;9999.0;9999.0;0.0;9999.0;0;0;0;0;0;0;0;0;4.949628046035187;0;0;0;16;0;0;378.12278559112656;06;6;1;Depot;H699;55;Moderat (0° bis 19,99° C);Abend;Regen;Connecticut;Sommer;Kollision;Speed;Human Factors;EinzelneWagen, EinzelneWagen;8481.63542285181;Nicht Signifikant;False
727;002;1989;1;23;22000.0;22000.0;0.0;22000.0;9;0;0;0;0;0;0;0;2.958916643910756;0;0;0;0;0;0;69.7799471826711;03;2;2;Depot;H209;45;Moderat (0° bis 19,99° C);Tag;Klar;Connecticut;Winter;Kollision;Flagging, Fixed, Hand and Radio Signals;Human Factors;Personenzug, Personenzug;18661.464076681652;Nicht Signifikant;False
728;002;1991;6;11;90075.0;90075.0;75.0;90000.0;0;0;0;0;0;0;0;0;9.926406551346263;0;0;0;4;0;0;146.86565678478496;05;6;X;Depot;H307;80;Warm (20° bis 31,99° C);Tag;Klar;Connecticut;Frühling;Kollision;General Switching Rules;Human Factors;EinzelneWagen, EinzelneWagen;76405.97166850453;Nicht Signifikant;True
729;002148;2000;7;23;35500.0;35500.0;200.0;35300.0;2;0;0;0;0;0;0;0;8.931050850284048;66;1;78;0;0;0;9930.304524280626;04;6;1;Depot;H302;78;Warm (20° bis 31,99° C);Tag;Regen;Virginia;Sommer;Kollision;General Switching Rules;Human Factors;EinzelneWagen, Güterzug;37999.07232311699;Nicht Signifikant;False
730;002271;2000;8;2;7700.0;7700.0;0.0;7700.0;3;0;0;0;0;0;0;0;2.958916643910756;44;0;6;0;0;0;4392.583011352056;04;7;1;Depot;H605;85;Warm (20° bis 31,99° C);Tag;Klar;Pennsylvania;Sommer;Kollision;Speed;Human Factors;Depot/Rangieren, Güterzug;8422.664624808576;Nicht Signifikant;False
731;002402;2000;8;14;20500.0;20500.0;200.0;20300.0;12;0;0;0;0;0;0;0;4.0;76;1;92;0;0;1;10856.66554363718;01;7;1;Depot;H524;80;Warm (20° bis 31,99° C);Tag;Klar;Indiana;Sommer;Entgleisung;Train Handling/Train Makeup;Human Factors;Depot/Rangieren, Güterzug;22749.972256131394;Nicht Signifikant;False
732;002464;2000;8;19;41825.0;41825.0;0.0;41825.0;3;0;0;0;0;0;0;0;6.0;21;1;39;0;0;3;3760.8393336964273;04;7;1;Depot;M408;90;Heiß (>= 32° C);Tag;Klar;Alabama;Sommer;Kollision;Unusual Operational Situations;Miscellaneous Causes;Depot/Rangieren, Güterzug;46000.29328738498;Nicht Signifikant;False
733;002470;2000;8;19;58899.0;58899.0;0.0;58899.0;6;0;0;0;0;0;0;0;3.0;5;0;3;0;0;2;732.8663697007424;03;7;1;Depot;H305;68;Warm (20° bis 31,99° C);Abend;Klar;Pennsylvania;Sommer;Kollision;General Switching Rules;Human Factors;Depot/Rangieren, Lokomotive;64778.75132895846;Nicht Signifikant;False
734;002550;2000;8;24;20000.0;20000.0;0.0;20000.0;2;0;0;0;0;0;0;0;3.0;21;0;0;0;0;0;2458.685862297099;04;7;1;Depot;H401;68;Warm (20° bis 31,99° C);Tag;Klar;Illinois;Sommer;Kollision;Main Track Authority;Human Factors;Depot/Rangieren, Depot/Rangieren;22192.632046160674;Nicht Signifikant;False
735;002578;2000;8;28;106726.0;106726.0;400.0;106326.0;3;0;0;0;0;0;0;0;34.81029907790165;13;1;35;0;0;7;3205.42816310079;03;6;3;Hauptstrecke;H022;75;Warm (20° bis 31,99° C);Tag;Klar;South Carolina;Sommer;Kollision;Brakes, Use of;Human Factors;EinzelneWagen, Güterzug;118492.28377928279;Nicht Signifikant;False
736;002632;2000;9;1;10500.0;10500.0;500.0;10000.0;5;1;0;0;0;0;0;0;8.0;30;0;6;0;0;0;3285.1532045656504;04;7;1;Depot;H605;70;Warm (20° bis 31,99° C);Abend;Regen;Maryland;Sommer;Kollision;Speed;Human Factors;Depot/Rangieren, Güterzug;11795.102224219278;Nicht Signifikant;False
737;002832;2000;9;21;13750.0;13750.0;0.0;13750.0;2;0;0;0;0;0;0;0;15.0;17;0;2;0;0;0;2064.548984602042;02;7;1;Depot;H018;68;Warm (20° bis 31,99° C);Abend;Wolkig;Georgia;Sommer;Kollision;Brakes, Use of;Human Factors;Depot/Rangieren, Depot/Rangieren;16130.924448615673;Nicht Signifikant;True
738;002887;2000;9;26;12925.0;12925.0;5000.0;7925.0;6;2;0;0;0;0;0;0;6.5;100;3;0;0;0;0;26479.0;01;1;1;Depot;T110;50;Moderat (0° bis 19,99° C);Abend;Regen;West Virginia;Herbst;Entgleisung;Track Geometry;Track, Roadbed and Structures;Güterzug, Lokomotive;14759.620874728787;Nicht Signifikant;False
739;00293;1993;3;2;31400.0;31400.0;1400.0;30000.0;4;0;0;0;0;0;0;0;0.0;4;2;4;0;0;0;685.8133681392858;04;7;2;Hauptstrecke;H018;36;Moderat (0° bis 19,99° C);Abend;Klar;South Carolina;Winter;Kollision;Brakes, Use of;Human Factors;Depot/Rangieren, Depot/Rangieren;26634.998727627448;Nicht Signifikant;False
740;003049;2000;10;11;13400.0;13400.0;600.0;12800.0;1;0;0;0;0;0;0;0;1.9635609428485408;2;0;47;0;0;1;1729.7561107770507;01;7;1;Depot;H306;47;Moderat (0° bis 19,99° C);Abend;Klar;Missouri;Herbst;Entgleisung;General Switching Rules;Human Factors;Depot/Rangieren, EinzelneWagen;15366.97247706422;Nicht Signifikant;False
741;003091;2000;10;13;9000.0;9000.0;800.0;8200.0;2;0;0;0;0;0;0;0;7.935695149221832;59;2;10;0;0;0;7125.150178514432;04;7;1;Depot;H702;65;Moderat (0° bis 19,99° C);Tag;Klar;Pennsylvania;Herbst;Kollision;Switches, Use of;Human Factors;Depot/Rangieren, Lokomotive;10432.363509910745;Nicht Signifikant;False
742;003095;2000;10;14;8200.0;8200.0;200.0;8000.0;2;0;0;0;0;0;0;0;7.0;6;1;11;0;0;0;1106.844047676908;04;7;1;Depot;H702;66;Moderat (0° bis 19,99° C);Abend;Regen;Indiana;Herbst;Kollision;Switches, Use of;Human Factors;Depot/Rangieren, Depot/Rangieren;9547.836211915388;Nicht Signifikant;False
743;003138;2000;10;18;21200.0;21200.0;0.0;21200.0;3;0;0;0;0;0;0;0;2.0;81;0;0;0;0;0;8478.825586822797;04;7;1;Depot;H306;40;Moderat (0° bis 19,99° C);Abend;Klar;Ohio;Herbst;Kollision;General Switching Rules;Human Factors;Depot/Rangieren, Güterzug;24868.035190615836;Nicht Signifikant;False
744;003371;2000;11;13;23700.0;23700.0;0.0;23700.0;5;0;0;0;0;0;0;0;4.0;77;0;32;0;0;1;9804.86679730661;04;7;1;Depot;M408;50;Moderat (0° bis 19,99° C);Tag;Wolkig;Tennessee;Herbst;Kollision;Unusual Operational Situations;Miscellaneous Causes;Depot/Rangieren, Depot/Rangieren;27494.199535962878;Nicht Signifikant;False
745;003939;2000;12;28;30100.0;30100.0;1200.0;28900.0;3;0;0;0;0;0;0;0;4.949628046035187;39;2;0;0;0;0;4481.860489581751;04;6;1;Depot;H020;34;Moderat (0° bis 19,99° C);Abend;Wolkig;North Carolina;Winter;Kollision;Brakes, Use of;Human Factors;EinzelneWagen, Güterzug;32417.87829833064;Nicht Signifikant;False
746;003999;2001;1;3;34209.0;34209.0;12072.0;22137.0;3;0;0;0;0;0;0;0;5.0;72;0;89;0;0;7;10205.0;01;7;1;Depot;T305;-2;Kalt (-30° - 0,01° C);Morgendämmerung;Wolkig;Indiana;Winter;Entgleisung;Frogs, Switches and Track Appliances;Track, Roadbed and Structures;Depot/Rangieren, Depot/Rangieren;35896.11752360965;Nicht Signifikant;False
747;004050;2001;1;5;6750.0;6750.0;0.0;6750.0;7;0;0;0;0;0;0;0;33.0;56;0;72;0;0;0;8358.0;05;1;4;Hauptstrecke;M207;48;Moderat (0° bis 19,99° C);Abend;Nebel;Tennessee;Winter;Kollision;Loading Procedures;Loading;Güterzug, Güterzug;7071.765322158198;Nicht Signifikant;False
748;004064;2001;1;8;12963.0;12963.0;0.0;12963.0;5;0;0;0;0;0;0;0;6.0;20;0;17;0;0;1;2863.9974459740506;01;7;1;Depot;M408;38;Moderat (0° bis 19,99° C);Abend;Wolkig;Alabama;Winter;Entgleisung;Unusual Operational Situations;Miscellaneous Causes;Depot/Rangieren, Depot/Rangieren;13649.573549541961;Nicht Signifikant;False
749;004161;2001;1;14;57963.0;57963.0;2000.0;55963.0;12;1;0;0;0;0;0;0;1.5;37;1;56;0;0;0;6556.889973591336;01;1;1;Depot;H307;40;Moderat (0° bis 19,99° C);Tag;Wolkig;Pennsylvania;Winter;Entgleisung;General Switching Rules;Human Factors;Güterzug, Lokomotive;61226.365268828566;Nicht Signifikant;False
750;004171;2001;1;15;11289.0;11289.0;1539.0;9750.0;7;0;0;0;0;0;0;0;2.0;89;2;128;0;0;5;14121.0;01;7;1;Depot;S099;39;Moderat (0° bis 19,99° C);Tag;Wolkig;Ohio;Winter;Entgleisung;other software/programming deficiencies, etc.);Signal and Communication;Depot/Rangieren, Güterzug;11973.907509546034;Nicht Signifikant;False
751;004222;2001;1;19;26150.0;26150.0;500.0;25650.0;5;0;0;0;0;0;0;0;3.9542723449729715;38;3;39;0;0;0;7678.0;01;7;1;Depot;M599;36;Moderat (0° bis 19,99° C);Abend;Regen;Virginia;Winter;Entgleisung;Other Miscellaneous;Miscellaneous Causes;Depot/Rangieren, Depot/Rangieren;27819.148936170215;Nicht Signifikant;False
752;004284;2001;1;24;21572.0;21572.0;3872.0;17700.0;5;0;0;0;0;0;0;0;5.0;42;3;17;0;0;0;5424.007873991771;01;7;1;Depot;H306;34;Moderat (0° bis 19,99° C);Abend;Wolkig;Tennessee;Winter;Entgleisung;General Switching Rules;Human Factors;Depot/Rangieren, Depot/Rangieren;23210.673552829783;Nicht Signifikant;False
753;004354;2001;1;31;70300.0;70300.0;1900.0;68400.0;5;1;0;3;0;0;0;0;4.966418697356791;72;7;15;0;0;0;9797.889973591336;05;7;2;Depot;H306;48;Moderat (0° bis 19,99° C);Abend;Klar;Georgia;Winter;Kollision;General Switching Rules;Human Factors;Depot/Rangieren, Güterzug, Lokomotive;75648.33745830195;Signifikant;False
754;004545;2001;2;13;35160.0;35160.0;500.0;34660.0;4;0;0;0;0;0;0;0;5.0;47;0;7;0;0;3;5014.669308082522;01;4;1;Depot;H210;50;Moderat (0° bis 19,99° C);Tag;Klar;Pennsylvania;Winter;Entgleisung;Flagging, Fixed, Hand and Radio Signals;Human Factors;Arbeitszug, Depot/Rangieren;37908.35579514825;Nicht Signifikant;False
755;004567;2001;2;18;90300.0;90300.0;15000.0;75300.0;7;0;0;0;0;0;0;0;24.856742067279495;90;12;74;0;0;4;13078.0;01;1;4;Hauptstrecke;T220;21;Kalt (-30° - 0,01° C);Abend;Klar;Alabama;Winter;Entgleisung;Rail, Joint Bar and Rail Anchoring;Track, Roadbed and Structures;Güterzug, Güterzug;98369.58495224954;Nicht Signifikant;False
756;004597;2001;2;21;13411.0;13411.0;0.0;13411.0;6;0;0;0;0;0;0;0;2.958916643910756;48;0;91;0;0;1;7750.0;04;7;1;Depot;H399;25;Kalt (-30° - 0,01° C);Tag;Klar;Pennsylvania;Winter;Kollision;General Switching Rules;Human Factors;Depot/Rangieren, Güterzug;14663.24076098841;Nicht Signifikant;False
757;004646;2001;2;25;11600.0;11600.0;400.0;11200.0;5;0;0;0;0;0;0;0;9.926406551346263;108;5;0;0;0;0;14384.889973591336;01;1;1;Depot;T220;40;Moderat (0° bis 19,99° C);Abend;Klar;Pennsylvania;Winter;Entgleisung;Rail, Joint Bar and Rail Anchoring;Track, Roadbed and Structures;Güterzug, Lokomotive;12759.404561120482;Nicht Signifikant;False
758;004800;2001;3;10;18000.0;18000.0;1000.0;17000.0;2;0;0;0;0;0;0;0;4.5;33;3;33;0;0;0;4887.333616604259;01;7;1;Depot;H020;42;Moderat (0° bis 19,99° C);Abend;Klar;Georgia;Winter;Entgleisung;Brakes, Use of;Human Factors;Depot/Rangieren, Depot/Rangieren;19295.361966697634;Nicht Signifikant;False
759;004941;2001;3;22;12550.0;12550.0;50.0;12500.0;4;0;0;0;0;0;0;0;47.5;21;0;223;0;0;2;9252.0;01;1;4;Hauptstrecke;M402;40;Moderat (0° bis 19,99° C);Abend;Regen;Pennsylvania;Frühling;Entgleisung;Unusual Operational Situations;Miscellaneous Causes;Güterzug, Güterzug;14118.573517831026;Nicht Signifikant;False
760;005;1994;3;23;18576.0;18576.0;0.0;18576.0;0;0;0;0;0;0;0;0;19.879963561968417;0;0;10;0;0;0;374.24404929255525;03;5;2;Hauptstrecke;H402;65;Moderat (0° bis 19,99° C);Tag;Klar;New York;Frühling;Kollision;Main Track Authority;Human Factors;EinzelneWagen, EinzelneWagen;15757.06166765629;Nicht Signifikant;False
761;005150;2001;4;10;15188.0;15188.0;0.0;15188.0;5;0;0;0;0;0;0;0;5.944983747097401;29;0;27;0;0;1;4192.278368847261;01;7;1;Depot;M408;72;Warm (20° bis 31,99° C);Abend;Klar;North Carolina;Frühling;Entgleisung;Unusual Operational Situations;Miscellaneous Causes;Depot/Rangieren, Depot/Rangieren;16979.318054779207;Nicht Signifikant;False
762;005152;2001;4;11;69900.0;69900.0;14400.0;55500.0;2;1;0;0;0;0;0;0;9.0;45;1;60;0;0;2;7038.217773895235;04;7;1;Depot;M405;49;Moderat (0° bis 19,99° C);Abend;Wolkig;Indiana;Frühling;Kollision;Unusual Operational Situations;Miscellaneous Causes;Depot/Rangieren, Depot/Rangieren;79072.39819004525;Nicht Signifikant;False
763;005230;2001;4;18;6800.0;6800.0;0.0;6800.0;2;0;0;0;0;0;0;0;4.949628046035187;0;0;0;0;0;0;69.7799471826711;04;8;1;Depot;H999;40;Moderat (0° bis 19,99° C);Abend;Klar;South Carolina;Frühling;Kollision;Miscellaneous;Human Factors;Lokomotive, Lokomotive;7746.639325586694;Nicht Signifikant;False
764;005329;2001;4;27;13701.0;13701.0;981.0;12720.0;4;0;0;0;0;0;0;0;5.5;49;0;109;0;0;2;8047.086992909798;01;7;1;Depot;H021;66;Moderat (0° bis 19,99° C);Tag;Klar;Indiana;Frühling;Entgleisung;Brakes, Use of;Human Factors;Depot/Rangieren, Güterzug;15184.528427352321;Nicht Signifikant;False
765;005450;2001;5;10;75933.0;75933.0;0.0;75933.0;3;0;0;0;0;0;0;0;3.5;81;0;50;0;0;2;10809.411913840842;01;7;2;Depot;M408;55;Moderat (0° bis 19,99° C);Abend;Nebel;Tennessee;Frühling;Entgleisung;Unusual Operational Situations;Miscellaneous Causes;Depot/Rangieren, Depot/Rangieren;85800.0;Nicht Signifikant;False
766;005547;2001;5;20;9000.0;9000.0;0.0;9000.0;7;0;0;0;0;0;0;0;5.623796766147888;225;1;38;0;0;0;14435.0;03;1;1;Hauptstrecke;H605;55;Moderat (0° bis 19,99° C);Abend;Klar;Illinois;Frühling;Kollision;Speed;Human Factors;Güterzug, Güterzug, Güterzug;10272.018261365798;Nicht Signifikant;False
767;005889;2001;6;23;10350.0;10350.0;1100.0;9250.0;1;0;0;0;0;0;0;0;5.0;41;2;10;0;0;0;5077.51653698778;01;7;1;Depot;T305;50;Moderat (0° bis 19,99° C);Abend;Regen;Pennsylvania;Sommer;Entgleisung;Frogs, Switches and Track Appliances;Track, Roadbed and Structures;Depot/Rangieren, EinzelneWagen;12099.131044694695;Nicht Signifikant;False
768;006;1993;12;31;150000.0;150000.0;0.0;150000.0;18;0;0;0;0;0;0;0;4.949628046035187;0;0;0;0;0;0;69.7799471826711;05;2;1;Depot;H307;20;Kalt (-30° - 0,01° C);Abenddämmerung;Klar;New York;Winter;Kollision;General Switching Rules;Human Factors;Personenzug, Personenzug;127237.255068284;Nicht Signifikant;False
769;006045;2001;7;10;6900.0;6900.0;800.0;6100.0;1;0;0;0;0;0;0;0;2.958916643910756;2;0;116;0;0;4;3834.998519193472;01;7;1;Depot;H306;86;Warm (20° bis 31,99° C);Tag;Wolkig;North Carolina;Sommer;Entgleisung;General Switching Rules;Human Factors;Depot/Rangieren, EinzelneWagen;8074.8976009362195;Nicht Signifikant;False
770;006213;2001;7;29;15358.0;15358.0;0.0;15358.0;3;0;0;0;0;0;0;0;7.0;58;1;75;0;0;1;9638.28278030274;01;7;1;Depot;H702;70;Warm (20° bis 31,99° C);Tag;Regen;North Carolina;Sommer;Entgleisung;Switches, Use of;Human Factors;Depot/Rangieren, Güterzug;17538.637228778076;Nicht Signifikant;False
771;006463;2001;8;23;10107.0;10107.0;0.0;10107.0;4;0;0;0;0;0;0;0;2.958916643910756;56;1;86;0;0;0;9078.196039963963;04;7;1;Depot;M408;65;Moderat (0° bis 19,99° C);Abend;Regen;Pennsylvania;Sommer;Kollision;Unusual Operational Situations;Miscellaneous Causes;Depot/Rangieren, Depot/Rangieren;11091.966637401229;Nicht Signifikant;False
772;006522;2001;8;26;9920.0;9920.0;0.0;9920.0;5;0;0;0;0;0;0;0;3.5;85;0;34;0;0;0;10774.338979343247;04;7;1;Depot;H702;88;Warm (20° bis 31,99° C);Tag;Wolkig;Alabama;Sommer;Kollision;Switches, Use of;Human Factors;Depot/Rangieren, Depot/Rangieren;10905.89270008795;Nicht Signifikant;False
773;006592;2001;9;3;38000.0;38000.0;0.0;38000.0;2;0;0;0;0;0;0;0;7.935695149221832;73;3;0;0;0;0;3348.6178070572846;03;6;1;Depot;H702;60;Moderat (0° bis 19,99° C);Abend;Klar;Indiana;Sommer;Kollision;Switches, Use of;Human Factors;EinzelneWagen, Güterzug;41887.125220458554;Nicht Signifikant;False
774;006805;2001;9;27;23168.0;23168.0;0.0;23168.0;3;0;0;0;0;0;0;0;2.5;43;0;6;0;0;0;5820.22421368983;05;7;1;Depot;H307;48;Moderat (0° bis 19,99° C);Abend;Wolkig;Michigan;Herbst;Kollision;General Switching Rules;Human Factors;Depot/Rangieren, Güterzug;25168.929929386202;Nicht Signifikant;False
775;006865;2001;10;3;43238.0;43238.0;32492.0;10746.0;4;1;0;0;0;0;0;0;12.91247365453291;48;5;107;0;0;0;9283.0;01;1;2;Hauptstrecke;E46C;80;Warm (20° bis 31,99° C);Tag;Klar;Georgia;Herbst;Entgleisung;Truck Components;Mechanical and Electrical Failures;Güterzug, Güterzug;46951.89488543815;Nicht Signifikant;False
776;007018;2001;10;21;25000.0;25000.0;0.0;25000.0;4;0;0;0;0;0;0;0;3.9542723449729715;50;2;50;0;0;1;7057.246350995742;05;6;1;Nebenstrecke;H306;58;Moderat (0° bis 19,99° C);Abend;Wolkig;Indiana;Herbst;Kollision;General Switching Rules;Human Factors;EinzelneWagen, Güterzug;27832.411771254687;Nicht Signifikant;False
777;007100;2001;10;31;28280.0;28280.0;500.0;27780.0;6;1;0;0;0;0;0;0;6.0;39;2;12;0;0;0;5716.0;04;1;2;Depot;H702;70;Warm (20° bis 31,99° C);Tag;Klar;Missouri;Herbst;Kollision;Switches, Use of;Human Factors;Güterzug, Güterzug;31276.266312762662;Nicht Signifikant;False
778;007192;2001;11;10;12000.0;12000.0;0.0;12000.0;5;0;0;0;0;0;0;0;2.958916643910756;23;0;93;0;0;2;5628.644786577228;04;6;1;Depot;H307;40;Moderat (0° bis 19,99° C);Abend;Klar;Pennsylvania;Herbst;Kollision;General Switching Rules;Human Factors;EinzelneWagen, Güterzug;13443.36980469771;Nicht Signifikant;False
779;007261;2001;11;20;8042.0;8042.0;0.0;8042.0;1;0;0;0;0;0;0;0;3.9542723449729715;10;0;0;0;0;0;1207.3541924752558;05;7;1;Depot;H302;57;Moderat (0° bis 19,99° C);Tag;Wolkig;Georgia;Herbst;Kollision;General Switching Rules;Human Factors;Depot/Rangieren, EinzelneWagen;9113.780598368088;Nicht Signifikant;False
780;007302;2001;11;26;15100.0;15100.0;100.0;15000.0;3;0;0;0;0;0;0;0;3.9542723449729715;5;1;0;0;0;0;984.8899735913355;01;1;X;Depot;H210;45;Moderat (0° bis 19,99° C);Abend;Wolkig;Pennsylvania;Herbst;Entgleisung;Flagging, Fixed, Hand and Radio Signals;Human Factors;Güterzug, Lokomotive;17124.064413699252;Nicht Signifikant;False
781;007797;2002;1;21;44100.0;44100.0;0.0;44100.0;1;0;0;0;0;0;0;0;4.0;0;0;16;0;0;2;559.8825797972996;01;7;1;Industriestrecke;H022;32;Moderat (0° bis 19,99° C);Tag;Klar;Illinois;Winter;Entgleisung;Brakes, Use of;Human Factors;Depot/Rangieren, EinzelneWagen;49886.8778280543;Nicht Signifikant;False
782;007810;2002;1;21;123915.0;123915.0;0.0;123915.0;3;0;0;1;0;0;0;0;9.926406551346263;0;0;0;0;0;0;69.7799471826711;03;8;1;Depot;H605;70;Warm (20° bis 31,99° C);Tag;Wolkig;Florida;Winter;Kollision;Speed;Human Factors;Lokomotive, Lokomotive;140175.33936651584;Signifikant;False
783;007865;2002;1;25;13398.0;13398.0;0.0;13398.0;3;0;0;0;0;0;0;0;7.5;48;0;61;0;0;1;7388.847382076778;01;7;1;Depot;H020;35;Moderat (0° bis 19,99° C);Abend;Klar;Pennsylvania;Winter;Entgleisung;Brakes, Use of;Human Factors;Depot/Rangieren, Depot/Rangieren;15465.77398129978;Nicht Signifikant;False
784;007949;2002;2;3;366650.0;366650.0;47500.0;319150.0;4;2;0;4;0;0;0;0;15.0;99;2;111;0;0;17;16015.0;02;1;4;Hauptstrecke;H216;20;Kalt (-30° - 0,01° C);Abend;Klar;Indiana;Winter;Kollision;Flagging, Fixed, Hand and Radio Signals;Human Factors;Güterzug, Güterzug;424363.425925926;Signifikant;False
785;008093;2002;2;15;15425.0;15425.0;500.0;14925.0;4;0;0;0;0;0;0;0;3.9542723449729715;14;0;53;0;0;1;3747.493917000954;01;7;1;Depot;H702;32;Moderat (0° bis 19,99° C);Abend;Wolkig;Ohio;Winter;Entgleisung;Switches, Use of;Human Factors;Depot/Rangieren, Güterzug;17719.70132107984;Nicht Signifikant;False
786;008140;2002;2;20;8421.0;8421.0;0.0;8421.0;2;0;0;0;0;0;0;0;4.0;14;1;0;0;0;0;1681.9929315901034;05;7;1;Depot;H021;55;Moderat (0° bis 19,99° C);Tag;Wolkig;North Carolina;Winter;Kollision;Brakes, Use of;Human Factors;Depot/Rangieren, EinzelneWagen;9631.705364291434;Nicht Signifikant;False
787;008319;2002;3;9;49450.0;49450.0;250.0;49200.0;1;0;0;0;0;0;0;0;3.5;40;0;23;0;0;4;5326.264501683371;01;7;1;Depot;M105;26;Kalt (-30° - 0,01° C);Abend;Schnee;Ohio;Winter;Entgleisung;Environmental Conditions;Environmental Conditions;Depot/Rangieren, EinzelneWagen;56331.87772925764;Nicht Signifikant;False
788;008359;2002;3;13;30781.0;30781.0;1400.0;29381.0;1;0;0;0;0;0;0;0;6.940339448159618;18;1;10;0;0;2;2686.635683674103;01;6;1;Industriestrecke;H306;55;Moderat (0° bis 19,99° C);Abend;Wolkig;West Virginia;Winter;Entgleisung;General Switching Rules;Human Factors;EinzelneWagen, Güterzug;35242.72956262881;Nicht Signifikant;False
789;008364;2002;3;13;25800.0;25800.0;4000.0;21800.0;2;2;0;0;0;0;0;0;12.0;16;1;0;0;0;0;1909.5077806486202;04;7;1;Depot;H605;62;Moderat (0° bis 19,99° C);Tag;Klar;Ohio;Winter;Kollision;Speed;Human Factors;Depot/Rangieren, Depot/Rangieren;29539.729791618964;Nicht Signifikant;True
790;008543;2002;3;29;31650.0;31650.0;500.0;31150.0;2;0;0;0;0;0;0;0;5.926644996129869;83;1;62;0;0;4;11459.742769259185;06;7;1;Depot;E30C;42;Moderat (0° bis 19,99° C);Abenddämmerung;Wolkig;Pennsylvania;Frühling;Kollision;Coupler and Draft System;Mechanical and Electrical Failures;Depot/Rangieren, EinzelneWagen, EinzelneWagen;36227.73682523694;Nicht Signifikant;False
791;008582;2002;4;2;399391.0;399391.0;100000.0;299391.0;10;0;0;0;0;0;0;0;19.333333333333332;126;3;132;0;0;13;23233.0;01;1;4;Hauptstrecke;T002;50;Moderat (0° bis 19,99° C);Tag;Klar;Pennsylvania;Frühling;Entgleisung;Roadbed;Track, Roadbed and Structures;Güterzug, Güterzug, Güterzug;454576.59913498745;Signifikant;False
792;008741;2002;4;20;109560.0;109560.0;16000.0;93560.0;5;0;0;0;0;0;0;0;15.0;174;12;0;0;0;0;24081.0;03;4;3;Hauptstrecke;H599;60;Moderat (0° bis 19,99° C);Abend;Wolkig;Virginia;Frühling;Kollision;Train Handling/Train Makeup;Human Factors;Arbeitszug, Güterzug;123313.57394762513;Nicht Signifikant;False
793;008897;2002;5;3;35436.0;35436.0;1385.0;34051.0;1;0;0;0;0;0;0;0;4.949628046035187;2;0;2;0;0;2;361.14768590197866;01;7;1;Depot;H702;50;Moderat (0° bis 19,99° C);Tag;Klar;New York;Frühling;Entgleisung;Switches, Use of;Human Factors;Depot/Rangieren, EinzelneWagen;39013.54178134978;Nicht Signifikant;False