index;INCDTNO;YEAR4;MONTH;DAY;ACCDMG;INFRASTRUCTURE_DMG;TRKDMG;EQPDMG;LOCOMOTIVES1;LOCOMOTIVES2;RREMPKLD;RREMPINJ;PASSKLD;PASSINJ;OTHERKLD;OTHERINJ;SPEED;LOADF1;LOADF2;EMPTYF1;EMPTYP1;LOADP1;EMPTYF2;TONS;TYPE;TYPEQ;TRKCLAS;TYPTRK;ACCAUSE;TEMP;TEMP_CLUSTER;VISIBLTY;WEATHER;STATE;Jahreszeit;ACCIDENT_TYPE;ACCCAUSE_LVL1;ACCCAUSE_LVL2;EQUIPMENT_TYPE;ACCDMG_EUR;ACCTYPE;SPD_TOO_HIGH
794;008899;2002;5;4;19325.0;19325.0;0.0;19325.0;5;0;0;0;0;0;0;0;5.0;3;0;40;0;0;0;1628.9086292099835;05;7;1;Depot;M408;67;Moderat (0° bis 19,99° C);Tag;Wolkig;Georgia;Frühling;Kollision;Unusual Operational Situations;Miscellaneous Causes;Depot/Rangieren, Depot/Rangieren;21228.48773343098;Nicht Signifikant;False
795;008969;2002;5;12;9300.0;9300.0;0.0;9300.0;1;0;0;0;0;0;0;0;3.9542723449729715;46;0;116;0;0;3;8838.845163861439;05;7;1;Depot;M105;60;Moderat (0° bis 19,99° C);Tag;Regen;Illinois;Frühling;Kollision;Environmental Conditions;Environmental Conditions;Depot/Rangieren, EinzelneWagen;10199.60517657381;Nicht Signifikant;False
796;009;1987;12;26;38500.0;38500.0;1000.0;37500.0;9;0;0;0;0;0;0;0;6.0;110;1;109;0;0;10;14527.0;04;1;1;Depot;H306;10;Kalt (-30° - 0,01° C);Tag;Klar;Montana;Winter;Kollision;General Switching Rules;Human Factors;Güterzug, Güterzug;32657.56213419289;Nicht Signifikant;False
797;009161;2002;5;31;8700.0;8700.0;0.0;8700.0;2;0;0;0;0;0;0;0;2.958916643910756;60;6;0;0;0;0;7492.073259881734;01;6;1;Industriestrecke;T314;75;Warm (20° bis 31,99° C);Abend;Klar;Illinois;Frühling;Entgleisung;Frogs, Switches and Track Appliances;Track, Roadbed and Structures;EinzelneWagen, Güterzug;9268.136784915308;Nicht Signifikant;False
798;009448;2002;7;3;21970.0;21970.0;6000.0;15970.0;2;0;0;0;0;0;0;0;8.90806780037873;12;1;17;0;0;7;2280.6042916284036;01;6;1;Depot;H702;72;Warm (20° bis 31,99° C);Abend;Klar;Georgia;Sommer;Entgleisung;Switches, Use of;Human Factors;EinzelneWagen, EinzelneWagen, Güterzug;22464.212678936605;Nicht Signifikant;False
799;009470;2002;7;4;43915.0;43915.0;0.0;43915.0;5;0;0;0;0;0;0;0;5.0;35;1;64;0;0;0;6019.46910020779;05;7;1;Depot;T305;93;Heiß (>= 32° C);Tag;Klar;Georgia;Sommer;Kollision;Frogs, Switches and Track Appliances;Track, Roadbed and Structures;Depot/Rangieren, Depot/Rangieren;44856.996935648625;Nicht Signifikant;False
800;009480;2002;7;5;10000.0;10000.0;0.0;10000.0;2;0;0;0;0;0;0;0;7.935695149221832;54;0;57;0;0;0;8365.336383802323;04;5;1;Industriestrecke;M501;78;Warm (20° bis 31,99° C);Tag;Klar;Ohio;Sommer;Kollision;Other Miscellaneous;Miscellaneous Causes;EinzelneWagen, Güterzug;10282.776349614396;Nicht Signifikant;False
801;009663;2002;7;25;10400.0;10400.0;400.0;10000.0;4;0;0;0;0;0;0;0;7.0;25;0;39;0;0;1;5632.78000643929;05;7;2;Depot;H307;78;Warm (20° bis 31,99° C);Tag;Klar;Illinois;Sommer;Kollision;General Switching Rules;Human Factors;Depot/Rangieren, Güterzug;10385.460355502297;Nicht Signifikant;False
802;009756;2002;8;6;96137.0;96137.0;333.0;95804.0;3;0;0;0;0;0;0;0;3.0;95;8;65;0;0;1;13014.104303778386;04;7;1;Depot;M408;77;Warm (20° bis 31,99° C);Morgendämmerung;Klar;Tennessee;Sommer;Kollision;Unusual Operational Situations;Miscellaneous Causes;Depot/Rangieren, Depot/Rangieren;99222.83001341728;Nicht Signifikant;False
803;009817;2002;8;7;21350.0;21350.0;0.0;21350.0;2;0;0;0;0;0;0;0;5.5;50;1;30;0;0;0;6690.652520973061;04;7;1;Depot;H020;72;Warm (20° bis 31,99° C);Abend;Klar;Pennsylvania;Sommer;Kollision;Brakes, Use of;Human Factors;Depot/Rangieren, EinzelneWagen;22014.848422355124;Nicht Signifikant;False
804;009821;2002;8;11;58500.0;58500.0;2000.0;56500.0;2;1;0;0;0;0;0;0;6.5;23;2;15;0;0;0;3182.1149465160693;04;7;1;Depot;H702;75;Warm (20° bis 31,99° C);Tag;Klar;Illinois;Sommer;Kollision;Switches, Use of;Human Factors;Depot/Rangieren, Depot/Rangieren;59920.10652463382;Nicht Signifikant;False
805;010001;1996;8;23;526655.0;526655.0;0.0;526655.0;6;0;0;0;0;0;0;0;24.856742067279495;37;3;25;0;0;0;3547.8899735913355;03;1;3;Hauptstrecke;H204;70;Warm (20° bis 31,99° C);Tag;Nebel;Pennsylvania;Sommer;Kollision;Flagging, Fixed, Hand and Radio Signals;Human Factors;Güterzug, Lokomotive;446734.2437865807;Signifikant;False
806;010001048;2000;1;16;29580.0;29580.0;0.0;29580.0;2;0;0;0;0;0;0;0;2.0;10;0;28;0;0;4;2032.8869084302796;04;7;1;Depot;M407;51;Moderat (0° bis 19,99° C);Abend;Klar;Alabama;Winter;Kollision;Unusual Operational Situations;Miscellaneous Causes;Depot/Rangieren, Güterzug;29178.31190609279;Nicht Signifikant;False
807;0100015;2001;6;1;34803.0;34803.0;0.0;34803.0;5;2;0;0;0;0;0;0;8.931050850284048;0;0;0;0;6;0;346.34586351233526;01;2;1;Depot;H703;50;Moderat (0° bis 19,99° C);Tag;Klar;Illinois;Frühling;Entgleisung;Switches, Use of;Human Factors;Personenzug, NaN;41050.95541401274;Nicht Signifikant;False
808;010005042;2000;1;30;24736.0;24736.0;645.0;24091.0;2;0;0;0;0;0;0;0;6.0;33;1;13;0;0;3;4243.627434247084;04;7;1;Depot;H020;26;Kalt (-30° - 0,01° C);Tag;Klar;North Carolina;Winter;Kollision;Brakes, Use of;Human Factors;Depot/Rangieren, Depot/Rangieren;25215.086646279306;Nicht Signifikant;False
809;010068;2002;9;6;9056.0;9056.0;500.0;8556.0;2;0;0;0;0;0;0;0;1.9635609428485408;24;3;103;0;0;0;5994.765510610122;04;7;1;Depot;H313;65;Moderat (0° bis 19,99° C);Abend;Klar;Tennessee;Sommer;Kollision;General Switching Rules;Human Factors;Depot/Rangieren, Depot/Rangieren;9130.873159911273;Nicht Signifikant;False
810;0100CB010;2000;1;12;311564.0;311564.0;255173.0;56391.0;4;1;0;0;0;0;0;0;48.66037185703021;147;2;17;0;0;1;18996.81641842173;01;7;5;Hauptstrecke;E44C;35;Moderat (0° bis 19,99° C);Tag;Klar;Nebraska;Winter;Entgleisung;Truck Components;Mechanical and Electrical Failures;Depot/Rangieren, EinzelneWagen, Güterzug;302254.55956538615;Signifikant;False
811;0100NP003;2000;1;6;58202.0;58202.0;0.0;58202.0;4;0;0;0;0;0;0;0;4.0;13;0;5;0;0;0;1376.0;04;7;1;Depot;H702;35;Moderat (0° bis 19,99° C);Tag;Klar;Nebraska;Winter;Kollision;Switches, Use of;Human Factors;Depot/Rangieren, Depot/Rangieren;56028.10935695033;Nicht Signifikant;False
812;0100NP023;2000;1;31;169004.0;169004.0;6000.0;163004.0;2;0;0;0;0;0;0;0;2.945222191881008;46;4;67;0;0;17;6101.0;01;5;1;Depot;S007;17;Kalt (-30° - 0,01° C);Abend;Nebel;Nebraska;Winter;Entgleisung;SIGNAL AND COMMUNICATION;Signal and Communication;EinzelneWagen, EinzelneWagen, Güterzug;172611.5820651619;Signifikant;False
813;0100UT007;2000;1;8;13954.0;13954.0;0.0;13954.0;2;0;0;0;0;0;0;0;3.0;10;0;4;0;0;3;738.0;04;7;1;Depot;H601;20;Kalt (-30° - 0,01° C);Abend;Wolkig;Nevada;Winter;Kollision;Speed;Human Factors;Depot/Rangieren, Depot/Rangieren;13592.88242361269;Nicht Signifikant;False
814;010106002;2001;1;6;101480.0;101480.0;7518.0;93962.0;7;1;0;0;0;0;0;0;9.926406551346263;150;2;40;0;0;0;20304.0;03;1;3;Hauptstrecke;H605;30;Kalt (-30° - 0,01° C);Tag;Klar;Oklahoma;Winter;Kollision;Speed;Human Factors;Güterzug, Güterzug;106495.95970196243;Nicht Signifikant;False
815;010107039;2001;1;30;8487.0;8487.0;250.0;8237.0;1;0;0;0;0;0;0;0;3.0;22;4;1;0;0;0;2681.3258610286;04;7;1;Depot;T305;36;Moderat (0° bis 19,99° C);Tag;Klar;Ohio;Winter;Kollision;Frogs, Switches and Track Appliances;Track, Roadbed and Structures;Depot/Rangieren, EinzelneWagen;9228.00913341307;Nicht Signifikant;False
816;010129014;2001;1;21;100064.0;100064.0;500.0;99564.0;3;0;0;0;0;0;0;0;7.0;16;1;3;0;0;0;2000.8470112815853;03;7;1;Depot;H306;13;Kalt (-30° - 0,01° C);Abend;Klar;Illinois;Winter;Kollision;General Switching Rules;Human Factors;Depot/Rangieren, Güterzug;107288.06290207291;Nicht Signifikant;False
817;010131056;2001;1;5;24617.0;24617.0;0.0;24617.0;0;0;0;0;0;0;0;0;9.0;3;3;0;0;0;0;401.62290464547965;04;6;1;Depot;H313;32;Moderat (0° bis 19,99° C);Abend;Klar;Indiana;Winter;Kollision;General Switching Rules;Human Factors;EinzelneWagen, EinzelneWagen;25790.466212676794;Nicht Signifikant;False
818;010159;2002;9;18;75190.0;75190.0;0.0;75190.0;2;0;0;0;0;0;0;0;3.9542723449729715;12;0;18;0;0;0;1769.4134719352874;05;6;1;Depot;H302;78;Warm (20° bis 31,99° C);Tag;Klar;New York;Sommer;Kollision;General Switching Rules;Human Factors;EinzelneWagen, Güterzug;77316.19537275063;Nicht Signifikant;False
819;010182;2002;9;20;64238.0;64238.0;0.0;64238.0;2;0;0;0;0;0;0;0;3.9542723449729715;14;0;17;0;0;0;2179.9728641790925;04;7;1;Depot;H020;70;Warm (20° bis 31,99° C);Tag;Regen;Illinois;Sommer;Kollision;Brakes, Use of;Human Factors;Depot/Rangieren, Depot/Rangieren;65615.93462717059;Nicht Signifikant;False
820;0101CB007;2001;1;8;41652.0;41652.0;5500.0;36152.0;2;0;0;0;0;0;0;0;4.949628046035187;110;3;6;0;0;0;14364.0;01;7;1;Depot;H702;25;Kalt (-30° - 0,01° C);Abend;Klar;Iowa;Winter;Entgleisung;Switches, Use of;Human Factors;Depot/Rangieren, EinzelneWagen;43858.060440138994;Nicht Signifikant;False
821;0101CB034;2001;1;25;15900.0;15900.0;7000.0;8900.0;2;0;0;0;0;0;0;0;1.9635609428485408;4;0;29;0;0;2;1424.0043206524551;01;7;1;Depot;H306;15;Kalt (-30° - 0,01° C);Abenddämmerung;Klar;Iowa;Winter;Entgleisung;General Switching Rules;Human Factors;Depot/Rangieren, EinzelneWagen;17384.649026897005;Nicht Signifikant;False
822;0101ET014;2001;1;13;31655.0;31655.0;3000.0;28655.0;7;0;0;0;0;0;0;0;3.9542723449729715;0;0;17;0;0;2;547.2628286327192;01;7;1;Industriestrecke;H702;45;Moderat (0° bis 19,99° C);Abend;Wolkig;Texas;Winter;Entgleisung;Switches, Use of;Human Factors;Depot/Rangieren, EinzelneWagen;33300.02103934357;Nicht Signifikant;False
823;0101LV026;2001;1;9;10192.0;10192.0;2000.0;8192.0;1;0;0;0;0;0;0;0;7.935695149221832;0;0;33;0;0;3;1960.7827940133125;01;7;1;Depot;T299;45;Moderat (0° bis 19,99° C);Tag;Klar;Louisiana;Winter;Entgleisung;Rail, Joint Bar and Rail Anchoring;Track, Roadbed and Structures;Depot/Rangieren, EinzelneWagen;10841.399851079672;Nicht Signifikant;False
824;0101PD023;2001;1;18;10838.0;10838.0;2224.0;8614.0;4;0;0;0;0;0;0;0;4.5;21;1;23;0;0;2;3309.0;04;7;1;Depot;H104;32;Moderat (0° bis 19,99° C);Abend;Regen;Oregon;Winter;Kollision;Employee Physical Condition;Human Factors;Depot/Rangieren, Depot/Rangieren;11524.88302849851;Nicht Signifikant;False
825;0101SA015;2001;1;12;14145.0;14145.0;2000.0;12145.0;5;0;0;0;0;0;0;0;6.5;12;0;142;0;0;0;7651.0;04;1;4;Hauptstrecke;H699;52;Moderat (0° bis 19,99° C);Abend;Nebel;Texas;Winter;Kollision;Speed;Human Factors;Güterzug, Güterzug;14819.277108433735;Nicht Signifikant;False
826;0101UT010;2001;1;13;84321.0;84321.0;45428.0;38893.0;5;1;0;0;0;0;0;0;3.0;39;1;1;0;0;0;4137.0;04;7;1;Depot;H602;38;Moderat (0° bis 19,99° C);Tag;Wolkig;Utah;Winter;Kollision;Speed;Human Factors;Depot/Rangieren, Güterzug;88702.92446875658;Nicht Signifikant;False
827;010201R008;2001;1;2;200000.0;200000.0;0.0;200000.0;8;0;0;0;0;0;0;0;6.940339448159618;0;0;0;0;0;0;69.7799471826711;03;2;1;Depot;H307;25;Kalt (-30° - 0,01° C);Abend;Klar;Pennsylvania;Winter;Kollision;General Switching Rules;Human Factors;Personenzug, Personenzug;212246.63058473947;Signifikant;False
828;010204001;2001;2;4;12348.0;12348.0;614.0;11734.0;2;0;0;0;0;0;0;0;4.949628046035187;0;0;0;0;0;0;69.7799471826711;04;8;1;Depot;H999;35;Moderat (0° bis 19,99° C);Abend;Klar;Louisiana;Winter;Kollision;Miscellaneous;Human Factors;Lokomotive, Lokomotive;13109.671939696358;Nicht Signifikant;False
829;010205035;2002;1;20;26000.0;26000.0;0.0;26000.0;7;1;0;0;0;0;0;0;4.0;0;0;0;0;0;0;69.7799471826711;03;8;1;Depot;H217;30;Kalt (-30° - 0,01° C);Abend;Klar;North Carolina;Winter;Kollision;Flagging, Fixed, Hand and Radio Signals;Human Factors;Lokomotive, Lokomotive;29445.07361268403;Nicht Signifikant;False
830;010206028;2002;1;24;37632.0;37632.0;1000.0;36632.0;1;0;0;0;0;0;0;0;6.0;9;0;1;0;0;1;1125.5232127763925;04;7;1;Depot;H020;46;Moderat (0° bis 19,99° C);Abend;Klar;Georgia;Winter;Kollision;Brakes, Use of;Human Factors;Depot/Rangieren, EinzelneWagen;42924.60362723851;Nicht Signifikant;False
831;010223007;2002;1;10;7395.0;7395.0;50.0;7345.0;2;0;0;0;0;0;0;0;5.0;37;0;65;0;0;5;6201.620460495481;04;7;1;Depot;H401;24;Kalt (-30° - 0,01° C);Abend;Wolkig;Ohio;Winter;Kollision;Main Track Authority;Human Factors;Depot/Rangieren, Güterzug;8300.594904029633;Nicht Signifikant;False
832;010223038;2002;1;27;18907.0;18907.0;0.0;18907.0;0;0;0;0;0;0;0;0;1.0;13;0;13;0;0;0;1909.0934150035569;04;5;1;Depot;M408;27;Kalt (-30° - 0,01° C);Abend;Wolkig;Ohio;Winter;Kollision;Unusual Operational Situations;Miscellaneous Causes;EinzelneWagen, EinzelneWagen;21968.70521708819;Nicht Signifikant;False
833;010226;2002;9;27;9000.0;9000.0;0.0;9000.0;5;0;0;0;0;0;0;0;2.5;15;0;18;0;0;0;2324.1766989193397;04;7;1;Depot;M103;73;Warm (20° bis 31,99° C);Tag;Regen;Georgia;Herbst;Kollision;Environmental Conditions;Environmental Conditions;Depot/Rangieren, Depot/Rangieren;9203.395030166685;Nicht Signifikant;False
834;010227005;2002;1;12;8115.0;8115.0;0.0;8115.0;2;0;0;0;0;0;0;0;6.0;40;0;50;0;0;8;6085.186954761674;03;6;1;Industriestrecke;H702;30;Kalt (-30° - 0,01° C);Tag;Klar;West Virginia;Winter;Kollision;Switches, Use of;Human Factors;EinzelneWagen, Güterzug;9095.834111713059;Nicht Signifikant;False
835;010229007;2002;1;15;38150.0;38150.0;0.0;38150.0;2;0;0;0;0;0;0;0;4.0;18;0;35;0;0;0;3183.0379460939184;05;7;1;Depot;H601;32;Moderat (0° bis 19,99° C);Tag;Klar;Illinois;Winter;Kollision;Speed;Human Factors;Depot/Rangieren, EinzelneWagen;42759.470970634386;Nicht Signifikant;False
836;010230017;2002;1;8;73650.0;73650.0;1000.0;72650.0;2;0;0;0;0;0;0;0;8.0;47;2;8;0;0;3;5703.608367599575;04;7;1;Depot;H499;19;Kalt (-30° - 0,01° C);Abend;Klar;New York;Winter;Kollision;Main Track Authority;Human Factors;Depot/Rangieren, Depot/Rangieren;82669.2109103154;Nicht Signifikant;False
837;010233003;2002;1;10;72105.0;72105.0;100.0;72005.0;0;0;0;0;0;0;0;0;4.0;2;0;6;0;0;3;484.41336136533926;04;6;1;Depot;H313;50;Moderat (0° bis 19,99° C);Abend;Klar;Maryland;Winter;Kollision;General Switching Rules;Human Factors;EinzelneWagen, EinzelneWagen;80935.00954091368;Nicht Signifikant;False
838;010291101;1991;2;1;29000.0;29000.0;0.0;29000.0;2;0;0;0;0;0;0;0;14.5;33;3;0;0;0;0;2895.7712881769244;04;7;X;Depot;M407;34;Moderat (0° bis 19,99° C);Abend;Klar;Kansas;Winter;Kollision;Unusual Operational Situations;Miscellaneous Causes;Depot/Rangieren, EinzelneWagen;24599.202646534904;Nicht Signifikant;True
839;010291106;1991;2;25;46300.0;46300.0;1000.0;45300.0;1;0;0;0;0;0;0;0;4.932837394713583;20;3;18;0;0;0;2871.430192133906;04;7;1;Depot;H306;28;Kalt (-30° - 0,01° C);Abend;Klar;Kansas;Winter;Kollision;General Switching Rules;Human Factors;Depot/Rangieren, EinzelneWagen, EinzelneWagen;39273.899397743655;Nicht Signifikant;False
840;0102FW010;2002;1;16;6797.0;6797.0;0.0;6797.0;8;1;0;0;0;0;0;0;7.0;156;12;59;0;0;0;14331.0;01;1;2;Nebenstrecke;M405;65;Moderat (0° bis 19,99° C);Tag;Klar;Texas;Winter;Entgleisung;Unusual Operational Situations;Miscellaneous Causes;Güterzug, Güterzug;7708.971305432687;Nicht Signifikant;False
841;0102KC013;2002;1;19;197927.0;197927.0;38512.0;159415.0;7;0;0;0;0;0;0;0;3.9542723449729715;138;3;81;0;0;8;12422.0;01;1;3;Hauptstrecke;H702;38;Moderat (0° bis 19,99° C);Tag;Klar;Kansas;Winter;Entgleisung;Switches, Use of;Human Factors;Güterzug, Güterzug;224407.02947845805;Signifikant;False
842;0102PR001;2002;1;1;853637.0;853637.0;206071.0;647566.0;5;2;0;1;0;0;0;0;22.5;23;1;112;0;0;10;6643.0;04;1;3;Hauptstrecke;H401;9;Kalt (-30° - 0,01° C);Abend;Wolkig;Illinois;Winter;Kollision;Main Track Authority;Human Factors;Güterzug, Güterzug;949223.8407650394;Signifikant;False
843;0102SA003;2002;1;5;50039.0;50039.0;41641.0;8398.0;3;0;0;0;0;0;0;0;6.940339448159618;58;6;1;0;0;1;7316.816418421731;01;5;1;Depot;E46C;60;Moderat (0° bis 19,99° C);Tag;Wolkig;Texas;Winter;Entgleisung;Truck Components;Mechanical and Electrical Failures;EinzelneWagen, Güterzug;55986.648267631375;Nicht Signifikant;False
844;0102SA006;2002;1;8;13203.0;13203.0;1000.0;12203.0;6;1;0;0;0;0;0;0;3.9542723449729715;25;0;74;0;0;0;4934.0;04;7;1;Depot;H399;60;Moderat (0° bis 19,99° C);Tag;Klar;Texas;Winter;Kollision;General Switching Rules;Human Factors;Depot/Rangieren, Güterzug;14819.845100460208;Nicht Signifikant;False
845;0102TC001;2002;1;3;25241.0;25241.0;600.0;24641.0;2;1;0;0;0;0;0;0;4.949628046035187;17;0;31;0;0;0;3018.0;04;7;1;Depot;H601;17;Kalt (-30° - 0,01° C);Tag;Klar;Minnesota;Winter;Kollision;Speed;Human Factors;Depot/Rangieren, Depot/Rangieren;27933.820274457725;Nicht Signifikant;False
846;010304;2002;10;5;7808.0;7808.0;6762.0;1046.0;5;0;0;0;0;0;0;0;16.0;49;0;79;0;0;1;8883.816418421731;05;5;1;Industriestrecke;H022;68;Warm (20° bis 31,99° C);Abend;Klar;South Carolina;Herbst;Kollision;Brakes, Use of;Human Factors;EinzelneWagen, Güterzug;7930.123908186065;Nicht Signifikant;True
847;010311001;2001;3;11;205419.0;205419.0;4989.0;200430.0;2;1;0;0;0;0;0;0;11.917117953470694;145;2;1;0;0;0;18876.0;02;7;4;Hauptstrecke;H017;65;Moderat (0° bis 19,99° C);Tag;Klar;Texas;Winter;Kollision;Brakes, Use of;Human Factors;Depot/Rangieren, Güterzug;220872.72857603672;Signifikant;False
848;010316;2016;1;3;17600.0;17600.0;2000.0;15600.0;0;0;0;0;0;0;0;0;29.83352057259057;0;0;4;0;0;2;194.52565726543855;09;A;1;Nebenstrecke;H022;65;Moderat (0° bis 19,99° C);Tag;Klar;Kalifornien;Winter;Kollision;Brakes, Use of;Human Factors;Wartungszug, Wartungszug;16153.828503246827;Nicht Signifikant;True
849;010316005;2001;3;16;760413.0;760413.0;23483.0;736930.0;4;3;0;2;0;0;0;0;31.824231974715;27;1;18;0;0;3;3900.0;02;1;1;Industriestrecke;H702;28;Kalt (-30° - 0,01° C);Abend;Klar;Missouri;Winter;Kollision;Switches, Use of;Human Factors;Güterzug, Güterzug;849908.3491673185;Signifikant;True
850;010321013;2003;1;22;1126370.0;1126370.0;10000.0;1116369.0;7;7;0;2;0;0;0;0;42.0;22;1;61;0;0;0;4451.256439118408;02;1;4;Hauptstrecke;H993;23;Kalt (-30° - 0,01° C);Abend;Schnee;Tennessee;Winter;Kollision;Miscellaneous;Human Factors;Güterzug, Güterzug;1050914.3496921067;Signifikant;False
851;010322011;2003;1;25;27993.0;27993.0;1000.0;26993.0;7;2;0;1;0;0;0;0;25.0;51;3;69;0;0;2;7559.0;03;1;2;Hauptstrecke;H216;25;Kalt (-30° - 0,01° C);Abenddämmerung;Klar;Pennsylvania;Winter;Kollision;Flagging, Fixed, Hand and Radio Signals;Human Factors;Güterzug, Güterzug;25889.080707811823;Signifikant;False
852;010355;2002;10;10;606065.0;606065.0;10915.0;595150.0;8;5;0;3;0;0;0;0;19.879963561968417;66;1;4;0;0;0;9521.0;02;1;1;Hauptstrecke;H702;51;Moderat (0° bis 19,99° C);Tag;Klar;Illinois;Herbst;Kollision;Switches, Use of;Human Factors;Güterzug, Güterzug;613736.7088607595;Signifikant;True
853;010391103;1991;3;19;23860.0;23860.0;8700.0;15160.0;6;0;0;0;0;0;0;0;3.9542723449729715;34;1;30;0;0;2;3971.647398120594;01;5;1;Depot;H704;49;Moderat (0° bis 19,99° C);Abend;Klar;Texas;Winter;Entgleisung;Switches, Use of;Human Factors;EinzelneWagen, Güterzug;20239.206039528373;Nicht Signifikant;False
854;010395;1995;3;2;91715.0;91715.0;1500.0;90215.0;2;1;0;0;0;0;0;0;4.949628046035187;4;2;0;0;0;0;564.0277272953322;03;6;2;Hauptstrecke;H020;15;Kalt (-30° - 0,01° C);Abenddämmerung;Klar;Michigan;Winter;Kollision;Brakes, Use of;Human Factors;EinzelneWagen, Lokomotive;77797.09899058443;Nicht Signifikant;False
855;010396100;1996;3;21;8570.0;8570.0;200.0;8370.0;2;0;0;0;0;0;0;0;2.5;25;0;15;0;0;2;3708.0;04;7;X;Depot;H602;24;Kalt (-30° - 0,01° C);Abend;Wolkig;Illinois;Frühling;Kollision;Speed;Human Factors;Depot/Rangieren, Depot/Rangieren;7269.488506234625;Nicht Signifikant;False
856;0103FW015;2003;1;11;152799.0;152799.0;41000.0;111799.0;3;0;0;0;0;0;0;0;8.5;81;4;0;0;0;0;8445.0;01;4;1;Depot;T110;40;Moderat (0° bis 19,99° C);Tag;Wolkig;Texas;Winter;Entgleisung;Track Geometry;Track, Roadbed and Structures;Arbeitszug, Depot/Rangieren;145269.2124861353;Nicht Signifikant;False
857;0103NP010;2003;1;18;13750.0;13750.0;1500.0;12250.0;4;0;0;0;0;0;0;0;5.0;89;2;0;0;0;0;5140.0;01;7;2;Depot;H307;40;Moderat (0° bis 19,99° C);Tag;Klar;Nebraska;Winter;Entgleisung;General Switching Rules;Human Factors;Depot/Rangieren, Depot/Rangieren;12907.970084801453;Nicht Signifikant;False
858;0103PR016;2003;1;20;46665.0;46665.0;300.0;46365.0;6;0;0;0;0;0;0;0;5.0;47;2;110;0;0;2;8058.0;01;7;1;Depot;H703;5;Kalt (-30° - 0,01° C);Abend;Klar;Illinois;Winter;Entgleisung;Switches, Use of;Human Factors;Depot/Rangieren, Güterzug;43804.56209518446;Nicht Signifikant;False
859;0104081;2008;1;4;65000.0;65000.0;2000.0;63000.0;2;0;0;0;0;0;0;0;6.0;123;5;0;0;0;0;14159.98836927053;04;1;1;Industriestrecke;H212;60;Moderat (0° bis 19,99° C);Abend;Wolkig;Kalifornien;Winter;Kollision;Flagging, Fixed, Hand and Radio Signals;Human Factors;Güterzug, Güterzug;44136.619813947174;Nicht Signifikant;False
860;01042016;2016;4;1;59442.0;59442.0;0.0;59442.0;0;0;0;0;0;0;0;0;11.917117953470694;0;0;2;0;0;0;130.67276760464793;03;A;4;Hauptstrecke;M599;39;Moderat (0° bis 19,99° C);Abend;Wolkig;New Mexico;Frühling;Kollision;Other Miscellaneous;Miscellaneous Causes;Wartungszug, Wartungszug;51996.151154653606;Nicht Signifikant;False
861;010492;1992;1;8;7400.0;7400.0;400.0;7000.0;7;2;0;0;0;0;0;0;9.926406551346263;5;0;0;0;0;0;534.8899735913355;02;7;1;Depot;H602;35;Moderat (0° bis 19,99° C);Tag;Regen;Illinois;Winter;Kollision;Speed;Human Factors;Depot/Rangieren, Lokomotive;6277.03791670201;Nicht Signifikant;False
862;010494;1994;4;1;48700.0;48700.0;700.0;48000.0;3;0;0;0;0;0;0;0;4.0;13;0;115;0;0;3;4187.0;04;7;1;Depot;H401;60;Moderat (0° bis 19,99° C);Tag;Klar;Iowa;Frühling;Kollision;Main Track Authority;Human Factors;Depot/Rangieren, Güterzug;41309.6954788362;Nicht Signifikant;False
863;0104CE003;2004;1;8;49173.0;49173.0;1078.0;48095.0;1;0;0;0;0;0;0;0;5.5;20;1;7;0;0;2;3434.0;01;7;1;Depot;H601;31;Kalt (-30° - 0,01° C);Tag;Wolkig;Wyoming;Winter;Entgleisung;Speed;Human Factors;Depot/Rangieren, EinzelneWagen;38921.16511002058;Nicht Signifikant;False
864;0104DV007;2004;1;9;108745.0;108745.0;0.0;108745.0;3;1;0;0;0;0;0;0;7.5;105;0;30;0;0;0;15460.0;01;7;1;Depot;H605;28;Kalt (-30° - 0,01° C);Abend;Nebel;Colorado;Winter;Entgleisung;Speed;Human Factors;Depot/Rangieren, Güterzug;85377.24738949517;Nicht Signifikant;False
865;0104FW021;2004;1;16;12031.0;12031.0;0.0;12031.0;2;0;0;0;0;0;0;0;7.935695149221832;10;2;0;0;0;0;726.2564391184076;01;7;1;Depot;H309;55;Moderat (0° bis 19,99° C);Abend;Regen;Texas;Winter;Entgleisung;General Switching Rules;Human Factors;Depot/Rangieren, EinzelneWagen;9630.192908028495;Nicht Signifikant;False
866;0104LK027;2004;1;27;11004.0;11004.0;4696.0;6308.0;1;0;0;0;0;0;0;0;3.9542723449729715;0;0;2;0;0;1;165.33638380232395;09;7;1;Depot;E29C;28;Kalt (-30° - 0,01° C);Abend;Klar;Arkansas;Winter;Kollision;Body;Mechanical and Electrical Failures;Depot/Rangieren, EinzelneWagen;8791.243908284732;Nicht Signifikant;False
867;0104NP001;2004;1;5;365530.0;365530.0;35000.0;330530.0;11;1;0;0;0;0;0;0;2.945222191881008;133;2;248;0;0;6;24415.0;01;7;X;Industriestrecke;H702;28;Kalt (-30° - 0,01° C);Abend;Wolkig;Wyoming;Winter;Entgleisung;Switches, Use of;Human Factors;Depot/Rangieren, Depot/Rangieren, Depot/Rangieren;288796.7132811883;Signifikant;False