index;INCDTNO;YEAR4;MONTH;DAY;ACCDMG;INFRASTRUCTURE_DMG;TRKDMG;EQPDMG;LOCOMOTIVES1;LOCOMOTIVES2;RREMPKLD;RREMPINJ;PASSKLD;PASSINJ;OTHERKLD;OTHERINJ;SPEED;LOADF1;LOADF2;EMPTYF1;EMPTYP1;LOADP1;EMPTYF2;TONS;TYPE;TYPEQ;TRKCLAS;TYPTRK;ACCAUSE;TEMP;TEMP_CLUSTER;VISIBLTY;WEATHER;STATE;Jahreszeit;ACCIDENT_TYPE;ACCCAUSE_LVL1;ACCCAUSE_LVL2;EQUIPMENT_TYPE;ACCDMG_EUR;ACCTYPE;SPD_TOO_HIGH
868;0104NP003;2004;1;10;136083.0;136083.0;36176.0;99907.0;4;0;0;0;0;0;0;0;8.5;55;3;81;0;0;2;9499.0;01;7;2;Depot;H599;20;Kalt (-30° - 0,01° C);Abend;Klar;Nebraska;Winter;Entgleisung;Train Handling/Train Makeup;Human Factors;Depot/Rangieren, Güterzug;106586.86230484048;Nicht Signifikant;False
869;0104PD049;2004;1;5;10509.0;10509.0;2857.0;7652.0;2;0;0;0;0;0;0;0;4.949628046035187;4;0;34;0;0;3;1619.7827940133125;01;7;1;Depot;H301;35;Moderat (0° bis 19,99° C);Abend;Regen;Oregon;Winter;Entgleisung;General Switching Rules;Human Factors;Depot/Rangieren, EinzelneWagen;8302.915382792131;Nicht Signifikant;False
870;0104WH014;2004;1;20;173605.0;173605.0;130438.0;43167.0;4;0;0;0;0;0;0;0;8.931050850284048;66;5;76;0;0;3;10704.0;01;1;1;Depot;T299;36;Moderat (0° bis 19,99° C);Abend;Klar;Kansas;Winter;Entgleisung;Rail, Joint Bar and Rail Anchoring;Track, Roadbed and Structures;Güterzug, Güterzug;138485.16273133375;Nicht Signifikant;False
871;010527;2002;10;27;10100.0;10100.0;0.0;10100.0;3;0;0;0;0;0;0;0;3.0;0;0;3;0;0;0;161.11917781563636;05;7;1;Depot;H313;60;Moderat (0° bis 19,99° C);Tag;Wolkig;Virginia;Herbst;Kollision;General Switching Rules;Human Factors;Depot/Rangieren, EinzelneWagen;10357.912009024716;Nicht Signifikant;False
872;010558;2002;10;31;9000.0;9000.0;1000.0;8000.0;2;0;0;0;0;0;0;0;3.9542723449729715;10;2;5;0;0;0;1520.0420799623612;05;6;1;Industriestrecke;H306;47;Moderat (0° bis 19,99° C);Abend;Nebel;North Carolina;Herbst;Kollision;General Switching Rules;Human Factors;EinzelneWagen, Güterzug;9124.087591240876;Nicht Signifikant;False
873;010563;2002;10;29;7600.0;7600.0;0.0;7600.0;5;0;0;0;0;0;0;0;6.0;89;0;25;0;0;1;9582.0;05;1;1;Depot;H210;22;Kalt (-30° - 0,01° C);Abend;Wolkig;Indiana;Herbst;Kollision;Flagging, Fixed, Hand and Radio Signals;Human Factors;Güterzug, Güterzug;7739.307535641548;Nicht Signifikant;False
874;0105CB005;2005;1;8;25959.0;25959.0;4743.0;21216.0;2;0;0;0;0;0;0;0;3.9542723449729715;3;0;67;0;0;2;2473.162247179111;01;7;1;Industriestrecke;H702;15;Kalt (-30° - 0,01° C);Tag;Schnee;Iowa;Winter;Entgleisung;Switches, Use of;Human Factors;Depot/Rangieren, EinzelneWagen;19714.198921600888;Nicht Signifikant;False
875;0105HO024;2005;1;18;33924.0;33924.0;22204.0;11720.0;3;0;0;0;0;0;0;0;5.944983747097401;61;3;3;0;0;0;8357.0;01;7;1;Depot;T220;55;Moderat (0° bis 19,99° C);Abend;Wolkig;Texas;Winter;Entgleisung;Rail, Joint Bar and Rail Anchoring;Track, Roadbed and Structures;Depot/Rangieren, EinzelneWagen;25975.497702909648;Nicht Signifikant;False
876;0105KC008;2005;1;13;25357.0;25357.0;1000.0;24357.0;2;0;0;0;0;0;0;0;6.940339448159618;22;3;18;0;0;1;3106.0;01;7;1;Depot;T314;10;Kalt (-30° - 0,01° C);Abend;Wolkig;Kansas;Winter;Entgleisung;Frogs, Switches and Track Appliances;Track, Roadbed and Structures;Depot/Rangieren, EinzelneWagen;19163.39177750907;Nicht Signifikant;False
877;0105LV006;2005;1;7;65415.0;65415.0;27000.0;38415.0;6;0;0;0;0;0;0;0;5.944983747097401;43;1;59;0;0;5;6935.0;01;7;1;Depot;H306;68;Warm (20° bis 31,99° C);Abend;Regen;Louisiana;Winter;Entgleisung;General Switching Rules;Human Factors;Depot/Rangieren, Depot/Rangieren;49556.81818181818;Nicht Signifikant;False
878;0105NS004;2005;1;13;13839.0;13839.0;2100.0;11739.0;6;2;0;0;0;0;0;0;2.958916643910756;0;0;0;0;0;0;69.7799471826711;04;8;X;Depot;H211;15;Kalt (-30° - 0,01° C);Abend;Klar;Nebraska;Winter;Kollision;Flagging, Fixed, Hand and Radio Signals;Human Factors;Lokomotive, Lokomotive;10458.73639661427;Nicht Signifikant;False
879;0105PD002;2005;1;1;9984.0;9984.0;933.0;9051.0;2;0;0;0;0;0;0;0;3.9542723449729715;51;0;44;0;0;5;7774.0;01;7;1;Depot;T220;52;Moderat (0° bis 19,99° C);Tag;Regen;Oregon;Winter;Entgleisung;Rail, Joint Bar and Rail Anchoring;Track, Roadbed and Structures;Depot/Rangieren, EinzelneWagen;7350.3644261208865;Nicht Signifikant;False
880;0105PD021;2005;1;16;96262.0;96262.0;30000.0;66262.0;2;0;0;0;0;0;0;0;4.949628046035187;42;3;7;0;0;1;4116.0;01;7;1;Depot;E07C;32;Moderat (0° bis 19,99° C);Morgendämmerung;Eisregen;Oregon;Winter;Entgleisung;Brakes;Mechanical and Electrical Failures;Depot/Rangieren, EinzelneWagen;73555.43669290135;Nicht Signifikant;False
881;0105SA017;2005;1;16;15460.0;15460.0;5208.0;10252.0;5;1;0;0;0;0;0;0;5.944983747097401;47;0;19;0;0;0;7547.0;04;7;1;Depot;H706;40;Moderat (0° bis 19,99° C);Abend;Klar;Texas;Winter;Kollision;Switches, Use of;Human Factors;Depot/Rangieren, Depot/Rangieren;11813.249789867808;Nicht Signifikant;False
882;0105SA022;2005;1;25;28482.0;28482.0;19467.0;9015.0;3;0;0;0;0;0;0;0;4.949628046035187;128;4;35;0;0;0;13185.0;01;7;1;Depot;T220;53;Moderat (0° bis 19,99° C);Abend;Klar;Texas;Winter;Entgleisung;Rail, Joint Bar and Rail Anchoring;Track, Roadbed and Structures;Depot/Rangieren, EinzelneWagen;21867.17850287908;Nicht Signifikant;False
883;010618005;2001;6;18;19740.0;19740.0;3740.0;16000.0;5;1;0;0;0;0;0;0;4.949628046035187;5;2;8;0;0;0;1212.8899735913355;04;7;1;Depot;H022;88;Warm (20° bis 31,99° C);Tag;Klar;Texas;Frühling;Kollision;Brakes, Use of;Human Factors;Depot/Rangieren, Lokomotive;23004.311851765528;Nicht Signifikant;False
884;01062005A;2005;1;6;151000.0;151000.0;9240.0;141760.0;4;0;0;0;0;0;0;0;4.0;17;0;7;0;0;1;2218.261070276391;04;7;1;Depot;H306;48;Moderat (0° bis 19,99° C);Tag;Wolkig;Washington;Winter;Kollision;General Switching Rules;Human Factors;Depot/Rangieren, Depot/Rangieren;114541.45490404309;Nicht Signifikant;False
885;010633;2002;11;7;27234.0;27234.0;3574.0;23660.0;2;0;0;0;0;0;0;0;4.949628046035187;7;0;7;0;0;1;1015.3660819193578;01;6;1;Depot;E67C;56;Moderat (0° bis 19,99° C);Tag;Klar;Virginia;Herbst;Entgleisung;Wheels;Mechanical and Electrical Failures;EinzelneWagen, Güterzug;27198.641765704582;Nicht Signifikant;False
886;010692;1992;1;14;9001.0;9001.0;0.0;9001.0;4;0;0;0;0;0;0;0;2.958916643910756;3;0;27;0;0;0;1185.0;04;7;1;Depot;H702;10;Kalt (-30° - 0,01° C);Tag;Wolkig;Minnesota;Winter;Kollision;Switches, Use of;Human Factors;Depot/Rangieren, Depot/Rangieren;7635.083552464161;Nicht Signifikant;False
887;010692101;1992;6;13;28100.0;28100.0;1500.0;26600.0;4;1;0;0;0;0;0;0;7.5;85;3;27;0;0;2;9067.0;04;7;X;Depot;H401;58;Moderat (0° bis 19,99° C);Abend;Klar;Kansas;Frühling;Kollision;Main Track Authority;Human Factors;Depot/Rangieren, Güterzug;23835.7791161252;Nicht Signifikant;False
888;0106KC014;2006;1;27;12843.0;12843.0;1200.0;11643.0;2;0;0;0;0;0;0;0;3.9542723449729715;21;2;75;0;0;3;5007.0;01;7;1;Depot;T220;55;Moderat (0° bis 19,99° C);Tag;Klar;Kansas;Winter;Entgleisung;Rail, Joint Bar and Rail Anchoring;Track, Roadbed and Structures;Depot/Rangieren, EinzelneWagen;10551.265198816956;Nicht Signifikant;False
889;0106KC017;2006;1;31;36829.0;36829.0;1500.0;35329.0;4;0;0;0;0;0;0;0;4.949628046035187;59;0;112;0;0;4;13127.0;04;7;1;Depot;H306;47;Moderat (0° bis 19,99° C);Abend;Klar;Kansas;Winter;Kollision;General Switching Rules;Human Factors;Depot/Rangieren, Depot/Rangieren;30391.978874401717;Nicht Signifikant;False
890;0106PD001;2006;1;1;52605.0;52605.0;9080.0;43525.0;2;0;0;0;0;0;0;0;5.944983747097401;53;0;67;0;0;8;1524.0;01;7;1;Depot;T311;45;Moderat (0° bis 19,99° C);Abend;Wolkig;Oregon;Winter;Entgleisung;Frogs, Switches and Track Appliances;Track, Roadbed and Structures;Depot/Rangieren, EinzelneWagen;44518.88628734238;Nicht Signifikant;False
891;0106PR025;2006;1;27;52537.0;52537.0;22185.0;30352.0;2;0;0;0;0;0;0;0;6.940339448159618;104;4;8;0;0;1;4596.0;01;7;1;Depot;T314;40;Moderat (0° bis 19,99° C);Tag;Klar;Illinois;Winter;Entgleisung;Frogs, Switches and Track Appliances;Track, Roadbed and Structures;Depot/Rangieren, EinzelneWagen;43162.175484719024;Nicht Signifikant;False
892;0106RS021;2006;1;15;21815.0;21815.0;0.0;21815.0;5;0;0;0;0;0;0;0;14.0;15;0;62;0;0;0;5086.0;03;4;3;Hauptstrecke;H605;42;Moderat (0° bis 19,99° C);Tag;Klar;Kalifornien;Winter;Kollision;Speed;Human Factors;Arbeitszug, Güterzug;18047.320960758898;Nicht Signifikant;False
893;0106SA004;2006;1;6;14692.0;14692.0;9435.0;5257.0;3;0;0;0;0;0;0;0;4.949628046035187;26;5;0;0;0;0;3382.0;01;7;1;Depot;H505;78;Warm (20° bis 31,99° C);Tag;Klar;Texas;Winter;Entgleisung;Train Handling/Train Makeup;Human Factors;Depot/Rangieren, EinzelneWagen;12149.177209956173;Nicht Signifikant;False
894;0106TS010;2006;1;11;10100.0;10100.0;0.0;10100.0;2;0;0;0;0;0;0;0;28.838164871528356;70;0;6;0;0;0;4433.336383802324;05;1;3;Nebenstrecke;H402;62;Moderat (0° bis 19,99° C);Tag;Klar;Arizona;Winter;Kollision;Main Track Authority;Human Factors;Güterzug, Wartungszug;8355.393778954334;Nicht Signifikant;False
895;0106TS013;2006;1;15;49017.0;49017.0;40000.0;9017.0;2;0;0;0;0;0;0;0;6.940339448159618;0;0;24;0;0;6;702.8164184217309;01;7;1;Depot;H703;75;Warm (20° bis 31,99° C);Tag;Wolkig;Arizona;Winter;Entgleisung;Switches, Use of;Human Factors;Depot/Rangieren, EinzelneWagen;40551.25058599674;Nicht Signifikant;False
896;010790A;1990;1;7;73783.0;73783.0;0.0;73783.0;2;0;0;0;0;0;0;0;4.949628046035187;0;0;0;25;0;0;551.5656321958827;04;7;1;Depot;H306;20;Kalt (-30° - 0,01° C);Abend;Klar;Massachusetts;Winter;Kollision;General Switching Rules;Human Factors;Depot/Rangieren, Personenzug;62586.30927135465;Nicht Signifikant;False
897;010791;2002;11;19;26400.0;26400.0;400.0;26000.0;3;1;0;0;0;0;0;0;8.0;9;0;44;0;0;0;2433.2388172294877;01;7;1;Depot;H605;39;Moderat (0° bis 19,99° C);Abend;Klar;Pennsylvania;Herbst;Entgleisung;Speed;Human Factors;Depot/Rangieren, Lokomotive;26074.074074074077;Nicht Signifikant;False
898;010793101;1993;7;6;16400.0;16400.0;2500.0;13900.0;6;0;0;0;0;0;0;0;5.0;78;0;35;0;0;5;6616.0;04;7;1;Depot;T110;89;Warm (20° bis 31,99° C);Tag;Klar;Illinois;Sommer;Kollision;Track Geometry;Track, Roadbed and Structures;Depot/Rangieren, Güterzug;13911.273220799048;Nicht Signifikant;False
899;0107LA012;2007;1;10;20098.0;20098.0;0.0;20098.0;7;0;0;0;0;0;0;0;9.926406551346263;39;0;38;0;0;4;7177.0;04;7;1;Depot;H307;55;Moderat (0° bis 19,99° C);Tag;Klar;Kalifornien;Winter;Kollision;General Switching Rules;Human Factors;Depot/Rangieren, Depot/Rangieren;15474.283954419465;Nicht Signifikant;False
900;0107NP025;2007;1;27;9181.0;9181.0;0.0;9181.0;4;0;0;0;0;0;0;0;9.5;34;2;23;0;0;0;4683.647398120594;04;7;2;Depot;M407;10;Kalt (-30° - 0,01° C);Tag;Klar;Nebraska;Winter;Kollision;Unusual Operational Situations;Miscellaneous Causes;Depot/Rangieren, Depot/Rangieren;7112.827002040131;Nicht Signifikant;False
901;0108;2010;3;16;204687.0;204687.0;25000.0;179687.0;7;1;1;0;0;0;0;0;6.5;90;2;41;0;0;0;12039.0;04;1;2;Hauptstrecke;H221;45;Moderat (0° bis 19,99° C);Abend;Klar;Pennsylvania;Winter;Kollision;Flagging, Fixed, Hand and Radio Signals;Human Factors;Güterzug, Güterzug;149156.16118924433;Schwer;False
902;010893;1993;8;3;26171.0;26171.0;2700.0;23471.0;2;0;0;0;0;0;0;0;3.5;21;1;37;0;0;3;3725.6058008391465;04;7;1;Depot;H018;75;Warm (20° bis 31,99° C);Tag;Klar;Illinois;Sommer;Kollision;Brakes, Use of;Human Factors;Depot/Rangieren, EinzelneWagen;22199.508015947067;Nicht Signifikant;False
903;0108CB021;2008;1;29;124497.0;124497.0;1020.0;123477.0;5;1;0;0;0;0;0;0;6.5;50;0;17;0;0;0;4891.0;04;7;1;Depot;H211;2;Kalt (-30° - 0,01° C);Tag;Schnee;Iowa;Winter;Kollision;Flagging, Fixed, Hand and Radio Signals;Human Factors;Depot/Rangieren, Depot/Rangieren;84273.33649224936;Nicht Signifikant;False
904;0108LA001;2008;1;2;309721.0;309721.0;154077.0;155644.0;8;0;0;0;0;0;0;0;9.926406551346263;92;5;29;0;0;8;12292.0;01;1;2;Hauptstrecke;M405;45;Moderat (0° bis 19,99° C);Abend;Klar;Kalifornien;Winter;Entgleisung;Unusual Operational Situations;Miscellaneous Causes;Güterzug, Güterzug;210866.6938997821;Signifikant;False
905;010979;2002;12;7;100400.0;100400.0;51800.0;48600.0;2;0;0;0;0;0;0;0;30.828876273652785;92;8;13;0;0;0;13059.569523331578;01;6;4;Hauptstrecke;E53C;26;Kalt (-30° - 0,01° C);Abend;Klar;Georgia;Herbst;Entgleisung;Axles and Journal Bearings;Mechanical and Electrical Failures;EinzelneWagen, Güterzug;100049.82561036372;Nicht Signifikant;False
906;010986;2002;12;8;14600.0;14600.0;0.0;14600.0;2;0;0;0;0;0;0;0;4.949628046035187;5;0;6;0;0;0;821.245531094894;05;7;2;Depot;H605;20;Kalt (-30° - 0,01° C);Abend;Klar;Alabama;Herbst;Kollision;Speed;Human Factors;Depot/Rangieren, EinzelneWagen;14507.154213036567;Nicht Signifikant;False
907;0109FW007;2009;1;13;33970.0;33970.0;0.0;33970.0;6;0;0;0;0;0;0;0;3.0;6;0;13;0;0;0;2394.8899735913355;04;7;1;Depot;H306;34;Moderat (0° bis 19,99° C);Abend;Klar;Texas;Winter;Kollision;General Switching Rules;Human Factors;Depot/Rangieren, Lokomotive;25614.537777107525;Nicht Signifikant;False
908;0109KC006;2009;1;20;36529.0;36529.0;250.0;36279.0;4;2;0;0;0;0;0;0;5.944983747097401;3;0;33;0;0;0;1284.8899735913355;04;7;1;Depot;H306;25;Kalt (-30° - 0,01° C);Abend;Wolkig;Kansas;Winter;Kollision;General Switching Rules;Human Factors;Depot/Rangieren, Lokomotive;28251.353441608662;Nicht Signifikant;False
909;0109NP022;2009;1;22;88186.0;88186.0;56143.0;32043.0;3;0;0;0;0;0;0;0;9.0;0;0;2;0;0;2;94.88997359133555;04;7;1;Depot;H702;66;Moderat (0° bis 19,99° C);Tag;Klar;Nebraska;Winter;Kollision;Switches, Use of;Human Factors;Depot/Rangieren, Lokomotive;67918.97720271103;Nicht Signifikant;False
910;0109PD019;2009;1;25;39552.0;39552.0;9982.0;29570.0;2;0;0;0;0;0;0;0;4.949628046035187;1;0;19;0;0;3;776.0;01;7;2;Depot;T317;24;Kalt (-30° - 0,01° C);Abend;Wolkig;Oregon;Winter;Entgleisung;Frogs, Switches and Track Appliances;Track, Roadbed and Structures;Depot/Rangieren, EinzelneWagen;30601.160541586072;Nicht Signifikant;False
911;0109PR019;2009;1;18;21637.0;21637.0;2780.0;18857.0;1;0;0;0;0;0;0;0;3.5;32;0;20;0;0;5;3685.0;01;7;1;Depot;H313;-10;Kalt (-30° - 0,01° C);Abend;Klar;Illinois;Winter;Entgleisung;General Switching Rules;Human Factors;Depot/Rangieren, EinzelneWagen;16377.605086541858;Nicht Signifikant;False
912;011002001;2001;10;2;13050.0;13050.0;250.0;12800.0;5;0;0;0;0;0;0;0;2.5;25;1;39;0;0;0;4554.0;03;7;1;Depot;H702;50;Moderat (0° bis 19,99° C);Abend;Klar;Mississippi;Herbst;Kollision;Switches, Use of;Human Factors;Depot/Rangieren, Güterzug;14201.762977473065;Nicht Signifikant;False
913;0110EP004;2010;1;17;131002.0;131002.0;1790.0;129212.0;2;0;0;0;0;0;0;0;2.958916643910756;11;2;1;0;0;0;1458.0;01;7;1;Depot;M599;32;Moderat (0° bis 19,99° C);Abend;Klar;Texas;Winter;Entgleisung;Other Miscellaneous;Miscellaneous Causes;Depot/Rangieren, EinzelneWagen;91159.30599369085;Nicht Signifikant;False
914;0110NP033;2010;1;30;55252.0;55252.0;31121.0;24131.0;2;0;0;0;0;0;0;0;14.870913408876453;4;2;0;0;0;0;350.0;01;7;2;Depot;M405;32;Moderat (0° bis 19,99° C);Abend;Klar;Nebraska;Winter;Entgleisung;Unusual Operational Situations;Miscellaneous Causes;Depot/Rangieren, EinzelneWagen, EinzelneWagen;39611.90106344844;Nicht Signifikant;False
915;0110SA002;2010;1;5;38207.0;38207.0;1000.0;37207.0;4;0;0;0;0;0;0;0;4.949628046035187;0;0;100;0;0;5;5930.0;01;7;1;Industriestrecke;M101;26;Kalt (-30° - 0,01° C);Abend;Wolkig;Texas;Winter;Entgleisung;Environmental Conditions;Environmental Conditions;Depot/Rangieren, EinzelneWagen;26455.477080736742;Nicht Signifikant;False
916;0111CB014;2011;1;28;144079.0;144079.0;7976.0;136103.0;2;0;0;0;0;0;0;0;8.931050850284048;32;0;112;0;0;8;7785.0;01;7;1;Depot;H307;25;Kalt (-30° - 0,01° C);Abend;Klar;Iowa;Winter;Entgleisung;General Switching Rules;Human Factors;Depot/Rangieren, EinzelneWagen;105090.44493070751;Nicht Signifikant;False
917;0111LK006;2011;1;8;12518.0;12518.0;19.0;12499.0;2;0;0;0;0;0;0;0;3.0;39;0;21;0;0;0;5526.0;05;7;1;Depot;H602;48;Moderat (0° bis 19,99° C);Tag;Klar;Arkansas;Winter;Kollision;Speed;Human Factors;Depot/Rangieren, Depot/Rangieren;9672.633612363168;Nicht Signifikant;False
918;0111RS003;2011;1;3;49991.0;49991.0;1197.0;48794.0;2;0;0;0;0;0;0;0;3.9542723449729715;17;0;28;0;0;8;3167.0;01;7;1;Depot;T221;15;Kalt (-30° - 0,01° C);Tag;Wolkig;Nevada;Winter;Entgleisung;Rail, Joint Bar and Rail Anchoring;Track, Roadbed and Structures;Depot/Rangieren, EinzelneWagen;37452.05274198382;Nicht Signifikant;False
919;011266;2003;1;5;732557.0;732557.0;104022.0;628535.0;8;0;0;0;0;0;0;0;27.5;122;25;33;0;0;7;16142.0;01;1;3;Hauptstrecke;E21C;32;Moderat (0° bis 19,99° C);Tag;Wolkig;Pennsylvania;Winter;Entgleisung;Body;Mechanical and Electrical Failures;Güterzug, Güterzug;700609.21958684;Signifikant;False
920;011290104;1990;12;24;20960.0;20960.0;12000.0;8960.0;0;0;0;0;0;0;0;0;3.9542723449729715;2;1;0;0;0;0;316.90383723900163;04;5;1;Depot;H999;5;Kalt (-30° - 0,01° C);Abend;Klar;Kansas;Winter;Kollision;Miscellaneous;Human Factors;EinzelneWagen, EinzelneWagen;17779.285774874883;Nicht Signifikant;False
921;0112CB005;2012;1;25;36345.0;36345.0;1510.0;34835.0;5;0;0;0;0;0;0;0;6.940339448159618;15;0;16;0;0;0;2390.8899735913355;04;7;1;Depot;H307;32;Moderat (0° bis 19,99° C);Abend;Klar;Iowa;Winter;Kollision;General Switching Rules;Human Factors;Depot/Rangieren, Lokomotive;28082.985628187296;Nicht Signifikant;False
922;0112LA007;2012;1;12;107886.0;107886.0;228.0;107658.0;3;0;0;0;0;0;0;0;3.9542723449729715;37;1;58;0;0;1;5854.0;01;7;1;Depot;M411;70;Warm (20° bis 31,99° C);Tag;Klar;Kalifornien;Winter;Entgleisung;Unusual Operational Situations;Miscellaneous Causes;Depot/Rangieren, EinzelneWagen;84709.48492462312;Nicht Signifikant;False
923;0112RS001;2012;1;4;23512.0;23512.0;5483.0;18029.0;4;0;0;0;0;0;0;0;3.0;26;2;23;0;0;0;14235.0;01;7;1;Depot;H306;37;Moderat (0° bis 19,99° C);Abend;Klar;Kalifornien;Winter;Entgleisung;General Switching Rules;Human Factors;Depot/Rangieren, Depot/Rangieren;18158.789002162495;Nicht Signifikant;False
924;0112SA009;2012;1;19;12968.0;12968.0;99.0;12869.0;4;0;0;0;0;0;0;0;4.949628046035187;36;0;47;0;0;1;5989.0;05;7;1;Depot;H306;60;Moderat (0° bis 19,99° C);Tag;Wolkig;Texas;Winter;Kollision;General Switching Rules;Human Factors;Depot/Rangieren, Depot/Rangieren;10044.148400588647;Nicht Signifikant;False
925;0112UT003;2012;1;7;136155.0;136155.0;82446.0;53709.0;3;0;0;0;0;0;0;0;3.9542723449729715;15;0;38;0;0;9;3146.647398120594;01;7;1;Depot;H503;52;Moderat (0° bis 19,99° C);Tag;Klar;Nevada;Winter;Entgleisung;Train Handling/Train Makeup;Human Factors;Depot/Rangieren, EinzelneWagen;106704.54545454546;Nicht Signifikant;False
926;0113HO025;2013;1;16;19712.0;19712.0;2799.0;16913.0;6;0;0;0;0;0;0;0;5.957130099481222;27;1;2;0;0;0;2411.0;05;7;1;Depot;S007;44;Moderat (0° bis 19,99° C);Tag;Klar;Texas;Winter;Kollision;SIGNAL AND COMMUNICATION;Signal and Communication;Depot/Rangieren, Depot/Rangieren, EinzelneWagen;14846.72742336371;Nicht Signifikant;False
927;0113LV017;2013;1;20;11662.0;11662.0;1882.0;9780.0;3;0;0;0;0;0;0;0;9.926406551346263;34;0;26;0;0;1;5116.0;01;7;1;Depot;H307;50;Moderat (0° bis 19,99° C);Abend;Klar;Louisiana;Winter;Entgleisung;General Switching Rules;Human Factors;Depot/Rangieren, EinzelneWagen;8753.064798598949;Nicht Signifikant;False
928;0113LV023;2013;1;30;54874.0;54874.0;396.0;54478.0;6;0;0;0;0;0;0;0;6.940339448159618;1;0;1;0;0;0;217.88997359133555;04;7;1;Depot;H702;56;Moderat (0° bis 19,99° C);Abend;Regen;Louisiana;Winter;Kollision;Switches, Use of;Human Factors;Depot/Rangieren, Lokomotive;40524.333505649505;Nicht Signifikant;False
929;0113NP003;2013;1;3;292842.0;292842.0;175960.0;116882.0;4;0;0;0;0;0;0;0;10.0;74;6;42;0;0;0;10606.889973591336;05;7;1;Depot;H306;28;Kalt (-30° - 0,01° C);Tag;Klar;Nebraska;Winter;Kollision;General Switching Rules;Human Factors;Depot/Rangieren, Lokomotive;223509.387879713;Signifikant;False
930;011418;2003;1;16;15100.0;15100.0;0.0;15100.0;1;0;0;0;0;0;0;0;7.914260198962443;1;0;30;0;0;1;1133.2996862523246;01;7;1;Depot;H306;11;Kalt (-30° - 0,01° C);Abend;Klar;Ohio;Winter;Entgleisung;General Switching Rules;Human Factors;Depot/Rangieren, EinzelneWagen, EinzelneWagen;14293.828095418403;Nicht Signifikant;False
931;011432;2003;1;16;271823.0;271823.0;0.0;271823.0;5;1;0;0;0;0;0;0;3.9542723449729715;18;0;105;0;0;0;5232.523615117988;04;7;1;Depot;H305;23;Kalt (-30° - 0,01° C);Tag;Klar;Pennsylvania;Winter;Kollision;General Switching Rules;Human Factors;Depot/Rangieren, Güterzug;257310.6777735706;Signifikant;False
932;011437;2003;1;16;42295.0;42295.0;0.0;42295.0;2;0;0;0;0;0;0;0;6.0;23;1;0;0;0;0;3662.073259881734;04;7;1;Hauptstrecke;H702;20;Kalt (-30° - 0,01° C);Tag;Klar;Illinois;Winter;Kollision;Switches, Use of;Human Factors;Depot/Rangieren, Güterzug;40036.917834153726;Nicht Signifikant;False
933;0114FW015;2014;1;21;16033.0;16033.0;33.0;16000.0;0;0;0;0;0;0;0;0;7.935695149221832;0;0;2;0;0;0;130.67276760464793;03;A;2;Hauptstrecke;H997;55;Moderat (0° bis 19,99° C);Tag;Klar;Texas;Winter;Kollision;Miscellaneous;Human Factors;Wartungszug, Wartungszug;11853.46739612598;Nicht Signifikant;False
934;0114KC012;2014;1;13;24361.0;24361.0;0.0;24361.0;2;0;0;1;0;0;0;0;21.870674964092846;10;0;123;0;0;1;5308.816418421731;03;1;4;Hauptstrecke;H402;45;Moderat (0° bis 19,99° C);Tag;Klar;Kansas;Winter;Kollision;Main Track Authority;Human Factors;Güterzug, Wartungszug;17841.658122162004;Signifikant;False
935;0114LV015;2014;1;21;11857.0;11857.0;7488.0;4369.0;3;0;0;0;0;0;0;0;1.0;17;0;46;0;0;2;3801.8164184217308;01;7;1;Depot;S007;55;Moderat (0° bis 19,99° C);Morgendämmerung;Klar;Texas;Winter;Entgleisung;SIGNAL AND COMMUNICATION;Signal and Communication;Depot/Rangieren, EinzelneWagen;8766.08014194884;Nicht Signifikant;False
936;0114PR023;2014;1;17;120171.0;120171.0;25304.0;94867.0;2;0;0;0;0;0;0;0;9.926406551346263;6;6;1;0;0;1;2202.8899735913355;01;7;2;Depot;T101;10;Kalt (-30° - 0,01° C);Abend;Schnee;Illinois;Winter;Entgleisung;Track Geometry;Track, Roadbed and Structures;Depot/Rangieren, Lokomotive;88465.10600706714;Nicht Signifikant;False
937;0114SA006;2014;1;11;63836.0;63836.0;52587.0;11249.0;4;0;0;0;0;0;0;0;2.6392777626071706;5;3;9;0;0;4;1905.2564391184076;01;7;1;Depot;H312;63;Moderat (0° bis 19,99° C);Tag;Klar;Texas;Winter;Entgleisung;General Switching Rules;Human Factors;Depot/Rangieren, Depot/Rangieren, EinzelneWagen;46906.04487116684;Nicht Signifikant;False
938;0114UT001;2014;1;8;1482334.0;1482334.0;167163.0;1315171.0;6;2;0;2;0;0;0;0;16.89389645878177;200;6;0;0;0;0;28357.0;03;1;3;Hauptstrecke;H605;25;Kalt (-30° - 0,01° C);Tag;Wolkig;Utah;Winter;Kollision;Speed;Human Factors;Güterzug, Güterzug;1090432.54376931;Signifikant;False
939;011514;2003;1;22;7000.0;7000.0;500.0;6500.0;6;0;0;0;0;0;0;0;3.9542723449729715;200;0;69;0;0;2;27101.0;01;1;1;Depot;H524;4;Kalt (-30° - 0,01° C);Abend;Klar;Pennsylvania;Winter;Entgleisung;Train Handling/Train Makeup;Human Factors;Güterzug, Güterzug;6531.069229333831;Nicht Signifikant;False
940;0115ES003;2015;1;16;86000.0;86000.0;0.0;86000.0;2;0;0;1;0;0;0;0;11.889490604627591;40;0;6;0;0;1;5155.152802224055;09;4;4;Hauptstrecke;H307;50;Moderat (0° bis 19,99° C);Tag;Klar;Arkansas;Winter;Kollision;General Switching Rules;Human Factors;Arbeitszug, Wartungszug, Wartungszug;74214.7048671039;Signifikant;False