index;INCDTNO;YEAR4;MONTH;DAY;ACCDMG;INFRASTRUCTURE_DMG;TRKDMG;EQPDMG;LOCOMOTIVES1;LOCOMOTIVES2;RREMPKLD;RREMPINJ;PASSKLD;PASSINJ;OTHERKLD;OTHERINJ;SPEED;LOADF1;LOADF2;EMPTYF1;EMPTYP1;LOADP1;EMPTYF2;TONS;TYPE;TYPEQ;TRKCLAS;TYPTRK;ACCAUSE;TEMP;TEMP_CLUSTER;VISIBLTY;WEATHER;STATE;Jahreszeit;ACCIDENT_TYPE;ACCCAUSE_LVL1;ACCCAUSE_LVL2;EQUIPMENT_TYPE;ACCDMG_EUR;ACCTYPE;SPD_TOO_HIGH
941;0115HO032;2015;1;25;79354.0;79354.0;1412.0;77942.0;4;0;0;0;0;0;0;0;4.0;3;2;4;0;0;2;554.0;05;7;1;Depot;M404;60;Moderat (0° bis 19,99° C);Tag;Wolkig;Texas;Winter;Kollision;Unusual Operational Situations;Miscellaneous Causes;Depot/Rangieren, Depot/Rangieren;70670.90185833878;Nicht Signifikant;False
942;0115LK001;2015;1;5;15304.0;15304.0;528.0;14776.0;4;1;0;0;0;0;0;0;3.9542723449729715;13;0;2;0;0;0;1806.8899735913355;04;7;1;Depot;H607;30;Kalt (-30° - 0,01° C);Tag;Wolkig;Arkansas;Winter;Kollision;Speed;Human Factors;Depot/Rangieren, Lokomotive;12844.313890054553;Nicht Signifikant;False
943;0115UT005;2015;1;9;143310.0;143310.0;0.0;143310.0;5;2;0;0;0;0;0;0;3.9542723449729715;48;2;12;0;0;0;6491.889973591336;04;7;1;Depot;H307;35;Moderat (0° bis 19,99° C);Abend;Wolkig;Utah;Winter;Kollision;General Switching Rules;Human Factors;Depot/Rangieren, Lokomotive;121315.49987302124;Nicht Signifikant;False
944;011605;2003;2;2;66340.0;66340.0;200.0;66140.0;2;0;0;0;0;0;0;0;5.944983747097401;0;0;24;0;0;4;806.4139307240207;01;7;1;Depot;H702;52;Moderat (0° bis 19,99° C);Abend;Klar;Indiana;Winter;Entgleisung;Switches, Use of;Human Factors;Depot/Rangieren, EinzelneWagen;61665.737125859836;Nicht Signifikant;False
945;011607;2003;2;2;42443.0;42443.0;0.0;42443.0;1;0;0;1;0;0;0;0;11.5;42;0;18;0;0;0;5395.627161209319;04;7;2;Depot;M407;58;Moderat (0° bis 19,99° C);Tag;Klar;North Carolina;Winter;Kollision;Unusual Operational Situations;Miscellaneous Causes;Depot/Rangieren, EinzelneWagen;39452.50046477041;Signifikant;False
946;0116NP010;2016;1;26;224922.0;224922.0;204417.0;20505.0;2;0;0;0;0;0;0;0;2.958916643910756;1;0;1;0;0;1;160.0;01;7;1;Depot;S016;25;Kalt (-30° - 0,01° C);Tag;Klar;Nebraska;Winter;Entgleisung;SIGNAL AND COMMUNICATION;Signal and Communication;Depot/Rangieren, EinzelneWagen;207550.05997969914;Signifikant;False
947;0117ES003;2017;1;2;14814.0;14814.0;5000.0;9814.0;3;0;0;2;0;0;0;0;9.926406551346263;14;2;33;0;0;5;1667.7119989965813;09;4;5;Hauptstrecke;H993;50;Moderat (0° bis 19,99° C);Abend;Klar;Texas;Winter;Kollision;Miscellaneous;Human Factors;Arbeitszug, Wartungszug;14155.757286192069;Signifikant;False
948;0117SL019;2017;1;26;101562.0;101562.0;76817.0;24745.0;1;0;0;0;0;0;0;0;8.931050850284048;20;3;4;0;0;0;2624.0;01;7;1;Depot;T211;30;Kalt (-30° - 0,01° C);Abend;Wolkig;Missouri;Winter;Entgleisung;Rail, Joint Bar and Rail Anchoring;Track, Roadbed and Structures;Depot/Rangieren, EinzelneWagen;94917.75700934579;Nicht Signifikant;False
949;011843;2003;2;18;26716.0;26716.0;1810.0;24906.0;4;0;0;0;0;0;0;0;5.5;29;2;20;0;0;0;4016.8915447465624;04;7;2;Depot;S007;34;Moderat (0° bis 19,99° C);Abend;Klar;Alabama;Winter;Kollision;SIGNAL AND COMMUNICATION;Signal and Communication;Depot/Rangieren, Depot/Rangieren;24935.59828262087;Nicht Signifikant;False
950;0118KC038;2018;1;29;14210.0;14210.0;14010.0;200.0;1;0;0;0;0;0;0;0;7.0;4;2;0;0;0;0;283.0;01;7;1;Depot;S016;28;Kalt (-30° - 0,01° C);Tag;Klar;Missouri;Winter;Entgleisung;SIGNAL AND COMMUNICATION;Signal and Communication;Depot/Rangieren, EinzelneWagen;11479.117860893448;Nicht Signifikant;False
951;0118LA016;2018;1;14;62810.0;62810.0;3000.0;59810.0;7;0;0;0;0;0;0;0;7.935695149221832;18;0;79;0;0;5;4128.0;01;1;1;Depot;T303;81;Warm (20° bis 31,99° C);Tag;Klar;Kalifornien;Winter;Entgleisung;Frogs, Switches and Track Appliances;Track, Roadbed and Structures;Güterzug, Güterzug;51355.91834509825;Nicht Signifikant;False
952;0119091;2009;1;19;12500.0;12500.0;0.0;12500.0;1;0;0;0;0;0;0;0;4.949628046035187;10;0;0;0;0;0;1207.3541924752558;04;5;1;Industriestrecke;H302;58;Moderat (0° bis 19,99° C);Abend;Klar;Kalifornien;Winter;Kollision;General Switching Rules;Human Factors;EinzelneWagen, Güterzug;9482.627825823092;Nicht Signifikant;False
953;0119RM042;2019;1;15;14600.0;14600.0;250.0;14350.0;4;0;0;0;0;0;0;0;6.940339448159618;42;0;79;0;0;1;8459.0;04;7;1;Depot;H020;28;Kalt (-30° - 0,01° C);Abend;Schnee;Utah;Winter;Kollision;Brakes, Use of;Human Factors;Depot/Rangieren, Güterzug;12780.112044817926;Nicht Signifikant;False
954;0119ST061;2019;1;27;164910.0;164910.0;66760.0;98150.0;3;0;0;0;0;0;0;0;6.940339448159618;56;2;41;0;0;2;6660.0;01;7;1;Depot;H305;58;Moderat (0° bis 19,99° C);Tag;Klar;Texas;Winter;Entgleisung;General Switching Rules;Human Factors;Depot/Rangieren, EinzelneWagen;144734.07056345444;Nicht Signifikant;False
955;0119TO037;2019;1;27;42177.0;42177.0;23027.0;19150.0;2;0;0;0;0;0;0;0;3.9542723449729715;2;1;0;0;0;0;369.0;01;7;1;Depot;H993;58;Moderat (0° bis 19,99° C);Abenddämmerung;Klar;Texas;Winter;Entgleisung;Miscellaneous;Human Factors;Depot/Rangieren, EinzelneWagen;37016.85097419695;Nicht Signifikant;False
956;0120HL030;2020;1;21;218175.0;218175.0;66106.0;152069.0;3;0;0;0;0;0;0;0;1.9635609428485408;77;7;33;0;0;4;10517.0;01;6;1;Depot;H503;20;Kalt (-30° - 0,01° C);Tag;Wolkig;Oklahoma;Winter;Entgleisung;Train Handling/Train Makeup;Human Factors;EinzelneWagen, Güterzug;196288.79892037789;Signifikant;False
957;01212MBT02;1990;12;12;12435000.0;12435000.0;3200000.0;9235000.0;3;3;0;11;0;151;0;4;43.5;0;0;0;0;17;0;857.6372474677466;01;2;2;Hauptstrecke;M599;38;Moderat (0° bis 19,99° C);Tag;Klar;Massachusetts;Herbst;Entgleisung;Other Miscellaneous;Miscellaneous Causes;Personenzug, Personenzug;10547968.445160743;Schwer;True
958;012150;2003;3;15;8767.0;8767.0;150.0;8617.0;1;0;0;0;0;0;0;0;5.944983747097401;27;1;0;0;0;0;3160.8394504704634;01;7;1;Depot;T220;48;Moderat (0° bis 19,99° C);Morgendämmerung;Regen;Georgia;Winter;Entgleisung;Rail, Joint Bar and Rail Anchoring;Track, Roadbed and Structures;Depot/Rangieren, EinzelneWagen;8129.887793267596;Nicht Signifikant;False
959;012174;2003;3;14;59100.0;59100.0;900.0;58200.0;3;0;0;0;0;0;0;0;10.0;105;6;0;0;0;0;14500.889973591336;01;1;X;Nebenstrecke;T220;22;Kalt (-30° - 0,01° C);Morgendämmerung;Klar;Pennsylvania;Winter;Entgleisung;Rail, Joint Bar and Rail Anchoring;Track, Roadbed and Structures;Güterzug, Lokomotive;54849.18793503481;Nicht Signifikant;True
960;012272;2003;3;26;7296.0;7296.0;1118.0;6178.0;6;0;0;0;0;0;0;0;3.9542723449729715;46;0;35;0;0;2;6155.0;05;1;1;Depot;H211;55;Moderat (0° bis 19,99° C);Abend;Klar;Georgia;Frühling;Kollision;Flagging, Fixed, Hand and Radio Signals;Human Factors;Güterzug, Güterzug;6839.786256679479;Nicht Signifikant;False
961;012338;2003;3;26;14400.0;14400.0;2200.0;12200.0;1;0;0;0;0;0;0;0;2.958916643910756;44;1;33;0;0;0;5761.206280262338;01;6;1;Depot;H702;45;Moderat (0° bis 19,99° C);Abend;Klar;Ohio;Frühling;Entgleisung;Switches, Use of;Human Factors;EinzelneWagen, Güterzug;13499.578138183182;Nicht Signifikant;False
962;012345;2003;4;2;42700.0;42700.0;500.0;42200.0;3;0;0;0;0;0;0;0;6.0;12;2;51;0;0;3;3031.2941481480298;04;7;1;Depot;H702;73;Warm (20° bis 31,99° C);Tag;Klar;Georgia;Frühling;Kollision;Switches, Use of;Human Factors;Depot/Rangieren, Depot/Rangieren;39427.5161588181;Nicht Signifikant;False
963;012438;2003;4;11;45704.0;45704.0;0.0;45704.0;2;0;0;0;0;0;0;0;6.0;25;0;12;0;0;0;3412.57856594504;04;7;1;Depot;H401;51;Moderat (0° bis 19,99° C);Tag;Klar;Michigan;Frühling;Kollision;Main Track Authority;Human Factors;Depot/Rangieren, Güterzug;42574.75547275268;Nicht Signifikant;False
964;012452;2003;4;12;76800.0;76800.0;30900.0;45900.0;3;0;0;0;0;0;0;0;5.0;39;0;50;0;0;5;6036.0401874702075;04;7;1;Depot;H702;75;Warm (20° bis 31,99° C);Tag;Klar;Tennessee;Frühling;Kollision;Switches, Use of;Human Factors;Depot/Rangieren, Depot/Rangieren;71537.24345639147;Nicht Signifikant;False
965;012536;2003;4;18;14123.0;14123.0;1506.0;12617.0;2;0;0;0;0;0;0;0;3.0;72;4;26;0;0;1;9131.83737738564;04;7;1;Depot;H306;40;Moderat (0° bis 19,99° C);Abend;Klar;Illinois;Frühling;Kollision;General Switching Rules;Human Factors;Depot/Rangieren, Depot/Rangieren;12921.081041517995;Nicht Signifikant;False
966;012545;2003;4;22;12800.0;12800.0;0.0;12800.0;2;0;0;0;0;0;0;0;4.949628046035187;3;0;0;0;0;0;348.647398120594;04;5;1;Industriestrecke;H307;58;Moderat (0° bis 19,99° C);Abend;Klar;North Carolina;Frühling;Kollision;General Switching Rules;Human Factors;EinzelneWagen, Güterzug;11667.12241363595;Nicht Signifikant;False
967;012605;2005;1;26;13020300.0;13020300.0;301105.0;12365000.0;2;1;1;2;10;68;0;0;59.5;0;0;0;0;6;0;384.63069967157867;09;3;4;Hauptstrecke;M402;60;Moderat (0° bis 19,99° C);Abend;Regen;Kalifornien;Winter;Kollision;Unusual Operational Situations;Miscellaneous Causes;Nahverkehrszug, Nahverkehrszug;10011764.705882354;Schwer;False
968;012613;2013;1;26;79918.0;79918.0;84540.0;65796.0;2;0;0;0;0;0;1;0;34.94962804603519;0;0;0;0;3;0;195.30129329442204;07;C;4;Hauptstrecke;M399;77;Warm (20° bis 31,99° C);Tag;Klar;Florida;Winter;Bahnübergang;Loading Procedures;Loading;Nahverkehrszug, NaN;59371.502154425245;Schwer;False
969;012641;2003;4;30;16700.0;16700.0;0.0;16700.0;2;0;0;0;0;0;0;0;4.949628046035187;1;0;50;0;0;0;4136.647398120594;04;5;1;Industriestrecke;H306;70;Warm (20° bis 31,99° C);Tag;Klar;Illinois;Frühling;Kollision;General Switching Rules;Human Factors;EinzelneWagen, Güterzug;15003.144371574881;Nicht Signifikant;False
970;012647;2003;5;1;11700.0;11700.0;600.0;11100.0;2;0;0;0;0;0;0;0;3.9542723449729715;0;0;53;0;0;2;1686.399757603871;01;7;1;Hauptstrecke;H702;70;Warm (20° bis 31,99° C);Tag;Klar;Michigan;Frühling;Entgleisung;Switches, Use of;Human Factors;Depot/Rangieren, Lokomotive;10460.43808672329;Nicht Signifikant;False
971;012671;2003;5;4;12361.0;12361.0;450.0;11911.0;3;0;0;0;0;0;0;0;4.0;47;0;11;0;0;1;5752.769446998099;01;7;1;Depot;E39C;74;Warm (20° bis 31,99° C);Tag;Wolkig;Tennessee;Frühling;Entgleisung;Coupler and Draft System;Mechanical and Electrical Failures;Depot/Rangieren, Depot/Rangieren;11012.026726057908;Nicht Signifikant;False
972;012694R008;1994;1;26;15075.0;15075.0;0.0;15075.0;4;0;0;2;0;0;0;0;14.903185056657339;0;0;0;0;4;0;237.14174199833903;03;2;2;Hauptstrecke;H605;24;Kalt (-30° - 0,01° C);Abend;NaN;Pennsylvania;Winter;Kollision;Speed;Human Factors;Personenzug, Personenzug;12787.34413436254;Signifikant;False
973;0129101;2010;1;29;35000.0;35000.0;0.0;35000.0;1;0;0;0;0;0;0;0;2.958916643910756;8;1;3;0;0;1;4527.709238843708;04;6;1;Depot;H306;61;Moderat (0° bis 19,99° C);Tag;Klar;Kalifornien;Winter;Kollision;General Switching Rules;Human Factors;EinzelneWagen, Güterzug;25060.862093656022;Nicht Signifikant;False
974;012933;2003;6;4;44800.0;44800.0;7500.0;37300.0;5;1;0;0;0;0;0;0;7.935695149221832;102;5;5;0;0;0;14273.151722763312;02;7;1;Depot;H306;55;Moderat (0° bis 19,99° C);Morgendämmerung;Wolkig;North Carolina;Frühling;Kollision;General Switching Rules;Human Factors;Depot/Rangieren, Güterzug;38320.075271576425;Nicht Signifikant;False
975;012947;2003;6;2;71168.0;71168.0;0.0;71168.0;2;0;0;0;0;0;0;0;3.0;26;2;62;0;0;0;4954.3685000203;04;7;1;Depot;M407;39;Moderat (0° bis 19,99° C);Abend;Klar;Indiana;Frühling;Kollision;Unusual Operational Situations;Miscellaneous Causes;Depot/Rangieren, Depot/Rangieren;60973.269362577106;Nicht Signifikant;False
976;013071;2003;6;16;36500.0;36500.0;1000.0;35500.0;5;0;0;0;0;0;0;0;6.5;107;3;15;0;0;1;12758.827682591003;04;7;1;Depot;H306;74;Warm (20° bis 31,99° C);Morgendämmerung;Wolkig;Georgia;Frühling;Kollision;General Switching Rules;Human Factors;Depot/Rangieren, Depot/Rangieren;30791.294077948372;Nicht Signifikant;False
977;013143;2003;6;20;23050.0;23050.0;500.0;22550.0;2;1;0;0;0;0;0;0;13.907829355595124;44;1;31;0;0;0;6038.554384008498;01;7;1;Depot;H607;80;Warm (20° bis 31,99° C);Tag;Klar;Indiana;Frühling;Entgleisung;Speed;Human Factors;Depot/Rangieren, Depot/Rangieren;19776.919776919778;Nicht Signifikant;True
978;013465;2003;7;23;19700.0;19700.0;0.0;19700.0;2;0;0;0;0;0;0;0;4.0;22;0;15;0;0;0;3029.1394399911837;05;7;1;Depot;H020;89;Warm (20° bis 31,99° C);Tag;Klar;Delaware;Sommer;Kollision;Brakes, Use of;Human Factors;Depot/Rangieren, EinzelneWagen;17279.186036312607;Nicht Signifikant;False
979;013571;2003;8;3;26514.0;26514.0;311.0;26203.0;3;0;0;0;0;0;0;0;4.5;54;1;202;0;0;3;12480.282840592401;05;7;1;Depot;H525;67;Moderat (0° bis 19,99° C);Abenddämmerung;Wolkig;Indiana;Sommer;Kollision;Train Handling/Train Makeup;Human Factors;Depot/Rangieren, Güterzug;23544.978243495247;Nicht Signifikant;False
980;013617;2003;8;7;107572.0;107572.0;9498.0;98074.0;4;0;0;0;0;0;0;0;2.958916643910756;169;11;0;0;0;0;20510.974077407966;01;6;1;Depot;T110;81;Warm (20° bis 31,99° C);Tag;Wolkig;Virginia;Sommer;Entgleisung;Track Geometry;Track, Roadbed and Structures;EinzelneWagen, Güterzug;94752.04791685018;Nicht Signifikant;False
981;013632;2003;8;9;19500.0;19500.0;1300.0;18200.0;6;0;0;0;0;0;0;0;2.0;74;0;107;0;0;2;11748.555324162373;04;7;1;Depot;M408;84;Warm (20° bis 31,99° C);Tag;Klar;Alabama;Sommer;Kollision;Unusual Operational Situations;Miscellaneous Causes;Depot/Rangieren, Depot/Rangieren;17232.745161575396;Nicht Signifikant;False
982;013669;2003;8;12;16265.0;16265.0;518.0;15747.0;2;0;0;0;0;0;0;0;4.949628046035187;46;0;34;0;0;2;6340.759491940981;05;7;1;Depot;H306;81;Warm (20° bis 31,99° C);Abenddämmerung;Wolkig;Illinois;Sommer;Kollision;General Switching Rules;Human Factors;Depot/Rangieren, Depot/Rangieren;14378.536067892504;Nicht Signifikant;False
983;013709;2003;8;18;12350.0;12350.0;0.0;12350.0;2;0;0;0;0;0;0;0;5.0;2;0;84;0;0;2;3762.4048226498526;01;6;1;Industriestrecke;T402;75;Warm (20° bis 31,99° C);Abend;Klar;Alabama;Sommer;Entgleisung;Other Way and Structure;Track, Roadbed and Structures;EinzelneWagen, Güterzug;11038.612799427958;Nicht Signifikant;False
984;0140001;1988;5;5;200000.0;200000.0;0.0;200000.0;2;0;0;6;0;22;0;0;14.903185056657339;0;0;0;3;3;0;253.11557549600744;03;8;3;Hauptstrecke;H215;60;Moderat (0° bis 19,99° C);Tag;Regen;New Jersey;Frühling;Kollision;Flagging, Fixed, Hand and Radio Signals;Human Factors;Lokomotive, Personenzug;169649.67342437865;Schwer;False
985;0140003;1985;2;8;11500.0;11500.0;0.0;11500.0;2;0;0;0;0;0;1;0;60.0;0;0;0;0;9;0;459.1055975710051;07;2;3;Hauptstrecke;M399;15;Kalt (-30° - 0,01° C);Abend;Schnee;New Jersey;Winter;Bahnübergang;Loading Procedures;Loading;Personenzug, Personenzug;9754.856221901773;Schwer;False
986;0140003;1986;5;8;12000.0;12000.0;0.0;12000.0;1;0;0;0;0;0;0;0;2.958916643910756;0;0;0;6;0;0;185.4085115858419;04;7;1;Depot;H302;69;Warm (20° bis 31,99° C);Tag;Klar;New Jersey;Frühling;Kollision;General Switching Rules;Human Factors;Depot/Rangieren, EinzelneWagen;10178.980405462718;Nicht Signifikant;False
987;0140004;1987;7;30;6000.0;6000.0;0.0;6000.0;2;0;0;0;0;0;0;0;2.0;0;0;0;1;0;0;89.05137458319956;04;7;1;Depot;M503;68;Warm (20° bis 31,99° C);Morgendämmerung;Klar;New Jersey;Sommer;Kollision;Other Miscellaneous;Miscellaneous Causes;Depot/Rangieren, Depot/Rangieren;5089.490202731359;Nicht Signifikant;False
988;014103;2003;9;24;15200.0;15200.0;0.0;15200.0;4;0;0;0;0;0;0;0;2.5;97;0;5;0;0;2;7976.0;05;1;2;Depot;H306;50;Moderat (0° bis 19,99° C);Abend;Wolkig;Indiana;Herbst;Kollision;General Switching Rules;Human Factors;Güterzug, Güterzug;13256.584685156113;Nicht Signifikant;False
989;014116;2003;9;25;18942.0;18942.0;50.0;18892.0;6;0;0;0;0;0;0;0;7.0;27;0;15;0;0;3;3602.366666495697;05;7;1;Depot;H702;75;Warm (20° bis 31,99° C);Abend;Klar;Alabama;Herbst;Kollision;Switches, Use of;Human Factors;Depot/Rangieren, Depot/Rangieren;16481.336465674758;Nicht Signifikant;False
990;014199;2003;10;3;9200.0;9200.0;0.0;9200.0;3;0;0;0;0;0;0;0;19.879963561968417;111;0;43;0;0;0;11629.0;05;1;3;Hauptstrecke;M201;59;Moderat (0° bis 19,99° C);Abend;Klar;Illinois;Herbst;Kollision;Loading Procedures;Loading;Güterzug, Güterzug;7872.668149922984;Nicht Signifikant;False
991;014237;1995;11;29;25267.0;25267.0;9200.0;16067.0;1;1;0;0;0;0;0;0;4.0;0;0;0;8;0;0;220.17422138888566;01;6;1;Depot;H210;22;Kalt (-30° - 0,01° C);Tag;Klar;Illinois;Herbst;Entgleisung;Flagging, Fixed, Hand and Radio Signals;Human Factors;EinzelneWagen, Lokomotive;21432.691492068876;Nicht Signifikant;False
992;014361;2003;10;20;53123.0;53123.0;6106.0;47017.0;2;0;0;0;0;0;0;0;6.920452597546157;34;1;8;0;0;3;5311.880427079901;01;6;1;Depot;H702;65;Moderat (0° bis 19,99° C);Abend;Klar;Virginia;Herbst;Entgleisung;Switches, Use of;Human Factors;EinzelneWagen, EinzelneWagen, Güterzug;45681.48594032161;Nicht Signifikant;False
993;014612;2003;11;12;364972.0;364972.0;20023.0;344949.0;1;0;0;0;0;0;0;0;0.9682052417863254;76;3;65;0;0;10;10767.988344308069;01;7;1;Depot;M405;48;Moderat (0° bis 19,99° C);Abend;Regen;Pennsylvania;Herbst;Entgleisung;Unusual Operational Situations;Miscellaneous Causes;Depot/Rangieren, EinzelneWagen;314631.03448275867;Signifikant;False
994;014639;2003;11;15;11500.0;11500.0;0.0;11500.0;3;0;0;1;0;0;0;0;4.949628046035187;0;0;67;0;0;4;2115.609569796523;01;7;1;Industriestrecke;H302;43;Moderat (0° bis 19,99° C);Abend;Wolkig;North Carolina;Herbst;Entgleisung;General Switching Rules;Human Factors;Depot/Rangieren, EinzelneWagen;9764.519415827013;Signifikant;False
995;014640;2003;11;8;17861.0;17861.0;0.0;17861.0;1;0;0;0;0;0;0;0;5.944983747097401;6;0;3;0;0;0;511.2292042243008;05;6;1;Depot;H302;48;Moderat (0° bis 19,99° C);Abend;Klar;New York;Herbst;Kollision;General Switching Rules;Human Factors;EinzelneWagen, Güterzug;15607.759750662664;Nicht Signifikant;False
996;014692;2003;11;18;14200.0;14200.0;0.0;14200.0;5;0;0;0;0;0;0;0;1.9635609428485408;65;1;74;0;0;1;9738.135972814835;05;7;1;Depot;S007;63;Moderat (0° bis 19,99° C);Tag;Wolkig;Alabama;Herbst;Kollision;SIGNAL AND COMMUNICATION;Signal and Communication;Depot/Rangieren, Depot/Rangieren;12056.37629478689;Nicht Signifikant;False
997;014972;2003;12;11;24940.0;24940.0;300.0;24640.0;3;0;0;0;0;0;0;0;5.0;5;1;7;0;0;1;872.7810169231029;01;7;1;Depot;H702;39;Moderat (0° bis 19,99° C);Abenddämmerung;Klar;Tennessee;Herbst;Entgleisung;Switches, Use of;Human Factors;Depot/Rangieren, Depot/Rangieren;20464.429309920408;Nicht Signifikant;False
998;015081;2003;12;18;37010.0;37010.0;7000.0;30010.0;2;0;0;0;0;0;0;0;9.926406551346263;113;15;0;0;0;0;13218.504533956084;01;7;X;Depot;T215;29;Kalt (-30° - 0,01° C);Abend;Wolkig;Ohio;Herbst;Entgleisung;Rail, Joint Bar and Rail Anchoring;Track, Roadbed and Structures;Depot/Rangieren, EinzelneWagen;29839.55494638394;Nicht Signifikant;True
999;015157;2003;12;29;10859.0;10859.0;141.0;10718.0;1;0;0;0;0;0;0;0;6.940339448159618;2;0;31;0;0;1;1242.6135474012358;04;7;1;Depot;H306;42;Moderat (0° bis 19,99° C);Tag;Regen;Michigan;Winter;Kollision;General Switching Rules;Human Factors;Depot/Rangieren, EinzelneWagen;8687.895031602528;Nicht Signifikant;False
1000;015170;2003;12;23;7400.0;7400.0;100.0;7300.0;3;0;0;0;0;0;0;0;4.0;39;0;25;0;0;1;5268.95979371787;05;7;1;Depot;M408;33;Moderat (0° bis 19,99° C);Abend;Regen;Indiana;Winter;Kollision;Unusual Operational Situations;Miscellaneous Causes;Depot/Rangieren, Depot/Rangieren;5971.594577146546;Nicht Signifikant;False
1001;015402;2004;1;17;12880.0;12880.0;0.0;12880.0;5;0;0;0;0;0;0;0;2.958916643910756;42;0;41;0;0;0;6095.894596062052;04;7;1;Depot;S007;45;Moderat (0° bis 19,99° C);Tag;Regen;Alabama;Winter;Kollision;SIGNAL AND COMMUNICATION;Signal and Communication;Depot/Rangieren, Depot/Rangieren;10342.889263631252;Nicht Signifikant;False
1002;015423;2004;1;17;19123.0;19123.0;1000.0;18123.0;2;0;0;0;0;0;0;0;2.958916643910756;128;6;40;0;0;1;16803.695590336534;01;6;1;Depot;S010;4;Kalt (-30° - 0,01° C);Tag;Wolkig;Pennsylvania;Winter;Entgleisung;SIGNAL AND COMMUNICATION;Signal and Communication;EinzelneWagen, Güterzug;15356.139082951899;Nicht Signifikant;False
1003;015644;2004;2;4;13450.0;13450.0;200.0;13250.0;3;0;0;0;0;0;0;0;7.0;28;0;89;0;0;2;5461.889973591336;04;1;1;Depot;H607;11;Kalt (-30° - 0,01° C);Abend;Wolkig;Ohio;Winter;Kollision;Speed;Human Factors;Güterzug, Lokomotive;10739.38038965187;Nicht Signifikant;False
1004;015806;2004;2;13;12100.0;12100.0;0.0;12100.0;2;0;0;0;0;0;0;0;1.9635609428485408;20;0;39;0;0;1;3850.736492471696;04;6;X;Depot;H309;30;Kalt (-30° - 0,01° C);Tag;Klar;New York;Winter;Kollision;General Switching Rules;Human Factors;EinzelneWagen, Güterzug;9441.323345817727;Nicht Signifikant;False
1005;015965;2004;2;29;8000.0;8000.0;0.0;8000.0;2;0;0;0;0;0;0;0;2.958916643910756;0;0;97;0;0;0;3823.336383802324;04;5;1;Industriestrecke;H021;52;Moderat (0° bis 19,99° C);Tag;Klar;New York;Winter;Kollision;Brakes, Use of;Human Factors;EinzelneWagen, Güterzug;6419.515326592842;Nicht Signifikant;False
1006;016118;2004;3;11;27900.0;27900.0;1500.0;26400.0;2;0;0;0;0;0;0;0;7.935695149221832;0;0;35;0;0;2;1138.3643738060796;04;7;1;Depot;H210;37;Moderat (0° bis 19,99° C);Tag;Klar;New Jersey;Winter;Kollision;Flagging, Fixed, Hand and Radio Signals;Human Factors;Depot/Rangieren, EinzelneWagen;22764.360313315927;Nicht Signifikant;False
1007;016208;2004;3;21;25632.0;25632.0;0.0;25632.0;6;0;0;0;0;0;0;0;3.0;129;0;130;0;0;6;17706.984434769445;04;6;1;Depot;H020;30;Kalt (-30° - 0,01° C);Abend;Wolkig;Ohio;Frühling;Kollision;Brakes, Use of;Human Factors;EinzelneWagen, Güterzug;20754.655870445342;Nicht Signifikant;False
1008;016224;2004;3;22;160544.0;160544.0;376.0;160168.0;4;1;0;0;0;0;0;0;8.5;6;0;21;0;0;2;1394.6591780277924;04;7;1;Depot;H306;35;Moderat (0° bis 19,99° C);Abend;Klar;Alabama;Frühling;Kollision;General Switching Rules;Human Factors;Depot/Rangieren, Lokomotive;129963.57160203999;Nicht Signifikant;False
1009;016378;2004;4;5;21000.0;21000.0;0.0;21000.0;4;2;0;0;0;0;0;0;9.926406551346263;72;0;0;0;0;0;6170.281039647247;02;7;1;Industriestrecke;H305;41;Moderat (0° bis 19,99° C);Abend;Klar;Missouri;Frühling;Kollision;General Switching Rules;Human Factors;Depot/Rangieren, Güterzug;17415.823519655;Nicht Signifikant;False
1010;016426;2004;4;8;62355.0;62355.0;6975.0;55380.0;3;0;0;0;0;0;0;0;5.944983747097401;18;2;4;0;0;2;2281.3773807877187;01;7;1;Depot;M503;72;Warm (20° bis 31,99° C);Tag;Klar;Georgia;Frühling;Entgleisung;Other Miscellaneous;Miscellaneous Causes;Depot/Rangieren, Lokomotive;51550.09920634921;Nicht Signifikant;False
1011;016517;2004;4;18;41000.0;41000.0;1000.0;40000.0;8;1;0;0;0;0;0;0;3.5;69;0;7;0;0;0;8132.167111178424;05;7;1;Depot;H607;76;Warm (20° bis 31,99° C);Tag;Klar;Virginia;Frühling;Kollision;Speed;Human Factors;Depot/Rangieren, Depot/Rangieren;34147.69572459745;Nicht Signifikant;False
1012;016773;2004;5;12;24800.0;24800.0;4800.0;20000.0;3;2;0;0;0;0;0;0;5.944983747097401;65;1;0;0;0;0;8034.889973591336;01;1;1;Industriestrecke;H703;74;Warm (20° bis 31,99° C);Abenddämmerung;Klar;Ohio;Frühling;Entgleisung;Switches, Use of;Human Factors;Güterzug, Lokomotive;20915.914649574093;Nicht Signifikant;False