index;INCDTNO;YEAR4;MONTH;DAY;ACCDMG;INFRASTRUCTURE_DMG;TRKDMG;EQPDMG;LOCOMOTIVES1;LOCOMOTIVES2;RREMPKLD;RREMPINJ;PASSKLD;PASSINJ;OTHERKLD;OTHERINJ;SPEED;LOADF1;LOADF2;EMPTYF1;EMPTYP1;LOADP1;EMPTYF2;TONS;TYPE;TYPEQ;TRKCLAS;TYPTRK;ACCAUSE;TEMP;TEMP_CLUSTER;VISIBLTY;WEATHER;STATE;Jahreszeit;ACCIDENT_TYPE;ACCCAUSE_LVL1;ACCCAUSE_LVL2;EQUIPMENT_TYPE;ACCDMG_EUR;ACCTYPE;SPD_TOO_HIGH
1013;016786;2004;5;14;29500.0;29500.0;2000.0;27500.0;6;0;0;0;0;0;0;0;10.921762252408477;117;0;60;0;0;8;18063.0;03;1;4;Hauptstrecke;H222;60;Moderat (0° bis 19,99° C);Tag;Wolkig;Tennessee;Frühling;Kollision;Flagging, Fixed, Hand and Radio Signals;Human Factors;Güterzug, Güterzug;24995.763429927134;Nicht Signifikant;False
1014;016911;2004;5;26;15700.0;15700.0;0.0;15700.0;3;0;0;0;0;0;0;0;6.940339448159618;1;0;7;0;0;0;304.88997359133555;05;1;2;Industriestrecke;H307;62;Moderat (0° bis 19,99° C);Abend;Wolkig;Delaware;Frühling;Kollision;General Switching Rules;Human Factors;Güterzug, Lokomotive;12968.775813646127;Nicht Signifikant;False
1015;016913;2004;5;27;203286.0;203286.0;0.0;203286.0;5;0;0;1;0;0;0;0;18.8846078609062;82;2;50;0;0;0;12487.0;03;1;4;Hauptstrecke;H404;78;Warm (20° bis 31,99° C);Abend;Wolkig;Virginia;Frühling;Kollision;Main Track Authority;Human Factors;Güterzug, Güterzug;167107.27496917386;Signifikant;False
1016;016944;2004;5;31;11900.0;11900.0;300.0;11600.0;4;0;0;0;0;0;0;0;1.9635609428485408;38;1;12;0;0;1;4779.008077443575;01;7;1;Depot;T220;72;Warm (20° bis 31,99° C);Tag;Regen;Alabama;Frühling;Entgleisung;Rail, Joint Bar and Rail Anchoring;Track, Roadbed and Structures;Depot/Rangieren, Lokomotive;9755.697655353337;Nicht Signifikant;False
1017;016962;2004;6;3;7375.0;7375.0;1775.0;5600.0;3;0;0;0;0;0;0;0;2.5;13;3;1;0;0;1;1639.3800338868673;01;7;1;Depot;H702;75;Warm (20° bis 31,99° C);Tag;Klar;Georgia;Frühling;Entgleisung;Switches, Use of;Human Factors;Depot/Rangieren, Depot/Rangieren;6032.2264027482415;Nicht Signifikant;False
1018;017032;2004;6;7;12283.0;12283.0;4801.0;7482.0;5;0;0;0;0;0;0;0;5.5;58;3;4;0;0;0;4887.0435617647;05;7;1;Depot;H702;58;Moderat (0° bis 19,99° C);Abend;Nebel;Pennsylvania;Frühling;Kollision;Switches, Use of;Human Factors;Depot/Rangieren, Güterzug;9970.776848770192;Nicht Signifikant;False
1019;017112;2004;6;13;14400.0;14400.0;0.0;14400.0;5;0;0;0;0;0;0;0;10.921762252408477;131;0;70;0;0;0;14564.0;04;1;1;Hauptstrecke;M599;78;Warm (20° bis 31,99° C);Tag;Klar;Tennessee;Frühling;Kollision;Other Miscellaneous;Miscellaneous Causes;Güterzug, Güterzug;11997.333925794268;Nicht Signifikant;True
1020;017184;2004;6;23;62039.0;62039.0;30206.0;31833.0;8;0;0;0;0;0;0;0;7.935695149221832;67;9;0;0;0;0;9206.677096237629;01;6;1;Industriestrecke;T110;75;Warm (20° bis 31,99° C);Abend;Klar;Virginia;Sommer;Entgleisung;Track Geometry;Track, Roadbed and Structures;EinzelneWagen, Güterzug;51327.045586166954;Nicht Signifikant;False
1021;017401;2004;7;9;569750.0;569750.0;16000.0;553750.0;3;3;0;2;0;0;0;0;49.740634593834876;0;0;94;0;0;19;3063.635683674103;07;6;1;Hauptstrecke;M302;91;Heiß (>= 32° C);Tag;Klar;Alabama;Sommer;Bahnübergang;Loading Procedures;Loading;EinzelneWagen, Güterzug;460515.6805690268;Signifikant;True
1022;017516;2004;7;23;27459.0;27459.0;0.0;27459.0;5;0;0;0;0;0;0;0;8.0;13;0;69;0;0;0;3649.4287706212326;05;7;X;Depot;M407;75;Warm (20° bis 31,99° C);Abend;Klar;Georgia;Sommer;Kollision;Unusual Operational Situations;Miscellaneous Causes;Depot/Rangieren, Depot/Rangieren;22523.993109671068;Nicht Signifikant;False
1023;017559;2004;7;21;36070.0;36070.0;500.0;35570.0;2;0;0;0;0;0;0;0;3.0;47;9;12;0;0;5;5965.617364667038;04;7;1;Depot;M408;80;Warm (20° bis 31,99° C);Abend;Klar;Pennsylvania;Sommer;Kollision;Unusual Operational Situations;Miscellaneous Causes;Depot/Rangieren, EinzelneWagen;29334.743005855562;Nicht Signifikant;False
1024;017712;2004;8;11;33600.0;33600.0;4600.0;29000.0;4;0;0;0;0;0;0;0;4.5;66;0;40;0;0;2;7717.0;01;1;1;Depot;T220;59;Moderat (0° bis 19,99° C);Tag;Wolkig;Indiana;Sommer;Entgleisung;Rail, Joint Bar and Rail Anchoring;Track, Roadbed and Structures;Güterzug, Güterzug;27466.688465625764;Nicht Signifikant;False
1025;017736;2004;8;15;19150.0;19150.0;150.0;19000.0;3;0;0;0;0;0;0;0;4.0;30;2;0;0;0;0;2230.7712881769244;04;7;X;Depot;H307;63;Moderat (0° bis 19,99° C);Abend;Nebel;North Carolina;Sommer;Kollision;General Switching Rules;Human Factors;Depot/Rangieren, Güterzug;15572.059740330144;Nicht Signifikant;False
1026;017848;2004;8;25;516500.0;516500.0;18500.0;498000.0;7;1;0;0;0;0;0;0;31.5;69;4;143;0;0;15;15200.0;01;1;4;Hauptstrecke;H525;80;Warm (20° bis 31,99° C);Abenddämmerung;Klar;Tennessee;Sommer;Entgleisung;Train Handling/Train Makeup;Human Factors;Güterzug, Güterzug;427530.8335402699;Signifikant;False
1027;017991;2004;9;3;65450.0;65450.0;450.0;65000.0;5;2;0;0;0;0;0;0;4.0;105;0;36;0;0;2;12131.132447505699;04;7;1;Depot;H702;59;Moderat (0° bis 19,99° C);Abend;Klar;Pennsylvania;Sommer;Kollision;Switches, Use of;Human Factors;Depot/Rangieren, Güterzug;53757.700205338806;Nicht Signifikant;False
1028;018057;2004;9;11;44300.0;44300.0;10000.0;34300.0;2;2;0;1;0;0;0;0;7.935695149221832;113;4;0;0;0;0;14682.895178233255;01;6;X;Industriestrecke;M101;59;Moderat (0° bis 19,99° C);Abend;Wolkig;Kentucky;Sommer;Entgleisung;Environmental Conditions;Environmental Conditions;EinzelneWagen, Güterzug;36238.20690407373;Signifikant;False
1029;018265;2004;10;1;8900.0;8900.0;2000.0;6900.0;4;0;0;0;0;0;0;0;0.9682052417863254;58;0;158;0;0;3;14200.54758628755;04;7;1;Depot;E30C;89;Warm (20° bis 31,99° C);Tag;Klar;Florida;Herbst;Kollision;Coupler and Draft System;Mechanical and Electrical Failures;Depot/Rangieren, Güterzug;7169.902521549988;Nicht Signifikant;False
1030;018508602;1985;1;17;9100.0;9100.0;2500.0;6600.0;3;1;0;0;0;0;0;0;3.9542723449729715;0;0;99;0;0;6;2839.8899735913355;01;5;2;Depot;T399;35;Moderat (0° bis 19,99° C);Tag;Wolkig;Alabama;Winter;Entgleisung;Frogs, Switches and Track Appliances;Track, Roadbed and Structures;EinzelneWagen, Güterzug;7719.060140809229;Nicht Signifikant;False
1031;018508604;1985;1;19;33800.0;33800.0;1400.0;32400.0;2;1;0;0;0;0;0;0;2.958916643910756;50;3;0;0;0;0;5816.478296639036;04;7;2;Depot;H702;46;Moderat (0° bis 19,99° C);Abend;Klar;Alabama;Winter;Kollision;Switches, Use of;Human Factors;Depot/Rangieren, Depot/Rangieren;28670.79480871999;Nicht Signifikant;False
1032;018510701;1985;1;5;15325.0;15325.0;225.0;15100.0;3;0;0;0;0;0;0;0;5.0;95;2;72;0;0;0;12235.583011352057;01;6;1;Depot;T210;50;Moderat (0° bis 19,99° C);Abend;Regen;North Carolina;Winter;Entgleisung;Rail, Joint Bar and Rail Anchoring;Track, Roadbed and Structures;EinzelneWagen, Güterzug;12999.406226143014;Nicht Signifikant;False
1033;018576;2004;10;26;95262.0;95262.0;35170.0;60092.0;3;0;0;0;0;0;0;0;4.949628046035187;58;5;14;0;0;2;7194.965587061382;01;7;1;Depot;T220;60;Moderat (0° bis 19,99° C);Abend;Regen;Ohio;Herbst;Entgleisung;Rail, Joint Bar and Rail Anchoring;Track, Roadbed and Structures;Depot/Rangieren, Depot/Rangieren;74516.5832290363;Nicht Signifikant;False
1034;0185NE001;1985;1;2;219850.0;219850.0;10350.0;209500.0;6;4;0;0;0;0;0;0;19.879963561968417;130;1;6;0;0;0;16490.27051523145;02;1;X;Depot;H702;5;Kalt (-30° - 0,01° C);Abend;Wolkig;Nebraska;Winter;Kollision;Switches, Use of;Human Factors;Güterzug, Güterzug;186487.40351174824;Signifikant;True
1035;018601606;1986;1;18;34865.0;34865.0;1500.0;33365.0;4;0;0;0;0;0;0;0;4.949628046035187;128;10;31;0;0;1;15772.139448065936;01;7;1;Depot;H503;50;Moderat (0° bis 19,99° C);Abend;Regen;Georgia;Winter;Entgleisung;Train Handling/Train Makeup;Human Factors;Depot/Rangieren, EinzelneWagen;29574.179319704806;Nicht Signifikant;False
1036;018605610;1986;1;17;1383750.0;1383750.0;64750.0;1319000.0;4;0;0;0;0;0;0;0;44.763856088523795;91;38;2;0;0;2;12137.1093287792;01;6;1;Industriestrecke;M409;38;Moderat (0° bis 19,99° C);Tag;Klar;South Carolina;Winter;Entgleisung;Unusual Operational Situations;Miscellaneous Causes;EinzelneWagen, Güterzug;1173763.6780049198;Signifikant;True
1037;018611605;1986;1;27;12500.0;12500.0;0.0;12500.0;1;1;0;2;0;0;0;0;6.940339448159618;4;0;17;0;0;0;1042.398618886508;04;7;3;Industriestrecke;H999;30;Kalt (-30° - 0,01° C);Tag;Schnee;Georgia;Winter;Kollision;Miscellaneous;Human Factors;Depot/Rangieren, EinzelneWagen;10603.104589023666;Signifikant;False
1038;0186KC206;1986;1;18;8400.0;8400.0;200.0;8200.0;0;0;0;0;0;0;0;0;1.9635609428485408;2;2;0;0;0;0;336.5128782368152;04;5;1;Depot;T306;30;Kalt (-30° - 0,01° C);Abend;Klar;Missouri;Winter;Kollision;Frogs, Switches and Track Appliances;Track, Roadbed and Structures;EinzelneWagen, EinzelneWagen;7125.286283823903;Nicht Signifikant;False
1039;0186NO208;1986;1;27;11250.0;11250.0;250.0;11000.0;2;0;0;0;0;0;0;0;5.0;51;3;27;0;0;2;5910.0;01;7;1;Depot;H306;60;Moderat (0° bis 19,99° C);Abend;Klar;Louisiana;Winter;Entgleisung;General Switching Rules;Human Factors;Depot/Rangieren, Depot/Rangieren;9542.7941301213;Nicht Signifikant;False
1040;0186OR003;1986;1;7;8450.0;8450.0;2600.0;5850.0;9;0;0;1;0;0;0;0;34.81029907790165;136;0;86;0;0;1;9843.0;01;1;4;Hauptstrecke;M199;30;Kalt (-30° - 0,01° C);Abend;Wolkig;Oregon;Winter;Entgleisung;Environmental Conditions;Environmental Conditions;Güterzug, Güterzug;7167.698702179998;Signifikant;False
1041;0186OR205;1986;1;16;16476.0;16476.0;276.0;16200.0;2;0;0;0;0;0;0;0;5.0;39;1;39;0;0;2;4220.0;04;1;1;Depot;H307;40;Moderat (0° bis 19,99° C);Abend;Regen;Oregon;Winter;Kollision;General Switching Rules;Human Factors;Güterzug, Güterzug;13975.740096700312;Nicht Signifikant;False
1042;0186RG204;1986;1;18;30000.0;30000.0;0.0;30000.0;0;0;0;0;0;0;0;0;12.91247365453291;11;3;2;0;0;0;1440.831560419932;01;6;1;Nebenstrecke;M501;65;Moderat (0° bis 19,99° C);Tag;Wolkig;Texas;Winter;Entgleisung;Other Miscellaneous;Miscellaneous Causes;EinzelneWagen, EinzelneWagen;25447.4510136568;Nicht Signifikant;True
1043;0186RR204;1986;1;10;11850.0;11850.0;150.0;11700.0;2;0;0;0;0;0;0;0;5.0;28;3;41;0;0;5;4508.924983404013;04;7;1;Nebenstrecke;H099;50;Moderat (0° bis 19,99° C);Tag;Klar;Texas;Winter;Kollision;Brakes, Use of;Human Factors;Depot/Rangieren, EinzelneWagen;10051.743150394435;Nicht Signifikant;False
1044;018709014;1987;1;26;47300.0;47300.0;0.0;47300.0;4;2;0;1;0;0;0;0;21.870674964092846;5;0;29;0;0;0;1906.6756144352892;04;1;2;Hauptstrecke;M503;30;Kalt (-30° - 0,01° C);Abend;Klar;Tennessee;Winter;Kollision;Other Miscellaneous;Miscellaneous Causes;Güterzug, Güterzug;40122.14776486555;Signifikant;False
1045;018711604;1987;1;21;28786.0;28786.0;386.0;28400.0;2;0;0;0;0;0;0;0;4.949628046035187;0;0;20;0;0;2;681.6682206412532;01;7;3;Depot;H302;50;Moderat (0° bis 19,99° C);Abend;Regen;Georgia;Winter;Entgleisung;General Switching Rules;Human Factors;Depot/Rangieren, EinzelneWagen;24417.67749597082;Nicht Signifikant;False
1046;018712606;1987;1;31;35700.0;35700.0;1500.0;34200.0;2;0;0;0;0;0;0;0;5.5;18;1;54;0;0;5;3788.528954197546;04;7;1;Depot;H018;60;Moderat (0° bis 19,99° C);Abend;Klar;Florida;Winter;Kollision;Brakes, Use of;Human Factors;Depot/Rangieren, EinzelneWagen;30282.466706251587;Nicht Signifikant;False
1047;018718;2004;11;10;43236.0;43236.0;1000.0;42236.0;4;0;0;0;0;0;0;0;5.944983747097401;56;2;108;0;0;3;10237.197149938063;01;7;2;Depot;H702;29;Kalt (-30° - 0,01° C);Abend;Klar;Ohio;Herbst;Entgleisung;Switches, Use of;Human Factors;Depot/Rangieren, Güterzug;33317.407721353164;Nicht Signifikant;False
1048;0187AR202;1987;1;6;52700.0;52700.0;14000.0;38700.0;4;0;0;0;0;0;0;0;6.5;34;3;13;0;0;1;3855.0;04;7;1;Depot;T314;50;Moderat (0° bis 19,99° C);Tag;Klar;Arkansas;Winter;Kollision;Frogs, Switches and Track Appliances;Track, Roadbed and Structures;Depot/Rangieren, Depot/Rangieren;44702.688947323775;Nicht Signifikant;False
1049;0187TX202;1987;1;17;6800.0;6800.0;300.0;6500.0;16;1;0;0;0;0;0;0;1.9635609428485408;0;0;0;0;0;0;69.7799471826711;04;8;1;Depot;H306;33;Moderat (0° bis 19,99° C);Abend;Regen;Texas;Winter;Kollision;General Switching Rules;Human Factors;Lokomotive, Lokomotive;5768.088896428874;Nicht Signifikant;False
1050;0187TX204;1987;1;25;14900.0;14900.0;2500.0;12400.0;0;0;0;0;0;0;0;0;11.917117953470694;2;2;2;0;0;1;398.8857332781989;01;6;1;Depot;M407;42;Moderat (0° bis 19,99° C);Tag;Klar;Texas;Winter;Entgleisung;Unusual Operational Situations;Miscellaneous Causes;EinzelneWagen, EinzelneWagen;12638.900670116209;Nicht Signifikant;True
1051;018801063;1988;1;31;7400.0;7400.0;200.0;7200.0;4;0;0;0;0;0;0;0;5.0;62;0;55;0;0;2;8800.252898839872;04;7;1;Depot;H307;55;Moderat (0° bis 19,99° C);Abenddämmerung;Wolkig;Tennessee;Winter;Kollision;General Switching Rules;Human Factors;Depot/Rangieren, Depot/Rangieren;6277.03791670201;Nicht Signifikant;False
1052;018805031;1988;1;13;108500.0;108500.0;8500.0;100000.0;1;0;0;3;0;0;0;0;17.889252159843984;13;6;0;0;0;0;1666.2807120499128;04;7;1;Hauptstrecke;H307;45;Moderat (0° bis 19,99° C);Abend;Wolkig;North Carolina;Winter;Kollision;General Switching Rules;Human Factors;Depot/Rangieren, EinzelneWagen;92034.94783272542;Signifikant;True
1053;018805101;1988;1;8;26169.0;26169.0;0.0;26169.0;3;0;0;0;0;0;0;0;3.0;23;1;0;0;0;0;2705.8097523534298;05;7;2;Depot;H401;32;Moderat (0° bis 19,99° C);Abend;Wolkig;Georgia;Winter;Kollision;Main Track Authority;Human Factors;Depot/Rangieren, Depot/Rangieren;22197.811519212824;Nicht Signifikant;False
1054;018805107;1988;1;31;29500.0;29500.0;0.0;29500.0;3;0;0;0;0;0;0;0;4.0;2;0;1;0;0;0;327.74120645217647;04;7;1;Depot;H302;48;Moderat (0° bis 19,99° C);Abend;Klar;North Carolina;Winter;Kollision;General Switching Rules;Human Factors;Depot/Rangieren, Depot/Rangieren;25023.32683009585;Nicht Signifikant;False
1055;018834;2004;11;11;8800.0;8800.0;0.0;8800.0;2;0;0;0;0;0;0;0;4.949628046035187;2;0;2;0;0;0;358.1876166631649;04;7;1;Industriestrecke;H306;65;Moderat (0° bis 19,99° C);Tag;Wolkig;Tennessee;Herbst;Kollision;General Switching Rules;Human Factors;Depot/Rangieren, EinzelneWagen;6826.9976726144305;Nicht Signifikant;False
1056;0188CW211;1988;1;20;5900.0;5900.0;0.0;5900.0;1;0;0;0;0;0;0;0;4.949628046035187;6;0;9;0;0;0;1026.3421862571176;04;7;1;Depot;H021;15;Kalt (-30° - 0,01° C);Abend;Klar;Wyoming;Winter;Kollision;Brakes, Use of;Human Factors;Depot/Rangieren, EinzelneWagen;5004.6653660191705;Nicht Signifikant;False
1057;0188GR202;1988;1;13;8000.0;8000.0;800.0;7200.0;2;0;0;0;0;0;0;0;4.949628046035187;12;0;3;0;0;3;1530.6483760249587;04;1;1;Depot;E31C;10;Kalt (-30° - 0,01° C);Abenddämmerung;Wolkig;Wyoming;Winter;Kollision;Coupler and Draft System;Mechanical and Electrical Failures;Güterzug, Güterzug;6785.986936975146;Nicht Signifikant;False
1058;0188MP204;1988;1;15;45400.0;45400.0;0.0;45400.0;1;0;0;0;0;0;0;0;2.958916643910756;4;4;0;0;0;0;603.2458092909593;03;7;1;Depot;H302;30;Kalt (-30° - 0,01° C);Abend;Klar;Tennessee;Winter;Kollision;General Switching Rules;Human Factors;Depot/Rangieren, EinzelneWagen;38510.47586733395;Nicht Signifikant;False
1059;0188NL001;1988;1;3;15000.0;15000.0;0.0;15000.0;5;1;0;2;0;0;0;0;6.0;7;0;8;0;0;0;1109.6532005753877;02;7;1;Depot;H999;30;Kalt (-30° - 0,01° C);Abend;Wolkig;Arkansas;Winter;Kollision;Miscellaneous;Human Factors;Depot/Rangieren, Lokomotive;12723.7255068284;Signifikant;False
1060;0188NL206;1988;1;29;17000.0;17000.0;0.0;17000.0;3;1;0;0;0;0;0;0;4.5;29;0;13;0;0;0;3764.548591274016;04;7;1;Depot;T307;45;Moderat (0° bis 19,99° C);Tag;Klar;Arkansas;Winter;Kollision;Frogs, Switches and Track Appliances;Track, Roadbed and Structures;Depot/Rangieren, Depot/Rangieren;14420.222241072186;Nicht Signifikant;False
1061;0188RR008;1988;1;20;28435.0;28435.0;1035.0;27400.0;4;2;0;4;0;0;0;0;5.0;83;3;0;0;0;0;10142.652709816239;02;7;1;Depot;H999;45;Moderat (0° bis 19,99° C);Abend;Klar;Louisiana;Winter;Kollision;Miscellaneous;Human Factors;Depot/Rangieren, Güterzug;24119.942319111033;Signifikant;False
1062;0188UT205;1988;1;15;12850.0;12850.0;0.0;12850.0;1;0;0;0;0;0;0;0;5.0;0;0;87;0;0;3;2723.0577393968842;04;7;2;Depot;H301;28;Kalt (-30° - 0,01° C);Tag;Wolkig;Utah;Winter;Kollision;General Switching Rules;Human Factors;Depot/Rangieren, EinzelneWagen;10899.991517516328;Nicht Signifikant;False
1063;018905005;1989;1;7;13955.0;13955.0;100.0;13855.0;2;0;0;0;0;0;0;0;4.0;2;2;1;0;0;0;366.9592884478036;05;7;1;Depot;H503;45;Moderat (0° bis 19,99° C);Abend;Wolkig;North Carolina;Winter;Kollision;Train Handling/Train Makeup;Human Factors;Depot/Rangieren, Depot/Rangieren;11837.30596318602;Nicht Signifikant;False
1064;018905028;1989;1;23;11100.0;11100.0;100.0;11000.0;2;0;0;0;0;0;0;0;10.0;43;1;9;0;0;0;5254.975934837495;04;7;1;Depot;H021;60;Moderat (0° bis 19,99° C);Tag;Klar;North Carolina;Winter;Kollision;Brakes, Use of;Human Factors;Depot/Rangieren, Depot/Rangieren;9415.556875053015;Nicht Signifikant;False
1065;018912037;1989;1;27;6500.0;6500.0;300.0;6200.0;2;1;0;0;0;0;0;0;3.0;66;0;2;0;0;0;7638.662786535707;04;7;2;Depot;H401;70;Warm (20° bis 31,99° C);Tag;Klar;Florida;Winter;Kollision;Main Track Authority;Human Factors;Depot/Rangieren, Depot/Rangieren;5513.614386292306;Nicht Signifikant;False
1066;018971;2004;12;1;18600.0;18600.0;400.0;18200.0;5;0;0;0;0;0;0;0;3.0;16;0;5;0;0;0;2042.1307907057487;04;7;1;Depot;H607;70;Warm (20° bis 31,99° C);Tag;Klar;Georgia;Herbst;Kollision;Speed;Human Factors;Depot/Rangieren, Lokomotive;13991.274259064241;Nicht Signifikant;False
1067;0189FW206;1989;1;13;25166.666666666668;25166.666666666668;600.0;45150.0;0;0;0;0;0;0;0;0;1.972611095940504;261;6;0;0;0;0;29913.01196889735;04;6;1;Depot;H020;36;Moderat (0° bis 19,99° C);Tag;Regen;Texas;Winter;Kollision;Brakes, Use of;Human Factors;EinzelneWagen, EinzelneWagen, EinzelneWagen;21347.58390590098;Nicht Signifikant;False
1068;0189LU201;1989;1;9;66579.0;66579.0;100.0;66479.0;4;0;0;0;0;0;0;0;4.0;59;0;42;0;0;0;8060.217223270434;04;7;1;Depot;H306;50;Moderat (0° bis 19,99° C);Abend;Regen;Louisiana;Winter;Kollision;General Switching Rules;Human Factors;Depot/Rangieren, Depot/Rangieren;56475.52803460853;Nicht Signifikant;False
1069;0189LU208;1989;1;11;9000.0;9000.0;0.0;9000.0;3;0;0;0;0;0;0;0;3.9542723449729715;74;0;77;0;0;0;11033.58667010302;04;1;1;Depot;H307;58;Moderat (0° bis 19,99° C);Abend;Nebel;Louisiana;Winter;Kollision;General Switching Rules;Human Factors;Güterzug, Güterzug;7634.235304097039;Nicht Signifikant;False
1070;0189SP209;1989;1;31;144209.0;144209.0;3000.0;141209.0;5;1;0;0;0;0;0;0;5.0;34;4;64;0;0;0;5964.5387986719725;04;7;2;Depot;H403;42;Moderat (0° bis 19,99° C);Abend;Wolkig;Oregon;Winter;Kollision;Main Track Authority;Human Factors;Depot/Rangieren, Lokomotive;122325.04877428111;Nicht Signifikant;False
1071;0189UT213;1989;1;3;51500.0;51500.0;0.0;51500.0;1;0;0;0;0;0;0;0;3.9542723449729715;62;0;0;0;0;0;7122.740267996696;05;6;2;Depot;H306;30;Kalt (-30° - 0,01° C);Tag;Schnee;Utah;Winter;Kollision;General Switching Rules;Human Factors;EinzelneWagen, Güterzug;43684.7909067775;Nicht Signifikant;False
1072;0189UT225;1989;1;31;12237.0;12237.0;0.0;12237.0;2;0;0;0;0;0;0;0;2.0;53;3;0;0;0;0;6157.75057022681;02;7;2;Depot;H306;35;Moderat (0° bis 19,99° C);Abend;Klar;Utah;Winter;Kollision;General Switching Rules;Human Factors;Depot/Rangieren, Depot/Rangieren;10380.015268470608;Nicht Signifikant;False
1073;0189VB206;1989;1;24;12500.0;12500.0;0.0;12500.0;0;0;0;0;0;0;0;0;5.0;2;0;3;0;0;1;390.11406149356014;06;6;1;Depot;H312;40;Moderat (0° bis 19,99° C);Abend;Wolkig;Arkansas;Winter;Kollision;General Switching Rules;Human Factors;EinzelneWagen, EinzelneWagen;10603.104589023666;Nicht Signifikant;False
1074;019003048;1990;1;31;114000.0;114000.0;4000.0;110000.0;2;1;0;0;0;0;0;0;4.0;18;2;0;0;0;0;2156.631670704951;04;7;1;Depot;H306;35;Moderat (0° bis 19,99° C);Tag;Klar;Kentucky;Winter;Kollision;General Switching Rules;Human Factors;Depot/Rangieren, Depot/Rangieren;96700.31385189583;Nicht Signifikant;False
1075;019027022;1990;1;10;8800.0;8800.0;0.0;8800.0;4;1;0;2;0;0;0;0;4.0;74;0;0;0;0;0;12283.889973591336;02;1;1;Depot;H403;40;Moderat (0° bis 19,99° C);Tag;Regen;Virginia;Winter;Kollision;Main Track Authority;Human Factors;Güterzug, Lokomotive;7464.585630672661;Signifikant;False
1076;019032;2004;12;5;17050.0;17050.0;0.0;17050.0;3;0;0;0;0;0;0;0;2.0;37;0;3;0;0;0;4370.1438853982;04;7;1;Depot;H318;46;Moderat (0° bis 19,99° C);Abend;Klar;Indiana;Herbst;Kollision;General Switching Rules;Human Factors;Depot/Rangieren, EinzelneWagen;12733.383121732639;Nicht Signifikant;False
1077;0190CR014;1990;1;26;13425.0;13425.0;425.0;13000.0;3;0;0;0;0;0;0;0;6.0;22;0;34;0;0;2;2930.0;04;1;1;Depot;H999;37;Moderat (0° bis 19,99° C);Tag;Wolkig;Oregon;Winter;Kollision;Miscellaneous;Human Factors;Güterzug, Güterzug;11387.734328611417;Nicht Signifikant;False
1078;0190FW222;1990;1;17;14000.0;14000.0;450.0;13550.0;2;0;0;0;0;0;0;0;7.0;21;0;14;0;0;2;2887.8956744897505;04;7;1;Depot;E29C;43;Moderat (0° bis 19,99° C);Abend;Klar;Texas;Winter;Kollision;Body;Mechanical and Electrical Failures;Depot/Rangieren, EinzelneWagen;11875.477139706505;Nicht Signifikant;False
1079;0190GR206;1990;1;12;10600.0;10600.0;600.0;10000.0;5;0;0;0;0;0;0;0;6.5;0;0;63;0;0;0;2239.8899735913355;04;1;1;Depot;H702;50;Moderat (0° bis 19,99° C);Tag;Klar;Wyoming;Winter;Kollision;Switches, Use of;Human Factors;Güterzug, Lokomotive;8991.432691492068;Nicht Signifikant;False
1080;0190NL202;1990;1;2;17500.0;17500.0;0.0;17500.0;1;0;0;0;0;0;0;0;0.9682052417863254;31;0;10;0;0;2;3903.684278938382;04;7;1;Depot;H306;32;Moderat (0° bis 19,99° C);Tag;Wolkig;Arkansas;Winter;Kollision;General Switching Rules;Human Factors;Depot/Rangieren, EinzelneWagen;14844.346424633131;Nicht Signifikant;False
1081;019101033;1991;1;19;2517350.0;2517350.0;2000.0;2515350.0;6;1;0;7;0;0;0;0;34.81029907790165;27;0;123;0;0;12;6494.0;02;1;3;Hauptstrecke;H401;40;Moderat (0° bis 19,99° C);Tag;Wolkig;South Carolina;Winter;Kollision;Main Track Authority;Human Factors;Güterzug, Güterzug;2135338.026974298;Schwer;False
1082;019103018;1991;1;23;120000.0;120000.0;0.0;120000.0;4;0;0;0;0;0;0;0;5.0;108;0;73;0;0;0;14578.16974174474;04;7;1;Depot;H302;28;Kalt (-30° - 0,01° C);Tag;Klar;Ohio;Winter;Kollision;General Switching Rules;Human Factors;Depot/Rangieren, Depot/Rangieren;101789.8040546272;Nicht Signifikant;False
1083;019105035;1991;1;18;89300.0;89300.0;10000.0;79300.0;5;1;0;0;0;0;0;0;8.0;79;7;50;0;0;0;7920.782794013312;01;1;1;Hauptstrecke;H503;38;Moderat (0° bis 19,99° C);Abend;Klar;North Carolina;Winter;Entgleisung;Train Handling/Train Makeup;Human Factors;Güterzug, Güterzug;75748.57918398507;Nicht Signifikant;False
1084;019105049;1991;1;26;54150.0;54150.0;15000.0;39150.0;5;0;0;0;0;0;0;0;8.0;76;2;82;0;0;3;11255.608034561214;04;7;1;Depot;H702;50;Moderat (0° bis 19,99° C);Tag;Schnee;North Carolina;Winter;Kollision;Switches, Use of;Human Factors;Depot/Rangieren, Güterzug;45932.64907965052;Nicht Signifikant;False
1085;019127;2004;12;10;12700.0;12700.0;0.0;12700.0;1;0;0;0;0;0;0;0;3.0;3;0;21;0;0;0;1050.4268352012032;04;7;1;Industriestrecke;H020;50;Moderat (0° bis 19,99° C);Abend;Regen;Tennessee;Herbst;Kollision;Brakes, Use of;Human Factors;Depot/Rangieren, EinzelneWagen;9627.776514290046;Nicht Signifikant;False