index;INCDTNO;YEAR4;MONTH;DAY;ACCDMG;INFRASTRUCTURE_DMG;TRKDMG;EQPDMG;LOCOMOTIVES1;LOCOMOTIVES2;RREMPKLD;RREMPINJ;PASSKLD;PASSINJ;OTHERKLD;OTHERINJ;SPEED;LOADF1;LOADF2;EMPTYF1;EMPTYP1;LOADP1;EMPTYF2;TONS;TYPE;TYPEQ;TRKCLAS;TYPTRK;ACCAUSE;TEMP;TEMP_CLUSTER;VISIBLTY;WEATHER;STATE;Jahreszeit;ACCIDENT_TYPE;ACCCAUSE_LVL1;ACCCAUSE_LVL2;EQUIPMENT_TYPE;ACCDMG_EUR;ACCTYPE;SPD_TOO_HIGH
1086;019127032;1991;1;17;20000.0;20000.0;0.0;20000.0;8;0;0;0;0;0;0;0;5.0;75;0;0;0;0;0;8601.586786877058;04;1;3;Hauptstrecke;H403;32;Moderat (0° bis 19,99° C);Abend;Schnee;West Virginia;Winter;Kollision;Main Track Authority;Human Factors;Güterzug, Lokomotive;16964.967342437863;Nicht Signifikant;False
1087;019147;2004;12;13;27600.0;27600.0;100.0;27500.0;5;1;0;0;0;0;0;0;1.9635609428485408;24;0;36;0;0;0;3896.0289034804573;05;7;1;Depot;H401;45;Moderat (0° bis 19,99° C);Abend;Klar;Alabama;Herbst;Kollision;Main Track Authority;Human Factors;Depot/Rangieren, Depot/Rangieren;20801.9294543262;Nicht Signifikant;False
1088;0191GR202;1991;1;7;10350.0;10350.0;0.0;10350.0;4;0;0;0;0;0;0;0;4.5;52;0;49;0;0;1;7478.520157661951;05;7;1;Depot;H306;22;Kalt (-30° - 0,01° C);Abend;Klar;Wyoming;Winter;Kollision;General Switching Rules;Human Factors;Depot/Rangieren, Depot/Rangieren;8779.370599711596;Nicht Signifikant;False
1089;019229;2004;12;20;163600.0;163600.0;2000.0;161600.0;6;0;0;0;0;0;0;0;16.5;62;0;80;0;0;6;9883.0;04;1;4;Hauptstrecke;H221;8;Kalt (-30° - 0,01° C);Tag;Klar;Pennsylvania;Herbst;Kollision;Flagging, Fixed, Hand and Radio Signals;Human Factors;Güterzug, Güterzug;122290.32740319928;Nicht Signifikant;False
1090;019283;2004;12;23;46100.0;46100.0;3800.0;42300.0;5;2;0;1;0;0;0;0;1.9635609428485408;91;2;0;0;0;0;10240.0;04;1;3;Hauptstrecke;H221;10;Kalt (-30° - 0,01° C);Abend;Schnee;Indiana;Winter;Kollision;Flagging, Fixed, Hand and Radio Signals;Human Factors;Güterzug, Güterzug;34259.80975029727;Signifikant;False
1091;0192FW003;1992;1;7;273845.0;273845.0;500.0;273345.0;1;0;0;0;0;0;0;0;4.949628046035187;45;0;20;0;0;1;5980.396868510705;01;7;1;Depot;M503;57;Moderat (0° bis 19,99° C);Tag;Wolkig;Texas;Winter;Entgleisung;Other Miscellaneous;Miscellaneous Causes;Depot/Rangieren, EinzelneWagen;232288.57409449486;Signifikant;False
1092;0192MW022;1992;1;21;48800.0;48800.0;0.0;48800.0;2;0;0;0;0;0;0;0;4.949628046035187;17;0;1;0;0;0;14440.336383802323;05;5;1;Depot;H306;38;Moderat (0° bis 19,99° C);Tag;Klar;Missouri;Winter;Kollision;General Switching Rules;Human Factors;EinzelneWagen, Güterzug;41394.52031554839;Nicht Signifikant;False
1093;019303014;1993;1;19;42900.0;42900.0;0.0;42900.0;2;0;0;1;0;0;0;0;15.0;1;0;0;0;0;0;183.53737171192955;03;5;3;Hauptstrecke;H404;52;Moderat (0° bis 19,99° C);Tag;Klar;Kentucky;Winter;Kollision;Main Track Authority;Human Factors;EinzelneWagen, Lokomotive;36389.85494952922;Signifikant;False
1094;019407010;1994;1;19;30000.0;30000.0;0.0;30000.0;2;0;0;0;0;0;0;0;5.0;6;1;2;0;0;0;634.0;02;7;1;Depot;H499;-1;Kalt (-30° - 0,01° C);Tag;Schnee;Kentucky;Winter;Kollision;Main Track Authority;Human Factors;Depot/Rangieren, Depot/Rangieren;25447.4510136568;Nicht Signifikant;False
1095;019409001;1994;1;4;89600.0;89600.0;15000.0;74600.0;6;0;0;0;0;0;0;0;5.0;96;10;67;0;0;5;9099.0;04;1;1;Nebenstrecke;H008;35;Moderat (0° bis 19,99° C);Abend;Eisregen;Alabama;Winter;Kollision;Brakes, Use of;Human Factors;Güterzug, Güterzug;76003.05369412164;Nicht Signifikant;False
1096;019409015;1994;1;31;10700.0;10700.0;0.0;10700.0;2;0;0;0;0;0;0;0;2.0;50;2;5;0;0;0;3408.256439118408;04;6;1;Depot;H306;40;Moderat (0° bis 19,99° C);Abenddämmerung;Wolkig;Tennessee;Winter;Kollision;General Switching Rules;Human Factors;EinzelneWagen, Güterzug;9076.257528204258;Nicht Signifikant;False
1097;019411;2005;1;4;28482.0;28482.0;16205.0;12277.0;4;1;0;0;0;0;0;0;9.926406551346263;15;3;24;0;0;1;2509.9790679424373;01;7;1;Depot;T110;62;Moderat (0° bis 19,99° C);Tag;Wolkig;Tennessee;Winter;Entgleisung;Track Geometry;Track, Roadbed and Structures;Depot/Rangieren, Güterzug;21310.886644219976;Nicht Signifikant;False
1098;019424013;1994;1;27;13750.0;13750.0;350.0;13400.0;2;0;0;0;0;0;0;0;3.0;79;0;51;0;0;2;10612.343474993315;04;7;1;Depot;H020;5;Kalt (-30° - 0,01° C);Abend;Klar;Ohio;Winter;Kollision;Brakes, Use of;Human Factors;Depot/Rangieren, EinzelneWagen;11663.415047926032;Nicht Signifikant;False
1099;019425;2005;1;6;6817.0;6817.0;0.0;6817.0;2;0;0;0;0;0;0;0;6.0;1;0;1;0;0;0;213.98378192291798;05;6;X;Depot;H020;60;Moderat (0° bis 19,99° C);Abend;Klar;Florida;Winter;Kollision;Brakes, Use of;Human Factors;EinzelneWagen, Lokomotive;5171.05362967458;Nicht Signifikant;False
1100;019427003;1994;1;4;46700.0;46700.0;5000.0;41700.0;3;0;0;0;0;0;0;0;5.0;106;8;0;0;0;0;12284.939275266577;04;7;1;Depot;H020;28;Kalt (-30° - 0,01° C);Abend;Schnee;Kentucky;Winter;Kollision;Brakes, Use of;Human Factors;Depot/Rangieren, Depot/Rangieren;39613.19874459242;Nicht Signifikant;False
1101;0194LK007;1994;1;11;13500.0;13500.0;1500.0;12000.0;5;0;0;0;0;0;0;0;3.0;7;1;53;0;0;2;2502.3107703064943;01;7;1;Depot;H306;40;Moderat (0° bis 19,99° C);Abend;Regen;Arkansas;Winter;Entgleisung;General Switching Rules;Human Factors;Depot/Rangieren, Güterzug;11451.352956145558;Nicht Signifikant;False
1102;0194LK012;1994;1;28;21000.0;21000.0;0.0;21000.0;2;0;0;0;0;0;0;0;9.926406551346263;26;0;44;0;0;2;4370.075103465696;05;7;1;Depot;H302;28;Kalt (-30° - 0,01° C);Abend;Wolkig;Arkansas;Winter;Kollision;General Switching Rules;Human Factors;Depot/Rangieren, EinzelneWagen;17813.215709559758;Nicht Signifikant;False
1103;0194SL034;1994;1;22;13000.0;13000.0;0.0;13000.0;1;0;0;0;0;0;0;0;1.9635609428485408;5;0;5;0;0;0;802.4048226498525;04;6;1;Hauptstrecke;H603;34;Moderat (0° bis 19,99° C);Tag;Wolkig;Missouri;Winter;Kollision;Speed;Human Factors;EinzelneWagen, Güterzug;11027.228772584613;Nicht Signifikant;False
1104;019501;2005;1;13;11700.0;11700.0;6250.0;5450.0;2;0;0;0;0;0;0;0;5.5;53;2;37;0;0;0;7397.738928273475;04;4;1;Depot;H020;65;Moderat (0° bis 19,99° C);Tag;Wolkig;Pennsylvania;Winter;Kollision;Brakes, Use of;Human Factors;Arbeitszug, Depot/Rangieren;8842.200725513907;Nicht Signifikant;False
1105;019512;1995;1;13;8262.0;8262.0;0.0;8262.0;2;1;0;1;0;0;0;0;4.949628046035187;25;0;0;0;0;0;2913.715560414133;05;7;1;Depot;H399;45;Moderat (0° bis 19,99° C);Abend;Regen;Indiana;Winter;Kollision;General Switching Rules;Human Factors;Depot/Rangieren, Lokomotive;7008.228009161082;Signifikant;False
1106;019519;1995;1;19;15483.0;15483.0;200.0;15283.0;3;0;0;0;0;0;0;0;3.5;52;0;12;0;0;1;6352.00297985538;04;7;1;Depot;H310;34;Moderat (0° bis 19,99° C);Abend;Regen;Illinois;Winter;Kollision;General Switching Rules;Human Factors;Depot/Rangieren, Depot/Rangieren;13133.429468148273;Nicht Signifikant;False
1107;019555;2005;1;17;47329.0;47329.0;4909.0;42420.0;3;0;0;0;0;0;0;0;16.0;79;2;59;0;0;2;11902.77129367427;04;6;1;Nebenstrecke;H022;30;Kalt (-30° - 0,01° C);Tag;Klar;Alabama;Winter;Kollision;Brakes, Use of;Human Factors;EinzelneWagen, Güterzug;36170.42414978983;Nicht Signifikant;True
1108;019576;2005;1;18;12700.0;12700.0;600.0;12100.0;1;0;0;0;0;0;0;0;6.940339448159618;11;0;34;0;0;2;2359.249633416934;01;7;1;Depot;M404;18;Kalt (-30° - 0,01° C);Abend;Wolkig;Indiana;Winter;Entgleisung;Unusual Operational Situations;Miscellaneous Causes;Depot/Rangieren, EinzelneWagen;9724.349157733537;Nicht Signifikant;False
1109;0195KC006;1995;1;23;159874.0;159874.0;2000.0;157874.0;4;1;0;0;0;0;0;0;10.0;116;0;0;0;0;0;14314.889973591336;01;1;1;Nebenstrecke;H017;30;Kalt (-30° - 0,01° C);Tag;Klar;Missouri;Winter;Entgleisung;Brakes, Use of;Human Factors;Güterzug, Lokomotive;135612.85944524556;Nicht Signifikant;False
1110;0195LA005;1995;1;12;1651360.0;1651360.0;119996.0;1531361.0;6;6;1;3;0;0;0;0;29.0;79;6;84;0;0;8;13383.0;02;1;4;Hauptstrecke;H215;38;Moderat (0° bis 19,99° C);Abend;Nebel;Nevada;Winter;Kollision;Flagging, Fixed, Hand and Radio Signals;Human Factors;Güterzug, Güterzug;1400763.4235304096;Schwer;False
1111;0195SL039;1995;1;31;13800.0;13800.0;2500.0;11300.0;3;0;0;0;0;0;0;0;2.958916643910756;20;1;29;0;0;3;2700.0;01;7;1;Depot;H306;33;Moderat (0° bis 19,99° C);Abend;Klar;Illinois;Winter;Entgleisung;General Switching Rules;Human Factors;Depot/Rangieren, Depot/Rangieren;11705.827466282128;Nicht Signifikant;False
1112;0196;1996;12;30;11915.0;11915.0;19850.0;3980.0;2;0;0;0;0;0;0;0;6.0;12;5;0;0;0;0;1280.0;01;1;X;Hauptstrecke;T110;50;Moderat (0° bis 19,99° C);Tag;Klar;South Carolina;Winter;Entgleisung;Track Geometry;Track, Roadbed and Structures;Güterzug, Güterzug;10106.879294257358;Nicht Signifikant;False
1113;019623024;1996;1;13;21000.0;21000.0;0.0;21000.0;6;1;0;0;0;0;0;0;1.0;26;0;23;0;0;0;3727.740419796125;04;7;1;Depot;H602;35;Moderat (0° bis 19,99° C);Tag;Klar;Ohio;Winter;Kollision;Speed;Human Factors;Depot/Rangieren, Depot/Rangieren;17813.215709559758;Nicht Signifikant;False
1114;0196IW003;1996;1;9;14400.0;14400.0;2500.0;11900.0;2;1;0;0;0;0;0;0;4.0;26;0;15;0;0;1;3485.649172727625;04;1;1;Depot;H507;20;Kalt (-30° - 0,01° C);Abend;Klar;Iowa;Winter;Kollision;Train Handling/Train Makeup;Human Factors;Güterzug, Güterzug;12214.776486555264;Nicht Signifikant;False
1115;0196LK007;1996;1;17;6500.0;6500.0;0.0;6500.0;2;0;0;0;0;0;0;0;2.958916643910756;0;0;116;0;0;2;2551.336383802324;01;5;1;Depot;M503;65;Moderat (0° bis 19,99° C);Tag;Nebel;Arkansas;Winter;Entgleisung;Other Miscellaneous;Miscellaneous Causes;EinzelneWagen, Güterzug;5513.614386292306;Nicht Signifikant;False
1116;0196PR016;1996;1;25;61698.0;61698.0;0.0;61698.0;5;2;0;0;0;0;0;0;4.5;6;1;4;0;0;4;9028.0;01;1;1;Depot;H399;23;Kalt (-30° - 0,01° C);Tag;Klar;Illinois;Winter;Entgleisung;General Switching Rules;Human Factors;Güterzug, Güterzug;52335.227754686566;Nicht Signifikant;False
1117;0196VB014;1996;1;18;12200.0;12200.0;0.0;12200.0;2;0;0;0;0;0;0;0;14.903185056657339;25;0;14;0;0;0;2990.880930977875;04;6;2;Hauptstrecke;M105;12;Kalt (-30° - 0,01° C);Abend;Schnee;Oklahoma;Winter;Kollision;Environmental Conditions;Environmental Conditions;EinzelneWagen, Güterzug;10348.630078887098;Nicht Signifikant;False
1118;019701007;1997;1;12;93309.0;93309.0;0.0;93309.0;4;0;0;0;0;0;0;0;7.0;20;0;125;0;0;0;6826.98662875356;05;1;2;Depot;H305;30;Kalt (-30° - 0,01° C);Tag;Klar;Alabama;Winter;Kollision;General Switching Rules;Human Factors;Güterzug, Güterzug;79149.20688777673;Nicht Signifikant;False
1119;019701016;1997;1;21;58461.0;58461.0;600.0;57861.0;2;0;0;0;0;0;0;0;8.0;21;1;0;0;0;0;1576.162247179111;05;1;1;Hauptstrecke;H020;33;Moderat (0° bis 19,99° C);Abend;Wolkig;Georgia;Winter;Kollision;Brakes, Use of;Human Factors;Güterzug, Güterzug;49589.447790313;Nicht Signifikant;False
1120;019704009;1997;1;22;14834.0;14834.0;300.0;14534.0;2;0;0;0;0;0;0;0;1.0;3;0;22;0;0;0;1080.8732454121916;04;7;1;Depot;H020;38;Moderat (0° bis 19,99° C);Abend;Regen;Tennessee;Winter;Kollision;Brakes, Use of;Human Factors;Depot/Rangieren, Depot/Rangieren;12582.916277886165;Nicht Signifikant;False
1121;019707018;1997;1;22;34645.0;34645.0;900.0;33745.0;2;1;0;0;0;0;0;0;4.0;16;2;13;0;0;0;1811.6229046454796;04;1;1;Depot;H401;40;Moderat (0° bis 19,99° C);Abend;Regen;Kentucky;Winter;Kollision;Main Track Authority;Human Factors;Güterzug, Güterzug;29387.56467893799;Nicht Signifikant;False
1122;019722008;1997;1;13;11970.0;11970.0;0.0;11970.0;3;0;0;0;0;0;0;0;3.0;3;0;0;0;0;0;411.05222077044647;05;7;1;Depot;H306;30;Kalt (-30° - 0,01° C);Abend;Klar;Maryland;Winter;Kollision;General Switching Rules;Human Factors;Depot/Rangieren, Depot/Rangieren;10153.532954449061;Nicht Signifikant;False
1123;019727020;1997;1;22;16319.0;16319.0;100.0;16219.0;2;0;0;0;0;0;0;0;4.0;5;1;10;0;0;1;964.1202475560681;04;7;1;Depot;T101;40;Moderat (0° bis 19,99° C);Tag;Regen;Kentucky;Winter;Kollision;Track Geometry;Track, Roadbed and Structures;Depot/Rangieren, EinzelneWagen;13842.565103062176;Nicht Signifikant;False
1124;0197CB015;1997;1;20;1010630.0;1010630.0;500934.0;509700.0;4;3;0;0;0;0;0;0;43.69133384994878;80;23;5;0;0;5;6405.77863686172;01;6;1;Depot;T110;35;Moderat (0° bis 19,99° C);Abenddämmerung;Klar;Iowa;Winter;Entgleisung;Track Geometry;Track, Roadbed and Structures;EinzelneWagen, EinzelneWagen, Güterzug;857265.247264399;Signifikant;True
1125;0197HO014;1997;1;7;7889.0;7889.0;0.0;7889.0;5;0;0;0;0;0;0;0;2.958916643910756;122;2;24;0;0;0;14718.117666811555;01;1;1;Depot;H999;50;Moderat (0° bis 19,99° C);Abend;Klar;Texas;Winter;Entgleisung;Miscellaneous;Human Factors;Güterzug, Güterzug;6691.831368224616;Nicht Signifikant;False
1126;0197PD007;1997;1;3;121271.0;121271.0;0.0;121271.0;10;0;0;0;0;0;0;0;4.5;100;0;71;0;0;3;4331.025202429733;05;7;1;Depot;H306;40;Moderat (0° bis 19,99° C);Tag;Klar;Oregon;Winter;Kollision;General Switching Rules;Human Factors;Depot/Rangieren, Güterzug;102867.92772923912;Nicht Signifikant;False
1127;0197TS007;1997;1;2;30500.0;30500.0;0.0;30500.0;0;0;0;0;0;0;0;0;2.958916643910756;0;0;4;0;0;4;197.48572650425234;04;6;1;Depot;H020;40;Moderat (0° bis 19,99° C);Abend;Wolkig;Texas;Winter;Kollision;Brakes, Use of;Human Factors;EinzelneWagen, EinzelneWagen;25871.575197217742;Nicht Signifikant;False
1128;019801009;1998;1;11;7735.0;7735.0;400.0;7335.0;3;0;0;0;0;0;0;0;18.0;63;2;18;0;0;4;9126.0;03;1;1;Nebenstrecke;H499;58;Moderat (0° bis 19,99° C);Tag;Klar;Alabama;Winter;Kollision;Main Track Authority;Human Factors;Güterzug, Güterzug;6561.201119687844;Nicht Signifikant;True
1129;019805002;1998;1;3;112497.0;112497.0;12000.0;100497.0;4;2;0;0;0;0;0;0;7.0;166;8;28;0;0;0;19962.884232929762;04;7;1;Depot;H525;60;Moderat (0° bis 19,99° C);Morgendämmerung;Klar;South Carolina;Winter;Kollision;Train Handling/Train Makeup;Human Factors;Depot/Rangieren, Depot/Rangieren;95425.39655611162;Nicht Signifikant;False
1130;019821024;1998;1;22;79202.0;79202.0;2000.0;77202.0;4;0;0;0;0;0;0;0;7.0;60;3;38;0;0;6;8377.422704764016;01;1;1;Depot;T207;46;Moderat (0° bis 19,99° C);Tag;Regen;Tennessee;Winter;Entgleisung;Rail, Joint Bar and Rail Anchoring;Track, Roadbed and Structures;Güterzug, Güterzug;67182.9671727882;Nicht Signifikant;False
1131;019854;2005;2;10;24950.0;24950.0;500.0;24450.0;2;0;0;0;0;0;0;0;2.958916643910756;39;5;19;0;0;0;5301.782794013312;01;6;1;Depot;T110;33;Moderat (0° bis 19,99° C);Abend;Klar;Georgia;Winter;Entgleisung;Track Geometry;Track, Roadbed and Structures;EinzelneWagen, Güterzug;19527.275573295767;Nicht Signifikant;False
1132;0198FW003;1998;1;13;530743.0;530743.0;300000.0;230743.0;8;4;0;0;0;0;0;0;27.84280917046614;72;2;36;0;0;10;7772.669308082522;01;6;3;Hauptstrecke;H503;37;Moderat (0° bis 19,99° C);Abend;Wolkig;Texas;Winter;Entgleisung;Train Handling/Train Makeup;Human Factors;EinzelneWagen, Güterzug;450201.883111375;Signifikant;False
1133;0198HO009;1998;1;18;12900.0;12900.0;1200.0;11700.0;2;0;0;0;0;0;0;0;4.949628046035187;38;0;73;0;0;2;6781.746623559469;01;7;1;Depot;H504;65;Moderat (0° bis 19,99° C);Tag;Wolkig;Texas;Winter;Entgleisung;Train Handling/Train Makeup;Human Factors;Depot/Rangieren, EinzelneWagen;10942.403935872422;Nicht Signifikant;False
1134;0198PD039;1998;1;23;29500.0;29500.0;4500.0;25000.0;4;1;0;1;0;0;0;0;4.0;52;0;28;0;0;0;6172.0;04;7;1;Depot;H399;48;Moderat (0° bis 19,99° C);Tag;Wolkig;Oregon;Winter;Kollision;General Switching Rules;Human Factors;Depot/Rangieren, Depot/Rangieren;25023.32683009585;Signifikant;False
1135;0198RS022;1998;1;19;1322050.0;1322050.0;152540.0;1169514.0;3;0;0;0;0;0;0;0;58.69883590339481;44;32;0;0;0;0;3103.7712881769244;01;6;4;Hauptstrecke;H999;46;Moderat (0° bis 19,99° C);Abend;Regen;Kalifornien;Winter;Entgleisung;Miscellaneous;Human Factors;EinzelneWagen, Güterzug;1121426.753753499;Signifikant;False
1136;019901020;1999;1;12;8691.0;8691.0;500.0;8191.0;3;0;0;0;0;0;0;0;5.0;12;0;31;0;0;2;3152.0;04;1;1;Depot;T221;35;Moderat (0° bis 19,99° C);Abend;Wolkig;Georgia;Winter;Kollision;Rail, Joint Bar and Rail Anchoring;Track, Roadbed and Structures;Güterzug, Güterzug;7544.270833333334;Nicht Signifikant;False
1137;019903;2005;2;15;12400.0;12400.0;0.0;12400.0;3;0;0;0;0;0;0;0;6.940339448159618;26;0;28;0;0;0;3879.972470851067;05;7;1;Depot;H210;50;Moderat (0° bis 19,99° C);Abend;Nebel;Georgia;Winter;Kollision;Flagging, Fixed, Hand and Radio Signals;Human Factors;Depot/Rangieren, Depot/Rangieren;9526.736324523663;Nicht Signifikant;False
1138;019907037;1999;1;22;16153.0;16153.0;200.0;15953.0;3;0;0;0;0;0;0;0;2.0;28;0;63;0;0;0;5446.91967170837;04;6;1;Depot;H306;35;Moderat (0° bis 19,99° C);Morgendämmerung;Klar;Kentucky;Winter;Kollision;General Switching Rules;Human Factors;EinzelneWagen, Güterzug;13964.727241289876;Nicht Signifikant;False
1139;0199NP027;1999;1;30;8343.0;8343.0;500.0;7843.0;4;0;0;0;0;0;0;0;2.958916643910756;34;1;12;0;0;1;3909.0;04;1;1;Depot;H306;29;Kalt (-30° - 0,01° C);Abend;Wolkig;Nebraska;Winter;Kollision;General Switching Rules;Human Factors;Güterzug, Güterzug;7338.591450184718;Nicht Signifikant;False
1140;0199NP031;1999;1;13;43000.0;43000.0;40000.0;3000.0;0;0;0;0;0;0;0;0;9.926406551346263;27;1;0;0;0;0;2101.0;01;5;1;Depot;S099;13;Kalt (-30° - 0,01° C);Abend;Schnee;Nebraska;Winter;Entgleisung;other software/programming deficiencies, etc.);Signal and Communication;EinzelneWagen, EinzelneWagen;36614.44141689373;Nicht Signifikant;False
1141;0199SL012;1999;1;13;20957.0;20957.0;0.0;20957.0;4;0;0;0;0;0;0;0;3.0;41;2;39;0;0;2;5450.0;04;7;1;Hauptstrecke;H306;20;Kalt (-30° - 0,01° C);Tag;Eisregen;Missouri;Winter;Kollision;General Switching Rules;Human Factors;Depot/Rangieren, Güterzug;17844.85694822888;Nicht Signifikant;False
1142;0199SL024;1999;1;19;40212.0;40212.0;2500.0;37712.0;2;0;0;0;0;0;0;0;4.949628046035187;36;4;0;0;0;0;4243.48339422723;01;7;1;Depot;T110;45;Moderat (0° bis 19,99° C);Tag;Klar;Illinois;Winter;Entgleisung;Track Geometry;Track, Roadbed and Structures;Depot/Rangieren, EinzelneWagen;34617.76859504132;Nicht Signifikant;False
1143;020001056;2000;2;24;10763.0;10763.0;500.0;10263.0;1;0;0;0;0;0;0;0;5.0;2;1;6;0;0;1;501.06233312433903;04;7;1;Industriestrecke;M501;34;Moderat (0° bis 19,99° C);Abend;Klar;Georgia;Winter;Kollision;Other Miscellaneous;Miscellaneous Causes;Depot/Rangieren, EinzelneWagen;10873.913922004445;Nicht Signifikant;False
1144;020004;1995;5;8;2397510.0;2397510.0;287000.0;2110510.0;8;2;0;3;0;0;0;0;35.5;126;43;116;0;0;30;14605.0;04;1;3;Hauptstrecke;H525;40;Moderat (0° bis 19,99° C);Abend;Klar;Pennsylvania;Frühling;Kollision;Train Handling/Train Makeup;Human Factors;Güterzug, Güterzug;2033683.9426584102;Schwer;False
1145;020007050;2000;2;25;27804.0;27804.0;0.0;27804.0;2;0;0;0;0;0;0;0;3.0;90;2;0;0;0;0;10347.166236811561;04;7;1;Depot;H306;53;Moderat (0° bis 19,99° C);Tag;Klar;Kentucky;Winter;Kollision;General Switching Rules;Human Factors;Depot/Rangieren, Depot/Rangieren;28333.842861510242;Nicht Signifikant;False
1146;020012029;2000;2;11;14094.0;14094.0;50.0;14044.0;2;0;0;0;0;0;0;0;8.0;14;1;0;0;0;0;1476.162247179111;04;6;1;Depot;H020;55;Moderat (0° bis 19,99° C);Tag;Klar;Florida;Winter;Kollision;Brakes, Use of;Human Factors;EinzelneWagen, Güterzug;14380.165289256198;Nicht Signifikant;False
1147;020031052;2000;2;24;48750.0;48750.0;2800.0;45950.0;2;0;0;0;0;0;0;0;3.0;2;0;11;0;0;7;784.9686079543005;04;7;1;Depot;H702;50;Moderat (0° bis 19,99° C);Abend;Wolkig;Indiana;Winter;Kollision;Switches, Use of;Human Factors;Depot/Rangieren, Güterzug;49252.37421701354;Nicht Signifikant;False
1148;020033003;2000;2;14;20826.0;20826.0;800.0;20026.0;2;0;0;0;0;0;0;0;1.0;11;0;91;0;0;18;4020.2486325684667;01;6;1;Depot;H704;40;Moderat (0° bis 19,99° C);Abend;Regen;Pennsylvania;Winter;Entgleisung;Switches, Use of;Human Factors;EinzelneWagen, Güterzug;21106.719367588932;Nicht Signifikant;False
1149;0200FW014;2000;2;15;68845.0;68845.0;12024.0;56821.0;4;0;0;0;0;0;0;0;8.0;40;6;36;0;0;4;5504.0;04;7;2;Depot;H702;53;Moderat (0° bis 19,99° C);Abend;Wolkig;Texas;Winter;Kollision;Switches, Use of;Human Factors;Depot/Rangieren, Depot/Rangieren;70408.0589077521;Nicht Signifikant;False
1150;0200FW018;2000;2;16;44742.0;44742.0;0.0;44742.0;6;2;0;0;0;0;0;0;3.9542723449729715;35;1;48;0;0;0;5723.889973591336;04;7;1;Depot;H204;60;Moderat (0° bis 19,99° C);Abend;Klar;Texas;Winter;Kollision;Flagging, Fixed, Hand and Radio Signals;Human Factors;Depot/Rangieren, Lokomotive;45636.47490820073;Nicht Signifikant;False
1151;0200LK013;2000;2;12;23468.0;23468.0;1000.0;22468.0;6;0;0;0;0;0;0;0;3.5;62;3;61;0;0;3;9435.0;04;7;1;Depot;H211;37;Moderat (0° bis 19,99° C);Abend;Wolkig;Arkansas;Winter;Kollision;Flagging, Fixed, Hand and Radio Signals;Human Factors;Depot/Rangieren, Depot/Rangieren;23890.868370151686;Nicht Signifikant;False
1152;0200LK039;2000;2;27;18416.0;18416.0;500.0;17916.0;4;0;0;0;0;0;0;0;3.5;140;0;117;0;0;3;9279.0;04;7;1;Depot;H307;72;Warm (20° bis 31,99° C);Tag;Klar;Arkansas;Winter;Kollision;General Switching Rules;Human Factors;Depot/Rangieren, Depot/Rangieren;18991.440651747962;Nicht Signifikant;False
1153;0200PD023;2000;2;17;40583.0;40583.0;35365.0;5218.0;2;0;0;0;0;0;0;0;7.935695149221832;30;5;32;0;0;0;4201.350718768516;01;7;1;Depot;H312;43;Moderat (0° bis 19,99° C);Abend;Klar;Oregon;Winter;Entgleisung;General Switching Rules;Human Factors;Depot/Rangieren, EinzelneWagen;40914.40669422321;Nicht Signifikant;False
1154;0200UC006;2000;2;25;22700.0;22700.0;200.0;22500.0;5;1;0;0;0;0;0;0;3.0;91;0;41;0;0;0;12094.0;04;7;1;Depot;H605;46;Moderat (0° bis 19,99° C);Morgendämmerung;Klar;Kalifornien;Winter;Kollision;Speed;Human Factors;Depot/Rangieren, Güterzug;23132.57923163151;Nicht Signifikant;False
1155;020107038;2001;2;17;821026.0;821026.0;5000.0;816026.0;4;2;1;2;0;0;0;0;32.0;139;3;4;0;0;0;15659.0;03;1;4;Hauptstrecke;H215;18;Kalt (-30° - 0,01° C);Abend;Wolkig;Ohio;Winter;Kollision;Flagging, Fixed, Hand and Radio Signals;Human Factors;Güterzug, Güterzug;897655.8912496811;Schwer;False
1156;020129002;2001;2;4;10000.0;10000.0;0.0;10000.0;3;0;0;1;0;0;0;0;9.0;53;0;3;0;0;0;4850.889973591336;04;1;2;Depot;H401;35;Moderat (0° bis 19,99° C);Abend;Regen;Illinois;Winter;Kollision;Main Track Authority;Human Factors;Güterzug, Lokomotive;10616.838305552606;Signifikant;False
1157;020191104;1991;1;21;35000.0;35000.0;0.0;35000.0;2;0;0;0;0;0;0;0;4.949628046035187;65;1;60;0;0;1;9276.103435847686;04;7;1;Depot;H401;34;Moderat (0° bis 19,99° C);Abenddämmerung;Klar;Texas;Winter;Kollision;Main Track Authority;Human Factors;Depot/Rangieren, EinzelneWagen;29688.692849266263;Nicht Signifikant;False
1158;0201LV005;2001;2;3;14799.0;14799.0;1800.0;12999.0;4;0;0;0;0;0;0;0;3.0;83;0;37;0;0;1;11293.0;04;7;1;Depot;H306;58;Moderat (0° bis 19,99° C);Tag;Wolkig;Louisiana;Winter;Kollision;General Switching Rules;Human Factors;Depot/Rangieren, Depot/Rangieren;15721.87400403697;Nicht Signifikant;False
1159;0201SA021;2001;2;14;36926.0;36926.0;5000.0;31926.0;1;1;0;0;0;0;0;0;4.0;25;1;5;0;0;1;2550.0;01;7;2;Depot;H018;76;Warm (20° bis 31,99° C);Tag;Klar;Texas;Winter;Entgleisung;Brakes, Use of;Human Factors;Depot/Rangieren, EinzelneWagen;40233.1662671606;Nicht Signifikant;False