index;INCDTNO;YEAR4;MONTH;DAY;ACCDMG;INFRASTRUCTURE_DMG;TRKDMG;EQPDMG;LOCOMOTIVES1;LOCOMOTIVES2;RREMPKLD;RREMPINJ;PASSKLD;PASSINJ;OTHERKLD;OTHERINJ;SPEED;LOADF1;LOADF2;EMPTYF1;EMPTYP1;LOADP1;EMPTYF2;TONS;TYPE;TYPEQ;TRKCLAS;TYPTRK;ACCAUSE;TEMP;TEMP_CLUSTER;VISIBLTY;WEATHER;STATE;Jahreszeit;ACCIDENT_TYPE;ACCCAUSE_LVL1;ACCCAUSE_LVL2;EQUIPMENT_TYPE;ACCDMG_EUR;ACCTYPE;SPD_TOO_HIGH
1160;0201UT025;2001;2;26;138576.0;138576.0;0.0;138576.0;2;0;0;0;0;0;0;0;6.920452597546157;60;5;30;0;0;6;6828.234283417661;01;6;1;Nebenstrecke;M101;30;Kalt (-30° - 0,01° C);Tag;Wolkig;Idaho;Winter;Entgleisung;Environmental Conditions;Environmental Conditions;EinzelneWagen, EinzelneWagen, Güterzug;152197.69357495883;Signifikant;False
1161;020207005;2002;2;8;17447.0;17447.0;459.0;16988.0;1;0;0;0;0;0;0;0;5.0;11;1;12;0;0;0;1637.8211414157813;05;7;1;Depot;H302;55;Moderat (0° bis 19,99° C);Tag;Klar;Kentucky;Winter;Kollision;General Switching Rules;Human Factors;Depot/Rangieren, EinzelneWagen;19962.242562929063;Nicht Signifikant;False
1162;020220;2005;3;6;23400.0;23400.0;200.0;23200.0;4;0;0;0;0;0;0;0;8.5;17;1;6;0;0;0;2205.943666443809;05;7;1;Depot;H607;37;Moderat (0° bis 19,99° C);Tag;Klar;Alabama;Winter;Kollision;Speed;Human Factors;Depot/Rangieren, Lokomotive;17768.10347009542;Nicht Signifikant;False
1163;020231033;2002;2;25;136125.0;136125.0;2468.0;133657.0;3;0;0;1;0;0;0;0;15.0;58;3;33;0;0;3;8047.74679470181;03;6;4;Hauptstrecke;H210;64;Moderat (0° bis 19,99° C);Tag;Klar;Ohio;Winter;Kollision;Flagging, Fixed, Hand and Radio Signals;Human Factors;EinzelneWagen, Güterzug;156035.07565337003;Signifikant;False
1164;020291103;1991;2;17;9110.0;9110.0;0.0;9110.0;3;0;0;0;0;0;0;0;5.0;26;0;56;0;0;0;5006.336383802324;04;5;1;Depot;H018;55;Moderat (0° bis 19,99° C);Abenddämmerung;Klar;Texas;Winter;Kollision;Brakes, Use of;Human Factors;EinzelneWagen, Güterzug;7727.542624480448;Nicht Signifikant;False
1165;020291104;1991;2;15;7700.0;7700.0;0.0;7700.0;0;0;0;0;0;0;0;0;4.949628046035187;3;0;8;0;0;1;656.1035370777607;04;6;1;Depot;H401;55;Moderat (0° bis 19,99° C);Abend;Klar;Texas;Winter;Kollision;Main Track Authority;Human Factors;EinzelneWagen, EinzelneWagen;6531.512426838578;Nicht Signifikant;False
1166;0202LK046;2002;2;1;20530.0;20530.0;11382.0;9148.0;0;0;0;0;0;0;0;0;4.0;3;3;0;0;0;0;1178.2564391184076;01;5;1;Depot;T110;35;Moderat (0° bis 19,99° C);Tag;Klar;Arkansas;Winter;Entgleisung;Track Geometry;Track, Roadbed and Structures;EinzelneWagen, EinzelneWagen;23783.59592215014;Nicht Signifikant;False
1167;0202LV021;2002;2;10;16072.0;16072.0;5600.0;10472.0;1;0;0;0;0;0;0;0;3.9542723449729715;6;5;0;0;0;0;1318.647398120594;01;7;1;Depot;T314;50;Moderat (0° bis 19,99° C);Abend;Wolkig;Louisiana;Winter;Entgleisung;Frogs, Switches and Track Appliances;Track, Roadbed and Structures;Depot/Rangieren, EinzelneWagen;18313.582497721058;Nicht Signifikant;False
1168;0202PD008;2002;2;7;9608.0;9608.0;0.0;9608.0;2;0;0;0;0;0;0;0;2.958916643910756;79;1;0;0;0;0;8770.0;01;7;1;Industriestrecke;H702;40;Moderat (0° bis 19,99° C);Abend;Wolkig;Oregon;Winter;Entgleisung;Switches, Use of;Human Factors;Depot/Rangieren, EinzelneWagen;11089.566020313943;Nicht Signifikant;False
1169;0202PD026;2002;2;23;10119.0;10119.0;1000.0;9119.0;5;2;0;0;0;0;0;0;4.0;23;1;0;0;0;0;1563.8899735913355;03;7;1;Depot;H599;56;Moderat (0° bis 19,99° C);Tag;Wolkig;Oregon;Winter;Kollision;Train Handling/Train Makeup;Human Factors;Depot/Rangieren, Lokomotive;11578.686398657412;Nicht Signifikant;False
1170;0202TC013;2002;2;25;13900.0;13900.0;3600.0;10300.0;2;0;0;0;0;0;0;0;3.9542723449729715;30;4;1;0;0;1;3592.865291882075;01;7;1;Depot;M405;20;Kalt (-30° - 0,01° C);Abend;Wolkig;Iowa;Winter;Entgleisung;Unusual Operational Situations;Miscellaneous Causes;Depot/Rangieren, EinzelneWagen;15933.058230169649;Nicht Signifikant;False
1171;0202WH007;2002;2;16;7960.0;7960.0;4200.0;3760.0;2;0;0;0;0;0;0;0;4.949628046035187;65;1;86;0;0;3;9094.0;01;6;1;Depot;M409;32;Moderat (0° bis 19,99° C);Tag;Klar;Kansas;Winter;Entgleisung;Unusual Operational Situations;Miscellaneous Causes;EinzelneWagen, Güterzug;9140.669856459328;Nicht Signifikant;False
1172;020309;2005;3;14;32117.0;32117.0;1602.0;30515.0;5;0;0;0;0;0;0;0;1.9635609428485408;6;4;8;0;0;0;1507.8899735913355;01;1;1;Depot;H704;34;Moderat (0° bis 19,99° C);Abend;Wolkig;Indiana;Winter;Entgleisung;Switches, Use of;Human Factors;Güterzug, Lokomotive;24018.09751720012;Nicht Signifikant;False
1173;020331004;2003;2;4;9975.0;9975.0;0.0;9975.0;2;0;0;0;0;0;0;0;10.0;6;0;8;0;0;0;1036.647398120594;04;7;1;Depot;H020;15;Kalt (-30° - 0,01° C);Abend;Wolkig;Ohio;Winter;Kollision;Brakes, Use of;Human Factors;Depot/Rangieren, EinzelneWagen;9217.335058214747;Nicht Signifikant;False
1174;020331032;2003;2;28;138517.0;138517.0;100.0;138417.0;0;0;0;0;0;0;0;0;10.0;1;0;5;0;0;4;292.5957529129168;04;6;1;Depot;H305;20;Kalt (-30° - 0,01° C);Abend;Wolkig;Indiana;Winter;Kollision;General Switching Rules;Human Factors;EinzelneWagen, EinzelneWagen;128470.59914672602;Nicht Signifikant;False
1175;020331038;2003;2;22;19715.0;19715.0;0.0;19715.0;0;0;0;0;0;0;0;0;10.0;1;0;1;0;0;0;165.33638380232395;02;5;1;Depot;M407;34;Moderat (0° bis 19,99° C);Tag;Klar;Indiana;Winter;Kollision;Unusual Operational Situations;Miscellaneous Causes;EinzelneWagen, EinzelneWagen;18256.32002963237;Nicht Signifikant;False
1176;020333001;2003;2;5;52158.0;52158.0;1900.0;50258.0;4;0;0;0;0;0;0;0;6.0;62;2;36;0;0;0;7280.0;04;7;1;Depot;H307;28;Kalt (-30° - 0,01° C);Tag;Klar;Maryland;Winter;Kollision;General Switching Rules;Human Factors;Depot/Rangieren, Depot/Rangieren;47807.516040329974;Nicht Signifikant;False
1177;020380;2005;3;17;13500.0;13500.0;0.0;13500.0;4;0;0;0;0;0;0;0;5.944983747097401;81;0;43;0;0;0;11425.0;03;1;3;Hauptstrecke;H222;27;Kalt (-30° - 0,01° C);Abend;Wolkig;Pennsylvania;Winter;Kollision;Flagging, Fixed, Hand and Radio Signals;Human Factors;Güterzug, Güterzug;10091.194498430257;Nicht Signifikant;False
1178;020392104;1992;3;23;13691.0;13691.0;0.0;13691.0;4;0;0;0;0;0;0;0;4.0;103;0;6;0;0;0;11256.0;04;7;1;Depot;H699;35;Moderat (0° bis 19,99° C);Morgendämmerung;Klar;Texas;Frühling;Kollision;Speed;Human Factors;Depot/Rangieren, Güterzug;11613.36839426584;Nicht Signifikant;False
1179;0203HO020;2003;2;25;9750.0;9750.0;0.0;9750.0;5;0;0;0;0;0;0;0;7.5;42;0;81;0;0;1;12551.0;04;7;1;Depot;H602;50;Moderat (0° bis 19,99° C);Tag;Regen;Texas;Winter;Kollision;Speed;Human Factors;Depot/Rangieren, Depot/Rangieren;9049.563764618526;Nicht Signifikant;False
1180;0203LA016;2003;2;16;7253.0;7253.0;500.0;6753.0;3;3;0;0;0;0;0;0;5.0;0;0;0;0;0;0;69.7799471826711;04;8;1;Depot;H306;65;Moderat (0° bis 19,99° C);Tag;Klar;Kalifornien;Winter;Kollision;General Switching Rules;Human Factors;Lokomotive, Lokomotive;6752.211016291699;Nicht Signifikant;False
1181;0203PR021;2003;2;28;68013.0;68013.0;800.0;67213.0;4;1;0;0;0;0;0;0;6.0;72;3;0;0;0;0;9354.889973591336;04;1;1;Depot;H702;35;Moderat (0° bis 19,99° C);Tag;Wolkig;Illinois;Winter;Kollision;Switches, Use of;Human Factors;Güterzug, Lokomotive;63080.13355592654;Nicht Signifikant;False
1182;0203SL005;2003;2;11;36494.0;36494.0;0.0;36494.0;9;0;0;2;0;0;0;0;17.889252159843984;30;0;0;0;0;0;2592.8899735913355;02;7;1;Depot;H516;29;Kalt (-30° - 0,01° C);Abend;Klar;Illinois;Winter;Kollision;Train Handling/Train Makeup;Human Factors;Depot/Rangieren, Lokomotive;34087.4276106856;Signifikant;True
1183;020442;2005;3;14;10448.0;10448.0;0.0;10448.0;3;0;0;0;0;0;0;0;3.0;52;0;91;0;0;0;8865.149847632947;05;7;1;Depot;H702;16;Kalt (-30° - 0,01° C);Abend;Wolkig;Ohio;Winter;Kollision;Switches, Use of;Human Factors;Depot/Rangieren, Güterzug;7813.341310200419;Nicht Signifikant;False
1184;0204HO026;2004;2;28;61415.0;61415.0;45500.0;15915.0;3;0;0;0;0;0;0;0;10.0;58;1;34;0;0;1;7930.0;01;7;1;Depot;S016;62;Moderat (0° bis 19,99° C);Abend;Wolkig;Texas;Winter;Entgleisung;SIGNAL AND COMMUNICATION;Signal and Communication;Depot/Rangieren, EinzelneWagen;49368.971061093245;Nicht Signifikant;False
1185;0204LA032;2004;2;25;97406.0;97406.0;91000.0;6406.0;4;0;0;0;0;0;0;0;5.944983747097401;113;17;11;0;0;5;13460.832642360372;01;6;1;Depot;T113;70;Warm (20° bis 31,99° C);Tag;Wolkig;Kalifornien;Winter;Entgleisung;Track Geometry;Track, Roadbed and Structures;EinzelneWagen, Güterzug;77128.8304695542;Nicht Signifikant;False
1186;0204LK027;2004;2;21;17570.0;17570.0;4312.0;13258.0;7;2;0;0;0;0;0;0;3.0;55;1;59;0;0;1;8070.889973591336;04;7;1;Depot;H306;41;Moderat (0° bis 19,99° C);Abend;Wolkig;Arkansas;Winter;Kollision;General Switching Rules;Human Factors;Depot/Rangieren, Lokomotive;13906.91784074719;Nicht Signifikant;False
1187;0204LK032;2004;2;25;9273.0;9273.0;5450.0;3823.0;3;0;0;0;0;0;0;0;5.5;0;0;49;0;0;4;3105.8899735913355;04;7;1;Depot;H017;51;Moderat (0° bis 19,99° C);Tag;Klar;Arkansas;Winter;Kollision;Brakes, Use of;Human Factors;Depot/Rangieren, Lokomotive;7342.624119090981;Nicht Signifikant;False
1188;0204LV018;2004;2;22;59183.0;59183.0;21650.0;37533.0;4;0;0;0;0;0;0;0;6.5;11;3;17;0;0;0;1695.0;04;7;1;Depot;H306;65;Moderat (0° bis 19,99° C);Tag;Klar;Texas;Winter;Kollision;General Switching Rules;Human Factors;Depot/Rangieren, Depot/Rangieren;46952.0031733439;Nicht Signifikant;False
1189;0204PD003;2004;2;6;44893.0;44893.0;891.0;44002.0;7;0;0;0;0;0;0;0;6.940339448159618;51;0;41;0;0;0;7876.0;04;7;1;Depot;H702;43;Moderat (0° bis 19,99° C);Tag;Klar;Oregon;Winter;Kollision;Switches, Use of;Human Factors;Depot/Rangieren, Güterzug;35831.27145023546;Nicht Signifikant;False
1190;0204PR012;2004;2;13;64537.0;64537.0;2484.0;62053.0;3;0;0;0;0;0;0;0;4.5;49;3;115;0;0;2;15279.0;04;7;1;Depot;H702;9;Kalt (-30° - 0,01° C);Abend;Klar;Illinois;Winter;Kollision;Switches, Use of;Human Factors;Depot/Rangieren, Güterzug;50356.58551810237;Nicht Signifikant;False
1191;0204PR027;2004;2;23;63766.0;63766.0;828.0;62938.0;3;1;0;0;0;0;0;0;2.5;88;0;96;0;0;0;9590.0;04;7;1;Depot;H307;40;Moderat (0° bis 19,99° C);Abend;Wolkig;Illinois;Winter;Kollision;General Switching Rules;Human Factors;Depot/Rangieren, Depot/Rangieren;50704.5165394402;Nicht Signifikant;False
1192;0204TS016;2004;2;21;1718140.0;1718140.0;317250.0;1400890.0;6;2;2;0;0;0;0;0;29.5;93;12;78;0;0;10;16480.0;04;1;5;Hauptstrecke;H101;37;Moderat (0° bis 19,99° C);Tag;Wolkig;New Mexico;Winter;Kollision;Employee Physical Condition;Human Factors;Güterzug, Güterzug;1359933.5127433909;Schwer;False
1193;0204WH023;2004;2;28;10070.0;10070.0;621.0;9449.0;4;0;0;0;0;0;0;0;4.949628046035187;54;0;36;0;0;2;8203.0;04;7;1;Depot;H306;48;Moderat (0° bis 19,99° C);Tag;Wolkig;Kansas;Winter;Kollision;General Switching Rules;Human Factors;Depot/Rangieren, Depot/Rangieren;8094.855305466238;Nicht Signifikant;False
1194;020513;2005;4;4;8300.0;8300.0;0.0;8300.0;1;0;0;0;0;0;0;0;3.9542723449729715;69;0;13;0;0;0;8314.845572444354;05;7;1;Depot;E39C;75;Warm (20° bis 31,99° C);Tag;Klar;Illinois;Frühling;Kollision;Coupler and Draft System;Mechanical and Electrical Failures;Depot/Rangieren, EinzelneWagen;6442.5987735775825;Nicht Signifikant;False
1195;020551;2005;4;8;10000.0;10000.0;0.0;10000.0;2;0;0;0;0;0;0;0;4.949628046035187;28;0;22;0;0;0;3542.7109982330808;04;6;1;Depot;H306;55;Moderat (0° bis 19,99° C);Abenddämmerung;Regen;Virginia;Frühling;Kollision;General Switching Rules;Human Factors;EinzelneWagen, Güterzug;7800.920508620017;Nicht Signifikant;False
1196;020598R004;1998;2;5;150000.0;150000.0;0.0;150000.0;6;0;0;0;0;0;0;0;5.0;0;0;0;0;0;0;69.7799471826711;04;2;1;Depot;H599;38;Moderat (0° bis 19,99° C);Tag;Regen;Pennsylvania;Winter;Kollision;Train Handling/Train Makeup;Human Factors;Personenzug, Personenzug;127237.255068284;Nicht Signifikant;False
1197;0205CB009;2005;2;7;143475.0;143475.0;92956.0;50519.0;2;0;0;0;0;0;0;0;2.958916643910756;53;2;23;0;0;0;7482.736492471696;01;7;1;Depot;T110;21;Kalt (-30° - 0,01° C);Abend;Schnee;Iowa;Winter;Entgleisung;Track Geometry;Track, Roadbed and Structures;Depot/Rangieren, EinzelneWagen;111705.85487387107;Nicht Signifikant;False
1198;0205DV027;2005;2;23;63745.0;63745.0;0.0;63745.0;2;0;0;0;0;0;0;0;1.9635609428485408;31;0;34;0;0;1;5050.0;01;7;1;Depot;H702;20;Kalt (-30° - 0,01° C);Abend;Klar;Colorado;Winter;Entgleisung;Switches, Use of;Human Factors;Depot/Rangieren, EinzelneWagen;48280.693781716276;Nicht Signifikant;False
1199;0205FW007;2005;2;11;41218.0;41218.0;7600.0;33618.0;6;0;0;0;0;0;0;0;3.0;41;0;65;0;0;5;5947.0;04;7;1;Industriestrecke;H306;62;Moderat (0° bis 19,99° C);Tag;Klar;Texas;Winter;Kollision;General Switching Rules;Human Factors;Depot/Rangieren, Depot/Rangieren;32063.788409179306;Nicht Signifikant;False
1200;0205HO005;2005;2;5;28653.0;28653.0;1000.0;27653.0;4;0;0;0;0;0;0;0;3.0;63;0;58;0;0;0;9967.0;04;7;1;Depot;H302;40;Moderat (0° bis 19,99° C);Abend;Klar;Texas;Winter;Kollision;General Switching Rules;Human Factors;Depot/Rangieren, Depot/Rangieren;22177.244582043342;Nicht Signifikant;False
1201;0205KC016;2005;2;18;9114.0;9114.0;1500.0;7614.0;1;0;0;0;0;0;0;0;3.9542723449729715;52;2;0;0;0;0;6321.0;01;7;1;Depot;H312;45;Moderat (0° bis 19,99° C);Abend;Klar;Kansas;Winter;Entgleisung;General Switching Rules;Human Factors;Depot/Rangieren, EinzelneWagen;6989.799831275404;Nicht Signifikant;False
1202;0205LV012;2005;2;19;18128.0;18128.0;0.0;18128.0;13;0;0;0;0;0;0;0;5.0;83;0;149;0;0;0;16253.0;04;7;1;Depot;H605;65;Moderat (0° bis 19,99° C);Abend;Klar;Louisiana;Winter;Kollision;Speed;Human Factors;Depot/Rangieren, Depot/Rangieren;13897.222293205221;Nicht Signifikant;False
1203;0205NP009;2005;2;8;29010.0;29010.0;250.0;28760.0;2;0;0;0;0;0;0;0;3.9542723449729715;18;1;43;0;0;2;3630.7049192242976;01;7;2;Depot;H503;30;Kalt (-30° - 0,01° C);Tag;Klar;Nebraska;Winter;Entgleisung;Train Handling/Train Makeup;Human Factors;Depot/Rangieren, EinzelneWagen;22727.984957693512;Nicht Signifikant;False
1204;0205TC001;2005;2;1;71991.0;71991.0;714.0;71277.0;2;1;0;0;0;0;0;0;4.5;28;0;7;0;0;0;3712.0;04;7;1;Depot;H306;30;Kalt (-30° - 0,01° C);Abend;Nebel;Iowa;Winter;Kollision;General Switching Rules;Human Factors;Depot/Rangieren, Depot/Rangieren;55262.915483227145;Nicht Signifikant;False
1205;020612002;2002;6;12;7409.0;7409.0;909.0;6500.0;2;0;0;0;0;0;0;0;7.935695149221832;43;0;44;0;0;1;6645.0;04;6;1;Depot;H302;73;Warm (20° bis 31,99° C);Abend;Klar;Louisiana;Frühling;Kollision;General Switching Rules;Human Factors;EinzelneWagen, Güterzug;7838.552687261955;Nicht Signifikant;False
1206;020616001;2002;6;16;991266.0;991266.0;46983.0;944283.0;6;3;0;0;0;0;0;0;34.81029907790165;105;7;40;0;0;1;15487.0;03;1;3;Hauptstrecke;H215;70;Warm (20° bis 31,99° C);Abend;Wolkig;Texas;Frühling;Kollision;Flagging, Fixed, Hand and Radio Signals;Human Factors;Güterzug, Güterzug;1049699.258736322;Signifikant;False
1207;020691103;1991;6;8;12525.0;12525.0;200.0;12325.0;5;0;0;0;0;0;0;0;4.5;71;0;44;0;0;1;10700.033473642034;04;7;1;Depot;H306;77;Warm (20° bis 31,99° C);Abenddämmerung;Klar;New Mexico;Frühling;Kollision;General Switching Rules;Human Factors;Depot/Rangieren, Güterzug;10624.310798201714;Nicht Signifikant;False
1208;020692102;1992;6;26;15600.0;15600.0;0.0;15600.0;5;0;0;3;0;0;0;0;5.5;0;0;42;0;0;0;1234.8899735913355;04;7;1;Depot;H699;85;Warm (20° bis 31,99° C);Tag;Wolkig;New Mexico;Sommer;Kollision;Speed;Human Factors;Depot/Rangieren, Lokomotive;13232.674527101535;Signifikant;False
1209;0206DV015;2006;2;17;66781.0;66781.0;0.0;66781.0;4;0;0;0;0;0;0;0;7.935695149221832;0;0;0;0;0;0;69.7799471826711;02;8;1;Depot;H607;2;Kalt (-30° - 0,01° C);Tag;Wolkig;Colorado;Winter;Kollision;Speed;Human Factors;Lokomotive, Lokomotive;56293.51765995111;Nicht Signifikant;False
1210;0206LV005;2006;2;8;366247.0;366247.0;153935.0;212312.0;2;0;0;0;0;0;0;0;4.949628046035187;11;0;97;0;0;4;5386.0;01;7;1;Depot;H306;36;Moderat (0° bis 19,99° C);Abend;Klar;Louisiana;Winter;Entgleisung;General Switching Rules;Human Factors;Depot/Rangieren, EinzelneWagen;306534.14797455637;Signifikant;False
1211;0206NP002;2006;2;1;116630.0;116630.0;41185.0;75445.0;2;0;0;0;0;0;0;0;6.940339448159618;33;0;24;0;0;4;3832.0;01;7;2;Depot;H703;20;Kalt (-30° - 0,01° C);Abend;Wolkig;Nebraska;Winter;Entgleisung;Switches, Use of;Human Factors;Depot/Rangieren, EinzelneWagen;96452.19980152167;Nicht Signifikant;False
1212;0206NP024;2006;2;16;17028.0;17028.0;0.0;17028.0;4;0;0;0;0;0;0;0;3.0;3;0;12;0;0;0;944.8899735913355;04;7;2;Depot;H702;25;Kalt (-30° - 0,01° C);Abend;Schnee;Nebraska;Winter;Kollision;Switches, Use of;Human Factors;Depot/Rangieren, Lokomotive;14359.925788497218;Nicht Signifikant;False
1213;0206PC001;2006;2;5;46425.0;46425.0;0.0;46425.0;3;0;0;0;0;0;0;0;7.914260198962443;107;3;119;0;0;4;12703.0;01;7;1;Depot;H306;41;Moderat (0° bis 19,99° C);Tag;Klar;Idaho;Winter;Entgleisung;General Switching Rules;Human Factors;Depot/Rangieren, Depot/Rangieren, EinzelneWagen;38662.79876745413;Nicht Signifikant;False
1214;0206PR020;2006;2;25;198527.0;198527.0;27558.0;170969.0;4;0;0;0;0;0;0;0;4.5;40;0;109;0;0;5;7120.0;04;7;1;Depot;H306;40;Moderat (0° bis 19,99° C);Abend;Klar;Illinois;Winter;Kollision;General Switching Rules;Human Factors;Depot/Rangieren, Depot/Rangieren;167091.51610369206;Signifikant;False
1215;0206PR024;2006;2;26;18658.0;18658.0;2251.0;16407.0;2;1;0;0;0;0;0;0;5.0;38;0;25;0;0;0;5605.0;04;7;1;Depot;H602;31;Kalt (-30° - 0,01° C);Abend;Wolkig;Illinois;Winter;Kollision;Speed;Human Factors;Depot/Rangieren, Depot/Rangieren;15723.033707865166;Nicht Signifikant;False
1216;0206SA015;2006;2;26;23826.0;23826.0;18799.0;5027.0;1;0;0;0;0;0;0;0;9.926406551346263;27;2;22;0;0;1;3578.0;01;7;1;Depot;H703;65;Moderat (0° bis 19,99° C);Abend;Klar;Texas;Winter;Entgleisung;Switches, Use of;Human Factors;Depot/Rangieren, EinzelneWagen;20078.089887640446;Nicht Signifikant;False
1217;0206UT020;2006;2;23;26949.0;26949.0;1200.0;25749.0;2;0;0;0;0;0;0;0;2.5;33;1;85;0;0;0;6674.7728302689275;04;7;1;Depot;H306;35;Moderat (0° bis 19,99° C);Abend;Wolkig;Utah;Winter;Kollision;General Switching Rules;Human Factors;Depot/Rangieren, Depot/Rangieren;22538.262105879403;Nicht Signifikant;False
1218;020726;2005;4;24;18200.0;18200.0;600.0;17600.0;5;0;0;0;0;0;0;0;1.9635609428485408;53;2;34;0;0;0;7834.680819077209;04;7;X;Depot;H021;33;Moderat (0° bis 19,99° C);Tag;Eisregen;Ohio;Frühling;Kollision;Brakes, Use of;Human Factors;Depot/Rangieren, Güterzug;13996.769976159349;Nicht Signifikant;False
1219;020791104;1991;7;13;46580.0;46580.0;8000.0;38580.0;4;0;0;0;0;0;0;0;13.907829355595124;52;7;3;0;0;3;3595.6693080825216;01;6;X;Depot;H503;75;Warm (20° bis 31,99° C);Abend;Klar;Arizona;Sommer;Entgleisung;Train Handling/Train Makeup;Human Factors;EinzelneWagen, Güterzug;39511.40894053779;Nicht Signifikant;True
1220;020795103;1995;7;6;27550.0;27550.0;2500.0;25050.0;7;0;0;0;0;0;0;0;4.0;57;1;91;0;0;2;9369.855284939831;04;7;X;Depot;H401;75;Warm (20° bis 31,99° C);Abend;Klar;Kansas;Sommer;Kollision;Main Track Authority;Human Factors;Depot/Rangieren, Güterzug;23369.24251420816;Nicht Signifikant;False
1221;0207KC021;2007;2;23;38600.0;38600.0;600.0;38000.0;4;0;0;0;0;0;0;0;2.958916643910756;70;1;113;0;0;0;12823.0;04;7;1;Depot;H306;40;Moderat (0° bis 19,99° C);Abend;Klar;Kansas;Winter;Kollision;General Switching Rules;Human Factors;Depot/Rangieren, Güterzug;29389.371097913812;Nicht Signifikant;False
1222;0207PR011;2007;2;14;8658.0;8658.0;345.0;8313.0;2;0;0;0;0;0;0;0;4.5;8;0;10;0;0;1;1358.0;01;7;1;Depot;H307;7;Kalt (-30° - 0,01° C);Tag;Klar;Illinois;Winter;Entgleisung;General Switching Rules;Human Factors;Depot/Rangieren, Depot/Rangieren;6618.254089588748;Nicht Signifikant;False
1223;0207PR016;2007;2;16;34765.0;34765.0;0.0;34765.0;2;0;0;0;0;0;0;0;5.944983747097401;36;0;34;0;0;3;5664.0;04;7;1;Depot;H307;10;Kalt (-30° - 0,01° C);Abend;Wolkig;Illinois;Winter;Kollision;General Switching Rules;Human Factors;Depot/Rangieren, Depot/Rangieren;26499.733211372815;Nicht Signifikant;False
1224;0207SA013;2007;2;23;13598.0;13598.0;4555.0;9043.0;2;0;0;0;0;0;0;0;4.949628046035187;92;6;16;0;0;0;11311.093808331583;01;7;1;Depot;T201;75;Warm (20° bis 31,99° C);Tag;Klar;Texas;Winter;Entgleisung;Rail, Joint Bar and Rail Anchoring;Track, Roadbed and Structures;Depot/Rangieren, EinzelneWagen;10353.28155931171;Nicht Signifikant;False
1225;0207SL005;2007;2;13;47688.0;47688.0;37815.0;9873.0;3;0;0;0;0;0;0;0;1.9635609428485408;135;8;0;0;0;0;19339.889973591336;01;7;1;Industriestrecke;M405;5;Kalt (-30° - 0,01° C);Abend;Wolkig;Illinois;Winter;Entgleisung;Unusual Operational Situations;Miscellaneous Causes;Depot/Rangieren, Lokomotive;36621.10274919367;Nicht Signifikant;False
1226;0207WH009;2007;2;16;355450.0;355450.0;31805.0;323645.0;3;0;0;0;0;0;0;0;3.9542723449729715;169;4;21;0;0;0;24428.0;01;7;1;Depot;T220;14;Kalt (-30° - 0,01° C);Abend;Klar;Arkansas;Winter;Entgleisung;Rail, Joint Bar and Rail Anchoring;Track, Roadbed and Structures;Depot/Rangieren, EinzelneWagen;270942.90723378304;Signifikant;False
1227;020810002;2002;8;10;45469.0;45469.0;49.0;45420.0;2;0;0;0;0;0;0;0;3.9542723449729715;12;0;33;0;0;3;2321.0;04;7;1;Depot;H306;95;Heiß (>= 32° C);Tag;Klar;Louisiana;Sommer;Kollision;General Switching Rules;Human Factors;Depot/Rangieren, Depot/Rangieren;46654.011902318896;Nicht Signifikant;False
1228;020820001;2002;8;20;23465.0;23465.0;18265.0;5200.0;4;0;0;0;0;0;0;0;4.949628046035187;11;2;0;0;0;0;2897.8899735913355;01;1;3;Nebenstrecke;H307;80;Warm (20° bis 31,99° C);Abend;Klar;Oklahoma;Sommer;Entgleisung;General Switching Rules;Human Factors;Güterzug, Lokomotive;23963.439542483662;Nicht Signifikant;False
1229;02082020A;2020;2;8;63500.0;63500.0;0.0;63500.0;2;1;0;0;0;0;0;0;7.935695149221832;25;1;1;0;0;0;2963.771011622935;04;7;1;Depot;H310;50;Moderat (0° bis 19,99° C);Abend;Wolkig;Washington;Winter;Kollision;General Switching Rules;Human Factors;Depot/Rangieren, EinzelneWagen;57922.10161452157;Nicht Signifikant;False
1230;020821002;2002;8;21;8716.0;8716.0;721.0;7995.0;3;0;0;0;0;0;0;0;3.0;43;1;32;0;0;1;6222.0;04;7;1;Depot;H302;92;Heiß (>= 32° C);Tag;Klar;Louisiana;Sommer;Kollision;General Switching Rules;Human Factors;Depot/Rangieren, Depot/Rangieren;8928.498258553576;Nicht Signifikant;False
1231;020860;2005;5;7;211186.0;211186.0;30500.0;180686.0;6;0;0;0;0;0;0;0;6.940339448159618;32;1;89;0;0;12;6457.117497327608;05;7;1;Depot;H316;63;Moderat (0° bis 19,99° C);Tag;Wolkig;Virginia;Frühling;Kollision;General Switching Rules;Human Factors;Depot/Rangieren, Depot/Rangieren;163633.9686967302;Signifikant;False
1232;020892;1992;2;24;24806.0;24806.0;150.0;24656.0;2;0;0;0;0;0;0;0;3.9542723449729715;11;0;43;0;0;2;2689.3141449400337;05;6;1;Depot;H020;30;Kalt (-30° - 0,01° C);Tag;Wolkig;Minnesota;Winter;Kollision;Brakes, Use of;Human Factors;EinzelneWagen, Güterzug;21041.648994825682;Nicht Signifikant;False