index;INCDTNO;YEAR4;MONTH;DAY;ACCDMG;INFRASTRUCTURE_DMG;TRKDMG;EQPDMG;LOCOMOTIVES1;LOCOMOTIVES2;RREMPKLD;RREMPINJ;PASSKLD;PASSINJ;OTHERKLD;OTHERINJ;SPEED;LOADF1;LOADF2;EMPTYF1;EMPTYP1;LOADP1;EMPTYF2;TONS;TYPE;TYPEQ;TRKCLAS;TYPTRK;ACCAUSE;TEMP;TEMP_CLUSTER;VISIBLTY;WEATHER;STATE;Jahreszeit;ACCIDENT_TYPE;ACCCAUSE_LVL1;ACCCAUSE_LVL2;EQUIPMENT_TYPE;ACCDMG_EUR;ACCTYPE;SPD_TOO_HIGH
1233;0208DV003;2008;2;7;40596.0;40596.0;11024.0;29572.0;1;0;0;0;0;0;0;0;3.9542723449729715;3;0;57;0;0;9;2288.0;01;7;1;Depot;H702;-2;Kalt (-30° - 0,01° C);Abend;Wolkig;Wyoming;Winter;Entgleisung;Switches, Use of;Human Factors;Depot/Rangieren, EinzelneWagen;27864.644107351225;Nicht Signifikant;False
1234;0208KC043;2008;2;25;26457.0;26457.0;17291.0;9166.0;2;0;0;0;0;0;0;0;3.0;6;1;3;0;0;1;1322.0;01;7;1;Depot;H018;35;Moderat (0° bis 19,99° C);Tag;Wolkig;Missouri;Winter;Entgleisung;Brakes, Use of;Human Factors;Depot/Rangieren, EinzelneWagen;17855.841263413648;Nicht Signifikant;False
1235;0208UT016;2008;2;14;16114.0;16114.0;0.0;16114.0;5;0;0;0;0;0;0;0;22.0;65;1;31;0;0;0;8384.672105703157;01;7;5;Hauptstrecke;M101;15;Kalt (-30° - 0,01° C);Abend;Schnee;Utah;Winter;Entgleisung;Environmental Conditions;Environmental Conditions;Depot/Rangieren, Güterzug;11017.366333925886;Nicht Signifikant;False
1236;0208WH005;2008;2;7;21081.0;21081.0;0.0;21081.0;7;1;0;0;0;0;0;0;3.5;182;0;24;0;0;0;24976.0;04;7;1;Depot;H503;31;Kalt (-30° - 0,01° C);Tag;Wolkig;Kansas;Winter;Kollision;Train Handling/Train Makeup;Human Factors;Depot/Rangieren, Depot/Rangieren;14469.76456860457;Nicht Signifikant;False
1237;020973;2005;5;14;59250.0;59250.0;0.0;59250.0;3;0;0;0;0;0;0;0;5.0;31;1;83;0;0;0;6142.921196099536;04;7;1;Depot;M408;55;Moderat (0° bis 19,99° C);Abend;Nebel;Indiana;Frühling;Kollision;Unusual Operational Situations;Miscellaneous Causes;Depot/Rangieren, Depot/Rangieren;46917.06699044501;Nicht Signifikant;False
1238;020989;1989;9;1;6380.0;6380.0;780.0;5600.0;3;1;0;0;0;0;0;0;6.940339448159618;54;0;42;0;0;1;7492.910135243549;05;7;1;Depot;H313;65;Moderat (0° bis 19,99° C);Abend;Klar;Illinois;Sommer;Kollision;General Switching Rules;Human Factors;Depot/Rangieren, Depot/Rangieren;5411.824582237679;Nicht Signifikant;False
1239;020990102;1990;9;17;7500.0;7500.0;1000.0;6500.0;2;0;0;0;0;0;0;0;5.0;94;2;27;0;0;0;7821.0;04;1;1;Depot;H401;70;Warm (20° bis 31,99° C);Abend;Klar;New Mexico;Sommer;Kollision;Main Track Authority;Human Factors;Güterzug, Güterzug;6361.8627534142;Nicht Signifikant;False
1240;0209LK007;2009;2;1;27750.0;27750.0;1176.0;26574.0;3;0;0;0;0;0;0;0;5.611650413764068;37;4;24;0;0;4;5166.012468388734;01;7;1;Depot;H601;59;Moderat (0° bis 19,99° C);Abenddämmerung;Wolkig;Arkansas;Winter;Entgleisung;Speed;Human Factors;Depot/Rangieren, EinzelneWagen, EinzelneWagen, EinzelneWagen, EinzelneWagen, EinzelneWagen;21715.88063439065;Nicht Signifikant;False
1241;0209TC005;2009;2;10;128661.0;128661.0;95661.0;33000.0;2;0;0;0;0;0;0;0;8.931050850284048;13;3;8;0;0;1;1964.8899735913355;01;1;1;Depot;E40C;44;Moderat (0° bis 19,99° C);Tag;Wolkig;Minnesota;Winter;Entgleisung;Truck Components;Mechanical and Electrical Failures;Güterzug, NaN;99221.87090306162;Nicht Signifikant;False
1242;0209UT002;2009;2;11;42786.0;42786.0;23270.0;19516.0;4;0;0;0;0;0;0;0;5.5;7;1;16;0;0;3;1182.0;04;7;1;Depot;H306;30;Kalt (-30° - 0,01° C);Tag;Schnee;Nevada;Winter;Kollision;General Switching Rules;Human Factors;Depot/Rangieren, Güterzug;33070.02627917761;Nicht Signifikant;False
1243;021007002;2002;10;7;35000.0;35000.0;0.0;35000.0;2;0;0;0;0;0;0;0;3.9542723449729715;16;0;25;0;0;0;2770.0;04;7;1;Depot;H306;84;Warm (20° bis 31,99° C);Tag;Wolkig;Louisiana;Herbst;Kollision;General Switching Rules;Human Factors;Depot/Rangieren, Depot/Rangieren;35685.15497553018;Nicht Signifikant;False
1244;021009001;2002;10;9;154558.0;154558.0;1058.0;153500.0;4;0;0;0;0;0;0;1;31.824231974715;50;0;53;0;0;0;7507.0;07;1;3;Nebenstrecke;M302;78;Warm (20° bis 31,99° C);Morgendämmerung;Wolkig;Louisiana;Herbst;Bahnübergang;Loading Procedures;Loading;Güterzug, Güterzug;157487.26309353983;Signifikant;False
1245;021009002;2002;10;9;93011.0;93011.0;3511.0;89500.0;1;0;0;0;0;0;0;0;6.940339448159618;25;7;2;0;0;0;3074.0;01;7;1;Depot;T314;80;Warm (20° bis 31,99° C);Abend;Klar;Texas;Herbst;Entgleisung;Frogs, Switches and Track Appliances;Track, Roadbed and Structures;Depot/Rangieren, EinzelneWagen;94773.79254126757;Nicht Signifikant;False
1246;021018002;2002;10;18;10630.0;10630.0;0.0;10630.0;2;0;0;0;0;0;0;0;4.0;16;0;16;0;0;0;2150.0;04;7;1;Depot;H309;68;Warm (20° bis 31,99° C);Abend;Klar;Louisiana;Herbst;Kollision;General Switching Rules;Human Factors;Depot/Rangieren, Depot/Rangieren;10919.363122752953;Nicht Signifikant;False
1247;021061;2005;4;28;959500.0;959500.0;5000.0;954500.0;2;0;0;1;0;0;0;2;19.879963561968417;29;1;1;0;0;0;3837.256439118408;03;1;4;Hauptstrecke;H222;60;Moderat (0° bis 19,99° C);Tag;Klar;West Virginia;Frühling;Kollision;Flagging, Fixed, Hand and Radio Signals;Human Factors;Güterzug, Wartungszug;743510.267338241;Signifikant;False
1248;021090105;1990;10;18;10500.0;10500.0;0.0;10500.0;1;0;0;0;0;0;0;0;1.9635609428485408;28;0;51;0;0;0;4870.69968716123;01;7;1;Depot;H702;51;Moderat (0° bis 19,99° C);Abend;Klar;New Mexico;Herbst;Entgleisung;Switches, Use of;Human Factors;Depot/Rangieren, EinzelneWagen;8906.607854779879;Nicht Signifikant;False
1249;021092;1992;10;3;24161.0;24161.0;1550.0;22611.0;4;0;0;0;0;0;0;0;4.5;115;0;69;0;0;2;13150.0;04;7;1;Depot;H702;68;Warm (20° bis 31,99° C);Tag;Klar;Illinois;Herbst;Kollision;Switches, Use of;Human Factors;Depot/Rangieren, Depot/Rangieren;20494.528798032065;Nicht Signifikant;False
1250;0210DV008;2010;2;17;25100.0;25100.0;0.0;25100.0;4;0;0;0;0;0;0;0;1.9635609428485408;0;0;0;0;0;0;69.7799471826711;04;8;1;Industriestrecke;H306;32;Moderat (0° bis 19,99° C);Tag;Wolkig;Wyoming;Winter;Kollision;General Switching Rules;Human Factors;Lokomotive, Lokomotive;18286.46364563602;Nicht Signifikant;False
1251;0210LV013;2010;2;24;24657.0;24657.0;3661.0;20996.0;2;0;0;0;0;0;0;0;6.940339448159618;49;0;69;0;0;1;7180.0;01;7;1;Depot;T220;34;Moderat (0° bis 19,99° C);Abend;Regen;Louisiana;Winter;Entgleisung;Rail, Joint Bar and Rail Anchoring;Track, Roadbed and Structures;Depot/Rangieren, EinzelneWagen;18201.07772938658;Nicht Signifikant;False
1252;0210RS018;2010;2;20;67361.0;67361.0;13519.0;53842.0;4;1;0;0;0;0;0;0;6.0;46;0;21;0;0;3;6774.0;04;7;1;Depot;H306;45;Moderat (0° bis 19,99° C);Tag;Wolkig;Kalifornien;Winter;Kollision;General Switching Rules;Human Factors;Depot/Rangieren, Depot/Rangieren;49695.799724572105;Nicht Signifikant;False
1253;021129001;2002;11;29;29030.0;29030.0;9925.0;19105.0;6;0;0;0;0;0;0;0;6.940339448159618;76;1;111;0;0;3;12534.0;01;1;1;Depot;T314;65;Moderat (0° bis 19,99° C);Abend;Klar;Oklahoma;Herbst;Entgleisung;Frogs, Switches and Track Appliances;Track, Roadbed and Structures;Güterzug, Güterzug;29243.477384909842;Nicht Signifikant;False
1254;021154;2005;6;3;33599.0;33599.0;0.0;33599.0;4;0;0;0;0;0;0;0;3.5;11;0;14;0;0;1;1748.8413945777588;05;7;1;Depot;M411;70;Warm (20° bis 31,99° C);Tag;Wolkig;Alabama;Frühling;Kollision;Unusual Operational Situations;Miscellaneous Causes;Depot/Rangieren, Depot/Rangieren;27340.71120514281;Nicht Signifikant;False
1255;021194;1994;2;11;9550.0;9550.0;10200.0;1000.0;2;0;0;0;0;0;0;0;11.403185056657339;10;2;5;0;0;2;1384.8899735913355;01;1;1;Hauptstrecke;T110;65;Moderat (0° bis 19,99° C);Tag;Klar;Alabama;Winter;Entgleisung;Track Geometry;Track, Roadbed and Structures;Güterzug, NaN;8100.771906014081;Nicht Signifikant;True
1256;021194102;1994;11;11;1031100.0;1031100.0;160000.0;871100.0;6;2;0;2;0;0;0;0;34.5;100;0;71;0;0;13;11541.0;04;1;5;Hauptstrecke;H215;53;Moderat (0° bis 19,99° C);Tag;Klar;Kansas;Herbst;Kollision;Flagging, Fixed, Hand and Radio Signals;Human Factors;Güterzug, Güterzug;874628.8913393841;Signifikant;False
1257;021195105;1995;11;21;26800.0;26800.0;0.0;26800.0;4;0;0;0;0;0;0;0;2.958916643910756;6;0;79;0;0;1;3159.0709356457137;01;6;X;Depot;H306;37;Moderat (0° bis 19,99° C);Tag;Klar;Iowa;Herbst;Entgleisung;General Switching Rules;Human Factors;EinzelneWagen, Güterzug;22733.05623886674;Nicht Signifikant;False
1258;0211FW018;2011;2;18;24476.0;24476.0;1077.0;23399.0;3;0;0;0;0;0;0;0;9.926406551346263;43;0;36;0;0;2;6721.0;01;7;1;Depot;T210;65;Moderat (0° bis 19,99° C);Tag;Wolkig;Texas;Winter;Entgleisung;Rail, Joint Bar and Rail Anchoring;Track, Roadbed and Structures;Depot/Rangieren, EinzelneWagen;17961.40016144419;Nicht Signifikant;False
1259;0211LK024;2011;2;23;120528.0;120528.0;38190.0;82338.0;2;0;0;0;0;0;0;0;6.940339448159618;100;4;68;0;0;3;14791.0;01;6;1;Depot;M203;56;Moderat (0° bis 19,99° C);Tag;Klar;Arkansas;Winter;Entgleisung;Loading Procedures;Loading;EinzelneWagen, Güterzug;87778.02053746996;Nicht Signifikant;False
1260;0211PR032;2011;2;23;26751.0;26751.0;1550.0;25201.0;2;0;0;0;0;0;0;0;3.9542723449729715;16;1;15;0;0;1;1419.0;03;7;1;Depot;H306;32;Moderat (0° bis 19,99° C);Abend;Eisregen;Illinois;Winter;Kollision;General Switching Rules;Human Factors;Depot/Rangieren, Depot/Rangieren;19482.193576578546;Nicht Signifikant;False
1261;0211SA009;2011;2;11;57288.0;57288.0;0.0;57288.0;6;0;0;0;0;0;0;0;4.5;34;0;100;0;0;1;8900.0;05;7;1;Depot;H302;50;Moderat (0° bis 19,99° C);Abend;Klar;Texas;Winter;Kollision;General Switching Rules;Human Factors;Depot/Rangieren, Depot/Rangieren;42360.24844720497;Nicht Signifikant;False
1262;0211SL016;2011;2;15;30328.0;30328.0;4890.0;25438.0;1;0;0;0;0;0;0;0;8.908067800378731;26;3;84;0;0;1;3100.8164184217308;01;7;1;Depot;T309;41;Moderat (0° bis 19,99° C);Abend;Wolkig;Illinois;Winter;Entgleisung;Frogs, Switches and Track Appliances;Track, Roadbed and Structures;Depot/Rangieren, EinzelneWagen, EinzelneWagen;22448.556624722427;Nicht Signifikant;False
1263;0211TS004;2011;2;24;22652.0;22652.0;19806.0;2846.0;2;0;0;0;0;0;0;0;2.958916643910756;19;1;7;0;0;0;2070.8899735913355;01;7;2;Depot;H303;58;Moderat (0° bis 19,99° C);Morgendämmerung;Klar;Arizona;Winter;Entgleisung;General Switching Rules;Human Factors;Depot/Rangieren, NaN;16446.671023016046;Nicht Signifikant;False
1264;021259;2005;6;11;44900.0;44900.0;500.0;44400.0;2;0;0;0;0;0;0;0;3.0;55;2;9;0;0;0;6639.67407018641;04;7;X;Depot;M408;75;Warm (20° bis 31,99° C);Abend;Klar;Pennsylvania;Frühling;Kollision;Unusual Operational Situations;Miscellaneous Causes;Depot/Rangieren, EinzelneWagen;36883.89923329682;Nicht Signifikant;False
1265;021266;2005;6;14;155825.0;155825.0;1000.0;154825.0;3;0;0;0;0;0;0;0;1.5;81;0;35;0;0;3;11470.0;04;1;1;Depot;M503;75;Warm (20° bis 31,99° C);Abenddämmerung;Klar;Indiana;Frühling;Kollision;Other Miscellaneous;Miscellaneous Causes;Güterzug, Güterzug;128674.64905037159;Nicht Signifikant;False
1266;021290;2005;6;15;11150.0;11150.0;0.0;11150.0;2;0;0;0;0;0;0;0;1.9635609428485408;33;0;101;0;0;1;6900.342422577438;01;7;1;Depot;M411;70;Warm (20° bis 31,99° C);Abend;Klar;Pennsylvania;Frühling;Entgleisung;Unusual Operational Situations;Miscellaneous Causes;Depot/Rangieren, EinzelneWagen;9238.545032728478;Nicht Signifikant;False
1267;021291101;1991;12;5;260300.0;260300.0;34200.0;226100.0;8;4;0;2;0;0;0;0;20.875319263030633;101;6;69;0;0;0;16731.0;04;7;X;Depot;H401;40;Moderat (0° bis 19,99° C);Abend;Klar;New Mexico;Herbst;Kollision;Main Track Authority;Human Factors;Depot/Rangieren, Güterzug;220799.0499618288;Signifikant;True
1268;021292116;1992;12;13;12500.0;12500.0;0.0;12500.0;3;0;0;0;0;0;0;0;5.5;43;1;0;0;0;0;3008.0;04;7;1;Depot;H306;28;Kalt (-30° - 0,01° C);Abend;Nebel;New Mexico;Herbst;Kollision;General Switching Rules;Human Factors;Depot/Rangieren, Güterzug;10603.104589023666;Nicht Signifikant;False
1269;0212HO019;2012;2;15;20899.0;20899.0;0.0;20899.0;1;0;0;0;0;0;0;0;2.0;1;1;8;0;0;1;646.0;05;7;1;Depot;H018;65;Moderat (0° bis 19,99° C);Abend;Nebel;Texas;Winter;Kollision;Brakes, Use of;Human Factors;Depot/Rangieren, EinzelneWagen;15963.183623586925;Nicht Signifikant;False
1270;0212PR009;2012;2;8;82013.0;82013.0;20735.0;61278.0;1;0;0;0;0;0;0;0;6.920452597546157;39;1;172;0;0;13;10558.0;01;7;1;Depot;T222;38;Moderat (0° bis 19,99° C);Tag;Klar;Illinois;Winter;Entgleisung;Rail, Joint Bar and Rail Anchoring;Track, Roadbed and Structures;Depot/Rangieren, EinzelneWagen, EinzelneWagen;61784.69187886093;Nicht Signifikant;False
1271;0212PR031;2012;2;28;112145.0;112145.0;810.0;111335.0;1;0;0;0;0;0;0;0;9.926406551346263;111;1;0;0;0;0;5638.0;01;7;1;Depot;H601;25;Kalt (-30° - 0,01° C);Abend;Wolkig;Illinois;Winter;Entgleisung;Speed;Human Factors;Depot/Rangieren, EinzelneWagen;83354.39274565186;Nicht Signifikant;False
1272;021342;2005;6;20;234500.0;234500.0;0.0;234500.0;4;1;0;0;0;0;0;0;23.86138636621728;20;1;0;0;0;0;3224.0;03;1;3;Hauptstrecke;H222;72;Warm (20° bis 31,99° C);Tag;Klar;Pennsylvania;Frühling;Kollision;Flagging, Fixed, Hand and Radio Signals;Human Factors;Güterzug, Güterzug;192055.69205569205;Signifikant;False
1273;021389;2005;6;25;27920.0;27920.0;0.0;27920.0;2;0;0;0;0;0;0;0;7.935695149221832;30;0;21;0;0;0;3392.647398120594;05;5;1;Industriestrecke;H306;83;Warm (20° bis 31,99° C);Tag;Regen;South Carolina;Sommer;Kollision;General Switching Rules;Human Factors;EinzelneWagen, Güterzug;23056.595463554288;Nicht Signifikant;False
1274;0213HO022;2013;2;16;122953.0;122953.0;0.0;122953.0;4;0;0;0;0;0;0;0;8.931050850284048;140;2;57;0;0;6;19870.0;05;7;1;Depot;E39C;40;Moderat (0° bis 19,99° C);Abend;Klar;Texas;Winter;Kollision;Coupler and Draft System;Mechanical and Electrical Failures;Depot/Rangieren, EinzelneWagen;92210.13949302536;Nicht Signifikant;False
1275;0213HO028;2013;2;14;15047.0;15047.0;0.0;15047.0;3;0;0;0;0;0;0;0;24.856742067279495;16;0;101;0;0;0;5251.336383802324;03;1;4;Hauptstrecke;H993;65;Moderat (0° bis 19,99° C);Tag;Wolkig;Texas;Winter;Kollision;Miscellaneous;Human Factors;Güterzug, Wartungszug;11290.613041194567;Nicht Signifikant;False
1276;0213LA002;2013;2;1;134124.0;134124.0;83719.0;50405.0;3;0;0;0;0;0;0;0;7.903542723832748;6;1;47;0;0;13;2501.0;01;7;1;Depot;T207;70;Warm (20° bis 31,99° C);Abend;Klar;Kalifornien;Winter;Entgleisung;Rail, Joint Bar and Rail Anchoring;Track, Roadbed and Structures;Depot/Rangieren, EinzelneWagen, EinzelneWagen, EinzelneWagen;98302.55057167985;Nicht Signifikant;False
1277;0213LK001;2013;2;3;59255.0;59255.0;18445.0;40810.0;7;0;0;0;0;0;0;0;6.0;91;0;84;0;0;4;12171.0;04;1;1;Depot;H306;38;Moderat (0° bis 19,99° C);Abend;Klar;Louisiana;Winter;Kollision;General Switching Rules;Human Factors;Güterzug, Güterzug;43625.45401001276;Nicht Signifikant;False
1278;0213LK018;2013;2;22;21217.0;21217.0;20735.0;482.0;2;0;0;0;0;0;0;0;1.9635609428485408;0;0;2;0;0;2;74.0;01;7;1;Depot;S011;35;Moderat (0° bis 19,99° C);Abend;Wolkig;Arkansas;Winter;Entgleisung;SIGNAL AND COMMUNICATION;Signal and Communication;Depot/Rangieren, EinzelneWagen;16090.550583952678;Nicht Signifikant;False
1279;0213LV012;2013;2;25;12922.0;12922.0;66.0;12856.0;1;0;0;0;0;0;0;0;5.0;3;0;0;0;0;0;388.0;05;5;1;Depot;S006;65;Moderat (0° bis 19,99° C);Abenddämmerung;Regen;Louisiana;Winter;Kollision;SIGNAL AND COMMUNICATION;Signal and Communication;EinzelneWagen, Güterzug;9712.868310282622;Nicht Signifikant;False
1280;021409;2009;2;14;27000.0;27000.0;0.0;27000.0;1;0;0;0;0;0;0;0;3.0;16;0;1;0;0;0;1920.345149861795;04;7;X;Industriestrecke;H020;74;Warm (20° bis 31,99° C);Tag;Klar;Texas;Winter;Kollision;Brakes, Use of;Human Factors;Depot/Rangieren, EinzelneWagen;21087.70924995444;Nicht Signifikant;False
1281;021442;2005;6;30;79165.0;79165.0;8800.0;70365.0;1;0;0;0;0;0;0;0;4.932837394713583;46;4;5;0;0;2;5571.139733404907;04;7;1;Depot;H306;80;Warm (20° bis 31,99° C);Abend;Klar;Louisiana;Sommer;Kollision;General Switching Rules;Human Factors;Depot/Rangieren, EinzelneWagen, EinzelneWagen;65468.90506119748;Nicht Signifikant;False
1282;0214LA001;2014;2;1;49609.0;49609.0;300.0;49309.0;4;0;0;1;0;0;0;0;8.5;98;1;2;0;0;0;9693.0;04;7;1;Depot;H307;65;Moderat (0° bis 19,99° C);Morgendämmerung;Klar;Kalifornien;Winter;Kollision;General Switching Rules;Human Factors;Depot/Rangieren, Depot/Rangieren;36720.20725388601;Signifikant;False
1283;0214LK007;2014;2;9;70943.0;70943.0;3547.0;67396.0;2;1;0;0;0;0;0;0;2.5;51;1;2;0;0;0;6206.0;01;7;1;Depot;H602;31;Kalt (-30° - 0,01° C);Abend;Wolkig;Arkansas;Winter;Entgleisung;Speed;Human Factors;Depot/Rangieren, Depot/Rangieren;52100.12239902081;Nicht Signifikant;False
1284;0214WH012;2014;2;24;17481.0;17481.0;3240.0;14241.0;3;0;0;0;0;0;0;0;7.914260198962443;21;2;40;0;0;1;4514.0;01;7;2;Depot;T222;48;Moderat (0° bis 19,99° C);Tag;Klar;Oklahoma;Winter;Entgleisung;Rail, Joint Bar and Rail Anchoring;Track, Roadbed and Structures;Depot/Rangieren, EinzelneWagen, EinzelneWagen;12727.338915180197;Nicht Signifikant;False
1285;0215071;2007;2;15;45000.0;45000.0;0.0;45000.0;2;0;0;0;0;0;0;0;10.0;10;1;9;0;0;4;1506.9010638495927;04;1;1;Depot;H702;40;Moderat (0° bis 19,99° C);Abend;Klar;Kalifornien;Winter;Kollision;Switches, Use of;Human Factors;Güterzug, Güterzug;34254.395980817535;Nicht Signifikant;False
1286;021510;2005;6;17;13400.0;13400.0;0.0;13400.0;2;0;0;0;0;0;0;0;3.5;10;2;18;0;0;1;1796.0876928880816;04;7;X;Depot;M408;55;Moderat (0° bis 19,99° C);Abend;Klar;Pennsylvania;Frühling;Kollision;Unusual Operational Situations;Miscellaneous Causes;Depot/Rangieren, EinzelneWagen;11004.352467767101;Nicht Signifikant;False
1287;021590;2005;6;24;17650.0;17650.0;5000.0;12650.0;6;2;0;0;0;0;0;0;7.0;23;4;14;0;0;0;3190.8866183007085;04;7;1;Depot;H017;80;Warm (20° bis 31,99° C);Tag;Klar;Virginia;Sommer;Kollision;Brakes, Use of;Human Factors;Depot/Rangieren, Lokomotive;14608.50852507863;Nicht Signifikant;False
1288;021593;2005;7;13;12500.0;12500.0;12300.0;200.0;2;0;0;0;0;0;0;0;1.9635609428485408;2;1;12;0;0;0;682.2607597708626;01;7;X;Industriestrecke;M599;90;Heiß (>= 32° C);Tag;Klar;Alabama;Sommer;Entgleisung;Other Miscellaneous;Miscellaneous Causes;Depot/Rangieren, EinzelneWagen;10259.356533158241;Nicht Signifikant;False
1289;0215FW023;2015;2;25;96320.0;96320.0;1617.0;94703.0;6;1;0;0;0;0;0;0;6.0;26;0;65;2;0;2;4863.0;04;7;1;Depot;H306;34;Moderat (0° bis 19,99° C);Tag;Schnee;Texas;Winter;Kollision;General Switching Rules;Human Factors;Depot/Rangieren, Güterzug;84893.35448616253;Nicht Signifikant;False
1290;0215LV006;2015;2;16;16315.0;16315.0;0.0;16315.0;2;0;0;0;0;0;0;0;1.5;9;0;37;0;0;0;2598.647398120594;05;7;1;Depot;M507;55;Moderat (0° bis 19,99° C);Abend;Wolkig;Texas;Winter;Kollision;Other Miscellaneous;Miscellaneous Causes;Depot/Rangieren, EinzelneWagen;14301.367461430575;Nicht Signifikant;False
1291;0215SL006;2015;2;19;66916.0;66916.0;2178.0;64738.0;5;0;0;0;0;0;0;0;5.944983747097401;76;8;4;0;0;0;5809.0;01;1;1;Depot;T220;-5;Kalt (-30° - 0,01° C);Abend;Wolkig;Illinois;Winter;Entgleisung;Rail, Joint Bar and Rail Anchoring;Track, Roadbed and Structures;Güterzug, Güterzug;58765.25862826029;Nicht Signifikant;False
1292;021602;2005;7;15;38000.0;38000.0;0.0;38000.0;6;0;0;0;0;0;0;0;6.5;145;0;59;0;0;0;21213.0;05;1;2;Hauptstrecke;H525;75;Warm (20° bis 31,99° C);Abend;Wolkig;Tennessee;Sommer;Kollision;Train Handling/Train Makeup;Human Factors;Güterzug, Güterzug;31475.192578480906;Nicht Signifikant;False
1293;0216CB012;2016;2;20;86302.0;86302.0;57280.0;29022.0;2;0;0;0;0;0;0;0;4.949628046035187;32;4;24;0;0;1;5032.782794013312;01;6;1;Depot;T220;50;Moderat (0° bis 19,99° C);Tag;Klar;Iowa;Winter;Entgleisung;Rail, Joint Bar and Rail Anchoring;Track, Roadbed and Structures;EinzelneWagen, Güterzug;77941.47751219218;Nicht Signifikant;False
1294;0216CB014;2016;2;21;120177.0;120177.0;57622.0;62555.0;4;0;0;0;0;0;0;0;8.931050850284048;57;8;32;0;0;0;8990.0;01;6;1;Depot;T221;39;Moderat (0° bis 19,99° C);Abend;Klar;Iowa;Winter;Entgleisung;Rail, Joint Bar and Rail Anchoring;Track, Roadbed and Structures;EinzelneWagen, Güterzug;108764.02799565585;Nicht Signifikant;False
1295;0216HO029;2016;2;24;15132.0;15132.0;66.0;15066.0;2;0;0;0;0;0;0;0;3.5;6;0;0;0;0;0;480.647398120594;05;7;1;Industriestrecke;H318;65;Moderat (0° bis 19,99° C);Tag;Klar;Texas;Winter;Kollision;General Switching Rules;Human Factors;Depot/Rangieren, EinzelneWagen;13780.165740825061;Nicht Signifikant;False
1296;0216ST007;2016;2;15;67493.0;67493.0;99.0;67394.0;4;0;0;0;0;0;0;0;4.0;59;0;15;0;0;0;3012.0;04;7;1;Depot;H306;75;Warm (20° bis 31,99° C);Abenddämmerung;Klar;Texas;Winter;Kollision;General Switching Rules;Human Factors;Depot/Rangieren, Depot/Rangieren;60369.40966010733;Nicht Signifikant;False
1297;021706;2006;2;17;45624.0;45624.0;3834.0;87000.0;3;0;0;0;0;0;0;0;36.0;23;2;11;0;3;1;3187.330686403274;01;7;2;Depot;E44C;22;Kalt (-30° - 0,01° C);Abend;Klar;Illinois;Winter;Entgleisung;Truck Components;Mechanical and Electrical Failures;Depot/Rangieren, Nahverkehrszug;38459.07443311136;Nicht Signifikant;True
1298;02172016;2016;2;17;70654.0;70654.0;0.0;70654.0;1;0;0;0;0;0;0;0;2.958916643910756;1;0;2;0;0;0;225.33638380232395;09;7;X;Depot;S016;34;Moderat (0° bis 19,99° C);Tag;Wolkig;Indiana;Winter;Kollision;SIGNAL AND COMMUNICATION;Signal and Communication;Depot/Rangieren, Wartungszug;63446.47988505747;Nicht Signifikant;False
1299;021724;2005;6;28;18827.0;18827.0;700.0;18127.0;2;0;0;0;0;0;0;0;4.949628046035187;9;2;12;0;0;2;1501.1318417122993;05;7;1;Depot;S007;80;Warm (20° bis 31,99° C);Tag;Klar;Virginia;Sommer;Kollision;SIGNAL AND COMMUNICATION;Signal and Communication;Depot/Rangieren, Depot/Rangieren;15565.936337329475;Nicht Signifikant;False
1300;0217FW017;2017;2;8;26129.0;26129.0;1228.0;24901.0;2;0;0;0;0;0;0;0;1.9635609428485408;23;1;24;0;0;4;3379.0;01;7;1;Depot;T210;65;Moderat (0° bis 19,99° C);Tag;Klar;Texas;Winter;Entgleisung;Rail, Joint Bar and Rail Anchoring;Track, Roadbed and Structures;Depot/Rangieren, EinzelneWagen;24499.765588373182;Nicht Signifikant;False
1301;0217KC004;2017;2;7;50573.0;50573.0;9575.0;40998.0;1;0;0;0;0;0;0;0;1.9635609428485408;0;0;6;0;0;5;250.0;01;7;1;Depot;M411;37;Moderat (0° bis 19,99° C);Tag;Klar;Missouri;Winter;Entgleisung;Unusual Operational Situations;Miscellaneous Causes;Depot/Rangieren, EinzelneWagen;47375.17564402811;Nicht Signifikant;False
1302;0217LK008;2017;2;7;16856.0;16856.0;66.0;16790.0;2;0;0;0;0;0;0;0;5.944983747097401;29;0;66;0;0;2;5986.0;01;6;1;Depot;H307;64;Moderat (0° bis 19,99° C);Abend;Klar;Louisiana;Winter;Entgleisung;General Switching Rules;Human Factors;EinzelneWagen, Güterzug;15790.163934426231;Nicht Signifikant;False
1303;0217NP036;2017;2;24;127671.0;127671.0;44972.0;82699.0;3;0;0;0;0;0;0;0;2.3333333333333335;3;2;0;0;0;0;449.90383723900163;01;7;1;Depot;T106;25;Kalt (-30° - 0,01° C);Tag;Wolkig;Nebraska;Winter;Entgleisung;Track Geometry;Track, Roadbed and Structures;Depot/Rangieren, EinzelneWagen, EinzelneWagen;120342.16231501556;Nicht Signifikant;False
1304;0217RS076;2017;2;28;14475.0;14475.0;1599.0;12876.0;2;0;0;0;0;0;0;0;3.9542723449729715;6;2;0;0;0;0;1120.0;01;7;X;Depot;M507;50;Moderat (0° bis 19,99° C);Abend;Klar;Kalifornien;Winter;Entgleisung;Other Miscellaneous;Miscellaneous Causes;Depot/Rangieren, EinzelneWagen;13659.52628102293;Nicht Signifikant;False