index;INCDTNO;YEAR4;MONTH;DAY;ACCDMG;INFRASTRUCTURE_DMG;TRKDMG;EQPDMG;LOCOMOTIVES1;LOCOMOTIVES2;RREMPKLD;RREMPINJ;PASSKLD;PASSINJ;OTHERKLD;OTHERINJ;SPEED;LOADF1;LOADF2;EMPTYF1;EMPTYP1;LOADP1;EMPTYF2;TONS;TYPE;TYPEQ;TRKCLAS;TYPTRK;ACCAUSE;TEMP;TEMP_CLUSTER;VISIBLTY;WEATHER;STATE;Jahreszeit;ACCIDENT_TYPE;ACCCAUSE_LVL1;ACCCAUSE_LVL2;EQUIPMENT_TYPE;ACCDMG_EUR;ACCTYPE;SPD_TOO_HIGH
1305;0217SA007;2017;2;3;1004206.0;1004206.0;172036.0;832170.0;6;0;0;0;0;0;0;0;10.0;153;19;31;0;0;3;22422.0;01;1;2;Hauptstrecke;T205;51;Moderat (0° bis 19,99° C);Abend;Klar;Texas;Winter;Entgleisung;Rail, Joint Bar and Rail Anchoring;Track, Roadbed and Structures;Güterzug, Güterzug;934927.8465692207;Signifikant;False
1306;021936;2005;8;13;56661.0;56661.0;0.0;56661.0;8;0;0;0;0;0;0;0;3.9390297932972955;87;1;174;0;0;4;16526.210484140756;04;6;1;Depot;H702;85;Warm (20° bis 31,99° C);Abend;Wolkig;Virginia;Sommer;Kollision;Switches, Use of;Human Factors;EinzelneWagen, Güterzug, Güterzug;45586.515769148245;Nicht Signifikant;False
1307;0219GC027;2019;2;16;15219.0;15219.0;3231.0;11988.0;2;0;0;0;0;0;0;0;4.949628046035187;16;0;21;0;0;1;2808.0;01;7;1;Depot;E07C;64;Moderat (0° bis 19,99° C);Tag;Wolkig;Louisiana;Winter;Entgleisung;Brakes;Mechanical and Electrical Failures;Depot/Rangieren, EinzelneWagen;13488.832427322148;Nicht Signifikant;False
1308;0220081;2008;2;20;36000.0;36000.0;3000.0;33000.0;1;0;0;0;0;0;0;0;4.949628046035187;3;1;1;0;0;1;462.5877065986554;04;6;1;Depot;H306;60;Moderat (0° bis 19,99° C);Abend;Klar;Kalifornien;Winter;Kollision;General Switching Rules;Human Factors;EinzelneWagen, Güterzug;24563.318777292578;Nicht Signifikant;False
1309;022085;2005;8;28;7600.0;7600.0;800.0;6800.0;3;0;0;0;0;0;0;0;4.0;35;1;70;0;0;0;6202.14756147372;04;7;1;Depot;M408;75;Warm (20° bis 31,99° C);Abend;Klar;Tennessee;Sommer;Kollision;Unusual Operational Situations;Miscellaneous Causes;Depot/Rangieren, Depot/Rangieren;6181.37454249695;Nicht Signifikant;False
1310;022092;2005;8;29;10732.0;10732.0;4619.0;6113.0;5;0;0;0;0;0;0;0;9.926406551346263;51;3;0;0;0;0;3939.8899735913355;04;1;1;Depot;T314;85;Warm (20° bis 31,99° C);Tag;Klar;Illinois;Sommer;Kollision;Frogs, Switches and Track Appliances;Track, Roadbed and Structures;Güterzug, Lokomotive;8733.01326389454;Nicht Signifikant;False
1311;0220CM002;2020;2;3;38917.0;38917.0;2766.0;36151.0;2;1;0;0;0;0;0;0;6.940339448159618;0;0;0;12;0;0;840.0;01;3;1;Depot;H303;34;Moderat (0° bis 19,99° C);Abend;Wolkig;Illinois;Winter;Entgleisung;General Switching Rules;Human Factors;Nahverkehrszug, Nahverkehrszug;35168.08241460329;Nicht Signifikant;False
1312;0220GP002;2020;2;2;76414.0;76414.0;75344.0;1070.0;1;0;0;0;0;0;0;0;17.0;2;2;0;0;0;0;260.0;01;7;1;Depot;S016;67;Moderat (0° bis 19,99° C);Tag;Wolkig;Nebraska;Winter;Entgleisung;SIGNAL AND COMMUNICATION;Signal and Communication;Depot/Rangieren, EinzelneWagen;69082.08775313404;Nicht Signifikant;True
1313;022416;2005;9;25;10200.0;10200.0;1000.0;9200.0;4;0;0;0;0;0;0;0;6.0;11;1;26;0;0;3;2136.767427346247;04;7;1;Depot;M408;75;Warm (20° bis 31,99° C);Abend;Regen;Alabama;Herbst;Kollision;Unusual Operational Situations;Miscellaneous Causes;Depot/Rangieren, Depot/Rangieren;8457.711442786069;Nicht Signifikant;False
1314;022478;2005;10;3;19199.0;19199.0;400.0;18799.0;1;0;0;0;0;0;0;0;5.944983747097401;49;0;24;0;0;8;6386.447871135313;01;7;1;Depot;M503;90;Heiß (>= 32° C);Tag;Wolkig;Illinois;Herbst;Entgleisung;Other Miscellaneous;Miscellaneous Causes;Depot/Rangieren, EinzelneWagen;16088.99689935473;Nicht Signifikant;False
1315;022496;2005;10;1;35050.0;35050.0;50.0;35000.0;3;0;0;0;0;0;0;0;4.0;59;1;42;0;0;0;8079.8262642682475;05;7;1;Depot;M408;77;Warm (20° bis 31,99° C);Tag;Wolkig;Indiana;Herbst;Kollision;Unusual Operational Situations;Miscellaneous Causes;Depot/Rangieren, Depot/Rangieren;29194.54701946303;Nicht Signifikant;False
1316;022610;2005;10;15;358250.0;358250.0;10000.0;348250.0;7;1;0;0;0;0;0;0;8.5;32;0;175;0;0;15;8212.248415271097;01;7;1;Depot;H524;82;Warm (20° bis 31,99° C);Tag;Klar;Tennessee;Herbst;Entgleisung;Train Handling/Train Makeup;Human Factors;Depot/Rangieren, Güterzug;298375.90227651305;Signifikant;False
1317;022656;2005;10;19;30650.0;30650.0;0.0;30650.0;9;0;0;0;0;0;0;0;5.944983747097401;58;0;75;0;0;0;8951.191335703794;05;7;1;Depot;H702;54;Moderat (0° bis 19,99° C);Abend;Klar;Alabama;Herbst;Kollision;Switches, Use of;Human Factors;Depot/Rangieren, Depot/Rangieren;25648.535564853555;Nicht Signifikant;False
1318;022717;2005;10;21;94700.0;94700.0;6000.0;88700.0;4;2;0;1;0;0;0;0;18.8846078609062;89;5;7;0;0;0;11141.0;02;1;4;Hauptstrecke;H401;50;Moderat (0° bis 19,99° C);Tag;Wolkig;Ohio;Herbst;Kollision;Main Track Authority;Human Factors;Güterzug, Güterzug;78837.82883782884;Signifikant;False
1319;022899;2005;11;8;141600.0;141600.0;500.0;141100.0;3;1;0;0;0;0;0;0;15.0;68;1;0;0;0;0;8874.889973591336;04;1;4;Hauptstrecke;H099;40;Moderat (0° bis 19,99° C);Tag;Wolkig;West Virginia;Herbst;Kollision;Brakes, Use of;Human Factors;Güterzug, Lokomotive;120603.0150753769;Nicht Signifikant;False
1320;023002;2005;11;17;58143.0;58143.0;48346.0;9797.0;3;0;0;0;0;0;0;0;3.9542723449729715;66;7;1;0;0;1;7746.959697928821;01;7;X;Depot;T220;36;Moderat (0° bis 19,99° C);Tag;Wolkig;Ohio;Herbst;Entgleisung;Rail, Joint Bar and Rail Anchoring;Track, Roadbed and Structures;Depot/Rangieren, EinzelneWagen;49728.87444406431;Nicht Signifikant;False
1321;023189;2005;12;1;10500.0;10500.0;0.0;10500.0;2;0;0;0;0;0;0;0;6.0;18;6;27;0;0;1;2465.0;05;1;1;Depot;H306;55;Moderat (0° bis 19,99° C);Tag;Klar;New Jersey;Herbst;Kollision;General Switching Rules;Human Factors;Güterzug, Güterzug;8939.974457215836;Nicht Signifikant;False
1322;023330;1996;10;31;40776.0;40776.0;0.0;40776.0;0;0;0;2;0;0;0;0;9.901875401795017;0;0;3;0;0;1;197.48918602637877;02;5;6;Hauptstrecke;H104;46;Moderat (0° bis 19,99° C);Abend;Klar;Maryland;Herbst;Kollision;Employee Physical Condition;Human Factors;EinzelneWagen, EinzelneWagen, EinzelneWagen;34588.17541776232;Signifikant;False
1323;023439;2005;12;16;12421.0;12421.0;3363.0;9058.0;3;0;0;0;0;0;0;0;7.0;68;0;104;0;0;5;10979.111650212079;05;7;1;Depot;H020;50;Moderat (0° bis 19,99° C);Abend;Klar;Georgia;Herbst;Kollision;Brakes, Use of;Human Factors;Depot/Rangieren, Depot/Rangieren;10365.517816907286;Nicht Signifikant;False
1324;023451;2005;12;20;11046.0;11046.0;2739.0;8307.0;0;0;0;0;0;0;0;0;4.0;2;2;0;0;0;0;336.5128782368152;05;5;1;Depot;H025;35;Moderat (0° bis 19,99° C);Abend;Klar;Virginia;Herbst;Kollision;Brakes, Use of;Human Factors;EinzelneWagen, EinzelneWagen;9239.648682559598;Nicht Signifikant;False
1325;023491;2005;12;21;33250.0;33250.0;150.0;33100.0;3;1;0;0;0;0;0;0;4.5;35;0;3;0;0;0;3684.8899735913355;05;1;X;Depot;H017;30;Kalt (-30° - 0,01° C);Tag;Klar;Virginia;Winter;Kollision;Brakes, Use of;Human Factors;Güterzug, Lokomotive;28007.075471698114;Nicht Signifikant;False
1326;023515;1996;11;23;3856400.0;3856400.0;880302.0;2976100.0;3;2;0;4;0;13;0;0;70.0;0;0;0;0;22;0;1143.4091633058183;01;2;4;Hauptstrecke;M505;40;Moderat (0° bis 19,99° C);Abend;Klar;New Jersey;Herbst;Entgleisung;Other Miscellaneous;Miscellaneous Causes;Personenzug, Personenzug;3271185.002968869;Schwer;False
1327;023527;2005;12;23;27400.0;27400.0;0.0;27400.0;2;0;0;0;0;0;0;0;16.89389645878177;130;0;15;0;0;2;17925.546195994975;05;6;1;Industriestrecke;H022;36;Moderat (0° bis 19,99° C);Abend;Wolkig;Pennsylvania;Winter;Kollision;Brakes, Use of;Human Factors;EinzelneWagen, Güterzug;23104.814908508306;Nicht Signifikant;True
1328;023695;2006;1;7;8503.0;8503.0;0.0;8503.0;7;0;0;0;0;0;0;0;4.949628046035187;200;5;0;0;0;0;28215.0;01;1;1;Depot;T210;43;Moderat (0° bis 19,99° C);Abend;Klar;North Carolina;Winter;Entgleisung;Rail, Joint Bar and Rail Anchoring;Track, Roadbed and Structures;Güterzug, Güterzug;7034.248841826604;Nicht Signifikant;False
1329;023870;2006;1;18;10307.0;10307.0;250.0;10057.0;2;0;0;0;0;0;0;0;5.0;44;0;33;0;0;2;6082.7982326714755;05;7;1;Depot;H306;25;Kalt (-30° - 0,01° C);Tag;Schnee;Ohio;Winter;Kollision;General Switching Rules;Human Factors;Depot/Rangieren, Depot/Rangieren;8500.61855670103;Nicht Signifikant;False
1330;023892;2006;1;20;10300.0;10300.0;0.0;8800.0;1;0;0;0;0;0;0;0;3.0;9;3;5;0;0;0;2008.2564391184076;05;5;X;Nebenstrecke;H020;58;Moderat (0° bis 19,99° C);Tag;Klar;Maryland;Winter;Kollision;Brakes, Use of;Human Factors;EinzelneWagen, Güterzug;8534.968511766654;Nicht Signifikant;False
1331;023913;2006;1;18;2534100.0;2534100.0;89000.0;2445100.0;5;3;0;3;0;0;0;0;52.726701697021525;95;14;9;0;0;0;9629.0;03;1;2;Nebenstrecke;H605;53;Moderat (0° bis 19,99° C);Tag;Klar;Alabama;Winter;Kollision;Speed;Human Factors;Güterzug, Güterzug;2089979.3814432991;Schwer;True
1332;024015;2006;1;26;75500.0;75500.0;500.0;75000.0;1;0;0;0;0;0;0;0;6.940339448159618;108;3;65;0;0;2;14396.385652289087;05;7;1;Depot;H702;58;Moderat (0° bis 19,99° C);Abend;Klar;Alabama;Winter;Kollision;Switches, Use of;Human Factors;Depot/Rangieren, EinzelneWagen;61612.534682552636;Nicht Signifikant;False
1333;024052;2006;1;27;29200.0;29200.0;200.0;29000.0;4;1;0;0;0;0;0;0;7.0;79;0;9;0;0;0;9330.634176892985;05;7;1;Depot;H607;57;Moderat (0° bis 19,99° C);Abend;Klar;Georgia;Winter;Kollision;Speed;Human Factors;Depot/Rangieren, Depot/Rangieren;23989.484061781135;Nicht Signifikant;False
1334;024130;2006;2;5;17950.0;17950.0;0.0;17950.0;3;0;0;0;0;0;0;0;1.9635609428485408;67;2;35;0;0;0;8796.36983002321;04;7;1;Depot;H306;58;Moderat (0° bis 19,99° C);Tag;Klar;Louisiana;Winter;Kollision;General Switching Rules;Human Factors;Depot/Rangieren, Depot/Rangieren;14948.78272214974;Nicht Signifikant;False
1335;024153;2006;2;9;27000.0;27000.0;7000.0;20000.0;1;0;0;0;0;0;0;0;3.0;15;1;0;0;0;0;2413.256439118408;04;5;1;Depot;H020;24;Kalt (-30° - 0,01° C);Abend;Klar;New York;Winter;Kollision;Brakes, Use of;Human Factors;EinzelneWagen, Güterzug;22552.622786501837;Nicht Signifikant;False
1336;024189;2006;2;12;332673.0;332673.0;80200.0;252473.0;2;0;0;0;0;0;0;0;9.88225048215402;42;6;54;0;0;9;6727.342407140452;06;7;1;Depot;E39C;42;Moderat (0° bis 19,99° C);Tag;Wolkig;Georgia;Winter;Kollision;Coupler and Draft System;Mechanical and Electrical Failures;Depot/Rangieren, EinzelneWagen, EinzelneWagen, EinzelneWagen, EinzelneWagen;279197.3927152688;Signifikant;False
1337;024301;2006;1;8;56450.0;56450.0;5000.0;51450.0;7;2;0;0;0;0;0;0;5.926644996129869;56;0;88;0;0;7;9226.928437767841;05;7;1;Depot;H020;32;Moderat (0° bis 19,99° C);Abend;Klar;Ohio;Winter;Kollision;Brakes, Use of;Human Factors;Depot/Rangieren, Güterzug, Lokomotive;46718.53016634941;Nicht Signifikant;False
1338;024688;2006;3;25;10545.0;10545.0;0.0;10545.0;3;0;0;0;0;0;0;0;9.0;30;0;51;0;0;0;5459.889973591336;04;1;3;Depot;H401;46;Moderat (0° bis 19,99° C);Abend;Klar;Georgia;Frühling;Kollision;Main Track Authority;Human Factors;Güterzug, Lokomotive;8796.54088924728;Nicht Signifikant;False
1339;025123;2006;5;9;10000.0;10000.0;0.0;10000.0;1;0;0;0;0;0;0;0;2.958916643910756;3;0;4;0;0;0;459.54021854257087;05;6;1;Industriestrecke;H302;60;Moderat (0° bis 19,99° C);Abend;Wolkig;North Carolina;Frühling;Kollision;General Switching Rules;Human Factors;EinzelneWagen, Güterzug;7875.8761912262735;Nicht Signifikant;False
1340;025234;2006;5;20;7700.0;7700.0;150.0;7550.0;2;0;0;0;0;0;0;0;4.5;20;0;57;0;0;4;4086.2939582718077;04;7;1;Depot;H020;70;Warm (20° bis 31,99° C);Abenddämmerung;Klar;Virginia;Frühling;Kollision;Brakes, Use of;Human Factors;Depot/Rangieren, EinzelneWagen;6033.379476062371;Nicht Signifikant;False
1341;025253;2006;5;22;201950.0;201950.0;1750.0;200200.0;5;2;0;0;0;0;0;0;8.0;90;2;15;0;0;0;11826.952699336958;02;7;1;Depot;H607;66;Moderat (0° bis 19,99° C);Tag;Wolkig;Tennessee;Frühling;Kollision;Speed;Human Factors;Depot/Rangieren, Güterzug;158354.89688700697;Signifikant;False
1342;025306;2006;5;27;14200.0;14200.0;1100.0;13100.0;2;0;0;0;0;0;0;0;1.9635609428485408;2;0;52;0;0;5;1890.4048226498526;01;6;1;Industriestrecke;T303;85;Warm (20° bis 31,99° C);Abenddämmerung;Klar;Illinois;Frühling;Entgleisung;Frogs, Switches and Track Appliances;Track, Roadbed and Structures;EinzelneWagen, Güterzug;11107.634543178972;Nicht Signifikant;False
1343;025328;2006;5;31;33600.0;33600.0;2200.0;31400.0;3;0;0;0;0;0;0;0;5.0;102;2;48;0;0;0;13173.683021290108;04;7;1;Depot;H607;87;Warm (20° bis 31,99° C);Tag;Klar;Ohio;Frühling;Kollision;Speed;Human Factors;Depot/Rangieren, Lokomotive;26111.28380478707;Nicht Signifikant;False
1344;025365;2006;6;1;73304.0;73304.0;34255.0;39049.0;1;1;0;3;0;0;0;1;36.80101048002608;8;3;9;0;0;4;1205.9749143070683;07;6;1;Nebenstrecke;M308;90;Heiß (>= 32° C);Tag;Klar;Alabama;Frühling;Bahnübergang;Loading Procedures;Loading;EinzelneWagen, Güterzug;57556.53266331658;Signifikant;True
1345;025400;2006;5;27;15400.0;15400.0;300.0;15100.0;5;0;0;0;0;0;0;0;14.903185056657339;102;0;139;0;0;3;17048.0;01;1;2;Nebenstrecke;E40C;74;Warm (20° bis 31,99° C);Abend;Klar;Tennessee;Frühling;Entgleisung;Truck Components;Mechanical and Electrical Failures;Güterzug, Güterzug;12046.307884856069;Nicht Signifikant;False
1346;025467;2006;6;10;137500.0;137500.0;1500.0;136000.0;4;0;0;0;0;0;0;0;17.889252159843984;50;1;0;0;0;0;7065.068162293539;03;7;1;Hauptstrecke;H607;94;Heiß (>= 32° C);Tag;Klar;Florida;Frühling;Kollision;Speed;Human Factors;Depot/Rangieren, Güterzug;108867.77513855898;Nicht Signifikant;True
1347;025990;2006;8;2;9800.0;9800.0;0.0;9800.0;2;0;0;0;0;0;0;0;2.958916643910756;46;0;15;0;0;1;6353.647398120594;04;5;1;Industriestrecke;H022;82;Warm (20° bis 31,99° C);Abend;Klar;Virginia;Sommer;Kollision;Brakes, Use of;Human Factors;EinzelneWagen, Güterzug;7657.446476011876;Nicht Signifikant;False
1348;026247;2006;8;26;55000.0;55000.0;0.0;55000.0;4;0;0;0;0;0;0;0;11.917117953470694;170;4;29;0;0;0;10707.0;03;1;3;Nebenstrecke;H222;75;Warm (20° bis 31,99° C);Abend;Wolkig;Georgia;Sommer;Kollision;Flagging, Fixed, Hand and Radio Signals;Human Factors;Güterzug, Güterzug;43053.96096440873;Nicht Signifikant;False
1349;026338;2006;9;3;33600.0;33600.0;1000.0;32600.0;2;0;0;0;0;0;0;0;5.0;43;2;63;0;0;0;6301.199959724957;04;7;1;Depot;H306;52;Moderat (0° bis 19,99° C);Abend;Wolkig;Illinois;Sommer;Kollision;General Switching Rules;Human Factors;Depot/Rangieren, Güterzug;26167.544975467925;Nicht Signifikant;False
1350;026493;2006;9;12;8955.0;8955.0;905.0;8050.0;3;0;0;0;0;0;0;0;4.0;25;1;30;0;0;2;3937.434627820611;04;7;2;Hauptstrecke;H702;75;Warm (20° bis 31,99° C);Abend;Wolkig;Florida;Sommer;Kollision;Switches, Use of;Human Factors;Depot/Rangieren, Güterzug;7046.187740970966;Nicht Signifikant;False
1351;026568;1997;10;10;170000.0;170000.0;0.0;170000.0;1;0;1;1;0;0;0;0;39.78707758321272;0;0;1;0;6;0;351.2690496171614;09;5;3;Hauptstrecke;M404;70;Warm (20° bis 31,99° C);Tag;Klar;Massachusetts;Herbst;Kollision;Unusual Operational Situations;Miscellaneous Causes;EinzelneWagen, Personenzug;144202.22241072185;Schwer;False
1352;026570;2006;9;22;300100.0;300100.0;100.0;300000.0;4;1;0;1;0;0;0;0;12.91247365453291;202;5;0;0;0;0;6894.0;03;1;4;Hauptstrecke;H222;54;Moderat (0° bis 19,99° C);Abend;Wolkig;Indiana;Sommer;Kollision;Flagging, Fixed, Hand and Radio Signals;Human Factors;Güterzug, Güterzug;234142.1549504564;Signifikant;False
1353;026616;2006;9;27;17091.0;17091.0;0.0;17091.0;3;0;0;0;0;0;0;0;3.9542723449729715;11;1;25;0;0;0;2101.8809132770384;05;7;1;Industriestrecke;H306;63;Moderat (0° bis 19,99° C);Abend;Klar;Tennessee;Herbst;Kollision;General Switching Rules;Human Factors;Depot/Rangieren, Lokomotive;13474.456007568591;Nicht Signifikant;False
1354;026896;2006;10;23;15000.0;15000.0;0.0;15000.0;7;0;0;0;0;0;0;0;4.949628046035187;43;1;0;0;0;0;4980.958242938599;04;1;1;Depot;H702;63;Moderat (0° bis 19,99° C);Tag;Klar;Georgia;Herbst;Kollision;Switches, Use of;Human Factors;Güterzug, Lokomotive;11946.479770627588;Nicht Signifikant;False
1355;026993;1997;11;22;21970.0;21970.0;0.0;21970.0;2;1;0;2;0;0;0;0;7.5;0;0;0;9;0;0;241.96374545475624;02;2;1;Depot;H603;68;Warm (20° bis 31,99° C);Abend;Klar;Kalifornien;Herbst;Kollision;Speed;Human Factors;Personenzug, Personenzug;18636.016625667995;Signifikant;False
1356;027186;1997;12;13;159201.0;159201.0;3300.0;155901.0;1;0;0;2;0;0;0;0;13.907829355595124;0;0;10;7;0;0;505.36689609824134;04;7;1;Depot;H702;60;Moderat (0° bis 19,99° C);Abend;Nebel;Kalifornien;Herbst;Kollision;Switches, Use of;Human Factors;Depot/Rangieren, EinzelneWagen;135041.98829417254;Signifikant;True
1357;027561;2006;12;28;31800.0;31800.0;5000.0;26800.0;2;0;0;0;0;0;0;0;4.949628046035187;51;5;43;0;0;1;7271.924983404013;01;6;1;Depot;H704;35;Moderat (0° bis 19,99° C);Tag;Wolkig;New York;Winter;Entgleisung;Switches, Use of;Human Factors;EinzelneWagen, Güterzug;24140.286950580736;Nicht Signifikant;False
1358;027627;2007;1;5;9000.0;9000.0;100.0;8900.0;3;0;0;0;0;0;0;0;3.302848229981981;14;0;8;0;0;2;1943.8052151103464;01;7;1;Depot;M408;58;Moderat (0° bis 19,99° C);Morgendämmerung;Regen;Ohio;Winter;Entgleisung;Unusual Operational Situations;Miscellaneous Causes;Depot/Rangieren, Depot/Rangieren, Lokomotive;6878.630388260471;Nicht Signifikant;False
1359;027703;2007;1;12;9050.0;9050.0;0.0;9050.0;2;0;0;0;0;0;0;0;1.9635609428485408;7;0;3;0;0;0;957.4211495204456;04;7;1;Depot;H318;50;Moderat (0° bis 19,99° C);Abend;Wolkig;Virginia;Winter;Kollision;General Switching Rules;Human Factors;Depot/Rangieren, EinzelneWagen;7019.312805398279;Nicht Signifikant;False
1360;027864;2007;1;25;28800.0;28800.0;200.0;28600.0;6;0;0;0;0;0;0;0;3.9542723449729715;85;0;98;0;0;2;10796.670382372222;04;7;1;Depot;H306;30;Kalt (-30° - 0,01° C);Abend;Klar;Maryland;Winter;Kollision;General Switching Rules;Human Factors;Depot/Rangieren, Güterzug;22191.40083217753;Nicht Signifikant;False
1361;028192;2007;2;21;929000.0;929000.0;100000.0;829000.0;4;2;0;2;0;0;0;0;28.0;44;4;162;0;0;12;9311.0;04;1;4;Hauptstrecke;H221;40;Moderat (0° bis 19,99° C);Tag;Wolkig;Indiana;Winter;Kollision;Flagging, Fixed, Hand and Radio Signals;Human Factors;Güterzug, Güterzug;706732.597945987;Signifikant;False
1362;028398;2007;3;7;12000.0;12000.0;0.0;12000.0;2;0;0;0;0;0;0;0;4.949628046035187;19;0;20;0;0;0;4120.647398120594;05;5;1;Depot;H306;70;Warm (20° bis 31,99° C);Tag;Klar;Georgia;Winter;Kollision;General Switching Rules;Human Factors;EinzelneWagen, Güterzug;9135.896459840122;Nicht Signifikant;False
1363;028458;2007;3;16;80500.0;80500.0;0.0;80500.0;4;1;0;0;0;0;0;0;5.0;10;0;17;0;0;4;1692.8899735913355;04;1;1;Depot;H702;56;Moderat (0° bis 19,99° C);Tag;Klar;Alabama;Winter;Kollision;Switches, Use of;Human Factors;Güterzug, Lokomotive;60412.757973733584;Nicht Signifikant;False
1364;028470;1998;5;7;9500.0;9500.0;0.0;9500.0;1;0;0;0;0;0;0;0;69.6477486150792;0;0;0;0;5;0;278.98219070225605;07;3;4;Hauptstrecke;M303;60;Moderat (0° bis 19,99° C);Tag;Wolkig;Kalifornien;Frühling;Bahnübergang;Loading Procedures;Loading;Nahverkehrszug, NaN;8058.3594876579855;Nicht Signifikant;False
1365;028504602;1985;2;13;109472.0;109472.0;14000.0;95472.0;7;0;0;2;0;0;0;0;36.0;62;10;106;0;0;1;9436.0;05;1;4;Hauptstrecke;E44C;24;Kalt (-30° - 0,01° C);Tag;Klar;Kentucky;Winter;Kollision;Truck Components;Mechanical and Electrical Failures;Güterzug, Güterzug;92859.4452455679;Signifikant;False
1366;028505617;1985;2;25;114800.0;114800.0;400.0;114400.0;2;1;0;3;0;0;0;0;30.0;62;0;92;0;0;2;9086.517193024229;03;6;3;Hauptstrecke;H302;65;Moderat (0° bis 19,99° C);Tag;Wolkig;South Carolina;Winter;Kollision;General Switching Rules;Human Factors;EinzelneWagen, Güterzug;97378.91254559334;Signifikant;False
1367;028511601;1985;2;12;58217.0;58217.0;9917.0;48300.0;4;0;0;0;0;0;0;0;2.5;12;1;120;0;0;5;5289.578676477754;04;7;3;Depot;H702;37;Moderat (0° bis 19,99° C);Tag;Klar;Georgia;Winter;Kollision;Switches, Use of;Human Factors;Depot/Rangieren, Güterzug;49382.47518873526;Nicht Signifikant;False
1368;028681;2007;4;4;11905.0;11905.0;0.0;11905.0;2;0;0;0;0;0;0;0;6.940339448159618;45;0;0;0;0;0;5625.523615117988;05;6;1;Industriestrecke;H306;58;Moderat (0° bis 19,99° C);Tag;Wolkig;Virginia;Frühling;Kollision;General Switching Rules;Human Factors;EinzelneWagen, Güterzug;8916.267225883763;Nicht Signifikant;False
1369;0286FR206;1986;2;26;9900.0;9900.0;0.0;9900.0;1;0;0;0;0;0;0;0;1.9635609428485408;2;0;0;0;0;0;297.294796241188;04;7;1;Depot;H306;50;Moderat (0° bis 19,99° C);Abend;Klar;Kalifornien;Winter;Kollision;General Switching Rules;Human Factors;Depot/Rangieren, EinzelneWagen;8397.658834506743;Nicht Signifikant;False
1370;0286KC202;1986;2;2;10850.0;10850.0;500.0;10350.0;1;0;0;0;0;0;0;0;3.5;13;1;20;0;0;3;2181.603815138834;04;7;1;Depot;T306;45;Moderat (0° bis 19,99° C);Abend;Wolkig;Missouri;Winter;Kollision;Frogs, Switches and Track Appliances;Track, Roadbed and Structures;Depot/Rangieren, EinzelneWagen;9203.494783272541;Nicht Signifikant;False
1371;0286KC203;1986;2;4;65600.0;65600.0;1500.0;64100.0;3;0;0;0;0;0;0;0;5.0;48;2;59;0;0;10;6493.109004428104;04;7;1;Depot;H702;40;Moderat (0° bis 19,99° C);Abend;Regen;Missouri;Winter;Kollision;Switches, Use of;Human Factors;Depot/Rangieren, Depot/Rangieren;55645.092883196194;Nicht Signifikant;False
1372;0286NO203;1986;2;3;25650.0;25650.0;0.0;25650.0;2;0;0;0;0;0;0;0;5.0;53;3;12;0;0;2;5660.0;04;7;1;Depot;H306;63;Moderat (0° bis 19,99° C);Abend;Wolkig;Louisiana;Winter;Kollision;General Switching Rules;Human Factors;Depot/Rangieren, Depot/Rangieren;21757.570616676563;Nicht Signifikant;False
1373;0286NP201;1986;2;1;33400.0;33400.0;3400.0;30000.0;0;0;0;0;0;0;0;0;8.5;83;4;2;0;0;0;9650.975167524355;02;6;2;Depot;T305;40;Moderat (0° bis 19,99° C);Tag;Klar;Nebraska;Winter;Kollision;Frogs, Switches and Track Appliances;Track, Roadbed and Structures;EinzelneWagen, EinzelneWagen;28331.495461871233;Nicht Signifikant;False
1374;0286NP202;1986;2;2;20000.0;20000.0;0.0;20000.0;6;1;0;0;0;0;0;0;13.907829355595124;0;0;0;0;0;0;69.7799471826711;02;8;2;Depot;H601;32;Moderat (0° bis 19,99° C);Abend;Klar;Nebraska;Winter;Kollision;Speed;Human Factors;Lokomotive, Lokomotive;16964.967342437863;Nicht Signifikant;False
1375;028739;2007;4;10;68445.0;68445.0;500.0;67945.0;3;0;0;0;0;0;0;0;5.0;51;0;115;0;0;5;18246.0;04;6;1;Depot;M599;53;Moderat (0° bis 19,99° C);Tag;Klar;Kentucky;Frühling;Kollision;Other Miscellaneous;Miscellaneous Causes;EinzelneWagen, Güterzug;50979.442872039326;Nicht Signifikant;False
1376;028787;2007;4;14;80500.0;80500.0;500.0;80000.0;3;0;0;0;0;0;0;0;7.935695149221832;100;3;0;0;0;0;12798.370241052073;05;6;1;Industriestrecke;H210;58;Moderat (0° bis 19,99° C);Abend;Wolkig;North Carolina;Frühling;Kollision;Flagging, Fixed, Hand and Radio Signals;Human Factors;EinzelneWagen, Güterzug;59462.2543950362;Nicht Signifikant;False
1377;0287ID001;1987;2;5;36832.0;36832.0;0.0;36832.0;2;0;0;1;0;0;0;0;10.0;1;0;0;0;0;0;54.88997359133555;02;1;1;Hauptstrecke;H603;-40;Sehr Kalt (-45° - 30,01° C);Tag;Klar;Idaho;Winter;Kollision;Speed;Human Factors;Güterzug, Lokomotive;31242.683857833574;Signifikant;False