index;INCDTNO;YEAR4;MONTH;DAY;ACCDMG;INFRASTRUCTURE_DMG;TRKDMG;EQPDMG;LOCOMOTIVES1;LOCOMOTIVES2;RREMPKLD;RREMPINJ;PASSKLD;PASSINJ;OTHERKLD;OTHERINJ;SPEED;LOADF1;LOADF2;EMPTYF1;EMPTYP1;LOADP1;EMPTYF2;TONS;TYPE;TYPEQ;TRKCLAS;TYPTRK;ACCAUSE;TEMP;TEMP_CLUSTER;VISIBLTY;WEATHER;STATE;Jahreszeit;ACCIDENT_TYPE;ACCCAUSE_LVL1;ACCCAUSE_LVL2;EQUIPMENT_TYPE;ACCDMG_EUR;ACCTYPE;SPD_TOO_HIGH
1378;0287OR206;1987;2;24;9128.0;9128.0;1128.0;8000.0;3;1;0;0;0;0;0;0;5.0;5;0;1;0;0;0;669.0134800399519;01;7;1;Depot;H209;55;Moderat (0° bis 19,99° C);Abenddämmerung;Klar;Oregon;Winter;Entgleisung;Flagging, Fixed, Hand and Radio Signals;Human Factors;Depot/Rangieren, Lokomotive;7742.811095088641;Nicht Signifikant;False
1379;0288002;1988;1;17;7638.0;7638.0;0.0;7638.0;7;0;0;0;0;0;0;0;5.0;0;0;0;7;0;0;204.67993898637036;04;7;1;Depot;H302;25;Kalt (-30° - 0,01° C);Morgendämmerung;Klar;Pennsylvania;Winter;Kollision;General Switching Rules;Human Factors;Depot/Rangieren, Personenzug;6478.92102807702;Nicht Signifikant;False
1380;028812005;1988;2;5;21700.0;21700.0;0.0;21700.0;5;0;0;0;0;0;0;0;10.0;35;1;114;0;0;1;7276.6154128112885;04;1;1;Depot;H020;65;Moderat (0° bis 19,99° C);Tag;Wolkig;Florida;Winter;Kollision;Brakes, Use of;Human Factors;Güterzug, Güterzug;18406.989566545082;Nicht Signifikant;False
1381;028812006;1988;2;7;18550.0;18550.0;50.0;18500.0;2;0;0;0;0;0;0;0;2.0;13;0;27;0;0;0;4100.0;04;1;1;Depot;H306;40;Moderat (0° bis 19,99° C);Tag;Klar;Florida;Winter;Kollision;General Switching Rules;Human Factors;Güterzug, Güterzug;15735.00721011112;Nicht Signifikant;False
1382;028822047;1988;2;21;96930.0;96930.0;0.0;96930.0;0;0;0;0;0;0;0;0;2.0;67;0;4;0;0;0;7813.313031486942;04;6;1;Depot;H018;45;Moderat (0° bis 19,99° C);Tag;Klar;Maryland;Winter;Kollision;Brakes, Use of;Human Factors;EinzelneWagen, EinzelneWagen;82220.7142251251;Nicht Signifikant;False
1383;028823053;1988;2;23;11200.0;11200.0;0.0;11200.0;2;1;0;0;0;0;0;0;6.0;33;0;10;0;0;0;4128.239058758085;04;7;1;Depot;H401;35;Moderat (0° bis 19,99° C);Abend;Regen;Ohio;Winter;Kollision;Main Track Authority;Human Factors;Depot/Rangieren, Depot/Rangieren;9500.381711765205;Nicht Signifikant;False
1384;028879;2007;4;22;249400.0;249400.0;65000.0;184400.0;4;0;0;0;0;0;0;0;5.0;21;0;37;0;0;7;4077.294286139126;04;7;X;Depot;H702;64;Moderat (0° bis 19,99° C);Tag;Klar;Ohio;Frühling;Kollision;Switches, Use of;Human Factors;Depot/Rangieren, Güterzug;183742.6326129666;Signifikant;False
1385;028901023;1989;2;6;18000.0;18000.0;1000.0;17000.0;2;0;0;0;0;0;0;0;10.0;55;3;54;0;0;1;2000.0;04;7;1;Depot;H018;30;Kalt (-30° - 0,01° C);Tag;Wolkig;Tennessee;Winter;Kollision;Brakes, Use of;Human Factors;Depot/Rangieren, Depot/Rangieren;15268.470608194079;Nicht Signifikant;False
1386;028905048;1989;2;17;20000.0;20000.0;0.0;20000.0;1;0;0;0;0;0;0;0;4.0;83;1;0;0;0;0;9531.255224108938;04;7;1;Depot;H306;21;Kalt (-30° - 0,01° C);Abend;Nebel;North Carolina;Winter;Kollision;General Switching Rules;Human Factors;Depot/Rangieren, EinzelneWagen;16964.967342437863;Nicht Signifikant;False
1387;028908041;1989;2;27;276950.0;276950.0;2500.0;274450.0;3;2;0;0;0;0;0;0;24.856742067279495;12;2;90;0;0;6;3810.0;03;1;2;Hauptstrecke;H215;60;Moderat (0° bis 19,99° C);Abend;Wolkig;Alabama;Winter;Kollision;Flagging, Fixed, Hand and Radio Signals;Human Factors;Güterzug, Güterzug;234922.38527440833;Signifikant;False
1388;028912004;1989;2;6;24125.0;24125.0;0.0;24125.0;4;0;0;0;0;0;0;0;4.949628046035187;110;0;0;0;0;0;13557.0;04;1;2;Depot;H401;70;Warm (20° bis 31,99° C);Tag;Klar;Florida;Winter;Kollision;Main Track Authority;Human Factors;Güterzug, Güterzug;20463.991856815675;Nicht Signifikant;False
1389;0289LU200;1989;2;1;15000.0;15000.0;0.0;15000.0;2;0;0;0;0;0;0;0;2.958916643910756;10;0;0;0;0;0;1207.3541924752558;04;7;1;Depot;H306;60;Moderat (0° bis 19,99° C);Morgendämmerung;Klar;Louisiana;Winter;Kollision;General Switching Rules;Human Factors;Depot/Rangieren, EinzelneWagen;12723.7255068284;Nicht Signifikant;False
1390;0289NL201;1989;2;2;21750.0;21750.0;100.0;21650.0;2;0;0;0;0;0;0;0;9.0;27;1;7;0;0;1;3375.4443565667893;01;7;X;Depot;H602;41;Moderat (0° bis 19,99° C);Tag;Regen;Arkansas;Winter;Entgleisung;Speed;Human Factors;Depot/Rangieren, EinzelneWagen;18449.40198490118;Nicht Signifikant;False
1391;0289NL215;1989;2;17;7500.0;7500.0;0.0;7500.0;2;0;0;0;0;0;0;0;4.0;0;0;29;0;0;0;952.7258433013352;04;7;1;Industriestrecke;M501;40;Moderat (0° bis 19,99° C);Abend;Regen;Arkansas;Winter;Kollision;Other Miscellaneous;Miscellaneous Causes;Depot/Rangieren, EinzelneWagen;6361.8627534142;Nicht Signifikant;False
1392;0289PL207;1989;2;12;13335.0;13335.0;0.0;13335.0;5;0;0;0;0;0;0;0;6.0;0;0;31;0;0;2;1566.8164184217308;05;5;1;Industriestrecke;H018;47;Moderat (0° bis 19,99° C);Tag;Regen;Texas;Winter;Kollision;Brakes, Use of;Human Factors;EinzelneWagen, Güterzug;11311.391975570446;Nicht Signifikant;False
1393;0289UT212;1989;2;9;11575.0;11575.0;0.0;11575.0;3;0;0;0;0;0;0;0;4.949628046035187;93;3;74;0;0;1;13469.564379588355;04;7;2;Depot;H306;15;Kalt (-30° - 0,01° C);Abend;Klar;Utah;Winter;Kollision;General Switching Rules;Human Factors;Depot/Rangieren, Güterzug;9818.474849435914;Nicht Signifikant;False
1394;029005070;1990;2;18;18000.0;18000.0;1000.0;17000.0;2;0;0;0;0;0;0;0;1.9635609428485408;14;1;15;0;0;0;2138.6890847549294;05;7;1;Depot;H306;45;Moderat (0° bis 19,99° C);Tag;Klar;Virginia;Winter;Kollision;General Switching Rules;Human Factors;Depot/Rangieren, EinzelneWagen;15268.470608194079;Nicht Signifikant;False
1395;029048;2007;5;9;15347.0;15347.0;1875.0;13472.0;1;0;0;0;0;0;0;0;2.5;0;0;92;0;0;3;2875.2897904518263;04;7;1;Depot;M408;56;Moderat (0° bis 19,99° C);Abend;Nebel;Virginia;Frühling;Kollision;Unusual Operational Situations;Miscellaneous Causes;Depot/Rangieren, EinzelneWagen;11338.751385297377;Nicht Signifikant;False
1396;0290AR202;1990;2;7;14711.0;14711.0;2511.0;12200.0;2;0;0;0;0;0;0;0;2.958916643910756;26;5;36;0;0;1;4223.0689921474495;01;6;1;Depot;M503;62;Moderat (0° bis 19,99° C);Tag;Klar;Tennessee;Winter;Entgleisung;Other Miscellaneous;Miscellaneous Causes;EinzelneWagen, Güterzug;12478.581728730172;Nicht Signifikant;False
1397;0290CA208;1990;2;11;9716.0;9716.0;0.0;9716.0;0;0;0;0;0;0;0;0;2.0;18;0;1;0;0;0;2147.859998920312;02;6;1;Depot;H313;55;Moderat (0° bis 19,99° C);Abend;Klar;Kalifornien;Winter;Kollision;General Switching Rules;Human Factors;EinzelneWagen, EinzelneWagen;8241.581134956316;Nicht Signifikant;False
1398;0290CR210;1990;2;7;10960.0;10960.0;2360.0;8600.0;2;0;0;0;0;0;0;0;3.0;53;4;19;0;0;0;6755.841405233405;04;7;1;Depot;H704;45;Moderat (0° bis 19,99° C);Abenddämmerung;Regen;Oregon;Winter;Kollision;Switches, Use of;Human Factors;Depot/Rangieren, Depot/Rangieren;9296.80210365595;Nicht Signifikant;False
1399;0290FW245;1990;2;28;15000.0;15000.0;7000.0;8000.0;2;0;0;0;0;0;0;0;6.940339448159618;60;1;52;0;0;7;8508.40803324324;04;7;1;Depot;H503;45;Moderat (0° bis 19,99° C);Tag;Wolkig;Texas;Winter;Kollision;Train Handling/Train Makeup;Human Factors;Depot/Rangieren, EinzelneWagen;12723.7255068284;Nicht Signifikant;False
1400;0290HO204;1990;2;12;100800.0;100800.0;0.0;100800.0;4;0;0;0;0;0;0;0;5.5;59;0;83;0;0;0;9308.52004192096;01;7;1;Depot;H704;65;Moderat (0° bis 19,99° C);Abend;Klar;Texas;Winter;Entgleisung;Switches, Use of;Human Factors;Depot/Rangieren, Depot/Rangieren;85503.43540588683;Nicht Signifikant;False
1401;0290LU215;1990;2;23;30500.0;30500.0;0.0;30500.0;4;0;0;0;0;0;0;0;3.0;27;0;23;0;0;1;3842.97787894479;04;7;1;Depot;H306;60;Moderat (0° bis 19,99° C);Tag;Klar;Louisiana;Winter;Kollision;General Switching Rules;Human Factors;Depot/Rangieren, Depot/Rangieren;25871.575197217742;Nicht Signifikant;False
1402;0290UT203;1990;2;7;6100.0;6100.0;0.0;6100.0;4;0;0;0;0;0;0;0;3.9542723449729715;31;0;39;0;0;2;5258.162247179111;01;6;2;Depot;T399;16;Kalt (-30° - 0,01° C);Abend;Wolkig;Utah;Winter;Entgleisung;Frogs, Switches and Track Appliances;Track, Roadbed and Structures;EinzelneWagen, Güterzug;5174.315039443549;Nicht Signifikant;False
1403;0290UT213;1990;2;25;18800.0;18800.0;2000.0;16800.0;3;0;0;0;0;0;0;0;2.958916643910756;47;3;18;0;0;0;6379.989370172551;04;6;1;Depot;H020;37;Moderat (0° bis 19,99° C);Abend;Klar;Utah;Winter;Kollision;Brakes, Use of;Human Factors;EinzelneWagen, Güterzug;15947.069301891594;Nicht Signifikant;False
1404;0291CA205;1991;2;7;8750.0;8750.0;0.0;8750.0;1;0;0;0;0;0;0;0;3.0;0;0;2;0;0;0;130.67276760464793;04;6;1;Depot;M404;50;Moderat (0° bis 19,99° C);Tag;Klar;Kalifornien;Winter;Kollision;Unusual Operational Situations;Miscellaneous Causes;EinzelneWagen, Lokomotive;7422.173212316566;Nicht Signifikant;False
1405;0291RR208;1991;2;21;6675.0;6675.0;300.0;6375.0;2;0;0;0;0;0;0;0;3.9542723449729715;37;0;49;0;0;2;4447.388788583951;04;6;1;Depot;H306;50;Moderat (0° bis 19,99° C);Morgendämmerung;Wolkig;Texas;Winter;Kollision;General Switching Rules;Human Factors;EinzelneWagen, Güterzug;5662.0578505386375;Nicht Signifikant;False
1406;0291SL001;1991;2;2;174000.0;174000.0;7000.0;167000.0;2;2;0;0;0;0;0;0;34.81029907790165;90;0;0;0;0;0;10307.948154815935;01;6;1;Depot;M501;60;Moderat (0° bis 19,99° C);Abend;Klar;Illinois;Winter;Entgleisung;Other Miscellaneous;Miscellaneous Causes;EinzelneWagen, Lokomotive;147595.21587920943;Nicht Signifikant;True
1407;029205022;1992;2;15;26500.0;26500.0;1000.0;25500.0;2;0;0;0;0;0;0;0;4.0;46;0;29;0;0;1;6187.047406266633;04;7;1;Depot;H401;62;Moderat (0° bis 19,99° C);Tag;Wolkig;North Carolina;Winter;Kollision;Main Track Authority;Human Factors;Depot/Rangieren, Depot/Rangieren;22478.581728730172;Nicht Signifikant;False
1408;029205042;1992;2;25;9850.0;9850.0;200.0;9650.0;7;0;0;0;0;0;0;0;5.0;158;2;99;0;0;2;20345.0;04;1;1;Depot;H306;55;Moderat (0° bis 19,99° C);Abend;Wolkig;North Carolina;Winter;Kollision;General Switching Rules;Human Factors;Güterzug, Güterzug;8355.246416150649;Nicht Signifikant;False
1409;029221034;1992;2;24;17200.0;17200.0;200.0;17000.0;3;0;0;0;0;0;0;0;10.0;13;1;4;0;0;2;1692.9812171436124;04;7;1;Depot;H313;50;Moderat (0° bis 19,99° C);Abend;Klar;Kentucky;Winter;Kollision;General Switching Rules;Human Factors;Depot/Rangieren, Depot/Rangieren;14589.871914496563;Nicht Signifikant;False
1410;0292ID019;1992;2;10;23000.0;23000.0;0.0;23000.0;4;0;0;0;0;0;0;0;3.9542723449729715;45;0;44;0;0;1;7057.093808331582;01;7;1;Depot;H503;50;Moderat (0° bis 19,99° C);Tag;Wolkig;Idaho;Winter;Entgleisung;Train Handling/Train Makeup;Human Factors;Depot/Rangieren, Güterzug;19509.712443803546;Nicht Signifikant;False
1411;0292NL002;1992;2;6;13400.0;13400.0;700.0;12700.0;4;0;0;0;0;0;0;0;4.0;19;0;18;0;0;2;2782.1664662751873;01;7;1;Depot;H305;50;Moderat (0° bis 19,99° C);Abend;Klar;Arkansas;Winter;Entgleisung;General Switching Rules;Human Factors;Depot/Rangieren, Depot/Rangieren;11366.52811943337;Nicht Signifikant;False
1412;0292VB004;1992;2;11;341000.0;341000.0;1000.0;340000.0;2;0;0;0;0;0;0;0;16.89389645878177;15;1;40;0;0;5;3038.824947416906;01;4;3;Hauptstrecke;H306;42;Moderat (0° bis 19,99° C);Abend;Regen;Kansas;Winter;Entgleisung;General Switching Rules;Human Factors;Arbeitszug, EinzelneWagen;289252.6931885656;Signifikant;False
1413;029301037;1993;2;20;10700.0;10700.0;1400.0;9300.0;6;0;0;0;0;0;0;0;5.0;72;0;137;0;0;5;12438.87288529173;04;7;1;Depot;H699;50;Moderat (0° bis 19,99° C);Abend;Wolkig;Georgia;Winter;Kollision;Speed;Human Factors;Depot/Rangieren, Depot/Rangieren;9076.257528204258;Nicht Signifikant;False
1414;029305032;1993;2;20;12025.0;12025.0;400.0;11625.0;2;0;0;0;0;0;0;0;5.0;25;4;4;0;0;0;3113.937365249341;04;7;1;Depot;H306;50;Moderat (0° bis 19,99° C);Morgendämmerung;Wolkig;South Carolina;Winter;Kollision;General Switching Rules;Human Factors;Depot/Rangieren, EinzelneWagen;10200.186614640766;Nicht Signifikant;False
1415;0294;1994;2;21;11319.0;11319.0;850.0;10469.0;9;1;0;0;0;0;0;0;16.89389645878177;101;1;0;0;0;0;13770.889973591336;03;1;1;Hauptstrecke;H603;31;Kalt (-30° - 0,01° C);Abend;Klar;Iowa;Winter;Kollision;Speed;Human Factors;Güterzug, Lokomotive;9601.32326745271;Nicht Signifikant;True
1416;029409005;1994;2;10;48500.0;48500.0;400.0;48100.0;4;0;0;0;0;0;0;0;3.0;74;3;30;0;0;3;8884.989370172552;04;6;1;Depot;H306;45;Moderat (0° bis 19,99° C);Abend;Wolkig;Alabama;Winter;Kollision;General Switching Rules;Human Factors;EinzelneWagen, Güterzug;41140.04580541182;Nicht Signifikant;False
1417;029421008;1994;2;13;30800.0;30800.0;0.0;30800.0;6;1;0;0;0;0;0;0;6.0;135;1;1;0;0;0;7240.0;02;1;1;Nebenstrecke;H499;34;Moderat (0° bis 19,99° C);Abend;Wolkig;Tennessee;Winter;Kollision;Main Track Authority;Human Factors;Güterzug, Güterzug;26126.049707354312;Nicht Signifikant;False
1418;029422003;1994;2;3;11600.0;11600.0;0.0;11600.0;3;0;0;0;0;0;0;0;8.0;18;2;6;0;0;4;2345.230270448509;04;7;1;Depot;H020;18;Kalt (-30° - 0,01° C);Abend;Wolkig;Pennsylvania;Winter;Kollision;Brakes, Use of;Human Factors;Depot/Rangieren, Depot/Rangieren;9839.681058613962;Nicht Signifikant;False
1419;029427010;1994;2;5;14100.0;14100.0;0.0;14100.0;2;0;0;0;0;0;0;0;5.0;90;0;3;0;0;0;5126.229204224301;04;6;1;Depot;H307;50;Moderat (0° bis 19,99° C);Tag;Wolkig;Virginia;Winter;Kollision;General Switching Rules;Human Factors;EinzelneWagen, Güterzug;11960.301976418696;Nicht Signifikant;False
1420;029427029;1994;2;22;20300.0;20300.0;1300.0;19000.0;4;0;0;0;0;0;0;0;5.0;1;0;200;0;0;3;6277.259517767834;04;7;1;Depot;H702;34;Moderat (0° bis 19,99° C);Abend;Wolkig;Ohio;Winter;Kollision;Switches, Use of;Human Factors;Depot/Rangieren, Depot/Rangieren;17219.441852574433;Nicht Signifikant;False
1421;0294HO023;1994;2;24;6825.0;6825.0;500.0;6325.0;2;0;0;0;0;0;0;0;2.958916643910756;41;0;21;0;0;8;5870.669308082522;01;7;1;Depot;H306;57;Moderat (0° bis 19,99° C);Tag;Wolkig;Louisiana;Winter;Entgleisung;General Switching Rules;Human Factors;Depot/Rangieren, EinzelneWagen;5789.295105606921;Nicht Signifikant;False
1422;0294VB013;1994;2;10;6750.0;6750.0;0.0;6750.0;1;0;0;0;0;0;0;0;2.958916643910756;2;1;1;0;0;0;410.0938083315824;01;7;3;Depot;H018;14;Kalt (-30° - 0,01° C);Abend;Wolkig;Kansas;Winter;Entgleisung;Brakes, Use of;Human Factors;Depot/Rangieren, EinzelneWagen;5725.676478072779;Nicht Signifikant;False
1423;0294WT001;1994;2;3;10000.0;10000.0;0.0;10000.0;2;0;0;0;0;0;0;0;1.9635609428485408;35;0;12;0;0;3;4421.086832096799;01;7;1;Depot;H302;40;Moderat (0° bis 19,99° C);Tag;Klar;Utah;Winter;Entgleisung;General Switching Rules;Human Factors;Depot/Rangieren, EinzelneWagen;8482.483671218932;Nicht Signifikant;False
1424;029505027;1995;2;28;8300.0;8300.0;0.0;8300.0;1;0;0;0;0;0;0;0;4.0;2;2;1;0;0;1;368.4393230672105;05;7;1;Depot;M199;60;Moderat (0° bis 19,99° C);Abenddämmerung;Klar;South Carolina;Winter;Kollision;Environmental Conditions;Environmental Conditions;Depot/Rangieren, EinzelneWagen;7040.461447111714;Nicht Signifikant;False
1425;0296CB007;1996;2;10;8707.0;8707.0;60.0;8647.0;2;0;0;0;0;0;0;0;3.0;25;0;19;0;0;1;3493.6773890423196;04;7;1;Depot;H018;30;Kalt (-30° - 0,01° C);Tag;Klar;Iowa;Winter;Kollision;Brakes, Use of;Human Factors;Depot/Rangieren, EinzelneWagen;7385.698532530325;Nicht Signifikant;False
1426;0296PC018;1996;2;25;8822.0;8822.0;0.0;8822.0;1;0;0;0;0;0;0;0;2.5;7;0;3;0;0;1;536.336383802324;01;5;1;Depot;H399;35;Moderat (0° bis 19,99° C);Abend;Klar;Oregon;Winter;Entgleisung;General Switching Rules;Human Factors;EinzelneWagen, Güterzug;7483.247094749342;Nicht Signifikant;False
1427;0296ST001;1996;2;4;6437.0;6437.0;400.0;6037.0;2;0;0;0;0;0;0;0;3.9542723449729715;8;0;8;0;0;2;849.2292042243008;01;7;1;Depot;H601;35;Moderat (0° bis 19,99° C);Tag;Klar;Texas;Winter;Entgleisung;Speed;Human Factors;Depot/Rangieren, EinzelneWagen;5460.174739163627;Nicht Signifikant;False
1428;0296ST007;1996;2;24;7901.0;7901.0;300.0;7601.0;2;0;0;0;0;0;0;0;1.9635609428485408;28;6;12;0;0;0;3833.7827940133125;01;7;1;Depot;H312;80;Warm (20° bis 31,99° C);Tag;Klar;Texas;Winter;Entgleisung;General Switching Rules;Human Factors;Depot/Rangieren, EinzelneWagen;6702.010348630079;Nicht Signifikant;False
1429;029705003;1997;2;4;41266.0;41266.0;0.0;41266.0;4;0;0;0;0;0;0;0;3.0;11;1;0;0;0;0;1340.7206580023278;04;7;1;Depot;H020;65;Moderat (0° bis 19,99° C);Tag;Klar;South Carolina;Winter;Kollision;Brakes, Use of;Human Factors;Depot/Rangieren, Depot/Rangieren;35003.81711765205;Nicht Signifikant;False
1430;029712005;1997;2;10;21475.0;21475.0;0.0;21475.0;2;0;0;0;0;0;0;0;4.0;2;0;1;0;0;0;327.74120645217647;04;7;1;Depot;H302;84;Warm (20° bis 31,99° C);Abend;Klar;Florida;Winter;Kollision;General Switching Rules;Human Factors;Depot/Rangieren, Depot/Rangieren;18216.13368394266;Nicht Signifikant;False
1431;029727029;1997;2;28;53691.0;53691.0;0.0;53691.0;5;0;0;5;0;0;0;0;10.0;9;4;10;0;0;4;1482.4171725247634;02;7;1;Depot;H306;60;Moderat (0° bis 19,99° C);Tag;Wolkig;Kentucky;Winter;Kollision;General Switching Rules;Human Factors;Depot/Rangieren, Depot/Rangieren;45543.30307914157;Schwer;False
1432;029757;2007;7;20;18000.0;18000.0;0.0;18000.0;2;0;0;0;0;0;0;0;1.9635609428485408;0;0;1;0;0;0;100.22635739365951;04;5;1;Depot;H306;73;Warm (20° bis 31,99° C);Tag;Klar;Virginia;Sommer;Kollision;General Switching Rules;Human Factors;EinzelneWagen, Lokomotive;13040.643338404694;Nicht Signifikant;False
1433;0297CE020;1997;2;18;15500.0;15500.0;0.0;15500.0;0;0;0;0;0;0;0;0;14.903185056657339;0;0;2;0;0;0;130.67276760464793;03;5;3;Hauptstrecke;H402;1;Kalt (-30° - 0,01° C);Tag;Klar;Colorado;Winter;Kollision;Main Track Authority;Human Factors;EinzelneWagen, EinzelneWagen;13147.849690389345;Nicht Signifikant;False
1434;0297CE021;1997;2;23;53000.0;53000.0;0.0;53000.0;5;0;0;0;0;0;0;0;29.83352057259057;0;0;0;0;0;0;69.7799471826711;02;8;1;Nebenstrecke;H601;20;Kalt (-30° - 0,01° C);Abend;Schnee;Colorado;Winter;Kollision;Speed;Human Factors;Lokomotive, Lokomotive;44957.163457460345;Nicht Signifikant;True
1435;0297LK009;1997;2;10;22982.0;22982.0;1000.0;21982.0;5;0;0;0;0;0;0;0;3.9542723449729715;108;1;25;0;0;1;13137.831127234516;01;7;1;Depot;M599;36;Moderat (0° bis 19,99° C);Abend;Wolkig;Arkansas;Winter;Entgleisung;Other Miscellaneous;Miscellaneous Causes;Depot/Rangieren, Güterzug;19494.44397319535;Nicht Signifikant;False
1436;0297SA008;1997;2;21;22000.0;22000.0;0.0;22000.0;2;0;0;2;0;0;0;0;17.889252159843984;25;3;76;0;0;1;7496.0;01;1;4;Hauptstrecke;H404;50;Moderat (0° bis 19,99° C);Abend;Klar;Texas;Winter;Entgleisung;Main Track Authority;Human Factors;Güterzug, Güterzug;18661.464076681652;Signifikant;False
1437;0297UT018;1997;2;9;16500.0;16500.0;0.0;16500.0;4;0;0;0;0;0;0;0;4.949628046035187;37;0;40;0;0;0;5505.0;04;7;1;Depot;H306;36;Moderat (0° bis 19,99° C);Tag;Wolkig;Utah;Winter;Kollision;General Switching Rules;Human Factors;Depot/Rangieren, Depot/Rangieren;13996.098057511239;Nicht Signifikant;False
1438;0297WH013;1997;2;24;58623.0;58623.0;1700.0;56923.0;3;0;0;0;0;0;0;0;4.949628046035187;13;0;29;0;0;4;2437.492500659323;01;7;1;Depot;H506;58;Moderat (0° bis 19,99° C);Abend;Wolkig;Oklahoma;Winter;Entgleisung;Train Handling/Train Makeup;Human Factors;Depot/Rangieren, Lokomotive;49726.864025786745;Nicht Signifikant;False
1439;029806006;1998;2;9;20150.0;20150.0;150.0;20000.0;2;1;0;0;0;0;0;0;2.0;52;0;36;0;0;0;7081.236790299694;04;7;1;Depot;H525;60;Moderat (0° bis 19,99° C);Tag;Klar;Georgia;Winter;Kollision;Train Handling/Train Makeup;Human Factors;Depot/Rangieren, Depot/Rangieren;17092.20459750615;Nicht Signifikant;False
1440;029886;2007;8;1;69970.0;69970.0;0.0;69970.0;2;0;0;0;0;0;0;0;5.0;114;0;56;0;0;0;14743.125315333487;05;7;1;Depot;H607;75;Warm (20° bis 31,99° C);Abend;Klar;Pennsylvania;Sommer;Kollision;Speed;Human Factors;Depot/Rangieren, Depot/Rangieren;51211.30059284198;Nicht Signifikant;False
1441;0298CE008;1998;2;10;20653.0;20653.0;600.0;20053.0;4;0;0;0;0;0;0;0;24.856742067279495;105;0;98;0;0;4;15282.419549163475;03;1;2;Hauptstrecke;H008;20;Kalt (-30° - 0,01° C);Abend;Klar;Colorado;Winter;Kollision;Brakes, Use of;Human Factors;Güterzug, Güterzug;17518.87352616846;Nicht Signifikant;False
1442;0298CE010;1998;2;16;71200.0;71200.0;35000.0;36200.0;8;0;0;0;0;0;0;0;21.870674964092846;161;16;8;0;0;0;13162.0;04;1;3;Hauptstrecke;T110;26;Kalt (-30° - 0,01° C);Tag;Klar;Wyoming;Winter;Kollision;Track Geometry;Track, Roadbed and Structures;Güterzug, Güterzug;60395.2837390788;Nicht Signifikant;False
1443;0298MT005;1998;2;8;47375.0;47375.0;0.0;47375.0;0;0;0;0;0;0;0;0;2.958916643910756;28;1;14;0;0;6;3658.127103839638;01;6;1;Depot;H020;67;Moderat (0° bis 19,99° C);Tag;Klar;Texas;Winter;Entgleisung;Brakes, Use of;Human Factors;EinzelneWagen, EinzelneWagen;40185.766392399695;Nicht Signifikant;False
1444;029905037;1999;2;22;27551.0;27551.0;0.0;27551.0;3;0;0;0;0;0;0;0;5.0;40;0;38;0;0;2;6917.389181911977;01;6;1;Depot;H307;35;Moderat (0° bis 19,99° C);Morgendämmerung;Klar;North Carolina;Winter;Entgleisung;General Switching Rules;Human Factors;EinzelneWagen, Güterzug;25064.592430858807;Nicht Signifikant;False
1445;029922024;1999;2;17;38444.0;38444.0;13000.0;25444.0;4;1;0;0;0;0;0;0;10.0;57;0;0;0;0;0;6553.953145350403;04;7;1;Depot;H999;35;Moderat (0° bis 19,99° C);Abend;Klar;Ohio;Winter;Kollision;Miscellaneous;Human Factors;Depot/Rangieren, Depot/Rangieren;34163.33422198525;Nicht Signifikant;False
1446;029929013;1999;2;17;10520.0;10520.0;0.0;10520.0;4;0;0;0;0;0;0;0;5.0;40;0;34;0;0;0;5655.254875526616;04;7;1;Depot;H702;24;Kalt (-30° - 0,01° C);Abend;Klar;Illinois;Winter;Kollision;Switches, Use of;Human Factors;Depot/Rangieren, Depot/Rangieren;9348.618146272105;Nicht Signifikant;False
1447;030005;1996;5;29;10300.0;10300.0;300.0;10000.0;2;2;0;1;0;0;0;0;4.5;0;0;0;0;0;0;69.7799471826711;05;8;1;Depot;H401;50;Moderat (0° bis 19,99° C);Tag;Klar;Indiana;Frühling;Kollision;Main Track Authority;Human Factors;Lokomotive, Lokomotive;8736.9581813555;Signifikant;False
1448;030023016;2000;3;16;8927.0;8927.0;228.0;8699.0;1;1;0;0;0;0;0;0;7.0;0;0;8;0;0;0;313.35122887057844;04;6;1;Depot;H499;38;Moderat (0° bis 19,99° C);Abend;Klar;Ohio;Winter;Kollision;Main Track Authority;Human Factors;EinzelneWagen, Lokomotive;9238.331781020386;Nicht Signifikant;False
1449;030031008;2000;3;9;248693.0;248693.0;8183.0;240510.0;3;2;0;0;0;0;0;0;4.0;69;1;3;0;0;3;8034.430615190506;03;7;1;Depot;H702;65;Moderat (0° bis 19,99° C);Abend;Wolkig;Indiana;Winter;Kollision;Switches, Use of;Human Factors;Depot/Rangieren, Depot/Rangieren;258624.1680532446;Signifikant;False
1450;0300ET030;2000;3;30;25501.0;25501.0;1200.0;24301.0;5;0;0;0;0;0;0;0;4.5;15;2;66;0;0;3;4146.0;04;7;1;Depot;H306;65;Moderat (0° bis 19,99° C);Abend;Wolkig;Texas;Frühling;Kollision;General Switching Rules;Human Factors;Depot/Rangieren, Güterzug;26688.644688644687;Nicht Signifikant;False
1451;0300LA034;2000;3;17;13733.0;13733.0;0.0;13733.0;2;1;0;0;0;0;0;0;7.935695149221832;0;0;1;0;0;1;101.7063920130664;05;5;1;Depot;H605;50;Moderat (0° bis 19,99° C);Abend;Wolkig;Kalifornien;Winter;Kollision;Speed;Human Factors;EinzelneWagen, Lokomotive;14198.71794871795;Nicht Signifikant;False