index;INCDTNO;YEAR4;MONTH;DAY;ACCDMG;INFRASTRUCTURE_DMG;TRKDMG;EQPDMG;LOCOMOTIVES1;LOCOMOTIVES2;RREMPKLD;RREMPINJ;PASSKLD;PASSINJ;OTHERKLD;OTHERINJ;SPEED;LOADF1;LOADF2;EMPTYF1;EMPTYP1;LOADP1;EMPTYF2;TONS;TYPE;TYPEQ;TRKCLAS;TYPTRK;ACCAUSE;TEMP;TEMP_CLUSTER;VISIBLTY;WEATHER;STATE;Jahreszeit;ACCIDENT_TYPE;ACCCAUSE_LVL1;ACCCAUSE_LVL2;EQUIPMENT_TYPE;ACCDMG_EUR;ACCTYPE;SPD_TOO_HIGH
1452;0300TS009;2000;3;10;54918.0;54918.0;2500.0;52418.0;4;1;0;0;0;0;0;0;8.931050850284048;100;0;0;0;0;0;13195.889973591336;01;1;1;Industriestrecke;H605;68;Warm (20° bis 31,99° C);Tag;Klar;Arizona;Winter;Entgleisung;Speed;Human Factors;Güterzug, Lokomotive;57128.88796421512;Nicht Signifikant;False
1453;0300UT006;2000;3;9;1243700.0;1243700.0;752649.0;491053.0;3;0;0;0;0;0;0;0;21.79307994254855;63;9;124;0;0;15;11905.447671869242;01;6;3;Nebenstrecke;T102;28;Kalt (-30° - 0,01° C);Tag;Schnee;Wyoming;Winter;Entgleisung;Track Geometry;Track, Roadbed and Structures;EinzelneWagen, EinzelneWagen, EinzelneWagen, EinzelneWagen, Güterzug;1293365.224625624;Signifikant;False
1454;030101011;2001;3;8;10174.0;10174.0;800.0;9374.0;2;0;0;0;0;0;0;0;5.0;16;2;16;0;0;2;2419.2194542610623;04;7;1;Depot;H302;76;Warm (20° bis 31,99° C);Tag;Klar;Alabama;Winter;Kollision;General Switching Rules;Human Factors;Depot/Rangieren, Depot/Rangieren;10925.687285223368;Nicht Signifikant;False
1455;030101020;2001;3;12;22006.0;22006.0;0.0;22006.0;3;0;0;0;0;0;0;0;2.0;17;0;24;0;0;0;2454.8899735913355;04;1;1;Nebenstrecke;H314;68;Warm (20° bis 31,99° C);Tag;Klar;Georgia;Winter;Kollision;General Switching Rules;Human Factors;Güterzug, Lokomotive;23733.822260569457;Nicht Signifikant;False
1456;030101037;2001;3;20;14500.0;14500.0;0.0;14500.0;2;0;0;0;0;0;0;0;5.0;64;0;35;0;0;0;8415.87947443981;04;7;1;Depot;H499;59;Moderat (0° bis 19,99° C);Abend;Klar;Georgia;Winter;Kollision;Main Track Authority;Human Factors;Depot/Rangieren, EinzelneWagen;16075.388026607538;Nicht Signifikant;False
1457;030101047;2001;3;25;52176.0;52176.0;300.0;51876.0;4;0;0;0;0;0;0;0;8.0;32;1;47;0;0;5;5052.719642969248;04;6;1;Depot;H702;60;Moderat (0° bis 19,99° C);Tag;Klar;Alabama;Frühling;Kollision;Switches, Use of;Human Factors;EinzelneWagen, Güterzug;58423.40997312631;Nicht Signifikant;False
1458;030107001;2001;3;2;21304.0;21304.0;0.0;21304.0;1;0;0;0;0;0;0;0;5.0;3;0;12;0;0;0;776.4091433023075;04;7;1;Industriestrecke;H020;50;Moderat (0° bis 19,99° C);Tag;Klar;Ohio;Winter;Kollision;Brakes, Use of;Human Factors;Depot/Rangieren, EinzelneWagen;22753.391007155824;Nicht Signifikant;False
1459;030121;2007;6;29;16850.0;16850.0;0.0;16850.0;1;0;0;0;0;0;0;0;4.949628046035187;18;0;2;0;0;0;2178.3064091313004;05;7;1;Depot;H306;89;Warm (20° bis 31,99° C);Tag;Klar;Georgia;Sommer;Kollision;General Switching Rules;Human Factors;Depot/Rangieren, EinzelneWagen;12476.860422065902;Nicht Signifikant;False
1460;030129002;2001;3;7;111234.0;111234.0;300.0;110934.0;4;0;0;0;0;0;0;0;5.0;51;3;33;0;0;1;6936.447292750319;04;7;1;Depot;H020;25;Kalt (-30° - 0,01° C);Abend;Wolkig;Illinois;Winter;Kollision;Brakes, Use of;Human Factors;Depot/Rangieren, Depot/Rangieren;119516.49296228646;Nicht Signifikant;False
1461;030129031;2001;3;26;18453.0;18453.0;0.0;18453.0;1;0;0;0;0;0;0;0;4.0;2;0;1;0;0;0;327.74120645217647;05;7;1;Depot;H302;40;Moderat (0° bis 19,99° C);Abend;Klar;Illinois;Frühling;Kollision;General Switching Rules;Human Factors;Depot/Rangieren, EinzelneWagen;20652.490207050923;Nicht Signifikant;False
1462;030130037;2001;3;20;25362.0;25362.0;12500.0;12862.0;2;0;0;1;0;0;0;0;8.0;1;1;2;0;0;1;265.5192677511269;04;7;1;Depot;H702;45;Moderat (0° bis 19,99° C);Abenddämmerung;Klar;New York;Winter;Kollision;Switches, Use of;Human Factors;Depot/Rangieren, Lokomotive;28117.51662971175;Signifikant;False
1463;030131020;2001;3;15;15700.0;15700.0;0.0;15700.0;0;0;0;0;0;0;0;0;3.0;1;0;2;0;0;0;244.4301921339064;04;6;1;Depot;M599;30;Kalt (-30° - 0,01° C);Tag;Klar;Ohio;Winter;Kollision;Other Miscellaneous;Miscellaneous Causes;EinzelneWagen, EinzelneWagen;17321.27096204766;Nicht Signifikant;False
1464;030131032;2001;3;18;13040.0;13040.0;0.0;13040.0;0;0;0;0;0;0;0;0;10.0;1;0;1;0;0;0;165.33638380232395;04;5;1;Depot;M407;30;Kalt (-30° - 0,01° C);Morgendämmerung;Klar;Indiana;Winter;Kollision;Unusual Operational Situations;Miscellaneous Causes;EinzelneWagen, EinzelneWagen;14521.697167675118;Nicht Signifikant;False
1465;030152;2007;8;25;175900.0;175900.0;8100.0;167800.0;6;0;0;0;0;0;0;0;6.940339448159618;95;4;33;0;0;1;12833.493523672929;01;6;1;Depot;H702;95;Heiß (>= 32° C);Tag;Klar;Tennessee;Sommer;Entgleisung;Switches, Use of;Human Factors;EinzelneWagen, Güterzug;129059.87086675798;Nicht Signifikant;False
1466;030163;2007;8;22;9700.0;9700.0;0.0;9700.0;7;0;0;0;0;0;0;0;5.944983747097401;0;0;0;0;0;0;69.7799471826711;05;8;1;Depot;H399;82;Warm (20° bis 31,99° C);Abend;Klar;Alabama;Sommer;Kollision;General Switching Rules;Human Factors;Lokomotive, Lokomotive;7188.912769584229;Nicht Signifikant;False
1467;030192104;1992;1;26;216500.0;216500.0;1500.0;215000.0;13;2;0;0;0;0;0;0;6.5;129;0;0;0;0;0;9211.0;04;1;4;Hauptstrecke;H603;38;Moderat (0° bis 19,99° C);Abend;Nebel;Kalifornien;Winter;Kollision;Speed;Human Factors;Güterzug, Güterzug;183645.77148188988;Signifikant;False
1468;0301HO045;2001;3;29;41399.0;41399.0;0.0;41399.0;2;0;0;0;0;0;0;0;5.0;35;0;86;0;0;1;6611.0;01;7;1;Depot;H306;58;Moderat (0° bis 19,99° C);Abenddämmerung;Wolkig;Texas;Frühling;Entgleisung;General Switching Rules;Human Factors;Depot/Rangieren, Depot/Rangieren;46831.44796380091;Nicht Signifikant;False
1469;0301LK050;2001;3;31;112255.0;112255.0;94569.0;17686.0;2;0;0;0;0;0;0;0;7.935695149221832;67;9;37;0;0;0;7995.016326870593;01;6;1;Depot;H525;65;Moderat (0° bis 19,99° C);Abend;Klar;Arkansas;Frühling;Entgleisung;Train Handling/Train Makeup;Human Factors;EinzelneWagen, Güterzug;127388.78801634134;Nicht Signifikant;False
1470;0301PD028;2001;3;20;24992.0;24992.0;14959.0;10033.0;2;0;0;0;0;0;0;0;13.907829355595124;29;1;27;0;0;2;2247.0;01;7;2;Depot;T113;43;Moderat (0° bis 19,99° C);Tag;Klar;Oregon;Winter;Entgleisung;Track Geometry;Track, Roadbed and Structures;Depot/Rangieren, EinzelneWagen;27707.317073170732;Nicht Signifikant;False
1471;0301SA026;2001;3;28;32422.0;32422.0;30787.0;1635.0;2;0;0;0;0;0;0;0;7.935695149221832;60;2;58;0;0;5;8139.985842097508;01;7;1;Depot;T220;45;Moderat (0° bis 19,99° C);Tag;Regen;Texas;Frühling;Entgleisung;Rail, Joint Bar and Rail Anchoring;Track, Roadbed and Structures;Depot/Rangieren, EinzelneWagen;36593.679458239276;Nicht Signifikant;False
1472;030202001;2003;2;2;51518.0;51518.0;18.0;51500.0;4;0;0;0;0;0;0;0;5.5;41;0;54;0;0;0;6060.0;04;7;1;Depot;H399;45;Moderat (0° bis 19,99° C);Tag;Klar;Illinois;Winter;Kollision;General Switching Rules;Human Factors;Depot/Rangieren, Depot/Rangieren;47888.0832868563;Nicht Signifikant;False
1473;030207016;2002;3;19;42598.0;42598.0;0.0;42598.0;1;0;0;0;0;0;0;0;3.0;1;1;0;0;0;0;134.88997359133555;04;5;1;Depot;M407;47;Moderat (0° bis 19,99° C);Abend;Klar;Ohio;Winter;Kollision;Unusual Operational Situations;Miscellaneous Causes;EinzelneWagen, Lokomotive;48247.819685128554;Nicht Signifikant;False
1474;030209001;2003;2;9;31258.0;31258.0;0.0;31258.0;3;0;0;0;0;0;0;0;20.875319263030633;0;0;0;0;0;0;69.7799471826711;03;8;2;Depot;H599;36;Moderat (0° bis 19,99° C);Tag;Wolkig;Kansas;Winter;Kollision;Train Handling/Train Makeup;Human Factors;Lokomotive, Lokomotive;28938.12683227897;Nicht Signifikant;False
1475;030212015;2002;3;26;23500.0;23500.0;0.0;20000.0;1;0;0;0;0;0;0;0;8.0;6;1;0;0;0;0;771.9335353560355;04;7;1;Depot;E09C;78;Warm (20° bis 31,99° C);Abend;Klar;Florida;Frühling;Kollision;Brakes;Mechanical and Electrical Failures;Depot/Rangieren, EinzelneWagen;26897.104269199954;Nicht Signifikant;False
1476;030222006;2002;3;18;20322.0;20322.0;0.0;20322.0;1;0;0;0;0;0;0;0;8.0;0;0;1;0;0;0;100.22635739365951;04;5;1;Depot;H306;38;Moderat (0° bis 19,99° C);Tag;Regen;Pennsylvania;Winter;Kollision;General Switching Rules;Human Factors;EinzelneWagen, Lokomotive;23114.19472247498;Nicht Signifikant;False
1477;030229003;2002;3;4;60168.0;60168.0;0.0;60168.0;3;0;0;0;0;0;0;0;4.0;49;0;40;0;0;1;7253.577501701954;04;7;1;Depot;H307;16;Kalt (-30° - 0,01° C);Tag;Klar;Illinois;Winter;Kollision;General Switching Rules;Human Factors;Depot/Rangieren, Güterzug;69566.42386403053;Nicht Signifikant;False
1478;030279;2007;9;9;25000.0;25000.0;0.0;25000.0;6;0;0;0;0;0;0;0;1.9635609428485408;20;0;148;0;0;2;7113.745645617871;05;7;1;Depot;M502;76;Warm (20° bis 31,99° C);Tag;Wolkig;Indiana;Sommer;Kollision;Other Miscellaneous;Miscellaneous Causes;Depot/Rangieren, Güterzug;18165.96424938236;Nicht Signifikant;False
1479;030301007;2003;3;3;1127110.0;1127110.0;200000.0;927109.0;4;0;0;0;0;0;0;0;34.0;58;8;75;0;0;9;11856.022827865698;01;1;4;Hauptstrecke;T208;51;Moderat (0° bis 19,99° C);Abend;Regen;Louisiana;Winter;Entgleisung;Rail, Joint Bar and Rail Anchoring;Track, Roadbed and Structures;Güterzug, Güterzug;1043620.3703703703;Signifikant;False
1480;03032015;2015;3;3;146602.0;146602.0;0.0;146602.0;0;0;0;0;0;1;0;0;20.0;0;0;0;0;3;0;208.0629053475032;04;D;3;Hauptstrecke;H221;35;Moderat (0° bis 19,99° C);Tag;Schnee;Utah;Winter;Kollision;Flagging, Fixed, Hand and Radio Signals;Human Factors;Personenzug, Personenzug;131269.69914040115;Signifikant;False
1481;030322003;2003;3;22;70745.0;70745.0;645.0;70100.0;9;1;0;0;0;0;0;0;4.5;34;2;43;0;0;0;5817.889973591336;04;1;1;Depot;H307;65;Moderat (0° bis 19,99° C);Abend;Klar;Missouri;Frühling;Kollision;General Switching Rules;Human Factors;Güterzug, Lokomotive;66786.77072188308;Nicht Signifikant;False
1482;030392;1992;3;7;8191.0;8191.0;170.0;8021.0;4;0;0;0;0;0;0;0;4.0;6;0;47;0;0;1;2192.0;04;7;1;Depot;H306;43;Moderat (0° bis 19,99° C);Abend;Wolkig;Minnesota;Winter;Kollision;General Switching Rules;Human Factors;Depot/Rangieren, Depot/Rangieren;6948.002375095428;Nicht Signifikant;False
1483;0303FW024;2003;3;22;30681.0;30681.0;500.0;30181.0;3;0;0;1;0;0;0;0;3.9542723449729715;0;0;12;0;0;10;408.3750874041027;01;7;1;Depot;H302;45;Moderat (0° bis 19,99° C);Abend;Klar;Texas;Frühling;Entgleisung;General Switching Rules;Human Factors;Depot/Rangieren, EinzelneWagen;28964.37787148342;Signifikant;False
1484;0303LK007;2003;3;7;63253.0;63253.0;61950.0;1303.0;0;0;0;0;0;0;0;0;4.0;3;3;0;0;0;0;195.0;09;6;1;Depot;E30C;52;Moderat (0° bis 19,99° C);Abend;Klar;Arkansas;Winter;Kollision;Coupler and Draft System;Mechanical and Electrical Failures;EinzelneWagen, EinzelneWagen;57299.574236796805;Nicht Signifikant;False
1485;0303PD040;2003;3;29;23489.0;23489.0;890.0;22599.0;4;0;0;0;0;0;0;0;3.9542723449729715;41;0;15;0;0;0;5425.0;04;7;2;Depot;H307;55;Moderat (0° bis 19,99° C);Tag;Klar;Oregon;Frühling;Kollision;General Switching Rules;Human Factors;Depot/Rangieren, Depot/Rangieren;21779.323133982383;Nicht Signifikant;False
1486;030428;2007;9;28;50900.0;50900.0;0.0;50900.0;2;0;0;0;0;0;0;0;1.9635609428485408;24;0;17;0;0;5;2618.0148450682545;01;6;1;Industriestrecke;M204;60;Moderat (0° bis 19,99° C);Abenddämmerung;Klar;Tennessee;Herbst;Entgleisung;Loading Procedures;Loading;EinzelneWagen, Güterzug;35898.15924959447;Nicht Signifikant;False
1487;030432;2007;9;26;125300.0;125300.0;51000.0;74300.0;2;1;0;0;0;0;0;0;2.958916643910756;39;3;63;0;0;1;6484.75050472887;04;7;1;Depot;H702;70;Warm (20° bis 31,99° C);Tag;Wolkig;Ohio;Herbst;Kollision;Switches, Use of;Human Factors;Depot/Rangieren, Depot/Rangieren;88695.40596021802;Nicht Signifikant;False
1488;030491102;1991;4;18;137150.0;137150.0;40000.0;97150.0;6;0;0;0;0;0;0;0;39.78707758321272;59;1;52;0;0;6;6957.0;01;1;4;Hauptstrecke;M405;62;Moderat (0° bis 19,99° C);Abend;Klar;Kalifornien;Frühling;Entgleisung;Unusual Operational Situations;Miscellaneous Causes;Güterzug, Güterzug;116337.26355076766;Nicht Signifikant;False
1489;030494102;1994;4;27;18950.0;18950.0;750.0;18200.0;4;1;0;0;0;0;0;0;4.5;20;0;47;0;0;0;4111.889973591336;04;1;2;Depot;H702;36;Moderat (0° bis 19,99° C);Tag;Regen;Kansas;Frühling;Kollision;Switches, Use of;Human Factors;Güterzug, Lokomotive;16074.306556959877;Nicht Signifikant;False
1490;030495;1995;4;9;36879.0;36879.0;4000.0;32879.0;2;0;0;0;0;0;0;0;4.0;80;2;23;0;0;4;9543.256439118408;04;5;1;Depot;E0HC;40;Moderat (0° bis 19,99° C);Abend;Regen;Illinois;Frühling;Kollision;Brakes;Mechanical and Electrical Failures;EinzelneWagen, Güterzug;31282.551531088302;Nicht Signifikant;False
1491;0304DV014;2004;3;14;14782.0;14782.0;0.0;14782.0;4;0;0;0;0;0;0;0;1.9635609428485408;37;0;69;0;0;2;6976.0;04;7;1;Depot;H307;48;Moderat (0° bis 19,99° C);Tag;Klar;Colorado;Winter;Kollision;General Switching Rules;Human Factors;Depot/Rangieren, Güterzug;12053.491342991492;Nicht Signifikant;False
1492;0304PD031;2004;3;29;14676.0;14676.0;1035.0;13641.0;2;2;0;0;0;0;0;0;2.5;8;1;11;0;0;0;1257.0;01;7;1;Depot;H018;48;Moderat (0° bis 19,99° C);Abend;Klar;Oregon;Frühling;Entgleisung;Brakes, Use of;Human Factors;Depot/Rangieren, EinzelneWagen;12110.909390988612;Nicht Signifikant;False
1493;0304SA022;2004;3;27;8229.0;8229.0;448.0;7781.0;5;0;0;0;0;0;0;0;6.0;67;1;16;0;0;1;9551.0;04;7;1;Depot;H306;75;Warm (20° bis 31,99° C);Abend;Wolkig;Texas;Frühling;Kollision;General Switching Rules;Human Factors;Depot/Rangieren, Depot/Rangieren;6770.2391399736725;Nicht Signifikant;False
1494;0304UT016;2004;3;22;19974.0;19974.0;15000.0;4974.0;3;1;0;0;0;0;0;0;3.0;6;1;17;0;0;1;1334.8899735913355;04;7;1;Depot;H306;60;Moderat (0° bis 19,99° C);Abend;Klar;Utah;Frühling;Kollision;General Switching Rules;Human Factors;Depot/Rangieren, Lokomotive;16169.351574516311;Nicht Signifikant;False
1495;030502005;2003;5;2;10250.0;10250.0;250.0;10000.0;2;0;0;0;0;0;0;0;7.935695149221832;1;0;0;0;0;0;174.88997359133555;04;5;1;Depot;H307;80;Warm (20° bis 31,99° C);Tag;Klar;Mississippi;Frühling;Kollision;General Switching Rules;Human Factors;EinzelneWagen, Lokomotive;9120.028472284012;Nicht Signifikant;False
1496;030561;2007;10;13;40700.0;40700.0;300.0;40400.0;4;0;0;0;0;0;0;0;2.958916643910756;38;0;67;0;0;4;6438.391701908345;03;7;1;Depot;H306;40;Moderat (0° bis 19,99° C);Abend;Klar;Ohio;Herbst;Kollision;General Switching Rules;Human Factors;Depot/Rangieren, Depot/Rangieren;28680.82307620032;Nicht Signifikant;False
1497;030591101;1991;5;8;48900.0;48900.0;0.0;48900.0;9;0;0;0;0;0;0;0;11.0;60;0;26;0;0;0;7146.0;04;7;5;Hauptstrecke;H306;60;Moderat (0° bis 19,99° C);Abend;Klar;Kalifornien;Frühling;Kollision;General Switching Rules;Human Factors;Depot/Rangieren, Güterzug;41479.34515226058;Nicht Signifikant;False
1498;030592;1992;5;8;182860.0;182860.0;21000.0;161860.0;2;0;0;0;0;0;0;0;4.5;4;0;102;0;0;16;3703.0;04;7;1;Depot;H306;80;Warm (20° bis 31,99° C);Tag;Klar;Iowa;Frühling;Kollision;General Switching Rules;Human Factors;Depot/Rangieren, Depot/Rangieren;155110.6964119094;Signifikant;False
1499;030592;2007;10;17;38550.0;38550.0;550.0;38000.0;3;0;0;0;0;0;0;0;9.0;9;1;23;0;0;1;1814.9532784159514;04;7;1;Depot;M408;82;Warm (20° bis 31,99° C);Tag;Klar;Tennessee;Herbst;Kollision;Unusual Operational Situations;Miscellaneous Causes;Depot/Rangieren, Depot/Rangieren;27147.88732394366;Nicht Signifikant;False
1500;030595;1995;5;19;37264.0;37264.0;1700.0;35564.0;4;0;0;0;0;0;0;0;3.5;52;0;60;0;0;4;7817.870773841045;04;7;1;Depot;H302;79;Warm (20° bis 31,99° C);Tag;Klar;Minnesota;Frühling;Kollision;General Switching Rules;Human Factors;Depot/Rangieren, Depot/Rangieren;31609.12715243023;Nicht Signifikant;False
1501;0305NP001;2005;3;2;102082.0;102082.0;36248.0;65834.0;3;1;0;0;0;0;0;0;3.9542723449729715;4;2;27;0;0;2;1389.0408722308334;04;7;2;Depot;H307;19;Kalt (-30° - 0,01° C);Abend;Klar;Nebraska;Winter;Kollision;General Switching Rules;Human Factors;Depot/Rangieren, Depot/Rangieren;77919.24280589267;Nicht Signifikant;False
1502;0305SA002;2005;3;5;10148.0;10148.0;0.0;10148.0;3;0;0;0;0;0;0;0;4.949628046035187;0;0;1;0;0;0;100.22635739365951;04;5;1;Depot;H306;60;Moderat (0° bis 19,99° C);Abend;Regen;Texas;Winter;Kollision;General Switching Rules;Human Factors;EinzelneWagen, Lokomotive;7721.6120932356;Nicht Signifikant;False
1503;0305SA016;2005;3;18;102825.0;102825.0;92912.0;9913.0;3;0;0;0;0;0;0;0;27.84280917046614;73;1;54;0;0;0;10243.0;01;6;4;Hauptstrecke;T309;80;Warm (20° bis 31,99° C);Tag;Klar;Texas;Winter;Entgleisung;Frogs, Switches and Track Appliances;Track, Roadbed and Structures;EinzelneWagen, Güterzug;77434.29475111078;Nicht Signifikant;False
1504;0305SA022;2005;3;28;41042.0;41042.0;2246.0;38796.0;5;0;0;0;0;0;0;0;7.0;39;4;18;0;0;2;5189.141305401236;04;7;1;Depot;H302;40;Moderat (0° bis 19,99° C);Abend;Klar;Texas;Frühling;Kollision;General Switching Rules;Human Factors;Depot/Rangieren, Depot/Rangieren;31724.02065361902;Nicht Signifikant;False
1505;0305TS010;2005;3;26;107917.0;107917.0;76890.0;31027.0;11;0;0;0;0;0;0;0;5.0;94;0;49;0;0;2;13044.0;01;7;1;Depot;H018;43;Moderat (0° bis 19,99° C);Abend;Klar;Arizona;Frühling;Entgleisung;Brakes, Use of;Human Factors;Depot/Rangieren, Güterzug;83271.86024260009;Nicht Signifikant;False
1506;030686;1986;6;26;309350.0;309350.0;17000.0;292350.0;4;0;0;0;0;0;0;0;11.5;113;8;77;0;0;7;15435.975075553342;04;1;2;Hauptstrecke;T109;85;Warm (20° bis 31,99° C);Tag;Klar;Illinois;Sommer;Kollision;Track Geometry;Track, Roadbed and Structures;Güterzug, Güterzug;262405.6323691577;Signifikant;False
1507;030693;1993;6;14;45000.0;45000.0;0.0;45000.0;1;0;0;0;0;0;0;0;16.89389645878177;0;0;1;0;0;0;100.22635739365951;03;5;1;Depot;H603;82;Warm (20° bis 31,99° C);Tag;Klar;Illinois;Frühling;Kollision;Speed;Human Factors;EinzelneWagen, Lokomotive;38171.1765204852;Nicht Signifikant;True
1508;0306CB024;2006;3;30;128530.0;128530.0;121955.0;6575.0;4;0;0;0;0;0;0;0;6.940339448159618;108;3;35;0;0;2;8009.0;01;7;1;Depot;T205;41;Moderat (0° bis 19,99° C);Tag;Klar;Iowa;Frühling;Entgleisung;Rail, Joint Bar and Rail Anchoring;Track, Roadbed and Structures;Depot/Rangieren, Depot/Rangieren;106258.2671957672;Nicht Signifikant;False
1509;0306LK022;2006;3;12;39278.0;39278.0;2530.0;36748.0;4;0;0;1;0;0;0;0;4.0;97;1;193;0;0;2;17806.0;04;7;1;Depot;H306;73;Warm (20° bis 31,99° C);Abend;Wolkig;Arkansas;Winter;Kollision;General Switching Rules;Human Factors;Depot/Rangieren, Depot/Rangieren;32948.578139417834;Signifikant;False
1510;0306LK040;2006;3;20;243714.0;243714.0;68790.0;174924.0;5;1;0;0;0;0;0;0;7.5;46;5;25;0;0;0;6492.0;04;7;1;Depot;H306;45;Moderat (0° bis 19,99° C);Abend;Klar;Texas;Winter;Kollision;General Switching Rules;Human Factors;Depot/Rangieren, Depot/Rangieren;200192.2129127649;Signifikant;False
1511;0306NP003;2006;3;9;233058.0;233058.0;40000.0;193058.0;4;1;0;0;0;0;0;0;7.935695149221832;96;4;0;0;0;0;13073.889973591336;01;7;1;Industriestrecke;T310;50;Moderat (0° bis 19,99° C);Abend;Wolkig;Nebraska;Winter;Entgleisung;Frogs, Switches and Track Appliances;Track, Roadbed and Structures;Depot/Rangieren, Lokomotive;195518.45637583893;Signifikant;False
1512;0306PD040;2006;3;21;175444.0;175444.0;69123.0;106321.0;1;0;0;0;0;0;0;0;16.89389645878177;12;4;14;0;0;2;1889.013863647666;01;7;1;Industriestrecke;H306;45;Moderat (0° bis 19,99° C);Tag;Regen;Oregon;Frühling;Entgleisung;General Switching Rules;Human Factors;Depot/Rangieren, EinzelneWagen;144469.696969697;Nicht Signifikant;True
1513;030719;2007;10;29;36350.0;36350.0;1000.0;35350.0;3;0;0;0;0;0;0;0;5.0;14;3;41;0;0;0;2969.5138322362554;04;7;1;Depot;H306;45;Moderat (0° bis 19,99° C);Abend;Klar;Virginia;Herbst;Kollision;General Switching Rules;Human Factors;Depot/Rangieren, Depot/Rangieren;25258.842332013064;Nicht Signifikant;False
1514;030792;1992;7;27;440416.0;440416.0;11900.0;428516.0;2;2;0;2;0;0;0;0;39.78707758321272;47;9;1;0;0;1;6093.549349475875;03;6;1;Industriestrecke;H799;80;Warm (20° bis 31,99° C);Tag;Klar;Illinois;Sommer;Kollision;Switches, Use of;Human Factors;EinzelneWagen, Güterzug;373582.15285435575;Signifikant;True
1515;0307NP017;2007;3;25;249819.0;249819.0;135244.0;114575.0;2;0;0;0;0;0;0;0;11.917117953470694;56;3;41;0;0;3;7751.765766323332;01;7;2;Depot;H602;49;Moderat (0° bis 19,99° C);Abend;Regen;Nebraska;Frühling;Entgleisung;Speed;Human Factors;Depot/Rangieren, EinzelneWagen;188036.48041749254;Signifikant;False
1516;0307PD013;2007;3;18;9565.0;9565.0;8943.0;622.0;3;0;0;0;0;0;0;0;7.935695149221832;38;1;17;0;0;2;5410.0;01;7;1;Depot;T111;55;Moderat (0° bis 19,99° C);Abend;Klar;Oregon;Winter;Entgleisung;Track Geometry;Track, Roadbed and Structures;Depot/Rangieren, EinzelneWagen;7186.146102025995;Nicht Signifikant;False
1517;0307PR021;2007;3;14;9943.0;9943.0;0.0;9943.0;2;0;0;0;0;0;0;0;5.944983747097401;11;0;12;0;0;0;2060.0;04;7;1;Depot;H307;44;Moderat (0° bis 19,99° C);Abenddämmerung;Wolkig;Illinois;Winter;Kollision;General Switching Rules;Human Factors;Depot/Rangieren, Depot/Rangieren;7542.289311992718;Nicht Signifikant;False
1518;0307RS025;2007;3;28;102177.0;102177.0;0.0;102177.0;4;0;0;0;0;0;0;0;5.5;115;7;17;0;0;1;14232.336812017224;04;7;1;Depot;H991;43;Moderat (0° bis 19,99° C);Abend;Wolkig;Kalifornien;Frühling;Kollision;Miscellaneous;Human Factors;Depot/Rangieren, Depot/Rangieren;76548.54659874139;Nicht Signifikant;False
1519;0307TS002;2007;3;9;26295.0;26295.0;0.0;26295.0;3;1;0;0;0;0;0;0;7.0;26;0;31;0;0;1;4672.0;04;7;1;Depot;H306;69;Warm (20° bis 31,99° C);Abend;Klar;Arizona;Winter;Kollision;General Switching Rules;Human Factors;Depot/Rangieren, Depot/Rangieren;19988.59749144812;Nicht Signifikant;False
1520;030808;2007;10;25;13200.0;13200.0;1200.0;12000.0;3;1;0;0;0;0;0;0;3.0;53;2;1;0;0;0;4623.889973591336;04;1;X;Depot;H017;60;Moderat (0° bis 19,99° C);Tag;Wolkig;Georgia;Herbst;Kollision;Brakes, Use of;Human Factors;Güterzug, Lokomotive;9224.963309805018;Nicht Signifikant;False
1521;030813007;2003;8;13;91612.0;91612.0;64895.0;26717.0;5;1;0;1;0;0;0;0;4.0;33;5;16;0;0;0;4034.8899735913355;04;7;1;Depot;H307;85;Warm (20° bis 31,99° C);Abend;Klar;Louisiana;Sommer;Kollision;General Switching Rules;Human Factors;Depot/Rangieren, Lokomotive;81237.91788596258;Signifikant;False
1522;030830001;2003;8;30;13914.0;13914.0;2051.0;11863.0;4;2;0;0;0;0;0;0;2.0;57;0;53;0;0;0;9251.0;04;7;1;Hauptstrecke;H605;85;Warm (20° bis 31,99° C);Tag;Wolkig;Louisiana;Sommer;Kollision;Speed;Human Factors;Depot/Rangieren, Depot/Rangieren;12718.851884579053;Nicht Signifikant;False
1523;030896;2007;11;19;101363.0;101363.0;250.0;101113.0;2;0;0;0;0;0;0;0;8.931050850284048;65;3;65;0;0;3;10168.346741163803;04;6;X;Industriestrecke;T210;46;Moderat (0° bis 19,99° C);Abend;Wolkig;Ohio;Herbst;Kollision;Rail, Joint Bar and Rail Anchoring;Track, Roadbed and Structures;EinzelneWagen, Güterzug;69170.8748464583;Nicht Signifikant;False
1524;030928;2007;11;17;38400.0;38400.0;5200.0;33200.0;2;2;0;0;0;0;0;0;5.0;32;0;58;0;0;1;5477.389358975677;04;7;1;Depot;H702;39;Moderat (0° bis 19,99° C);Tag;Wolkig;Ohio;Herbst;Kollision;Switches, Use of;Human Factors;Depot/Rangieren, Depot/Rangieren;26208.026208026207;Nicht Signifikant;False