index;INCDTNO;YEAR4;MONTH;DAY;ACCDMG;INFRASTRUCTURE_DMG;TRKDMG;EQPDMG;LOCOMOTIVES1;LOCOMOTIVES2;RREMPKLD;RREMPINJ;PASSKLD;PASSINJ;OTHERKLD;OTHERINJ;SPEED;LOADF1;LOADF2;EMPTYF1;EMPTYP1;LOADP1;EMPTYF2;TONS;TYPE;TYPEQ;TRKCLAS;TYPTRK;ACCAUSE;TEMP;TEMP_CLUSTER;VISIBLTY;WEATHER;STATE;Jahreszeit;ACCIDENT_TYPE;ACCCAUSE_LVL1;ACCCAUSE_LVL2;EQUIPMENT_TYPE;ACCDMG_EUR;ACCTYPE;SPD_TOO_HIGH
1525;030994;1994;3;9;76000.0;76000.0;20000.0;132000.0;3;0;0;0;0;0;0;0;6.5;25;7;8;0;0;4;2720.0;01;7;1;Depot;T221;32;Moderat (0° bis 19,99° C);Abend;Wolkig;New Jersey;Winter;Entgleisung;Rail, Joint Bar and Rail Anchoring;Track, Roadbed and Structures;Depot/Rangieren, Güterzug;64466.875901263884;Nicht Signifikant;False
1526;0309FW002;2009;3;4;8919.0;8919.0;19.0;8900.0;8;0;0;0;0;0;0;0;6.940339448159618;10;0;108;0;0;3;5278.0;04;7;1;Depot;H605;65;Moderat (0° bis 19,99° C);Tag;Klar;Texas;Winter;Kollision;Speed;Human Factors;Depot/Rangieren, Güterzug;7103.942652329749;Nicht Signifikant;False
1527;0309NP016;2009;3;17;232981.0;232981.0;5100.0;227881.0;5;0;0;0;0;0;0;0;5.5;0;0;135;0;0;4;2924.8899735913355;04;7;1;Industriestrecke;H104;30;Kalt (-30° - 0,01° C);Abend;Wolkig;Wyoming;Winter;Kollision;Employee Physical Condition;Human Factors;Depot/Rangieren, Lokomotive;180019.31695255756;Signifikant;False
1528;0309NP019;2009;3;20;126919.0;126919.0;71897.0;55022.0;2;0;0;0;0;0;0;0;12.5;2;2;0;0;0;0;260.0;01;7;2;Depot;T101;45;Moderat (0° bis 19,99° C);Tag;Klar;Nebraska;Winter;Entgleisung;Track Geometry;Track, Roadbed and Structures;Depot/Rangieren, EinzelneWagen;93674.07188722416;Nicht Signifikant;False
1529;0310001;1987;5;14;9300.0;9300.0;150.0;9150.0;1;0;0;0;0;0;0;0;7.5;14;4;0;0;0;0;945.7712881769246;04;7;1;Depot;M503;60;Moderat (0° bis 19,99° C);Tag;Klar;Pennsylvania;Frühling;Kollision;Other Miscellaneous;Miscellaneous Causes;Depot/Rangieren, EinzelneWagen;7888.709814233607;Nicht Signifikant;False
1530;0310001;1987;7;10;92950.0;92950.0;0.0;92950.0;2;2;0;3;0;0;0;0;37.79636618108829;26;1;0;0;0;0;2743.647398120594;01;5;1;Hauptstrecke;H702;95;Heiß (>= 32° C);Tag;Klar;New Jersey;Sommer;Entgleisung;Switches, Use of;Human Factors;EinzelneWagen, Güterzug;78844.68572397997;Signifikant;True
1531;0310001;1989;1;24;12578.0;12578.0;550.0;12028.0;1;0;0;0;0;0;0;0;1.9635609428485408;27;3;29;0;0;0;4083.003428584755;05;7;1;Depot;H099;20;Kalt (-30° - 0,01° C);Abend;Wolkig;New Jersey;Winter;Kollision;Brakes, Use of;Human Factors;Depot/Rangieren, EinzelneWagen;10669.267961659174;Nicht Signifikant;False
1532;0310001;1990;5;25;16900.0;16900.0;0.0;16900.0;3;0;0;0;0;0;0;0;2.0;14;2;24;0;0;0;2454.1904634938064;05;7;1;Depot;H307;50;Moderat (0° bis 19,99° C);Tag;Klar;New Jersey;Frühling;Kollision;General Switching Rules;Human Factors;Depot/Rangieren, Depot/Rangieren;14335.397404359996;Nicht Signifikant;False
1533;0310001;1991;4;5;22000.0;22000.0;18000.0;4000.0;2;0;0;0;0;0;0;0;5.0;1;1;0;0;0;0;203.14641270974315;04;5;1;Industriestrecke;E0HC;68;Warm (20° bis 31,99° C);Abend;Klar;New Jersey;Frühling;Kollision;Brakes;Mechanical and Electrical Failures;EinzelneWagen, Lokomotive;18661.464076681652;Nicht Signifikant;False
1534;0310002;1988;4;27;11100.0;11100.0;425.0;10675.0;1;0;0;0;0;0;0;0;4.949628046035187;35;0;25;0;0;7;4700.288790673638;01;7;1;Depot;H704;47;Moderat (0° bis 19,99° C);Tag;Klar;Pennsylvania;Frühling;Entgleisung;Switches, Use of;Human Factors;Depot/Rangieren, EinzelneWagen;9415.556875053015;Nicht Signifikant;False
1535;0310002;1989;3;15;8000.0;8000.0;0.0;8000.0;2;0;0;1;0;0;0;0;35.0;32;0;5;0;0;0;1738.0;05;1;3;Hauptstrecke;M205;34;Moderat (0° bis 19,99° C);Abend;Klar;Delaware;Winter;Kollision;Loading Procedures;Loading;Güterzug, Güterzug;6785.986936975146;Signifikant;False
1536;0310002;1991;2;27;45634.0;45634.0;11634.0;34000.0;4;0;0;0;0;0;0;0;9.926406551346263;40;7;2;0;0;0;284.88997359133555;01;7;1;Depot;T215;56;Moderat (0° bis 19,99° C);Abend;Klar;New Jersey;Winter;Entgleisung;Rail, Joint Bar and Rail Anchoring;Track, Roadbed and Structures;Depot/Rangieren, Güterzug;38708.96598524047;Nicht Signifikant;False
1537;031024002;2003;10;24;7535.0;7535.0;268.0;7267.0;3;0;0;0;0;0;0;0;5.5;14;0;5;0;0;0;6350.0;04;7;2;Hauptstrecke;H306;70;Warm (20° bis 31,99° C);Tag;Klar;Alabama;Herbst;Kollision;General Switching Rules;Human Factors;Depot/Rangieren, EinzelneWagen;6395.891690009337;Nicht Signifikant;False
1538;031090101;1990;10;1;7300.0;7300.0;300.0;7000.0;9;0;0;0;0;0;0;0;5.0;3;0;27;0;0;1;1085.8899735913355;04;7;1;Depot;H306;65;Moderat (0° bis 19,99° C);Abend;Klar;Kalifornien;Herbst;Kollision;General Switching Rules;Human Factors;Depot/Rangieren, Lokomotive;6192.2130799898205;Nicht Signifikant;False
1539;031090105;1990;10;9;6500.0;6500.0;0.0;6500.0;7;0;0;0;0;0;0;0;4.949628046035187;27;1;43;0;0;1;4934.0;04;7;2;Depot;H211;70;Warm (20° bis 31,99° C);Abend;Klar;Kalifornien;Herbst;Kollision;Flagging, Fixed, Hand and Radio Signals;Human Factors;Depot/Rangieren, Güterzug;5513.614386292306;Nicht Signifikant;False
1540;031093;1993;10;7;12420.0;12420.0;0.0;12420.0;1;0;0;0;0;0;0;0;1.9635609428485408;21;0;53;0;0;0;3938.6929130061594;04;7;1;Depot;H301;72;Warm (20° bis 31,99° C);Abenddämmerung;Klar;Wisconsion;Herbst;Kollision;General Switching Rules;Human Factors;Depot/Rangieren, EinzelneWagen;10535.244719653914;Nicht Signifikant;False
1541;0310LA025;2010;3;28;22930.0;22930.0;6900.0;16030.0;2;0;0;0;0;0;0;0;1.9635609428485408;27;1;21;0;0;2;4650.0;01;7;1;Depot;T221;78;Warm (20° bis 31,99° C);Tag;Klar;Kalifornien;Frühling;Entgleisung;Rail, Joint Bar and Rail Anchoring;Track, Roadbed and Structures;Depot/Rangieren, EinzelneWagen;17071.596972329073;Nicht Signifikant;False
1542;031116001;2003;11;16;39061.0;39061.0;561.0;38500.0;6;0;0;0;0;0;0;0;4.5;129;1;51;0;0;0;16706.0;04;1;1;Depot;H306;55;Moderat (0° bis 19,99° C);Abend;Wolkig;Mississippi;Herbst;Kollision;General Switching Rules;Human Factors;Güterzug, Güterzug;33131.555882269786;Nicht Signifikant;False
1543;03112016;2016;3;11;24079.0;24079.0;0.0;24079.0;5;0;0;0;0;0;0;0;12.5;63;0;3;0;0;0;7965.336383802324;09;1;1;Depot;H997;51;Moderat (0° bis 19,99° C);Tag;Klar;Texas;Winter;Kollision;Miscellaneous;Human Factors;Güterzug, Wartungszug;21712.353471596034;Nicht Signifikant;True
1544;031159;2007;12;13;1422220.0;1422220.0;400000.0;1022220.0;4;2;0;1;0;0;0;0;34.5;94;5;30;0;0;7;14612.0;04;1;4;Hauptstrecke;H221;42;Moderat (0° bis 19,99° C);Abend;Wolkig;Virginia;Herbst;Kollision;Flagging, Fixed, Hand and Radio Signals;Human Factors;Güterzug, Güterzug;968616.7676905266;Signifikant;False
1545;031161;2007;12;13;9545.0;9545.0;300.0;9245.0;2;0;0;0;0;0;0;0;4.0;0;0;37;0;0;4;1202.21726346687;04;7;1;Depot;H607;40;Moderat (0° bis 19,99° C);Abend;Wolkig;Illinois;Herbst;Kollision;Speed;Human Factors;Depot/Rangieren, Lokomotive;6500.715112715386;Nicht Signifikant;False
1546;031178;2007;12;15;10400.0;10400.0;0.0;10400.0;6;0;0;0;0;0;0;0;3.9542723449729715;30;0;72;0;0;0;5674.644218251591;04;7;1;Depot;H702;31;Kalt (-30° - 0,01° C);Tag;Schnee;Pennsylvania;Herbst;Kollision;Switches, Use of;Human Factors;Depot/Rangieren, Lokomotive;7187.118472276612;Nicht Signifikant;False
1547;031190101;1990;11;7;3930340.0;3930340.0;55000.0;3875340.0;8;6;4;2;0;0;0;0;28.838164871528356;109;8;17;0;0;0;11769.0;02;1;4;Hauptstrecke;H215;60;Moderat (0° bis 19,99° C);Abend;Klar;Kalifornien;Herbst;Kollision;Flagging, Fixed, Hand and Radio Signals;Human Factors;Güterzug, Güterzug;3333904.487233862;Schwer;False
1548;031190103;1990;11;10;12600.0;12600.0;0.0;12600.0;0;0;0;0;0;0;0;0;4.949628046035187;2;0;0;0;0;0;297.294796241188;04;5;1;Depot;H999;60;Moderat (0° bis 19,99° C);Abend;Klar;Kalifornien;Herbst;Kollision;Miscellaneous;Human Factors;EinzelneWagen, EinzelneWagen;10687.929425735854;Nicht Signifikant;False
1549;031193;1993;11;18;15872.0;15872.0;750.0;15122.0;4;0;0;0;0;0;0;0;3.9542723449729715;129;0;47;0;0;1;14201.0;04;7;1;Depot;H702;51;Moderat (0° bis 19,99° C);Abenddämmerung;Klar;Illinois;Herbst;Kollision;Switches, Use of;Human Factors;Depot/Rangieren, Güterzug;13463.398082958689;Nicht Signifikant;False
1550;0311EP001;2011;3;4;14683.0;14683.0;14348.0;335.0;2;0;0;0;0;0;0;0;4.949628046035187;55;1;45;0;0;0;3679.0;01;7;1;Depot;H312;57;Moderat (0° bis 19,99° C);Abend;Klar;Texas;Winter;Entgleisung;General Switching Rules;Human Factors;Depot/Rangieren, EinzelneWagen;10520.169090778822;Nicht Signifikant;False
1551;0311FW014;2011;3;22;122035.0;122035.0;54941.0;67094.0;2;0;0;0;0;0;0;0;7.914260198962443;68;3;147;0;0;6;17075.0;01;7;1;Depot;T403;68;Warm (20° bis 31,99° C);Morgendämmerung;Klar;Texas;Frühling;Entgleisung;Other Way and Structure;Track, Roadbed and Structures;Depot/Rangieren, EinzelneWagen, EinzelneWagen;85873.6190275139;Nicht Signifikant;False
1552;0311HO003;2011;3;2;96656.0;96656.0;4535.0;92121.0;10;0;0;1;0;0;0;0;13.907829355595124;109;0;109;0;0;2;15766.0;03;1;4;Hauptstrecke;H220;50;Moderat (0° bis 19,99° C);Abend;Klar;Texas;Winter;Kollision;Flagging, Fixed, Hand and Radio Signals;Human Factors;Güterzug, Güterzug;69994.93084220435;Signifikant;False
1553;0311HO030;2011;3;30;90167.0;90167.0;2498.0;87669.0;3;0;0;0;0;0;0;0;2.5;15;3;3;0;0;0;1935.0;05;7;1;Depot;H310;65;Moderat (0° bis 19,99° C);Abend;Regen;Texas;Frühling;Kollision;General Switching Rules;Human Factors;Depot/Rangieren, EinzelneWagen;63993.61249112846;Nicht Signifikant;False
1554;0311LK005;2011;3;9;50012.0;50012.0;3280.0;46732.0;5;0;0;0;0;0;0;0;3.0;70;3;79;0;0;0;10794.0;01;7;1;Depot;H306;45;Moderat (0° bis 19,99° C);Abend;Wolkig;Arkansas;Winter;Entgleisung;General Switching Rules;Human Factors;Depot/Rangieren, Depot/Rangieren;35907.524411257895;Nicht Signifikant;False
1555;0311LV020;2011;3;20;29891.0;29891.0;3432.0;26459.0;2;0;0;0;0;0;0;0;9.926406551346263;94;1;144;0;0;4;16010.0;01;7;1;Depot;H399;59;Moderat (0° bis 19,99° C);Abend;Nebel;Louisiana;Winter;Entgleisung;General Switching Rules;Human Factors;Depot/Rangieren, EinzelneWagen;21090.596923655863;Nicht Signifikant;False
1556;0311PR001;2011;3;5;43102.0;43102.0;16222.0;26880.0;2;0;0;0;0;0;0;0;3.9542723449729715;58;4;39;0;0;0;7719.0;01;7;1;Depot;T314;28;Kalt (-30° - 0,01° C);Tag;Schnee;Illinois;Winter;Entgleisung;Frogs, Switches and Track Appliances;Track, Roadbed and Structures;Depot/Rangieren, Depot/Rangieren;30829.717228553713;Nicht Signifikant;False
1557;0311RS018;2011;3;24;101560.0;101560.0;0.0;101560.0;4;0;0;2;0;0;0;0;16.89389645878177;0;0;4;0;0;1;193.04562264603166;03;4;4;Hauptstrecke;H220;26;Kalt (-30° - 0,01° C);Tag;Schnee;Kalifornien;Frühling;Kollision;Flagging, Fixed, Hand and Radio Signals;Human Factors;Arbeitszug, Arbeitszug;71885.61721404303;Signifikant;False
1558;0311UT010;2011;3;10;57274.0;57274.0;2660.0;54614.0;8;0;0;0;0;0;0;0;9.5;63;0;53;0;0;3;9554.0;04;7;1;Depot;H306;48;Moderat (0° bis 19,99° C);Abend;Klar;Utah;Winter;Kollision;General Switching Rules;Human Factors;Depot/Rangieren, Güterzug;41451.83469638851;Nicht Signifikant;False
1559;031215;2007;12;17;72200.0;72200.0;2500.0;69700.0;4;0;0;0;0;0;0;0;3.0;40;3;38;0;0;2;5838.827708602825;05;7;1;Depot;H313;36;Moderat (0° bis 19,99° C);Abenddämmerung;Klar;Tennessee;Herbst;Kollision;General Switching Rules;Human Factors;Depot/Rangieren, Depot/Rangieren;50163.27381365942;Nicht Signifikant;False
1560;031236;2007;12;18;166000.0;166000.0;0.0;166000.0;5;0;0;0;0;0;0;0;22.866030665155062;55;1;90;0;0;5;9016.0;05;1;3;Industriestrecke;H999;25;Kalt (-30° - 0,01° C);Abend;Klar;Ohio;Herbst;Kollision;Miscellaneous;Human Factors;Güterzug, Güterzug;115149.83351831298;Nicht Signifikant;False
1561;031290102;1990;12;8;8000.0;8000.0;0.0;8000.0;2;0;0;0;0;0;0;0;4.949628046035187;1;0;1;0;0;0;165.33638380232395;04;7;1;Depot;H302;53;Moderat (0° bis 19,99° C);Abend;Klar;Kalifornien;Herbst;Kollision;General Switching Rules;Human Factors;Depot/Rangieren, EinzelneWagen;6785.986936975146;Nicht Signifikant;False
1562;031291101;1991;12;11;13945.0;13945.0;0.0;13945.0;3;0;0;0;0;0;0;0;1.9635609428485408;0;0;1;0;0;0;64.88997359133555;04;1;1;Depot;H403;71;Warm (20° bis 31,99° C);Abend;Klar;Kalifornien;Herbst;Kollision;Main Track Authority;Human Factors;Güterzug, Lokomotive;11828.823479514802;Nicht Signifikant;False
1563;0312FW004;2012;3;5;18451.0;18451.0;285.0;18166.0;4;0;0;0;0;0;0;0;3.9542723449729715;92;2;99;0;0;0;14682.0;04;7;1;Depot;M599;73;Warm (20° bis 31,99° C);Tag;Klar;Texas;Winter;Kollision;Other Miscellaneous;Miscellaneous Causes;Depot/Rangieren, Depot/Rangieren;13956.883509833584;Nicht Signifikant;False
1564;0312NP016;2012;3;18;558460.0;558460.0;10081.0;548379.0;0;0;0;0;0;0;0;0;0.0;212;11;91;0;0;17;28038.0;01;6;1;Depot;M102;60;Moderat (0° bis 19,99° C);Abend;Regen;Nebraska;Winter;Entgleisung;Environmental Conditions;Environmental Conditions;EinzelneWagen, EinzelneWagen, EinzelneWagen;425050.7408159123;Signifikant;False
1565;0312PR002;2012;3;2;211540.0;211540.0;100.0;211440.0;1;0;0;0;0;0;0;0;6.940339448159618;35;5;0;0;0;0;5020.0;01;7;1;Industriestrecke;H307;33;Moderat (0° bis 19,99° C);Tag;Wolkig;Illinois;Winter;Entgleisung;General Switching Rules;Human Factors;Depot/Rangieren, EinzelneWagen;160051.44889157903;Signifikant;False
1566;0312PR009;2012;3;11;26235.0;26235.0;380.0;25855.0;3;0;0;0;0;0;0;0;5.944983747097401;11;1;58;0;0;6;3873.0;01;7;1;Depot;T220;40;Moderat (0° bis 19,99° C);Morgendämmerung;Klar;Illinois;Winter;Entgleisung;Rail, Joint Bar and Rail Anchoring;Track, Roadbed and Structures;Depot/Rangieren, EinzelneWagen;19961.196073955718;Nicht Signifikant;False
1567;0312PR017;2012;3;13;29000.0;29000.0;2045.0;26955.0;2;1;0;0;0;0;0;0;5.944983747097401;1;0;23;0;0;3;1680.8899735913355;01;7;1;Depot;T199;55;Moderat (0° bis 19,99° C);Tag;Wolkig;Illinois;Winter;Entgleisung;Track Geometry;Track, Roadbed and Structures;Depot/Rangieren, Lokomotive;22210.308646702917;Nicht Signifikant;False
1568;0312TC003;2012;3;17;14652.0;14652.0;57.0;14595.0;2;0;0;0;0;0;0;0;2.0;20;0;4;0;0;1;1775.0;01;7;1;Depot;H310;78;Warm (20° bis 31,99° C);Tag;Klar;Minnesota;Winter;Entgleisung;General Switching Rules;Human Factors;Depot/Rangieren, EinzelneWagen;11161.444314661521;Nicht Signifikant;False
1569;0313FW013;2013;3;15;58557.0;58557.0;53722.0;4835.0;2;0;0;0;0;0;0;0;3.9542723449729715;50;2;2;0;0;0;6375.256439118408;01;7;1;Depot;M411;67;Moderat (0° bis 19,99° C);Tag;Wolkig;Texas;Winter;Entgleisung;Unusual Operational Situations;Miscellaneous Causes;Depot/Rangieren, EinzelneWagen;44747.82209995415;Nicht Signifikant;False
1570;0313LK025;2013;3;23;1709164.0;1709164.0;261978.0;1447186.0;5;1;0;1;0;0;0;0;53.722057398083734;56;15;0;0;0;0;3075.8899735913355;05;1;5;Hauptstrecke;T201;48;Moderat (0° bis 19,99° C);Tag;Wolkig;Arkansas;Frühling;Kollision;Rail, Joint Bar and Rail Anchoring;Track, Roadbed and Structures;Güterzug, Lokomotive;1320463.5471659242;Signifikant;False
1571;0313SA007;2013;3;10;38044.0;38044.0;2000.0;36044.0;4;1;0;0;0;0;0;0;4.0;5;0;17;0;0;0;335.0;01;7;1;Depot;H306;54;Moderat (0° bis 19,99° C);Abend;Regen;Texas;Winter;Entgleisung;General Switching Rules;Human Factors;Depot/Rangieren, Depot/Rangieren;29206.202978658068;Nicht Signifikant;False
1572;0313ST013;2013;3;14;70297.0;70297.0;40477.0;29820.0;6;1;0;0;0;0;0;0;3.9542723449729715;11;3;0;0;0;0;1604.8899735913355;01;1;1;Depot;H702;74;Warm (20° bis 31,99° C);Abend;Klar;Arizona;Winter;Entgleisung;Switches, Use of;Human Factors;Güterzug, Lokomotive;54337.94542784262;Nicht Signifikant;False
1573;0313ST015;2013;3;23;123501.0;123501.0;2600.0;120901.0;2;0;0;0;0;0;0;0;3.9542723449729715;72;2;64;0;0;3;8331.0;04;7;1;Depot;S012;73;Warm (20° bis 31,99° C);Tag;Klar;Texas;Frühling;Kollision;SIGNAL AND COMMUNICATION;Signal and Communication;Depot/Rangieren, EinzelneWagen;95414.23089799387;Nicht Signifikant;False
1574;0313UT002;2013;3;5;23347.0;23347.0;3490.0;19857.0;5;0;0;0;0;0;0;0;2.958916643910756;24;0;41;0;0;3;6012.0;01;7;1;Depot;E30C;38;Moderat (0° bis 19,99° C);Tag;Klar;Utah;Winter;Entgleisung;Coupler and Draft System;Mechanical and Electrical Failures;Depot/Rangieren, Depot/Rangieren;17912.382998312107;Nicht Signifikant;False
1575;03142016A;2016;3;14;39902.0;39902.0;0.0;39902.0;1;0;0;0;0;0;0;0;2.958916643910756;10;0;2;0;0;0;1268.2470128972327;04;7;1;Depot;H306;50;Moderat (0° bis 19,99° C);Abend;Regen;Washington;Winter;Kollision;General Switching Rules;Human Factors;Depot/Rangieren, EinzelneWagen;35886.32071229427;Nicht Signifikant;False
1576;031465;2008;1;4;248934.0;248934.0;200.0;248734.0;7;1;0;1;0;0;0;0;12.91247365453291;77;1;28;0;0;0;11956.0;03;1;4;Hauptstrecke;H222;36;Moderat (0° bis 19,99° C);Tag;Klar;Pennsylvania;Winter;Kollision;Flagging, Fixed, Hand and Radio Signals;Human Factors;Güterzug, Güterzug;169032.38948869426;Signifikant;False
1577;0314CB011;2014;3;17;27480.0;27480.0;0.0;27480.0;3;0;0;0;0;0;0;0;34.81029907790165;137;0;1;0;0;0;19423.336383802325;05;1;5;Hauptstrecke;H997;50;Moderat (0° bis 19,99° C);Tag;Wolkig;Nebraska;Winter;Kollision;Miscellaneous;Human Factors;Güterzug, Wartungszug;19761.254134905794;Nicht Signifikant;False
1578;0314FW003;2014;3;4;11015.0;11015.0;250.0;10765.0;2;0;0;0;0;0;0;0;9.0;20;1;26;0;0;1;3332.0;04;7;1;Depot;M407;27;Kalt (-30° - 0,01° C);Abend;Klar;Texas;Winter;Kollision;Unusual Operational Situations;Miscellaneous Causes;Depot/Rangieren, EinzelneWagen;8000.435793143521;Nicht Signifikant;False
1579;0314LK026;2014;3;21;68331.0;68331.0;0.0;68331.0;1;0;0;0;0;0;0;0;3.6361815633153145;0;0;3;0;0;0;136.33638380232395;05;7;1;Depot;M411;50;Moderat (0° bis 19,99° C);Abend;Wolkig;Arkansas;Frühling;Kollision;Unusual Operational Situations;Miscellaneous Causes;Depot/Rangieren, EinzelneWagen, EinzelneWagen;49587.08272859217;Nicht Signifikant;False
1580;0314NP018;2014;3;14;189488.0;189488.0;69071.0;120417.0;2;0;0;0;0;0;0;0;1.9635609428485408;99;3;12;0;0;1;13721.0;01;7;1;Depot;M405;40;Moderat (0° bis 19,99° C);Abend;Wolkig;Nebraska;Winter;Entgleisung;Unusual Operational Situations;Miscellaneous Causes;Depot/Rangieren, EinzelneWagen;136479.40074906367;Nicht Signifikant;False
1581;0315081;2008;3;15;105000.0;105000.0;20000.0;85000.0;2;0;0;0;0;0;0;0;7.5;33;1;0;0;0;0;4539.949369825404;04;7;1;Industriestrecke;H307;53;Moderat (0° bis 19,99° C);Abend;Klar;Kalifornien;Winter;Kollision;General Switching Rules;Human Factors;Depot/Rangieren, Güterzug;67175.63763541756;Nicht Signifikant;False
1582;031590A;1990;3;15;33068.0;33068.0;0.0;33068.0;1;0;0;0;0;0;0;0;3.5;0;0;0;3;0;0;126.33518105158544;05;7;1;Depot;H018;52;Moderat (0° bis 19,99° C);Tag;Klar;Massachusetts;Winter;Kollision;Brakes, Use of;Human Factors;Depot/Rangieren, EinzelneWagen;28049.877003986767;Nicht Signifikant;False
1583;0315HO020;2015;3;7;141576.0;141576.0;111063.0;30513.0;2;0;0;0;0;0;0;0;7.935695149221832;39;0;7;0;0;6;4478.647398120594;01;5;1;Industriestrecke;H509;42;Moderat (0° bis 19,99° C);Abend;Wolkig;Texas;Winter;Entgleisung;Train Handling/Train Makeup;Human Factors;EinzelneWagen, Güterzug;129545.53772951869;Nicht Signifikant;False
1584;0315HU002;2015;3;3;134354.0;134354.0;16753.0;117601.0;12;4;0;7;0;0;0;0;12.854122757554848;0;0;0;0;0;0;209.33984154801328;05;8;X;Depot;E99L;70;Warm (20° bis 31,99° C);Tag;Wolkig;Texas;Winter;Kollision;General Mechanical and Electrical Failures;Mechanical and Electrical Failures;Lokomotive, Lokomotive, Lokomotive, Lokomotive, Lokomotive, Lokomotive;120302.65042979943;Schwer;True
1585;0315PR018;2015;3;10;57042.0;57042.0;660.0;56382.0;1;0;0;0;0;0;0;0;9.926406551346263;10;0;10;0;0;3;25068.0;01;6;1;Depot;S007;40;Moderat (0° bis 19,99° C);Abenddämmerung;Klar;Illinois;Winter;Entgleisung;SIGNAL AND COMMUNICATION;Signal and Communication;EinzelneWagen, Güterzug;53121.62413857329;Nicht Signifikant;False
1586;0315RS017;2015;3;15;16587.0;16587.0;0.0;16587.0;4;0;0;0;0;0;0;0;9.926406551346263;66;0;14;0;0;0;9117.889973591336;03;7;1;Depot;H702;78;Warm (20° bis 31,99° C);Tag;Klar;Kalifornien;Winter;Kollision;Switches, Use of;Human Factors;Depot/Rangieren, Lokomotive;15704.412043173641;Nicht Signifikant;False
1587;031615;2008;1;18;25115.0;25115.0;0.0;25115.0;2;0;0;0;0;0;0;0;1.0;45;0;11;0;0;0;5523.774563320175;05;7;1;Depot;H318;32;Moderat (0° bis 19,99° C);Tag;Wolkig;Illinois;Winter;Kollision;General Switching Rules;Human Factors;Depot/Rangieren, Depot/Rangieren;17115.30598337195;Nicht Signifikant;False
1588;0316DV005;2016;3;14;2116526.0;2116526.0;58996.0;2057530.0;6;3;0;5;0;0;0;0;29.83352057259057;174;10;0;0;0;0;14516.0;02;1;3;Nebenstrecke;H405;20;Kalt (-30° - 0,01° C);Abend;Klar;Wyoming;Winter;Kollision;Main Track Authority;Human Factors;Güterzug, Güterzug;1903521.8994513892;Schwer;False
1589;0316HO020;2016;3;24;55392.0;55392.0;43738.0;11654.0;3;0;0;0;0;0;0;0;7.935695149221832;24;4;24;0;0;0;2315.256439118408;01;5;1;Depot;T309;67;Moderat (0° bis 19,99° C);Tag;Wolkig;Texas;Frühling;Entgleisung;Frogs, Switches and Track Appliances;Track, Roadbed and Structures;EinzelneWagen, Güterzug;49661.10812264658;Nicht Signifikant;False
1590;0316LK012;2016;3;15;12622.0;12622.0;0.0;12622.0;2;0;0;0;0;0;0;0;1.3333333333333333;3;0;0;0;0;0;682.2947962411881;05;7;1;Depot;S016;70;Warm (20° bis 31,99° C);Tag;Klar;Arkansas;Winter;Kollision;SIGNAL AND COMMUNICATION;Signal and Communication;Depot/Rangieren, EinzelneWagen, EinzelneWagen;11361.958772166712;Nicht Signifikant;False
1591;0316RS007;2016;3;8;12393.0;12393.0;1056.0;11337.0;5;1;0;0;0;0;0;0;10.0;4;0;59;0;0;1;2668.0;04;7;1;Depot;H307;50;Moderat (0° bis 19,99° C);Abend;Wolkig;Kalifornien;Winter;Kollision;General Switching Rules;Human Factors;Depot/Rangieren, Güterzug;11237.758433079434;Nicht Signifikant;False
1592;0316TC003;2016;3;7;11304.0;11304.0;792.0;10512.0;2;0;0;0;0;0;0;0;2.958916643910756;13;0;19;0;0;4;2127.0;01;6;1;Nebenstrecke;M404;58;Moderat (0° bis 19,99° C);Abend;Klar;Minnesota;Winter;Entgleisung;Unusual Operational Situations;Miscellaneous Causes;EinzelneWagen, Güterzug;10320.460147904685;Nicht Signifikant;False
1593;0317HO050;2017;3;18;24514.0;24514.0;600.0;23914.0;2;0;0;0;0;0;0;0;3.9542723449729715;58;1;52;0;0;3;12085.256439118408;01;5;1;Depot;S011;72;Warm (20° bis 31,99° C);Abend;Klar;Texas;Winter;Entgleisung;SIGNAL AND COMMUNICATION;Signal and Communication;EinzelneWagen, Güterzug;22820.70377955688;Nicht Signifikant;False
1594;031804;2008;1;29;57000.0;57000.0;6000.0;51000.0;4;0;0;0;0;0;0;0;4.0;100;2;69;0;0;4;13591.462925139975;04;7;1;Depot;M407;50;Moderat (0° bis 19,99° C);Abend;Regen;Ohio;Winter;Kollision;Unusual Operational Situations;Miscellaneous Causes;Depot/Rangieren, Depot/Rangieren;38583.90306640493;Nicht Signifikant;False
1595;031809;2008;2;5;21500.0;21500.0;1500.0;20000.0;4;2;0;0;0;0;0;0;9.926406551346263;22;0;48;0;0;0;4033.8709769538013;04;7;1;Depot;H607;44;Moderat (0° bis 19,99° C);Abend;Nebel;Virginia;Winter;Kollision;Speed;Human Factors;Depot/Rangieren, Depot/Rangieren;14637.799564270152;Nicht Signifikant;False
1596;0318PR004;2018;3;6;260441.0;260441.0;141346.0;119095.0;4;2;0;0;0;0;0;0;8.5;17;1;237;0;0;9;9066.0;05;7;1;Depot;H307;30;Kalt (-30° - 0,01° C);Abend;Schnee;Illinois;Winter;Kollision;General Switching Rules;Human Factors;Depot/Rangieren, Güterzug;209846.90999919423;Signifikant;False