index;INCDTNO;YEAR4;MONTH;DAY;ACCDMG;INFRASTRUCTURE_DMG;TRKDMG;EQPDMG;LOCOMOTIVES1;LOCOMOTIVES2;RREMPKLD;RREMPINJ;PASSKLD;PASSINJ;OTHERKLD;OTHERINJ;SPEED;LOADF1;LOADF2;EMPTYF1;EMPTYP1;LOADP1;EMPTYF2;TONS;TYPE;TYPEQ;TRKCLAS;TYPTRK;ACCAUSE;TEMP;TEMP_CLUSTER;VISIBLTY;WEATHER;STATE;Jahreszeit;ACCIDENT_TYPE;ACCCAUSE_LVL1;ACCCAUSE_LVL2;EQUIPMENT_TYPE;ACCDMG_EUR;ACCTYPE;SPD_TOO_HIGH
1597;031902;2008;2;13;68000.0;68000.0;28500.0;39500.0;8;0;0;1;0;0;0;0;7.935695149221832;28;2;2;0;0;0;12761.0;04;1;3;Hauptstrecke;H221;38;Moderat (0° bis 19,99° C);Abend;Regen;Tennessee;Winter;Kollision;Flagging, Fixed, Hand and Radio Signals;Human Factors;Güterzug, Lokomotive;46620.046620046625;Signifikant;False
1598;0319ES070;2019;3;31;50132.0;50132.0;132.0;50000.0;0;0;0;3;0;0;0;0;24.856742067279495;0;0;2;0;0;0;130.67276760464793;09;A;4;Hauptstrecke;H997;53;Moderat (0° bis 19,99° C);Tag;Wolkig;Texas;Frühling;Kollision;Miscellaneous;Human Factors;Wartungszug, Wartungszug;44618.62521138043;Signifikant;False
1599;0319GC050;2019;3;20;189888.0;189888.0;116111.0;73777.0;4;0;0;0;0;0;0;0;0.0;31;2;151;0;0;4;10258.0;01;1;4;Hauptstrecke;E64C;56;Moderat (0° bis 19,99° C);Abend;Wolkig;Louisiana;Winter;Entgleisung;Wheels;Mechanical and Electrical Failures;Güterzug, Güterzug;167243.26228641887;Signifikant;False
1600;032049;2008;2;27;136800.0;136800.0;100000.0;36800.0;2;0;0;0;0;0;0;0;1.9635609428485408;69;5;21;0;0;2;8659.422128360146;01;7;1;Depot;E39C;28;Kalt (-30° - 0,01° C);Tag;Wolkig;Pennsylvania;Winter;Entgleisung;Coupler and Draft System;Mechanical and Electrical Failures;Depot/Rangieren, EinzelneWagen;90933.26243020473;Nicht Signifikant;False
1601;0320GP029;2020;3;28;14383.0;14383.0;5358.0;9025.0;0;0;0;0;0;0;0;0;19.879963561968417;27;0;2;0;0;1;3429.0;09;6;2;Nebenstrecke;M105;32;Moderat (0° bis 19,99° C);Tag;Schnee;Nebraska;Frühling;Kollision;Environmental Conditions;Environmental Conditions;EinzelneWagen, EinzelneWagen;13080.210985813024;Nicht Signifikant;False
1602;032122;2008;3;3;10800.0;10800.0;0.0;10800.0;1;0;0;0;0;0;0;0;3.9542723449729715;9;0;4;0;0;0;538.6473981205941;05;5;X;Depot;H021;60;Moderat (0° bis 19,99° C);Tag;Klar;North Carolina;Winter;Kollision;Brakes, Use of;Human Factors;EinzelneWagen, Güterzug;7103.86108004999;Nicht Signifikant;False
1603;032289A;1989;3;22;9588.0;9588.0;0.0;9588.0;2;0;0;0;0;0;0;0;2.0;0;0;0;16;0;0;378.12278559112656;05;2;1;Depot;E29C;41;Moderat (0° bis 19,99° C);Abend;Klar;District of Columbia;Frühling;Kollision;Body;Mechanical and Electrical Failures;Personenzug, Personenzug;8133.005343964713;Nicht Signifikant;False
1604;03242016A;2016;3;24;48692.0;48692.0;0.0;48692.0;0;0;0;0;0;0;0;0;5.0;4;0;9;0;0;0;798.8273371986007;04;6;1;Depot;H318;43;Moderat (0° bis 19,99° C);Abend;Regen;Washington;Frühling;Kollision;General Switching Rules;Human Factors;EinzelneWagen, EinzelneWagen;43654.29442352519;Nicht Signifikant;False
1605;032472;2008;3;29;15050.0;15050.0;0.0;15050.0;2;0;0;0;0;0;0;0;2.958916643910756;0;0;3;0;0;0;161.11917781563636;04;7;X;Industriestrecke;H318;52;Moderat (0° bis 19,99° C);Abend;Klar;Alabama;Frühling;Kollision;General Switching Rules;Human Factors;Depot/Rangieren, EinzelneWagen;9524.512699350267;Nicht Signifikant;False
1606;032492;2005;1;5;16000.0;16000.0;0.0;16000.0;0;0;0;0;0;0;0;0;9.926406551346263;0;0;2;0;0;0;130.67276760464793;03;A;4;Hauptstrecke;H997;65;Moderat (0° bis 19,99° C);Tag;Klar;Georgia;Winter;Kollision;Miscellaneous;Human Factors;Wartungszug, Wartungszug;12099.213551119177;Nicht Signifikant;False
1607;032604;2006;7;18;8000.0;8000.0;0.0;8000.0;0;0;0;0;0;0;0;0;5.944983747097401;0;0;2;0;0;0;130.67276760464793;02;A;3;Hauptstrecke;H997;94;Heiß (>= 32° C);Tag;Wolkig;Ohio;Sommer;Kollision;Miscellaneous;Human Factors;Wartungszug, Wartungszug;6384.167265182347;Nicht Signifikant;False
1608;032626;2008;4;14;42000.0;42000.0;700.0;41300.0;4;0;0;0;0;0;0;0;6.0;81;2;100;0;0;3;12970.391862721342;04;7;1;Depot;H210;48;Moderat (0° bis 19,99° C);Tag;Klar;Indiana;Frühling;Kollision;Flagging, Fixed, Hand and Radio Signals;Human Factors;Depot/Rangieren, Güterzug;26466.69607410675;Nicht Signifikant;False
1609;032754;2008;4;26;18650.0;18650.0;1850.0;16800.0;4;0;0;0;0;0;0;0;5.0;28;1;0;0;0;0;3274.596874999722;04;7;1;Depot;H299;75;Warm (20° bis 31,99° C);Tag;Klar;Georgia;Frühling;Kollision;Flagging, Fixed, Hand and Radio Signals;Human Factors;Depot/Rangieren, Depot/Rangieren;11950.021358393848;Nicht Signifikant;False
1610;0329201801;2018;3;29;104394.0;104394.0;0.0;104394.0;5;0;0;1;0;0;0;0;17.889252159843984;0;0;2;0;0;2;133.63283684346172;03;1;4;Hauptstrecke;H607;53;Moderat (0° bis 19,99° C);Abend;Nebel;Indiana;Frühling;Kollision;Speed;Human Factors;Güterzug, Lokomotive;84728.51229607986;Signifikant;False
1611;0330001;1985;6;4;15450.0;15450.0;0.0;15450.0;4;0;0;0;0;0;0;0;14.903185056657339;1;0;144;0;0;0;4478.647398120594;05;5;X;Nebenstrecke;M404;65;Moderat (0° bis 19,99° C);Abend;Klar;Maryland;Frühling;Kollision;Unusual Operational Situations;Miscellaneous Causes;EinzelneWagen, Güterzug;13105.43727203325;Nicht Signifikant;True
1612;0330001;1990;4;6;6400.0;6400.0;900.0;5500.0;2;0;0;0;0;0;0;0;4.949628046035187;23;3;1;0;0;1;2776.954279179452;01;7;1;Depot;H704;52;Moderat (0° bis 19,99° C);Tag;Klar;Maryland;Frühling;Entgleisung;Switches, Use of;Human Factors;Depot/Rangieren, EinzelneWagen;5428.789549580117;Nicht Signifikant;False
1613;0330001;1990;7;12;15000.0;15000.0;0.0;15000.0;3;0;0;0;0;0;0;0;39.78707758321272;53;0;2;0;0;1;3717.8164184217308;02;5;3;Hauptstrecke;H402;73;Warm (20° bis 31,99° C);Abenddämmerung;Regen;Pennsylvania;Sommer;Kollision;Main Track Authority;Human Factors;EinzelneWagen, Güterzug;12723.7255068284;Nicht Signifikant;False
1614;0330002;1985;1;14;6250.0;6250.0;250.0;6000.0;1;0;0;0;0;0;0;0;5.0;1;0;4;0;0;1;306.80304717529015;04;6;1;Nebenstrecke;H017;30;Kalt (-30° - 0,01° C);Abend;Klar;Maryland;Winter;Kollision;Brakes, Use of;Human Factors;EinzelneWagen, Lokomotive;5301.552294511833;Nicht Signifikant;False
1615;0330002;1985;4;1;10245.0;10245.0;0.0;10245.0;2;0;0;2;0;0;0;0;24.856742067279495;0;0;72;0;0;0;2195.336383802324;05;5;X;Nebenstrecke;M503;45;Moderat (0° bis 19,99° C);Abend;Wolkig;Pennsylvania;Frühling;Kollision;Other Miscellaneous;Miscellaneous Causes;EinzelneWagen, Güterzug;8690.304521163796;Signifikant;True
1616;0330002;1989;4;24;66900.0;66900.0;36000.0;30900.0;4;0;0;0;0;0;0;0;24.856742067279495;49;11;147;0;0;0;10047.0;01;1;3;Nebenstrecke;T102;44;Moderat (0° bis 19,99° C);Abend;Klar;Pennsylvania;Frühling;Entgleisung;Track Geometry;Track, Roadbed and Structures;Güterzug, Güterzug;56747.81576045466;Nicht Signifikant;False
1617;0330003;1987;12;30;18500.0;18500.0;6000.0;12500.0;4;3;0;0;0;0;0;0;21.0;6;0;4;0;0;0;314.88997359133555;04;1;3;Hauptstrecke;H204;33;Moderat (0° bis 19,99° C);Tag;Klar;Pennsylvania;Winter;Kollision;Flagging, Fixed, Hand and Radio Signals;Human Factors;Güterzug, Lokomotive;15692.594791755026;Nicht Signifikant;False
1618;0330003;1991;6;14;9991.0;9991.0;6491.0;3500.0;1;0;0;0;0;0;0;0;3.9542723449729715;13;1;144;0;0;3;6326.394617376871;01;7;1;Depot;T311;60;Moderat (0° bis 19,99° C);Abend;Klar;Pennsylvania;Frühling;Entgleisung;Frogs, Switches and Track Appliances;Track, Roadbed and Structures;Depot/Rangieren, EinzelneWagen;8474.849435914835;Nicht Signifikant;False
1619;0330003;1991;8;19;9370.0;9370.0;0.0;9370.0;2;0;0;0;0;0;0;0;4.949628046035187;13;0;5;0;0;0;1700.8585171179734;03;4;2;Hauptstrecke;H402;75;Warm (20° bis 31,99° C);Tag;Klar;Pennsylvania;Sommer;Kollision;Main Track Authority;Human Factors;Arbeitszug, Lokomotive;7948.08719993214;Nicht Signifikant;False
1620;0330004;1987;1;28;6200.0;6200.0;1200.0;5000.0;1;0;0;0;0;0;0;0;4.949628046035187;13;6;2;0;0;1;1728.6535670912967;01;7;1;Depot;T110;45;Moderat (0° bis 19,99° C);Tag;Klar;Pennsylvania;Winter;Entgleisung;Track Geometry;Track, Roadbed and Structures;Depot/Rangieren, EinzelneWagen;5259.139876155738;Nicht Signifikant;False
1621;0330004;1987;10;25;7000.0;7000.0;0.0;7000.0;4;0;0;0;0;0;0;0;4.949628046035187;0;0;98;0;0;0;3053.528147859536;04;1;1;Industriestrecke;H702;39;Moderat (0° bis 19,99° C);Abend;Klar;Pennsylvania;Herbst;Kollision;Switches, Use of;Human Factors;Güterzug, Lokomotive;5937.738569853253;Nicht Signifikant;False
1622;0330004;1992;3;5;7625.0;7625.0;0.0;7625.0;1;0;0;0;0;0;0;0;4.949628046035187;22;0;10;0;0;0;2838.394298234053;05;4;1;Depot;M205;40;Moderat (0° bis 19,99° C);Tag;Klar;Pennsylvania;Winter;Kollision;Loading Procedures;Loading;Arbeitszug, EinzelneWagen;6467.893799304436;Nicht Signifikant;False
1623;033034;2008;5;24;1091524.0;1091524.0;178524.0;913000.0;2;0;0;0;0;0;0;0;44.763856088523795;75;25;2;0;0;1;6451.816418421731;01;5;1;Industriestrecke;H503;70;Warm (20° bis 31,99° C);Abend;Wolkig;Georgia;Frühling;Entgleisung;Train Handling/Train Makeup;Human Factors;EinzelneWagen, Güterzug;693104.4554979363;Signifikant;True
1624;033078;2008;5;29;22850.0;22850.0;2100.0;20750.0;4;1;0;0;0;0;0;0;6.5;29;0;103;0;0;0;3911.8000925841825;04;7;1;Depot;H607;47;Moderat (0° bis 19,99° C);Abend;Wolkig;Indiana;Frühling;Kollision;Speed;Human Factors;Depot/Rangieren, Güterzug;14693.588836730758;Nicht Signifikant;False
1625;033125;2008;5;31;18100.0;18100.0;0.0;18100.0;3;0;0;0;0;0;0;0;3.0;65;0;60;0;0;0;9290.797154243777;05;7;1;Depot;M408;87;Warm (20° bis 31,99° C);Tag;Klar;Tennessee;Frühling;Kollision;Unusual Operational Situations;Miscellaneous Causes;Depot/Rangieren, Depot/Rangieren;11668.13503233986;Nicht Signifikant;False
1626;033130;2008;5;30;10700.0;10700.0;500.0;10200.0;3;0;0;0;0;0;0;0;3.0;4;2;16;0;0;0;1051.1702906711469;04;7;1;Depot;T306;69;Warm (20° bis 31,99° C);Tag;Wolkig;Indiana;Frühling;Kollision;Frogs, Switches and Track Appliances;Track, Roadbed and Structures;Depot/Rangieren, Depot/Rangieren;6899.664689192675;Nicht Signifikant;False
1627;033184;2008;6;7;34410.0;34410.0;500.0;33910.0;3;0;0;0;0;0;0;0;4.0;81;1;37;0;0;3;10434.697656715212;04;7;1;Depot;S007;77;Warm (20° bis 31,99° C);Tag;Klar;Indiana;Frühling;Kollision;SIGNAL AND COMMUNICATION;Signal and Communication;Depot/Rangieren, Depot/Rangieren;21974.115543445867;Nicht Signifikant;False
1628;033372;2008;6;28;18315.0;18315.0;5600.0;12715.0;4;0;0;0;0;0;0;0;5.0;13;0;43;0;0;3;2862.262208993754;04;7;X;Depot;M408;70;Warm (20° bis 31,99° C);Abend;Klar;Tennessee;Sommer;Kollision;Unusual Operational Situations;Miscellaneous Causes;Depot/Rangieren, Depot/Rangieren;11626.11087600508;Nicht Signifikant;False
1629;033389;2008;6;28;52000.0;52000.0;1000.0;51000.0;5;0;0;0;0;0;0;0;6.5;3;1;7;0;0;5;651.1863063422135;01;7;1;Depot;M408;90;Heiß (>= 32° C);Tag;Klar;Alabama;Sommer;Entgleisung;Unusual Operational Situations;Miscellaneous Causes;Depot/Rangieren, Depot/Rangieren;33008.88700804063;Nicht Signifikant;False
1630;033421;2008;7;2;12249.0;12249.0;1000.0;11249.0;5;1;0;1;0;0;0;0;7.935695149221832;61;0;113;0;0;8;12800.0;03;1;4;Hauptstrecke;H821;75;Warm (20° bis 31,99° C);Abend;Klar;Ohio;Sommer;Kollision;Cab Signals;Human Factors;Güterzug, Güterzug;7749.588763760597;Signifikant;False
1631;033517;2008;7;10;10050.0;10050.0;0.0;10050.0;4;0;0;0;0;0;0;0;2.958916643910756;3;0;1;0;0;0;441.4986309814349;05;7;1;Depot;H307;70;Warm (20° bis 31,99° C);Abend;Regen;Indiana;Sommer;Kollision;General Switching Rules;Human Factors;Depot/Rangieren, EinzelneWagen;6398.013750954928;Nicht Signifikant;False
1632;033583;2008;7;14;9400.0;9400.0;1000.0;8400.0;4;2;0;1;0;0;0;0;1.9635609428485408;6;0;6;0;0;1;936.4829902435594;04;7;1;Depot;H607;70;Warm (20° bis 31,99° C);Abend;Klar;Louisiana;Sommer;Kollision;Speed;Human Factors;Depot/Rangieren, Lokomotive;5931.7220925096235;Signifikant;False
1633;033635;2008;7;21;17200.0;17200.0;0.0;17200.0;5;0;0;0;0;0;0;0;2.5;41;0;24;0;0;0;5464.548197945991;04;7;1;Depot;H99E;75;Warm (20° bis 31,99° C);Abend;Wolkig;Tennessee;Sommer;Kollision;Miscellaneous;Human Factors;Depot/Rangieren, Depot/Rangieren;10846.260562492116;Nicht Signifikant;False
1634;033668;2008;7;26;15000.0;15000.0;0.0;15000.0;4;0;0;0;0;0;0;0;5.0;37;0;28;0;0;0;4266.889973591336;05;1;X;Depot;H306;80;Warm (20° bis 31,99° C);Abend;Klar;Michigan;Sommer;Kollision;General Switching Rules;Human Factors;Güterzug, Lokomotive;9531.071292413266;Nicht Signifikant;False
1635;033756;2008;8;3;63700.0;63700.0;33500.0;30200.0;2;0;0;0;0;0;0;0;4.0;28;0;24;0;0;4;3991.621817543258;05;7;1;Depot;H706;72;Warm (20° bis 31,99° C);Abend;Klar;Tennessee;Sommer;Kollision;Switches, Use of;Human Factors;Depot/Rangieren, Depot/Rangieren;40915.51406671519;Nicht Signifikant;False
1636;033882;2008;8;13;22000.0;22000.0;0.0;22000.0;4;0;0;3;0;0;0;0;8.0;28;0;115;0;0;0;6048.0;02;1;2;Hauptstrecke;H404;55;Moderat (0° bis 19,99° C);Abend;Klar;Pennsylvania;Sommer;Kollision;Main Track Authority;Human Factors;Güterzug, Güterzug;14762.128430517347;Signifikant;False
1637;033982;2008;8;14;22500.0;22500.0;300.0;22200.0;3;0;0;1;0;0;0;0;7.5;70;1;42;0;0;0;9331.15793409009;04;7;1;Depot;M408;63;Moderat (0° bis 19,99° C);Abend;Klar;Indiana;Sommer;Kollision;Unusual Operational Situations;Miscellaneous Causes;Depot/Rangieren, Depot/Rangieren;15093.580197222782;Signifikant;False
1638;0340001;1986;1;16;9600.0;9600.0;300.0;9300.0;5;1;0;0;0;0;0;0;4.0;58;0;24;0;0;0;6554.889973591336;04;1;1;Depot;H999;15;Kalt (-30° - 0,01° C);Abend;Klar;Pennsylvania;Winter;Kollision;Miscellaneous;Human Factors;Güterzug, Lokomotive;8143.184324370175;Nicht Signifikant;False
1639;0340001;1987;6;4;24050.0;24050.0;750.0;23300.0;2;0;0;0;0;0;0;0;3.9542723449729715;97;0;126;0;0;5;15051.294829485985;01;6;1;Depot;H702;72;Warm (20° bis 31,99° C);Abend;Klar;New Jersey;Frühling;Entgleisung;Switches, Use of;Human Factors;EinzelneWagen, Güterzug;20400.373229281533;Nicht Signifikant;False
1640;0340001;1988;8;27;43750.0;43750.0;3000.0;40750.0;6;1;0;2;0;0;0;0;9.0;123;2;92;0;0;4;16308.0;01;1;1;Hauptstrecke;M404;77;Warm (20° bis 31,99° C);Abend;Klar;New Jersey;Sommer;Entgleisung;Unusual Operational Situations;Miscellaneous Causes;Güterzug, Güterzug;37110.86606158283;Signifikant;False
1641;0340002;1985;3;26;22250.0;22250.0;450.0;21800.0;8;0;0;0;0;0;0;0;3.5;84;1;0;0;0;0;9645.012648638196;04;6;1;Depot;H021;26;Kalt (-30° - 0,01° C);Abend;Klar;New Jersey;Frühling;Kollision;Brakes, Use of;Human Factors;EinzelneWagen, Lokomotive;18873.526168462125;Nicht Signifikant;False
1642;0340002;1985;6;18;51000.0;51000.0;7500.0;43500.0;5;1;0;0;0;0;0;0;5.0;58;3;31;0;0;2;5224.889973591336;04;7;1;Depot;H306;63;Moderat (0° bis 19,99° C);Abend;Klar;New Jersey;Frühling;Kollision;General Switching Rules;Human Factors;Depot/Rangieren, Güterzug;43260.66672321656;Nicht Signifikant;False
1643;0340002;1987;2;26;28350.0;28350.0;100.0;28250.0;1;0;0;0;0;0;0;0;3.9542723449729715;36;1;0;0;0;0;2144.949369825403;01;7;1;Depot;T217;22;Kalt (-30° - 0,01° C);Tag;Klar;New Jersey;Winter;Entgleisung;Rail, Joint Bar and Rail Anchoring;Track, Roadbed and Structures;Depot/Rangieren, EinzelneWagen;24047.841207905672;Nicht Signifikant;False
1644;0340003;1985;4;18;154200.0;154200.0;30000.0;124200.0;4;0;0;0;0;0;0;0;6.293559632106412;153;1;168;0;0;18;21305.30654942982;01;7;1;Depot;H704;40;Moderat (0° bis 19,99° C);Abend;Wolkig;New Jersey;Frühling;Entgleisung;Switches, Use of;Human Factors;Depot/Rangieren, EinzelneWagen, Güterzug;130799.89821019594;Nicht Signifikant;False
1645;0340004;1985;3;1;10850.0;10850.0;100.0;10750.0;2;0;0;0;0;0;0;0;9.926406551346263;0;0;29;0;0;4;908.7428632521262;04;7;1;Depot;H302;25;Kalt (-30° - 0,01° C);Tag;Klar;New Jersey;Winter;Kollision;General Switching Rules;Human Factors;Depot/Rangieren, EinzelneWagen;9203.494783272541;Nicht Signifikant;False
1646;034036;2008;8;29;9540.0;9540.0;0.0;9540.0;2;2;0;0;0;0;0;0;4.949628046035187;29;1;56;0;0;2;5718.109328779198;01;1;X;Depot;H702;89;Warm (20° bis 31,99° C);Tag;Klar;Georgia;Sommer;Entgleisung;Switches, Use of;Human Factors;Güterzug, Güterzug;6474.380726162199;Nicht Signifikant;False
1647;034138;2008;8;6;25500.0;25500.0;0.0;25500.0;0;0;0;0;0;0;0;0;1.9635609428485408;0;0;2;0;0;0;130.67276760464793;03;A;4;Nebenstrecke;H997;67;Moderat (0° bis 19,99° C);Tag;Klar;Ohio;Sommer;Kollision;Miscellaneous;Human Factors;Wartungszug, Wartungszug;16474.996769608475;Nicht Signifikant;False
1648;034620;2008;10;31;17600.0;17600.0;100.0;17500.0;5;0;0;0;0;0;0;0;4.5;69;1;0;0;0;0;8976.281039647247;04;7;1;Depot;H306;65;Moderat (0° bis 19,99° C);Tag;Klar;Indiana;Herbst;Kollision;General Switching Rules;Human Factors;Depot/Rangieren, Güterzug;13796.34710355099;Nicht Signifikant;False
1649;034884;2008;12;1;61000.0;61000.0;0.0;61000.0;5;0;0;0;0;0;0;0;2.5;36;1;90;0;0;0;7255.0;04;1;1;Depot;H210;33;Moderat (0° bis 19,99° C);Morgendämmerung;Klar;Alabama;Herbst;Kollision;Flagging, Fixed, Hand and Radio Signals;Human Factors;Güterzug, Güterzug;48381.97969543147;Nicht Signifikant;False
1650;035119;1999;3;12;252058.0;252058.0;0.0;250000.0;2;0;0;0;0;0;0;0;27.5;0;0;0;0;8;0;404.50353681400696;04;3;5;Hauptstrecke;H204;68;Warm (20° bis 31,99° C);Tag;Klar;Kalifornien;Winter;Kollision;Flagging, Fixed, Hand and Radio Signals;Human Factors;Nahverkehrszug, Nahverkehrszug;230568.97182583244;Signifikant;False
1651;035120;2008;12;23;60900.0;60900.0;1000.0;59900.0;1;0;0;0;0;0;0;0;6.940339448159618;0;0;52;0;0;2;1655.9533473928825;01;7;1;Depot;M599;40;Moderat (0° bis 19,99° C);Tag;Wolkig;Georgia;Winter;Entgleisung;Other Miscellaneous;Miscellaneous Causes;Depot/Rangieren, EinzelneWagen;43568.464730290456;Nicht Signifikant;False
1652;035250;2009;1;8;107292.0;107292.0;0.0;107292.0;3;0;0;0;0;0;0;0;3.9542723449729715;0;0;197;0;0;5;5985.04289432863;04;6;1;Industriestrecke;H306;18;Kalt (-30° - 0,01° C);Tag;Klar;Indiana;Winter;Kollision;General Switching Rules;Human Factors;EinzelneWagen, Güterzug;78792.68561357127;Nicht Signifikant;False
1653;035318;2009;1;14;15100.0;15100.0;3000.0;12100.0;4;0;0;0;0;0;0;0;5.926644996129869;89;0;122;0;0;6;14097.277733990639;01;6;1;Depot;E22C;8;Kalt (-30° - 0,01° C);Tag;Schnee;Pennsylvania;Winter;Entgleisung;Body;Mechanical and Electrical Failures;EinzelneWagen, EinzelneWagen, Güterzug;11462.840658923556;Nicht Signifikant;False
1654;035418;2009;1;23;13250.0;13250.0;0.0;13250.0;3;0;0;0;0;0;0;0;2.0;86;0;61;0;0;0;11710.149479569194;05;7;1;Depot;M411;55;Moderat (0° bis 19,99° C);Abend;Wolkig;Tennessee;Winter;Kollision;Unusual Operational Situations;Miscellaneous Causes;Depot/Rangieren, Depot/Rangieren;10355.60765924189;Nicht Signifikant;False
1655;035570;2009;2;6;12720.0;12720.0;0.0;12720.0;5;0;0;0;0;0;0;0;1.9635609428485408;51;2;63;0;0;2;7427.963987875976;04;7;1;Depot;H599;45;Moderat (0° bis 19,99° C);Tag;Klar;Alabama;Winter;Kollision;Train Handling/Train Makeup;Human Factors;Depot/Rangieren, Güterzug;9940.606439512347;Nicht Signifikant;False
1656;035779;2009;2;28;40100.0;40100.0;200.0;39900.0;4;0;0;0;0;0;0;0;8.0;117;0;30;0;0;2;15437.335495589894;04;7;1;Depot;S099;28;Kalt (-30° - 0,01° C);Abend;Klar;Indiana;Winter;Kollision;other software/programming deficiencies, etc.);Signal and Communication;Depot/Rangieren, Güterzug;31754.830535318335;Nicht Signifikant;False
1657;035871;2009;3;13;62050.0;62050.0;3000.0;59050.0;2;0;0;0;0;0;0;0;4.949628046035187;40;0;55;0;0;3;6605.335990474298;01;6;1;Depot;H525;55;Moderat (0° bis 19,99° C);Tag;Klar;Georgia;Winter;Entgleisung;Train Handling/Train Makeup;Human Factors;EinzelneWagen, Güterzug;48082.13870592794;Nicht Signifikant;False
1658;036101;2009;4;14;10500.0;10500.0;0.0;10500.0;2;0;0;0;0;0;0;0;5.944983747097401;39;0;0;0;0;0;4506.319503823752;07;7;1;Depot;M304;45;Moderat (0° bis 19,99° C);Abend;Regen;Pennsylvania;Frühling;Bahnübergang;Loading Procedures;Loading;Depot/Rangieren, Depot/Rangieren;7909.008737571558;Nicht Signifikant;False
1659;036146;2009;4;22;27500.0;27500.0;0.0;27500.0;2;0;0;0;0;0;0;0;7.5;32;1;0;0;0;0;3729.626573116756;05;7;1;Depot;H312;75;Warm (20° bis 31,99° C);Tag;Klar;Louisiana;Frühling;Kollision;General Switching Rules;Human Factors;Depot/Rangieren, Depot/Rangieren;21240.441801189467;Nicht Signifikant;False
1660;036361;2009;5;24;212000.0;212000.0;35000.0;67000.0;3;1;0;0;0;0;0;0;10.921762252408477;57;1;1;0;0;1;8655.766190588729;03;7;1;Depot;H607;58;Moderat (0° bis 19,99° C);Abend;Klar;Illinois;Frühling;Kollision;Speed;Human Factors;Depot/Rangieren, Güterzug;151457.4204610402;Signifikant;True
1661;036650;2009;7;1;10855.0;10855.0;750.0;10105.0;1;0;0;0;0;0;0;0;2.958916643910756;30;1;59;0;0;1;6408.569916659605;01;6;3;Depot;H702;72;Warm (20° bis 31,99° C);Abend;Klar;Ohio;Sommer;Entgleisung;Switches, Use of;Human Factors;EinzelneWagen, Güterzug;7700.7661748013625;Nicht Signifikant;False
1662;036731;2009;7;15;23000.0;23000.0;8000.0;15000.0;2;0;0;0;0;0;0;0;8.931050850284048;6;0;21;0;0;0;1531.0727594999835;05;6;1;Depot;H302;68;Warm (20° bis 31,99° C);Tag;Regen;Indiana;Sommer;Kollision;General Switching Rules;Human Factors;EinzelneWagen, Güterzug;16324.792391227198;Nicht Signifikant;False
1663;036791;2009;7;24;45600.0;45600.0;600.0;45000.0;7;0;0;0;0;0;0;0;9.926406551346263;53;4;24;0;0;0;7501.62290464548;05;7;1;Depot;E39C;68;Warm (20° bis 31,99° C);Abend;Klar;Ohio;Sommer;Kollision;Coupler and Draft System;Mechanical and Electrical Failures;Depot/Rangieren, Güterzug;32051.732621072606;Nicht Signifikant;False
1664;036913;2009;8;8;15000.0;15000.0;500.0;14500.0;2;0;0;0;0;0;0;0;5.944983747097401;1;1;58;0;0;2;1928.6646779575829;01;6;1;Depot;E39C;81;Warm (20° bis 31,99° C);Tag;Klar;New York;Sommer;Entgleisung;Coupler and Draft System;Mechanical and Electrical Failures;EinzelneWagen, Güterzug;10485.599776307206;Nicht Signifikant;False
1665;037006;2009;8;23;40500.0;40500.0;0.0;40500.0;2;0;0;0;0;0;0;0;3.9542723449729715;3;0;0;0;0;0;411.05222077044647;05;7;1;Depot;H302;83;Warm (20° bis 31,99° C);Tag;Wolkig;Pennsylvania;Sommer;Kollision;General Switching Rules;Human Factors;Depot/Rangieren, EinzelneWagen;28271.593447505584;Nicht Signifikant;False
1666;037031;2009;8;26;11800.0;11800.0;0.0;11800.0;2;0;0;0;0;0;0;0;3.0;13;0;3;0;0;0;1639.9656966959965;05;7;1;Depot;M407;70;Warm (20° bis 31,99° C);Abend;Klar;Tennessee;Sommer;Kollision;Unusual Operational Situations;Miscellaneous Causes;Depot/Rangieren, Depot/Rangieren;8269.096005606167;Nicht Signifikant;False
1667;037065;2009;8;30;20600.0;20600.0;0.0;20600.0;4;0;0;0;0;0;0;0;4.0;2;2;14;0;0;1;764.2426558100599;05;7;1;Depot;M408;68;Warm (20° bis 31,99° C);Abend;Regen;Alabama;Sommer;Kollision;Unusual Operational Situations;Miscellaneous Causes;Depot/Rangieren, Depot/Rangieren;14402.90854852242;Nicht Signifikant;False
1668;037124;2009;9;13;35550.0;35550.0;350.0;35200.0;4;0;0;0;0;0;0;0;6.0;11;0;29;0;0;3;9169.0;04;1;1;Depot;H706;74;Warm (20° bis 31,99° C);Morgendämmerung;Wolkig;Alabama;Sommer;Kollision;Switches, Use of;Human Factors;Güterzug, Güterzug;24396.102113642602;Nicht Signifikant;False
1669;037137;2009;9;12;33150.0;33150.0;0.0;33150.0;3;0;0;0;0;0;0;0;3.0;1;0;47;0;0;0;9930.407151397907;04;7;1;Depot;H306;65;Moderat (0° bis 19,99° C);Abend;Klar;Ohio;Sommer;Kollision;General Switching Rules;Human Factors;Depot/Rangieren, Güterzug;22731.948158815056;Nicht Signifikant;False