index;INCDTNO;YEAR4;MONTH;DAY;ACCDMG;INFRASTRUCTURE_DMG;TRKDMG;EQPDMG;LOCOMOTIVES1;LOCOMOTIVES2;RREMPKLD;RREMPINJ;PASSKLD;PASSINJ;OTHERKLD;OTHERINJ;SPEED;LOADF1;LOADF2;EMPTYF1;EMPTYP1;LOADP1;EMPTYF2;TONS;TYPE;TYPEQ;TRKCLAS;TYPTRK;ACCAUSE;TEMP;TEMP_CLUSTER;VISIBLTY;WEATHER;STATE;Jahreszeit;ACCIDENT_TYPE;ACCCAUSE_LVL1;ACCCAUSE_LVL2;EQUIPMENT_TYPE;ACCDMG_EUR;ACCTYPE;SPD_TOO_HIGH
1670;037151;2009;9;14;11277.0;11277.0;0.0;11277.0;4;0;0;2;0;0;0;0;11.917117953470694;16;0;0;0;0;0;4751.889973591336;03;1;1;Depot;H220;61;Moderat (0° bis 19,99° C);Tag;Klar;Pennsylvania;Sommer;Kollision;Flagging, Fixed, Hand and Radio Signals;Human Factors;Güterzug, Lokomotive;7744.660394203695;Signifikant;True
1671;037418;2009;10;22;50700.0;50700.0;700.0;50000.0;3;0;0;0;0;0;0;0;1.5;71;1;88;0;0;0;10845.450228324818;05;7;1;Depot;M408;47;Moderat (0° bis 19,99° C);Abend;Klar;Tennessee;Herbst;Kollision;Unusual Operational Situations;Miscellaneous Causes;Depot/Rangieren, Depot/Rangieren;33800.0;Nicht Signifikant;False
1672;037637;2009;11;21;20800.0;20800.0;500.0;20300.0;3;0;0;0;0;0;0;0;2.0;86;0;34;0;0;1;10889.576438491913;01;7;1;Depot;M408;66;Moderat (0° bis 19,99° C);Tag;Klar;Tennessee;Herbst;Entgleisung;Unusual Operational Situations;Miscellaneous Causes;Depot/Rangieren, Depot/Rangieren;13991.658818781112;Nicht Signifikant;False
1673;037696;2009;11;26;20500.0;20500.0;0.0;20500.0;1;0;0;0;0;0;0;0;6.0;12;1;16;0;0;2;1944.580715146215;05;7;1;Depot;H018;40;Moderat (0° bis 19,99° C);Tag;Nebel;North Carolina;Herbst;Kollision;Brakes, Use of;Human Factors;Depot/Rangieren, EinzelneWagen;13602.282529361024;Nicht Signifikant;False
1674;038339;2010;2;7;18000.0;18000.0;0.0;18000.0;3;0;0;0;0;0;0;0;6.5;36;0;49;0;0;2;5659.881399813223;04;7;1;Depot;M408;28;Kalt (-30° - 0,01° C);Tag;Klar;Indiana;Winter;Kollision;Unusual Operational Situations;Miscellaneous Causes;Depot/Rangieren, Depot/Rangieren;13157.57413318389;Nicht Signifikant;False
1675;038362;2010;2;8;9800.0;9800.0;800.0;9000.0;4;0;0;0;0;0;0;0;2.958916643910756;15;1;30;0;0;0;2816.4642188839202;05;7;1;Depot;H020;24;Kalt (-30° - 0,01° C);Abend;Klar;Michigan;Winter;Kollision;Brakes, Use of;Human Factors;Depot/Rangieren, Güterzug;7166.361974405851;Nicht Signifikant;False
1676;038411;2010;2;9;87750.0;87750.0;0.0;87750.0;1;0;0;0;0;0;0;0;0.9682052417863254;1;0;11;0;0;1;488.647398120594;05;5;1;Industriestrecke;H399;28;Kalt (-30° - 0,01° C);Tag;Wolkig;Pennsylvania;Winter;Kollision;General Switching Rules;Human Factors;EinzelneWagen, Güterzug;63771.8023255814;Nicht Signifikant;False
1677;038496;2010;2;17;140400.0;140400.0;6400.0;134000.0;2;0;0;0;0;0;0;0;4.949628046035187;33;1;61;0;0;7;5710.975262852156;04;6;1;Depot;H020;24;Kalt (-30° - 0,01° C);Abend;Schnee;Kentucky;Winter;Kollision;Brakes, Use of;Human Factors;EinzelneWagen, Güterzug;102287.62931662537;Nicht Signifikant;False
1678;038501604;1985;3;25;28185.0;28185.0;150.0;28035.0;2;0;0;0;0;0;0;0;5.0;42;2;30;0;0;2;5803.162234975621;04;7;1;Depot;S099;65;Moderat (0° bis 19,99° C);Tag;Klar;Georgia;Frühling;Kollision;other software/programming deficiencies, etc.);Signal and Communication;Depot/Rangieren, Depot/Rangieren;23907.880227330563;Nicht Signifikant;False
1679;038512609;1985;3;15;9900.0;9900.0;0.0;9900.0;2;0;0;0;0;0;0;0;5.0;39;0;63;0;0;0;6424.443347116022;05;7;1;Depot;H306;68;Warm (20° bis 31,99° C);Abend;Klar;Florida;Winter;Kollision;General Switching Rules;Human Factors;Depot/Rangieren, Depot/Rangieren;8397.658834506743;Nicht Signifikant;False
1680;038562;2010;2;23;18250.0;18250.0;0.0;18250.0;4;0;0;0;0;0;0;0;0.9682052417863254;64;2;27;0;0;0;8211.526274747528;05;7;1;Depot;H210;25;Kalt (-30° - 0,01° C);Abend;Regen;Pennsylvania;Winter;Kollision;Flagging, Fixed, Hand and Radio Signals;Human Factors;Depot/Rangieren, Depot/Rangieren;13441.850187817634;Nicht Signifikant;False
1681;038588;2010;2;25;144200.0;144200.0;19700.0;124500.0;5;1;0;0;0;0;0;0;2.0;38;1;50;0;0;0;6132.139323217148;04;7;1;Depot;H305;32;Moderat (0° bis 19,99° C);Tag;Wolkig;Tennessee;Winter;Kollision;General Switching Rules;Human Factors;Depot/Rangieren, Güterzug;106901.92008303062;Nicht Signifikant;False
1682;0385NE210;1985;3;13;16000.0;16000.0;0.0;16000.0;3;1;0;0;0;0;0;0;4.949628046035187;1;1;0;0;0;0;203.14641270974315;02;7;1;Industriestrecke;H307;45;Moderat (0° bis 19,99° C);Abenddämmerung;Wolkig;Nebraska;Winter;Kollision;General Switching Rules;Human Factors;Depot/Rangieren, EinzelneWagen;13571.973873950292;Nicht Signifikant;False
1683;0385NP201;1985;3;17;44611.0;44611.0;3411.0;41200.0;2;0;0;0;0;0;0;0;6.5;61;7;1;0;0;0;7176.692540663122;04;6;2;Depot;H999;51;Moderat (0° bis 19,99° C);Tag;Klar;Nebraska;Winter;Kollision;Miscellaneous;Human Factors;EinzelneWagen, Güterzug;37841.20790567478;Nicht Signifikant;False
1684;0385OR202;1985;3;20;6998.0;6998.0;323.0;6675.0;1;0;0;0;0;0;0;0;2.958916643910756;12;0;21;0;0;3;2078.6837598227503;04;7;1;Depot;H020;45;Moderat (0° bis 19,99° C);Abenddämmerung;Regen;Oregon;Winter;Kollision;Brakes, Use of;Human Factors;Depot/Rangieren, EinzelneWagen;5936.042073119009;Nicht Signifikant;False
1685;038606601;1986;3;2;18200.0;18200.0;1200.0;17000.0;2;0;0;0;0;0;0;0;2.958916643910756;70;2;13;0;0;0;6902.979067942437;04;7;1;Depot;H306;50;Moderat (0° bis 19,99° C);Abend;Klar;Florida;Winter;Kollision;General Switching Rules;Human Factors;Depot/Rangieren, Güterzug;15438.120281618458;Nicht Signifikant;False
1686;038633;2010;3;1;42300.0;42300.0;0.0;42300.0;2;0;0;0;0;0;0;0;6.940339448159618;26;1;5;0;0;0;3039.1220246462776;01;6;1;Depot;H307;38;Moderat (0° bis 19,99° C);Tag;Klar;Ohio;Winter;Entgleisung;General Switching Rules;Human Factors;EinzelneWagen, Güterzug;31275.415896487986;Nicht Signifikant;False
1687;038660;2010;3;4;11100.0;11100.0;100.0;11000.0;6;0;0;0;0;0;0;0;16.89389645878177;97;1;75;0;0;0;13338.0;04;1;3;Hauptstrecke;H607;50;Moderat (0° bis 19,99° C);Tag;Klar;Alabama;Winter;Kollision;Speed;Human Factors;Güterzug, Güterzug;8121.158911325724;Nicht Signifikant;False
1688;0386CA206;1986;3;24;7568.0;7568.0;0.0;7568.0;2;0;0;0;0;0;0;0;1.9635609428485408;0;0;0;0;0;0;69.7799471826711;04;7;1;Depot;H306;65;Moderat (0° bis 19,99° C);Abend;Klar;Kalifornien;Frühling;Kollision;General Switching Rules;Human Factors;Depot/Rangieren, Depot/Rangieren;6419.543642378488;Nicht Signifikant;False
1689;0386IL205;1986;3;25;16050.0;16050.0;50.0;16000.0;1;0;0;0;0;0;0;0;9.926406551346263;14;2;7;0;0;1;1916.2068786842428;04;7;1;Depot;H021;55;Moderat (0° bis 19,99° C);Tag;Klar;Illinois;Frühling;Kollision;Brakes, Use of;Human Factors;Depot/Rangieren, EinzelneWagen;13614.386292306386;Nicht Signifikant;False
1690;0386IL206;1986;3;29;53000.0;53000.0;6000.0;47000.0;3;0;0;0;0;0;0;0;9.926406551346263;58;8;0;0;0;0;6415.380329174738;01;7;1;Depot;M503;74;Warm (20° bis 31,99° C);Tag;Klar;Illinois;Frühling;Entgleisung;Other Miscellaneous;Miscellaneous Causes;Depot/Rangieren, EinzelneWagen;44957.163457460345;Nicht Signifikant;False
1691;0386NO203;1986;3;25;10000.0;10000.0;0.0;10000.0;2;0;0;0;0;0;0;0;4.949628046035187;54;0;53;0;0;0;7733.742479970715;09;4;1;Hauptstrecke;H302;72;Warm (20° bis 31,99° C);Tag;Klar;Louisiana;Frühling;Kollision;General Switching Rules;Human Factors;Arbeitszug, EinzelneWagen;8482.483671218932;Nicht Signifikant;False
1692;0386NP004;1986;3;19;9240.0;9240.0;0.0;9240.0;4;1;0;2;0;0;0;0;9.926406551346263;49;0;0;0;0;0;2976.8899735913355;03;1;2;Depot;T311;33;Moderat (0° bis 19,99° C);Abend;Wolkig;Nebraska;Winter;Kollision;Frogs, Switches and Track Appliances;Track, Roadbed and Structures;Güterzug, Lokomotive;7837.814912206293;Signifikant;False
1693;0386RG202;1986;3;3;19500.0;19500.0;0.0;19500.0;7;0;0;0;0;0;0;0;3.0;116;2;4;0;0;0;12821.889973591336;01;4;1;Depot;H017;61;Moderat (0° bis 19,99° C);Tag;Wolkig;Texas;Winter;Entgleisung;Brakes, Use of;Human Factors;Arbeitszug, Lokomotive;16540.84315887692;Nicht Signifikant;False
1694;038705113;1987;3;30;61500.0;61500.0;1000.0;60500.0;2;0;2;2;0;0;0;0;13.907829355595124;86;2;1;0;0;0;9815.092976929827;03;6;1;Hauptstrecke;H401;45;Moderat (0° bis 19,99° C);Tag;Wolkig;Virginia;Frühling;Kollision;Main Track Authority;Human Factors;EinzelneWagen, Güterzug;52167.27457799643;Schwer;True
1695;038708055;1987;3;4;250000.0;250000.0;0.0;250000.0;2;1;0;1;0;0;0;0;39.78707758321272;1;1;9;0;0;0;438.25643911840757;02;4;4;Hauptstrecke;H406;65;Moderat (0° bis 19,99° C);Tag;Klar;Alabama;Winter;Kollision;Main Track Authority;Human Factors;Arbeitszug, Güterzug;212062.0917804733;Signifikant;False
1696;0387AR201;1987;3;27;27500.0;27500.0;0.0;27500.0;2;0;0;0;0;0;0;0;4.5;88;1;42;0;0;0;9090.558410823218;04;7;1;Depot;H018;65;Moderat (0° bis 19,99° C);Tag;Klar;Arkansas;Frühling;Kollision;Brakes, Use of;Human Factors;Depot/Rangieren, EinzelneWagen;23326.830095852063;Nicht Signifikant;False
1697;0387ID201;1987;3;2;25500.0;25500.0;0.0;25500.0;7;0;0;0;0;0;0;0;3.0;21;1;51;0;0;0;4031.061824055322;04;1;1;Depot;H306;38;Moderat (0° bis 19,99° C);Tag;Klar;Wyoming;Winter;Kollision;General Switching Rules;Human Factors;Güterzug, Güterzug;21630.33336160828;Nicht Signifikant;False
1698;0387KA013;1987;3;5;126750.0;126750.0;12000.0;114750.0;4;0;0;3;0;0;0;0;4.949628046035187;36;2;90;0;0;6;6953.3224389370025;03;7;1;Depot;H306;70;Warm (20° bis 31,99° C);Tag;Klar;Missouri;Winter;Kollision;General Switching Rules;Human Factors;Depot/Rangieren, Lokomotive;107515.48053269996;Signifikant;False
1699;0387WY201;1987;3;6;46000.0;46000.0;0.0;46000.0;4;0;0;0;0;0;0;0;3.9542723449729715;0;0;0;0;0;0;69.7799471826711;04;8;2;Depot;H401;30;Kalt (-30° - 0,01° C);Abend;Klar;Wyoming;Winter;Kollision;Main Track Authority;Human Factors;Lokomotive, Lokomotive;39019.42488760709;Nicht Signifikant;False
1700;038805021;1988;3;5;8300.0;8300.0;300.0;8000.0;2;0;0;0;0;0;0;0;4.0;8;0;69;0;0;0;3080.6416479749396;04;7;1;Depot;H401;42;Moderat (0° bis 19,99° C);Abend;Wolkig;North Carolina;Winter;Kollision;Main Track Authority;Human Factors;Depot/Rangieren, Depot/Rangieren;7040.461447111714;Nicht Signifikant;False
1701;038821006;1988;3;13;18500.0;18500.0;0.0;18500.0;2;0;0;0;0;0;0;0;2.0;36;0;24;0;0;1;4897.241109919105;05;7;1;Depot;H306;30;Kalt (-30° - 0,01° C);Tag;Wolkig;Indiana;Winter;Kollision;General Switching Rules;Human Factors;Depot/Rangieren, Depot/Rangieren;15692.594791755026;Nicht Signifikant;False
1702;0388CW211;1988;3;25;76544.0;76544.0;2394.0;74150.0;3;0;0;0;0;0;0;0;3.9542723449729715;1;1;102;0;0;4;3384.0357736095934;04;6;1;Nebenstrecke;H307;20;Kalt (-30° - 0,01° C);Abend;Wolkig;Wyoming;Frühling;Kollision;General Switching Rules;Human Factors;EinzelneWagen, Güterzug;64928.323012978195;Nicht Signifikant;False
1703;0388LU205;1988;3;15;27300.0;27300.0;0.0;27300.0;3;0;0;0;0;0;0;0;7.5;66;0;49;0;0;2;8900.557910441466;01;7;1;Depot;M503;50;Moderat (0° bis 19,99° C);Abenddämmerung;Klar;Louisiana;Winter;Entgleisung;Other Miscellaneous;Miscellaneous Causes;Depot/Rangieren, Güterzug;23157.180422427686;Nicht Signifikant;False
1704;038901;2010;4;3;33401.0;33401.0;1128.0;32273.0;4;2;0;0;0;0;0;0;4.0;0;0;0;0;0;0;69.7799471826711;05;8;1;Depot;H307;70;Warm (20° bis 31,99° C);Tag;Klar;Alabama;Frühling;Kollision;General Switching Rules;Human Factors;Lokomotive, Lokomotive;24853.41389368415;Nicht Signifikant;False
1705;038903024;1989;3;11;48700.0;48700.0;1000.0;47700.0;1;0;0;0;0;0;0;0;5.0;14;4;15;0;0;3;2201.956311606591;04;7;1;Depot;M407;50;Moderat (0° bis 19,99° C);Abend;Klar;Kentucky;Winter;Kollision;Unusual Operational Situations;Miscellaneous Causes;Depot/Rangieren, EinzelneWagen;41309.6954788362;Nicht Signifikant;False
1706;038905034;1989;3;19;81750.0;81750.0;750.0;81000.0;4;0;0;0;0;0;0;0;7.0;93;7;37;0;0;0;2593.1481629878353;04;1;1;Depot;E13C;65;Moderat (0° bis 19,99° C);Tag;Klar;North Carolina;Winter;Kollision;Trailer or Container on Flatcar;Mechanical and Electrical Failures;Güterzug, Güterzug;69344.30401221478;Nicht Signifikant;False
1707;038923006;1989;3;3;15000.0;15000.0;1500.0;13500.0;5;2;0;0;0;0;0;0;5.5;118;7;32;0;0;0;11727.0;04;1;1;Nebenstrecke;T220;20;Kalt (-30° - 0,01° C);Tag;Schnee;Michigan;Winter;Kollision;Rail, Joint Bar and Rail Anchoring;Track, Roadbed and Structures;Güterzug, Güterzug;12723.7255068284;Nicht Signifikant;False
1708;038927038;1989;3;31;12450.0;12450.0;0.0;12450.0;1;0;0;0;0;0;0;0;4.0;81;2;37;0;0;0;10449.866593854806;01;7;1;Depot;T101;51;Moderat (0° bis 19,99° C);Abend;Wolkig;Kentucky;Frühling;Entgleisung;Track Geometry;Track, Roadbed and Structures;Depot/Rangieren, EinzelneWagen;10560.692170667571;Nicht Signifikant;False
1709;0389GR201;1989;3;3;51842.0;51842.0;0.0;51842.0;5;3;0;0;0;0;0;0;10.0;0;0;0;0;0;0;69.7799471826711;02;8;1;Depot;H602;26;Kalt (-30° - 0,01° C);Abenddämmerung;Schnee;Wyoming;Winter;Kollision;Speed;Human Factors;Lokomotive, Lokomotive;43974.89184833319;Nicht Signifikant;False
1710;0389GR205;1989;3;24;6055.0;6055.0;500.0;5555.0;3;0;0;0;0;0;0;0;2.958916643910756;65;1;0;0;0;0;7483.621582582286;04;7;1;Depot;H021;50;Moderat (0° bis 19,99° C);Tag;Klar;Wyoming;Frühling;Kollision;Brakes, Use of;Human Factors;Depot/Rangieren, Lokomotive;5136.143862923063;Nicht Signifikant;False
1711;0389NL201;1989;3;4;32750.0;32750.0;1750.0;31000.0;2;0;0;0;0;0;0;0;9.5;13;3;12;0;0;2;1975.7705808271467;04;7;X;Depot;M407;35;Moderat (0° bis 19,99° C);Tag;Regen;Arkansas;Winter;Kollision;Unusual Operational Situations;Miscellaneous Causes;Depot/Rangieren, EinzelneWagen;27780.134023242004;Nicht Signifikant;True
1712;0389RR212;1989;3;28;8500.0;8500.0;0.0;8500.0;2;0;0;0;0;0;0;0;2.958916643910756;0;0;17;0;0;0;587.3689207694742;04;7;1;Depot;H302;53;Moderat (0° bis 19,99° C);Abend;Klar;Texas;Frühling;Kollision;General Switching Rules;Human Factors;Depot/Rangieren, EinzelneWagen;7210.111120536093;Nicht Signifikant;False
1713;0389UT206;1989;3;7;6100.0;6100.0;200.0;5900.0;4;0;0;0;0;0;0;0;4.949628046035187;80;0;9;0;0;8;4609.189273463115;04;6;2;Depot;H306;35;Moderat (0° bis 19,99° C);Abend;Regen;Utah;Winter;Kollision;General Switching Rules;Human Factors;EinzelneWagen, Güterzug;5174.315039443549;Nicht Signifikant;False
1714;039001065;1990;3;28;16800.0;16800.0;0.0;16800.0;7;0;0;0;0;0;0;0;3.0;24;0;10;0;0;0;2406.0;04;7;1;Depot;H401;45;Moderat (0° bis 19,99° C);Morgendämmerung;Wolkig;Tennessee;Frühling;Kollision;Main Track Authority;Human Factors;Depot/Rangieren, Depot/Rangieren;14250.572567647807;Nicht Signifikant;False
1715;039003027;1990;3;11;11100.0;11100.0;100.0;11000.0;4;1;0;0;0;0;0;0;10.0;25;1;30;0;0;0;5328.256439118408;04;5;1;Depot;H603;59;Moderat (0° bis 19,99° C);Abend;Regen;Ohio;Winter;Kollision;Speed;Human Factors;EinzelneWagen, Güterzug;9415.556875053015;Nicht Signifikant;False
1716;039005077;1990;3;26;19000.0;19000.0;0.0;19000.0;2;0;0;0;0;0;0;0;5.0;49;0;15;0;0;0;6257.0;04;7;1;Depot;H401;73;Warm (20° bis 31,99° C);Tag;Klar;North Carolina;Frühling;Kollision;Main Track Authority;Human Factors;Depot/Rangieren, Depot/Rangieren;16116.718975315971;Nicht Signifikant;False
1717;039019;2010;4;19;40300.0;40300.0;300.0;40000.0;3;2;0;0;0;0;0;0;12.5;9;0;4;0;0;0;1215.3824087899511;04;7;1;Depot;H607;62;Moderat (0° bis 19,99° C);Tag;Klar;Kentucky;Frühling;Kollision;Speed;Human Factors;Depot/Rangieren, Güterzug;30002.97796307326;Nicht Signifikant;True
1718;039021058;1990;3;20;10500.0;10500.0;0.0;10500.0;0;0;0;0;0;0;0;0;2.0;2;0;0;0;0;0;297.294796241188;03;5;3;Hauptstrecke;H402;50;Moderat (0° bis 19,99° C);Tag;Klar;Illinois;Winter;Kollision;Main Track Authority;Human Factors;EinzelneWagen, EinzelneWagen;8906.607854779879;Nicht Signifikant;False
1719;039024;2010;4;20;182080.0;182080.0;4080.0;178000.0;9;0;0;0;0;0;0;0;29.549487983143337;217;4;77;0;0;6;30918.0;01;1;3;Hauptstrecke;E47C;60;Moderat (0° bis 19,99° C);Abenddämmerung;Regen;West Virginia;Frühling;Entgleisung;Truck Components;Mechanical and Electrical Failures;Güterzug, Güterzug, Güterzug;135014.08868456178;Nicht Signifikant;False
1720;039027051;1990;3;29;108000.0;108000.0;18000.0;90000.0;3;0;0;0;0;0;0;0;19.879963561968417;155;4;2;0;0;2;20098.742863252126;01;6;2;Hauptstrecke;T106;64;Moderat (0° bis 19,99° C);Tag;Klar;Kentucky;Frühling;Entgleisung;Track Geometry;Track, Roadbed and Structures;EinzelneWagen, Güterzug;91610.82364916446;Nicht Signifikant;False
1721;0390CA208;1990;3;15;25000.0;25000.0;0.0;25000.0;4;0;0;0;0;0;0;0;10.0;0;0;15;0;0;1;527.9561349669043;04;7;1;Depot;M199;65;Moderat (0° bis 19,99° C);Tag;Klar;Kalifornien;Winter;Kollision;Environmental Conditions;Environmental Conditions;Depot/Rangieren, Depot/Rangieren;21206.20917804733;Nicht Signifikant;False
1722;0390CA214;1990;3;25;30200.0;30200.0;0.0;30200.0;0;0;0;0;0;0;0;0;6.0;11;1;0;0;0;0;1340.7206580023278;04;6;1;Depot;H313;60;Moderat (0° bis 19,99° C);Tag;Klar;Kalifornien;Frühling;Kollision;General Switching Rules;Human Factors;EinzelneWagen, EinzelneWagen;25617.100687081176;Nicht Signifikant;False
1723;0390FW238;1990;3;27;27350.0;27350.0;500.0;26850.0;1;0;0;0;0;0;0;0;4.949628046035187;7;2;11;0;0;2;1243.170582442794;04;7;1;Depot;T110;45;Moderat (0° bis 19,99° C);Tag;Regen;Texas;Frühling;Kollision;Track Geometry;Track, Roadbed and Structures;Depot/Rangieren, EinzelneWagen;23199.592840783782;Nicht Signifikant;False
1724;0390FW247;1990;3;14;12995.0;12995.0;0.0;12995.0;2;0;0;0;0;0;0;0;3.9542723449729715;21;1;11;0;0;0;2813.2054156157856;04;7;1;Depot;H302;63;Moderat (0° bis 19,99° C);Tag;Klar;Texas;Winter;Kollision;General Switching Rules;Human Factors;Depot/Rangieren, EinzelneWagen;11022.987530749002;Nicht Signifikant;False
1725;0390KC206;1990;3;4;26205.0;26205.0;800.0;25405.0;3;0;0;0;0;0;0;0;3.0;74;0;96;0;0;4;11236.326337235441;01;1;1;Depot;H306;45;Moderat (0° bis 19,99° C);Tag;Klar;Missouri;Winter;Entgleisung;General Switching Rules;Human Factors;Güterzug, Güterzug;22228.348460429213;Nicht Signifikant;False
1726;0390LU207;1990;3;10;12725.0;12725.0;0.0;12725.0;1;0;0;0;0;0;0;0;2.5;10;1;9;0;0;1;1502.460959991372;04;7;1;Depot;H401;78;Warm (20° bis 31,99° C);Tag;Wolkig;Louisiana;Winter;Kollision;Main Track Authority;Human Factors;Depot/Rangieren, EinzelneWagen;10793.960471626091;Nicht Signifikant;False
1727;0390LU217;1990;3;24;7000.0;7000.0;0.0;7000.0;4;1;0;0;0;0;0;0;6.940339448159618;0;0;0;0;0;0;69.7799471826711;04;8;1;Depot;H299;65;Moderat (0° bis 19,99° C);Abend;Klar;Louisiana;Frühling;Kollision;Flagging, Fixed, Hand and Radio Signals;Human Factors;Lokomotive, Lokomotive;5937.738569853253;Nicht Signifikant;False
1728;0390NL211;1990;3;23;23000.0;23000.0;0.0;23000.0;4;0;0;0;0;0;0;0;4.949628046035187;8;0;8;0;0;0;1223.4106251046462;04;7;1;Depot;H602;50;Moderat (0° bis 19,99° C);Abend;Klar;Arkansas;Frühling;Kollision;Speed;Human Factors;Depot/Rangieren, EinzelneWagen;19509.712443803546;Nicht Signifikant;False
1729;0390RR002;1990;3;6;560692.0;560692.0;296305.0;264387.0;7;1;0;0;0;0;0;2;13.0;77;2;111;0;0;14;11967.0;04;1;2;Hauptstrecke;H702;60;Moderat (0° bis 19,99° C);Abend;Wolkig;Arkansas;Winter;Kollision;Switches, Use of;Human Factors;Güterzug, Güterzug;475606.0734583086;Signifikant;False
1730;039100;2010;5;2;13769.0;13769.0;11269.0;2500.0;4;0;0;0;0;0;0;0;5.0;0;0;170;0;0;5;5322.0;04;1;1;Depot;H306;62;Moderat (0° bis 19,99° C);Abend;Klar;Ohio;Frühling;Kollision;General Switching Rules;Human Factors;Güterzug, Güterzug;10380.990676283582;Nicht Signifikant;False
1731;039103001;1991;3;3;16075.0;16075.0;2500.0;13575.0;8;0;0;0;0;0;0;0;3.0;62;5;41;0;0;3;7463.742863252126;01;6;1;Nebenstrecke;H525;40;Moderat (0° bis 19,99° C);Tag;Wolkig;North Carolina;Winter;Entgleisung;Train Handling/Train Makeup;Human Factors;EinzelneWagen, Güterzug;13635.592501484434;Nicht Signifikant;False
1732;039122014;1991;3;13;1556100.0;1556100.0;200000.0;1356100.0;8;0;0;0;0;0;0;0;25.0;139;5;72;0;0;19;15589.0;01;1;3;Hauptstrecke;H503;30;Kalt (-30° - 0,01° C);Tag;Eisregen;Pennsylvania;Winter;Entgleisung;Train Handling/Train Makeup;Human Factors;Güterzug, Güterzug;1319959.284078378;Signifikant;False
1733;039127037;1991;3;20;90500.0;90500.0;600.0;89900.0;5;0;0;0;0;0;0;0;5.0;124;2;6;0;0;1;14399.077166691688;04;7;1;Depot;H702;65;Moderat (0° bis 19,99° C);Abenddämmerung;Wolkig;Virginia;Winter;Kollision;Switches, Use of;Human Factors;Depot/Rangieren, Depot/Rangieren;76766.47722453134;Nicht Signifikant;False
1734;0391GR001;1991;3;4;1445470.0;1445470.0;30000.0;1415467.0;7;3;0;2;0;0;0;0;34.81029907790165;170;35;25;0;0;0;21320.0;02;1;4;Hauptstrecke;H099;30;Kalt (-30° - 0,01° C);Tag;Wolkig;Wyoming;Winter;Kollision;Brakes, Use of;Human Factors;Güterzug, Güterzug;1226117.567223683;Signifikant;False
1735;0391ID204;1991;3;5;17500.0;17500.0;500.0;17000.0;4;0;0;0;0;0;0;0;9.926406551346263;0;0;56;0;0;4;1780.69905747565;01;7;1;Depot;H310;51;Moderat (0° bis 19,99° C);Abend;Wolkig;Idaho;Winter;Entgleisung;General Switching Rules;Human Factors;Depot/Rangieren, EinzelneWagen;14844.346424633131;Nicht Signifikant;False
1736;0391LU206;1991;3;20;12902.0;12902.0;0.0;12902.0;4;0;0;0;0;0;0;0;2.958916643910756;22;1;15;0;0;0;3048.7484809889975;04;7;1;Depot;H307;65;Moderat (0° bis 19,99° C);Abend;Klar;Louisiana;Winter;Kollision;General Switching Rules;Human Factors;Depot/Rangieren, Depot/Rangieren;10944.100432606667;Nicht Signifikant;False
1737;0391NL201;1991;3;1;19502.0;19502.0;0.0;19502.0;3;0;0;0;0;0;0;0;6.0;32;0;37;0;0;4;4842.454848403141;04;7;1;Depot;H702;60;Moderat (0° bis 19,99° C);Tag;Klar;Arkansas;Winter;Kollision;Switches, Use of;Human Factors;Depot/Rangieren, Depot/Rangieren;16542.539655611163;Nicht Signifikant;False
1738;0391RR901;1991;3;19;12500.0;12500.0;0.0;12500.0;4;0;0;0;0;0;0;0;2.958916643910756;17;0;2;0;0;1;980.0;04;7;1;Nebenstrecke;H307;70;Warm (20° bis 31,99° C);Tag;Klar;Arkansas;Winter;Kollision;General Switching Rules;Human Factors;Depot/Rangieren, Depot/Rangieren;10603.104589023666;Nicht Signifikant;False
1739;039223002;1992;3;2;14400.0;14400.0;100.0;14300.0;8;0;0;0;0;0;0;0;35.0;190;0;22;0;0;0;22500.257963885855;04;1;4;Hauptstrecke;M207;60;Moderat (0° bis 19,99° C);Abenddämmerung;Klar;Ohio;Winter;Kollision;Loading Procedures;Loading;Güterzug, Güterzug;12214.776486555264;Nicht Signifikant;False
1740;039227026;1992;3;20;26201.0;26201.0;200.0;26001.0;4;0;0;0;0;0;0;0;6.0;14;3;5;0;0;0;1873.4430646406727;04;7;1;Depot;H702;38;Moderat (0° bis 19,99° C);Tag;Klar;Ohio;Winter;Kollision;Switches, Use of;Human Factors;Depot/Rangieren, Depot/Rangieren;22224.955466960724;Nicht Signifikant;False
1741;039277;2010;5;28;21000.0;21000.0;1700.0;19300.0;2;0;0;0;0;0;0;0;7.935695149221832;15;4;23;0;0;0;2655.336383802324;01;5;1;Depot;T314;72;Warm (20° bis 31,99° C);Tag;Regen;Virginia;Frühling;Entgleisung;Frogs, Switches and Track Appliances;Track, Roadbed and Structures;EinzelneWagen, Güterzug;16957.36434108527;Nicht Signifikant;False