index;INCDTNO;YEAR4;MONTH;DAY;ACCDMG;INFRASTRUCTURE_DMG;TRKDMG;EQPDMG;LOCOMOTIVES1;LOCOMOTIVES2;RREMPKLD;RREMPINJ;PASSKLD;PASSINJ;OTHERKLD;OTHERINJ;SPEED;LOADF1;LOADF2;EMPTYF1;EMPTYP1;LOADP1;EMPTYF2;TONS;TYPE;TYPEQ;TRKCLAS;TYPTRK;ACCAUSE;TEMP;TEMP_CLUSTER;VISIBLTY;WEATHER;STATE;Jahreszeit;ACCIDENT_TYPE;ACCCAUSE_LVL1;ACCCAUSE_LVL2;EQUIPMENT_TYPE;ACCDMG_EUR;ACCTYPE;SPD_TOO_HIGH
1742;0392FR014;1992;3;25;6750.0;6750.0;0.0;6750.0;4;0;0;0;0;0;0;0;9.926406551346263;58;1;26;0;0;0;6641.313566894085;01;6;1;Depot;H302;50;Moderat (0° bis 19,99° C);Abend;Wolkig;Kalifornien;Frühling;Entgleisung;General Switching Rules;Human Factors;EinzelneWagen, Güterzug;5725.676478072779;Nicht Signifikant;False
1743;0392ID003;1992;3;10;16000.0;16000.0;0.0;16000.0;0;0;0;0;0;0;0;0;2.958916643910756;6;1;0;0;0;0;771.9335353560355;01;5;1;Depot;T403;51;Moderat (0° bis 19,99° C);Tag;Klar;Idaho;Winter;Entgleisung;Other Way and Structure;Track, Roadbed and Structures;EinzelneWagen, EinzelneWagen;13571.973873950292;Nicht Signifikant;False
1744;0392LU012;1992;3;9;15350.0;15350.0;0.0;15350.0;3;0;0;0;0;0;0;0;6.940339448159618;67;1;75;0;0;3;7405.598702332982;04;6;1;Depot;M599;65;Moderat (0° bis 19,99° C);Tag;Wolkig;Louisiana;Winter;Kollision;Other Miscellaneous;Miscellaneous Causes;EinzelneWagen, Güterzug;13020.612435321062;Nicht Signifikant;False
1745;0392NL001;1992;3;8;35262.0;35262.0;6700.0;28562.0;3;0;0;1;0;0;0;0;10.0;18;1;14;0;0;1;2564.752407280382;04;7;1;Depot;H305;65;Moderat (0° bis 19,99° C);Abend;Wolkig;Arkansas;Winter;Kollision;General Switching Rules;Human Factors;Depot/Rangieren, Lokomotive;29910.9339214522;Signifikant;False
1746;0392SL014;1992;3;26;72629.0;72629.0;57529.0;15100.0;3;0;0;0;0;0;0;0;1.9635609428485408;40;5;0;0;0;0;2934.256439118408;01;7;3;Depot;H599;38;Moderat (0° bis 19,99° C);Abend;Klar;Illinois;Frühling;Entgleisung;Train Handling/Train Makeup;Human Factors;Depot/Rangieren, EinzelneWagen;61607.430655695985;Nicht Signifikant;False
1747;0393CR032;1993;3;27;122138.0;122138.0;80488.0;41650.0;6;0;0;0;0;0;0;0;2.958916643910756;127;7;0;0;0;0;12784.82590798397;01;7;1;Hauptstrecke;H503;55;Moderat (0° bis 19,99° C);Tag;Klar;Oregon;Frühling;Entgleisung;Train Handling/Train Makeup;Human Factors;Depot/Rangieren, EinzelneWagen;103603.3590635338;Nicht Signifikant;False
1748;0393NE034;1993;3;21;7000.0;7000.0;2500.0;4500.0;4;0;0;0;0;0;0;0;3.9542723449729715;20;0;40;0;0;2;3910.0;01;4;3;Nebenstrecke;H210;40;Moderat (0° bis 19,99° C);Tag;Wolkig;Kansas;Frühling;Entgleisung;Flagging, Fixed, Hand and Radio Signals;Human Factors;Arbeitszug, Arbeitszug;5937.738569853253;Nicht Signifikant;False
1749;0393RR014;1993;3;19;50050.0;50050.0;0.0;50050.0;0;0;0;0;0;0;0;0;1.951414590464721;3;0;1;0;0;0;476.3886045727704;04;5;1;Depot;H099;50;Moderat (0° bis 19,99° C);Tag;Klar;Texas;Winter;Kollision;Brakes, Use of;Human Factors;EinzelneWagen, EinzelneWagen, EinzelneWagen;42454.830774450755;Nicht Signifikant;False
1750;039401019;1994;3;1;12108.0;12108.0;0.0;12108.0;0;0;0;0;0;0;0;0;10.0;1;1;1;0;0;1;235.07285754013844;04;6;1;Depot;S099;45;Moderat (0° bis 19,99° C);Abend;Klar;Georgia;Winter;Kollision;other software/programming deficiencies, etc.);Signal and Communication;EinzelneWagen, EinzelneWagen;10270.591229111884;Nicht Signifikant;False
1751;039407008;1994;3;18;24300.0;24300.0;0.0;24300.0;2;0;0;0;0;0;0;0;3.0;52;0;63;0;0;1;7041.096832225924;04;6;1;Depot;H702;50;Moderat (0° bis 19,99° C);Tag;Wolkig;Ohio;Winter;Kollision;Switches, Use of;Human Factors;EinzelneWagen, Güterzug;20612.435321062007;Nicht Signifikant;False
1752;039422004;1994;3;5;9900.0;9900.0;0.0;9900.0;2;0;0;0;0;0;0;0;2.958916643910756;21;3;0;0;0;0;1425.2564391184076;03;5;1;Industriestrecke;H306;40;Moderat (0° bis 19,99° C);Tag;Klar;Maryland;Winter;Kollision;General Switching Rules;Human Factors;EinzelneWagen, Güterzug;8397.658834506743;Nicht Signifikant;False
1753;0394ST005;1994;3;27;7000.0;7000.0;200.0;6800.0;6;0;0;0;0;0;0;0;2.5;37;1;66;0;0;3;6102.0;01;1;1;Depot;H306;55;Moderat (0° bis 19,99° C);Abend;Regen;Louisiana;Frühling;Entgleisung;General Switching Rules;Human Factors;Güterzug, Güterzug;5937.738569853253;Nicht Signifikant;False
1754;0394VB028;1994;3;27;75600.0;75600.0;3000.0;72600.0;3;0;0;0;0;0;0;0;2.958916643910756;12;4;4;0;0;1;1258.647398120594;01;5;1;Hauptstrecke;H312;41;Moderat (0° bis 19,99° C);Abend;Klar;Oklahoma;Frühling;Entgleisung;General Switching Rules;Human Factors;EinzelneWagen, Güterzug;64127.57655441513;Nicht Signifikant;False
1755;039506012;1995;3;25;9900.0;9900.0;1000.0;8900.0;1;1;0;0;0;0;0;0;5.0;4;0;59;0;0;2;3574.705312552323;01;7;1;Depot;H301;70;Warm (20° bis 31,99° C);Abend;Klar;Florida;Frühling;Entgleisung;General Switching Rules;Human Factors;Depot/Rangieren, EinzelneWagen;8397.658834506743;Nicht Signifikant;False
1756;0395WT006;1995;3;16;12100.0;12100.0;10000.0;2100.0;2;0;0;0;0;0;0;0;9.926406551346263;20;0;178;0;0;2;7893.209455956108;01;7;1;Depot;H704;37;Moderat (0° bis 19,99° C);Abend;Klar;Idaho;Winter;Entgleisung;Switches, Use of;Human Factors;Depot/Rangieren, EinzelneWagen;10263.805242174909;Nicht Signifikant;False
1757;039601002;1996;3;8;35000.0;35000.0;0.0;35000.0;2;0;0;1;0;0;0;0;10.0;2;0;1;0;0;0;327.74120645217647;02;7;1;Depot;H305;25;Kalt (-30° - 0,01° C);Tag;Klar;Georgia;Winter;Kollision;General Switching Rules;Human Factors;Depot/Rangieren, Depot/Rangieren;29688.692849266263;Signifikant;False
1758;039607017;1996;3;9;26692.0;26692.0;100.0;26592.0;2;0;0;0;0;0;0;0;8.0;12;2;6;0;0;3;1661.205688653551;04;7;1;Depot;H306;50;Moderat (0° bis 19,99° C);Abenddämmerung;Klar;Ohio;Winter;Kollision;General Switching Rules;Human Factors;Depot/Rangieren, EinzelneWagen;22641.445415217575;Nicht Signifikant;False
1759;039608003;1996;3;6;20650.0;20650.0;300.0;20350.0;2;0;0;0;0;0;0;0;2.0;49;2;8;0;0;5;5934.083285896905;04;7;1;Depot;T101;60;Moderat (0° bis 19,99° C);Abend;Wolkig;Alabama;Winter;Kollision;Track Geometry;Track, Roadbed and Structures;Depot/Rangieren, Depot/Rangieren;17516.328781067095;Nicht Signifikant;False
1760;0396CE034;1996;3;23;24363.0;24363.0;0.0;24363.0;6;0;0;0;0;0;0;0;49.0;104;0;0;0;0;0;9110.0;09;1;5;Hauptstrecke;E11C;30;Kalt (-30° - 0,01° C);Abend;Klar;Nebraska;Frühling;Kollision;Trailer or Container on Flatcar;Mechanical and Electrical Failures;Güterzug, Güterzug;20665.874968190685;Nicht Signifikant;False
1761;0396LK003;1996;3;16;58750.0;58750.0;1750.0;57000.0;4;1;0;0;0;0;0;0;4.5;19;0;7;0;6;2;2698.2986461778164;04;7;1;Depot;H702;50;Moderat (0° bis 19,99° C);Abend;Klar;Arkansas;Winter;Kollision;Switches, Use of;Human Factors;Depot/Rangieren, Depot/Rangieren;49834.591568411226;Nicht Signifikant;False
1762;0396PC023;1996;3;22;18000.0;18000.0;0.0;18000.0;4;2;0;1;0;0;0;0;7.935695149221832;0;0;0;0;0;0;69.7799471826711;04;8;1;Depot;H306;42;Moderat (0° bis 19,99° C);Morgendämmerung;Regen;Oregon;Frühling;Kollision;General Switching Rules;Human Factors;Lokomotive, Lokomotive;15268.470608194079;Signifikant;False
1763;039705036;1997;3;31;52152.0;52152.0;1000.0;51152.0;1;0;0;0;0;0;0;0;1.0;15;0;1;0;0;0;1806.5877253325366;04;6;1;Hauptstrecke;H020;30;Kalt (-30° - 0,01° C);Abend;Klar;Virginia;Frühling;Kollision;Brakes, Use of;Human Factors;EinzelneWagen, Güterzug;44237.84884214098;Nicht Signifikant;False
1764;039707025;1997;3;16;53459.0;53459.0;0.0;53459.0;3;0;0;0;0;0;0;0;3.0;11;0;19;0;0;0;1899.5934110132944;04;7;1;Depot;H306;50;Moderat (0° bis 19,99° C);Tag;Klar;Ohio;Winter;Kollision;General Switching Rules;Human Factors;Depot/Rangieren, Depot/Rangieren;45346.50945796929;Nicht Signifikant;False
1765;039723007;1997;3;12;80575.0;80575.0;575.0;80000.0;3;1;0;0;0;0;0;0;2.0;23;0;17;0;0;0;3203.789684942419;04;7;1;Depot;H401;37;Moderat (0° bis 19,99° C);Abend;Wolkig;Michigan;Winter;Kollision;Main Track Authority;Human Factors;Depot/Rangieren, Depot/Rangieren;68347.61218084655;Nicht Signifikant;False
1766;039723015;1997;3;21;14069.0;14069.0;0.0;14069.0;2;0;0;0;0;0;0;0;5.0;8;0;6;0;0;0;1298.647398120594;04;1;1;Industriestrecke;H020;25;Kalt (-30° - 0,01° C);Abend;Schnee;Michigan;Frühling;Kollision;Brakes, Use of;Human Factors;Güterzug, Güterzug;11934.006277037915;Nicht Signifikant;False
1767;039736;2010;7;28;56200.0;56200.0;1200.0;55000.0;2;1;0;0;0;0;0;0;2.5;46;1;29;0;0;0;6205.176412645038;05;7;1;Depot;H607;90;Heiß (>= 32° C);Tag;Wolkig;Illinois;Sommer;Kollision;Speed;Human Factors;Depot/Rangieren, Depot/Rangieren;43257.38916256158;Nicht Signifikant;False
1768;0397FW006;1997;3;4;22956.0;22956.0;5500.0;17456.0;4;0;0;0;0;0;0;0;3.0;82;3;53;0;0;0;11265.711800433091;01;7;1;Depot;H020;75;Warm (20° bis 31,99° C);Abend;Wolkig;Texas;Winter;Entgleisung;Brakes, Use of;Human Factors;Depot/Rangieren, Depot/Rangieren;19472.389515650182;Nicht Signifikant;False
1769;0397HO014;1997;3;21;14000.0;14000.0;0.0;14000.0;4;0;0;0;0;0;0;0;2.5;14;0;57;0;0;0;5139.889973591336;05;1;1;Depot;H306;76;Warm (20° bis 31,99° C);Tag;Klar;Texas;Frühling;Kollision;General Switching Rules;Human Factors;Güterzug, Lokomotive;11875.477139706505;Nicht Signifikant;False
1770;0397HO018;1997;3;4;42426.0;42426.0;0.0;27426.0;1;0;0;0;0;0;0;0;9.926406551346263;9;2;0;0;0;0;1056.6526027625137;09;6;1;Industriestrecke;M402;68;Warm (20° bis 31,99° C);Tag;Wolkig;Texas;Winter;Kollision;Unusual Operational Situations;Miscellaneous Causes;EinzelneWagen, Güterzug;35987.78522351344;Nicht Signifikant;False
1771;0397PR002;1997;3;1;251332.0;251332.0;66000.0;185332.0;7;0;0;3;0;0;0;0;11.917117953470694;97;4;11;0;0;3;9410.0;01;1;2;Hauptstrecke;H605;42;Moderat (0° bis 19,99° C);Tag;Nebel;Illinois;Winter;Entgleisung;Speed;Human Factors;Güterzug, Güterzug;213191.95860547968;Signifikant;False
1772;0397WH001;1997;3;2;25400.0;25400.0;0.0;25400.0;4;0;0;0;0;0;0;0;19.879963561968417;150;0;35;0;0;0;20560.0;04;1;1;Nebenstrecke;H510;32;Moderat (0° bis 19,99° C);Abend;Klar;Kansas;Winter;Kollision;Train Handling/Train Makeup;Human Factors;Güterzug, Güterzug;21545.50852489609;Nicht Signifikant;True
1773;039821031;1998;3;7;8073.0;;;;0;0;0;0;0;0;0;0;69.29549723015838;0;0;0;0;0;0;69.7799471826711;07;;5;Hauptstrecke;M302;25;Kalt (-30° - 0,01° C);Tag;Wolkig;Indiana;Winter;Bahnübergang;Loading Procedures;Loading;NaN, NaN;6847.909067775045;Nicht Signifikant;
1774;039823;1998;3;24;20930.0;20930.0;1611.0;19319.0;3;0;0;0;0;0;0;0;2.958916643910756;15;0;105;0;0;2;7543.0;04;1;4;Hauptstrecke;H702;25;Kalt (-30° - 0,01° C);Abend;Klar;Indiana;Frühling;Kollision;Switches, Use of;Human Factors;Güterzug, Güterzug;17753.838323861226;Nicht Signifikant;False
1775;0398HO008;1998;3;22;72881.0;72881.0;5000.0;67881.0;4;0;0;0;0;0;0;0;2.958916643910756;30;3;24;0;0;9;3559.2665143435843;01;7;1;Depot;H702;48;Moderat (0° bis 19,99° C);Abend;Klar;Texas;Frühling;Entgleisung;Switches, Use of;Human Factors;Depot/Rangieren, EinzelneWagen;61821.1892442107;Nicht Signifikant;False
1776;0398WH007;1998;3;23;154190.0;154190.0;6000.0;148190.0;6;1;0;0;0;0;0;0;13.0;113;2;41;0;0;6;10799.0;08;1;1;Hauptstrecke;E03C;52;Moderat (0° bis 19,99° C);Tag;Klar;Kansas;Frühling;Bahnübergang;Brakes;Mechanical and Electrical Failures;Güterzug, Güterzug;130791.41572652472;Nicht Signifikant;True
1777;039929016;1999;3;30;62333.0;62333.0;200.0;62133.0;3;0;0;0;0;0;0;0;5.0;38;2;10;0;0;0;4736.2442634000045;03;7;1;Depot;H305;38;Moderat (0° bis 19,99° C);Abend;Klar;Illinois;Frühling;Kollision;General Switching Rules;Human Factors;Depot/Rangieren, Depot/Rangieren;58195.31322939035;Nicht Signifikant;False
1778;039974;2010;8;28;55600.0;55600.0;15000.0;40600.0;2;0;0;0;0;0;0;0;8.931050850284048;34;2;49;0;0;6;6033.035773609594;01;6;1;Nebenstrecke;E06C;93;Heiß (>= 32° C);Tag;Wolkig;Tennessee;Sommer;Entgleisung;Brakes;Mechanical and Electrical Failures;EinzelneWagen, Güterzug;43749.67213974715;Nicht Signifikant;False
1779;0399DV014;1999;3;18;53100.0;53100.0;3000.0;50100.0;3;0;0;0;0;0;0;0;3.9542723449729715;41;0;21;0;0;0;5711.889973591336;04;7;1;Depot;H605;50;Moderat (0° bis 19,99° C);Tag;Klar;Colorado;Winter;Kollision;Speed;Human Factors;Depot/Rangieren, Lokomotive;48220.12350163458;Nicht Signifikant;False
1780;0399HO012;1999;3;12;72566.0;72566.0;0.0;72566.0;6;0;0;0;0;0;0;0;7.0;70;2;23;0;0;2;9803.0;04;7;1;Depot;H021;68;Warm (20° bis 31,99° C);Abend;Regen;Texas;Winter;Kollision;Brakes, Use of;Human Factors;Depot/Rangieren, Güterzug;66379.43651664838;Nicht Signifikant;False
1781;0399HO017;1999;3;17;12963.0;12963.0;100.0;12863.0;3;0;0;0;0;0;0;0;2.958916643910756;10;5;46;0;0;1;4580.0;01;7;1;Depot;H018;70;Warm (20° bis 31,99° C);Tag;Wolkig;Texas;Winter;Entgleisung;Brakes, Use of;Human Factors;Depot/Rangieren, EinzelneWagen;11821.083348531825;Nicht Signifikant;False
1782;0399PD033;1999;3;20;111655.0;111655.0;44162.0;37493.0;0;0;0;0;0;0;0;0;7.871390298443665;54;0;71;0;0;2;9899.0;01;6;1;Depot;T202;48;Moderat (0° bis 19,99° C);Abenddämmerung;Wolkig;Oregon;Winter;Entgleisung;Rail, Joint Bar and Rail Anchoring;Track, Roadbed and Structures;EinzelneWagen, EinzelneWagen;102454.57882180216;Nicht Signifikant;False
1783;0399PD034;1999;3;23;16680.0;16680.0;1000.0;15680.0;2;0;0;0;0;0;0;0;3.5;67;2;11;0;0;1;6789.0;04;7;1;Depot;H306;56;Moderat (0° bis 19,99° C);Tag;Klar;Oregon;Frühling;Kollision;General Switching Rules;Human Factors;Depot/Rangieren, Depot/Rangieren;15308.370044052865;Nicht Signifikant;False
1784;0399SA006;1999;3;13;39808.0;39808.0;20000.0;19808.0;4;0;0;0;0;0;0;0;4.5;89;1;17;0;0;3;8820.0;04;7;1;Depot;H306;55;Moderat (0° bis 19,99° C);Abend;Klar;Texas;Winter;Kollision;General Switching Rules;Human Factors;Depot/Rangieren, Depot/Rangieren;36395.331118763905;Nicht Signifikant;False
1785;04;1990;11;6;28000.0;28000.0;1000.0;27000.0;3;0;0;0;0;0;0;0;9.5;1;0;56;0;0;5;1969.0;04;7;3;Depot;S012;65;Moderat (0° bis 19,99° C);Tag;Klar;Oklahoma;Herbst;Kollision;SIGNAL AND COMMUNICATION;Signal and Communication;Depot/Rangieren, Güterzug;23750.95427941301;Nicht Signifikant;False
1786;040001033;2000;4;22;54794.0;54794.0;0.0;54794.0;3;0;0;0;0;0;0;0;3.0;67;1;5;0;0;0;6850.0;05;1;1;Industriestrecke;H210;76;Warm (20° bis 31,99° C);Tag;Klar;Georgia;Frühling;Kollision;Flagging, Fixed, Hand and Radio Signals;Human Factors;Güterzug, Güterzug;58625.78104938799;Nicht Signifikant;False
1787;0400ET021;2000;4;20;23739.0;23739.0;500.0;23239.0;4;0;0;0;0;0;0;0;3.9542723449729715;14;1;13;0;0;3;1807.0;04;7;1;Depot;H305;80;Warm (20° bis 31,99° C);Tag;Klar;Arkansas;Frühling;Kollision;General Switching Rules;Human Factors;Depot/Rangieren, Depot/Rangieren;25318.899317406143;Nicht Signifikant;False
1788;0400UT004;2000;4;1;8752.0;8752.0;3000.0;5752.0;2;0;0;0;0;0;0;0;2.958916643910756;46;1;1;0;0;1;3720.0;04;7;1;Depot;H306;30;Kalt (-30° - 0,01° C);Abend;Klar;Utah;Frühling;Kollision;General Switching Rules;Human Factors;Depot/Rangieren, Depot/Rangieren;9158.004883153122;Nicht Signifikant;False
1789;040105;2010;9;14;15600.0;15600.0;600.0;15000.0;1;0;0;0;0;0;0;0;4.949628046035187;8;0;15;0;0;1;1438.0155312009722;04;7;1;Depot;H306;70;Warm (20° bis 31,99° C);Abend;Klar;Indiana;Sommer;Kollision;General Switching Rules;Human Factors;Depot/Rangieren, EinzelneWagen;12140.077821011673;Nicht Signifikant;False
1790;040107024;2001;4;16;43617.0;43617.0;0.0;43617.0;4;0;0;0;0;0;0;0;3.0;3;0;0;0;0;0;411.05222077044647;04;7;1;Depot;H401;40;Moderat (0° bis 19,99° C);Abend;Klar;Kentucky;Frühling;Kollision;Main Track Authority;Human Factors;Depot/Rangieren, Depot/Rangieren;49550.13291527503;Nicht Signifikant;False
1791;040112013;2001;4;24;22660.0;22660.0;1000.0;21660.0;0;0;0;0;0;0;0;0;4.0;2;2;0;0;0;0;268.25643911840757;01;5;1;Depot;H312;83;Warm (20° bis 31,99° C);Tag;Klar;Florida;Frühling;Entgleisung;General Switching Rules;Human Factors;EinzelneWagen, EinzelneWagen;25253.53839295665;Nicht Signifikant;False
1792;040121003;2004;1;21;12927.0;12927.0;0.0;12927.0;3;0;0;0;0;0;0;0;19.879963561968417;14;0;75;0;0;2;4428.0;03;6;2;Nebenstrecke;H605;35;Moderat (0° bis 19,99° C);Abend;Klar;Louisiana;Winter;Kollision;Speed;Human Factors;EinzelneWagen, Güterzug;10253.827238835569;Nicht Signifikant;False
1793;040122011;2001;4;17;12003.0;12003.0;0.0;12003.0;1;0;0;0;0;0;0;0;5.0;0;0;1;0;0;0;100.22635739365951;04;5;1;Depot;H302;56;Moderat (0° bis 19,99° C);Tag;Wolkig;Maryland;Frühling;Kollision;General Switching Rules;Human Factors;EinzelneWagen, Lokomotive;13653.736776248435;Nicht Signifikant;False
1794;040128014;2001;4;24;18754.0;18754.0;0.0;18754.0;1;1;0;0;0;0;0;0;5.0;8;0;1;0;0;0;1672.4048226498526;04;6;1;Industriestrecke;H499;60;Moderat (0° bis 19,99° C);Tag;Klar;West Virginia;Frühling;Kollision;Main Track Authority;Human Factors;EinzelneWagen, Güterzug;20900.47921542405;Nicht Signifikant;False
1795;040129022;2001;4;28;13865.0;13865.0;500.0;13365.0;5;0;0;0;0;0;0;0;3.0;0;0;4;0;0;4;160.66930808252147;04;6;1;Depot;H306;45;Moderat (0° bis 19,99° C);Abend;Klar;Illinois;Frühling;Kollision;General Switching Rules;Human Factors;EinzelneWagen, Güterzug;15450.189436148878;Nicht Signifikant;False
1796;040130011;2001;4;13;73270.0;73270.0;9662.0;63608.0;1;0;0;0;0;0;0;0;5.0;7;4;2;0;0;2;1008.3709725395254;04;7;1;Depot;M407;39;Moderat (0° bis 19,99° C);Tag;Klar;New York;Frühling;Kollision;Unusual Operational Situations;Miscellaneous Causes;Depot/Rangieren, EinzelneWagen;82909.00038472853;Nicht Signifikant;False
1797;040130012;2001;4;2;11082.0;11082.0;0.0;11082.0;3;0;0;0;0;0;0;0;5.0;24;2;95;0;0;5;5658.750346399051;04;7;1;Depot;H702;39;Moderat (0° bis 19,99° C);Abenddämmerung;Klar;New York;Frühling;Kollision;Switches, Use of;Human Factors;Depot/Rangieren, Güterzug;12633.378932968537;Nicht Signifikant;False
1798;040194;1994;4;1;12742.0;12742.0;92.0;12650.0;5;0;0;0;0;0;0;0;0.0;40;2;24;0;0;0;4562.404822649853;05;7;1;Depot;H306;50;Moderat (0° bis 19,99° C);Abend;Klar;Illinois;Frühling;Kollision;General Switching Rules;Human Factors;Depot/Rangieren, Depot/Rangieren;10808.380693867164;Nicht Signifikant;False
1799;0401CB036;2001;4;22;3023370.0;3023370.0;1221430.0;1801941.0;7;1;0;0;0;0;0;0;66.66168151189254;100;53;0;0;0;0;6659.889973591336;01;1;5;Hauptstrecke;T211;61;Moderat (0° bis 19,99° C);Abend;Wolkig;Nebraska;Frühling;Entgleisung;Rail, Joint Bar and Rail Anchoring;Track, Roadbed and Structures;Güterzug, Lokomotive;3360171.155484755;Schwer;False
1800;0401DV007;2001;4;15;169011.0;169011.0;137023.0;31988.0;9;0;0;0;0;0;0;0;9.926406551346263;121;0;42;0;0;3;15764.0;04;7;1;Depot;H306;40;Moderat (0° bis 19,99° C);Abend;Klar;Colorado;Frühling;Kollision;General Switching Rules;Human Factors;Depot/Rangieren, Güterzug;191748.54212520705;Signifikant;False
1801;0401LV014;2001;4;17;8780.0;8780.0;2000.0;6780.0;1;0;0;0;0;0;0;0;3.9542723449729715;51;2;0;0;0;0;4300.0;01;7;1;Depot;M503;55;Moderat (0° bis 19,99° C);Abend;Klar;Louisiana;Frühling;Entgleisung;Other Miscellaneous;Miscellaneous Causes;Depot/Rangieren, EinzelneWagen;9987.487202821067;Nicht Signifikant;False
1802;0401LV020;2001;4;21;25694.0;25694.0;8693.0;17001.0;2;0;0;0;0;0;0;0;7.935695149221832;30;3;2;0;0;2;3445.0;01;7;1;Depot;T314;74;Warm (20° bis 31,99° C);Tag;Wolkig;Louisiana;Frühling;Entgleisung;Frogs, Switches and Track Appliances;Track, Roadbed and Structures;Depot/Rangieren, EinzelneWagen;28570.0518902891;Nicht Signifikant;False
1803;0401NP008;2001;4;8;30952.0;30952.0;5700.0;25252.0;4;2;0;0;0;0;0;0;4.0;56;1;27;0;0;3;7193.0;04;1;2;Depot;H305;48;Moderat (0° bis 19,99° C);Tag;Klar;Nebraska;Frühling;Kollision;General Switching Rules;Human Factors;Güterzug, Güterzug;34421.70818505338;Nicht Signifikant;False
1804;0401NP009;2001;4;16;41836.0;41836.0;250.0;41586.0;4;0;0;0;0;0;0;0;4.0;29;0;33;0;0;3;5487.0;04;1;2;Depot;H702;38;Moderat (0° bis 19,99° C);Tag;Klar;Nebraska;Frühling;Kollision;Switches, Use of;Human Factors;Güterzug, Güterzug;47526.86706200441;Nicht Signifikant;False
1805;040201038;2002;4;19;40123.0;40123.0;0.0;40123.0;2;0;0;0;0;0;0;0;5.0;18;0;0;0;0;0;1862.4048226498526;05;6;1;Depot;H302;80;Warm (20° bis 31,99° C);Tag;Klar;Georgia;Frühling;Kollision;General Switching Rules;Human Factors;EinzelneWagen, Güterzug;45153.04974116588;Nicht Signifikant;False
1806;040227009;2002;4;16;377697.0;377697.0;40768.0;336929.0;2;0;0;0;0;0;0;0;27.0;106;11;86;0;0;3;16823.72135559456;04;6;3;Hauptstrecke;T109;88;Warm (20° bis 31,99° C);Tag;Klar;West Virginia;Frühling;Kollision;Track Geometry;Track, Roadbed and Structures;EinzelneWagen, Güterzug;429054.8676587527;Signifikant;False
1807;0402KC010;2002;4;14;82200.0;82200.0;19861.0;62339.0;4;1;0;2;0;0;0;0;5.0;37;2;10;0;0;0;4801.889973591336;04;7;1;Depot;H702;58;Moderat (0° bis 19,99° C);Abend;Klar;Missouri;Frühling;Kollision;Switches, Use of;Human Factors;Depot/Rangieren, Lokomotive;93384.3299125232;Signifikant;False
1808;0402PD017;2002;4;13;33289.0;33289.0;0.0;33289.0;3;0;0;0;0;0;0;0;4.949628046035187;28;0;27;0;0;0;4665.0;04;7;1;Depot;H302;60;Moderat (0° bis 19,99° C);Abend;Wolkig;Oregon;Frühling;Kollision;General Switching Rules;Human Factors;Depot/Rangieren, EinzelneWagen;37816.94940926992;Nicht Signifikant;False
1809;0402SA021;2002;4;26;25349.0;25349.0;200.0;25149.0;4;0;0;0;0;0;0;0;4.0;40;0;24;0;0;0;3908.0068909291067;04;7;1;Depot;H020;85;Warm (20° bis 31,99° C);Tag;Wolkig;Texas;Frühling;Kollision;Brakes, Use of;Human Factors;Depot/Rangieren, Depot/Rangieren;28256.604614870135;Nicht Signifikant;False
1810;0402TS001;2002;4;4;47206.0;47206.0;23314.0;23892.0;2;0;0;0;0;0;0;0;3.9542723449729715;39;5;4;0;0;0;5163.675614435289;01;7;1;Depot;T220;55;Moderat (0° bis 19,99° C);Abend;Klar;Arizona;Frühling;Entgleisung;Rail, Joint Bar and Rail Anchoring;Track, Roadbed and Structures;Depot/Rangieren, EinzelneWagen;53533.681106826945;Nicht Signifikant;False
1811;0403;2004;5;5;9500.0;9500.0;1000.0;8500.0;1;0;0;0;0;0;0;0;1.0;0;0;0;5;0;0;164.87803585264237;05;6;1;Depot;H018;80;Warm (20° bis 31,99° C);Tag;Klar;Nebraska;Frühling;Kollision;Brakes, Use of;Human Factors;EinzelneWagen, Personenzug;7834.405409863105;Nicht Signifikant;False
1812;040389;2010;10;23;30460.0;30460.0;0.0;30460.0;3;0;0;0;0;0;0;0;3.5;50;1;61;0;0;0;7634.491237513702;01;7;1;Depot;H317;64;Moderat (0° bis 19,99° C);Abend;Klar;Indiana;Herbst;Entgleisung;General Switching Rules;Human Factors;Depot/Rangieren, Depot/Rangieren;21809.589727678467;Nicht Signifikant;False
1813;0403CB005;2003;4;4;15482.0;15482.0;3000.0;12482.0;1;1;0;0;0;0;0;0;3.5;19;2;0;0;0;0;2375.439725408806;01;7;1;Depot;H020;40;Moderat (0° bis 19,99° C);Tag;Regen;Iowa;Frühling;Entgleisung;Brakes, Use of;Human Factors;Depot/Rangieren, EinzelneWagen;14442.164179104477;Nicht Signifikant;False
1814;0403HO013;2003;4;18;27895.0;27895.0;0.0;27895.0;2;0;0;0;0;0;0;0;4.949628046035187;0;0;72;0;0;7;3098.742863252126;01;7;1;Depot;H702;60;Moderat (0° bis 19,99° C);Abend;Wolkig;Texas;Frühling;Entgleisung;Switches, Use of;Human Factors;Depot/Rangieren, EinzelneWagen;25521.033466908197;Nicht Signifikant;False
1815;0403LV004;2003;4;7;97550.0;97550.0;0.0;97550.0;4;0;0;0;0;0;0;0;3.9542723449729715;74;2;129;0;0;5;12757.0;04;7;1;Depot;H306;70;Warm (20° bis 31,99° C);Tag;Klar;Louisiana;Frühling;Kollision;General Switching Rules;Human Factors;Depot/Rangieren, Depot/Rangieren;92184.84218484219;Nicht Signifikant;False