index;INCDTNO;YEAR4;MONTH;DAY;ACCDMG;INFRASTRUCTURE_DMG;TRKDMG;EQPDMG;LOCOMOTIVES1;LOCOMOTIVES2;RREMPKLD;RREMPINJ;PASSKLD;PASSINJ;OTHERKLD;OTHERINJ;SPEED;LOADF1;LOADF2;EMPTYF1;EMPTYP1;LOADP1;EMPTYF2;TONS;TYPE;TYPEQ;TRKCLAS;TYPTRK;ACCAUSE;TEMP;TEMP_CLUSTER;VISIBLTY;WEATHER;STATE;Jahreszeit;ACCIDENT_TYPE;ACCCAUSE_LVL1;ACCCAUSE_LVL2;EQUIPMENT_TYPE;ACCDMG_EUR;ACCTYPE;SPD_TOO_HIGH
1816;0403NS004;2003;4;9;68584.0;68584.0;0.0;68584.0;2;0;0;0;0;0;0;0;21.870674964092846;0;0;0;0;0;0;69.7799471826711;03;8;2;Depot;H399;50;Moderat (0° bis 19,99° C);Abend;Klar;Nebraska;Frühling;Kollision;General Switching Rules;Human Factors;Lokomotive, Lokomotive;63846.58350400298;Nicht Signifikant;False
1817;0403PR008;2003;4;7;20208.0;20208.0;300.0;19908.0;5;0;0;0;0;0;0;0;3.9542723449729715;0;0;133;0;0;2;2908.8899735913355;04;1;1;Depot;H101;40;Moderat (0° bis 19,99° C);Abend;Wolkig;Illinois;Frühling;Kollision;Employee Physical Condition;Human Factors;Güterzug, Lokomotive;19096.579096579095;Nicht Signifikant;False
1818;0403RS014;2003;4;15;72592.0;72592.0;23145.0;49447.0;3;1;0;0;0;0;0;0;6.940339448159618;23;3;0;0;0;0;2605.8899735913355;01;7;2;Depot;H306;39;Moderat (0° bis 19,99° C);Abend;Klar;Kalifornien;Frühling;Entgleisung;General Switching Rules;Human Factors;Depot/Rangieren, Lokomotive;67314.54005934719;Nicht Signifikant;False
1819;0403RS015;2003;4;14;18812.0;18812.0;0.0;18812.0;3;0;0;0;0;0;0;0;4.0;49;2;6;0;0;0;6395.0;04;7;1;Depot;H306;50;Moderat (0° bis 19,99° C);Tag;Klar;Kalifornien;Frühling;Kollision;General Switching Rules;Human Factors;Depot/Rangieren, Depot/Rangieren;17520.72273446959;Nicht Signifikant;False
1820;0403UT010;2003;4;17;29168.0;29168.0;5872.0;23296.0;4;0;0;0;0;0;0;0;6.940339448159618;65;1;30;0;0;3;8240.889973591336;01;7;1;Depot;E40C;53;Moderat (0° bis 19,99° C);Morgendämmerung;Wolkig;Utah;Frühling;Entgleisung;Truck Components;Mechanical and Electrical Failures;Depot/Rangieren, Lokomotive;26710.62271062271;Nicht Signifikant;False
1821;0403WH002;2003;4;5;39745.0;39745.0;0.0;39745.0;5;0;0;0;0;0;0;0;3.9542723449729715;63;0;181;0;0;2;25230.0;04;7;2;Hauptstrecke;H306;61;Moderat (0° bis 19,99° C);Tag;Wolkig;Kansas;Frühling;Kollision;General Switching Rules;Human Factors;Depot/Rangieren, Güterzug;37235.338204984066;Nicht Signifikant;False
1822;040407002;2004;4;7;10075.0;10075.0;75.0;10000.0;3;0;0;0;0;0;0;0;5.0;32;0;12;0;0;0;4194.0;04;5;1;Depot;H022;50;Moderat (0° bis 19,99° C);Morgendämmerung;Wolkig;Louisiana;Frühling;Kollision;Brakes, Use of;Human Factors;EinzelneWagen, Güterzug;8325.758201801504;Nicht Signifikant;False
1823;040415;2010;10;27;28550.0;28550.0;700.0;27850.0;1;0;0;0;0;0;0;0;0.9682052417863254;30;3;16;0;0;4;4034.3925079073083;01;7;1;Depot;H318;64;Moderat (0° bis 19,99° C);Tag;Klar;Ohio;Herbst;Entgleisung;General Switching Rules;Human Factors;Depot/Rangieren, EinzelneWagen;20683.90929508078;Nicht Signifikant;False
1824;040416003;2004;4;16;17500.0;17500.0;0.0;17500.0;2;2;0;0;0;0;0;0;6.940339448159618;1;0;3;0;0;0;420.0;04;7;1;Depot;H699;72;Warm (20° bis 31,99° C);Tag;Klar;Texas;Frühling;Kollision;Speed;Human Factors;Depot/Rangieren, Lokomotive;14666.443178008716;Nicht Signifikant;False
1825;040416004;2004;4;16;17774.0;17774.0;774.0;17000.0;3;0;0;0;0;0;0;0;0.9682052417863254;21;1;30;0;0;0;5747.0;04;7;1;Depot;H306;80;Warm (20° bis 31,99° C);Abend;Klar;Louisiana;Frühling;Kollision;General Switching Rules;Human Factors;Depot/Rangieren, Depot/Rangieren;14896.077774052967;Nicht Signifikant;False
1826;040455;2010;11;2;15100.0;15100.0;100.0;15000.0;4;0;0;0;0;0;0;0;4.949628046035187;0;0;1;0;0;1;101.7063920130664;01;1;1;Depot;H607;57;Moderat (0° bis 19,99° C);Abend;Wolkig;Alabama;Herbst;Entgleisung;Speed;Human Factors;Güterzug, Lokomotive;10771.864745327437;Nicht Signifikant;False
1827;0404CB014;2004;4;30;14353.0;14353.0;5155.0;9198.0;1;0;0;0;0;0;0;0;5.944983747097401;48;3;5;0;0;0;5797.7853642899645;01;7;1;Depot;T221;59;Moderat (0° bis 19,99° C);Abend;Wolkig;Iowa;Frühling;Entgleisung;Rail, Joint Bar and Rail Anchoring;Track, Roadbed and Structures;Depot/Rangieren, EinzelneWagen;12013.894701598727;Nicht Signifikant;False
1828;0404DV006;2004;4;7;25702.0;25702.0;4800.0;20902.0;2;0;0;0;0;0;0;0;5.5;5;2;12;0;0;2;1057.568434857266;01;7;1;Depot;H312;50;Moderat (0° bis 19,99° C);Abend;Wolkig;Wyoming;Frühling;Entgleisung;General Switching Rules;Human Factors;Depot/Rangieren, Depot/Rangieren;21239.56697793571;Nicht Signifikant;False
1829;0404NP015;2004;4;22;20206.0;20206.0;0.0;20206.0;5;1;0;0;0;0;0;0;14.903185056657339;0;0;137;0;0;1;539.0;04;7;2;Depot;H702;41;Moderat (0° bis 19,99° C);Abend;Regen;Nebraska;Frühling;Kollision;Switches, Use of;Human Factors;Depot/Rangieren, Güterzug;17018.44521182515;Nicht Signifikant;False
1830;04052017A;2017;4;5;50000.0;50000.0;0.0;50000.0;4;0;0;0;0;0;0;0;1.9635609428485408;25;0;44;0;0;0;5100.0;04;7;1;Depot;H210;48;Moderat (0° bis 19,99° C);Tag;Regen;Washington;Frühling;Kollision;Flagging, Fixed, Hand and Radio Signals;Human Factors;Depot/Rangieren, Depot/Rangieren;46825.248173815315;Nicht Signifikant;False
1831;040524003;2004;5;24;10564.0;10564.0;75.0;10489.0;4;0;0;0;0;0;0;0;1.9635609428485408;67;0;9;0;0;0;3929.0;04;7;1;Depot;H607;85;Warm (20° bis 31,99° C);Tag;Klar;Louisiana;Frühling;Kollision;Speed;Human Factors;Depot/Rangieren, Depot/Rangieren;8826.87165775401;Nicht Signifikant;False
1832;040535;2010;11;10;9700.0;9700.0;0.0;9700.0;1;0;0;0;0;0;0;0;2.958916643910756;25;0;25;0;0;2;3762.1603720487465;01;6;1;Depot;H318;55;Moderat (0° bis 19,99° C);Tag;Klar;Georgia;Herbst;Entgleisung;General Switching Rules;Human Factors;EinzelneWagen, Güterzug;7044.299201161946;Nicht Signifikant;False
1833;040594;1994;5;22;14415.0;14415.0;500.0;13915.0;4;0;0;0;0;0;0;0;6.0;9;0;39;0;0;3;1946.0;04;7;1;Depot;H020;57;Moderat (0° bis 19,99° C);Abend;Regen;Minnesota;Frühling;Kollision;Brakes, Use of;Human Factors;Depot/Rangieren, Depot/Rangieren;12227.500212062092;Nicht Signifikant;False
1834;0405CB009;2005;4;13;724273.0;724273.0;62444.0;661829.0;6;4;0;2;0;0;0;0;27.84280917046614;239;5;11;0;0;1;30712.0;03;1;5;Hauptstrecke;H605;57;Moderat (0° bis 19,99° C);Tag;Klar;Iowa;Frühling;Kollision;Speed;Human Factors;Güterzug, Güterzug;560496.0532425321;Signifikant;False
1835;0405CB018;2005;4;24;10000.0;10000.0;0.0;10000.0;2;0;0;1;0;0;0;0;17.889252159843984;105;0;1;0;0;0;13797.336383802323;03;1;5;Hauptstrecke;H402;51;Moderat (0° bis 19,99° C);Tag;Klar;Iowa;Frühling;Kollision;Main Track Authority;Human Factors;Güterzug, Wartungszug;7690.532953933707;Signifikant;False
1836;0405DV023;2005;4;26;40270.0;40270.0;0.0;40270.0;7;0;0;0;0;0;0;0;7.0;16;0;53;0;0;0;5615.0;04;7;1;Industriestrecke;M501;43;Moderat (0° bis 19,99° C);Abend;Regen;Wyoming;Frühling;Kollision;Other Miscellaneous;Miscellaneous Causes;Depot/Rangieren, Depot/Rangieren;31022.263307911562;Nicht Signifikant;False
1837;0405HO024;2005;4;19;13378.0;13378.0;8800.0;4578.0;2;0;0;1;0;0;0;0;4.949628046035187;18;2;22;0;0;1;2918.0;01;7;1;Industriestrecke;T319;80;Warm (20° bis 31,99° C);Tag;Klar;Texas;Frühling;Entgleisung;Frogs, Switches and Track Appliances;Track, Roadbed and Structures;Depot/Rangieren, EinzelneWagen;10293.936595875653;Signifikant;False
1838;0405LK008;2005;4;9;20979.0;20979.0;389.0;20590.0;2;0;0;0;0;0;0;0;9.926406551346263;61;0;19;0;0;2;6782.0;01;7;1;Depot;E33C;65;Moderat (0° bis 19,99° C);Tag;Klar;Arkansas;Frühling;Entgleisung;Coupler and Draft System;Mechanical and Electrical Failures;Depot/Rangieren, EinzelneWagen;16301.121500168356;Nicht Signifikant;False
1839;0405LK024;2005;4;30;11788.0;11788.0;1455.0;10333.0;3;0;0;0;0;0;0;0;3.0;21;2;10;0;0;0;12375.0;04;7;1;Depot;H306;69;Warm (20° bis 31,99° C);Tag;Klar;Arkansas;Frühling;Kollision;General Switching Rules;Human Factors;Depot/Rangieren, Depot/Rangieren;9119.839079866932;Nicht Signifikant;False
1840;0405LV006;2005;4;5;12309.0;12309.0;1000.0;11309.0;4;0;0;0;0;0;0;0;4.5;27;0;23;0;0;2;4096.0;04;7;1;Depot;H318;50;Moderat (0° bis 19,99° C);Abend;Wolkig;Louisiana;Frühling;Kollision;General Switching Rules;Human Factors;Depot/Rangieren, Depot/Rangieren;9608.899297423888;Nicht Signifikant;False
1841;0405LV015;2005;4;15;252823.0;252823.0;34405.0;218418.0;6;1;0;0;0;0;0;0;8.5;7;0;58;0;0;8;4837.0;04;7;1;Depot;H306;56;Moderat (0° bis 19,99° C);Abend;Wolkig;Louisiana;Frühling;Kollision;General Switching Rules;Human Factors;Depot/Rangieren, Depot/Rangieren;196474.19956481195;Signifikant;False
1842;0405PD024;2005;4;18;31244.0;31244.0;621.0;30623.0;3;0;0;0;0;0;0;0;1.9635609428485408;64;0;48;0;0;0;8320.123808266879;04;7;1;Depot;H306;50;Moderat (0° bis 19,99° C);Abend;Wolkig;Washington;Frühling;Kollision;General Switching Rules;Human Factors;Depot/Rangieren, Depot/Rangieren;24095.01041104342;Nicht Signifikant;False
1843;0405SA009;2005;4;10;8327.0;8327.0;2246.0;6081.0;2;0;0;0;0;0;0;0;6.5;5;1;1;0;0;0;783.2564391184076;01;7;1;Depot;H306;60;Moderat (0° bis 19,99° C);Abend;Wolkig;Texas;Frühling;Entgleisung;General Switching Rules;Human Factors;Depot/Rangieren, EinzelneWagen;6444.880163050489;Nicht Signifikant;False
1844;0405TC010;2005;4;20;15802.0;15802.0;12258.0;3544.0;2;0;0;0;0;0;0;0;6.940339448159618;24;4;15;0;0;0;3568.4048226498526;01;7;1;Depot;T110;60;Moderat (0° bis 19,99° C);Tag;Klar;Iowa;Frühling;Entgleisung;Track Geometry;Track, Roadbed and Structures;Depot/Rangieren, EinzelneWagen;12109.740209977777;Nicht Signifikant;False
1845;040607001;2004;6;7;638425.0;638425.0;40732.0;597693.0;7;1;0;0;0;0;0;0;17.5;73;8;74;0;0;0;11298.0;04;1;4;Hauptstrecke;H401;67;Moderat (0° bis 19,99° C);Abend;Klar;Mississippi;Frühling;Kollision;Main Track Authority;Human Factors;Güterzug, Güterzug;518244.17566360906;Signifikant;False
1846;040607005;2004;6;7;19500.0;19500.0;0.0;19500.0;3;0;0;0;0;0;0;0;4.949628046035187;1;0;0;0;0;0;164.88997359133555;03;7;1;Depot;H602;78;Warm (20° bis 31,99° C);Tag;Klar;Louisiana;Frühling;Kollision;Speed;Human Factors;Depot/Rangieren, Lokomotive;15829.206916145791;Nicht Signifikant;False
1847;040681;2010;12;2;50000.0;50000.0;8000.0;42000.0;5;0;0;0;0;0;0;0;8.931050850284048;158;4;0;0;0;0;21109.0;01;1;1;Depot;T220;28;Kalt (-30° - 0,01° C);Abend;Klar;Virginia;Herbst;Entgleisung;Rail, Joint Bar and Rail Anchoring;Track, Roadbed and Structures;Güterzug, Güterzug;38008.36183960472;Nicht Signifikant;False
1848;0406DV007;2006;4;11;42640.0;42640.0;2440.0;40200.0;2;0;0;0;0;0;0;0;3.9542723449729715;2;2;2;0;0;2;488.62290464547965;09;7;1;Depot;H020;45;Moderat (0° bis 19,99° C);Abend;Klar;Colorado;Frühling;Kollision;Brakes, Use of;Human Factors;Depot/Rangieren, EinzelneWagen;35225.11358942586;Nicht Signifikant;False
1849;0406FW009;2006;4;9;35348.0;35348.0;26048.0;9300.0;5;1;0;0;0;0;0;0;11.917117953470694;62;6;136;0;0;0;38523.0;01;1;4;Nebenstrecke;T314;65;Moderat (0° bis 19,99° C);Tag;Klar;Texas;Frühling;Entgleisung;Frogs, Switches and Track Appliances;Track, Roadbed and Structures;Güterzug, Güterzug;29151.386865326993;Nicht Signifikant;False
1850;0406HO060;2006;4;25;33682.0;33682.0;33381.0;301.0;3;0;0;0;0;0;0;0;3.9542723449729715;24;2;0;0;0;0;3410.0;01;7;1;Depot;T219;85;Warm (20° bis 31,99° C);Tag;Wolkig;Texas;Frühling;Entgleisung;Rail, Joint Bar and Rail Anchoring;Track, Roadbed and Structures;Depot/Rangieren, EinzelneWagen;27108.249496981894;Nicht Signifikant;False
1851;0406LK012;2006;4;5;1300030.0;1300030.0;220000.0;1080028.0;5;1;0;2;0;0;1;0;50.73599029489709;233;24;0;0;0;0;24492.0;07;1;5;Hauptstrecke;M308;64;Moderat (0° bis 19,99° C);Tag;Wolkig;Arkansas;Frühling;Bahnübergang;Loading Procedures;Loading;Güterzug, Güterzug;1060210.406132768;Schwer;False
1852;0406LK031;2006;4;14;8804.0;8804.0;0.0;8804.0;4;0;0;0;0;0;0;0;3.5;22;0;20;0;0;0;1230.0;04;7;1;Depot;H307;75;Warm (20° bis 31,99° C);Tag;Klar;Arkansas;Frühling;Kollision;General Switching Rules;Human Factors;Depot/Rangieren, Depot/Rangieren;7260.671636867453;Nicht Signifikant;False
1853;0406LV004;2006;4;1;44939.0;44939.0;3925.0;41014.0;1;0;0;0;0;0;0;0;1.9635609428485408;15;0;17;0;0;2;2365.336383802324;01;7;1;Depot;H702;75;Warm (20° bis 31,99° C);Tag;Klar;Louisiana;Frühling;Entgleisung;Switches, Use of;Human Factors;Depot/Rangieren, EinzelneWagen;37169.36395467454;Nicht Signifikant;False
1854;0406PC001;2006;4;3;23579.0;23579.0;1173.0;22406.0;2;0;0;0;0;0;0;0;3.5;4;0;4;0;0;1;246.0;01;7;3;Depot;H018;48;Moderat (0° bis 19,99° C);Tag;Wolkig;Idaho;Frühling;Entgleisung;Brakes, Use of;Human Factors;Depot/Rangieren, EinzelneWagen;19546.547293376443;Nicht Signifikant;False
1855;0406PD024;2006;4;20;930187.0;930187.0;196455.0;733732.0;4;1;0;0;0;0;0;0;4.949628046035187;22;2;177;0;0;13;7379.0;04;7;3;Hauptstrecke;H510;55;Moderat (0° bis 19,99° C);Tag;Klar;Oregon;Frühling;Kollision;Train Handling/Train Makeup;Human Factors;Depot/Rangieren, Güterzug;753431.8807711;Signifikant;False
1856;0407DV016;2007;4;15;42316.0;42316.0;10590.0;31726.0;1;0;0;0;0;0;0;0;5.5;38;2;53;0;0;3;6033.0;01;7;1;Depot;H312;49;Moderat (0° bis 19,99° C);Abend;Klar;Wyoming;Frühling;Entgleisung;General Switching Rules;Human Factors;Depot/Rangieren, EinzelneWagen;31243.354991139986;Nicht Signifikant;False
1857;0407FW037;2007;4;28;21794.0;21794.0;2000.0;19794.0;7;1;0;0;0;0;0;0;8.5;0;0;0;0;0;0;69.7799471826711;03;8;1;Depot;H307;70;Warm (20° bis 31,99° C);Abend;Klar;Texas;Frühling;Kollision;General Switching Rules;Human Factors;Lokomotive, Lokomotive;15989.337507030887;Nicht Signifikant;False
1858;0407KC001;2007;4;1;182186.0;182186.0;46464.0;135722.0;5;0;0;0;0;0;0;0;4.949628046035187;68;3;122;0;0;3;10306.0;04;7;1;Depot;H702;50;Moderat (0° bis 19,99° C);Morgendämmerung;Klar;Kansas;Frühling;Kollision;Switches, Use of;Human Factors;Depot/Rangieren, Depot/Rangieren;136468.9138576779;Nicht Signifikant;False
1859;0407KC008;2007;4;7;107935.0;107935.0;850.0;107085.0;5;0;0;0;0;0;0;0;19.879963561968417;41;3;137;0;0;1;6052.0;03;1;4;Hauptstrecke;H221;50;Moderat (0° bis 19,99° C);Tag;Wolkig;Missouri;Frühling;Kollision;Flagging, Fixed, Hand and Radio Signals;Human Factors;Güterzug, Güterzug;80583.3868390796;Nicht Signifikant;False
1860;0407KC018;2007;4;21;30071.0;30071.0;400.0;29671.0;3;0;0;0;0;0;0;0;0.9682052417863254;49;3;0;0;0;0;6964.0;01;7;1;Industriestrecke;H702;65;Moderat (0° bis 19,99° C);Tag;Klar;Texas;Frühling;Entgleisung;Switches, Use of;Human Factors;Depot/Rangieren, EinzelneWagen;22127.842233069245;Nicht Signifikant;False
1861;0407LV008;2007;4;10;87553.0;87553.0;31184.0;56369.0;6;0;0;0;0;0;0;0;10.0;62;0;21;0;0;19;4821.0;01;7;1;Depot;T220;80;Warm (20° bis 31,99° C);Abend;Klar;Louisiana;Frühling;Entgleisung;Rail, Joint Bar and Rail Anchoring;Track, Roadbed and Structures;Depot/Rangieren, Güterzug;65211.52986742142;Nicht Signifikant;False
1862;0407LV014;2007;4;27;22194.0;22194.0;5839.0;16355.0;3;0;0;0;0;0;0;0;7.935695149221832;10;0;71;0;0;2;3577.8899735913355;01;7;1;Depot;E67C;70;Warm (20° bis 31,99° C);Abend;Klar;Louisiana;Frühling;Entgleisung;Wheels;Mechanical and Electrical Failures;Depot/Rangieren, Lokomotive;16267.683060910356;Nicht Signifikant;False
1863;0407PC001;2007;4;5;53287.0;53287.0;634.0;52653.0;2;0;0;3;0;0;0;0;11.666666666666666;21;0;18;0;0;1;2731.2470128972327;01;6;3;Hauptstrecke;H018;48;Moderat (0° bis 19,99° C);Abend;Wolkig;Idaho;Frühling;Entgleisung;Brakes, Use of;Human Factors;EinzelneWagen, EinzelneWagen, Güterzug;39846.70604950273;Signifikant;False
1864;0407PR005;2007;4;4;13269.0;13269.0;0.0;13269.0;2;0;0;0;0;0;0;0;2.5;1;0;10;0;0;0;420.0;04;7;1;Depot;H306;50;Moderat (0° bis 19,99° C);Tag;Klar;Illinois;Frühling;Kollision;General Switching Rules;Human Factors;Depot/Rangieren, Depot/Rangieren;9937.837028160575;Nicht Signifikant;False
1865;0407PR011;2007;4;11;37266.0;37266.0;2982.0;34284.0;2;0;0;0;0;0;0;0;2.958916643910756;38;2;22;0;0;2;4603.380329174738;04;7;1;Depot;H702;35;Moderat (0° bis 19,99° C);Abend;Regen;Illinois;Frühling;Kollision;Switches, Use of;Human Factors;Depot/Rangieren, Depot/Rangieren;27773.140557460127;Nicht Signifikant;False
1866;0407RS024;2007;4;20;20707.0;20707.0;0.0;20707.0;4;0;0;0;0;0;0;0;3.5;4;0;15;0;0;0;1364.8899735913355;04;7;1;Depot;H302;65;Moderat (0° bis 19,99° C);Tag;Klar;Kalifornien;Frühling;Kollision;General Switching Rules;Human Factors;Depot/Rangieren, Lokomotive;15219.021020138174;Nicht Signifikant;False
1867;04080303;2004;8;3;84765.0;84765.0;2470.0;82295.0;3;0;0;0;0;0;0;0;4.0;17;0;58;0;0;5;4255.0;04;6;1;Depot;H306;74;Warm (20° bis 31,99° C);Abend;Klar;Mississippi;Sommer;Kollision;General Switching Rules;Human Factors;EinzelneWagen, Güterzug;70508.23490267842;Nicht Signifikant;False
1868;04080304;2004;8;3;37453.0;37453.0;2095.0;35358.0;3;0;0;0;0;0;0;0;5.0;13;0;31;0;0;2;2900.0;04;6;1;Depot;H306;74;Warm (20° bis 31,99° C);Tag;Klar;Mississippi;Sommer;Kollision;General Switching Rules;Human Factors;EinzelneWagen, Güterzug;31153.718183330562;Nicht Signifikant;False
1869;04080801;2004;8;8;9510.0;9510.0;58.0;9452.0;0;0;0;0;0;0;0;0;4.949628046035187;21;0;28;0;0;0;3341.0;04;6;1;Depot;H018;80;Warm (20° bis 31,99° C);Abenddämmerung;Klar;Louisiana;Sommer;Kollision;Brakes, Use of;Human Factors;EinzelneWagen, EinzelneWagen;7804.0374199901535;Nicht Signifikant;False
1870;04081501;2004;8;15;45545.0;45545.0;545.0;45000.0;4;0;0;0;0;0;0;0;8.0;44;1;51;0;0;1;7948.0;04;1;1;Depot;H306;80;Warm (20° bis 31,99° C);Tag;Klar;Louisiana;Sommer;Kollision;General Switching Rules;Human Factors;Güterzug, Güterzug;37035.480985552815;Nicht Signifikant;False
1871;040829;2010;12;17;40725.0;40725.0;1000.0;39725.0;3;1;0;0;0;0;0;0;12.5;94;1;11;0;0;0;7769.0;04;1;4;Hauptstrecke;H221;24;Kalt (-30° - 0,01° C);Abend;Wolkig;Illinois;Herbst;Kollision;Flagging, Fixed, Hand and Radio Signals;Human Factors;Güterzug, Güterzug;30712.66968325792;Nicht Signifikant;False
1872;040850;2010;12;19;39000.0;39000.0;0.0;39000.0;4;0;0;0;0;0;0;0;4.949628046035187;41;1;2;0;0;2;5594.0;01;4;1;Depot;H306;30;Kalt (-30° - 0,01° C);Tag;Klar;Virginia;Herbst;Entgleisung;General Switching Rules;Human Factors;Arbeitszug, Güterzug;29579.814936542447;Nicht Signifikant;False
1873;0408NP006;2008;4;3;19138.0;19138.0;16694.0;2444.0;2;0;0;0;0;0;0;0;3.9542723449729715;3;3;1;0;0;1;330.1828839488029;01;7;1;Depot;M199;35;Moderat (0° bis 19,99° C);Abend;Klar;Nebraska;Frühling;Entgleisung;Environmental Conditions;Environmental Conditions;Depot/Rangieren, EinzelneWagen;12326.420198376916;Nicht Signifikant;False
1874;0408PC002;2008;4;8;173136.0;173136.0;17200.0;155936.0;7;0;0;0;0;0;0;0;9.5;128;3;12;0;0;0;11874.0;04;1;4;Hauptstrecke;H221;20;Kalt (-30° - 0,01° C);Abend;Klar;Idaho;Frühling;Kollision;Flagging, Fixed, Hand and Radio Signals;Human Factors;Güterzug, Güterzug;110319.86746527336;Nicht Signifikant;False
1875;0408PR012;2008;4;13;10576.0;10576.0;1968.0;8608.0;7;0;0;0;0;0;0;0;7.935695149221832;3;0;25;0;0;8;1197.6756144352892;01;7;1;Depot;T220;45;Moderat (0° bis 19,99° C);Tag;Klar;Wisconsion;Frühling;Entgleisung;Rail, Joint Bar and Rail Anchoring;Track, Roadbed and Structures;Depot/Rangieren, EinzelneWagen;6669.609636122848;Nicht Signifikant;False
1876;04092010;2010;4;9;53819.5;53819.5;27187.0;80452.0;3;0;0;0;0;0;1;0;29.0;0;0;157;0;1;14;5257.7304222952525;01;1;1;Hauptstrecke;T221;39;Moderat (0° bis 19,99° C);Abend;Klar;Colorado;Frühling;Entgleisung;Rail, Joint Bar and Rail Anchoring;Track, Roadbed and Structures;Güterzug, Personenzug;40211.82008368201;Schwer;True
1877;0409HO037;2009;4;27;12425.0;12425.0;2699.0;9726.0;3;0;0;0;0;0;0;0;2.9835666575643023;67;0;32;0;0;1;5798.51603731277;01;7;1;Depot;M411;70;Warm (20° bis 31,99° C);Morgendämmerung;Klar;Texas;Frühling;Entgleisung;Unusual Operational Situations;Miscellaneous Causes;Depot/Rangieren, EinzelneWagen, EinzelneWagen, EinzelneWagen, EinzelneWagen;9466.666666666666;Nicht Signifikant;False
1878;0409LK026;2009;4;25;60021.0;60021.0;420.0;59601.0;4;0;0;0;0;0;0;0;9.0;33;0;70;0;0;2;5894.889973591336;04;7;1;Depot;H605;74;Warm (20° bis 31,99° C);Abend;Wolkig;Arkansas;Frühling;Kollision;Speed;Human Factors;Depot/Rangieren, Lokomotive;45483.08873677032;Nicht Signifikant;False
1879;0410001;1985;5;3;8500.0;8500.0;100.0;8400.0;4;0;0;0;0;0;0;0;4.949628046035187;1;0;2;1;0;0;262.4425712017638;04;7;1;Depot;H403;48;Moderat (0° bis 19,99° C);Abend;Klar;Connecticut;Frühling;Kollision;Main Track Authority;Human Factors;Depot/Rangieren, Güterzug;7210.111120536093;Nicht Signifikant;False
1880;0410001;1986;1;24;41050.0;41050.0;50.0;41000.0;6;1;0;0;0;0;0;0;25.852097768341707;46;1;1;0;0;0;3458.8899735913355;03;1;3;Hauptstrecke;H204;28;Kalt (-30° - 0,01° C);Tag;Klar;Massachusetts;Winter;Kollision;Flagging, Fixed, Hand and Radio Signals;Human Factors;Güterzug, Lokomotive;34820.59547035372;Nicht Signifikant;False
1881;0410001;1987;2;19;8650.0;8650.0;350.0;8300.0;1;0;0;0;0;0;0;0;3.9542723449729715;43;5;0;0;0;0;3108.256439118408;01;7;1;Depot;H702;10;Kalt (-30° - 0,01° C);Abend;Klar;Massachusetts;Winter;Entgleisung;Switches, Use of;Human Factors;Depot/Rangieren, EinzelneWagen;7337.348375604377;Nicht Signifikant;False
1882;0410001;1988;4;29;7500.0;7500.0;0.0;7500.0;2;1;0;0;0;0;0;0;14.903185056657339;2;0;36;0;0;0;1393.3655638367711;04;7;1;Depot;H305;37;Moderat (0° bis 19,99° C);Abend;Klar;New York;Frühling;Kollision;General Switching Rules;Human Factors;Depot/Rangieren, Lokomotive;6361.8627534142;Nicht Signifikant;True
1883;0410001;1989;1;17;16000.0;16000.0;0.0;16000.0;6;0;0;0;0;0;0;0;14.903185056657339;0;0;0;0;0;0;69.7799471826711;02;8;2;Depot;H403;31;Kalt (-30° - 0,01° C);Morgendämmerung;Wolkig;New York;Winter;Kollision;Main Track Authority;Human Factors;Lokomotive, Lokomotive;13571.973873950292;Nicht Signifikant;False
1884;0410001;1989;3;14;19200.0;19200.0;5700.0;13500.0;3;0;0;0;0;0;0;0;5.0;111;4;22;0;0;0;13445.11125856336;04;7;1;Depot;H020;25;Kalt (-30° - 0,01° C);Abend;Wolkig;New York;Winter;Kollision;Brakes, Use of;Human Factors;Depot/Rangieren, EinzelneWagen;16286.36864874035;Nicht Signifikant;False
1885;0410001;1989;4;21;204656.0;204656.0;0.0;204656.0;4;0;0;1;0;0;0;2;29.83352057259057;16;0;74;0;0;0;4313.889973591336;03;4;3;Hauptstrecke;H402;40;Moderat (0° bis 19,99° C);Abend;Klar;New York;Frühling;Kollision;Main Track Authority;Human Factors;Arbeitszug, Güterzug;173599.1178216982;Signifikant;False
1886;0410001;1990;2;8;109065.0;109065.0;20450.0;88615.0;4;0;0;0;0;0;0;0;9.926406551346263;88;9;16;0;0;1;8658.726930742603;01;6;2;Depot;T220;27;Kalt (-30° - 0,01° C);Abend;Wolkig;New York;Winter;Entgleisung;Rail, Joint Bar and Rail Anchoring;Track, Roadbed and Structures;EinzelneWagen, Güterzug;92514.20816014928;Nicht Signifikant;False
1887;0410001;1990;10;18;20000.0;20000.0;0.0;20000.0;3;0;0;2;0;0;0;0;15.898540757719555;0;0;16;0;0;0;517.8899735913355;02;1;2;Hauptstrecke;H699;47;Moderat (0° bis 19,99° C);Tag;Klar;Massachusetts;Herbst;Kollision;Speed;Human Factors;Güterzug, Lokomotive;16964.967342437863;Signifikant;False