index;INCDTNO;YEAR4;MONTH;DAY;ACCDMG;INFRASTRUCTURE_DMG;TRKDMG;EQPDMG;LOCOMOTIVES1;LOCOMOTIVES2;RREMPKLD;RREMPINJ;PASSKLD;PASSINJ;OTHERKLD;OTHERINJ;SPEED;LOADF1;LOADF2;EMPTYF1;EMPTYP1;LOADP1;EMPTYF2;TONS;TYPE;TYPEQ;TRKCLAS;TYPTRK;ACCAUSE;TEMP;TEMP_CLUSTER;VISIBLTY;WEATHER;STATE;Jahreszeit;ACCIDENT_TYPE;ACCCAUSE_LVL1;ACCCAUSE_LVL2;EQUIPMENT_TYPE;ACCDMG_EUR;ACCTYPE;SPD_TOO_HIGH
1888;0410001;1990;12;2;20950.0;20950.0;12950.0;8000.0;4;0;0;0;0;0;0;0;5.5;25;0;17;0;0;1;3432.7845686203427;04;7;1;Depot;H999;42;Moderat (0° bis 19,99° C);Abend;Klar;New York;Herbst;Kollision;Miscellaneous;Human Factors;Depot/Rangieren, Depot/Rangieren;17770.803291203665;Nicht Signifikant;False
1889;0410001;1991;3;27;10350.0;10350.0;2400.0;7950.0;5;0;0;0;0;0;0;0;4.949628046035187;83;2;19;0;0;3;9999.586734191636;04;7;1;Depot;H307;40;Moderat (0° bis 19,99° C);Abend;Klar;New York;Frühling;Kollision;General Switching Rules;Human Factors;Depot/Rangieren, Güterzug;8779.370599711596;Nicht Signifikant;False
1890;0410001;1991;5;22;20000.0;20000.0;0.0;20000.0;2;1;0;0;0;0;0;0;5.0;6;0;6;0;0;1;936.4829902435594;04;6;1;Nebenstrecke;H018;82;Warm (20° bis 31,99° C);Abenddämmerung;Klar;New York;Frühling;Kollision;Brakes, Use of;Human Factors;EinzelneWagen, Lokomotive;16964.967342437863;Nicht Signifikant;False
1891;0410001;1992;2;5;7450.0;7450.0;750.0;6700.0;5;0;0;0;0;0;0;0;2.5;113;0;82;0;0;3;15425.414660148148;04;1;1;Depot;H403;20;Kalt (-30° - 0,01° C);Abend;Wolkig;New York;Winter;Kollision;Main Track Authority;Human Factors;Güterzug, Güterzug;6319.450335058104;Nicht Signifikant;False
1892;0410001;1992;4;9;43300.0;43300.0;300.0;43000.0;5;0;0;0;0;0;0;0;3.5;92;15;22;0;0;0;10904.060272243007;04;7;1;Depot;H702;30;Kalt (-30° - 0,01° C);Abend;Klar;New York;Frühling;Kollision;Switches, Use of;Human Factors;Depot/Rangieren, Güterzug;36729.15429637798;Nicht Signifikant;False
1893;0410002;1989;1;25;7909.0;7909.0;0.0;7909.0;2;0;0;0;0;0;0;0;41.77778898533715;10;0;100;0;0;0;5356.647398120594;03;5;4;Hauptstrecke;H999;30;Kalt (-30° - 0,01° C);Tag;Wolkig;New York;Winter;Kollision;Miscellaneous;Human Factors;EinzelneWagen, Güterzug;6708.796335567054;Nicht Signifikant;False
1894;0410002;1989;8;4;7600.0;7600.0;2100.0;5500.0;4;1;0;0;0;0;0;0;2.0;18;2;141;0;0;0;6449.575510454317;04;7;2;Depot;H702;61;Moderat (0° bis 19,99° C);Abend;Klar;New York;Sommer;Kollision;Switches, Use of;Human Factors;Depot/Rangieren, Depot/Rangieren;6446.687590126388;Nicht Signifikant;False
1895;0410002;1991;2;10;12600.0;12600.0;1100.0;11500.0;4;1;0;0;0;0;0;0;3.0;105;1;20;0;0;5;10980.120714325327;04;1;1;Depot;H403;12;Kalt (-30° - 0,01° C);Morgendämmerung;Klar;New York;Winter;Kollision;Main Track Authority;Human Factors;Güterzug, Güterzug;10687.929425735854;Nicht Signifikant;False
1896;0410002;1991;5;26;40500.0;40500.0;9500.0;31000.0;4;0;0;0;0;0;0;0;3.0;190;7;1;0;0;0;13018.0;04;7;1;Depot;H702;70;Warm (20° bis 31,99° C);Abend;Klar;New York;Frühling;Kollision;Switches, Use of;Human Factors;Depot/Rangieren, Güterzug;34354.058868436674;Nicht Signifikant;False
1897;0410002;1992;2;8;35771.0;35771.0;4671.0;31100.0;2;0;0;0;0;0;0;0;5.0;30;6;94;0;0;0;6384.62290464548;04;6;1;Depot;H020;10;Kalt (-30° - 0,01° C);Tag;Klar;New York;Winter;Kollision;Brakes, Use of;Human Factors;EinzelneWagen, Güterzug;30342.692340317244;Nicht Signifikant;False
1898;0410003;1988;7;15;192250.0;192250.0;100000.0;92250.0;9;5;0;1;0;0;0;0;40.0;120;23;48;0;0;2;9840.0;01;1;3;Hauptstrecke;E39C;80;Warm (20° bis 31,99° C);Tag;Klar;New York;Sommer;Entgleisung;Coupler and Draft System;Mechanical and Electrical Failures;Güterzug, Güterzug;163075.74857918397;Signifikant;False
1899;0410003;1990;2;1;6600.0;6600.0;150.0;6450.0;4;0;0;0;0;0;0;0;1.9635609428485408;0;0;0;0;0;0;69.7799471826711;04;8;1;Depot;H699;20;Kalt (-30° - 0,01° C);Abend;Wolkig;New York;Winter;Kollision;Speed;Human Factors;Lokomotive, Lokomotive;5598.439223004495;Nicht Signifikant;False
1900;0410003;1990;4;19;6500.0;6500.0;0.0;6500.0;4;0;0;0;0;0;0;0;5.0;92;0;3;0;0;0;10626.802234507417;04;7;1;Depot;H401;62;Moderat (0° bis 19,99° C);Tag;Wolkig;Connecticut;Frühling;Kollision;Main Track Authority;Human Factors;Depot/Rangieren, Güterzug;5513.614386292306;Nicht Signifikant;False
1901;0410003;1991;2;17;6750.0;6750.0;5250.0;1500.0;2;0;0;0;0;0;0;0;0.9682052417863254;12;2;0;0;0;0;1474.0871235293998;01;7;1;Depot;T399;25;Kalt (-30° - 0,01° C);Tag;Wolkig;New York;Winter;Entgleisung;Frogs, Switches and Track Appliances;Track, Roadbed and Structures;Depot/Rangieren, EinzelneWagen;5725.676478072779;Nicht Signifikant;False
1902;0410003;1991;8;8;33800.0;33800.0;0.0;33800.0;6;1;0;2;0;0;0;0;4.0;0;0;0;0;0;0;69.7799471826711;04;8;1;Depot;H699;55;Moderat (0° bis 19,99° C);Abend;Klar;New York;Sommer;Kollision;Speed;Human Factors;Lokomotive, Lokomotive;28670.79480871999;Signifikant;False
1903;0410003;1992;2;25;12630.0;12630.0;2130.0;10500.0;2;1;0;0;0;0;0;0;2.958916643910756;54;2;26;0;0;0;7043.505619243955;04;7;1;Depot;M503;25;Kalt (-30° - 0,01° C);Tag;Klar;New York;Winter;Kollision;Other Miscellaneous;Miscellaneous Causes;Depot/Rangieren, EinzelneWagen;10713.376876749511;Nicht Signifikant;False
1904;0410004;1989;5;24;5750.0;5750.0;2200.0;3550.0;6;0;0;0;0;0;0;0;3.5;201;2;35;0;0;0;24039.864716943845;04;7;2;Depot;E30C;70;Warm (20° bis 31,99° C);Tag;Wolkig;New York;Frühling;Kollision;Coupler and Draft System;Mechanical and Electrical Failures;Depot/Rangieren, Depot/Rangieren;4877.428110950887;Nicht Signifikant;False
1905;0410004;1991;8;9;13900.0;13900.0;3500.0;10400.0;2;2;0;0;0;0;0;0;8.931050850284048;40;4;0;0;0;0;2825.8899735913355;01;7;1;Depot;H503;80;Warm (20° bis 31,99° C);Abend;Klar;New York;Sommer;Entgleisung;Train Handling/Train Makeup;Human Factors;Depot/Rangieren, Lokomotive;11790.652302994316;Nicht Signifikant;False
1906;0410004;1991;12;15;8900.0;8900.0;0.0;8900.0;4;0;0;0;0;0;0;0;5.0;39;0;114;0;0;6;7986.090475592871;04;7;1;Depot;H403;5;Kalt (-30° - 0,01° C);Tag;Klar;New York;Herbst;Kollision;Main Track Authority;Human Factors;Depot/Rangieren, Depot/Rangieren;7549.41046738485;Nicht Signifikant;False
1907;04101301;2004;10;13;12488.0;12488.0;480.0;12008.0;2;0;0;0;0;0;0;0;5.5;22;0;3;0;0;0;1810.0;04;7;1;Depot;H020;60;Moderat (0° bis 19,99° C);Abend;Klar;Louisiana;Herbst;Kollision;Brakes, Use of;Human Factors;Depot/Rangieren, Güterzug;10180.158147876416;Nicht Signifikant;False
1908;041090102;1990;10;31;40000.0;40000.0;0.0;40000.0;2;0;0;2;0;0;0;0;8.0;0;0;0;0;0;0;69.7799471826711;04;8;1;Depot;H999;70;Warm (20° bis 31,99° C);Tag;Klar;Texas;Herbst;Kollision;Miscellaneous;Human Factors;Lokomotive, Lokomotive;33929.93468487573;Signifikant;False
1909;0410FW002;2010;4;1;70524.0;70524.0;57388.0;13136.0;3;0;0;0;0;0;0;0;27.84280917046614;191;1;1;0;0;0;9586.0;01;6;3;Hauptstrecke;E35C;72;Warm (20° bis 31,99° C);Abend;Regen;Texas;Frühling;Entgleisung;Coupler and Draft System;Mechanical and Electrical Failures;EinzelneWagen, Güterzug;52364.12236412236;Nicht Signifikant;False
1910;0410HO017;2010;4;11;14666.0;14666.0;0.0;14666.0;3;0;0;0;0;0;0;0;7.5;85;0;8;0;0;0;5898.889973591336;04;1;1;Depot;H516;80;Warm (20° bis 31,99° C);Tag;Wolkig;Texas;Frühling;Kollision;Train Handling/Train Makeup;Human Factors;Güterzug, Lokomotive;10849.238052966415;Nicht Signifikant;False
1911;0410HO030;2010;4;18;29052.0;29052.0;4746.0;24306.0;4;0;0;0;0;0;0;0;5.5;74;1;91;0;0;4;12732.0;01;7;1;Depot;T217;75;Warm (20° bis 31,99° C);Abend;Klar;Texas;Frühling;Entgleisung;Rail, Joint Bar and Rail Anchoring;Track, Roadbed and Structures;Depot/Rangieren, Güterzug;21573.801331716135;Nicht Signifikant;False
1912;04110601;2004;11;6;36141.5;36141.5;15140.0;57143.0;6;0;0;0;0;0;0;0;27.5;90;4;8;0;0;0;11596.0;01;1;X;Hauptstrecke;T202;74;Warm (20° bis 31,99° C);Tag;Klar;Arkansas;Herbst;Entgleisung;Rail, Joint Bar and Rail Anchoring;Track, Roadbed and Structures;Güterzug, Güterzug;28068.1612260219;Nicht Signifikant;True
1913;04111101;2004;11;11;16239.0;16239.0;0.0;32478.0;4;0;0;0;0;0;0;0;12.5;60;0;100;0;0;3;10473.0;01;7;1;Depot;H525;69;Warm (20° bis 31,99° C);Tag;Klar;Mississippi;Herbst;Entgleisung;Train Handling/Train Makeup;Human Factors;Depot/Rangieren, Güterzug;12598.138091543833;Nicht Signifikant;True
1914;041171;2011;1;25;24750.0;24750.0;20000.0;4750.0;3;0;0;0;0;0;0;0;5.0;77;0;37;0;0;1;9957.098848361551;04;7;1;Depot;H706;27;Kalt (-30° - 0,01° C);Tag;Wolkig;Indiana;Winter;Kollision;Switches, Use of;Human Factors;Depot/Rangieren, Güterzug;18203.883495145634;Nicht Signifikant;False
1915;0411CB006;2011;4;19;114430.0;114430.0;28563.0;85867.0;1;0;0;0;0;0;0;0;8.931050850284048;52;4;3;0;0;1;7027.0;01;7;1;Depot;T220;40;Moderat (0° bis 19,99° C);Tag;Regen;Iowa;Frühling;Entgleisung;Rail, Joint Bar and Rail Anchoring;Track, Roadbed and Structures;Depot/Rangieren, EinzelneWagen;80009.78884072158;Nicht Signifikant;False
1916;0411KC008;2011;4;19;180660.0;180660.0;75880.0;104780.0;5;0;0;0;0;0;0;0;3.9542723449729715;96;0;131;0;0;7;16656.0;01;7;1;Depot;T299;45;Moderat (0° bis 19,99° C);Tag;Wolkig;Missouri;Frühling;Entgleisung;Rail, Joint Bar and Rail Anchoring;Track, Roadbed and Structures;Depot/Rangieren, Güterzug;126317.99748286954;Nicht Signifikant;False
1917;0411KC012;2011;4;8;43320.0;43320.0;0.0;43320.0;6;0;0;0;0;0;0;0;8.931050850284048;0;0;267;0;0;0;7077.0;03;1;4;Hauptstrecke;H605;40;Moderat (0° bis 19,99° C);Morgendämmerung;Wolkig;Kansas;Frühling;Kollision;Speed;Human Factors;Güterzug, Güterzug;30081.244358030694;Nicht Signifikant;False
1918;0411LK032;2011;4;30;60305.0;60305.0;9383.0;50922.0;2;0;0;0;0;0;0;0;6.0;35;1;20;0;0;0;4405.0;01;7;1;Depot;H307;66;Moderat (0° bis 19,99° C);Tag;Wolkig;Arkansas;Frühling;Entgleisung;General Switching Rules;Human Factors;Depot/Rangieren, Depot/Rangieren;40603.04778149337;Nicht Signifikant;False
1919;041295;1995;4;12;37112.0;37112.0;35000.0;10000.0;1;0;0;0;0;0;0;0;12.379963561968417;6;0;9;0;0;0;724.8899735913355;05;7;2;Industriestrecke;H399;60;Moderat (0° bis 19,99° C);Abenddämmerung;Wolkig;Georgia;Frühling;Kollision;General Switching Rules;Human Factors;Depot/Rangieren, NaN;31480.1934006277;Nicht Signifikant;False
1920;0412LA013;2012;4;17;15199.0;15199.0;19.0;15180.0;6;0;0;0;0;0;0;0;5.5;38;0;44;0;0;0;4841.889973591336;04;1;1;Depot;H607;55;Moderat (0° bis 19,99° C);Abend;Klar;Kalifornien;Frühling;Kollision;Speed;Human Factors;Güterzug, Lokomotive;11574.0176667682;Nicht Signifikant;False
1921;0412LK028;2012;4;25;78829.0;78829.0;200.0;78629.0;2;0;0;0;0;0;0;0;9.926406551346263;27;0;58;0;0;4;4439.0;04;7;1;Depot;H702;82;Warm (20° bis 31,99° C);Tag;Klar;Arkansas;Frühling;Kollision;Switches, Use of;Human Factors;Depot/Rangieren, Depot/Rangieren;59691.80675450553;Nicht Signifikant;False
1922;0412LV007;2012;4;10;44825.0;44825.0;0.0;44825.0;3;0;0;0;0;0;0;0;4.949628046035187;0;0;1;0;0;1;63.88997359133555;05;5;1;Depot;M408;70;Warm (20° bis 31,99° C);Abend;Klar;Louisiana;Frühling;Kollision;Unusual Operational Situations;Miscellaneous Causes;EinzelneWagen, Lokomotive;34181.02790910478;Nicht Signifikant;False
1923;0412WH002;2012;4;8;10739.0;10739.0;0.0;10739.0;7;0;0;0;0;0;0;0;5.0;135;0;70;0;0;0;17813.0;05;1;1;Depot;H305;60;Moderat (0° bis 19,99° C);Abend;Klar;Kansas;Frühling;Kollision;General Switching Rules;Human Factors;Güterzug, Güterzug;8200.464278078134;Nicht Signifikant;False
1924;0412WH006;2012;4;20;165898.0;165898.0;6860.0;159038.0;5;1;0;0;0;0;0;0;6.5;105;1;7;0;0;0;12809.0;04;1;1;Depot;H306;63;Moderat (0° bis 19,99° C);Tag;Klar;Kansas;Frühling;Kollision;General Switching Rules;Human Factors;Güterzug, Güterzug;125756.51910248636;Nicht Signifikant;False
1925;0413CB009;2013;4;17;10547.0;10547.0;228.0;10319.0;4;0;0;0;0;0;0;0;3.5;5;0;90;0;0;1;3658.0;04;7;1;Depot;H021;40;Moderat (0° bis 19,99° C);Morgendämmerung;Wolkig;Iowa;Frühling;Kollision;Brakes, Use of;Human Factors;Depot/Rangieren, Güterzug;8033.361261329881;Nicht Signifikant;False
1926;0413HO014;2013;4;10;127185.0;127185.0;1070.0;126115.0;8;0;0;0;0;0;0;0;4.5;107;2;85;0;0;7;16021.0;01;7;1;Depot;T202;55;Moderat (0° bis 19,99° C);Abend;Regen;Texas;Frühling;Entgleisung;Rail, Joint Bar and Rail Anchoring;Track, Roadbed and Structures;Depot/Rangieren, Depot/Rangieren;97191.65520403485;Nicht Signifikant;False
1927;0413PR009;2013;4;11;19058.0;19058.0;100.0;18958.0;8;0;0;1;0;0;0;0;5.0;56;0;87;0;0;0;10020.0;04;1;1;Hauptstrecke;H605;30;Kalt (-30° - 0,01° C);Abend;Klar;Illinois;Frühling;Kollision;Speed;Human Factors;Güterzug, Güterzug;14527.021876667428;Signifikant;False
1928;0414FW006;2014;4;6;2301504.0;2301504.0;6243.0;2295261.0;6;1;0;2;0;0;0;0;17.889252159843984;165;13;0;0;0;0;20907.0;03;1;4;Hauptstrecke;H605;49;Moderat (0° bis 19,99° C);Abend;Wolkig;Texas;Frühling;Kollision;Speed;Human Factors;Güterzug, Güterzug;1678051.8154863168;Signifikant;False
1929;0414PD007;2014;4;19;90704.0;90704.0;73284.0;17420.0;4;0;0;0;0;0;0;0;3.9542723449729715;103;9;1;0;0;0;15518.336383802323;01;5;1;Depot;T207;48;Moderat (0° bis 19,99° C);Abend;Wolkig;Oregon;Frühling;Entgleisung;Rail, Joint Bar and Rail Anchoring;Track, Roadbed and Structures;EinzelneWagen, Güterzug;65538.51934276508;Nicht Signifikant;False
1930;0414ST011;2014;4;24;15000.0;15000.0;0.0;15000.0;0;0;0;0;0;0;0;0;14.903185056657339;0;0;2;0;0;0;130.67276760464793;09;A;3;Hauptstrecke;H402;92;Heiß (>= 32° C);Tag;Klar;Arizona;Frühling;Kollision;Main Track Authority;Human Factors;Wartungszug, Wartungszug;10853.835021707671;Nicht Signifikant;False
1931;0415FW018;2015;4;20;34982.0;34982.0;152.0;34830.0;0;0;0;2;0;0;0;0;24.78511310091924;0;0;4;0;0;1;262.8255698287027;09;A;1;Depot;H997;75;Warm (20° bis 31,99° C);Tag;Klar;Texas;Frühling;Kollision;Miscellaneous;Human Factors;Wartungszug, Wartungszug, Wartungszug, Wartungszug;32623.333022475053;Signifikant;True
1932;0415HO053;2015;4;29;30901.0;30901.0;238.0;30663.0;6;0;0;0;0;0;0;0;9.950937700897509;43;0;70;0;0;1;7774.889973591336;01;7;1;Depot;M404;75;Warm (20° bis 31,99° C);Abend;Wolkig;Texas;Frühling;Entgleisung;Unusual Operational Situations;Miscellaneous Causes;Depot/Rangieren, EinzelneWagen, Lokomotive;28086.711506998727;Nicht Signifikant;False
1933;0415LK016;2015;4;14;19530.0;19530.0;19230.0;300.0;2;0;0;0;0;0;0;0;1.9635609428485408;2;2;0;0;0;0;237.2564391184076;01;7;1;Depot;M411;65;Moderat (0° bis 19,99° C);Morgendämmerung;Wolkig;Arkansas;Frühling;Entgleisung;Unusual Operational Situations;Miscellaneous Causes;Depot/Rangieren, EinzelneWagen;18487.315410829233;Nicht Signifikant;False
1934;0415RS021;2015;4;16;24129.0;24129.0;0.0;24129.0;6;0;0;0;0;0;0;0;27.0;37;0;176;0;0;5;8464.0;04;7;4;Industriestrecke;H307;82;Warm (20° bis 31,99° C);Tag;Klar;Kalifornien;Frühling;Kollision;General Switching Rules;Human Factors;Depot/Rangieren, Güterzug;22527.3083745682;Nicht Signifikant;False
1935;0416KC001;2016;4;4;71008.0;71008.0;3690.0;67318.0;5;0;0;0;0;0;0;0;1.9635609428485408;111;2;111;0;0;1;18846.0;01;7;1;Depot;H306;50;Moderat (0° bis 19,99° C);Abend;Klar;Missouri;Frühling;Entgleisung;General Switching Rules;Human Factors;Depot/Rangieren, Güterzug;62397.188049209144;Nicht Signifikant;False
1936;0417LK005;2017;4;7;304336.0;304336.0;127446.0;176890.0;1;0;0;0;0;0;0;0;5.944983747097401;122;1;29;0;0;4;15359.0;01;7;1;Depot;M405;74;Warm (20° bis 31,99° C);Tag;Klar;Arkansas;Frühling;Entgleisung;Unusual Operational Situations;Miscellaneous Causes;Depot/Rangieren, EinzelneWagen;286299.1533396049;Signifikant;False
1937;0418FW027;2018;4;18;4224232.0;4224232.0;233290.0;3990942.0;8;3;0;2;0;0;0;0;64.6709701097681;132;13;0;0;0;0;7790.0;05;1;5;Hauptstrecke;M404;68;Warm (20° bis 31,99° C);Abend;Klar;Texas;Frühling;Kollision;Unusual Operational Situations;Miscellaneous Causes;Güterzug, Güterzug;3409938.6503067487;Schwer;False
1938;0418FW032;2018;4;21;132120.0;132120.0;4060.0;128060.0;2;0;0;0;0;0;0;0;7.0;3;1;0;0;0;0;313.0;01;7;1;Depot;T102;61;Moderat (0° bis 19,99° C);Tag;Wolkig;Texas;Frühling;Entgleisung;Track Geometry;Track, Roadbed and Structures;Depot/Rangieren, EinzelneWagen;107542.86954634252;Nicht Signifikant;False
1939;0418HO022;2018;4;13;52277.0;52277.0;99.0;52178.0;4;0;0;0;0;0;0;0;5.5;6;0;154;0;0;1;7293.0;04;1;X;Industriestrecke;H307;73;Warm (20° bis 31,99° C);Abend;Wolkig;Texas;Frühling;Kollision;General Switching Rules;Human Factors;Güterzug, Güterzug;42442.96500771292;Nicht Signifikant;False
1940;0418LK006;2018;4;7;614837.0;614837.0;180824.0;434013.0;4;0;0;0;0;0;0;0;7.0;80;0;51;0;0;5;11972.0;01;7;1;Depot;E40C;65;Moderat (0° bis 19,99° C);Abend;Klar;Arkansas;Frühling;Entgleisung;Truck Components;Mechanical and Electrical Failures;Depot/Rangieren, Depot/Rangieren;501607.47307734145;Signifikant;False
1941;0418LK023;2018;4;15;277796.0;277796.0;78732.0;199064.0;2;0;0;0;0;0;0;0;8.931050850284048;144;2;77;0;0;7;21150.0;01;6;1;Depot;T221;44;Moderat (0° bis 19,99° C);Abend;Wolkig;Arkansas;Frühling;Entgleisung;Rail, Joint Bar and Rail Anchoring;Track, Roadbed and Structures;EinzelneWagen, Güterzug;224893.5423806568;Signifikant;False
1942;0418NP013;2018;4;16;16590.0;16590.0;0.0;16590.0;0;0;0;0;0;0;0;0;19.879963561968417;0;0;6;0;0;0;252.45840844860157;09;A;4;Hauptstrecke;H997;51;Moderat (0° bis 19,99° C);Tag;Klar;Iowa;Frühling;Kollision;Miscellaneous;Human Factors;Wartungszug, Wartungszug;13411.479385610346;Nicht Signifikant;False
1943;0419GL035;2019;4;22;20262.0;20262.0;66.0;20196.0;2;0;0;0;0;0;0;0;4.5;1;0;12;0;0;0;432.0;04;7;1;Depot;M105;68;Warm (20° bis 31,99° C);Abend;Klar;Iowa;Frühling;Kollision;Environmental Conditions;Environmental Conditions;Depot/Rangieren, EinzelneWagen;18017.072736973147;Nicht Signifikant;False
1944;0419ST064;2019;4;29;51731.0;51731.0;5210.0;46521.0;7;0;0;0;0;0;0;0;2.958916643910756;74;3;173;0;0;2;14575.0;01;1;1;Depot;H702;61;Moderat (0° bis 19,99° C);Abend;Klar;Kalifornien;Frühling;Entgleisung;Switches, Use of;Human Factors;Güterzug, Güterzug;46395.51569506727;Nicht Signifikant;False
1945;0420001;1985;1;9;10450.0;10450.0;6000.0;4450.0;2;0;0;0;0;0;0;0;2.958916643910756;174;2;23;0;0;3;19049.21795546047;04;7;1;Depot;E39C;22;Kalt (-30° - 0,01° C);Abend;Wolkig;New York;Winter;Kollision;Coupler and Draft System;Mechanical and Electrical Failures;Depot/Rangieren, EinzelneWagen;8864.195436423784;Nicht Signifikant;False
1946;0420001;1985;4;17;11175.0;11175.0;8200.0;2975.0;4;1;0;0;0;0;0;0;3.0;24;0;131;0;0;3;4300.0;04;7;1;Depot;S099;45;Moderat (0° bis 19,99° C);Tag;Wolkig;New York;Frühling;Kollision;other software/programming deficiencies, etc.);Signal and Communication;Depot/Rangieren, Güterzug;9479.175502587157;Nicht Signifikant;False
1947;0420001;1987;3;1;10000.0;10000.0;1500.0;8500.0;4;1;0;4;0;0;0;0;4.949628046035187;111;1;2;0;0;0;10700.0;04;7;1;Depot;H702;35;Moderat (0° bis 19,99° C);Morgendämmerung;Wolkig;New York;Winter;Kollision;Switches, Use of;Human Factors;Depot/Rangieren, Güterzug;8482.483671218932;Signifikant;False
1948;0420002;1985;3;29;36700.0;36700.0;2250.0;34450.0;2;0;0;0;0;0;0;0;6.5;126;4;128;0;0;4;16467.0;04;7;1;Depot;H401;58;Moderat (0° bis 19,99° C);Tag;Wolkig;New York;Frühling;Kollision;Main Track Authority;Human Factors;Depot/Rangieren, Güterzug;31130.71507337348;Nicht Signifikant;False
1949;0420GL009;2020;4;13;120598.0;120598.0;38533.0;82065.0;2;0;0;0;0;0;0;0;7.897112238754931;150;2;12;0;0;5;8056.0;01;6;1;Depot;T101;31;Kalt (-30° - 0,01° C);Tag;Klar;Nebraska;Frühling;Entgleisung;Track Geometry;Track, Roadbed and Structures;EinzelneWagen, EinzelneWagen, EinzelneWagen, EinzelneWagen, Güterzug;110197.55477987537;Nicht Signifikant;False
1950;0420TO024;2020;4;16;20199.0;20199.0;99.0;20100.0;3;0;0;0;0;0;0;0;22.866030665155062;95;0;1;0;0;1;13396.816418421731;09;1;4;Hauptstrecke;H402;69;Warm (20° bis 31,99° C);Tag;Klar;Texas;Frühling;Kollision;Main Track Authority;Human Factors;Güterzug, Wartungszug;18551.616458486405;Nicht Signifikant;False
1951;042512;2012;4;25;246400.0;246400.0;42000.0;50800.0;4;0;0;0;0;0;0;0;7.5;0;0;58;0;0;8;1800.8745733117782;01;1;1;Hauptstrecke;T401;68;Warm (20° bis 31,99° C);Tag;Wolkig;Indiana;Frühling;Entgleisung;Other Way and Structure;Track, Roadbed and Structures;Güterzug, Güterzug;186581.85673178858;Signifikant;False
1952;0430001;1988;1;24;17430.0;17430.0;4080.0;13350.0;4;0;0;0;0;0;0;0;5.5;85;3;17;0;0;0;8892.0;01;7;1;Hauptstrecke;E40C;38;Moderat (0° bis 19,99° C);Abend;Regen;New York;Winter;Entgleisung;Truck Components;Mechanical and Electrical Failures;Depot/Rangieren, Güterzug;14784.9690389346;Nicht Signifikant;False
1953;0430001;1988;3;19;8469.0;8469.0;7869.0;600.0;4;0;0;0;0;0;0;0;3.0;40;0;121;0;0;1;8305.572598502014;04;7;1;Depot;H306;30;Kalt (-30° - 0,01° C);Tag;Wolkig;New York;Winter;Kollision;General Switching Rules;Human Factors;Depot/Rangieren, Depot/Rangieren;7183.815421155314;Nicht Signifikant;False
1954;0430002;1985;10;3;13950.0;13950.0;0.0;13950.0;3;0;0;0;0;0;0;0;14.903185056657339;36;1;49;0;0;0;7143.256439118408;05;7;1;Depot;H302;37;Moderat (0° bis 19,99° C);Abend;Klar;New York;Herbst;Kollision;General Switching Rules;Human Factors;Depot/Rangieren, EinzelneWagen;11833.06472135041;Nicht Signifikant;True
1955;0430003;1988;11;18;204895.0;204895.0;35000.0;169895.0;8;0;0;0;0;0;0;0;32.0;184;28;28;0;0;0;15705.0;01;1;4;Hauptstrecke;E00C;40;Moderat (0° bis 19,99° C);Tag;Wolkig;New York;Herbst;Entgleisung;Brakes;Mechanical and Electrical Failures;Güterzug, Güterzug;173801.8491814403;Signifikant;False
1956;04302019A;2019;4;30;41000.0;41000.0;0.0;41000.0;4;0;0;0;0;0;0;0;3.9542723449729715;10;1;40;0;0;0;2444.819641912606;05;7;1;Depot;H306;42;Moderat (0° bis 19,99° C);Abend;Wolkig;Washington;Frühling;Kollision;General Switching Rules;Human Factors;Depot/Rangieren, Depot/Rangieren;36548.40435015155;Nicht Signifikant;False
1957;0485ID202;1985;4;11;15594.0;15594.0;8294.0;7300.0;6;3;0;0;0;0;0;0;5.5;83;5;129;0;0;0;12500.0;05;1;1;Depot;H702;46;Moderat (0° bis 19,99° C);Abend;Klar;Idaho;Frühling;Kollision;Switches, Use of;Human Factors;Güterzug, Güterzug;13227.585036898803;Nicht Signifikant;False
1958;0485OR201;1985;4;3;75600.0;75600.0;0.0;75600.0;2;1;0;0;0;0;0;0;41.77778898533715;4;4;0;0;0;0;603.2458092909593;04;6;4;Depot;H603;48;Moderat (0° bis 19,99° C);Abend;Wolkig;Oregon;Frühling;Kollision;Speed;Human Factors;EinzelneWagen, Lokomotive;64127.57655441513;Nicht Signifikant;False
1959;048609606;1986;4;30;43950.0;43950.0;300.0;43650.0;6;0;0;0;0;0;0;0;5.926644996129869;68;1;39;0;0;8;8530.92309410178;01;6;1;Depot;H999;80;Warm (20° bis 31,99° C);Tag;Klar;Tennessee;Frühling;Entgleisung;Miscellaneous;Human Factors;EinzelneWagen, EinzelneWagen, Güterzug;37280.51573500721;Nicht Signifikant;False
1960;0486ID204;1986;4;25;27884.0;27884.0;0.0;27884.0;1;1;0;0;0;0;0;0;14.903185056657339;8;0;10;0;0;2;1422.3141449400334;02;6;X;Industriestrecke;H302;33;Moderat (0° bis 19,99° C);Abend;Wolkig;Idaho;Frühling;Kollision;General Switching Rules;Human Factors;EinzelneWagen, Güterzug;23652.55746882687;Nicht Signifikant;True
1961;0486KV203;1986;4;12;9500.0;9500.0;0.0;9500.0;1;0;0;0;0;0;0;0;4.932837394713583;40;0;47;0;0;4;6056.162438427425;01;7;1;Depot;H312;69;Warm (20° bis 31,99° C);Abend;Klar;Texas;Frühling;Entgleisung;General Switching Rules;Human Factors;Depot/Rangieren, EinzelneWagen, EinzelneWagen;8058.3594876579855;Nicht Signifikant;False