index;INCDTNO;YEAR4;MONTH;DAY;ACCDMG;INFRASTRUCTURE_DMG;TRKDMG;EQPDMG;LOCOMOTIVES1;LOCOMOTIVES2;RREMPKLD;RREMPINJ;PASSKLD;PASSINJ;OTHERKLD;OTHERINJ;SPEED;LOADF1;LOADF2;EMPTYF1;EMPTYP1;LOADP1;EMPTYF2;TONS;TYPE;TYPEQ;TRKCLAS;TYPTRK;ACCAUSE;TEMP;TEMP_CLUSTER;VISIBLTY;WEATHER;STATE;Jahreszeit;ACCIDENT_TYPE;ACCCAUSE_LVL1;ACCCAUSE_LVL2;EQUIPMENT_TYPE;ACCDMG_EUR;ACCTYPE;SPD_TOO_HIGH
1962;0486NO201;1986;4;9;44700.0;44700.0;2200.0;42500.0;4;0;0;0;0;0;0;0;5.0;45;2;65;0;0;6;3124.0;04;7;1;Depot;H999;68;Warm (20° bis 31,99° C);Tag;Wolkig;Texas;Frühling;Kollision;Miscellaneous;Human Factors;Depot/Rangieren, Güterzug;37916.70201034863;Nicht Signifikant;False
1963;0486NP201;1986;4;10;20000.0;20000.0;0.0;20000.0;0;0;0;0;0;0;0;0;2.958916643910756;30;1;0;0;0;0;3502.111724058239;04;6;2;Depot;H301;55;Moderat (0° bis 19,99° C);Abend;Klar;Nebraska;Frühling;Kollision;General Switching Rules;Human Factors;EinzelneWagen, EinzelneWagen;16964.967342437863;Nicht Signifikant;False
1964;0486NP202;1986;4;23;40000.0;40000.0;0.0;40000.0;1;0;0;0;0;0;0;0;2.958916643910756;50;0;90;0;0;0;7834.254517223983;04;6;2;Depot;M199;68;Warm (20° bis 31,99° C);Abenddämmerung;Regen;Nebraska;Frühling;Kollision;Environmental Conditions;Environmental Conditions;EinzelneWagen, Güterzug;33929.93468487573;Nicht Signifikant;False
1965;048703122;1987;4;29;18100.0;18100.0;0.0;18100.0;3;0;0;2;0;0;0;0;12.5;139;0;1;0;0;0;17865.336383802325;02;5;2;Hauptstrecke;H305;80;Warm (20° bis 31,99° C);Tag;Klar;Kentucky;Frühling;Kollision;General Switching Rules;Human Factors;EinzelneWagen, Güterzug;15353.295444906267;Signifikant;False
1966;0487ID204;1987;4;24;10300.0;10300.0;3000.0;7300.0;5;0;0;0;0;0;0;0;9.926406551346263;30;2;59;0;0;1;4595.889973591336;04;1;X;Depot;E46C;80;Warm (20° bis 31,99° C);Tag;Klar;Utah;Frühling;Kollision;Truck Components;Mechanical and Electrical Failures;Güterzug, Lokomotive;8736.9581813555;Nicht Signifikant;True
1967;0487LA206;1987;4;15;12300.0;12300.0;200.0;12100.0;4;0;0;0;0;0;0;0;5.0;38;0;49;0;0;1;5110.0;04;1;1;Depot;H306;72;Warm (20° bis 31,99° C);Abenddämmerung;Klar;Louisiana;Frühling;Kollision;General Switching Rules;Human Factors;Güterzug, Güterzug;10433.454915599286;Nicht Signifikant;False
1968;0487OR028;1987;4;25;106125.0;106125.0;125.0;106000.0;8;1;0;2;0;0;0;0;15.0;0;0;0;0;0;0;69.7799471826711;02;8;1;Depot;H603;65;Moderat (0° bis 19,99° C);Tag;Klar;Oregon;Frühling;Kollision;Speed;Human Factors;Lokomotive, Lokomotive;90020.35796081091;Signifikant;True
1969;0487OR202;1987;4;7;133200.0;133200.0;35500.0;97700.0;7;1;0;0;0;0;0;0;16.0;106;12;0;0;0;0;6489.0;04;1;4;Hauptstrecke;H299;52;Moderat (0° bis 19,99° C);Tag;Klar;Oregon;Frühling;Kollision;Flagging, Fixed, Hand and Radio Signals;Human Factors;Güterzug, Güterzug;112986.68250063618;Nicht Signifikant;False
1970;048801021;1988;4;24;19700.0;19700.0;1500.0;18200.0;0;0;0;0;0;0;0;0;5.0;83;1;65;0;0;3;11514.711991681406;04;6;1;Depot;H018;70;Warm (20° bis 31,99° C);Tag;Wolkig;Georgia;Frühling;Kollision;Brakes, Use of;Human Factors;EinzelneWagen, EinzelneWagen;16710.492832301297;Nicht Signifikant;False
1971;048801024;1988;4;6;62000.0;62000.0;0.0;62000.0;2;0;0;1;0;0;0;0;10.0;0;0;0;0;0;0;69.7799471826711;02;8;1;Depot;H403;40;Moderat (0° bis 19,99° C);Abend;Wolkig;Tennessee;Frühling;Kollision;Main Track Authority;Human Factors;Lokomotive, Lokomotive;52591.39876155738;Signifikant;False
1972;048812038;1988;4;28;6500.0;6500.0;0.0;6500.0;2;0;0;0;0;0;0;0;2.0;38;0;13;0;0;6;4797.245619753784;04;7;1;Depot;H307;75;Warm (20° bis 31,99° C);Abend;Klar;Florida;Frühling;Kollision;General Switching Rules;Human Factors;Depot/Rangieren, Depot/Rangieren;5513.614386292306;Nicht Signifikant;False
1973;0488GR210;1988;4;27;27600.0;27600.0;4000.0;23600.0;4;0;0;0;0;0;0;0;9.5;5;2;90;0;0;4;3423.882209291176;04;7;1;Depot;H702;38;Moderat (0° bis 19,99° C);Abend;Klar;Wyoming;Frühling;Kollision;Switches, Use of;Human Factors;Depot/Rangieren, Depot/Rangieren;23411.654932564255;Nicht Signifikant;False
1974;0488KE007;1988;4;22;55500.0;55500.0;14000.0;41500.0;5;0;0;2;0;0;0;0;49.740634593834876;68;4;54;0;0;5;8499.0;01;1;4;Hauptstrecke;E00C;85;Warm (20° bis 31,99° C);Tag;Klar;Missouri;Frühling;Entgleisung;Brakes;Mechanical and Electrical Failures;Güterzug, Güterzug;47077.78437526507;Signifikant;False
1975;0488LU207;1988;4;2;5615.0;5615.0;0.0;5615.0;2;0;0;0;0;0;0;0;3.9542723449729715;1;0;19;0;0;0;762.0191657207096;04;7;1;Depot;H306;90;Heiß (>= 32° C);Tag;Klar;Louisiana;Frühling;Kollision;General Switching Rules;Human Factors;Depot/Rangieren, EinzelneWagen;4762.91458138943;Nicht Signifikant;False
1976;0488LU211;1988;4;8;7500.0;7500.0;0.0;7500.0;2;0;0;0;0;0;0;0;3.0;19;0;4;0;0;0;2352.956654082536;04;7;1;Depot;H306;75;Warm (20° bis 31,99° C);Abend;Wolkig;Louisiana;Frühling;Kollision;General Switching Rules;Human Factors;Depot/Rangieren, EinzelneWagen;6361.8627534142;Nicht Signifikant;False
1977;0488SP203;1988;4;28;20000.0;20000.0;0.0;20000.0;2;0;0;0;0;0;0;0;6.0;7;0;11;0;0;0;924.8899735913355;04;1;2;Depot;H212;70;Warm (20° bis 31,99° C);Abend;Wolkig;Oregon;Frühling;Kollision;Flagging, Fixed, Hand and Radio Signals;Human Factors;Güterzug, Lokomotive;16964.967342437863;Nicht Signifikant;False
1978;0488UT209;1988;4;23;9100.0;9100.0;500.0;8600.0;4;1;0;0;0;0;0;0;19.879963561968417;3;1;4;0;0;0;552.4469026122138;03;7;2;Depot;H702;40;Moderat (0° bis 19,99° C);Abend;Wolkig;Utah;Frühling;Kollision;Switches, Use of;Human Factors;Depot/Rangieren, Lokomotive;7719.060140809229;Nicht Signifikant;False
1979;0488UT213;1988;4;28;10500.0;10500.0;8000.0;2500.0;6;0;0;0;0;0;0;0;21.870674964092846;50;3;97;0;0;2;9066.0;01;1;2;Hauptstrecke;M599;38;Moderat (0° bis 19,99° C);Abend;Klar;Nevada;Frühling;Entgleisung;Other Miscellaneous;Miscellaneous Causes;Güterzug, Güterzug;8906.607854779879;Nicht Signifikant;False
1980;048901047;1989;4;30;13000.0;13000.0;0.0;13000.0;4;1;0;0;0;0;0;0;5.0;2;2;0;0;0;0;336.5128782368152;04;6;1;Depot;H017;60;Moderat (0° bis 19,99° C);Abend;Wolkig;South Carolina;Frühling;Kollision;Brakes, Use of;Human Factors;EinzelneWagen, Lokomotive;11027.228772584613;Nicht Signifikant;False
1981;048903027;1989;4;19;28150.0;28150.0;20000.0;8150.0;5;0;0;0;0;0;0;0;42.0;29;1;44;0;0;1;4562.191945296145;01;1;4;Hauptstrecke;E52C;55;Moderat (0° bis 19,99° C);Abend;Wolkig;Kentucky;Frühling;Entgleisung;Axles and Journal Bearings;Mechanical and Electrical Failures;Güterzug, Güterzug;23878.191534481295;Nicht Signifikant;False
1982;048905041;1989;4;21;16850.0;16850.0;400.0;16450.0;4;0;0;0;0;0;0;0;5.0;73;0;104;0;0;4;11546.418738238963;05;7;1;Depot;H307;70;Warm (20° bis 31,99° C);Tag;Klar;North Carolina;Frühling;Kollision;General Switching Rules;Human Factors;Depot/Rangieren, Depot/Rangieren;14292.984986003901;Nicht Signifikant;False
1983;048908024;1989;4;17;909900.0;909900.0;11500.0;898400.0;6;2;1;1;0;0;0;0;32.0;103;20;130;0;0;2;15186.0;04;1;4;Hauptstrecke;M405;50;Moderat (0° bis 19,99° C);Abend;Nebel;Alabama;Frühling;Kollision;Unusual Operational Situations;Miscellaneous Causes;Güterzug, Güterzug;771821.1892442107;Schwer;False
1984;048912004;1989;4;2;7700.0;7700.0;400.0;7300.0;2;0;0;0;0;0;0;0;15.0;2;0;4;0;0;2;422.04050632395547;04;7;2;Depot;M407;47;Moderat (0° bis 19,99° C);Abend;Klar;Georgia;Frühling;Kollision;Unusual Operational Situations;Miscellaneous Causes;Depot/Rangieren, Depot/Rangieren;6531.512426838578;Nicht Signifikant;False
1985;048922030;1989;4;3;12650.0;12650.0;0.0;12650.0;3;0;0;0;0;0;0;0;2.0;74;1;56;0;0;1;10200.182883948803;04;6;1;Depot;M407;55;Moderat (0° bis 19,99° C);Abend;Regen;Maryland;Frühling;Kollision;Unusual Operational Situations;Miscellaneous Causes;EinzelneWagen, Güterzug;10730.34184409195;Nicht Signifikant;False
1986;048923043;1989;4;30;19180.0;19180.0;300.0;18880.0;4;0;0;0;0;0;0;0;4.0;11;1;25;0;0;3;2106.321017135259;01;7;1;Depot;T309;45;Moderat (0° bis 19,99° C);Abend;Nebel;Pennsylvania;Frühling;Entgleisung;Frogs, Switches and Track Appliances;Track, Roadbed and Structures;Depot/Rangieren, Depot/Rangieren;16269.403681397913;Nicht Signifikant;False
1987;0489NL217;1989;4;25;20700.0;20700.0;0.0;20700.0;2;0;0;0;0;0;0;0;7.935695149221832;26;0;101;0;0;0;6102.560416253222;04;7;1;Depot;M407;85;Warm (20° bis 31,99° C);Tag;Klar;Arkansas;Frühling;Kollision;Unusual Operational Situations;Miscellaneous Causes;Depot/Rangieren, EinzelneWagen;17558.74119942319;Nicht Signifikant;False
1988;0489NV201;1989;4;13;16000.0;16000.0;0.0;16000.0;2;0;0;0;0;0;0;0;19.879963561968417;44;0;0;1;0;0;3309.9023526591927;03;5;4;Hauptstrecke;H999;70;Warm (20° bis 31,99° C);Tag;Klar;Nevada;Frühling;Kollision;Miscellaneous;Human Factors;EinzelneWagen, Güterzug;13571.973873950292;Nicht Signifikant;False
1989;0489SP204;1989;4;25;34300.0;34300.0;5000.0;29300.0;1;0;0;0;0;0;0;0;5.944983747097401;46;4;6;0;0;0;5892.207173972113;01;6;3;Depot;E69C;55;Moderat (0° bis 19,99° C);Tag;Klar;Washington;Frühling;Entgleisung;Wheels;Mechanical and Electrical Failures;EinzelneWagen, Güterzug;29094.91899228094;Nicht Signifikant;False
1990;0489UT204;1989;4;9;6100.0;6100.0;2000.0;4100.0;1;0;0;0;0;0;0;0;5.0;1;0;12;0;0;4;554.8144327214181;04;7;2;Depot;H310;65;Moderat (0° bis 19,99° C);Tag;Klar;Utah;Frühling;Kollision;General Switching Rules;Human Factors;Depot/Rangieren, EinzelneWagen;5174.315039443549;Nicht Signifikant;False
1991;0489VB201;1989;4;3;42354.0;42354.0;24054.0;18300.0;4;0;0;0;0;0;0;0;4.949628046035187;98;10;3;0;0;2;13056.742863252126;01;6;1;Depot;H505;60;Moderat (0° bis 19,99° C);Tag;Wolkig;Kansas;Frühling;Entgleisung;Train Handling/Train Makeup;Human Factors;EinzelneWagen, Güterzug;35926.71134108066;Nicht Signifikant;False
1992;049001008;1990;4;8;26100.0;26100.0;0.0;26100.0;2;0;0;0;0;0;0;0;4.949628046035187;10;0;2;0;0;0;1268.2470128972327;04;7;1;Depot;H702;45;Moderat (0° bis 19,99° C);Tag;Klar;South Carolina;Frühling;Kollision;Switches, Use of;Human Factors;Depot/Rangieren, EinzelneWagen;22139.282381881414;Nicht Signifikant;False
1993;049001053;1990;4;17;8500.0;8500.0;0.0;8500.0;7;0;0;2;0;0;0;0;1.0;6;0;7;0;0;0;965.449365835141;02;1;1;Hauptstrecke;H020;70;Warm (20° bis 31,99° C);Abend;Klar;Georgia;Frühling;Kollision;Brakes, Use of;Human Factors;Güterzug, Lokomotive;7210.111120536093;Signifikant;False
1994;049003045;1990;4;25;39500.0;39500.0;0.0;39500.0;2;1;0;0;0;0;0;0;20.0;43;0;0;0;0;0;4961.349201940785;03;6;2;Depot;H999;85;Warm (20° bis 31,99° C);Tag;Klar;Kentucky;Frühling;Kollision;Miscellaneous;Human Factors;EinzelneWagen, Lokomotive;33505.81050131478;Nicht Signifikant;False
1995;049003056;1990;4;24;19770.0;19770.0;0.0;19770.0;2;0;0;0;0;0;0;0;3.0;12;0;0;0;0;0;1434.8690415337728;03;7;2;Depot;H306;60;Moderat (0° bis 19,99° C);Abend;Klar;Kentucky;Frühling;Kollision;General Switching Rules;Human Factors;Depot/Rangieren, EinzelneWagen;16769.87021799983;Nicht Signifikant;False
1996;049008042;1990;4;23;20200.0;20200.0;20000.0;200.0;4;0;0;1;0;0;0;0;23.86138636621728;91;0;0;0;0;0;657.6473981205941;03;5;2;Hauptstrecke;H404;75;Warm (20° bis 31,99° C);Tag;Klar;Alabama;Frühling;Kollision;Main Track Authority;Human Factors;EinzelneWagen, Güterzug;17134.617015862244;Signifikant;False
1997;049008062;1990;4;28;20100.0;20100.0;4300.0;15800.0;6;1;0;0;0;0;0;0;9.926406551346263;144;3;18;0;0;1;18402.677986757484;03;1;4;Hauptstrecke;H215;70;Warm (20° bis 31,99° C);Tag;Wolkig;Alabama;Frühling;Kollision;Flagging, Fixed, Hand and Radio Signals;Human Factors;Güterzug, Güterzug;17049.792179150056;Nicht Signifikant;False
1998;049027065;1990;4;25;11550.0;11550.0;0.0;11550.0;4;0;0;1;0;0;0;0;3.0;155;0;0;0;0;0;20460.0;04;1;1;Depot;H401;50;Moderat (0° bis 19,99° C);Abend;Klar;Kentucky;Frühling;Kollision;Main Track Authority;Human Factors;Güterzug, Güterzug;9797.268640257867;Signifikant;False
1999;0490LU204;1990;4;9;7500.0;7500.0;0.0;7500.0;5;0;0;0;0;0;0;0;7.935695149221832;0;0;0;0;0;0;69.7799471826711;02;8;1;Depot;H999;70;Warm (20° bis 31,99° C);Tag;Wolkig;Louisiana;Frühling;Kollision;Miscellaneous;Human Factors;Lokomotive, Lokomotive;6361.8627534142;Nicht Signifikant;False
2000;0490LU220;1990;4;20;10795.0;10795.0;200.0;10595.0;4;0;0;0;0;0;0;0;4.949628046035187;73;7;10;0;0;0;9946.35407570122;01;6;1;Depot;T314;70;Warm (20° bis 31,99° C);Tag;Klar;Texas;Frühling;Entgleisung;Frogs, Switches and Track Appliances;Track, Roadbed and Structures;EinzelneWagen, Güterzug;9156.841123080838;Nicht Signifikant;False
2001;0490MW206;1990;4;9;6950.0;6950.0;800.0;6150.0;4;0;0;0;0;0;0;0;3.5;47;2;17;0;0;0;5790.29637537694;04;7;1;Depot;H306;45;Moderat (0° bis 19,99° C);Abend;Klar;Missouri;Frühling;Kollision;General Switching Rules;Human Factors;Depot/Rangieren, Güterzug;5895.326151497158;Nicht Signifikant;False
2002;0490RR203;1990;4;6;9629.0;9629.0;500.0;9129.0;2;0;0;0;0;0;0;0;1.9635609428485408;3;1;17;0;0;2;951.210304593877;04;7;1;Depot;H020;50;Moderat (0° bis 19,99° C);Abend;Wolkig;Arkansas;Frühling;Kollision;Brakes, Use of;Human Factors;Depot/Rangieren, EinzelneWagen;8167.78352701671;Nicht Signifikant;False
2003;0491006;1991;3;15;40888.0;40888.0;0.0;40888.0;3;0;0;0;0;0;0;0;4.949628046035187;0;0;0;3;0;0;127.5942293842565;02;2;1;Depot;H601;34;Moderat (0° bis 19,99° C);Abend;Schnee;Pennsylvania;Winter;Kollision;Speed;Human Factors;Personenzug, Personenzug;34683.17923487997;Nicht Signifikant;False
2004;049101032;1991;4;21;920000.0;920000.0;0.0;920000.0;8;3;0;0;0;0;0;0;10.0;0;0;0;0;0;0;69.7799471826711;02;8;1;Depot;H601;48;Moderat (0° bis 19,99° C);Abend;Klar;Georgia;Frühling;Kollision;Speed;Human Factors;Lokomotive, Lokomotive;780388.4977521418;Signifikant;False
2005;049103003;1991;4;2;81100.0;81100.0;3000.0;78100.0;2;0;0;0;0;0;0;0;9.0;46;1;65;0;0;5;7176.292133421728;04;6;1;Depot;H020;60;Moderat (0° bis 19,99° C);Tag;Klar;Kentucky;Frühling;Kollision;Brakes, Use of;Human Factors;EinzelneWagen, Güterzug;68792.94257358555;Nicht Signifikant;False
2006;0491CR916;1991;4;11;12350.0;12350.0;4000.0;8350.0;2;1;0;0;0;0;0;0;6.5;27;0;31;0;0;3;3946.0;04;7;1;Depot;H999;57;Moderat (0° bis 19,99° C);Tag;Klar;Washington;Frühling;Kollision;Miscellaneous;Human Factors;Depot/Rangieren, Depot/Rangieren;10475.867333955382;Nicht Signifikant;False
2007;0491GR908;1991;4;6;24500.0;24500.0;0.0;24500.0;4;0;0;0;0;0;0;0;3.9542723449729715;0;0;3;0;0;3;165.55928167385701;04;6;1;Hauptstrecke;H702;30;Kalt (-30° - 0,01° C);Abend;Klar;Idaho;Frühling;Kollision;Switches, Use of;Human Factors;EinzelneWagen, Lokomotive;20782.084994486384;Nicht Signifikant;False
2008;0491NL916;1991;4;23;17450.0;17450.0;0.0;17450.0;3;2;0;0;0;0;0;0;5.0;115;2;113;0;0;0;16631.546203884714;04;7;1;Depot;H305;65;Moderat (0° bis 19,99° C);Abend;Wolkig;Arkansas;Frühling;Kollision;General Switching Rules;Human Factors;Depot/Rangieren, Depot/Rangieren;14801.934006277037;Nicht Signifikant;False
2009;049205022;1992;4;20;19800.0;19800.0;800.0;19000.0;6;1;0;0;0;0;0;0;2.0;3;0;91;0;0;2;3393.8899735913355;04;1;1;Depot;H017;62;Moderat (0° bis 19,99° C);Abend;Wolkig;South Carolina;Frühling;Kollision;Brakes, Use of;Human Factors;Güterzug, Lokomotive;16795.317669013486;Nicht Signifikant;False
2010;049221017;1992;4;14;35500.0;35500.0;500.0;35000.0;2;0;0;0;0;0;0;0;2.0;0;0;50;0;0;1;1593.5804923514988;05;7;1;Depot;H306;70;Warm (20° bis 31,99° C);Tag;Klar;Kentucky;Frühling;Kollision;General Switching Rules;Human Factors;Depot/Rangieren, Depot/Rangieren;30112.81703282721;Nicht Signifikant;False
2011;049305046;1993;4;26;12900.0;12900.0;0.0;12900.0;2;0;0;0;0;0;0;0;5.0;16;0;14;0;0;0;2316.1484826046444;04;7;1;Depot;H306;70;Warm (20° bis 31,99° C);Tag;Regen;Virginia;Frühling;Kollision;General Switching Rules;Human Factors;Depot/Rangieren, Depot/Rangieren;10942.403935872422;Nicht Signifikant;False
2012;049312;1993;4;12;8798.0;8798.0;500.0;8298.0;2;0;0;0;0;0;0;0;5.0;14;0;22;0;0;1;2333.684949853442;04;7;1;Depot;M599;44;Moderat (0° bis 19,99° C);Tag;Klar;Illinois;Frühling;Kollision;Other Miscellaneous;Miscellaneous Causes;Depot/Rangieren, EinzelneWagen;7462.889133938417;Nicht Signifikant;False
2013;049319;1993;4;16;17665.0;17665.0;100.0;17565.0;2;0;0;0;0;0;0;0;3.0;30;2;12;0;0;4;3892.997826065541;04;6;3;Depot;M408;38;Moderat (0° bis 19,99° C);Abend;Regen;Illinois;Frühling;Kollision;Unusual Operational Situations;Miscellaneous Causes;EinzelneWagen, Güterzug;14984.307405208245;Nicht Signifikant;False
2014;0493HO006;1993;4;8;18000.0;18000.0;0.0;18000.0;3;0;0;0;0;0;0;0;4.932837394713583;25;1;1;0;0;0;3313.983781922918;01;7;1;Depot;H602;60;Moderat (0° bis 19,99° C);Tag;Wolkig;Texas;Frühling;Entgleisung;Speed;Human Factors;Depot/Rangieren, EinzelneWagen, EinzelneWagen;15268.470608194079;Nicht Signifikant;False
2015;0493SL023;1993;4;30;14800.0;14800.0;0.0;14800.0;2;0;0;3;0;0;0;0;11.917117953470694;4;2;0;0;0;0;564.0277272953322;04;6;3;Depot;H602;65;Moderat (0° bis 19,99° C);Abend;Klar;Missouri;Frühling;Kollision;Speed;Human Factors;EinzelneWagen, Lokomotive;12554.07583340402;Signifikant;False
2016;049407023;1994;4;25;32800.0;32800.0;1800.0;31000.0;3;0;0;0;0;0;0;0;30.0;58;0;57;0;0;0;8246.434520766887;05;6;3;Hauptstrecke;M201;75;Warm (20° bis 31,99° C);Tag;Klar;Kentucky;Frühling;Kollision;Loading Procedures;Loading;EinzelneWagen, Güterzug;27822.546441598097;Nicht Signifikant;False
2017;049410;1994;4;8;30400.0;30400.0;400.0;30000.0;3;0;0;0;0;0;0;0;7.0;28;0;41;0;0;2;4506.250721891247;04;7;1;Depot;H212;56;Moderat (0° bis 19,99° C);Tag;Klar;Illinois;Frühling;Kollision;Flagging, Fixed, Hand and Radio Signals;Human Factors;Depot/Rangieren, Depot/Rangieren;25786.750360505554;Nicht Signifikant;False
2018;0494LK003;1994;4;3;27800.0;27800.0;1000.0;26800.0;6;0;0;0;0;0;0;0;2.958916643910756;126;2;91;0;0;2;17216.016918303627;01;7;1;Depot;H399;53;Moderat (0° bis 19,99° C);Tag;Wolkig;Arkansas;Frühling;Entgleisung;General Switching Rules;Human Factors;Depot/Rangieren, Depot/Rangieren;23581.304605988633;Nicht Signifikant;False
2019;0494LK008;1994;4;18;14500.0;14500.0;0.0;14500.0;1;0;0;0;0;0;0;0;4.949628046035187;16;4;15;0;0;0;1771.2564391184076;01;7;1;Depot;T305;56;Moderat (0° bis 19,99° C);Abend;Klar;Arkansas;Frühling;Entgleisung;Frogs, Switches and Track Appliances;Track, Roadbed and Structures;Depot/Rangieren, EinzelneWagen;12299.601323267452;Nicht Signifikant;False
2020;0494ST002;1994;4;6;24240.0;24240.0;5000.0;19240.0;5;0;0;1;0;0;0;0;0.0;86;3;5;0;0;0;8738.889973591336;04;1;1;Depot;T319;62;Moderat (0° bis 19,99° C);Tag;Klar;Texas;Frühling;Kollision;Frogs, Switches and Track Appliances;Track, Roadbed and Structures;Güterzug, Lokomotive;20561.540419034693;Signifikant;False
2021;0495HO007;1995;4;16;83950.0;83950.0;200.0;83750.0;8;0;0;0;0;0;0;0;11.5;139;0;23;0;0;4;15163.0;03;1;4;Hauptstrecke;H017;70;Warm (20° bis 31,99° C);Tag;Wolkig;Arkansas;Frühling;Kollision;Brakes, Use of;Human Factors;Güterzug, Güterzug;71210.45041988294;Nicht Signifikant;False
2022;0495WT008;1995;4;24;17312.0;17312.0;0.0;17312.0;2;0;0;0;0;0;0;0;2.958916643910756;58;0;11;0;0;0;7002.621082200535;04;7;1;Depot;H310;50;Moderat (0° bis 19,99° C);Tag;Wolkig;Utah;Frühling;Kollision;General Switching Rules;Human Factors;Depot/Rangieren, EinzelneWagen;14684.875731614216;Nicht Signifikant;False
2023;049605006;1996;4;11;47000.0;47000.0;500.0;46500.0;1;0;0;0;0;0;0;0;1.0;28;3;35;0;0;16;4403.119868290454;04;7;1;Depot;H306;50;Moderat (0° bis 19,99° C);Tag;Wolkig;Virginia;Frühling;Kollision;General Switching Rules;Human Factors;Depot/Rangieren, EinzelneWagen;39867.67325472898;Nicht Signifikant;False
2024;049621024;1996;4;20;32755.0;32755.0;100.0;32655.0;3;0;0;0;0;0;0;0;1.0;12;0;18;0;0;1;1984.384459950971;04;7;1;Depot;H499;38;Moderat (0° bis 19,99° C);Morgendämmerung;Klar;Illinois;Frühling;Kollision;Main Track Authority;Human Factors;Depot/Rangieren, Depot/Rangieren;27784.375265077615;Nicht Signifikant;False
2025;049623007;1996;4;13;40674.0;40674.0;2000.0;38674.0;3;0;0;0;0;0;0;0;4.0;71;5;6;0;0;4;9506.855038861966;01;1;1;Depot;T220;35;Moderat (0° bis 19,99° C);Abend;Wolkig;Michigan;Frühling;Entgleisung;Rail, Joint Bar and Rail Anchoring;Track, Roadbed and Structures;Güterzug, Güterzug;34501.65408431589;Nicht Signifikant;False
2026;0496CB023;1996;4;29;105000.0;105000.0;0.0;105000.0;2;0;0;0;0;0;0;0;49.740634593834876;113;0;1;0;0;0;13738.336383802323;03;5;4;Hauptstrecke;H499;52;Moderat (0° bis 19,99° C);Tag;Wolkig;Nebraska;Frühling;Kollision;Main Track Authority;Human Factors;EinzelneWagen, Güterzug;89066.0785477988;Nicht Signifikant;False
2027;0496FW002;1996;4;8;9000.0;9000.0;0.0;9000.0;2;0;0;0;0;0;0;0;1.9635609428485408;27;1;16;0;0;2;3650.942083085092;01;7;1;Depot;H306;65;Moderat (0° bis 19,99° C);Abend;Wolkig;Texas;Frühling;Entgleisung;General Switching Rules;Human Factors;Depot/Rangieren, EinzelneWagen;7634.235304097039;Nicht Signifikant;False
2028;0496LK004;1996;4;19;338500.0;338500.0;2000.0;336500.0;11;0;0;2;0;0;0;0;21.82756661879046;151;6;94;0;0;2;18884.0;01;1;4;Hauptstrecke;H204;86;Warm (20° bis 31,99° C);Tag;Wolkig;Arkansas;Frühling;Entgleisung;Flagging, Fixed, Hand and Radio Signals;Human Factors;Güterzug, Güterzug, Güterzug;287132.07227076084;Signifikant;False
2029;0496PR005;1996;4;19;41152.0;41152.0;6000.0;35152.0;4;0;0;0;0;0;0;0;5.0;41;0;72;0;0;0;1873.647398120594;01;1;1;Depot;H799;58;Moderat (0° bis 19,99° C);Abend;Regen;Illinois;Frühling;Entgleisung;Switches, Use of;Human Factors;Güterzug, Güterzug;34907.11680380015;Nicht Signifikant;False
2030;0496VB006;1996;4;24;58944.0;58944.0;500.0;58444.0;2;0;0;0;0;0;0;0;3.9542723449729715;13;2;45;0;0;0;3013.765555732107;01;7;1;Depot;E31C;75;Warm (20° bis 31,99° C);Tag;Klar;Kansas;Frühling;Entgleisung;Coupler and Draft System;Mechanical and Electrical Failures;Depot/Rangieren, EinzelneWagen;49999.151751632875;Nicht Signifikant;False
2031;0496VB012;1996;4;25;15958.0;15958.0;7500.0;8458.0;2;0;0;0;0;0;0;0;3.9542723449729715;0;0;45;0;0;1;2343.818177811104;01;7;1;Depot;H312;65;Moderat (0° bis 19,99° C);Abend;Klar;Arkansas;Frühling;Entgleisung;General Switching Rules;Human Factors;Depot/Rangieren, EinzelneWagen;13536.347442531172;Nicht Signifikant;False
2032;049701028;1997;4;26;37318.0;37318.0;250.0;37068.0;2;0;0;0;0;0;0;0;3.0;4;3;2;0;0;2;647.4896579539363;05;7;1;Depot;H306;60;Moderat (0° bis 19,99° C);Abend;Regen;Louisiana;Frühling;Kollision;General Switching Rules;Human Factors;Depot/Rangieren, Depot/Rangieren;31654.932564254814;Nicht Signifikant;False
2033;049712025;1997;4;24;85938.0;85938.0;3000.0;82938.0;4;0;0;1;0;0;0;0;5.0;50;3;30;0;0;0;6729.870602968688;04;7;1;Depot;H306;68;Warm (20° bis 31,99° C);Abend;Klar;Florida;Frühling;Kollision;General Switching Rules;Human Factors;Depot/Rangieren, Depot/Rangieren;72896.76817372126;Signifikant;False
2034;0497ET027;1997;4;22;45000.0;45000.0;0.0;45000.0;4;0;0;0;0;0;0;0;2.958916643910756;69;1;8;0;0;2;5554.256439118408;01;5;5;Hauptstrecke;M405;60;Moderat (0° bis 19,99° C);Abend;Wolkig;Texas;Frühling;Entgleisung;Unusual Operational Situations;Miscellaneous Causes;EinzelneWagen, Güterzug;38171.1765204852;Nicht Signifikant;False