index;INCDTNO;YEAR4;MONTH;DAY;ACCDMG;INFRASTRUCTURE_DMG;TRKDMG;EQPDMG;LOCOMOTIVES1;LOCOMOTIVES2;RREMPKLD;RREMPINJ;PASSKLD;PASSINJ;OTHERKLD;OTHERINJ;SPEED;LOADF1;LOADF2;EMPTYF1;EMPTYP1;LOADP1;EMPTYF2;TONS;TYPE;TYPEQ;TRKCLAS;TYPTRK;ACCAUSE;TEMP;TEMP_CLUSTER;VISIBLTY;WEATHER;STATE;Jahreszeit;ACCIDENT_TYPE;ACCCAUSE_LVL1;ACCCAUSE_LVL2;EQUIPMENT_TYPE;ACCDMG_EUR;ACCTYPE;SPD_TOO_HIGH
2035;0497KC005;1997;4;12;10155.0;10155.0;200.0;9955.0;2;0;0;0;0;0;0;0;5.944983747097401;20;0;23;0;0;4;1855.6962699388623;01;7;1;Depot;T220;35;Moderat (0° bis 19,99° C);Tag;Wolkig;Kansas;Frühling;Entgleisung;Rail, Joint Bar and Rail Anchoring;Track, Roadbed and Structures;Depot/Rangieren, EinzelneWagen;8613.962168122825;Nicht Signifikant;False
2036;0497PV004;1997;4;5;94778.0;94778.0;0.0;94778.0;2;0;0;0;0;0;0;0;5.944983747097401;1;0;0;0;0;0;183.53737171192955;03;5;4;Hauptstrecke;M101;-9;Kalt (-30° - 0,01° C);Abend;Schnee;Nebraska;Frühling;Kollision;Environmental Conditions;Environmental Conditions;EinzelneWagen, Lokomotive;80395.2837390788;Nicht Signifikant;False
2037;0497TC001;1997;4;1;22714.0;22714.0;500.0;22214.0;3;0;0;0;0;0;0;0;8.0;56;2;43;0;0;0;8371.0;08;7;1;Depot;H699;36;Moderat (0° bis 19,99° C);Abend;Klar;Iowa;Frühling;Bahnübergang;Speed;Human Factors;Depot/Rangieren, Güterzug;19267.113410806684;Nicht Signifikant;False
2038;049801008;1998;4;4;21158.0;21158.0;1000.0;20158.0;4;0;0;0;0;0;0;0;4.0;111;0;82;0;0;8;15205.29998418667;01;7;1;Depot;H302;60;Moderat (0° bis 19,99° C);Abend;Klar;Georgia;Frühling;Entgleisung;General Switching Rules;Human Factors;Depot/Rangieren, Depot/Rangieren;17947.238951565017;Nicht Signifikant;False
2039;049821005;1998;4;9;59734.0;59734.0;3590.0;56144.0;4;2;0;0;0;0;0;0;5.0;61;2;35;0;0;7;8042.669308082522;01;1;1;Depot;T110;50;Moderat (0° bis 19,99° C);Tag;Regen;Indiana;Frühling;Entgleisung;Track Geometry;Track, Roadbed and Structures;Güterzug, Güterzug;50669.26796165917;Nicht Signifikant;False
2040;0498CE032;1998;4;25;77200.0;77200.0;4000.0;73200.0;5;0;0;0;0;0;0;0;15.0;73;7;49;0;0;0;431.62290464547965;01;1;2;Hauptstrecke;H018;48;Moderat (0° bis 19,99° C);Abend;Regen;Colorado;Frühling;Entgleisung;Brakes, Use of;Human Factors;Güterzug, Güterzug;65484.773941810156;Nicht Signifikant;False
2041;0498PD010;1998;4;6;12000.0;12000.0;0.0;12000.0;5;0;0;0;0;0;0;0;3.5;30;0;42;0;0;0;6120.0;04;7;1;Depot;H702;50;Moderat (0° bis 19,99° C);Abend;Wolkig;Oregon;Frühling;Kollision;Switches, Use of;Human Factors;Depot/Rangieren, Lokomotive;10178.980405462718;Nicht Signifikant;False
2042;0498PD033;1998;4;29;1298840.0;1298840.0;75835.0;1223000.0;7;3;0;0;0;0;0;0;22.866030665155062;194;12;0;0;0;0;26600.0;03;1;5;Hauptstrecke;H020;45;Moderat (0° bis 19,99° C);Tag;Klar;Idaho;Frühling;Kollision;Brakes, Use of;Human Factors;Güterzug, Güterzug;1101738.9091525998;Signifikant;False
2043;0498UT014;1998;4;15;91200.0;91200.0;2500.0;88700.0;2;0;0;0;0;0;0;0;4.949628046035187;7;0;86;0;0;2;3251.4461839000487;01;7;1;Depot;H203;41;Moderat (0° bis 19,99° C);Tag;Wolkig;Utah;Frühling;Entgleisung;Flagging, Fixed, Hand and Radio Signals;Human Factors;Depot/Rangieren, EinzelneWagen;77360.25108151666;Nicht Signifikant;False
2044;049901027;1999;4;26;24143.0;24143.0;0.0;24143.0;6;1;0;0;0;0;0;0;5.0;26;0;1;0;0;0;3057.91939515438;04;7;1;Depot;H401;65;Moderat (0° bis 19,99° C);Abend;Wolkig;Alabama;Frühling;Kollision;Main Track Authority;Human Factors;Depot/Rangieren, Depot/Rangieren;22746.372715281705;Nicht Signifikant;False
2045;049904012;1999;4;21;22050.0;22050.0;0.0;22050.0;3;0;0;0;0;0;0;0;3.0;0;0;103;0;0;8;1591.5861267561618;01;6;1;Industriestrecke;T210;50;Moderat (0° bis 19,99° C);Abend;Klar;Kentucky;Frühling;Entgleisung;Rail, Joint Bar and Rail Anchoring;Track, Roadbed and Structures;EinzelneWagen, Güterzug;20829.397317211413;Nicht Signifikant;False
2046;049905012;1999;4;9;8117.0;8117.0;0.0;8117.0;2;0;0;0;0;0;0;0;4.0;12;6;2;0;0;2;1616.376177181445;04;7;1;Depot;M599;50;Moderat (0° bis 19,99° C);Abend;Klar;North Carolina;Frühling;Kollision;Other Miscellaneous;Miscellaneous Causes;Depot/Rangieren, Depot/Rangieren;7531.08183336426;Nicht Signifikant;False
2047;049906035;1999;4;22;17006.0;17006.0;3000.0;14006.0;4;0;0;0;0;0;0;0;4.0;45;0;36;0;0;1;6286.414853214293;04;7;1;Depot;H699;80;Warm (20° bis 31,99° C);Tag;Klar;Georgia;Frühling;Kollision;Speed;Human Factors;Depot/Rangieren, Depot/Rangieren;16072.204895567525;Nicht Signifikant;False
2048;049906054;1999;4;29;577166.0;577166.0;256500.0;320666.0;4;0;0;0;0;0;0;0;18.0;70;5;79;0;0;9;10618.0;01;1;2;Hauptstrecke;E24C;55;Moderat (0° bis 19,99° C);Abend;Regen;Georgia;Frühling;Entgleisung;Body;Mechanical and Electrical Failures;Güterzug, Güterzug;544290.8336476801;Signifikant;False
2049;049907035;1999;4;17;8627.0;8627.0;0.0;8627.0;3;0;0;0;0;0;0;0;5.0;18;0;1;0;0;0;2147.859998920312;04;7;1;Depot;H999;60;Moderat (0° bis 19,99° C);Tag;Klar;Ohio;Frühling;Kollision;Miscellaneous;Human Factors;Depot/Rangieren, Depot/Rangieren;8094.895533591893;Nicht Signifikant;False
2050;049927023;1999;4;23;38544.0;38544.0;4135.0;34409.0;4;0;0;0;0;0;0;0;5.0;228;2;0;0;0;0;27245.0;01;1;1;Depot;T220;50;Moderat (0° bis 19,99° C);Tag;Klar;Ohio;Frühling;Entgleisung;Rail, Joint Bar and Rail Anchoring;Track, Roadbed and Structures;Güterzug, Güterzug;36246.003385367694;Nicht Signifikant;False
2051;049929010;1999;4;24;17180.0;17180.0;0.0;17180.0;3;0;0;0;0;0;0;0;8.0;66;1;58;0;0;1;9364.750833968279;04;7;1;Depot;H702;40;Moderat (0° bis 19,99° C);Abend;Klar;Illinois;Frühling;Kollision;Switches, Use of;Human Factors;Depot/Rangieren, Depot/Rangieren;16165.861614704223;Nicht Signifikant;False
2052;0499ET007;1999;4;15;1029070.0;1029070.0;82000.0;947073.0;5;2;0;1;0;0;0;0;27.84280917046614;124;9;13;0;0;0;10818.0;03;1;4;Hauptstrecke;H215;70;Warm (20° bis 31,99° C);Tag;Klar;Texas;Frühling;Kollision;Flagging, Fixed, Hand and Radio Signals;Human Factors;Güterzug, Güterzug;954079.3621361024;Signifikant;False
2053;0499FW013;1999;4;22;91462.0;91462.0;63449.0;28013.0;4;0;0;0;0;0;0;0;5.0;126;3;88;0;0;2;17262.0;04;7;1;Depot;S011;65;Moderat (0° bis 19,99° C);Abend;Klar;Texas;Frühling;Kollision;SIGNAL AND COMMUNICATION;Signal and Communication;Depot/Rangieren, Depot/Rangieren;86439.84500519799;Nicht Signifikant;False
2054;0499KC012;1999;4;9;29075.0;29075.0;575.0;28500.0;2;0;0;0;0;0;0;0;2.958916643910756;23;0;38;0;0;2;3714.0;01;7;1;Depot;T110;51;Moderat (0° bis 19,99° C);Abend;Wolkig;Kansas;Frühling;Entgleisung;Track Geometry;Track, Roadbed and Structures;Depot/Rangieren, EinzelneWagen;26976.247912414176;Nicht Signifikant;False
2055;0499NP017;1999;4;25;25236.0;25236.0;1100.0;24136.0;4;0;0;0;0;0;0;0;3.5;27;3;14;0;0;1;2934.8899735913355;04;1;1;Depot;H306;45;Moderat (0° bis 19,99° C);Abend;Regen;Nebraska;Frühling;Kollision;General Switching Rules;Human Factors;Güterzug, Lokomotive;23761.220262381525;Nicht Signifikant;False
2056;050004023;2000;5;26;16799.0;16799.0;145.0;16654.0;1;0;0;0;0;0;0;0;10.0;57;0;0;0;0;0;6553.953145350403;04;7;1;Depot;H020;79;Warm (20° bis 31,99° C);Tag;Klar;Kentucky;Frühling;Kollision;Brakes, Use of;Human Factors;Depot/Rangieren, EinzelneWagen;18373.61916220059;Nicht Signifikant;False
2057;050005024;2000;5;20;781529.0;781529.0;13000.0;768529.0;3;1;0;0;0;0;0;0;2.0;132;3;1;0;0;1;19124.0;04;1;2;Hauptstrecke;H215;91;Heiß (>= 32° C);Tag;Klar;South Carolina;Frühling;Kollision;Flagging, Fixed, Hand and Radio Signals;Human Factors;Güterzug, Güterzug;876481.1214953272;Signifikant;False
2058;050030022;2000;5;18;10411.0;10411.0;0.0;10411.0;2;0;0;0;0;0;0;0;2.0;8;0;36;0;0;0;2075.9101110123215;05;7;1;Depot;H601;60;Moderat (0° bis 19,99° C);Abend;Klar;New York;Frühling;Kollision;Speed;Human Factors;Depot/Rangieren, EinzelneWagen;11642.80921494073;Nicht Signifikant;False
2059;050033006;2000;5;3;22249.0;22249.0;0.0;22249.0;3;0;0;0;0;0;0;0;1.0;60;0;75;0;0;0;8755.95278704777;04;7;1;Depot;H306;60;Moderat (0° bis 19,99° C);Abend;Klar;Pennsylvania;Frühling;Kollision;General Switching Rules;Human Factors;Depot/Rangieren, Güterzug;24962.4144508022;Nicht Signifikant;False
2060;0500CE002;2000;5;4;117087.0;117087.0;69779.0;47308.0;7;0;0;0;0;0;0;0;15.0;130;2;0;0;0;0;14048.0;01;1;3;Hauptstrecke;M204;48;Moderat (0° bis 19,99° C);Abenddämmerung;Wolkig;Wyoming;Frühling;Entgleisung;Loading Procedures;Loading;Güterzug, Güterzug;130867.32983122834;Nicht Signifikant;False
2061;0500LK036;2000;5;30;20439.0;20439.0;250.0;20189.0;1;0;0;0;0;0;0;0;4.949628046035187;41;0;29;0;0;2;4077.0;01;7;1;Depot;M409;75;Warm (20° bis 31,99° C);Tag;Klar;Arkansas;Frühling;Entgleisung;Unusual Operational Situations;Miscellaneous Causes;Depot/Rangieren, EinzelneWagen;21838.871674324182;Nicht Signifikant;False
2062;0500PD014;2000;5;9;13131.0;13131.0;7500.0;5631.0;5;0;0;0;0;0;0;0;2.958916643910756;71;2;30;0;0;0;5179.0;01;7;2;Depot;H702;62;Moderat (0° bis 19,99° C);Abenddämmerung;Regen;Washington;Frühling;Entgleisung;Switches, Use of;Human Factors;Depot/Rangieren, Güterzug;14625.751837825796;Nicht Signifikant;False
2063;050101038;2001;5;6;60200.0;60200.0;100.0;60100.0;2;0;0;0;0;0;0;0;2.0;70;0;17;0;0;0;8550.388637817567;04;7;1;Depot;H601;83;Warm (20° bis 31,99° C);Tag;Klar;Louisiana;Frühling;Kollision;Speed;Human Factors;Depot/Rangieren, Depot/Rangieren;67445.9424132651;Nicht Signifikant;False
2064;050101060;2001;5;17;9759.0;9759.0;0.0;9759.0;1;0;0;0;0;0;0;0;3.0;2;0;0;0;0;0;297.294796241188;04;7;1;Depot;H302;86;Warm (20° bis 31,99° C);Tag;Klar;Georgia;Frühling;Kollision;General Switching Rules;Human Factors;Depot/Rangieren, EinzelneWagen;11070.901871809416;Nicht Signifikant;False
2065;050106027;2001;5;28;24183.0;24183.0;300.0;23883.0;1;0;0;0;0;0;0;0;9.0;17;4;1;0;0;0;2112.538738382308;03;7;1;Depot;H306;85;Warm (20° bis 31,99° C);Tag;Klar;Georgia;Frühling;Kollision;General Switching Rules;Human Factors;Depot/Rangieren, EinzelneWagen;28172.180801491144;Nicht Signifikant;False
2066;050107020;2001;5;18;26296.0;26296.0;0.0;26296.0;2;1;0;0;0;0;0;0;3.0;2;1;32;0;0;0;1293.8899735913355;01;1;1;Depot;H017;85;Warm (20° bis 31,99° C);Tag;Klar;Kentucky;Frühling;Entgleisung;Brakes, Use of;Human Factors;Güterzug, Lokomotive;29960.123048877747;Nicht Signifikant;False
2067;050121007;2001;5;11;134474.0;134474.0;0.0;134474.0;2;0;0;0;0;0;0;0;4.0;66;5;0;0;0;0;8618.256439118408;04;5;1;Industriestrecke;M501;79;Warm (20° bis 31,99° C);Abend;Klar;Kentucky;Frühling;Kollision;Other Miscellaneous;Miscellaneous Causes;EinzelneWagen, Güterzug;153281.65963752422;Signifikant;False
2068;050122004;2001;5;7;14334.0;14334.0;0.0;14334.0;1;0;0;0;0;0;0;0;2.0;2;0;8;0;0;2;543.8261471679091;04;7;1;Depot;H020;60;Moderat (0° bis 19,99° C);Abenddämmerung;Klar;Delaware;Frühling;Kollision;Brakes, Use of;Human Factors;Depot/Rangieren, EinzelneWagen;16071.308442650521;Nicht Signifikant;False
2069;05012507;2005;1;25;11143.0;11143.0;1143.0;10000.0;5;0;0;0;0;0;0;0;3.0;59;1;16;0;0;0;4374.0;04;7;1;Depot;H310;65;Moderat (0° bis 19,99° C);Abenddämmerung;Klar;Louisiana;Winter;Kollision;General Switching Rules;Human Factors;Depot/Rangieren, Güterzug;8555.086372360845;Nicht Signifikant;False
2070;050129013;2001;5;8;106556.0;106556.0;0.0;106556.0;3;0;0;0;0;0;0;0;6.0;39;2;0;0;0;0;4545.537585819378;03;7;2;Industriestrecke;H306;55;Moderat (0° bis 19,99° C);Abend;Wolkig;Illinois;Frühling;Kollision;General Switching Rules;Human Factors;Depot/Rangieren, EinzelneWagen;120184.97631400857;Nicht Signifikant;False
2071;05013001;2005;1;30;24000.0;24000.0;0.0;24000.0;2;0;0;0;0;0;0;0;4.0;29;0;42;0;0;0;4556.0;04;7;1;Depot;H318;52;Moderat (0° bis 19,99° C);Abend;Klar;Louisiana;Winter;Kollision;General Switching Rules;Human Factors;Depot/Rangieren, Depot/Rangieren;18411.967779056384;Nicht Signifikant;False
2072;050131005;2001;5;7;114757.0;114757.0;1755.0;113002.0;1;0;0;0;0;0;0;0;8.0;70;1;45;0;0;2;9284.922140428644;04;6;1;Depot;H702;65;Moderat (0° bis 19,99° C);Tag;Wolkig;Ohio;Frühling;Kollision;Switches, Use of;Human Factors;EinzelneWagen, Güterzug;128665.7697051239;Nicht Signifikant;False
2073;050133012;2001;5;23;16853.0;16853.0;400.0;16453.0;3;0;0;0;0;0;0;0;3.0;18;3;138;0;0;0;5505.0;04;1;1;Depot;H702;66;Moderat (0° bis 19,99° C);Tag;Klar;Maryland;Frühling;Kollision;Switches, Use of;Human Factors;Güterzug, Güterzug;19630.75131042516;Nicht Signifikant;False
2074;050195101;1995;1;20;155250.0;155250.0;500.0;154750.0;4;1;0;1;0;0;0;0;18.0;9;0;19;0;0;3;1676.5186658129978;04;7;1;Depot;H699;34;Moderat (0° bis 19,99° C);Morgendämmerung;Wolkig;Texas;Winter;Kollision;Speed;Human Factors;Depot/Rangieren, Lokomotive;131690.55899567393;Signifikant;True
2075;0501PD034;2001;5;25;89333.0;89333.0;27948.0;61385.0;4;0;0;0;0;0;0;0;12.91247365453291;58;16;0;0;0;0;4659.0;01;7;1;Depot;M405;74;Warm (20° bis 31,99° C);Tag;Klar;Oregon;Frühling;Entgleisung;Unusual Operational Situations;Miscellaneous Causes;Depot/Rangieren, Güterzug;103984.40228145734;Nicht Signifikant;True
2076;0501RS032;2001;5;19;14105.0;14105.0;1500.0;12605.0;6;2;0;0;0;0;0;0;2.0;89;0;9;0;0;0;8340.0;04;7;1;Hauptstrecke;H403;40;Moderat (0° bis 19,99° C);Abend;Klar;Nevada;Frühling;Kollision;Main Track Authority;Human Factors;Depot/Rangieren, Güterzug;16084.461000456136;Nicht Signifikant;False
2077;0501WH014;2001;5;19;33788.0;33788.0;6650.0;27138.0;1;0;0;0;0;0;0;0;4.949628046035187;12;0;31;0;0;3;2066.8164184217308;01;7;1;Depot;H306;50;Moderat (0° bis 19,99° C);Abend;Klar;Arkansas;Frühling;Entgleisung;General Switching Rules;Human Factors;Depot/Rangieren, EinzelneWagen;38529.724798540374;Nicht Signifikant;False
2078;050201019;2002;5;12;25247.0;25247.0;0.0;25247.0;1;0;0;0;0;0;0;0;4.0;11;0;20;0;0;1;1931.5198558436896;04;7;1;Depot;H301;78;Warm (20° bis 31,99° C);Abend;Klar;Georgia;Frühling;Kollision;General Switching Rules;Human Factors;Depot/Rangieren, EinzelneWagen;27689.18622504935;Nicht Signifikant;False
2079;050201021;2002;5;14;11872.0;11872.0;100.0;11772.0;2;0;0;0;0;0;0;0;5.0;25;0;41;0;0;1;4163.498413684065;04;7;1;Depot;H306;65;Moderat (0° bis 19,99° C);Morgendämmerung;Klar;Louisiana;Frühling;Kollision;General Switching Rules;Human Factors;Depot/Rangieren, EinzelneWagen;13100.860737144118;Nicht Signifikant;False
2080;05020901;2005;2;9;49899.0;49899.0;94.0;49805.0;7;0;0;1;0;0;0;0;5.0;77;1;22;0;0;0;9217.889973591336;04;1;1;Hauptstrecke;H702;19;Kalt (-30° - 0,01° C);Abend;Schnee;Missouri;Winter;Kollision;Switches, Use of;Human Factors;Güterzug, Lokomotive;39099.67089797837;Signifikant;False
2081;05021604;2005;2;16;48597.0;48597.0;4589.0;44008.0;5;0;0;0;0;0;0;0;4.932837394713583;100;2;92;0;0;5;16275.0;04;7;1;Depot;H211;60;Moderat (0° bis 19,99° C);Abend;Klar;Mississippi;Winter;Kollision;Flagging, Fixed, Hand and Radio Signals;Human Factors;Depot/Rangieren, Depot/Rangieren, Güterzug;37267.63803680982;Nicht Signifikant;False
2082;05021605;2005;2;16;229663.0;229663.0;0.0;229663.0;6;0;0;0;0;0;0;0;4.0;146;0;59;0;0;0;20097.0;04;7;1;Depot;H306;55;Moderat (0° bis 19,99° C);Abend;Klar;Louisiana;Winter;Kollision;General Switching Rules;Human Factors;Depot/Rangieren, Depot/Rangieren;176121.93251533742;Signifikant;False
2083;05021901;2005;2;19;73690.0;73690.0;2198.0;71492.0;5;1;0;0;0;0;0;0;5.5;48;0;3;0;0;0;5880.0;04;7;1;Depot;H607;48;Moderat (0° bis 19,99° C);Abend;Wolkig;Louisiana;Winter;Kollision;Speed;Human Factors;Depot/Rangieren, Güterzug;56491.963304627796;Nicht Signifikant;False
2084;050230027;2002;5;17;9419.0;9419.0;0.0;9419.0;5;0;0;2;0;0;0;0;15.0;11;0;0;0;0;0;1134.8899735913355;03;1;2;Nebenstrecke;H604;70;Warm (20° bis 31,99° C);Tag;Klar;New York;Frühling;Kollision;Speed;Human Factors;Güterzug, Lokomotive;10291.73951048951;Signifikant;False
2085;050231001;2002;5;1;34521.0;34521.0;0.0;34521.0;1;0;0;0;0;0;0;0;6.0;43;2;0;0;0;0;5000.567283936412;04;7;1;Depot;H302;60;Moderat (0° bis 19,99° C);Abend;Regen;Indiana;Frühling;Kollision;General Switching Rules;Human Factors;Depot/Rangieren, EinzelneWagen;38271.61862527716;Nicht Signifikant;False
2086;050231040;2002;5;30;70011.0;70011.0;2500.0;67511.0;0;0;0;0;0;0;0;0;5.0;17;1;2;0;0;2;2087.1180948386695;04;6;1;Depot;H499;87;Warm (20° bis 31,99° C);Tag;Klar;Indiana;Frühling;Kollision;Main Track Authority;Human Factors;EinzelneWagen, EinzelneWagen;74678.4;Nicht Signifikant;False
2087;050294;1994;2;18;26950.0;26950.0;900.0;26050.0;2;0;0;0;0;0;0;0;7.0;10;0;17;0;0;1;1726.423200681466;04;7;1;Depot;H399;40;Moderat (0° bis 19,99° C);Abend;Wolkig;Iowa;Winter;Kollision;General Switching Rules;Human Factors;Depot/Rangieren, Depot/Rangieren;22860.293493935023;Nicht Signifikant;False
2088;0502CE003;2002;5;6;23414.0;23414.0;0.0;23414.0;0;0;0;0;0;0;0;0;7.935695149221832;19;1;16;0;0;1;2739.402652231617;01;5;1;Depot;H601;46;Moderat (0° bis 19,99° C);Tag;Klar;Wyoming;Frühling;Entgleisung;Speed;Human Factors;EinzelneWagen, EinzelneWagen;25605.86176727909;Nicht Signifikant;False
2089;0502KC012;2002;5;11;14462.0;14462.0;14022.0;440.0;4;0;0;0;0;0;0;0;3.0;49;1;68;0;0;0;8005.0;04;7;1;Depot;H306;51;Moderat (0° bis 19,99° C);Abend;Regen;Kansas;Frühling;Kollision;General Switching Rules;Human Factors;Depot/Rangieren, Depot/Rangieren;15860.934415441981;Nicht Signifikant;False
2090;0502KC021;2002;5;22;43867.0;43867.0;6000.0;37867.0;4;0;0;0;0;0;0;0;7.935695149221832;162;0;38;0;0;5;23307.0;01;7;1;Depot;T403;65;Moderat (0° bis 19,99° C);Tag;Klar;Kansas;Frühling;Entgleisung;Other Way and Structure;Track, Roadbed and Structures;Depot/Rangieren, Güterzug;47372.57019438445;Nicht Signifikant;False
2091;0502LA002;2002;5;1;7639.0;7639.0;300.0;7339.0;2;0;0;0;0;0;0;0;3.9542723449729715;3;3;2;0;0;1;711.6229046454796;01;7;1;Industriestrecke;H704;55;Moderat (0° bis 19,99° C);Tag;Wolkig;Kalifornien;Frühling;Entgleisung;Switches, Use of;Human Factors;Depot/Rangieren, EinzelneWagen;8468.957871396895;Nicht Signifikant;False
2092;0502LK027;2002;5;22;39566.0;39566.0;0.0;39566.0;3;0;0;0;0;0;0;0;6.5;99;0;115;0;0;2;15429.0;04;7;1;Depot;H306;70;Warm (20° bis 31,99° C);Tag;Klar;Arkansas;Frühling;Kollision;General Switching Rules;Human Factors;Depot/Rangieren, Depot/Rangieren;42727.86177105831;Nicht Signifikant;False
2093;0502LV009;2002;5;11;140976.0;140976.0;122785.0;18191.0;2;0;0;0;0;0;0;0;19.879963561968417;61;2;5;0;0;0;3363.013863647666;01;6;4;Hauptstrecke;T314;76;Warm (20° bis 31,99° C);Abend;Klar;Texas;Frühling;Entgleisung;Frogs, Switches and Track Appliances;Track, Roadbed and Structures;EinzelneWagen, Güterzug;154612.85369598595;Signifikant;False
2094;0502RS015;2002;5;10;18276.0;18276.0;100.0;18176.0;2;0;0;0;0;0;0;0;4.949628046035187;55;0;28;0;0;0;7950.889973591336;02;1;1;Depot;H399;45;Moderat (0° bis 19,99° C);Tag;Wolkig;Kalifornien;Frühling;Kollision;General Switching Rules;Human Factors;Güterzug, Lokomotive;20043.86926957666;Nicht Signifikant;False
2095;0502SL015;2002;5;29;1068110.0;1068110.0;828329.0;239778.0;5;2;0;2;0;0;0;0;9.5;128;7;32;0;0;11;12182.0;09;7;4;Hauptstrecke;M404;60;Moderat (0° bis 19,99° C);Abend;Wolkig;Missouri;Frühling;Kollision;Unusual Operational Situations;Miscellaneous Causes;Depot/Rangieren, Güterzug;1146040.7725321888;Signifikant;False
2096;0502UT001;2002;5;4;45473.0;45473.0;30364.0;15109.0;5;1;0;1;0;0;0;0;6.940339448159618;16;0;24;0;0;2;2997.8899735913355;04;7;1;Depot;H210;45;Moderat (0° bis 19,99° C);Abend;Klar;Utah;Frühling;Kollision;Flagging, Fixed, Hand and Radio Signals;Human Factors;Depot/Rangieren, Lokomotive;49952.032222629074;Signifikant;False
2097;050301001;2003;5;4;241035.0;241035.0;1500.0;239535.0;5;1;0;0;0;0;0;0;27.0;76;1;61;0;0;2;12760.0;03;1;4;Hauptstrecke;H999;76;Warm (20° bis 31,99° C);Tag;Nebel;Alabama;Frühling;Kollision;Miscellaneous;Human Factors;Güterzug, Güterzug;214730.51224944324;Signifikant;False
2098;05032001;2005;3;20;14470.0;14470.0;0.0;14470.0;4;0;0;0;0;0;0;0;5.0;83;0;87;0;0;0;13232.0;04;7;1;Depot;H307;50;Moderat (0° bis 19,99° C);Abend;Wolkig;Louisiana;Winter;Kollision;General Switching Rules;Human Factors;Depot/Rangieren, Depot/Rangieren;10940.847342288984;Nicht Signifikant;False
2099;050331003;2003;5;1;37344.0;37344.0;0.0;37344.0;3;0;0;0;0;0;0;0;2.958916643910756;0;0;50;0;0;0;1592.100457732092;04;7;1;Depot;H305;60;Moderat (0° bis 19,99° C);Abend;Klar;Ohio;Frühling;Kollision;General Switching Rules;Human Factors;Depot/Rangieren, Lokomotive;33387.572641931154;Nicht Signifikant;False
2100;0503CB005;2003;5;6;2634890.0;2634890.0;1727940.0;906948.0;5;0;0;0;0;0;0;0;55.5;132;27;42;0;0;4;13396.0;01;1;5;Hauptstrecke;T310;50;Moderat (0° bis 19,99° C);Abend;Wolkig;Iowa;Frühling;Entgleisung;Frogs, Switches and Track Appliances;Track, Roadbed and Structures;Güterzug, Güterzug;2322716.8547249646;Schwer;False
2101;0503CB015;2003;5;23;20198.0;20198.0;18000.0;2198.0;4;0;0;0;0;0;0;0;3.0;14;5;8;0;0;2;2017.9918333954788;01;7;1;Depot;H312;45;Moderat (0° bis 19,99° C);Abend;Wolkig;Iowa;Frühling;Entgleisung;General Switching Rules;Human Factors;Depot/Rangieren, Depot/Rangieren;17131.467345207802;Nicht Signifikant;False
2102;0503DV011;2003;5;20;1119990.0;1119990.0;402093.0;717892.0;9;1;0;0;0;0;0;0;19.879963561968417;115;15;105;0;0;0;18952.0;01;1;2;Hauptstrecke;T108;65;Moderat (0° bis 19,99° C);Abenddämmerung;Klar;Colorado;Frühling;Entgleisung;Track Geometry;Track, Roadbed and Structures;Güterzug, Güterzug;961860.1855032634;Signifikant;False
2103;0503HO033;2003;5;28;36343.0;36343.0;23000.0;13343.0;2;0;0;0;0;0;0;0;9.926406551346263;2;1;2;0;0;1;220.0;01;7;1;Depot;M405;92;Heiß (>= 32° C);Tag;Klar;Texas;Frühling;Entgleisung;Unusual Operational Situations;Miscellaneous Causes;Depot/Rangieren, EinzelneWagen;30961.83336173113;Nicht Signifikant;False
2104;0503KC003;2003;5;6;20215.0;20215.0;0.0;20215.0;4;1;0;0;0;0;0;0;8.0;32;2;30;0;0;0;2960.0;04;7;1;Depot;H399;59;Moderat (0° bis 19,99° C);Abend;Klar;Kansas;Frühling;Kollision;General Switching Rules;Human Factors;Depot/Rangieren, Güterzug;17819.992947813822;Nicht Signifikant;False
2105;0503NP005;2003;5;11;15195.0;15195.0;0.0;15195.0;4;0;0;0;0;0;0;0;4.0;9;0;46;0;0;3;2414.0;04;7;1;Depot;H210;40;Moderat (0° bis 19,99° C);Abend;Klar;Nebraska;Frühling;Kollision;Flagging, Fixed, Hand and Radio Signals;Human Factors;Depot/Rangieren, Depot/Rangieren;13152.048470859781;Nicht Signifikant;False
2106;0503NP019;2003;5;28;28370.0;28370.0;5000.0;23370.0;2;0;0;0;0;0;0;0;9.5;11;1;5;0;0;1;1687.0;01;7;2;Depot;S007;80;Warm (20° bis 31,99° C);Tag;Klar;Nebraska;Frühling;Entgleisung;SIGNAL AND COMMUNICATION;Signal and Communication;Depot/Rangieren, EinzelneWagen;24169.36445731811;Nicht Signifikant;False
2107;0503PD017;2003;5;12;10598.0;10598.0;3800.0;6798.0;2;0;0;0;0;0;0;0;4.949628046035187;69;3;59;0;0;1;9238.034889946433;01;7;1;Depot;M503;58;Moderat (0° bis 19,99° C);Tag;Klar;Oregon;Frühling;Entgleisung;Other Miscellaneous;Miscellaneous Causes;Depot/Rangieren, EinzelneWagen;9138.570319910323;Nicht Signifikant;False