index;INCDTNO;YEAR4;MONTH;DAY;ACCDMG;INFRASTRUCTURE_DMG;TRKDMG;EQPDMG;LOCOMOTIVES1;LOCOMOTIVES2;RREMPKLD;RREMPINJ;PASSKLD;PASSINJ;OTHERKLD;OTHERINJ;SPEED;LOADF1;LOADF2;EMPTYF1;EMPTYP1;LOADP1;EMPTYF2;TONS;TYPE;TYPEQ;TRKCLAS;TYPTRK;ACCAUSE;TEMP;TEMP_CLUSTER;VISIBLTY;WEATHER;STATE;Jahreszeit;ACCIDENT_TYPE;ACCCAUSE_LVL1;ACCCAUSE_LVL2;EQUIPMENT_TYPE;ACCDMG_EUR;ACCTYPE;SPD_TOO_HIGH
2108;0503PR013;2003;5;19;8030.0;8030.0;500.0;7530.0;3;0;0;0;0;0;0;0;4.949628046035187;1;1;1;0;0;1;235.07285754013844;01;7;1;Depot;H318;60;Moderat (0° bis 19,99° C);Tag;Nebel;Illinois;Frühling;Entgleisung;General Switching Rules;Human Factors;Depot/Rangieren, EinzelneWagen;6891.520768966701;Nicht Signifikant;False
2109;0503PR029;2003;5;30;14742.0;14742.0;2000.0;12742.0;2;1;0;0;0;0;0;0;3.5;0;0;0;0;0;0;69.7799471826711;04;8;1;Depot;H305;60;Moderat (0° bis 19,99° C);Abend;Wolkig;Illinois;Frühling;Kollision;General Switching Rules;Human Factors;Lokomotive, Lokomotive;12469.971240060904;Nicht Signifikant;False
2110;0503TS013;2003;5;21;2353460.0;2353460.0;872652.0;1480802.0;5;2;0;1;0;0;0;0;46.0;34;8;148;0;0;32;8281.0;01;1;5;Hauptstrecke;T109;104;Heiß (>= 32° C);Tag;Wolkig;Arizona;Frühling;Entgleisung;Track Geometry;Track, Roadbed and Structures;Güterzug, Güterzug;2013397.2110531267;Schwer;False
2111;05042102;2005;4;21;132498.0;132498.0;8661.0;123837.0;5;0;0;0;0;0;0;0;5.0;50;0;47;0;0;6;8489.0;04;7;1;Depot;H020;83;Warm (20° bis 31,99° C);Tag;Klar;Louisiana;Frühling;Kollision;Brakes, Use of;Human Factors;Depot/Rangieren, Güterzug;101468.8313677439;Nicht Signifikant;False
2112;050493105;1993;4;16;35350.0;35350.0;7000.0;28350.0;3;0;0;0;0;0;0;0;6.5;38;3;27;0;0;0;5244.0;04;7;1;Depot;H306;51;Moderat (0° bis 19,99° C);Abend;Wolkig;Texas;Frühling;Kollision;General Switching Rules;Human Factors;Depot/Rangieren, Depot/Rangieren;29985.579777758925;Nicht Signifikant;False
2113;0504FW025;2004;5;20;8500.0;8500.0;0.0;8500.0;6;0;0;0;0;0;0;0;4.0;16;0;25;0;0;0;3134.8899735913355;04;7;1;Depot;H302;72;Warm (20° bis 31,99° C);Tag;Klar;Texas;Frühling;Kollision;General Switching Rules;Human Factors;Depot/Rangieren, Lokomotive;7129.676228820668;Nicht Signifikant;False
2114;0504LA030;2004;5;31;124405.0;124405.0;2600.0;121805.0;4;1;0;0;0;0;0;0;2.958916643910756;42;3;0;0;0;0;2280.8899735913355;01;7;1;Depot;H702;95;Heiß (>= 32° C);Tag;Klar;Kalifornien;Frühling;Entgleisung;Switches, Use of;Human Factors;Depot/Rangieren, Lokomotive;101988.03082472537;Nicht Signifikant;False
2115;0504LK022;2004;5;20;76775.0;76775.0;2460.0;74315.0;4;1;0;1;0;0;0;0;4.0;49;0;25;0;0;0;5098.0;04;7;1;Depot;H307;80;Warm (20° bis 31,99° C);Tag;Klar;Arkansas;Frühling;Kollision;General Switching Rules;Human Factors;Depot/Rangieren, Depot/Rangieren;64397.75205502433;Signifikant;False
2116;0504LK026;2004;5;21;82118.0;82118.0;35000.0;47118.0;4;0;0;0;0;0;0;0;7.5;18;3;39;0;0;2;3315.0;04;7;1;Depot;H702;77;Warm (20° bis 31,99° C);Abend;Klar;Arkansas;Frühling;Kollision;Switches, Use of;Human Factors;Depot/Rangieren, Depot/Rangieren;68255.340370709;Nicht Signifikant;False
2117;0504LK031;2004;5;24;389703.0;389703.0;400.0;389303.0;4;1;0;0;0;0;0;0;25.852097768341707;99;2;40;0;0;0;8264.0;03;1;4;Hauptstrecke;H221;82;Warm (20° bis 31,99° C);Tag;Klar;Arkansas;Frühling;Kollision;Flagging, Fixed, Hand and Radio Signals;Human Factors;Güterzug, Güterzug;325620.8221925133;Signifikant;False
2118;0504LV022;2004;5;30;23884.0;23884.0;2484.0;21400.0;2;0;0;0;0;0;0;0;3.9542723449729715;30;0;35;0;0;1;5437.0;01;7;1;Depot;H306;88;Warm (20° bis 31,99° C);Abend;Klar;Louisiana;Frühling;Entgleisung;General Switching Rules;Human Factors;Depot/Rangieren, EinzelneWagen;19554.609464548877;Nicht Signifikant;False
2119;0504PR023;2004;5;24;8712.0;8712.0;933.0;7779.0;4;0;0;0;0;0;0;0;1.9635609428485408;131;1;19;0;0;0;10985.0;04;7;1;Depot;H306;75;Warm (20° bis 31,99° C);Tag;Klar;Illinois;Frühling;Kollision;General Switching Rules;Human Factors;Depot/Rangieren, Depot/Rangieren;7279.411764705882;Nicht Signifikant;False
2120;0504SA001;2004;5;3;1658590.0;1658590.0;178960.0;1479630.0;4;2;0;2;0;0;0;1;18.5;130;4;26;0;0;5;11249.0;05;1;4;Hauptstrecke;H221;58;Moderat (0° bis 19,99° C);Abend;Klar;Texas;Frühling;Kollision;Flagging, Fixed, Hand and Radio Signals;Human Factors;Güterzug, Güterzug;1387593.0728687358;Signifikant;False
2121;0504SL003;2004;5;6;117501.0;117501.0;0.0;117501.0;6;0;0;0;0;0;0;0;14.903185056657339;88;0;30;0;0;3;10562.0;03;1;4;Hauptstrecke;H605;65;Moderat (0° bis 19,99° C);Tag;Klar;Missouri;Frühling;Kollision;Speed;Human Factors;Güterzug, Güterzug;96980.02641135688;Nicht Signifikant;False
2122;0504UT001;2004;5;1;36920.0;36920.0;5000.0;31920.0;3;0;0;0;0;0;0;0;5.944983747097401;37;2;58;0;0;1;6710.0;01;7;1;Nebenstrecke;H210;40;Moderat (0° bis 19,99° C);Abend;Klar;Idaho;Frühling;Entgleisung;Flagging, Fixed, Hand and Radio Signals;Human Factors;Depot/Rangieren, EinzelneWagen;30897.983094819647;Nicht Signifikant;False
2123;0504UT010;2004;5;15;70647.0;70647.0;68292.0;2355.0;4;2;0;0;0;0;0;0;4.0;62;2;30;0;0;0;8217.0;04;7;1;Depot;H399;76;Warm (20° bis 31,99° C);Tag;Klar;Utah;Frühling;Kollision;General Switching Rules;Human Factors;Depot/Rangieren, Depot/Rangieren;59488.87080023579;Nicht Signifikant;False
2124;050593;1993;5;11;163600.0;163600.0;0.0;163600.0;2;1;0;0;0;0;0;0;7.935695149221832;4;0;2;0;0;0;622.4048226498525;02;4;1;Industriestrecke;H402;60;Moderat (0° bis 19,99° C);Tag;Wolkig;Illinois;Frühling;Kollision;Main Track Authority;Human Factors;Arbeitszug, Depot/Rangieren;138773.43286114174;Nicht Signifikant;False
2125;0505CB002;2005;5;2;662507.0;662507.0;19407.0;643100.0;5;2;0;2;0;0;0;0;15.898540757719555;254;6;0;0;0;0;30429.0;03;1;5;Hauptstrecke;H221;38;Moderat (0° bis 19,99° C);Abend;Wolkig;Nebraska;Frühling;Kollision;Flagging, Fixed, Hand and Radio Signals;Human Factors;Güterzug, Güterzug;515048.5889761331;Signifikant;False
2126;0505CB032;2005;5;20;18000.0;18000.0;0.0;18000.0;0;0;0;0;0;0;0;0;4.949628046035187;0;0;2;0;0;0;130.67276760464793;03;A;5;Hauptstrecke;H402;70;Warm (20° bis 31,99° C);Tag;Klar;Nebraska;Frühling;Kollision;Main Track Authority;Human Factors;Wartungszug, Wartungszug;14277.782184500675;Nicht Signifikant;False
2127;0505DV001;2005;5;1;14064.0;14064.0;0.0;14064.0;4;0;0;0;0;0;0;0;2.0;52;1;3;0;0;0;3288.0;04;7;1;Depot;H306;27;Kalt (-30° - 0,01° C);Abenddämmerung;Eisregen;Colorado;Frühling;Kollision;General Switching Rules;Human Factors;Depot/Rangieren, Depot/Rangieren;10907.116821342708;Nicht Signifikant;False
2128;0505FW003;2005;5;3;82542.0;82542.0;5000.0;77542.0;5;0;0;0;0;0;0;0;5.0;70;3;48;0;0;0;8869.0;04;7;1;Depot;H306;65;Moderat (0° bis 19,99° C);Tag;Wolkig;Texas;Frühling;Kollision;General Switching Rules;Human Factors;Depot/Rangieren, Depot/Rangieren;64205.04044803982;Nicht Signifikant;False
2129;0505FW008;2005;5;6;21167.0;21167.0;0.0;21167.0;2;0;0;0;0;0;0;0;3.9542723449729715;15;1;20;0;0;1;2448.647398120594;01;7;1;Depot;H306;60;Moderat (0° bis 19,99° C);Abend;Wolkig;Texas;Frühling;Entgleisung;General Switching Rules;Human Factors;Depot/Rangieren, EinzelneWagen;16348.961149300996;Nicht Signifikant;False
2130;0505FW045;2005;5;28;211301.0;211301.0;25000.0;186301.0;3;0;0;0;0;0;0;0;16.89389645878177;176;5;36;0;0;1;23548.0;01;6;3;Nebenstrecke;T221;70;Warm (20° bis 31,99° C);Abend;Wolkig;Texas;Frühling;Entgleisung;Rail, Joint Bar and Rail Anchoring;Track, Roadbed and Structures;EinzelneWagen, Güterzug;168707.8831106616;Signifikant;False
2131;0505HO029;2005;5;6;14304.0;14304.0;1500.0;12804.0;2;0;0;0;0;0;0;0;9.926406551346263;7;0;35;0;0;7;1995.0;01;7;1;Depot;T220;78;Warm (20° bis 31,99° C);Tag;Wolkig;Texas;Frühling;Entgleisung;Rail, Joint Bar and Rail Anchoring;Track, Roadbed and Structures;Depot/Rangieren, EinzelneWagen;11048.119255425967;Nicht Signifikant;False
2132;0505HO080;2005;5;24;46885.0;46885.0;0.0;46885.0;4;0;0;2;0;0;0;0;9.926406551346263;24;0;48;0;0;0;4896.0;03;1;3;Hauptstrecke;H605;90;Heiß (>= 32° C);Tag;Klar;Texas;Frühling;Kollision;Speed;Human Factors;Güterzug, Güterzug;37160.1807085678;Signifikant;False
2133;0505LA035;2005;5;25;222462.0;222462.0;27277.0;195185.0;3;0;0;0;0;0;0;0;7.935695149221832;134;8;58;0;0;4;18118.0;01;7;1;Depot;H999;70;Warm (20° bis 31,99° C);Tag;Klar;Kalifornien;Frühling;Entgleisung;Miscellaneous;Human Factors;Depot/Rangieren, EinzelneWagen;177063.03724928366;Signifikant;False
2134;0505NP004;2005;5;8;33563.0;33563.0;30000.0;3563.0;4;0;0;0;0;0;0;0;5.0;46;6;3;0;0;3;7360.0;01;7;2;Depot;H317;49;Moderat (0° bis 19,99° C);Abend;Wolkig;Nebraska;Frühling;Entgleisung;General Switching Rules;Human Factors;Depot/Rangieren, Depot/Rangieren;26088.612514574426;Nicht Signifikant;False
2135;0505SA005;2005;5;4;13220.0;13220.0;621.0;12599.0;1;0;0;0;0;0;0;0;2.958916643910756;19;3;7;0;0;0;1368.2564391184076;01;7;1;Depot;M599;77;Warm (20° bis 31,99° C);Abend;Wolkig;Texas;Frühling;Entgleisung;Other Miscellaneous;Miscellaneous Causes;Depot/Rangieren, EinzelneWagen;10206.129854087856;Nicht Signifikant;False
2136;05062802;2005;6;28;2787220.0;2787220.0;35776.0;2751444.0;5;2;0;5;0;0;0;0;28.5;17;0;106;0;0;19;5507.0;02;1;4;Hauptstrecke;H403;85;Warm (20° bis 31,99° C);Tag;Klar;Mississippi;Sommer;Kollision;Main Track Authority;Human Factors;Güterzug, Güterzug;2304439.851178173;Schwer;False
2137;0506LA061;2006;5;28;566028.0;566028.0;392604.0;173424.0;8;0;0;0;0;0;0;0;22.5;57;2;96;0;0;7;10354.0;01;1;4;Hauptstrecke;M405;51;Moderat (0° bis 19,99° C);Abend;Klar;Kalifornien;Frühling;Entgleisung;Unusual Operational Situations;Miscellaneous Causes;Güterzug, Güterzug;443213.53065539105;Signifikant;False
2138;0506PR007;2006;5;11;10761.0;10761.0;0.0;10761.0;6;1;0;2;0;0;0;0;3.9542723449729715;5;0;30;0;0;1;1679.8899735913355;04;7;1;Depot;H306;45;Moderat (0° bis 19,99° C);Abend;Regen;Illinois;Frühling;Kollision;General Switching Rules;Human Factors;Depot/Rangieren, Lokomotive;8462.566844919786;Signifikant;False
2139;0506SA025;2006;5;25;16056.0;16056.0;1490.0;14566.0;4;0;0;0;0;0;0;0;9.926406551346263;30;1;18;0;0;0;4184.889973591336;04;7;1;Depot;H210;90;Heiß (>= 32° C);Tag;Klar;Texas;Frühling;Kollision;Flagging, Fixed, Hand and Radio Signals;Human Factors;Depot/Rangieren, Lokomotive;12588.004704037632;Nicht Signifikant;False
2140;0506SA028;2006;5;27;368467.0;368467.0;31040.0;337427.0;5;0;0;4;0;0;0;0;36.80101048002608;84;0;76;0;0;5;12228.0;02;1;4;Hauptstrecke;H221;90;Heiß (>= 32° C);Tag;Klar;Texas;Frühling;Kollision;Flagging, Fixed, Hand and Radio Signals;Human Factors;Güterzug, Güterzug;288225.1251564455;Signifikant;False
2141;0506SL016;2006;5;27;257949.0;257949.0;178700.0;79249.0;2;0;0;0;0;0;0;0;17.889252159843984;59;4;68;0;0;0;8945.647398120595;01;7;2;Nebenstrecke;E46C;77;Warm (20° bis 31,99° C);Abend;Klar;Illinois;Frühling;Entgleisung;Truck Components;Mechanical and Electrical Failures;Depot/Rangieren, EinzelneWagen;201774.8748435544;Signifikant;False
2142;0506TS008;2006;5;30;13302.0;13302.0;0.0;13302.0;4;0;0;0;0;0;0;0;3.0;27;0;15;0;0;1;6692.0;04;7;1;Depot;H306;82;Warm (20° bis 31,99° C);Tag;Klar;Arizona;Frühling;Kollision;General Switching Rules;Human Factors;Depot/Rangieren, Depot/Rangieren;10360.619985980216;Nicht Signifikant;False
2143;050756;2000;7;18;630000.0;630000.0;0.0;630000.0;6;1;0;1;0;0;0;0;22.866030665155062;62;0;20;0;0;0;7731.668472216465;02;7;2;Hauptstrecke;H102;85;Warm (20° bis 31,99° C);Tag;Klar;New Jersey;Sommer;Kollision;Employee Physical Condition;Human Factors;Depot/Rangieren, Depot/Rangieren;673580.6693039666;Signifikant;False
2144;050783;2000;7;28;35093.0;35093.0;0.0;35093.0;4;0;0;0;0;0;0;0;2.958916643910756;20;0;38;0;0;3;3506.332129643621;04;1;X;Depot;H306;75;Warm (20° bis 31,99° C);Tag;Klar;Pennsylvania;Sommer;Kollision;General Switching Rules;Human Factors;Güterzug, Güterzug;37832.039672272535;Nicht Signifikant;False
2145;050795100;1995;7;4;27830.0;27830.0;26000.0;1830.0;2;0;0;0;0;0;0;0;7.5;10;0;7;0;0;2;1423.4391331909885;04;7;X;Depot;M599;94;Heiß (>= 32° C);Tag;Wolkig;Texas;Sommer;Kollision;Other Miscellaneous;Miscellaneous Causes;Depot/Rangieren, EinzelneWagen;23606.75205700229;Nicht Signifikant;False
2146;0507HO014;2007;5;6;18577.0;18577.0;2715.0;15862.0;6;0;0;0;0;0;0;0;6.0;98;0;92;0;0;6;15419.0;04;7;1;Depot;H599;85;Warm (20° bis 31,99° C);Tag;Wolkig;Texas;Frühling;Kollision;Train Handling/Train Makeup;Human Factors;Depot/Rangieren, Depot/Rangieren;13662.572626314626;Nicht Signifikant;False
2147;0507LV014;2007;5;21;18720.0;18720.0;348.0;18372.0;4;1;0;0;0;0;0;0;9.926406551346263;1;1;0;0;0;0;203.14641270974315;03;7;1;Depot;H306;84;Warm (20° bis 31,99° C);Tag;Klar;Louisiana;Frühling;Kollision;General Switching Rules;Human Factors;Depot/Rangieren, Lokomotive;13924.427253793514;Nicht Signifikant;False
2148;0507NP004;2007;5;3;10840.0;10840.0;500.0;10340.0;2;0;0;0;0;0;0;0;7.0;7;0;8;0;0;2;1147.503243405537;01;7;2;Depot;S007;58;Moderat (0° bis 19,99° C);Abend;Wolkig;Nebraska;Frühling;Entgleisung;SIGNAL AND COMMUNICATION;Signal and Communication;Depot/Rangieren, EinzelneWagen, EinzelneWagen;7962.9765665173;Nicht Signifikant;False
2149;0507NP007;2007;5;5;71600.0;71600.0;0.0;71600.0;0;0;0;0;0;0;0;0;2.9315277398512603;0;0;266;0;0;9;7946.540322090572;01;6;2;Depot;M105;55;Moderat (0° bis 19,99° C);Abend;Regen;Nebraska;Frühling;Entgleisung;Environmental Conditions;Environmental Conditions;EinzelneWagen, EinzelneWagen, EinzelneWagen, EinzelneWagen, EinzelneWagen, EinzelneWagen;52728.47779659768;Nicht Signifikant;False
2150;0507NP011;2007;5;11;2308284.0;2308284.0;125347.0;2182937.0;6;0;0;0;0;0;0;0;43.5;137;18;143;0;0;17;23034.0;01;1;5;Hauptstrecke;T206;86;Warm (20° bis 31,99° C);Tag;Klar;Nebraska;Frühling;Entgleisung;Rail, Joint Bar and Rail Anchoring;Track, Roadbed and Structures;Güterzug, Güterzug;1711615.008156607;Signifikant;False
2151;0507NP014;2007;5;16;26138.0;26138.0;15000.0;11138.0;8;0;0;0;0;0;0;0;60.68954730551924;117;0;29;0;0;0;13562.0;07;1;5;Hauptstrecke;M302;65;Moderat (0° bis 19,99° C);Tag;Wolkig;Nebraska;Frühling;Bahnübergang;Loading Procedures;Loading;Güterzug, Güterzug;19255.93045528216;Nicht Signifikant;False
2152;0507RS018;2007;5;15;68976.0;68976.0;3053.0;65923.0;2;0;0;0;0;0;0;0;9.926406551346263;9;2;3;0;0;0;1202.4048226498526;01;7;3;Depot;H306;78;Warm (20° bis 31,99° C);Tag;Klar;Kalifornien;Frühling;Entgleisung;General Switching Rules;Human Factors;Depot/Rangieren, EinzelneWagen;50949.918747230025;Nicht Signifikant;False
2153;050890A;1990;5;8;7600.0;7600.0;600.0;7000.0;2;0;0;0;0;0;0;0;5.0;0;0;0;6;0;0;182.89041492049978;04;7;1;Industriestrecke;H999;58;Moderat (0° bis 19,99° C);Tag;Wolkig;Massachusetts;Frühling;Kollision;Miscellaneous;Human Factors;Depot/Rangieren, Personenzug;6446.687590126388;Nicht Signifikant;False
2154;050892A;1992;5;8;45705.0;45705.0;2605.0;43100.0;7;0;0;0;0;0;0;0;3.5;46;6;66;0;0;3;6095.0;01;1;1;Depot;H506;74;Warm (20° bis 31,99° C);Tag;Klar;Illinois;Frühling;Entgleisung;Train Handling/Train Makeup;Human Factors;Güterzug, Güterzug;38769.19161930613;Nicht Signifikant;False
2155;0508LK010;2008;5;9;18640.0;18640.0;0.0;18640.0;4;0;0;0;0;0;0;0;3.5;59;0;50;0;0;0;9541.889973591336;04;7;1;Depot;H607;59;Moderat (0° bis 19,99° C);Abend;Wolkig;Arkansas;Frühling;Kollision;Speed;Human Factors;Depot/Rangieren, Lokomotive;12058.481045413379;Nicht Signifikant;False
2156;0508LK040;2008;5;22;51824.0;51824.0;514.0;51310.0;4;0;0;0;0;0;0;0;3.9542723449729715;100;1;73;0;0;4;14771.0;04;7;1;Depot;H307;85;Warm (20° bis 31,99° C);Tag;Klar;Arkansas;Frühling;Kollision;General Switching Rules;Human Factors;Depot/Rangieren, Depot/Rangieren;32893.68454458902;Nicht Signifikant;False
2157;0508SA006;2008;5;8;147805.0;147805.0;132818.0;14987.0;5;2;0;0;0;0;0;0;7.0;47;1;57;0;0;2;7467.0;04;7;1;Depot;H306;80;Warm (20° bis 31,99° C);Tag;Klar;Texas;Frühling;Kollision;General Switching Rules;Human Factors;Depot/Rangieren, Depot/Rangieren;96308.72483221476;Nicht Signifikant;False
2158;0508SA019;2008;5;23;49990.0;49990.0;0.0;49990.0;3;0;0;0;0;0;0;0;16.89389645878177;0;0;106;0;0;3;3768.9076654902315;01;6;3;Hauptstrecke;M405;80;Warm (20° bis 31,99° C);Tag;Klar;Texas;Frühling;Entgleisung;Unusual Operational Situations;Miscellaneous Causes;EinzelneWagen, Güterzug;31755.812476178377;Nicht Signifikant;False
2159;0508WH005;2008;5;8;9008.0;9008.0;0.0;9008.0;3;0;0;0;0;0;0;0;2.958916643910756;30;1;35;0;0;1;6256.0;04;7;2;Hauptstrecke;M105;75;Warm (20° bis 31,99° C);Tag;Regen;Oklahoma;Frühling;Kollision;Environmental Conditions;Environmental Conditions;Depot/Rangieren, EinzelneWagen;5869.5510523229295;Nicht Signifikant;False
2160;05090602;2005;9;6;52214.0;52214.0;1229.0;50985.0;4;0;0;0;0;0;0;0;3.9542723449729715;73;2;17;0;0;2;8500.0;04;7;1;Depot;H702;95;Heiß (>= 32° C);Tag;Klar;Louisiana;Sommer;Kollision;Switches, Use of;Human Factors;Depot/Rangieren, Depot/Rangieren;41828.08619722823;Nicht Signifikant;False
2161;05091801;2005;9;18;27220.666666666668;27220.666666666668;6631.0;55000.0;4;0;0;0;0;0;0;0;7.296655831398268;118;5;68;0;0;0;16058.0;04;7;1;Depot;H306;85;Warm (20° bis 31,99° C);Tag;Klar;Mississippi;Sommer;Kollision;General Switching Rules;Human Factors;Depot/Rangieren, EinzelneWagen, Güterzug;22360.28586292818;Nicht Signifikant;False
2162;05092401;2005;9;24;36668.0;36668.0;468.0;36200.0;2;0;0;0;0;0;0;0;4.949628046035187;36;1;50;0;0;0;6214.0;04;6;1;Depot;H306;76;Warm (20° bis 31,99° C);Abend;Wolkig;Mississippi;Herbst;Kollision;General Switching Rules;Human Factors;EinzelneWagen, Güterzug;30331.70651005046;Nicht Signifikant;False
2163;0509HO040;2009;5;26;117844.0;117844.0;52383.0;65461.0;2;0;0;0;0;0;0;0;8.931050850284048;24;0;68;0;0;6;5295.0;01;6;4;Hauptstrecke;E09C;78;Warm (20° bis 31,99° C);Abend;Klar;Texas;Frühling;Entgleisung;Brakes;Mechanical and Electrical Failures;EinzelneWagen, Güterzug;84731.0900201323;Nicht Signifikant;False
2164;0509LK011;2009;5;4;19311.0;19311.0;1583.0;17728.0;2;0;0;0;0;0;0;0;4.949628046035187;29;2;9;0;0;0;4871.0;05;7;1;Depot;M404;57;Moderat (0° bis 19,99° C);Abend;Regen;Arkansas;Frühling;Kollision;Unusual Operational Situations;Miscellaneous Causes;Depot/Rangieren, EinzelneWagen;14604.09891855101;Nicht Signifikant;False
2165;0509PD010;2009;5;12;45176.0;45176.0;33535.0;11641.0;4;0;0;0;0;0;0;0;5.5;14;0;68;0;0;5;4121.0;04;7;1;Depot;H702;44;Moderat (0° bis 19,99° C);Abend;Regen;Oregon;Frühling;Kollision;Switches, Use of;Human Factors;Depot/Rangieren, Depot/Rangieren;33016.151428780235;Nicht Signifikant;False
2166;051092;1992;10;19;75100.0;75100.0;100.0;75000.0;5;2;0;0;0;0;0;0;5.5;5;0;0;0;0;0;459.88997359133555;02;7;1;Depot;H603;42;Moderat (0° bis 19,99° C);Tag;Klar;Illinois;Herbst;Kollision;Speed;Human Factors;Depot/Rangieren, Lokomotive;63703.45237085418;Nicht Signifikant;False
2167;0510LA002;2010;5;3;75887.0;75887.0;1630.0;74257.0;2;0;0;0;0;0;0;0;4.949628046035187;0;0;71;0;0;5;5217.0;01;7;1;Depot;H607;52;Moderat (0° bis 19,99° C);Abend;Klar;Kalifornien;Frühling;Entgleisung;Speed;Human Factors;Depot/Rangieren, EinzelneWagen;57325.12464118446;Nicht Signifikant;False
2168;0510PD015;2010;5;25;66832.0;66832.0;30198.0;36634.0;2;0;0;0;0;0;0;0;3.9542723449729715;2;0;41;0;0;6;2343.0;01;7;1;Depot;H704;55;Moderat (0° bis 19,99° C);Abend;Wolkig;Oregon;Frühling;Entgleisung;Switches, Use of;Human Factors;Depot/Rangieren, EinzelneWagen;54677.24781150291;Nicht Signifikant;False
2169;0510RS020;2010;5;26;42360.0;42360.0;0.0;42360.0;4;0;0;0;0;0;0;0;4.0;29;0;88;0;0;5;6393.0;01;7;1;Depot;H399;73;Warm (20° bis 31,99° C);Tag;Klar;Kalifornien;Frühling;Entgleisung;General Switching Rules;Human Factors;Depot/Rangieren, Depot/Rangieren;34413.84352912503;Nicht Signifikant;False
2170;0510RS024;2010;5;31;12438.0;12438.0;5284.0;7154.0;13;0;0;0;0;0;0;0;2.958916643910756;0;0;0;0;0;0;69.7799471826711;04;8;1;Depot;H999;78;Warm (20° bis 31,99° C);Tag;Klar;Kalifornien;Frühling;Kollision;Miscellaneous;Human Factors;Lokomotive, Lokomotive;10106.44348744617;Nicht Signifikant;False
2171;05111301;2005;11;13;70031.0;70031.0;65262.0;74800.0;6;0;0;0;0;0;0;0;20.0;24;6;37;0;0;9;4004.0;01;7;1;Hauptstrecke;T211;62;Moderat (0° bis 19,99° C);Abend;Regen;Louisiana;Herbst;Entgleisung;Rail, Joint Bar and Rail Anchoring;Track, Roadbed and Structures;Depot/Rangieren, Güterzug;59816.35965037156;Nicht Signifikant;True
2172;051193;1993;11;27;31868.0;31868.0;0.0;31868.0;2;0;0;0;0;0;0;0;2.5;31;0;56;0;0;0;4989.375819679106;04;6;1;Depot;H302;11;Kalt (-30° - 0,01° C);Abend;Schnee;Wisconsion;Herbst;Kollision;General Switching Rules;Human Factors;EinzelneWagen, Güterzug;27031.978963440495;Nicht Signifikant;False
2173;0511CB001;2011;5;2;12052.0;12052.0;87.0;11965.0;2;0;0;0;0;0;0;0;4.0;2;0;1;0;0;0;2078.647398120594;05;7;1;Depot;H302;55;Moderat (0° bis 19,99° C);Tag;Klar;Iowa;Frühling;Kollision;General Switching Rules;Human Factors;Depot/Rangieren, EinzelneWagen;8122.935903484532;Nicht Signifikant;False
2174;0511DV003;2011;5;3;50000.0;50000.0;0.0;50000.0;2;0;0;0;0;0;0;0;38.79172188215051;104;0;1;0;0;0;14937.336383802323;09;1;4;Hauptstrecke;M404;72;Warm (20° bis 31,99° C);Tag;Klar;Kansas;Frühling;Kollision;Unusual Operational Situations;Miscellaneous Causes;Güterzug, Wartungszug;33829.49932341001;Nicht Signifikant;False
2175;0511DV007;2011;5;4;10528.0;10528.0;0.0;10528.0;4;0;0;0;0;0;0;0;4.5;16;0;26;0;0;1;3015.0;04;7;1;Depot;H601;60;Moderat (0° bis 19,99° C);Abenddämmerung;Klar;Colorado;Frühling;Kollision;Speed;Human Factors;Depot/Rangieren, Depot/Rangieren;7074.3179680150515;Nicht Signifikant;False
2176;0511FW014;2011;5;12;91589.0;91589.0;2144.0;89445.0;2;0;0;0;0;0;0;0;5.5;18;0;21;0;0;4;2983.0;05;7;1;Depot;M407;73;Warm (20° bis 31,99° C);Abend;Wolkig;Texas;Frühling;Kollision;Unusual Operational Situations;Miscellaneous Causes;Depot/Rangieren, EinzelneWagen;64713.48830636614;Nicht Signifikant;False
2177;0511KC002;2011;5;2;37475.0;37475.0;4999.0;32476.0;2;0;0;0;0;0;0;0;6.940339448159618;106;8;0;0;0;0;7914.0;01;7;1;Depot;M405;65;Moderat (0° bis 19,99° C);Tag;Klar;Kansas;Frühling;Entgleisung;Unusual Operational Situations;Miscellaneous Causes;Depot/Rangieren, EinzelneWagen;25257.801442340096;Nicht Signifikant;False
2178;0511KC012;2011;5;14;75000.0;75000.0;0.0;75000.0;4;0;0;0;0;0;0;0;1.5;83;0;143;0;0;3;15564.0;04;1;1;Depot;H301;48;Moderat (0° bis 19,99° C);Tag;Klar;Kansas;Frühling;Kollision;General Switching Rules;Human Factors;Güterzug, Güterzug;52689.506592042715;Nicht Signifikant;False
2179;0511NP005;2011;5;9;118485.0;118485.0;9000.0;109485.0;2;2;0;0;0;0;0;0;9.901875401795017;12;3;9;0;0;1;2045.43578038354;04;7;1;Industriestrecke;M504;70;Warm (20° bis 31,99° C);Tag;Klar;Nebraska;Frühling;Kollision;Other Miscellaneous;Miscellaneous Causes;Depot/Rangieren, Depot/Rangieren, EinzelneWagen;82298.3954990623;Nicht Signifikant;False
2180;0511NP016;2011;5;22;14577.0;14577.0;19.0;14558.0;3;1;0;0;0;0;0;0;3.0;70;0;36;0;0;0;10543.889973591336;04;7;1;Depot;H307;50;Moderat (0° bis 19,99° C);Abend;Regen;Nebraska;Frühling;Kollision;General Switching Rules;Human Factors;Depot/Rangieren, Lokomotive;10343.922227215746;Nicht Signifikant;False