index;INCDTNO;YEAR4;MONTH;DAY;ACCDMG;INFRASTRUCTURE_DMG;TRKDMG;EQPDMG;LOCOMOTIVES1;LOCOMOTIVES2;RREMPKLD;RREMPINJ;PASSKLD;PASSINJ;OTHERKLD;OTHERINJ;SPEED;LOADF1;LOADF2;EMPTYF1;EMPTYP1;LOADP1;EMPTYF2;TONS;TYPE;TYPEQ;TRKCLAS;TYPTRK;ACCAUSE;TEMP;TEMP_CLUSTER;VISIBLTY;WEATHER;STATE;Jahreszeit;ACCIDENT_TYPE;ACCCAUSE_LVL1;ACCCAUSE_LVL2;EQUIPMENT_TYPE;ACCDMG_EUR;ACCTYPE;SPD_TOO_HIGH
2181;0511PR005;2011;5;4;21099.0;21099.0;0.0;21099.0;2;0;0;0;0;0;0;0;3.9542723449729715;1;0;2;0;0;0;174.88997359133555;04;7;1;Depot;H302;54;Moderat (0° bis 19,99° C);Tag;Wolkig;Wisconsion;Frühling;Kollision;General Switching Rules;Human Factors;Depot/Rangieren, Lokomotive;14177.529901894906;Nicht Signifikant;False
2182;0511PR007;2011;5;8;14718.0;14718.0;760.0;13958.0;2;0;0;0;0;0;0;0;3.5;29;2;13;0;0;4;3272.0;01;7;1;Depot;H020;68;Warm (20° bis 31,99° C);Tag;Klar;Illinois;Frühling;Entgleisung;Brakes, Use of;Human Factors;Depot/Rangieren, Depot/Rangieren;10198.406282480657;Nicht Signifikant;False
2183;051230;2001;3;26;30000.0;30000.0;0.0;30000.0;2;0;0;0;0;0;0;0;3.9542723449729715;0;0;1;0;0;0;100.22635739365951;05;7;X;Depot;H018;32;Moderat (0° bis 19,99° C);Tag;Schnee;Pennsylvania;Frühling;Kollision;Brakes, Use of;Human Factors;Depot/Rangieren, EinzelneWagen;33575.82540570789;Nicht Signifikant;False
2184;051293;1993;12;17;27313.0;27313.0;0.0;27313.0;2;0;0;0;0;0;0;0;3.5;39;1;4;0;0;1;4213.43462782061;04;7;1;Depot;H099;35;Moderat (0° bis 19,99° C);Abend;Regen;Iowa;Herbst;Kollision;Brakes, Use of;Human Factors;Depot/Rangieren, EinzelneWagen;23168.20765120027;Nicht Signifikant;False
2185;0512ES007;2012;5;21;50000.0;50000.0;0.0;50000.0;0;0;0;1;0;0;0;0;2.958916643910756;0;0;2;0;0;0;130.67276760464793;05;5;3;Hauptstrecke;M599;83;Warm (20° bis 31,99° C);Tag;Klar;Arkansas;Frühling;Kollision;Other Miscellaneous;Miscellaneous Causes;EinzelneWagen, Wartungszug;39215.686274509804;Signifikant;False
2186;0512HO008;2012;5;5;67013.0;67013.0;1580.0;65433.0;4;0;0;0;0;0;0;0;5.0;53;1;45;0;0;3;8016.0;05;7;1;Depot;H020;83;Warm (20° bis 31,99° C);Tag;Klar;Texas;Frühling;Kollision;Brakes, Use of;Human Factors;Depot/Rangieren, Depot/Rangieren;51158.867089090774;Nicht Signifikant;False
2187;0512HO021;2012;5;14;16604.0;16604.0;1227.0;15377.0;2;0;0;0;0;0;0;0;4.949628046035187;10;0;19;0;0;2;1220.0;01;7;1;Depot;T212;70;Warm (20° bis 31,99° C);Abend;Klar;Texas;Frühling;Entgleisung;Rail, Joint Bar and Rail Anchoring;Track, Roadbed and Structures;Depot/Rangieren, EinzelneWagen;12908.341755422529;Nicht Signifikant;False
2188;0512LV006;2012;5;10;13126.0;13126.0;0.0;13126.0;4;0;0;0;0;0;0;0;8.931050850284048;43;2;67;0;0;0;7448.0;04;7;1;Depot;M507;78;Warm (20° bis 31,99° C);Tag;Wolkig;Texas;Frühling;Kollision;Other Miscellaneous;Miscellaneous Causes;Depot/Rangieren, Güterzug;10127.304991898773;Nicht Signifikant;False
2189;0512PR013;2012;5;11;25209.0;25209.0;9108.0;16101.0;2;0;0;0;0;0;0;0;4.949628046035187;41;3;18;0;0;0;4899.0;01;6;1;Depot;H307;30;Kalt (-30° - 0,01° C);Abend;Wolkig;Illinois;Frühling;Entgleisung;General Switching Rules;Human Factors;EinzelneWagen, Güterzug;19475.4326328801;Nicht Signifikant;False
2190;051316;2001;5;31;73210.0;73210.0;20000.0;53210.0;4;0;0;0;0;0;0;0;12.0;38;1;46;0;0;8;5824.546266953029;05;7;1;Depot;H605;49;Moderat (0° bis 19,99° C);Abend;Klar;New Jersey;Frühling;Kollision;Speed;Human Factors;Depot/Rangieren, Lokomotive;86332.54716981133;Nicht Signifikant;True
2191;0513CB004;2013;5;9;999876.0;999876.0;98932.0;900944.0;5;0;0;0;0;0;0;0;23.0;241;25;0;0;0;0;23523.0;01;1;4;Hauptstrecke;T299;45;Moderat (0° bis 19,99° C);Abend;Regen;Iowa;Frühling;Entgleisung;Rail, Joint Bar and Rail Anchoring;Track, Roadbed and Structures;Güterzug, Güterzug;760824.8364023741;Signifikant;False
2192;0513LK008;2013;5;10;13049.0;13049.0;33.0;13016.0;4;0;0;0;0;0;0;0;3.0;22;0;43;0;0;0;4323.889973591336;05;7;1;Depot;H607;70;Warm (20° bis 31,99° C);Abend;Wolkig;Arkansas;Frühling;Kollision;Speed;Human Factors;Depot/Rangieren, Lokomotive;10046.966430551278;Nicht Signifikant;False
2193;0513PD019;2013;5;31;36885.0;36885.0;34858.0;2027.0;2;0;0;0;0;0;0;0;7.0;25;1;35;0;0;0;3648.647398120594;01;7;1;Depot;S006;65;Moderat (0° bis 19,99° C);Tag;Klar;Oregon;Frühling;Entgleisung;SIGNAL AND COMMUNICATION;Signal and Communication;Depot/Rangieren, EinzelneWagen;28359.987697985547;Nicht Signifikant;False
2194;0513RS019;2013;5;20;20000.0;20000.0;0.0;20000.0;0;0;0;0;0;0;0;0;4.949628046035187;0;0;2;0;0;0;130.67276760464793;03;A;2;Hauptstrecke;H402;65;Moderat (0° bis 19,99° C);Tag;Klar;Kalifornien;Frühling;Kollision;Main Track Authority;Human Factors;Wartungszug, Wartungszug;15560.569516844314;Nicht Signifikant;False
2195;0513ST002;2013;5;3;15772.0;15772.0;100.0;15672.0;5;1;0;0;0;0;0;0;6.5;127;1;0;0;0;0;7925.0;01;1;3;Hauptstrecke;H401;60;Moderat (0° bis 19,99° C);Tag;Klar;Texas;Frühling;Entgleisung;Main Track Authority;Human Factors;Güterzug, Güterzug;12026.841543388746;Nicht Signifikant;False
2196;0513TC017;2013;5;24;14380.0;14380.0;0.0;14380.0;3;0;0;0;0;0;0;0;4.5;1;0;13;0;0;0;599.0;05;7;1;Industriestrecke;H021;65;Moderat (0° bis 19,99° C);Tag;Klar;Minnesota;Frühling;Kollision;Brakes, Use of;Human Factors;Depot/Rangieren, EinzelneWagen;11113.687301955328;Nicht Signifikant;False
2197;051454;2001;8;30;75590.0;75590.0;2000.0;73590.0;2;0;0;0;0;0;0;0;4.5;32;0;60;0;0;4;5542.722283255875;04;7;1;Depot;H021;93;Heiß (>= 32° C);Tag;Klar;New Jersey;Sommer;Kollision;Brakes, Use of;Human Factors;Depot/Rangieren, EinzelneWagen;83111.59978009896;Nicht Signifikant;False
2198;0514LV013;2014;5;17;11485.0;11485.0;0.0;11485.0;4;0;0;0;0;0;0;0;4.0;42;3;75;0;0;1;7906.0;01;7;1;Depot;S011;70;Warm (20° bis 31,99° C);Tag;Klar;Louisiana;Frühling;Entgleisung;SIGNAL AND COMMUNICATION;Signal and Communication;Depot/Rangieren, Depot/Rangieren;8381.784124358383;Nicht Signifikant;False
2199;0514ST009;2014;5;20;74408.0;74408.0;1100.0;73308.0;5;1;0;0;0;0;0;0;7.0;33;1;0;0;0;0;2387.0;04;7;1;Depot;H306;86;Warm (20° bis 31,99° C);Abend;Klar;Arizona;Frühling;Kollision;General Switching Rules;Human Factors;Depot/Rangieren, Depot/Rangieren;54304.48109764997;Nicht Signifikant;False
2200;051555;2001;11;14;49000.0;49000.0;0.0;24500.0;4;0;0;0;0;0;0;0;15.898540757719555;73;0;0;0;0;0;8374.071937818542;05;1;1;Depot;H605;39;Moderat (0° bis 19,99° C);Abend;Klar;Pennsylvania;Herbst;Kollision;Speed;Human Factors;Güterzug, Lokomotive;55662.84221288197;Nicht Signifikant;True
2201;0515NP018;2015;5;25;93274.0;93274.0;30352.0;62922.0;2;0;0;0;0;0;0;0;9.889609827019395;241;4;107;0;0;2;32632.0;01;7;1;Depot;H503;70;Warm (20° bis 31,99° C);Tag;Wolkig;Nebraska;Frühling;Entgleisung;Train Handling/Train Makeup;Human Factors;Depot/Rangieren, EinzelneWagen, EinzelneWagen, EinzelneWagen;84964.47440335216;Nicht Signifikant;False
2202;0515PC009;2015;5;27;279863.0;279863.0;258872.0;20991.0;8;0;0;0;0;0;0;0;18.8846078609062;112;10;0;0;0;0;15686.0;01;6;2;Hauptstrecke;E47C;78;Warm (20° bis 31,99° C);Tag;Klar;Idaho;Frühling;Entgleisung;Truck Components;Mechanical and Electrical Failures;EinzelneWagen, Güterzug;257629.56825922857;Signifikant;False
2203;0516ES008;2016;5;29;10599.0;10599.0;99.0;10500.0;0;0;0;0;0;0;0;0;14.903185056657339;0;0;2;0;0;0;130.67276760464793;09;A;4;Hauptstrecke;H212;68;Warm (20° bis 31,99° C);Tag;Klar;Texas;Frühling;Kollision;Flagging, Fixed, Hand and Radio Signals;Human Factors;Wartungszug, Wartungszug;9506.96645338755;Nicht Signifikant;False
2204;0516HO005;2016;5;6;317215.0;317215.0;22480.0;294735.0;4;0;0;0;0;0;0;0;5.0;103;0;78;0;0;13;5877.0;04;1;1;Depot;M409;68;Warm (20° bis 31,99° C);Abend;Wolkig;Texas;Frühling;Kollision;Unusual Operational Situations;Miscellaneous Causes;Güterzug, Güterzug;277601.29517808696;Signifikant;False
2205;0516HO009;2016;5;12;14303.0;14303.0;3222.0;11081.0;1;0;0;0;0;0;0;0;3.9542723449729715;10;0;37;0;0;4;2464.412281904596;01;7;1;Depot;H021;80;Warm (20° bis 31,99° C);Tag;Klar;Texas;Frühling;Entgleisung;Brakes, Use of;Human Factors;Depot/Rangieren, EinzelneWagen;12558.609184300642;Nicht Signifikant;False
2206;0516LA005;2016;5;5;25237.0;25237.0;0.0;25237.0;7;0;0;0;0;0;0;0;5.0;90;0;0;0;0;0;5918.889973591336;04;1;1;Depot;H210;61;Moderat (0° bis 19,99° C);Tag;Klar;Kalifornien;Frühling;Kollision;Flagging, Fixed, Hand and Radio Signals;Human Factors;Güterzug, Lokomotive;22062.243203077192;Nicht Signifikant;False
2207;0516PC004;2016;5;25;187970.0;187970.0;143634.0;44336.0;5;0;0;0;0;0;0;0;7.935695149221832;81;3;58;0;0;2;10339.0;01;5;1;Depot;M405;61;Moderat (0° bis 19,99° C);Tag;Wolkig;Idaho;Frühling;Entgleisung;Unusual Operational Situations;Miscellaneous Causes;EinzelneWagen, Güterzug;168643.45953705366;Signifikant;False
2208;051713;2002;3;1;28009.0;28009.0;0.0;28009.0;2;0;0;0;0;0;0;0;3.0;13;0;14;0;0;0;1974.8762090168693;05;7;X;Depot;H302;45;Moderat (0° bis 19,99° C);Tag;Wolkig;New Jersey;Winter;Kollision;General Switching Rules;Human Factors;Depot/Rangieren, EinzelneWagen;32272.15116948957;Nicht Signifikant;False
2209;0517CB018;2017;5;22;27326.0;27326.0;0.0;27326.0;1;0;0;0;0;0;0;0;8.5;4;0;1;0;0;0;565.336383802324;09;1;4;Hauptstrecke;M402;80;Warm (20° bis 31,99° C);Tag;Klar;Nebraska;Frühling;Kollision;Unusual Operational Situations;Miscellaneous Causes;Güterzug, Wartungszug;24304.900827181355;Nicht Signifikant;False
2210;0517LK014;2017;5;9;19483.0;19483.0;6083.0;13400.0;2;0;0;0;0;0;0;0;7.935695149221832;73;6;0;0;0;0;4294.0;01;5;1;Depot;E64C;61;Moderat (0° bis 19,99° C);Abend;Klar;Arkansas;Frühling;Entgleisung;Wheels;Mechanical and Electrical Failures;EinzelneWagen, Güterzug;17894.01175606172;Nicht Signifikant;False
2211;051871;2002;6;13;11205.0;11205.0;0.0;11205.0;2;0;0;0;0;0;0;0;1.9635609428485408;0;0;2;0;0;0;130.67276760464793;05;7;1;Depot;H508;60;Moderat (0° bis 19,99° C);Abend;Wolkig;New Jersey;Frühling;Kollision;Train Handling/Train Makeup;Human Factors;Depot/Rangieren, EinzelneWagen;11898.693851545078;Nicht Signifikant;False
2212;051895;2002;7;9;15730.0;15730.0;3000.0;12730.0;1;0;0;0;0;0;0;0;9.926406551346263;46;13;12;0;0;0;5922.895931031998;01;4;1;Depot;H503;75;Warm (20° bis 31,99° C);Tag;Klar;Michigan;Sommer;Entgleisung;Train Handling/Train Makeup;Human Factors;Arbeitszug, EinzelneWagen;15840.886203423968;Nicht Signifikant;False
2213;0518DV021;2018;5;27;147593.0;147593.0;54645.0;92948.0;4;0;0;0;0;0;0;0;4.949628046035187;0;0;87;0;0;4;7112.889973591336;01;7;1;Depot;H524;73;Warm (20° bis 31,99° C);Abend;Klar;Colorado;Frühling;Entgleisung;Train Handling/Train Makeup;Human Factors;Depot/Rangieren, Lokomotive;126642.16457397821;Nicht Signifikant;False
2214;0518UT005;2018;5;4;61914.0;61914.0;198.0;61716.0;8;0;0;0;0;0;1;0;49.740634593834876;63;0;58;0;0;0;7926.0;07;1;5;Hauptstrecke;M308;55;Moderat (0° bis 19,99° C);Tag;Klar;Idaho;Frühling;Bahnübergang;Loading Procedures;Loading;Güterzug, Güterzug;51728.63230010861;Schwer;False
2215;051904;2004;5;19;58660.0;58660.0;35460.0;23200.0;4;0;0;0;0;0;0;0;4.0;58;4;11;0;0;0;7081.05724619179;04;7;2;Depot;H702;79;Warm (20° bis 31,99° C);Tag;Klar;Illinois;Frühling;Kollision;Switches, Use of;Human Factors;Depot/Rangieren, Depot/Rangieren;48928.18416882142;Nicht Signifikant;False
2216;051906;2006;5;19;36775.0;36775.0;5714.0;65836.0;3;0;0;0;0;0;0;0;6.5;52;9;25;0;0;10;6882.900596982624;01;7;X;Depot;T110;40;Moderat (0° bis 19,99° C);Tag;Regen;Maryland;Frühling;Entgleisung;Track Geometry;Track, Roadbed and Structures;Depot/Rangieren, Güterzug;28804.730946972664;Nicht Signifikant;False
2217;051924;2002;7;25;10055.0;10055.0;0.0;10055.0;1;0;0;0;0;0;0;0;7.935695149221832;11;0;10;0;0;0;1625.5757191143985;04;7;X;Depot;H313;72;Warm (20° bis 31,99° C);Abend;Klar;New Jersey;Sommer;Kollision;General Switching Rules;Human Factors;Depot/Rangieren, EinzelneWagen;10040.942680247652;Nicht Signifikant;False
2218;0519PR004;2019;5;24;296199.0;296199.0;71927.0;224272.0;2;0;0;0;0;0;0;0;3.9542723449729715;51;2;53;0;0;5;9374.0;01;7;1;Depot;E64C;69;Warm (20° bis 31,99° C);Tag;Wolkig;Illinois;Frühling;Entgleisung;Wheels;Mechanical and Electrical Failures;Depot/Rangieren, EinzelneWagen;264770.71600965405;Signifikant;False
2219;0520;2007;1;9;560841.0;560841.0;15841.0;545000.0;1;0;2;4;0;6;0;0;61.684903006581465;0;0;1;0;6;1;352.7490842365683;02;2;3;Hauptstrecke;H499;45;Moderat (0° bis 19,99° C);Tag;Wolkig;Massachusetts;Winter;Kollision;Main Track Authority;Human Factors;Personenzug, Wartungszug;430819.63435243507;Schwer;True
2220;0520001;1986;11;18;360000.0;360000.0;11000.0;349000.0;4;2;0;1;0;0;0;0;43.768500387461586;123;7;5;0;0;2;12933.0;03;1;4;Hauptstrecke;H401;42;Moderat (0° bis 19,99° C);Tag;Regen;Pennsylvania;Herbst;Kollision;Main Track Authority;Human Factors;Güterzug, Güterzug;305369.4121638816;Signifikant;False
2221;0520001;1987;7;25;144600.0;144600.0;7000.0;137600.0;7;2;0;0;0;0;0;0;22.5;132;10;23;0;0;10;13775.0;01;1;2;Hauptstrecke;H505;90;Heiß (>= 32° C);Tag;Klar;Pennsylvania;Sommer;Entgleisung;Train Handling/Train Makeup;Human Factors;Güterzug, Güterzug;122656.71388582577;Nicht Signifikant;False
2222;0520001;1988;1;14;2064620.0;2064620.0;35000.0;2029615.0;5;5;4;2;0;0;0;0;35.0;170;34;0;0;0;0;16778.0;02;1;4;Hauptstrecke;H204;13;Kalt (-30° - 0,01° C);Tag;Klar;Pennsylvania;Winter;Kollision;Flagging, Fixed, Hand and Radio Signals;Human Factors;Güterzug, Güterzug;1751310.5437272033;Schwer;False
2223;0520002;1986;7;31;165356.0;165356.0;11000.0;154356.0;10;0;0;0;0;0;0;0;15.0;56;5;125;0;0;22;18113.0;01;1;4;Hauptstrecke;E30C;65;Moderat (0° bis 19,99° C);Abend;Klar;Pennsylvania;Sommer;Entgleisung;Coupler and Draft System;Mechanical and Electrical Failures;Güterzug, Güterzug;140262.95699380778;Nicht Signifikant;False
2224;052107;2002;12;4;46028.0;46028.0;450.0;45578.0;2;0;0;0;0;0;0;0;2.5;65;0;42;0;0;0;8742.761770445984;05;7;X;Depot;H305;25;Kalt (-30° - 0,01° C);Abend;Wolkig;New Jersey;Herbst;Kollision;General Switching Rules;Human Factors;Depot/Rangieren, EinzelneWagen;45945.298462767016;Nicht Signifikant;False
2225;052116;2002;12;10;27496.0;27496.0;0.0;27496.0;1;0;0;0;0;0;0;0;3.0;0;0;3;0;0;0;161.11917781563636;05;7;1;Depot;H021;28;Kalt (-30° - 0,01° C);Abend;Klar;New Jersey;Herbst;Kollision;Brakes, Use of;Human Factors;Depot/Rangieren, EinzelneWagen;27194.14499060429;Nicht Signifikant;False
2226;052229;2003;3;2;10046.0;10046.0;0.0;10046.0;3;0;0;0;0;0;0;0;2.0;30;0;0;0;0;0;3482.502683060425;04;7;1;Depot;E32C;39;Moderat (0° bis 19,99° C);Tag;Regen;Pennsylvania;Winter;Kollision;Coupler and Draft System;Mechanical and Electrical Failures;Depot/Rangieren, EinzelneWagen;9307.022419862888;Nicht Signifikant;False
2227;052253;2003;3;14;261949.0;261949.0;2500.0;259449.0;1;0;0;0;0;0;0;0;6.920452597546157;75;0;12;0;0;9;9015.153994574915;01;7;1;Depot;H702;28;Kalt (-30° - 0,01° C);Abend;Klar;Pennsylvania;Winter;Entgleisung;Switches, Use of;Human Factors;Depot/Rangieren, EinzelneWagen, EinzelneWagen;243108.120649652;Signifikant;False
2228;052281;2003;4;3;25245.0;25245.0;0.0;25245.0;3;0;0;0;0;0;0;0;4.0;18;0;18;0;0;0;2665.4489725071153;05;7;1;Depot;E08C;41;Moderat (0° bis 19,99° C);Tag;Wolkig;Michigan;Frühling;Kollision;Brakes;Mechanical and Electrical Failures;Depot/Rangieren, Depot/Rangieren;23589.048775929732;Nicht Signifikant;False
2229;052328;2003;5;13;12629.0;12629.0;0.0;12629.0;2;0;0;0;0;0;0;0;2.958916643910756;63;0;22;0;0;0;7906.3187171677;05;7;1;Depot;H302;55;Moderat (0° bis 19,99° C);Abend;Klar;New Jersey;Frühling;Kollision;General Switching Rules;Human Factors;Depot/Rangieren, EinzelneWagen;10964.57718353881;Nicht Signifikant;False
2230;052329;2003;5;14;7248.0;7248.0;0.0;7248.0;1;0;0;0;0;0;0;0;2.958916643910756;3;0;0;0;0;0;411.05222077044647;04;7;1;Depot;H021;60;Moderat (0° bis 19,99° C);Tag;Klar;Pennsylvania;Frühling;Kollision;Brakes, Use of;Human Factors;Depot/Rangieren, EinzelneWagen;6303.156796243152;Nicht Signifikant;False
2231;052340;2003;5;15;28200.0;28200.0;0.0;28200.0;1;0;0;0;0;0;0;0;3.9542723449729715;0;0;6;0;0;0;252.45840844860157;05;7;X;Depot;H306;55;Moderat (0° bis 19,99° C);Abenddämmerung;Wolkig;Pennsylvania;Frühling;Kollision;General Switching Rules;Human Factors;Depot/Rangieren, EinzelneWagen;24611.62506545645;Nicht Signifikant;False
2232;052363;2003;6;7;35489.0;35489.0;1000.0;34489.0;2;0;0;0;0;0;0;0;6.0;15;1;22;0;0;0;2465.5713807611073;04;7;X;Depot;S016;55;Moderat (0° bis 19,99° C);Abenddämmerung;Regen;New Jersey;Frühling;Kollision;SIGNAL AND COMMUNICATION;Signal and Communication;Depot/Rangieren, EinzelneWagen;30116.259334691105;Nicht Signifikant;False
2233;052373;2003;6;15;12969.0;12969.0;1300.0;11669.0;2;0;0;0;0;0;0;0;2.958916643910756;12;0;42;0;0;4;2719.538408872914;01;7;X;Depot;H523;68;Warm (20° bis 31,99° C);Abend;Klar;New Jersey;Frühling;Entgleisung;Train Handling/Train Makeup;Human Factors;Depot/Rangieren, EinzelneWagen;10972.390648354438;Nicht Signifikant;False
2234;052386;2003;6;25;24587.0;24587.0;1500.0;23087.0;2;0;0;0;0;0;0;0;2.958916643910756;0;0;61;0;0;3;1931.4510739111854;01;7;1;Depot;H704;80;Warm (20° bis 31,99° C);Abenddämmerung;Klar;New Jersey;Sommer;Entgleisung;Switches, Use of;Human Factors;Depot/Rangieren, EinzelneWagen;21285.602978097133;Nicht Signifikant;False
2235;05241001;2010;5;24;88636.0;88636.0;0.0;88636.0;2;0;0;1;0;0;0;0;3.9542723449729715;3;0;1;0;0;0;384.88997359133555;07;7;X;Industriestrecke;M302;52;Moderat (0° bis 19,99° C);Tag;Wolkig;Washington;Frühling;Bahnübergang;Loading Procedures;Loading;Depot/Rangieren, NaN;71711.97411003236;Signifikant;False
2236;052429;2003;8;13;39897.0;39897.0;2000.0;37897.0;1;0;0;0;0;0;0;0;3.9542723449729715;0;0;43;0;0;5;1386.3757593522078;01;7;1;Depot;H302;86;Warm (20° bis 31,99° C);Tag;Klar;New Jersey;Sommer;Entgleisung;General Switching Rules;Human Factors;Depot/Rangieren, EinzelneWagen;35379.09018355946;Nicht Signifikant;False
2237;052435;2003;8;15;19081.0;19081.0;4875.0;14206.0;1;0;0;0;0;0;0;0;3.9390297932972955;41;2;14;0;0;1;5235.672186042476;01;7;1;Depot;H702;78;Warm (20° bis 31,99° C);Abend;Klar;Pennsylvania;Sommer;Entgleisung;Switches, Use of;Human Factors;Depot/Rangieren, EinzelneWagen, EinzelneWagen;16965.412999021963;Nicht Signifikant;False
2238;052461;2003;9;9;61246.0;61246.0;0.0;61246.0;1;0;0;0;0;0;0;0;2.958916643910756;2;0;11;0;0;0;632.2053085620606;05;7;1;Depot;H306;62;Moderat (0° bis 19,99° C);Abend;Klar;New Jersey;Sommer;Kollision;General Switching Rules;Human Factors;Depot/Rangieren, EinzelneWagen;55003.14324202964;Nicht Signifikant;False
2239;052470;2003;9;14;38825.0;38825.0;100.0;38725.0;0;0;0;0;0;0;0;0;4.949628046035187;2;0;1;0;0;0;327.74120645217647;05;6;1;Depot;H318;64;Moderat (0° bis 19,99° C);Abend;Regen;New Jersey;Sommer;Kollision;General Switching Rules;Human Factors;EinzelneWagen, EinzelneWagen;34527.47969407719;Nicht Signifikant;False
2240;052551;2003;11;24;17816.0;17816.0;0.0;17816.0;3;1;0;0;0;0;0;0;4.949628046035187;18;2;10;0;0;0;2461.095772814835;01;7;1;Depot;H306;65;Moderat (0° bis 19,99° C);Tag;Klar;New Jersey;Herbst;Entgleisung;General Switching Rules;Human Factors;Depot/Rangieren, Lokomotive;15068.933434830416;Nicht Signifikant;False
2241;052716;2004;3;5;17989.0;17989.0;0.0;17989.0;1;0;0;0;0;0;0;0;3.9542723449729715;1;0;1;0;0;0;213.98378192291796;05;7;X;Depot;H313;45;Moderat (0° bis 19,99° C);Abend;Nebel;New Jersey;Winter;Kollision;General Switching Rules;Human Factors;Depot/Rangieren, EinzelneWagen;14754.757217847768;Nicht Signifikant;False
2242;052770;2004;4;28;30922.0;30922.0;0.0;30922.0;1;0;0;0;0;0;0;0;2.5;2;0;0;0;0;0;297.294796241188;05;7;1;Depot;H313;60;Moderat (0° bis 19,99° C);Tag;Klar;New Jersey;Frühling;Kollision;General Switching Rules;Human Factors;Depot/Rangieren, EinzelneWagen;25969.59771562946;Nicht Signifikant;False
2243;052790;2004;5;15;19640.0;19640.0;400.0;19240.0;1;0;0;0;0;0;0;0;4.932837394713583;1;0;2;0;0;1;280.80020034464883;01;7;1;Depot;H306;68;Warm (20° bis 31,99° C);Abend;Klar;New Jersey;Frühling;Entgleisung;General Switching Rules;Human Factors;Depot/Rangieren, EinzelneWagen, EinzelneWagen;16538.018918236172;Nicht Signifikant;False
2244;052822;2004;6;17;8486.0;8486.0;1000.0;7486.0;1;0;0;0;0;0;0;0;2.958916643910756;20;0;29;0;0;3;3232.3144377447256;01;7;1;Depot;H020;73;Warm (20° bis 31,99° C);Tag;Regen;Michigan;Frühling;Entgleisung;Brakes, Use of;Human Factors;Depot/Rangieren, EinzelneWagen;7045.2469904524705;Nicht Signifikant;False
2245;052830;2004;6;27;42849.0;42849.0;6000.0;36849.0;3;0;0;0;0;0;0;0;3.0;24;3;32;0;0;2;3836.030454868758;01;7;1;Depot;H704;78;Warm (20° bis 31,99° C);Abenddämmerung;Klar;New Jersey;Sommer;Entgleisung;Switches, Use of;Human Factors;Depot/Rangieren, Depot/Rangieren;35166.329266290966;Nicht Signifikant;False
2246;052865;2004;8;1;69160.0;69160.0;800.0;68360.0;4;0;0;0;0;0;0;0;3.0;46;2;85;0;0;4;7935.704563935831;05;7;1;Depot;H702;70;Warm (20° bis 31,99° C);Abend;Klar;New Jersey;Sommer;Kollision;Switches, Use of;Human Factors;Depot/Rangieren, Depot/Rangieren;57395.77858308666;Nicht Signifikant;False
2247;052897;2004;8;24;9201.0;9201.0;0.0;9201.0;0;0;0;0;0;0;0;0;2.5;1;1;1;0;0;1;235.07285754013844;04;5;1;Depot;H317;78;Warm (20° bis 31,99° C);Tag;Klar;New Jersey;Sommer;Kollision;General Switching Rules;Human Factors;EinzelneWagen, EinzelneWagen;7579.701787626658;Nicht Signifikant;False
2248;052932;2004;9;1;19876.0;19876.0;0.0;19876.0;0;0;0;0;0;0;0;0;3.5;2;0;0;0;0;0;297.294796241188;05;5;1;Depot;H021;70;Warm (20° bis 31,99° C);Abend;Klar;New Jersey;Sommer;Kollision;Brakes, Use of;Human Factors;EinzelneWagen, EinzelneWagen;16334.648257725179;Nicht Signifikant;False
2249;052934;2004;9;22;21731.0;21731.0;200.0;21531.0;1;0;0;0;0;0;0;0;3.9542723449729715;1;0;10;0;0;1;489.4815084412206;01;6;1;Depot;H018;70;Warm (20° bis 31,99° C);Abend;Wolkig;New Jersey;Sommer;Entgleisung;Brakes, Use of;Human Factors;EinzelneWagen, Güterzug;17746.835443037977;Nicht Signifikant;False
2250;0530001;1985;12;13;10710.0;10710.0;200.0;10510.0;2;0;0;0;0;0;0;0;6.5;23;1;36;0;0;2;3804.8405891878265;04;7;1;Depot;H401;28;Kalt (-30° - 0,01° C);Abend;Wolkig;Pennsylvania;Herbst;Kollision;Main Track Authority;Human Factors;Depot/Rangieren, Güterzug;9084.740011875476;Nicht Signifikant;False
2251;0530001;1986;3;14;5900.0;5900.0;0.0;5900.0;2;0;0;0;0;0;0;0;4.0;111;1;33;0;0;1;13722.6746825102;04;7;1;Depot;E39C;31;Kalt (-30° - 0,01° C);Tag;Klar;Pennsylvania;Winter;Kollision;Coupler and Draft System;Mechanical and Electrical Failures;Depot/Rangieren, Depot/Rangieren;5004.6653660191705;Nicht Signifikant;False
2252;0530001;1988;10;3;110613.0;110613.0;49673.0;60940.0;7;0;0;0;0;0;0;0;41.5;148;28;0;0;0;0;10391.0;01;1;4;Hauptstrecke;E22C;62;Moderat (0° bis 19,99° C);Tag;Klar;Pennsylvania;Herbst;Entgleisung;Body;Mechanical and Electrical Failures;Güterzug, Güterzug;93827.29663245397;Nicht Signifikant;False
2253;0530001;1989;5;14;16750.0;16750.0;0.0;16750.0;2;0;0;0;0;0;0;0;3.5;33;1;53;0;0;0;5055.830684410992;04;6;1;Depot;H022;40;Moderat (0° bis 19,99° C);Abend;Wolkig;Ohio;Frühling;Kollision;Brakes, Use of;Human Factors;EinzelneWagen, Güterzug;14208.160149291713;Nicht Signifikant;False