index;INCDTNO;YEAR4;MONTH;DAY;ACCDMG;INFRASTRUCTURE_DMG;TRKDMG;EQPDMG;LOCOMOTIVES1;LOCOMOTIVES2;RREMPKLD;RREMPINJ;PASSKLD;PASSINJ;OTHERKLD;OTHERINJ;SPEED;LOADF1;LOADF2;EMPTYF1;EMPTYP1;LOADP1;EMPTYF2;TONS;TYPE;TYPEQ;TRKCLAS;TYPTRK;ACCAUSE;TEMP;TEMP_CLUSTER;VISIBLTY;WEATHER;STATE;Jahreszeit;ACCIDENT_TYPE;ACCCAUSE_LVL1;ACCCAUSE_LVL2;EQUIPMENT_TYPE;ACCDMG_EUR;ACCTYPE;SPD_TOO_HIGH
2254;0530001;1989;7;21;6000.0;6000.0;500.0;5500.0;2;0;0;0;0;0;0;0;5.944983747097401;84;4;0;0;0;0;8568.355835699624;04;7;1;Depot;H306;75;Warm (20° bis 31,99° C);Tag;Klar;Ohio;Sommer;Kollision;General Switching Rules;Human Factors;Depot/Rangieren, EinzelneWagen;5089.490202731359;Nicht Signifikant;False
2255;0530001;1990;1;24;5850.0;5850.0;1250.0;4600.0;2;0;0;0;0;0;0;0;3.0;39;3;0;0;0;0;3939.9196717083696;04;7;1;Depot;H999;38;Moderat (0° bis 19,99° C);Abend;Klar;Pennsylvania;Winter;Kollision;Miscellaneous;Human Factors;Depot/Rangieren, EinzelneWagen;4962.252947663075;Nicht Signifikant;False
2256;0530002;1985;5;19;50175.0;50175.0;500.0;49675.0;5;0;0;0;0;0;0;0;33.5;133;1;101;0;0;3;14468.0;05;1;4;Hauptstrecke;M404;50;Moderat (0° bis 19,99° C);Abend;Klar;Pennsylvania;Frühling;Kollision;Unusual Operational Situations;Miscellaneous Causes;Güterzug, Güterzug;42560.86182034099;Nicht Signifikant;False
2257;0530002;1987;4;11;653328.0;653328.0;12000.0;641328.0;6;0;0;0;0;0;0;0;29.83352057259057;160;29;30;0;0;4;13300.0;01;1;3;Hauptstrecke;H699;55;Moderat (0° bis 19,99° C);Tag;Wolkig;Pennsylvania;Frühling;Entgleisung;Speed;Human Factors;Güterzug, Güterzug;554184.4091950123;Signifikant;False
2258;0530002;1988;8;20;471196.0;471196.0;16320.0;454876.0;6;3;0;2;0;0;0;0;47.749923191710444;140;13;60;0;0;5;14348.0;03;1;4;Hauptstrecke;H215;65;Moderat (0° bis 19,99° C);Abend;Wolkig;Ohio;Sommer;Kollision;Flagging, Fixed, Hand and Radio Signals;Human Factors;Güterzug, Güterzug;399691.2375943676;Signifikant;False
2259;0530002;1990;3;10;77236.0;77236.0;6500.0;70736.0;2;0;0;0;0;0;0;0;7.914260198962443;91;2;121;0;0;12;13000.518069372214;01;6;2;Depot;T314;45;Moderat (0° bis 19,99° C);Abend;Regen;Pennsylvania;Winter;Entgleisung;Frogs, Switches and Track Appliances;Track, Roadbed and Structures;EinzelneWagen, EinzelneWagen, Güterzug;65515.31088302655;Nicht Signifikant;False
2260;0530002;1990;6;14;225000.0;225000.0;0.0;225000.0;3;0;0;0;0;0;0;0;39.78707758321272;70;0;1;0;0;0;4660.336383802324;03;5;4;Hauptstrecke;H402;70;Warm (20° bis 31,99° C);Tag;Klar;Ohio;Frühling;Kollision;Main Track Authority;Human Factors;EinzelneWagen, Güterzug;190855.882602426;Signifikant;False
2261;0530002;1991;11;23;25000.0;25000.0;0.0;25000.0;6;0;0;2;0;0;0;0;3.9542723449729715;105;0;26;0;0;0;12667.889973591336;02;1;1;Depot;H305;60;Moderat (0° bis 19,99° C);Abenddämmerung;Wolkig;Pennsylvania;Herbst;Kollision;General Switching Rules;Human Factors;Güterzug, Lokomotive;21206.20917804733;Signifikant;False
2262;0530003;1990;10;26;15750.0;15750.0;300.0;15450.0;7;1;0;1;0;0;0;0;17.889252159843984;51;0;0;0;0;0;2584.8899735913355;03;1;2;Hauptstrecke;H999;40;Moderat (0° bis 19,99° C);Abend;Wolkig;Ohio;Herbst;Kollision;Miscellaneous;Human Factors;Güterzug, Lokomotive;13359.911782169818;Signifikant;False
2263;0530004;1992;3;20;26000.0;26000.0;0.0;26000.0;2;0;0;0;0;0;0;0;1.9635609428485408;32;0;29;0;0;0;5624.063323558497;05;6;1;Depot;H302;40;Moderat (0° bis 19,99° C);Abenddämmerung;Wolkig;Ohio;Winter;Kollision;General Switching Rules;Human Factors;EinzelneWagen, Güterzug;22054.457545169225;Nicht Signifikant;False
2264;053020;2004;12;10;56648.0;56648.0;300.0;56348.0;0;0;0;0;0;0;0;0;2.6666666666666665;1;1;2;0;0;2;301.8892759618693;01;5;1;Depot;H316;39;Moderat (0° bis 19,99° C);Abend;Regen;New Jersey;Herbst;Entgleisung;General Switching Rules;Human Factors;EinzelneWagen, EinzelneWagen, EinzelneWagen;42944.43180956713;Nicht Signifikant;False
2265;053021;2004;12;11;6894.0;6894.0;0.0;6894.0;1;0;0;0;0;0;0;0;1.9635609428485408;18;4;0;0;0;0;2195.849752700578;01;7;X;Industriestrecke;M501;40;Moderat (0° bis 19,99° C);Tag;Regen;New Jersey;Herbst;Entgleisung;Other Miscellaneous;Miscellaneous Causes;Depot/Rangieren, EinzelneWagen;5216.1412358133675;Nicht Signifikant;False
2266;053079;2005;1;26;18744.0;18744.0;700.0;18044.0;2;0;0;0;0;0;0;0;4.0;38;1;9;0;0;0;4686.188812191203;01;7;1;Depot;H702;25;Kalt (-30° - 0,01° C);Abend;Klar;New Jersey;Winter;Entgleisung;Switches, Use of;Human Factors;Depot/Rangieren, Depot/Rangieren;14412.918108419839;Nicht Signifikant;False
2267;053082;2005;1;26;21428.0;21428.0;0.0;21428.0;1;0;0;0;0;0;0;0;2.958916643910756;13;0;15;0;0;0;2005.3226192278576;05;7;1;Depot;H302;34;Moderat (0° bis 19,99° C);Tag;Wolkig;New Jersey;Winter;Kollision;General Switching Rules;Human Factors;Depot/Rangieren, EinzelneWagen;16476.73971549404;Nicht Signifikant;False
2268;053132;2005;3;3;72000.0;72000.0;500.0;71500.0;2;0;0;0;0;0;0;0;5.944983747097401;0;0;100;0;0;3;3118.8610721397336;01;6;1;Depot;H601;25;Kalt (-30° - 0,01° C);Abenddämmerung;Klar;Michigan;Winter;Entgleisung;Speed;Human Factors;EinzelneWagen, Lokomotive;54777.845404747415;Nicht Signifikant;False
2269;053133;2005;3;3;27217.0;27217.0;300.0;26917.0;1;0;0;0;0;0;0;0;5.944983747097401;4;0;9;0;0;2;801.7874064374146;01;6;1;Depot;H302;15;Kalt (-30° - 0,01° C);Abend;Klar;Pennsylvania;Winter;Entgleisung;General Switching Rules;Human Factors;EinzelneWagen, Güterzug;20706.78636640292;Nicht Signifikant;False
2270;053135;2005;3;7;30460.0;30460.0;0.0;30460.0;1;0;0;0;0;0;0;0;0.9682052417863254;27;1;0;0;0;0;3160.839450470464;01;7;X;Industriestrecke;S011;51;Moderat (0° bis 19,99° C);Tag;Klar;New Jersey;Winter;Entgleisung;SIGNAL AND COMMUNICATION;Signal and Communication;Depot/Rangieren, EinzelneWagen;23081.003258316283;Nicht Signifikant;False
2271;053140;2005;3;4;6998.0;6998.0;0.0;6998.0;0;0;0;0;0;0;0;0;3.9542723449729715;0;0;2;0;0;0;130.67276760464793;05;5;1;Depot;H313;30;Kalt (-30° - 0,01° C);Abend;Wolkig;New Jersey;Winter;Kollision;General Switching Rules;Human Factors;EinzelneWagen, EinzelneWagen;5335.874952344643;Nicht Signifikant;False
2272;053151;2005;3;21;26254.0;26254.0;900.0;25354.0;2;1;0;0;0;0;0;0;9.926406551346263;3;0;13;0;0;0;806.855553513296;01;7;1;Hauptstrecke;H403;30;Kalt (-30° - 0,01° C);Tag;Wolkig;New Jersey;Frühling;Entgleisung;Main Track Authority;Human Factors;Depot/Rangieren, Depot/Rangieren;19890.900825820136;Nicht Signifikant;False
2273;053185;2005;4;30;38559.0;38559.0;500.0;38059.0;1;0;0;0;0;0;0;0;3.5;4;1;0;0;0;0;614.1986334801896;01;5;1;Depot;M407;58;Moderat (0° bis 19,99° C);Tag;Regen;New Jersey;Frühling;Entgleisung;Unusual Operational Situations;Miscellaneous Causes;EinzelneWagen, EinzelneWagen, EinzelneWagen, Lokomotive;29831.343322072364;Nicht Signifikant;False
2274;053243;2005;7;17;6994.0;6994.0;0.0;6994.0;2;0;0;0;0;0;0;0;3.9542723449729715;27;0;52;0;0;0;4724.443740444047;05;7;1;Depot;H702;74;Warm (20° bis 31,99° C);Abend;Klar;New Jersey;Sommer;Kollision;Switches, Use of;Human Factors;Depot/Rangieren, NaN;5799.176363284597;Nicht Signifikant;False
2275;053256;2005;7;30;45695.0;45695.0;0.0;45695.0;2;0;0;0;0;0;0;0;4.949628046035187;27;0;27;0;0;0;3963.2834851693374;05;7;1;Depot;H313;90;Heiß (>= 32° C);Tag;Klar;New Jersey;Sommer;Kollision;General Switching Rules;Human Factors;Depot/Rangieren, EinzelneWagen;37655.541821178405;Nicht Signifikant;False
2276;053333;2005;10;23;14693.0;14693.0;750.0;13943.0;2;1;0;0;0;0;0;0;3.9542723449729715;1;0;0;0;0;0;183.53737171192955;01;6;1;Depot;H702;54;Moderat (0° bis 19,99° C);Abend;Klar;Pennsylvania;Herbst;Entgleisung;Switches, Use of;Human Factors;EinzelneWagen, Lokomotive;12278.272980501393;Nicht Signifikant;False
2277;053357;2005;11;16;11287.0;11287.0;0.0;11287.0;2;0;0;0;0;0;0;0;1.9635609428485408;18;0;14;0;0;0;2543.6633316631614;05;7;1;Depot;H302;70;Warm (20° bis 31,99° C);Tag;Klar;New Jersey;Herbst;Kollision;General Switching Rules;Human Factors;Depot/Rangieren, EinzelneWagen;9666.010105335276;Nicht Signifikant;False
2278;053418;2006;1;12;10385.0;10385.0;1500.0;8885.0;2;0;0;0;0;0;0;0;3.9542723449729715;5;0;35;0;0;4;1710.1115656911857;01;7;1;Depot;H702;48;Moderat (0° bis 19,99° C);Abend;Klar;New Jersey;Winter;Entgleisung;Switches, Use of;Human Factors;Depot/Rangieren, EinzelneWagen;8573.433501197062;Nicht Signifikant;False
2279;053494;2006;4;4;41498.0;41498.0;0.0;41498.0;1;0;0;0;0;0;0;0;3.0;32;0;8;0;0;0;3953.5888138068494;05;7;1;Depot;H021;48;Moderat (0° bis 19,99° C);Tag;Klar;New Jersey;Frühling;Kollision;Brakes, Use of;Human Factors;Depot/Rangieren, EinzelneWagen;33967.42244413522;Nicht Signifikant;False
2280;053564;2006;7;10;9640.0;9640.0;0.0;9640.0;1;0;0;0;0;0;0;0;3.9542723449729715;2;0;3;0;0;0;388.6340268741533;04;7;1;Depot;H302;85;Warm (20° bis 31,99° C);Tag;Klar;Pennsylvania;Sommer;Kollision;General Switching Rules;Human Factors;Depot/Rangieren, EinzelneWagen;7559.598494353828;Nicht Signifikant;False
2281;053605;2006;8;25;20132.0;20132.0;2660.0;17472.0;2;0;0;0;0;0;0;0;2.958916643910756;16;1;0;0;0;0;1909.5077806486202;01;7;1;Depot;H017;70;Warm (20° bis 31,99° C);Abenddämmerung;Klar;New Jersey;Sommer;Entgleisung;Brakes, Use of;Human Factors;Depot/Rangieren, Lokomotive;15774.956903306691;Nicht Signifikant;False
2282;053618;2006;9;12;19296.0;19296.0;600.0;18696.0;2;0;0;0;0;0;0;0;4.949628046035187;44;2;23;0;0;0;5814.592143318405;01;7;1;Depot;H018;48;Moderat (0° bis 19,99° C);Morgendämmerung;Klar;New Jersey;Sommer;Entgleisung;Brakes, Use of;Human Factors;Depot/Rangieren, EinzelneWagen;15182.94122275553;Nicht Signifikant;False
2283;053666;2006;11;9;32496.0;32496.0;100.0;32396.0;1;0;0;0;0;0;0;0;3.9542723449729715;2;0;3;0;0;0;388.6340268741533;05;7;X;Depot;H302;65;Moderat (0° bis 19,99° C);Abend;Klar;Pennsylvania;Herbst;Kollision;General Switching Rules;Human Factors;Depot/Rangieren, EinzelneWagen;25395.436073773053;Nicht Signifikant;False
2284;053684;2006;12;5;20018.0;20018.0;0.0;20018.0;2;0;0;0;0;0;0;0;5.944983747097401;6;0;10;0;0;0;1056.788596468106;05;7;X;Depot;H306;29;Kalt (-30° - 0,01° C);Abend;Klar;New Jersey;Herbst;Kollision;General Switching Rules;Human Factors;Depot/Rangieren, EinzelneWagen;15016.127822368915;Nicht Signifikant;False
2285;053690;2006;12;12;9665.0;9665.0;0.0;9665.0;2;0;0;0;0;0;0;0;1.9635609428485408;0;0;16;0;0;0;556.9225105584858;05;6;1;Depot;H306;38;Moderat (0° bis 19,99° C);Abend;Klar;New Jersey;Herbst;Kollision;General Switching Rules;Human Factors;EinzelneWagen, Güterzug;7297.644216248867;Nicht Signifikant;False
2286;053749;2007;2;20;70791.0;70791.0;1500.0;69291.0;2;0;0;0;0;0;0;0;5.944983747097401;17;2;16;0;0;0;2530.0168095515073;01;7;X;Depot;T110;30;Kalt (-30° - 0,01° C);Abend;Wolkig;Pennsylvania;Winter;Entgleisung;Track Geometry;Track, Roadbed and Structures;Depot/Rangieren, EinzelneWagen;53853.93685812096;Nicht Signifikant;False
2287;053845;2007;6;2;26200.0;26200.0;11550.0;14650.0;1;0;0;0;0;0;0;0;3.9542723449729715;16;1;0;0;0;0;1909.5077806486204;01;7;X;Industriestrecke;T307;79;Warm (20° bis 31,99° C);Tag;Klar;New Jersey;Frühling;Entgleisung;Frogs, Switches and Track Appliances;Track, Roadbed and Structures;Depot/Rangieren, EinzelneWagen;19477.623036130248;Nicht Signifikant;False
2288;053879;2007;7;10;25253.0;25253.0;3000.0;22253.0;4;0;0;0;0;0;0;0;3.9542723449729715;39;1;40;0;0;1;5745.264987880509;01;7;1;Depot;H020;83;Warm (20° bis 31,99° C);Tag;Klar;New Jersey;Sommer;Entgleisung;Brakes, Use of;Human Factors;Depot/Rangieren, Depot/Rangieren;18478.706278355043;Nicht Signifikant;False
2289;053962;2007;9;27;10562.0;10562.0;0.0;10562.0;2;0;0;0;0;0;0;0;4.0;14;0;15;0;0;0;2119.080043757116;05;7;X;Depot;H020;75;Warm (20° bis 31,99° C);Abenddämmerung;Klar;New Jersey;Herbst;Kollision;Brakes, Use of;Human Factors;Depot/Rangieren, EinzelneWagen;7448.51904090268;Nicht Signifikant;False
2290;053988;2007;11;6;85035.0;85035.0;2400.0;82635.0;4;0;0;1;0;0;0;0;6.0;31;3;11;0;0;1;3991.4777775234043;01;7;1;Depot;H306;50;Moderat (0° bis 19,99° C);Abend;Klar;New Jersey;Herbst;Entgleisung;General Switching Rules;Human Factors;Depot/Rangieren, Güterzug;58455.35161889049;Signifikant;False
2291;0540001;1986;8;20;133400.0;133400.0;5200.0;128200.0;4;2;0;7;0;0;0;0;23.86138636621728;103;8;112;0;0;5;15001.0;02;1;2;Depot;H603;62;Moderat (0° bis 19,99° C);Abend;Klar;Ohio;Sommer;Kollision;Speed;Human Factors;Güterzug, Güterzug;113156.33217406056;Schwer;False
2292;0540001;1986;9;17;14850.0;14850.0;0.0;14850.0;5;1;0;1;0;0;0;0;8.0;57;0;93;0;0;0;8231.889973591336;04;1;2;Hauptstrecke;H702;48;Moderat (0° bis 19,99° C);Abend;Wolkig;Ohio;Sommer;Kollision;Switches, Use of;Human Factors;Güterzug, Lokomotive;12596.488251760115;Signifikant;False
2293;0540002;1986;8;27;120825.0;120825.0;3725.0;117100.0;4;2;0;5;0;0;0;0;8.931050850284048;104;7;104;0;0;5;13900.0;02;1;2;Hauptstrecke;H305;69;Warm (20° bis 31,99° C);Abend;Regen;Ohio;Sommer;Kollision;General Switching Rules;Human Factors;Güterzug, Güterzug;102489.60895750276;Schwer;False
2294;054043;2008;1;8;16582.0;16582.0;280.0;16302.0;3;0;0;0;0;0;0;0;3.9542723449729715;16;1;22;0;0;0;2579.3288052903654;01;7;1;Depot;H021;58;Moderat (0° bis 19,99° C);Abend;Klar;New Jersey;Winter;Entgleisung;Brakes, Use of;Human Factors;Depot/Rangieren, EinzelneWagen;11276.436586195172;Nicht Signifikant;False
2295;054050;2008;1;15;38277.0;38277.0;0.0;38277.0;3;0;0;0;0;0;0;0;2.0;41;0;12;0;0;0;5099.191275414129;04;7;1;Depot;H306;35;Moderat (0° bis 19,99° C);Tag;Wolkig;New Jersey;Winter;Kollision;General Switching Rules;Human Factors;Depot/Rangieren, Güterzug;25713.42200725514;Nicht Signifikant;False
2296;054186;2008;6;28;75281.0;75281.0;200.0;75081.0;2;0;0;0;0;0;0;0;3.9542723449729715;2;0;20;0;0;2;909.18306969977;01;7;X;Depot;H306;89;Warm (20° bis 31,99° C);Tag;Klar;New Jersey;Sommer;Entgleisung;General Switching Rules;Human Factors;Depot/Rangieren, EinzelneWagen;47787.34659331359;Nicht Signifikant;False
2297;054231;2008;8;31;56138.0;56138.0;100.0;56038.0;6;0;0;0;0;0;0;0;2.958916643910756;89;0;47;0;0;0;11625.17201020313;05;7;1;Depot;H020;89;Warm (20° bis 31,99° C);Tag;Klar;New Jersey;Sommer;Kollision;Brakes, Use of;Human Factors;Depot/Rangieren, Depot/Rangieren;38295.92741660413;Nicht Signifikant;False
2298;054235;2008;9;4;49216.0;49216.0;650.0;48566.0;2;0;0;0;0;0;0;0;6.940339448159618;0;0;19;0;0;4;654.1818796690786;01;7;1;Industriestrecke;T102;69;Warm (20° bis 31,99° C);Abend;Klar;New Jersey;Sommer;Entgleisung;Track Geometry;Track, Roadbed and Structures;Depot/Rangieren, EinzelneWagen;33970.18221976808;Nicht Signifikant;False
2299;054265;2008;10;9;51646.0;51646.0;25674.0;25972.0;2;0;0;0;0;0;0;0;6.940339448159618;11;1;11;0;0;2;1678.5912395620142;05;7;X;Industriestrecke;H306;70;Warm (20° bis 31,99° C);Tag;Klar;New Jersey;Herbst;Kollision;General Switching Rules;Human Factors;Depot/Rangieren, EinzelneWagen;37747.40535009501;Nicht Signifikant;False
2300;054442;2009;5;21;65576.0;65576.0;0.0;65576.0;2;0;0;0;0;0;0;0;3.9542723449729715;12;0;3;0;0;0;1526.2082721667382;05;7;X;Depot;H310;75;Warm (20° bis 31,99° C);Abenddämmerung;Klar;New Jersey;Frühling;Kollision;General Switching Rules;Human Factors;Depot/Rangieren, EinzelneWagen;47618.90930215671;Nicht Signifikant;False
2301;054467;2009;6;29;12983.0;12983.0;500.0;12483.0;3;0;0;0;0;0;0;0;3.9542723449729715;76;2;22;0;0;0;9424.383318043689;01;7;1;Depot;H702;85;Warm (20° bis 31,99° C);Tag;Klar;New Jersey;Sommer;Entgleisung;Switches, Use of;Human Factors;Depot/Rangieren, Lokomotive;9235.310855029165;Nicht Signifikant;False
2302;054468;2009;6;29;38169.0;38169.0;0.0;38169.0;1;0;0;0;0;0;0;0;3.9542723449729715;11;0;0;0;0;0;1321.1116170045143;05;7;X;Depot;H018;80;Warm (20° bis 31,99° C);Tag;Klar;New Jersey;Sommer;Kollision;Brakes, Use of;Human Factors;Depot/Rangieren, EinzelneWagen;27151.08834827145;Nicht Signifikant;False
2303;054474;2009;7;13;15606.0;15606.0;8000.0;7606.0;2;0;0;0;0;0;0;0;4.949628046035187;33;1;4;0;0;2;3968.129707728782;01;7;1;Industriestrecke;H702;68;Warm (20° bis 31,99° C);Abend;Klar;New Jersey;Sommer;Entgleisung;Switches, Use of;Human Factors;Depot/Rangieren, EinzelneWagen;11167.084078711987;Nicht Signifikant;False
2304;054503;2009;8;17;12451.0;12451.0;0.0;12451.0;0;0;0;0;0;0;0;0;2.0;0;0;2;0;0;0;130.67276760464793;05;5;1;Depot;S015;80;Warm (20° bis 31,99° C);Abend;Klar;New Jersey;Sommer;Kollision;SIGNAL AND COMMUNICATION;Signal and Communication;EinzelneWagen, EinzelneWagen;8848.06708357021;Nicht Signifikant;False
2305;054661;2010;3;15;12773.0;12773.0;8000.0;4773.0;3;2;0;0;0;0;0;0;3.9542723449729715;12;3;8;0;0;0;1737.2674462151208;01;7;1;Depot;H702;45;Moderat (0° bis 19,99° C);Tag;Regen;New Jersey;Winter;Entgleisung;Switches, Use of;Human Factors;Depot/Rangieren, Depot/Rangieren;9319.956220357533;Nicht Signifikant;False
2306;054672;2010;4;2;18159.0;18159.0;0.0;18159.0;0;0;0;0;0;0;0;0;5.944983747097401;0;0;3;0;0;0;161.11917781563636;05;6;X;Depot;S016;65;Moderat (0° bis 19,99° C);Tag;Klar;New Jersey;Frühling;Kollision;SIGNAL AND COMMUNICATION;Signal and Communication;EinzelneWagen, EinzelneWagen;13497.502527204615;Nicht Signifikant;False
2307;054689;2010;5;8;30300.0;30300.0;300.0;30000.0;4;0;0;0;0;0;0;0;8.931050850284048;0;0;0;0;0;0;69.7799471826711;02;7;X;Depot;H702;65;Moderat (0° bis 19,99° C);Abend;Klar;New Jersey;Frühling;Kollision;Switches, Use of;Human Factors;Depot/Rangieren, Lokomotive;23634.33088063233;Nicht Signifikant;False
2308;054757;2010;9;2;66553.0;66553.0;1000.0;65553.0;2;0;0;0;0;0;0;0;3.9542723449729715;5;0;30;0;0;2;1554.9194453974299;01;7;1;Depot;H702;87;Warm (20° bis 31,99° C);Tag;Wolkig;Michigan;Sommer;Entgleisung;Switches, Use of;Human Factors;Depot/Rangieren, EinzelneWagen;51921.51661725698;Nicht Signifikant;False
2309;054790;2010;10;18;35386.0;35386.0;1200.0;34186.0;2;0;0;0;0;0;0;0;3.0;24;1;1;0;0;0;2850.0135870936765;01;7;X;Depot;H018;53;Moderat (0° bis 19,99° C);Abend;Klar;Pennsylvania;Herbst;Entgleisung;Brakes, Use of;Human Factors;Depot/Rangieren, EinzelneWagen;25464.881980426024;Nicht Signifikant;False
2310;054801;2010;11;10;60387.0;60387.0;3000.0;57387.0;2;2;0;0;0;0;0;0;9.926406551346263;4;2;7;0;0;0;777.1525987722512;05;7;1;Depot;H018;50;Moderat (0° bis 19,99° C);Tag;Klar;New Jersey;Herbst;Kollision;Brakes, Use of;Human Factors;Depot/Rangieren, EinzelneWagen;43854.03050108933;Nicht Signifikant;False
2311;054844;2011;1;8;42895.0;42895.0;2000.0;40895.0;2;0;0;0;0;0;0;0;2.958916643910756;22;3;3;0;0;3;2727.0497443109844;01;7;1;Depot;M503;25;Kalt (-30° - 0,01° C);Abend;Klar;Pennsylvania;Winter;Entgleisung;Other Miscellaneous;Miscellaneous Causes;Depot/Rangieren, EinzelneWagen;33144.880875724404;Nicht Signifikant;False
2312;054965;2011;5;1;24351.0;24351.0;250.0;24101.0;1;0;0;0;0;0;0;0;4.949628046035187;8;0;19;0;0;0;1558.3211374255188;05;6;1;Depot;H702;64;Moderat (0° bis 19,99° C);Tag;Klar;Pennsylvania;Frühling;Kollision;Switches, Use of;Human Factors;EinzelneWagen, Güterzug;16403.87119953294;Nicht Signifikant;False
2313;056117;1999;7;1;1415000.0;1415000.0;0.0;1325000.0;4;4;0;4;0;0;0;0;34.5;0;0;0;0;22;0;1079.6011030404127;04;2;4;Nebenstrecke;M599;75;Warm (20° bis 31,99° C);Abend;Klar;Florida;Sommer;Kollision;Other Miscellaneous;Miscellaneous Causes;Personenzug, Personenzug;1378604.8324240062;Signifikant;False
2314;058504603;1985;5;7;19935.0;19935.0;1000.0;18935.0;5;0;0;0;0;0;0;0;3.5;76;1;0;0;0;0;7668.256439118408;04;7;1;Depot;H310;70;Warm (20° bis 31,99° C);Tag;Wolkig;Kentucky;Frühling;Kollision;General Switching Rules;Human Factors;Depot/Rangieren, Depot/Rangieren;16909.831198574942;Nicht Signifikant;False
2315;058512607;1985;5;15;8550.0;8550.0;0.0;8550.0;2;0;0;0;0;0;0;0;7.0;6;0;29;0;0;0;1635.2703904768862;04;7;1;Depot;H306;90;Heiß (>= 32° C);Tag;Klar;Florida;Frühling;Kollision;General Switching Rules;Human Factors;Depot/Rangieren, Depot/Rangieren;7252.523538892187;Nicht Signifikant;False
2316;0585ID204;1985;5;29;8400.0;8400.0;0.0;8400.0;4;1;0;0;0;0;0;0;11.917117953470694;93;6;2;0;0;0;12153.807450552531;02;6;X;Depot;H603;52;Moderat (0° bis 19,99° C);Abend;Wolkig;Idaho;Frühling;Kollision;Speed;Human Factors;EinzelneWagen, Güterzug;7125.286283823903;Nicht Signifikant;True
2317;0586IL204;1986;5;17;40800.0;40800.0;1000.0;39800.0;8;0;0;0;0;0;0;0;6.0;8;2;68;0;0;3;3501.6229046454796;04;1;1;Depot;H306;65;Moderat (0° bis 19,99° C);Tag;Wolkig;Illinois;Frühling;Kollision;General Switching Rules;Human Factors;Güterzug, Güterzug;34608.533378573244;Nicht Signifikant;False
2318;0586KC201;1986;5;7;76300.0;76300.0;1300.0;75000.0;8;1;0;0;0;0;0;0;5.0;23;2;57;0;0;0;4464.889973591336;04;1;1;Depot;H525;78;Warm (20° bis 31,99° C);Tag;Klar;Kansas;Frühling;Kollision;Train Handling/Train Makeup;Human Factors;Güterzug, Lokomotive;64721.35041140045;Nicht Signifikant;False
2319;0586NO206;1986;5;15;24000.0;24000.0;500.0;23500.0;4;1;0;0;0;0;0;0;3.9542723449729715;52;3;1;0;0;0;5264.889973591336;04;7;1;Hauptstrecke;T399;78;Warm (20° bis 31,99° C);Abend;Klar;Louisiana;Frühling;Kollision;Frogs, Switches and Track Appliances;Track, Roadbed and Structures;Depot/Rangieren, Depot/Rangieren;20357.960810925437;Nicht Signifikant;False
2320;0586RG205;1986;5;28;4890.0;4890.0;500.0;4390.0;2;0;0;0;0;0;0;0;3.0;7;3;20;0;0;1;1411.2564391184076;04;7;1;Depot;T399;55;Moderat (0° bis 19,99° C);Abend;Wolkig;Texas;Frühling;Kollision;Frogs, Switches and Track Appliances;Track, Roadbed and Structures;Depot/Rangieren, EinzelneWagen;4147.934515226058;Nicht Signifikant;False
2321;0586WY201;1986;5;8;9975.0;9975.0;0.0;9975.0;1;0;0;0;0;0;0;0;4.949628046035187;29;0;0;0;0;0;3368.7452585311667;02;6;1;Depot;H999;60;Moderat (0° bis 19,99° C);Tag;Wolkig;Wyoming;Frühling;Kollision;Miscellaneous;Human Factors;EinzelneWagen, Güterzug;8461.277462040885;Nicht Signifikant;False
2322;058711609;1987;5;23;7000.0;7000.0;0.0;7000.0;2;0;0;0;0;0;0;0;5.0;0;0;2;0;0;0;130.67276760464793;04;7;3;Depot;H302;90;Heiß (>= 32° C);Tag;Klar;Georgia;Frühling;Kollision;General Switching Rules;Human Factors;Depot/Rangieren, Depot/Rangieren;5937.738569853253;Nicht Signifikant;False
2323;0587LA201;1987;5;23;20950.0;20950.0;800.0;20150.0;2;0;0;0;0;0;0;0;3.9542723449729715;28;4;18;0;0;1;3667.2394236319183;04;7;1;Depot;H306;76;Warm (20° bis 31,99° C);Abend;Wolkig;Texas;Frühling;Kollision;General Switching Rules;Human Factors;Depot/Rangieren, EinzelneWagen;17770.803291203665;Nicht Signifikant;False
2324;058812011;1988;5;7;5200.0;5200.0;200.0;5000.0;2;0;0;0;0;0;0;0;2.0;36;1;23;0;0;0;4884.923706086523;04;7;2;Depot;H307;75;Warm (20° bis 31,99° C);Tag;Klar;Florida;Frühling;Kollision;General Switching Rules;Human Factors;Depot/Rangieren, Depot/Rangieren;4410.891509033845;Nicht Signifikant;False
2325;058822035;1988;5;20;116000.0;116000.0;200.0;115800.0;5;3;0;0;0;0;0;0;34.81029907790165;67;2;0;0;0;0;4782.889973591336;02;1;3;Hauptstrecke;H216;55;Moderat (0° bis 19,99° C);Abend;Nebel;Pennsylvania;Frühling;Kollision;Flagging, Fixed, Hand and Radio Signals;Human Factors;Güterzug, Lokomotive;98396.81058613962;Nicht Signifikant;False