index;INCDTNO;YEAR4;MONTH;DAY;ACCDMG;INFRASTRUCTURE_DMG;TRKDMG;EQPDMG;LOCOMOTIVES1;LOCOMOTIVES2;RREMPKLD;RREMPINJ;PASSKLD;PASSINJ;OTHERKLD;OTHERINJ;SPEED;LOADF1;LOADF2;EMPTYF1;EMPTYP1;LOADP1;EMPTYF2;TONS;TYPE;TYPEQ;TRKCLAS;TYPTRK;ACCAUSE;TEMP;TEMP_CLUSTER;VISIBLTY;WEATHER;STATE;Jahreszeit;ACCIDENT_TYPE;ACCCAUSE_LVL1;ACCCAUSE_LVL2;EQUIPMENT_TYPE;ACCDMG_EUR;ACCTYPE;SPD_TOO_HIGH
2326;0588LU215;1988;5;31;8100.0;8100.0;0.0;8100.0;2;0;0;0;0;0;0;0;3.9542723449729715;30;0;6;0;0;0;3665.181144326356;04;7;1;Depot;H306;82;Warm (20° bis 31,99° C);Abend;Klar;Louisiana;Frühling;Kollision;General Switching Rules;Human Factors;Depot/Rangieren, EinzelneWagen;6870.8117736873355;Nicht Signifikant;False
2327;0588PC203;1988;5;7;6400.0;6400.0;0.0;6400.0;0;0;0;0;0;0;0;0;14.903185056657339;3;3;2;0;0;1;532.2521988052711;04;6;1;Depot;M407;44;Moderat (0° bis 19,99° C);Abend;Regen;Idaho;Frühling;Kollision;Unusual Operational Situations;Miscellaneous Causes;EinzelneWagen, EinzelneWagen;5428.789549580117;Nicht Signifikant;True
2328;0588UT209;1988;5;28;8000.0;8000.0;600.0;7400.0;6;0;0;0;0;0;0;0;7.5;81;1;130;0;0;6;9835.0;04;1;2;Depot;H702;70;Warm (20° bis 31,99° C);Abend;Klar;Utah;Frühling;Kollision;Switches, Use of;Human Factors;Güterzug, Güterzug;6785.986936975146;Nicht Signifikant;False
2329;058901048;1989;5;31;19600.0;19600.0;1600.0;18000.0;2;0;0;0;0;0;0;0;4.0;1;1;4;0;0;4;330.85219203132436;04;7;1;Depot;M407;85;Warm (20° bis 31,99° C);Tag;Klar;Tennessee;Frühling;Kollision;Unusual Operational Situations;Miscellaneous Causes;Depot/Rangieren, Depot/Rangieren;16625.66799558911;Nicht Signifikant;False
2330;058901051;1989;5;27;22400.0;22400.0;300.0;22100.0;1;0;0;0;0;0;0;0;4.0;4;4;0;0;0;0;603.2458092909593;04;7;1;Depot;M407;69;Warm (20° bis 31,99° C);Abend;Regen;Tennessee;Frühling;Kollision;Unusual Operational Situations;Miscellaneous Causes;Depot/Rangieren, EinzelneWagen;19000.76342353041;Nicht Signifikant;False
2331;058903029;1989;5;15;10200.0;10200.0;0.0;10200.0;2;0;0;0;0;0;0;0;30.0;8;0;0;0;0;0;878.6473981205941;02;1;3;Hauptstrecke;H999;65;Moderat (0° bis 19,99° C);Tag;Klar;North Carolina;Frühling;Kollision;Miscellaneous;Human Factors;Güterzug, Güterzug;8652.133344643311;Nicht Signifikant;False
2332;058905008;1989;5;8;25200.0;25200.0;200.0;25000.0;3;0;0;0;0;0;0;0;5.0;8;2;4;0;0;0;1140.8430662563196;01;7;1;Depot;H020;42;Moderat (0° bis 19,99° C);Tag;Klar;North Carolina;Frühling;Entgleisung;Brakes, Use of;Human Factors;Depot/Rangieren, Depot/Rangieren;21375.85885147171;Nicht Signifikant;False
2333;058905038;1989;5;23;18000.0;18000.0;0.0;18000.0;0;0;0;0;0;0;0;0;5.0;2;0;0;0;0;0;297.294796241188;03;5;4;Hauptstrecke;M599;81;Warm (20° bis 31,99° C);Tag;Klar;Virginia;Frühling;Kollision;Other Miscellaneous;Miscellaneous Causes;EinzelneWagen, EinzelneWagen;15268.470608194079;Nicht Signifikant;False
2334;058912009;1989;5;5;82450.0;82450.0;400.0;82050.0;3;0;0;0;0;0;0;0;10.0;63;1;0;0;0;0;7256.1067335237685;04;7;2;Depot;H021;80;Warm (20° bis 31,99° C);Abend;Klar;Florida;Frühling;Kollision;Brakes, Use of;Human Factors;Depot/Rangieren, EinzelneWagen;69938.0778692001;Nicht Signifikant;False
2335;058912049;1989;5;31;21000.0;21000.0;0.0;21000.0;1;0;0;0;0;0;0;0;15.0;21;0;20;0;0;0;3067.6140665168673;04;5;1;Depot;M407;90;Heiß (>= 32° C);Tag;Klar;Georgia;Frühling;Kollision;Unusual Operational Situations;Miscellaneous Causes;EinzelneWagen, Güterzug;17813.215709559758;Nicht Signifikant;True
2336;058922011;1989;5;10;380100.0;380100.0;10100.0;370000.0;6;5;0;1;0;0;0;0;25.5;0;0;58;0;0;0;1801.8899735913355;02;1;4;Hauptstrecke;H999;50;Moderat (0° bis 19,99° C);Abend;Wolkig;Maryland;Frühling;Kollision;Miscellaneous;Human Factors;Güterzug, Lokomotive;322419.2043430316;Signifikant;False
2337;058922040;1989;5;14;65300.0;65300.0;1000.0;64300.0;2;0;0;0;0;0;0;0;10.0;23;7;0;0;0;0;2823.4639983403113;01;7;1;Depot;T220;49;Moderat (0° bis 19,99° C);Abend;Regen;Maryland;Frühling;Entgleisung;Rail, Joint Bar and Rail Anchoring;Track, Roadbed and Structures;Depot/Rangieren, Depot/Rangieren;55390.61837305963;Nicht Signifikant;False
2338;058927016;1989;5;13;6100.0;6100.0;0.0;6100.0;3;0;0;0;0;0;0;0;5.0;44;0;12;0;0;0;4863.3656885913315;04;6;1;Depot;M404;48;Moderat (0° bis 19,99° C);Tag;Klar;Kentucky;Frühling;Kollision;Unusual Operational Situations;Miscellaneous Causes;EinzelneWagen, Güterzug;5174.315039443549;Nicht Signifikant;False
2339;0589NL207;1989;5;5;9500.0;9500.0;0.0;9500.0;1;0;0;0;0;0;0;0;2.958916643910756;14;0;37;0;0;3;2793.341172257082;04;7;1;Depot;M407;62;Moderat (0° bis 19,99° C);Abend;Wolkig;Arkansas;Frühling;Kollision;Unusual Operational Situations;Miscellaneous Causes;Depot/Rangieren, EinzelneWagen;8058.3594876579855;Nicht Signifikant;False
2340;0589PC201;1989;5;1;12500.0;12500.0;2000.0;10500.0;1;0;0;0;0;0;0;0;0.0;21;4;16;0;0;2;3027.224658902982;04;7;1;Depot;M404;55;Moderat (0° bis 19,99° C);Abend;Klar;Idaho;Frühling;Kollision;Unusual Operational Situations;Miscellaneous Causes;Depot/Rangieren, EinzelneWagen;10603.104589023666;Nicht Signifikant;False
2341;0589SL202;1989;5;8;19400.0;19400.0;8000.0;11400.0;4;0;0;0;0;0;0;0;57.5;70;0;0;0;0;0;5042.0;05;1;4;Hauptstrecke;E12C;57;Moderat (0° bis 19,99° C);Abend;Klar;Illinois;Frühling;Kollision;Trailer or Container on Flatcar;Mechanical and Electrical Failures;Güterzug, Güterzug;16456.018322164728;Nicht Signifikant;False
2342;0589VB208;1989;5;29;8500.0;8500.0;0.0;8500.0;0;0;0;0;0;0;0;0;0.0;2;0;5;0;0;1;485.89685550687255;04;5;1;Depot;H018;90;Heiß (>= 32° C);Tag;Klar;Kansas;Frühling;Kollision;Brakes, Use of;Human Factors;EinzelneWagen, EinzelneWagen, EinzelneWagen;7210.111120536093;Nicht Signifikant;False
2343;059005026;1990;5;16;80900.0;80900.0;1500.0;79400.0;3;0;0;0;0;0;0;0;10.0;83;0;118;0;0;6;13113.202795724199;04;7;1;Depot;H702;75;Warm (20° bis 31,99° C);Abend;Klar;North Carolina;Frühling;Kollision;Switches, Use of;Human Factors;Depot/Rangieren, Depot/Rangieren;68623.29290016116;Nicht Signifikant;False
2344;0590FR204;1990;5;7;12811.0;12811.0;311.0;12500.0;3;1;0;0;0;0;0;0;15.898540757719555;0;0;4;0;0;1;193.04562264603166;03;6;1;Depot;E79L;35;Moderat (0° bis 19,99° C);Abend;Klar;Nevada;Frühling;Kollision;Locomotives;Mechanical and Electrical Failures;EinzelneWagen, Lokomotive;10866.909831198574;Nicht Signifikant;True
2345;0590FR211;1990;5;19;137201.0;137201.0;10451.0;126750.0;1;0;0;0;0;0;0;0;5.944983747097401;17;0;131;0;0;4;5998.056040297175;04;7;1;Hauptstrecke;H702;58;Moderat (0° bis 19,99° C);Tag;Klar;Kalifornien;Frühling;Kollision;Switches, Use of;Human Factors;Depot/Rangieren, EinzelneWagen;116380.52421749088;Nicht Signifikant;False
2346;0590FW006;1990;5;15;100424.0;100424.0;200.0;100224.0;2;1;0;1;0;0;0;0;4.949628046035187;16;1;16;0;0;0;2396.650344024435;02;7;1;Industriestrecke;H099;84;Warm (20° bis 31,99° C);Tag;Wolkig;Texas;Frühling;Kollision;Brakes, Use of;Human Factors;Depot/Rangieren, EinzelneWagen;85184.49401984901;Signifikant;False
2347;0590FW234;1990;5;23;8000.0;8000.0;500.0;7500.0;0;0;0;0;0;0;0;0;13.907829355595124;2;2;0;0;0;0;336.5128782368152;01;5;1;Depot;H313;82;Warm (20° bis 31,99° C);Tag;Klar;Texas;Frühling;Entgleisung;General Switching Rules;Human Factors;EinzelneWagen, EinzelneWagen;6785.986936975146;Nicht Signifikant;True
2348;0590LU214;1990;5;26;14500.0;14500.0;0.0;14500.0;2;0;0;0;0;0;0;0;4.949628046035187;9;0;6;0;0;0;1276.2752292119278;04;7;1;Depot;H306;85;Warm (20° bis 31,99° C);Tag;Klar;Texas;Frühling;Kollision;General Switching Rules;Human Factors;Depot/Rangieren, EinzelneWagen;12299.601323267452;Nicht Signifikant;False
2349;0590NA005;1990;5;17;124234.0;124234.0;36678.0;87556.0;4;3;0;1;0;0;0;0;8.0;10;0;2;0;0;0;952.8899735913355;04;7;1;Nebenstrecke;E04L;75;Warm (20° bis 31,99° C);Tag;Klar;Idaho;Frühling;Kollision;Brakes;Mechanical and Electrical Failures;Depot/Rangieren, Güterzug;105381.28764102129;Signifikant;False
2350;0590NE002;1990;5;2;250991.0;250991.0;7200.0;243791.0;4;2;0;7;0;0;0;0;30.0;0;0;19;0;0;3;636.5621285044983;02;7;4;Hauptstrecke;H404;43;Moderat (0° bis 19,99° C);Abend;Wolkig;Nebraska;Frühling;Kollision;Main Track Authority;Human Factors;Depot/Rangieren, Güterzug;212902.7059122911;Schwer;False
2351;0590NL205;1990;5;9;5900.0;5900.0;100.0;5800.0;3;1;0;0;0;0;0;0;3.5;17;1;54;0;0;1;3668.8513911906603;04;7;1;Depot;H403;60;Moderat (0° bis 19,99° C);Abend;Wolkig;Arkansas;Frühling;Kollision;Main Track Authority;Human Factors;Depot/Rangieren, Depot/Rangieren;5004.6653660191705;Nicht Signifikant;False
2352;0590RR214;1990;5;28;103856.0;103856.0;71713.0;32143.0;3;0;0;0;0;0;0;0;47.749923191710444;49;0;38;0;0;2;6951.944379290933;01;6;1;Nebenstrecke;E26C;85;Warm (20° bis 31,99° C);Tag;Klar;Texas;Frühling;Entgleisung;Body;Mechanical and Electrical Failures;EinzelneWagen, Güterzug;88095.68241581134;Nicht Signifikant;True
2353;0590SA201;1990;5;1;6500.0;6500.0;500.0;6000.0;2;1;0;0;0;0;0;0;3.0;3;1;1;0;0;0;461.1076719792485;04;6;1;Depot;H403;85;Warm (20° bis 31,99° C);Tag;Klar;Texas;Frühling;Kollision;Main Track Authority;Human Factors;EinzelneWagen, Lokomotive;5513.614386292306;Nicht Signifikant;False
2354;0590WH204;1990;5;21;24080.0;24080.0;20000.0;4080.0;4;1;0;0;0;0;0;0;14.903185056657339;6;0;28;0;0;2;1607.7840495047114;04;6;2;Depot;H209;75;Warm (20° bis 31,99° C);Tag;Klar;Kansas;Frühling;Kollision;Flagging, Fixed, Hand and Radio Signals;Human Factors;EinzelneWagen, Lokomotive;20425.82068029519;Nicht Signifikant;False
2355;0591HO001;1991;5;1;70500.0;70500.0;10000.0;60500.0;2;0;0;0;0;0;0;0;4.949628046035187;39;3;1;0;0;1;5524.390663714315;01;7;1;Depot;T314;75;Warm (20° bis 31,99° C);Tag;Wolkig;Texas;Frühling;Entgleisung;Frogs, Switches and Track Appliances;Track, Roadbed and Structures;Depot/Rangieren, EinzelneWagen;59801.50988209347;Nicht Signifikant;False
2356;0591LU006;1991;5;2;24100.0;24100.0;0.0;24100.0;4;0;0;0;0;0;0;0;6.0;75;0;60;0;0;3;10294.0;04;7;1;Hauptstrecke;H401;69;Warm (20° bis 31,99° C);Abend;Wolkig;Louisiana;Frühling;Kollision;Main Track Authority;Human Factors;Depot/Rangieren, Güterzug;20442.785647637626;Nicht Signifikant;False
2357;0591LU037;1991;5;30;29050.0;29050.0;0.0;29050.0;4;0;0;0;0;0;0;0;3.5;26;1;22;0;0;1;2120.0;04;7;1;Depot;H999;78;Warm (20° bis 31,99° C);Abend;Regen;Louisiana;Frühling;Kollision;Miscellaneous;Human Factors;Depot/Rangieren, Depot/Rangieren;24641.615064891;Nicht Signifikant;False
2358;0591RR014;1991;5;18;13000.0;13000.0;0.0;13000.0;2;0;0;0;0;0;0;0;4.949628046035187;22;0;91;0;0;3;5745.77978914192;04;7;1;Depot;H702;80;Warm (20° bis 31,99° C);Abend;Wolkig;Texas;Frühling;Kollision;Switches, Use of;Human Factors;Depot/Rangieren, EinzelneWagen;11027.228772584613;Nicht Signifikant;False
2359;059204;1992;5;8;8035.5;8035.5;7662.0;860.0;2;0;0;0;0;0;0;0;5.9542723449729715;20;2;0;0;0;0;2054.8899735913355;01;7;1;Depot;T314;60;Moderat (0° bis 19,99° C);Tag;Klar;Indiana;Frühling;Entgleisung;Frogs, Switches and Track Appliances;Track, Roadbed and Structures;Depot/Rangieren, NaN;6816.099754007973;Nicht Signifikant;False
2360;059208;1992;5;15;7543.0;7543.0;0.0;7543.0;4;0;0;1;0;0;0;0;2.0;22;1;4;0;0;0;2713.8379686681246;04;7;1;Depot;H302;75;Warm (20° bis 31,99° C);Tag;Klar;Illinois;Frühling;Kollision;General Switching Rules;Human Factors;Depot/Rangieren, Depot/Rangieren;6398.3374332004405;Signifikant;False
2361;0592CA010;1992;5;5;9900.0;9900.0;0.0;9900.0;5;0;0;0;0;0;0;0;4.0;92;0;45;0;0;1;11218.0;04;1;3;Hauptstrecke;H702;75;Warm (20° bis 31,99° C);Tag;Klar;Kalifornien;Frühling;Kollision;Switches, Use of;Human Factors;Güterzug, Güterzug;8397.658834506743;Nicht Signifikant;False
2362;0592GR006;1992;5;14;7500.0;7500.0;0.0;7500.0;2;0;0;0;0;0;0;0;5.0;0;0;90;0;0;1;2843.6020592656846;01;7;1;Depot;H401;50;Moderat (0° bis 19,99° C);Tag;Klar;Wyoming;Frühling;Entgleisung;Main Track Authority;Human Factors;Depot/Rangieren, Güterzug;6361.8627534142;Nicht Signifikant;False
2363;0592LU015;1992;5;14;15150.0;15150.0;0.0;15150.0;2;0;0;0;0;0;0;0;3.9542723449729715;40;2;0;0;22;0;4085.0835166723523;01;7;1;Depot;T314;74;Warm (20° bis 31,99° C);Tag;Wolkig;Louisiana;Frühling;Entgleisung;Frogs, Switches and Track Appliances;Track, Roadbed and Structures;Depot/Rangieren, EinzelneWagen;12850.962761896682;Nicht Signifikant;False
2364;0592RR012;1992;5;21;88600.0;88600.0;15000.0;73600.0;7;0;0;1;0;0;0;1;49.740634593834876;130;0;73;0;0;0;17180.0;07;1;4;Hauptstrecke;M304;84;Warm (20° bis 31,99° C);Tag;Klar;Arkansas;Frühling;Bahnübergang;Loading Procedures;Loading;Güterzug, Güterzug;75154.80532699975;Signifikant;False
2365;059305002;1993;5;5;44700.0;44700.0;1000.0;43700.0;3;1;0;1;0;0;0;0;3.9390297932972955;31;5;25;0;0;1;4491.835576064204;04;1;1;Depot;S099;75;Warm (20° bis 31,99° C);Tag;Klar;North Carolina;Frühling;Kollision;other software/programming deficiencies, etc.);Signal and Communication;Güterzug, Güterzug, Güterzug;37916.70201034863;Signifikant;False
2366;059305025;1993;5;21;13600.0;13600.0;0.0;13600.0;3;0;0;0;0;0;0;0;4.0;68;0;10;0;0;0;8109.7489172821315;04;7;1;Depot;H401;80;Warm (20° bis 31,99° C);Tag;Klar;South Carolina;Frühling;Kollision;Main Track Authority;Human Factors;Depot/Rangieren, Depot/Rangieren;11536.177792857748;Nicht Signifikant;False
2367;059321023;1993;5;27;36789.0;36789.0;4000.0;32789.0;2;0;0;0;0;0;0;0;5.944983747097401;11;1;41;0;0;11;2605.3038574663287;01;7;4;Depot;T399;52;Moderat (0° bis 19,99° C);Abenddämmerung;Klar;Illinois;Frühling;Entgleisung;Frogs, Switches and Track Appliances;Track, Roadbed and Structures;Depot/Rangieren, EinzelneWagen;31206.20917804733;Nicht Signifikant;False
2368;059321026;1993;5;23;21775.0;21775.0;250.0;21525.0;3;0;0;0;0;0;0;0;4.0;27;0;57;0;0;0;4876.67579149899;04;7;3;Hauptstrecke;H307;65;Moderat (0° bis 19,99° C);Tag;Klar;Illinois;Frühling;Kollision;General Switching Rules;Human Factors;Depot/Rangieren, Depot/Rangieren;18470.608194079225;Nicht Signifikant;False
2369;059321028;1993;5;31;9500.0;9500.0;500.0;9000.0;3;1;0;0;0;0;0;0;4.0;29;3;35;0;0;1;4494.676773528609;04;1;1;Depot;H305;60;Moderat (0° bis 19,99° C);Abend;Wolkig;Kentucky;Frühling;Kollision;General Switching Rules;Human Factors;Güterzug, Güterzug;8058.3594876579855;Nicht Signifikant;False
2370;059323026;1993;5;26;31600.0;31600.0;0.0;31600.0;3;0;0;0;0;0;0;0;9.926406551346263;63;0;8;0;0;2;7483.029043452676;03;7;2;Hauptstrecke;H306;72;Warm (20° bis 31,99° C);Tag;Klar;Ohio;Frühling;Kollision;General Switching Rules;Human Factors;Depot/Rangieren, Depot/Rangieren;26804.648401051825;Nicht Signifikant;False
2371;059327015;1993;5;13;12100.0;12100.0;0.0;12100.0;2;0;0;0;0;0;0;0;7.935695149221832;149;0;7;0;0;7;19668.375087404103;03;5;1;Depot;H307;80;Warm (20° bis 31,99° C);Tag;Klar;Virginia;Frühling;Kollision;General Switching Rules;Human Factors;EinzelneWagen, Güterzug;10263.805242174909;Nicht Signifikant;False
2372;059334;1993;5;26;17603.0;17603.0;900.0;16703.0;2;0;0;0;0;0;0;0;0.9682052417863254;109;4;64;0;0;4;8983.50647065397;01;6;1;Depot;T107;48;Moderat (0° bis 19,99° C);Abend;Klar;Illinois;Frühling;Entgleisung;Track Geometry;Track, Roadbed and Structures;EinzelneWagen, Güterzug;14931.716006446686;Nicht Signifikant;False
2373;0593ID020;1993;5;21;6500.0;6500.0;500.0;6000.0;1;0;0;0;0;0;0;0;3.9542723449729715;0;0;11;0;0;1;519.048469476673;01;7;1;Depot;H018;76;Warm (20° bis 31,99° C);Tag;Klar;Idaho;Frühling;Entgleisung;Brakes, Use of;Human Factors;Depot/Rangieren, EinzelneWagen;5513.614386292306;Nicht Signifikant;False
2374;0593KC004;1993;5;15;20525.0;20525.0;800.0;19725.0;2;0;0;0;0;0;0;0;1.9635609428485408;48;1;23;0;0;1;6251.492835057032;01;7;1;Depot;H306;80;Warm (20° bis 31,99° C);Tag;Klar;Kansas;Frühling;Entgleisung;General Switching Rules;Human Factors;Depot/Rangieren, EinzelneWagen;17410.29773517686;Nicht Signifikant;False
2375;0593NE047;1993;5;26;29650.0;29650.0;0.0;29650.0;5;0;0;0;0;0;0;0;65.0;120;0;0;0;0;0;7350.0;01;1;5;Hauptstrecke;M206;51;Moderat (0° bis 19,99° C);Abend;Wolkig;Nebraska;Frühling;Entgleisung;Loading Procedures;Loading;Güterzug, Güterzug;25150.564085164136;Nicht Signifikant;False
2376;0594FW018;1994;5;27;7000.0;7000.0;0.0;7000.0;4;1;0;0;0;0;0;0;7.935695149221832;0;0;0;0;0;0;69.7799471826711;04;7;1;Depot;H399;80;Warm (20° bis 31,99° C);Tag;Wolkig;Texas;Frühling;Kollision;General Switching Rules;Human Factors;Depot/Rangieren, Lokomotive;5937.738569853253;Nicht Signifikant;False
2377;0594HO016;1994;5;1;20840.0;20840.0;3500.0;17340.0;4;2;0;0;0;0;0;0;7.935695149221832;23;2;9;0;0;0;1572.2564391184076;01;5;1;Depot;E64L;68;Warm (20° bis 31,99° C);Abend;Wolkig;Louisiana;Frühling;Entgleisung;Wheels;Mechanical and Electrical Failures;EinzelneWagen, Güterzug;17677.495970820255;Nicht Signifikant;False
2378;0594HO017;1994;5;4;9000.0;9000.0;0.0;9000.0;4;0;0;0;0;0;0;0;2.0;22;0;14;0;0;0;2844.502566286389;04;4;1;Industriestrecke;H301;70;Warm (20° bis 31,99° C);Tag;Wolkig;Texas;Frühling;Kollision;General Switching Rules;Human Factors;Arbeitszug, Depot/Rangieren;7634.235304097039;Nicht Signifikant;False
2379;0594PC029;1994;5;27;12525.0;12525.0;0.0;12525.0;2;0;0;0;0;0;0;0;6.940339448159618;20;17;102;0;0;29;5896.745402192975;01;7;1;Depot;H306;65;Moderat (0° bis 19,99° C);Tag;Wolkig;Oregon;Frühling;Entgleisung;General Switching Rules;Human Factors;Depot/Rangieren, EinzelneWagen;10624.310798201714;Nicht Signifikant;False
2380;059504002;1995;5;21;1050000.0;1050000.0;0.0;1050000.0;6;3;0;1;0;0;0;0;11.0;180;2;0;0;0;0;23000.0;02;1;1;Hauptstrecke;H603;75;Warm (20° bis 31,99° C);Tag;Klar;South Carolina;Frühling;Kollision;Speed;Human Factors;Güterzug, Güterzug;890660.785477988;Signifikant;True
2381;059505017;1995;5;13;10500.0;10500.0;1500.0;9000.0;3;0;0;0;0;0;0;0;3.9542723449729715;42;0;87;0;0;2;7917.229204224301;04;6;1;Depot;H306;80;Warm (20° bis 31,99° C);Tag;Klar;North Carolina;Frühling;Kollision;General Switching Rules;Human Factors;EinzelneWagen, Güterzug;8906.607854779879;Nicht Signifikant;False
2382;059508005;1995;5;6;20100.0;20100.0;400.0;19700.0;1;0;0;0;0;0;0;0;4.0;31;4;0;0;0;0;3674.6962715809377;04;7;1;Hauptstrecke;H020;80;Warm (20° bis 31,99° C);Tag;Klar;Louisiana;Frühling;Kollision;Brakes, Use of;Human Factors;Depot/Rangieren, EinzelneWagen;17049.792179150056;Nicht Signifikant;False
2383;059508017;1995;5;25;810600.0;810600.0;4000.0;806600.0;4;2;0;2;0;0;0;0;14.903185056657339;119;7;28;0;0;0;14314.0;03;1;2;Nebenstrecke;H699;90;Heiß (>= 32° C);Tag;Klar;Alabama;Frühling;Kollision;Speed;Human Factors;Güterzug, Güterzug;687590.1263890066;Signifikant;False
2384;059523029;1995;5;27;7500.0;7500.0;0.0;7500.0;2;0;0;1;0;0;0;0;4.949628046035187;4;4;3;0;0;2;604.9893701725517;04;6;1;Industriestrecke;H020;50;Moderat (0° bis 19,99° C);Abend;Wolkig;Ohio;Frühling;Kollision;Brakes, Use of;Human Factors;EinzelneWagen, Güterzug;6361.8627534142;Signifikant;False
2385;0595CB020;1995;5;25;151082.0;151082.0;49367.0;101715.0;4;0;0;1;0;0;0;0;25.5;0;0;116;0;0;25;3846.7827940133125;04;7;5;Hauptstrecke;H215;44;Moderat (0° bis 19,99° C);Abend;Klar;Nebraska;Frühling;Kollision;Flagging, Fixed, Hand and Radio Signals;Human Factors;Depot/Rangieren, Güterzug;128155.05980150988;Signifikant;False
2386;0595CB027;1995;5;25;7271.0;7271.0;4255.0;3016.0;3;0;0;0;0;0;0;0;2.0;100;1;5;0;0;2;13110.082093885092;05;6;1;Industriestrecke;H310;62;Moderat (0° bis 19,99° C);Tag;Wolkig;Nebraska;Frühling;Kollision;General Switching Rules;Human Factors;EinzelneWagen, Güterzug;6167.613877343286;Nicht Signifikant;False
2387;0595MX005;1995;5;29;35342.0;35342.0;5000.0;30342.0;3;0;0;0;0;0;0;0;2.958916643910756;89;2;48;0;0;2;7523.153949954987;01;7;1;Depot;H401;88;Warm (20° bis 31,99° C);Tag;Klar;Texas;Frühling;Entgleisung;Main Track Authority;Human Factors;Depot/Rangieren, Güterzug;29978.79379082195;Nicht Signifikant;False
2388;0595SL004;1995;5;4;26221.0;26221.0;2000.0;24221.0;7;0;0;0;0;0;0;0;1.9635609428485408;8;1;28;0;0;0;3463.0;04;7;1;Depot;H212;52;Moderat (0° bis 19,99° C);Abend;Wolkig;Missouri;Frühling;Kollision;Flagging, Fixed, Hand and Radio Signals;Human Factors;Depot/Rangieren, Güterzug;22241.920434303163;Nicht Signifikant;False
2389;0595VB001;1995;5;1;1516000.0;1516000.0;17000.0;1499000.0;6;3;0;1;0;0;0;0;16.89389645878177;226;6;0;0;0;0;31224.0;03;1;3;Hauptstrecke;H215;45;Moderat (0° bis 19,99° C);Tag;Klar;Kansas;Frühling;Kollision;Flagging, Fixed, Hand and Radio Signals;Human Factors;Güterzug, Güterzug;1285944.5245567902;Signifikant;False
2390;0595WT004;1995;5;16;16025.0;16025.0;2000.0;14025.0;1;0;0;0;0;0;0;0;4.949628046035187;33;3;17;0;0;0;4400.191053228444;01;7;1;Depot;T202;60;Moderat (0° bis 19,99° C);Tag;Klar;Utah;Frühling;Entgleisung;Rail, Joint Bar and Rail Anchoring;Track, Roadbed and Structures;Depot/Rangieren, EinzelneWagen;13593.18008312834;Nicht Signifikant;False
2391;0596;1996;4;12;79969.0;79969.0;20000.0;59969.0;4;4;0;2;0;0;0;0;36.80101048002608;86;3;8;0;0;0;10075.311058925454;04;6;1;Depot;H301;45;Moderat (0° bis 19,99° C);Abend;Klar;Iowa;Frühling;Kollision;General Switching Rules;Human Factors;EinzelneWagen, Güterzug;67833.57367037068;Signifikant;True
2392;059607038;1996;5;24;61600.0;61600.0;0.0;61600.0;0;0;0;0;0;0;0;0;1.0;8;8;0;0;0;0;1136.7116713992475;04;6;1;Depot;M407;70;Warm (20° bis 31,99° C);Tag;Klar;Kentucky;Frühling;Kollision;Unusual Operational Situations;Miscellaneous Causes;EinzelneWagen, EinzelneWagen;52252.099414708624;Nicht Signifikant;False
2393;059608016;1996;5;23;7568.0;7568.0;0.0;7568.0;1;0;0;0;0;0;0;0;5.0;12;6;4;0;0;0;1674.3089283646082;04;7;1;Depot;H306;70;Warm (20° bis 31,99° C);Abend;Klar;Florida;Frühling;Kollision;General Switching Rules;Human Factors;Depot/Rangieren, EinzelneWagen;6419.543642378488;Nicht Signifikant;False
2394;0596CB018;1996;5;23;940845.0;940845.0;336000.0;604845.0;4;1;0;1;0;0;0;0;39.78707758321272;65;15;28;0;0;5;8447.0;01;1;1;Nebenstrecke;H702;45;Moderat (0° bis 19,99° C);Tag;Wolkig;Nebraska;Frühling;Entgleisung;Switches, Use of;Human Factors;Güterzug, Güterzug;798070.2349647976;Signifikant;True
2395;0596FW009;1996;5;21;17373.0;17373.0;2000.0;15373.0;3;0;0;0;0;0;0;0;2.958916643910756;70;2;0;0;0;0;7832.310844818005;04;6;1;Depot;H306;85;Warm (20° bis 31,99° C);Abend;Wolkig;Texas;Frühling;Kollision;General Switching Rules;Human Factors;EinzelneWagen, Güterzug;14736.618882008652;Nicht Signifikant;False
2396;0596HO010;1996;5;3;14452.0;14452.0;500.0;13952.0;1;0;0;0;0;0;0;0;3.9542723449729715;3;0;32;0;0;4;930.6693080825214;01;7;1;Depot;H021;70;Warm (20° bis 31,99° C);Tag;Klar;Texas;Frühling;Entgleisung;Brakes, Use of;Human Factors;Depot/Rangieren, EinzelneWagen;12258.8854016456;Nicht Signifikant;False
2397;0596IW014;1996;5;22;44000.0;44000.0;1000.0;43000.0;1;0;0;0;0;0;0;0;7.5;6;4;0;0;0;0;830.7606583494762;04;6;1;Depot;H301;78;Warm (20° bis 31,99° C);Tag;Klar;Iowa;Frühling;Kollision;General Switching Rules;Human Factors;EinzelneWagen, Güterzug;37322.928153363304;Nicht Signifikant;False