index;INCDTNO;YEAR4;MONTH;DAY;ACCDMG;INFRASTRUCTURE_DMG;TRKDMG;EQPDMG;LOCOMOTIVES1;LOCOMOTIVES2;RREMPKLD;RREMPINJ;PASSKLD;PASSINJ;OTHERKLD;OTHERINJ;SPEED;LOADF1;LOADF2;EMPTYF1;EMPTYP1;LOADP1;EMPTYF2;TONS;TYPE;TYPEQ;TRKCLAS;TYPTRK;ACCAUSE;TEMP;TEMP_CLUSTER;VISIBLTY;WEATHER;STATE;Jahreszeit;ACCIDENT_TYPE;ACCCAUSE_LVL1;ACCCAUSE_LVL2;EQUIPMENT_TYPE;ACCDMG_EUR;ACCTYPE;SPD_TOO_HIGH
2398;0596PC014;1996;5;13;17000.0;17000.0;0.0;17000.0;1;0;0;0;0;0;0;0;3.5;14;0;16;0;0;1;2180.1904634938064;01;7;1;Nebenstrecke;H020;70;Warm (20° bis 31,99° C);Tag;Wolkig;Idaho;Frühling;Entgleisung;Brakes, Use of;Human Factors;Depot/Rangieren, EinzelneWagen;14420.222241072186;Nicht Signifikant;False
2399;0596SL013;1996;5;12;23545.0;23545.0;0.0;23545.0;6;0;0;0;0;0;0;0;4.949628046035187;130;2;0;0;0;0;13031.0;01;1;1;Depot;H307;48;Moderat (0° bis 19,99° C);Abend;Wolkig;Missouri;Frühling;Entgleisung;General Switching Rules;Human Factors;Güterzug, Güterzug;19972.007803884975;Nicht Signifikant;False
2400;0596VB011;1996;5;24;611000.0;611000.0;12000.0;599000.0;6;5;0;4;0;0;0;0;25.852097768341707;79;4;57;0;0;0;9230.0;01;1;3;Hauptstrecke;H499;84;Warm (20° bis 31,99° C);Tag;Klar;Texas;Frühling;Entgleisung;Main Track Authority;Human Factors;Güterzug, Güterzug;518279.7523114768;Signifikant;False
2401;059701003;1997;5;4;26000.0;26000.0;0.0;26000.0;0;0;0;0;0;0;0;0;2.0;2;0;1;0;0;0;327.74120645217647;04;5;1;Depot;H499;50;Moderat (0° bis 19,99° C);Abend;Klar;Georgia;Frühling;Kollision;Main Track Authority;Human Factors;EinzelneWagen, EinzelneWagen;22054.457545169225;Nicht Signifikant;False
2402;059721;1997;5;14;13490.0;13490.0;0.0;13490.0;2;0;0;0;0;0;0;0;2.958916643910756;36;0;0;0;0;0;4165.047230235976;04;6;1;Depot;H018;51;Moderat (0° bis 19,99° C);Tag;Wolkig;Indiana;Frühling;Kollision;Brakes, Use of;Human Factors;EinzelneWagen, Güterzug;11442.87047247434;Nicht Signifikant;False
2403;0597HO001;1997;5;2;242600.0;242600.0;55000.0;187600.0;3;0;0;0;0;0;0;0;4.949628046035187;24;6;14;0;0;6;3244.742863252126;01;7;1;Depot;H506;75;Warm (20° bis 31,99° C);Tag;Wolkig;Texas;Frühling;Entgleisung;Train Handling/Train Makeup;Human Factors;Depot/Rangieren, EinzelneWagen;205785.0538637713;Signifikant;False
2404;0597HO003;1997;5;5;31500.0;31500.0;500.0;31000.0;2;0;0;0;0;0;0;0;2.958916643910756;29;0;3;0;0;3;4034.8164184217308;01;7;1;Industriestrecke;M501;75;Warm (20° bis 31,99° C);Abend;Klar;Texas;Frühling;Entgleisung;Other Miscellaneous;Miscellaneous Causes;Depot/Rangieren, EinzelneWagen;26719.823564339637;Nicht Signifikant;False
2405;0597PV002;1997;5;6;214055.0;214055.0;2000.0;212055.0;9;0;0;0;0;0;0;0;9.926406551346263;0;0;231;0;0;10;7306.0;01;1;1;Depot;H704;40;Moderat (0° bis 19,99° C);Abend;Klar;Wyoming;Frühling;Entgleisung;Switches, Use of;Human Factors;Güterzug, Güterzug;181571.80422427686;Signifikant;False
2406;059807002;1998;5;3;282018.0;282018.0;640.0;281378.0;4;2;0;0;0;0;0;0;5.0;83;4;67;0;0;4;11635.91196971623;04;7;1;Depot;H216;50;Moderat (0° bis 19,99° C);Morgendämmerung;Wolkig;Ohio;Frühling;Kollision;Flagging, Fixed, Hand and Radio Signals;Human Factors;Depot/Rangieren, Depot/Rangieren;239221.30799898208;Signifikant;False
2407;0598PD007;1998;5;10;7000.0;7000.0;500.0;6500.0;5;0;0;0;0;0;0;0;0.9682052417863254;43;3;37;0;0;0;4990.0;04;7;1;Depot;H310;51;Moderat (0° bis 19,99° C);Tag;Wolkig;Washington;Frühling;Kollision;General Switching Rules;Human Factors;Depot/Rangieren, Güterzug;5937.738569853253;Nicht Signifikant;False
2408;0598PD033;1998;5;31;11000.0;11000.0;0.0;11000.0;7;0;0;2;0;0;0;0;7.935695149221832;0;0;0;0;0;0;69.7799471826711;04;8;1;Depot;H399;70;Warm (20° bis 31,99° C);Abend;Klar;Oregon;Frühling;Kollision;General Switching Rules;Human Factors;Lokomotive, Lokomotive;9330.732038340826;Signifikant;False
2409;0598SL002;1998;5;4;39000.0;39000.0;1000.0;38000.0;4;1;0;0;0;0;0;0;16.89389645878177;52;1;41;0;0;2;6512.0;01;1;4;Hauptstrecke;H605;75;Warm (20° bis 31,99° C);Tag;Klar;Missouri;Frühling;Entgleisung;Speed;Human Factors;Güterzug, Güterzug;33081.68631775384;Nicht Signifikant;False
2410;059904006;1999;5;6;113665.0;113665.0;12000.0;101665.0;2;0;0;0;0;0;0;0;7.0;122;5;26;0;0;0;17136.985842097507;01;6;1;Depot;T220;75;Warm (20° bis 31,99° C);Tag;Klar;Kentucky;Frühling;Entgleisung;Rail, Joint Bar and Rail Anchoring;Track, Roadbed and Structures;EinzelneWagen, Güterzug;105255.11621446429;Nicht Signifikant;False
2411;0599CE022;1999;5;28;65000.0;65000.0;0.0;65000.0;0;0;0;0;0;0;0;0;19.879963561968417;0;0;2;0;0;0;130.67276760464793;03;5;5;Nebenstrecke;H402;75;Warm (20° bis 31,99° C);Tag;Klar;Wyoming;Frühling;Kollision;Main Track Authority;Human Factors;EinzelneWagen, EinzelneWagen;62028.819543849604;Nicht Signifikant;False
2412;0599NP012;1999;5;16;787408.0;787408.0;318345.0;469063.0;3;0;0;0;0;0;0;0;31.824231974715;113;14;0;0;0;0;16407.0;01;6;4;Hauptstrecke;T312;60;Moderat (0° bis 19,99° C);Tag;Wolkig;Nebraska;Frühling;Entgleisung;Frogs, Switches and Track Appliances;Track, Roadbed and Structures;EinzelneWagen, Güterzug;737135.3679086313;Signifikant;False
2413;0599PD043;1999;5;20;7112.0;7112.0;800.0;6312.0;5;0;0;0;0;0;0;0;2.958916643910756;62;0;103;0;0;1;11163.0;04;1;1;Depot;H306;45;Moderat (0° bis 19,99° C);Tag;Wolkig;Oregon;Frühling;Kollision;General Switching Rules;Human Factors;Güterzug, Güterzug;6684.838800639157;Nicht Signifikant;False
2414;0599SL017;1999;5;22;489038.0;489038.0;127364.0;361674.0;6;0;0;0;0;0;0;0;18.8846078609062;143;8;18;0;0;4;17812.0;01;1;4;Hauptstrecke;M204;65;Moderat (0° bis 19,99° C);Abend;Klar;Missouri;Frühling;Entgleisung;Loading Procedures;Loading;Güterzug, Güterzug;462388.98168867605;Signifikant;False
2415;0599WH007;1999;5;13;15171.0;15171.0;0.0;15171.0;2;0;0;0;0;0;0;0;2.958916643910756;27;0;57;0;0;0;5280.335355617675;04;7;1;Depot;H305;74;Warm (20° bis 31,99° C);Tag;Klar;Kansas;Frühling;Kollision;General Switching Rules;Human Factors;Depot/Rangieren, Depot/Rangieren;14282.620975334212;Nicht Signifikant;False
2416;0600EP001;2000;6;1;458041.0;458041.0;141639.0;316402.0;5;3;0;2;0;0;0;0;20.0;45;5;0;0;0;0;4475.0;04;1;4;Hauptstrecke;H215;68;Warm (20° bis 31,99° C);Tag;Klar;Oklahoma;Frühling;Kollision;Flagging, Fixed, Hand and Radio Signals;Human Factors;Güterzug, Güterzug;490933.54769560555;Signifikant;False
2417;0600PD005;2000;6;5;54279.0;54279.0;35921.0;18358.0;2;0;0;0;0;0;0;0;3.9542723449729715;0;0;109;0;0;3;3488.0;01;7;1;Depot;H306;55;Moderat (0° bis 19,99° C);Abenddämmerung;Wolkig;Oregon;Frühling;Entgleisung;General Switching Rules;Human Factors;Depot/Rangieren, EinzelneWagen;57541.6092441429;Nicht Signifikant;False
2418;0600TC014;2000;6;20;87340.0;87340.0;50000.0;37340.0;4;0;0;0;0;0;0;0;1.9635609428485408;92;5;61;0;0;3;12694.0;04;1;1;Hauptstrecke;M503;75;Warm (20° bis 31,99° C);Tag;Klar;Minnesota;Frühling;Kollision;Other Miscellaneous;Miscellaneous Causes;Güterzug, Güterzug;91570.55986579997;Nicht Signifikant;False
2419;060101003;2001;6;3;23226.0;23226.0;0.0;23226.0;0;0;0;0;0;0;0;0;7.0;3;0;0;0;0;0;411.05222077044647;04;5;1;Depot;H302;78;Warm (20° bis 31,99° C);Abend;Klar;Georgia;Frühling;Kollision;General Switching Rules;Human Factors;EinzelneWagen, EinzelneWagen;27320.42032622334;Nicht Signifikant;False
2420;060101010;2001;6;5;16017.0;16017.0;0.0;16017.0;1;0;0;0;0;0;0;0;4.0;2;0;1;0;0;0;327.74120645217647;04;7;1;Depot;H302;78;Warm (20° bis 31,99° C);Tag;Klar;Alabama;Frühling;Kollision;General Switching Rules;Human Factors;Depot/Rangieren, EinzelneWagen;18921.441228588305;Nicht Signifikant;False
2421;060105005;2001;6;4;46380.0;46380.0;0.0;46380.0;2;0;0;0;0;0;0;0;14.0;3;0;4;0;0;0;526.162247179111;04;6;2;Hauptstrecke;H993;80;Warm (20° bis 31,99° C);Tag;Klar;North Carolina;Frühling;Kollision;Miscellaneous;Human Factors;EinzelneWagen, Güterzug;54481.381416656885;Nicht Signifikant;False
2422;06010801;2006;1;8;27471.0;27471.0;0.0;27471.0;4;0;0;0;0;0;0;0;3.0;32;1;13;0;0;0;4165.0;04;7;1;Depot;H702;70;Warm (20° bis 31,99° C);Tag;Klar;Louisiana;Winter;Kollision;Switches, Use of;Human Factors;Depot/Rangieren, Depot/Rangieren;22735.247868906725;Nicht Signifikant;False
2423;06011303;2006;1;13;80226.0;80226.0;126.0;80100.0;3;0;0;0;0;0;0;0;4.949628046035187;51;1;34;0;0;0;6985.0;04;6;1;Depot;H306;50;Moderat (0° bis 19,99° C);Abend;Wolkig;Mississippi;Winter;Kollision;General Switching Rules;Human Factors;EinzelneWagen, Güterzug;66638.42511836531;Nicht Signifikant;False
2424;060122004;2001;6;5;39940.0;39940.0;2000.0;37940.0;2;1;0;1;0;0;0;0;31.0;1;1;7;0;0;5;389.25643911840757;02;5;3;Hauptstrecke;M503;70;Warm (20° bis 31,99° C);Abend;Klar;Maryland;Frühling;Kollision;Other Miscellaneous;Miscellaneous Causes;EinzelneWagen, Güterzug;47182.51624335499;Signifikant;False
2425;060123017;2001;6;13;54506.0;54506.0;0.0;54506.0;3;0;0;0;0;0;0;0;5.0;60;0;22;0;0;1;6763.677096237628;05;7;1;Depot;H401;65;Moderat (0° bis 19,99° C);Abend;Klar;Michigan;Frühling;Kollision;Main Track Authority;Human Factors;Depot/Rangieren, Güterzug;63809.41231561695;Nicht Signifikant;False
2426;060123040;2001;6;28;18830.0;18830.0;980.0;17850.0;3;0;0;0;0;0;0;0;5.0;73;2;45;0;0;0;9783.378479308645;04;7;1;Depot;H702;72;Warm (20° bis 31,99° C);Abend;Klar;Ohio;Sommer;Kollision;Switches, Use of;Human Factors;Depot/Rangieren, Depot/Rangieren;22124.309716837037;Nicht Signifikant;False
2427;060189;1989;6;20;8915.0;8915.0;0.0;8915.0;1;0;0;0;0;0;0;0;3.9542723449729715;27;0;21;0;0;0;3780.605023903406;04;7;1;Depot;H302;79;Warm (20° bis 31,99° C);Abend;Klar;Texas;Frühling;Kollision;General Switching Rules;Human Factors;Depot/Rangieren, EinzelneWagen;7562.134192891678;Nicht Signifikant;False
2428;060193R004;1993;6;1;183000.0;183000.0;0.0;183000.0;2;0;0;0;0;0;0;0;4.0;0;0;0;13;0;0;320.30850338954116;04;2;1;Depot;H399;0;Kalt (-30° - 0,01° C);Tag;Klar;Pennsylvania;Frühling;Kollision;General Switching Rules;Human Factors;Personenzug, Personenzug;155229.45118330646;Signifikant;False
2429;0601LK033;2001;6;20;10160.0;10160.0;0.0;10160.0;2;0;0;1;0;0;0;0;1.9635609428485408;0;0;0;0;0;0;69.7799471826711;04;8;1;Depot;H302;78;Warm (20° bis 31,99° C);Abend;Klar;Arkansas;Frühling;Kollision;General Switching Rules;Human Factors;Lokomotive, Lokomotive;11934.688124045579;Signifikant;False
2430;0601PD018;2001;6;22;150098.0;150098.0;200.0;149898.0;3;0;0;0;0;0;0;0;4.0;27;0;18;0;0;0;4094.0;04;7;1;Depot;E06L;80;Warm (20° bis 31,99° C);Tag;Klar;Washington;Sommer;Kollision;Brakes;Mechanical and Electrical Failures;Depot/Rangieren, Güterzug;176006.0975609756;Signifikant;False
2431;0601PR011;2001;6;17;8509.0;8509.0;3789.0;4720.0;4;0;0;0;0;0;0;0;4.0;48;3;1;0;0;0;4950.0;04;7;1;Depot;H306;75;Warm (20° bis 31,99° C);Tag;Klar;Illinois;Frühling;Kollision;General Switching Rules;Human Factors;Depot/Rangieren, Depot/Rangieren;9884.990706319704;Nicht Signifikant;False
2432;0601TC004;2001;6;5;77983.0;77983.0;500.0;77483.0;6;0;0;0;0;0;0;0;7.5;97;0;0;0;0;0;12306.889973591336;04;1;3;Hauptstrecke;H401;65;Moderat (0° bis 19,99° C);Tag;Wolkig;Iowa;Frühling;Kollision;Main Track Authority;Human Factors;Güterzug, Lokomotive;92124.04016538689;Nicht Signifikant;False
2433;0601TS014;2001;6;25;16217.0;16217.0;14841.0;1376.0;3;0;0;0;0;0;0;0;4.949628046035187;23;0;38;0;0;7;4228.816418421731;01;7;1;Depot;H524;65;Moderat (0° bis 19,99° C);Abenddämmerung;Wolkig;New Mexico;Sommer;Entgleisung;Train Handling/Train Makeup;Human Factors;Depot/Rangieren, EinzelneWagen;18841.640525153944;Nicht Signifikant;False
2434;060205005;2002;6;1;109302.0;109302.0;0.0;109302.0;3;0;0;2;0;0;0;0;3.0;0;0;99;0;0;3;3088.414661928745;03;1;1;Hauptstrecke;H499;70;Warm (20° bis 31,99° C);Tag;Klar;North Carolina;Frühling;Kollision;Main Track Authority;Human Factors;Güterzug, Lokomotive;116746.53754405952;Signifikant;False
2435;060205013;2002;6;10;106348.0;106348.0;100.0;106248.0;2;0;0;0;0;0;0;0;4.0;3;0;38;0;0;2;1570.9758780268203;01;7;1;Depot;H302;65;Moderat (0° bis 19,99° C);Abend;Klar;South Carolina;Frühling;Entgleisung;General Switching Rules;Human Factors;Depot/Rangieren, EinzelneWagen;112430.48948091765;Nicht Signifikant;False
2436;060222006;2002;6;5;9872.0;9872.0;0.0;9872.0;3;0;0;0;0;0;0;0;10.0;19;1;9;0;0;0;2170.0;04;1;1;Depot;H210;80;Warm (20° bis 31,99° C);Abend;Wolkig;New Jersey;Frühling;Kollision;Flagging, Fixed, Hand and Radio Signals;Human Factors;Güterzug, Güterzug;10534.628107992743;Nicht Signifikant;False
2437;060289;1989;6;29;8000.0;8000.0;0.0;8000.0;2;0;0;0;0;0;0;0;3.9542723449729715;25;0;5;0;0;0;3065.947611469075;04;7;1;Depot;H799;72;Warm (20° bis 31,99° C);Abend;Wolkig;Texas;Sommer;Kollision;Switches, Use of;Human Factors;Depot/Rangieren, EinzelneWagen;6785.986936975146;Nicht Signifikant;False
2438;0602NP017;2002;6;19;3444140.0;3444140.0;479430.0;2964712.0;5;4;0;2;0;0;0;0;54.12017247176245;0;0;269;0;0;33;8118.0;03;1;5;Hauptstrecke;H215;66;Moderat (0° bis 19,99° C);Abend;Wolkig;Nebraska;Frühling;Kollision;Flagging, Fixed, Hand and Radio Signals;Human Factors;Güterzug, Güterzug, Güterzug;3602280.0962242447;Schwer;False
2439;0602SL010;2002;6;21;1773330.0;1773330.0;482645.0;1290680.0;2;0;0;0;0;0;0;0;34.81029907790165;133;24;124;0;0;5;21809.0;01;6;4;Hauptstrecke;T203;95;Heiß (>= 32° C);Tag;Klar;Missouri;Sommer;Entgleisung;Rail, Joint Bar and Rail Anchoring;Track, Roadbed and Structures;EinzelneWagen, Güterzug;1840317.5591531757;Signifikant;False
2440;0602UT019;2002;6;27;183182.0;183182.0;94708.0;88474.0;4;0;0;0;0;0;0;0;5.5;120;2;90;0;0;2;18231.0;04;7;1;Depot;H306;83;Warm (20° bis 31,99° C);Abend;Klar;Utah;Sommer;Kollision;General Switching Rules;Human Factors;Depot/Rangieren, Güterzug;186463.7622149837;Signifikant;False
2441;060305016;2003;6;15;57195.0;57195.0;100.0;57095.0;3;0;0;0;0;0;0;0;4.949628046035187;52;0;71;0;0;0;8166.0;04;7;1;Depot;H301;79;Warm (20° bis 31,99° C);Abend;Klar;Georgia;Frühling;Kollision;General Switching Rules;Human Factors;Depot/Rangieren, Güterzug;48389.68950054993;Nicht Signifikant;False
2442;060305036;2003;6;23;28000.0;28000.0;0.0;28000.0;3;0;0;0;0;0;0;0;5.0;0;0;191;0;0;0;7727.298943635235;05;6;1;Nebenstrecke;H306;90;Heiß (>= 32° C);Tag;Klar;South Carolina;Sommer;Kollision;General Switching Rules;Human Factors;EinzelneWagen, Güterzug;24265.534275067166;Nicht Signifikant;False
2443;060321006;2003;6;2;1122780.0;1122780.0;70000.0;1052777.0;2;0;0;0;0;0;0;0;64.0;33;13;3;0;0;0;3939.5339173481025;01;6;4;Hauptstrecke;H522;60;Moderat (0° bis 19,99° C);Abend;Regen;Indiana;Frühling;Entgleisung;Train Handling/Train Makeup;Human Factors;EinzelneWagen, Güterzug;961943.1117203564;Signifikant;True
2444;060333008;2003;6;19;144394.0;144394.0;7700.0;136694.0;3;2;0;4;0;0;0;0;11.0;35;2;49;0;0;2;6617.0;02;1;2;Hauptstrecke;H999;75;Warm (20° bis 31,99° C);Tag;Klar;Maryland;Frühling;Kollision;Miscellaneous;Human Factors;Güterzug, Güterzug;123890.17589017589;Signifikant;False
2445;0603CE017;2003;6;23;16579.0;16579.0;0.0;16579.0;3;0;0;0;0;0;0;0;3.5;58;0;105;0;0;1;10801.0;04;7;1;Depot;H306;60;Moderat (0° bis 19,99° C);Abend;Wolkig;Wyoming;Sommer;Kollision;General Switching Rules;Human Factors;Depot/Rangieren, Güterzug;14367.79616951209;Nicht Signifikant;False
2446;0603LV011;2003;6;18;18250.0;18250.0;4500.0;13750.0;2;0;0;0;0;0;0;0;9.926406551346263;20;2;4;0;0;0;3620.0;01;7;1;Depot;T314;85;Warm (20° bis 31,99° C);Tag;Klar;Louisiana;Frühling;Entgleisung;Frogs, Switches and Track Appliances;Track, Roadbed and Structures;Depot/Rangieren, EinzelneWagen;15599.623899478589;Nicht Signifikant;False
2447;0603RS016;2003;6;14;209454.0;209454.0;72960.0;136494.0;4;0;0;0;0;0;0;0;10.0;25;0;78;0;0;5;5751.0;04;7;2;Depot;H211;58;Moderat (0° bis 19,99° C);Abend;Klar;Kalifornien;Frühling;Kollision;Flagging, Fixed, Hand and Radio Signals;Human Factors;Depot/Rangieren, Depot/Rangieren;177724.29007806312;Signifikant;False
2448;0603SA007;2003;6;8;123943.0;123943.0;99850.0;24093.0;5;0;0;0;0;0;0;0;3.9542723449729715;24;3;51;0;0;4;4322.0;01;7;1;Depot;H503;75;Warm (20° bis 31,99° C);Abend;Klar;Texas;Frühling;Entgleisung;Train Handling/Train Makeup;Human Factors;Depot/Rangieren, EinzelneWagen;105438.53679285408;Nicht Signifikant;False
2449;0603SL023;2003;6;27;32737.0;32737.0;6000.0;26737.0;4;1;0;0;0;0;0;0;10.0;0;0;0;0;0;0;69.7799471826711;04;8;1;Depot;H599;86;Warm (20° bis 31,99° C);Tag;Klar;Missouri;Sommer;Kollision;Train Handling/Train Makeup;Human Factors;Lokomotive, Lokomotive;28683.956891264348;Nicht Signifikant;False
2450;0603UT015;2003;6;19;27174.0;27174.0;10000.0;17174.0;2;0;0;0;0;0;0;0;2.945222191881008;36;1;126;0;0;2;5701.295703476568;01;7;1;Depot;H601;77;Warm (20° bis 31,99° C);Tag;Klar;Utah;Frühling;Entgleisung;Speed;Human Factors;Depot/Rangieren, EinzelneWagen, EinzelneWagen;23315.315315315314;Nicht Signifikant;False
2451;060495;1995;4;18;35200.0;35200.0;0.0;35200.0;1;0;0;0;0;0;0;0;5.944983747097401;5;0;1;0;0;0;615.336383802324;04;7;1;Depot;H402;70;Warm (20° bis 31,99° C);Tag;Wolkig;Illinois;Frühling;Kollision;Main Track Authority;Human Factors;Depot/Rangieren, EinzelneWagen;29858.342522690644;Nicht Signifikant;False
2452;0604CB005;2004;6;2;10144.0;10144.0;467.0;9677.0;2;0;0;0;0;0;0;0;2.958916643910756;20;0;61;0;0;3;4164.73182976731;01;7;5;Hauptstrecke;H302;60;Moderat (0° bis 19,99° C);Abenddämmerung;Klar;Iowa;Frühling;Entgleisung;General Switching Rules;Human Factors;Depot/Rangieren, EinzelneWagen;8263.277940697295;Nicht Signifikant;False
2453;0604CB014;2004;6;26;26768.0;26768.0;11919.0;14849.0;4;0;0;0;0;0;0;0;7.5;13;2;15;0;0;3;2013.0;01;7;1;Depot;H021;55;Moderat (0° bis 19,99° C);Abend;Klar;Iowa;Sommer;Entgleisung;Brakes, Use of;Human Factors;Depot/Rangieren, Depot/Rangieren;22010.744435917117;Nicht Signifikant;False
2454;0604HO021;2004;6;22;40937.0;40937.0;27301.0;13636.0;2;0;0;0;0;0;0;0;4.949628046035187;18;1;19;0;0;6;8248.0;01;7;1;Depot;T205;76;Warm (20° bis 31,99° C);Tag;Wolkig;Texas;Sommer;Entgleisung;Rail, Joint Bar and Rail Anchoring;Track, Roadbed and Structures;Depot/Rangieren, Güterzug;33857.414605905215;Nicht Signifikant;False
2455;0604NP003;2004;6;7;124847.0;124847.0;50999.0;73848.0;2;0;0;0;0;0;0;0;5.0;13;2;74;0;0;7;3955.0;01;7;2;Depot;H318;90;Heiß (>= 32° C);Tag;Klar;Nebraska;Frühling;Entgleisung;General Switching Rules;Human Factors;Depot/Rangieren, EinzelneWagen;101345.07671077197;Nicht Signifikant;False
2456;0604NP009;2004;6;13;42710.0;42710.0;5000.0;37710.0;4;0;0;0;0;0;0;0;7.0;106;0;46;0;0;4;14314.0;04;7;2;Depot;H510;55;Moderat (0° bis 19,99° C);Abend;Klar;Nebraska;Frühling;Kollision;Train Handling/Train Makeup;Human Factors;Depot/Rangieren, Güterzug;35583.759164630086;Nicht Signifikant;False
2457;0604PR014;2004;6;11;9073.0;9073.0;4041.0;5032.0;1;1;0;1;0;0;0;0;9.926406551346263;54;1;55;0;0;0;8254.972461130756;01;7;1;Depot;T319;73;Warm (20° bis 31,99° C);Tag;Wolkig;Illinois;Frühling;Entgleisung;Frogs, Switches and Track Appliances;Track, Roadbed and Structures;Depot/Rangieren, EinzelneWagen;7557.054805930369;Signifikant;False
2458;0604UT013;2004;6;19;346230.0;346230.0;72075.0;274155.0;5;3;0;1;0;0;0;0;12.5;14;2;82;0;0;4;5807.0;04;1;5;Hauptstrecke;H220;53;Moderat (0° bis 19,99° C);Abend;Klar;Utah;Frühling;Kollision;Flagging, Fixed, Hand and Radio Signals;Human Factors;Güterzug, Güterzug;286962.6478063874;Signifikant;False
2459;060594;1994;5;29;14100.0;14100.0;0.0;14100.0;4;0;0;0;0;0;0;0;1.9635609428485408;8;1;20;0;0;0;1608.3765886343208;04;7;1;Depot;H702;72;Warm (20° bis 31,99° C);Tag;Klar;Illinois;Frühling;Kollision;Switches, Use of;Human Factors;Depot/Rangieren, Depot/Rangieren;11960.301976418696;Nicht Signifikant;False
2460;0605EP001;2005;6;2;15500.0;15500.0;0.0;15500.0;9;2;0;0;0;0;0;0;6.0;44;0;45;0;0;1;7335.0;04;7;1;Depot;H603;73;Warm (20° bis 31,99° C);Abend;Klar;Texas;Frühling;Kollision;Speed;Human Factors;Depot/Rangieren, Depot/Rangieren;12639.647720786104;Nicht Signifikant;False
2461;0605HO054;2005;6;21;21859.0;21859.0;1035.0;20824.0;3;1;0;0;0;0;0;0;4.949628046035187;61;1;35;0;0;0;8413.0;04;7;1;Depot;H401;90;Heiß (>= 32° C);Tag;Wolkig;Texas;Sommer;Kollision;Main Track Authority;Human Factors;Depot/Rangieren, Depot/Rangieren;18077.24115117433;Nicht Signifikant;False
2462;0605LK006;2005;6;7;8882.0;8882.0;690.0;8192.0;2;0;0;0;0;0;0;0;3.9542723449729715;29;3;4;0;0;0;2243.0;01;7;1;Depot;T221;90;Heiß (>= 32° C);Tag;Wolkig;Louisiana;Frühling;Entgleisung;Rail, Joint Bar and Rail Anchoring;Track, Roadbed and Structures;Depot/Rangieren, EinzelneWagen;7229.955229955231;Nicht Signifikant;False
2463;0605LK026;2005;6;16;21539.0;21539.0;1035.0;20504.0;5;0;0;0;0;0;0;0;3.9542723449729715;14;1;106;0;0;7;5095.0;04;1;2;Hauptstrecke;H306;73;Warm (20° bis 31,99° C);Abend;Klar;Texas;Frühling;Kollision;General Switching Rules;Human Factors;Güterzug, Güterzug;17778.786628146925;Nicht Signifikant;False
2464;0605NP029;2005;6;25;12808.0;12808.0;0.0;12808.0;4;0;0;0;0;0;0;0;3.5;35;0;12;0;0;1;4877.0;04;7;2;Depot;H310;65;Moderat (0° bis 19,99° C);Abend;Regen;Nebraska;Sommer;Kollision;General Switching Rules;Human Factors;Depot/Rangieren, Depot/Rangieren;10576.965426117597;Nicht Signifikant;False
2465;0605TS003;2005;6;13;36539.0;36539.0;1500.0;35039.0;6;1;0;0;0;0;0;0;3.0;63;0;0;0;0;0;7900.0;04;7;1;Depot;H307;100;Heiß (>= 32° C);Tag;Klar;Arizona;Frühling;Kollision;General Switching Rules;Human Factors;Depot/Rangieren, Depot/Rangieren;30292.654617807995;Nicht Signifikant;False
2466;0606CB007;2006;6;12;26120.0;26120.0;690.0;25430.0;1;0;0;0;0;0;0;0;2.958916643910756;0;0;7;0;0;1;284.88997359133555;01;6;1;Industriestrecke;H318;77;Warm (20° bis 31,99° C);Tag;Klar;Nebraska;Frühling;Entgleisung;General Switching Rules;Human Factors;EinzelneWagen, Lokomotive;20776.32834871142;Nicht Signifikant;False
2467;0606HO019;2006;6;6;43647.0;43647.0;2210.0;41437.0;4;1;0;0;0;0;0;0;7.935695149221832;12;0;31;0;0;4;1564.8899735913355;01;7;1;Depot;T101;79;Warm (20° bis 31,99° C);Abend;Klar;Texas;Frühling;Entgleisung;Track Geometry;Track, Roadbed and Structures;Depot/Rangieren, Lokomotive;33974.468747567524;Nicht Signifikant;False
2468;0606PR004;2006;6;21;100279.0;100279.0;69896.0;30383.0;5;0;0;0;0;0;0;0;3.9542723449729715;145;5;0;0;0;0;14905.0;01;7;1;Depot;M405;70;Warm (20° bis 31,99° C);Abend;Klar;Illinois;Sommer;Entgleisung;Unusual Operational Situations;Miscellaneous Causes;Depot/Rangieren, Depot/Rangieren;79384.89550348322;Nicht Signifikant;False
2469;0606UT011;2006;6;12;21318.0;21318.0;5000.0;16318.0;2;0;0;0;0;0;0;0;2.958916643910756;30;2;0;0;0;0;1802.2564391184076;09;7;1;Industriestrecke;M501;65;Moderat (0° bis 19,99° C);Abend;Klar;Utah;Frühling;Kollision;Other Miscellaneous;Miscellaneous Causes;Depot/Rangieren, EinzelneWagen;16956.729239580018;Nicht Signifikant;False
2470;06070401;2006;7;4;81122.0;81122.0;21.0;81101.0;3;0;0;0;0;0;0;0;7.5;111;0;30;0;0;0;13167.0;04;7;1;Depot;H603;74;Warm (20° bis 31,99° C);Abend;Wolkig;Texas;Sommer;Kollision;Speed;Human Factors;Depot/Rangieren, Depot/Rangieren;63421.155499960914;Nicht Signifikant;False
2471;060795101;1995;7;10;95880.0;95880.0;600.0;95280.0;2;0;0;0;0;0;0;0;6.0;44;0;41;0;0;5;6330.809618217604;01;6;X;Depot;H020;98;Heiß (>= 32° C);Tag;Klar;Texas;Sommer;Entgleisung;Brakes, Use of;Human Factors;EinzelneWagen, Güterzug;81330.05343964712;Nicht Signifikant;False