index;INCDTNO;YEAR4;MONTH;DAY;ACCDMG;INFRASTRUCTURE_DMG;TRKDMG;EQPDMG;LOCOMOTIVES1;LOCOMOTIVES2;RREMPKLD;RREMPINJ;PASSKLD;PASSINJ;OTHERKLD;OTHERINJ;SPEED;LOADF1;LOADF2;EMPTYF1;EMPTYP1;LOADP1;EMPTYF2;TONS;TYPE;TYPEQ;TRKCLAS;TYPTRK;ACCAUSE;TEMP;TEMP_CLUSTER;VISIBLTY;WEATHER;STATE;Jahreszeit;ACCIDENT_TYPE;ACCCAUSE_LVL1;ACCCAUSE_LVL2;EQUIPMENT_TYPE;ACCDMG_EUR;ACCTYPE;SPD_TOO_HIGH
2472;0607CB011;2007;6;26;1615227.0;1615227.0;120670.0;1494557.0;6;0;0;0;0;0;0;0;23.5;232;41;0;0;0;0;25919.0;01;1;5;Hauptstrecke;T108;89;Warm (20° bis 31,99° C);Tag;Klar;Iowa;Sommer;Entgleisung;Track Geometry;Track, Roadbed and Structures;Güterzug, Güterzug;1200020.0594353639;Signifikant;False
2473;0607KC019;2007;6;14;33583.0;33583.0;600.0;32983.0;4;1;0;0;0;0;0;0;8.931050850284048;67;2;48;0;0;1;8906.0;04;7;1;Depot;H307;78;Warm (20° bis 31,99° C);Tag;Klar;Missouri;Frühling;Kollision;General Switching Rules;Human Factors;Depot/Rangieren, Güterzug;25242.784125075166;Nicht Signifikant;False
2474;0607NP012;2007;6;18;12251.0;12251.0;12051.0;200.0;2;0;0;0;0;0;0;0;8.931050850284048;57;0;52;0;0;1;95.33638380232397;01;7;2;Depot;S007;60;Moderat (0° bis 19,99° C);Tag;Klar;Nebraska;Frühling;Entgleisung;SIGNAL AND COMMUNICATION;Signal and Communication;Depot/Rangieren, EinzelneWagen;9139.809012235153;Nicht Signifikant;False
2475;0607RS044;2007;6;30;26349.0;26349.0;3562.0;22787.0;6;0;0;0;0;0;0;0;3.9542723449729715;34;0;79;0;0;3;6747.155649054696;01;7;1;Depot;M503;85;Warm (20° bis 31,99° C);Tag;Klar;Nevada;Sommer;Entgleisung;Other Miscellaneous;Miscellaneous Causes;Depot/Rangieren, EinzelneWagen;19470.663579486674;Nicht Signifikant;False
2476;0607TC001;2007;6;3;121592.0;121592.0;89227.0;32365.0;3;0;0;0;0;0;0;0;4.949628046035187;137;6;84;0;0;1;20550.86846593377;01;7;1;Depot;T314;63;Moderat (0° bis 19,99° C);Abend;Klar;Wisconsion;Frühling;Entgleisung;Frogs, Switches and Track Appliances;Track, Roadbed and Structures;Depot/Rangieren, EinzelneWagen;90291.08910891089;Nicht Signifikant;False
2477;06083104;2006;8;31;34891.0;34891.0;663.0;34228.0;5;1;0;0;0;0;0;0;4.5;20;0;27;0;0;1;3045.8899735913355;04;7;1;Depot;H306;85;Warm (20° bis 31,99° C);Abend;Klar;Louisiana;Sommer;Kollision;General Switching Rules;Human Factors;Depot/Rangieren, Lokomotive;27150.416310014785;Nicht Signifikant;False
2478;0608LK045;2008;6;22;24670.0;24670.0;435.0;24235.0;5;1;0;0;0;0;0;0;3.9542723449729715;38;0;25;0;0;3;5526.0;04;7;1;Depot;H307;70;Warm (20° bis 31,99° C);Abend;Klar;Arkansas;Sommer;Kollision;General Switching Rules;Human Factors;Depot/Rangieren, Depot/Rangieren;15864.271628226012;Nicht Signifikant;False
2479;0608LV022;2008;6;25;365666.0;365666.0;4970.0;360696.0;6;1;0;3;0;0;0;0;8.5;135;2;62;0;0;1;10566.0;04;1;4;Hauptstrecke;H401;78;Warm (20° bis 31,99° C);Abend;Wolkig;Louisiana;Sommer;Kollision;Main Track Authority;Human Factors;Güterzug, Güterzug;234416.3087377396;Signifikant;False
2480;0608PR024;2008;6;24;21538.0;21538.0;38.0;21500.0;2;0;0;0;0;0;0;0;6.940339448159618;30;0;18;0;0;2;4874.816418421731;01;7;1;Depot;T314;75;Warm (20° bis 31,99° C);Tag;Klar;Illinois;Sommer;Entgleisung;Frogs, Switches and Track Appliances;Track, Roadbed and Structures;Depot/Rangieren, EinzelneWagen;13834.789311408016;Nicht Signifikant;False
2481;0608TS005;2008;6;11;35922.0;35922.0;0.0;35922.0;4;0;0;0;0;0;0;0;4.949628046035187;0;0;38;0;0;0;2409.0;04;7;1;Depot;H018;99;Heiß (>= 32° C);Tag;Klar;Arizona;Frühling;Kollision;Brakes, Use of;Human Factors;Depot/Rangieren, Depot/Rangieren;23153.077666774087;Nicht Signifikant;False
2482;0609FW019;2009;6;25;10272.0;10272.0;475.0;9797.0;4;0;0;0;0;0;0;0;2.5;20;0;58;0;0;3;4683.889973591336;04;7;1;Depot;H306;100;Heiß (>= 32° C);Abend;Klar;Texas;Sommer;Kollision;General Switching Rules;Human Factors;Depot/Rangieren, Lokomotive;7368.723098995696;Nicht Signifikant;False
2483;0609LA015;2009;6;25;18218.0;18218.0;152.0;18066.0;1;0;0;0;0;0;0;0;2.958916643910756;2;0;3;0;0;3;155.0;01;7;1;Depot;M408;85;Warm (20° bis 31,99° C);Tag;Klar;Kalifornien;Sommer;Entgleisung;Unusual Operational Situations;Miscellaneous Causes;Depot/Rangieren, EinzelneWagen;13068.866571018652;Nicht Signifikant;False
2484;061095101;1995;10;5;11100.0;11100.0;3000.0;8100.0;3;2;0;1;0;0;0;0;2.5;86;0;6;0;0;0;11495.0;04;1;X;Depot;H699;62;Moderat (0° bis 19,99° C);Abend;Klar;Texas;Herbst;Kollision;Speed;Human Factors;Güterzug, Güterzug;9415.556875053015;Signifikant;False
2485;0610ES015;2010;6;18;95263.0;95263.0;0.0;95263.0;0;0;0;1;0;0;0;0;0.0;0;0;4;0;0;4;340.7428632521262;01;6;1;Nebenstrecke;M599;80;Warm (20° bis 31,99° C);Tag;Regen;Illinois;Frühling;Entgleisung;Other Miscellaneous;Miscellaneous Causes;EinzelneWagen, Wartungszug;76998.86841254446;Signifikant;False
2486;0610FW003;2010;6;8;12580.0;12580.0;0.0;12580.0;6;0;0;0;0;0;0;0;5.5;21;0;62;0;0;1;4870.0;04;7;1;Depot;S007;85;Warm (20° bis 31,99° C);Tag;Klar;Texas;Frühling;Kollision;SIGNAL AND COMMUNICATION;Signal and Communication;Depot/Rangieren, Depot/Rangieren;10534.248869536092;Nicht Signifikant;False
2487;0610HO030;2010;6;22;202113.0;202113.0;75076.0;127037.0;4;0;0;0;0;0;0;0;2.5;54;2;77;0;0;5;7535.0;01;7;1;Depot;E07C;95;Heiß (>= 32° C);Tag;Wolkig;Texas;Sommer;Entgleisung;Brakes;Mechanical and Electrical Failures;Depot/Rangieren, EinzelneWagen;164882.52569750368;Signifikant;False
2488;0610LA011;2010;6;17;151821.0;151821.0;67401.0;84420.0;3;0;0;0;0;0;0;0;1.9635609428485408;159;8;37;0;0;3;20566.0;06;7;1;Depot;E30C;65;Moderat (0° bis 19,99° C);Morgendämmerung;Klar;Kalifornien;Frühling;Kollision;Coupler and Draft System;Mechanical and Electrical Failures;Depot/Rangieren, EinzelneWagen;122802.71778694492;Nicht Signifikant;False
2489;0610LK022;2010;6;12;62553.0;62553.0;27169.0;35384.0;2;0;0;0;0;0;0;0;6.940339448159618;76;6;25;0;0;2;10411.0;01;7;1;Depot;T110;78;Warm (20° bis 31,99° C);Abend;Klar;Texas;Frühling;Entgleisung;Track Geometry;Track, Roadbed and Structures;Depot/Rangieren, EinzelneWagen;51409.19924389777;Nicht Signifikant;False
2490;0610NP006;2010;6;10;14085.0;14085.0;9593.0;4492.0;5;0;0;0;0;0;0;0;51.7313459959593;125;0;0;0;0;0;6555.0;05;1;6;Hauptstrecke;M105;65;Moderat (0° bis 19,99° C);Abend;Regen;Nebraska;Frühling;Kollision;Environmental Conditions;Environmental Conditions;Güterzug, Güterzug;11693.64881693649;Nicht Signifikant;False
2491;0610PC004;2010;6;14;50938.0;50938.0;32097.0;18841.0;3;0;0;0;0;0;0;0;8.931050850284048;98;6;40;0;0;3;7238.0;01;6;1;Depot;E64C;72;Warm (20° bis 31,99° C);Tag;Klar;Idaho;Frühling;Entgleisung;Wheels;Mechanical and Electrical Failures;EinzelneWagen, Güterzug;41585.43554575883;Nicht Signifikant;False
2492;0610PD001;2010;6;2;18776.0;18776.0;1829.0;16947.0;3;0;0;0;0;0;0;0;6.940339448159618;39;4;0;0;0;0;3108.8899735913355;01;7;1;Depot;T222;67;Moderat (0° bis 19,99° C);Tag;Regen;Oregon;Frühling;Entgleisung;Rail, Joint Bar and Rail Anchoring;Track, Roadbed and Structures;Depot/Rangieren, Lokomotive;15367.490587657554;Nicht Signifikant;False
2493;0610WH009;2010;6;23;41095.0;41095.0;5380.0;35715.0;2;0;0;0;0;0;0;0;2.0;80;4;40;0;0;2;11247.0;01;7;1;Depot;T211;85;Warm (20° bis 31,99° C);Tag;Klar;Kansas;Sommer;Entgleisung;Rail, Joint Bar and Rail Anchoring;Track, Roadbed and Structures;Depot/Rangieren, EinzelneWagen;33489.52815581452;Nicht Signifikant;False
2494;0611DV012;2011;6;30;98243.0;98243.0;5280.0;92963.0;2;0;0;1;0;0;0;0;2.0;0;0;51;0;0;5;2418.0;01;7;1;Depot;H302;60;Moderat (0° bis 19,99° C);Abend;Regen;Wyoming;Sommer;Entgleisung;General Switching Rules;Human Factors;Depot/Rangieren, EinzelneWagen;67974.12301944233;Signifikant;False
2495;0611RS002;2011;6;11;74895.0;74895.0;0.0;74895.0;2;0;0;0;0;0;0;0;4.0;21;1;42;0;0;0;4611.0;01;7;1;Depot;H306;60;Moderat (0° bis 19,99° C);Tag;Klar;Kalifornien;Frühling;Entgleisung;General Switching Rules;Human Factors;Depot/Rangieren, EinzelneWagen;51859.16078105525;Nicht Signifikant;False
2496;0611WH007;2011;6;15;16197.0;16197.0;0.0;16197.0;2;0;0;0;0;0;0;0;3.9542723449729715;60;0;0;0;0;0;44484.88997359134;05;6;1;Depot;H208;39;Moderat (0° bis 19,99° C);Tag;Klar;Oklahoma;Frühling;Kollision;Flagging, Fixed, Hand and Radio Signals;Human Factors;EinzelneWagen, Lokomotive;11332.913518052057;Nicht Signifikant;False
2497;0612HO004;2012;6;6;60758.0;60758.0;2856.0;54902.0;6;0;0;0;0;0;0;0;5.5;31;0;50;0;0;4;4145.0;04;7;1;Depot;H306;83;Warm (20° bis 31,99° C);Abend;Klar;Texas;Frühling;Kollision;General Switching Rules;Human Factors;Depot/Rangieren, Güterzug;48664.79775730877;Nicht Signifikant;False
2498;0612HO010;2012;6;7;487693.0;487693.0;29004.0;458689.0;3;2;0;0;0;0;0;0;7.5;18;2;104;0;0;4;5063.0;05;6;3;Hauptstrecke;H018;78;Warm (20° bis 31,99° C);Abend;Wolkig;Texas;Frühling;Kollision;Brakes, Use of;Human Factors;EinzelneWagen, Güterzug;387211.5919015482;Signifikant;False
2499;0612KC010;2012;6;21;10418.0;10418.0;0.0;10418.0;4;0;0;0;0;0;0;0;4.0;34;0;56;0;0;1;4793.0;01;7;1;Depot;H309;75;Warm (20° bis 31,99° C);Abend;Regen;Kansas;Sommer;Entgleisung;General Switching Rules;Human Factors;Depot/Rangieren, Depot/Rangieren;8222.573007103394;Nicht Signifikant;False
2500;0612KC011;2012;6;24;11729623.0;11729623.0;121940.0;11607683.0;7;5;3;1;0;0;0;0;50.0;188;32;0;0;0;0;12088.0;02;1;5;Hauptstrecke;H605;89;Warm (20° bis 31,99° C);Tag;Klar;Oklahoma;Sommer;Kollision;Speed;Human Factors;Güterzug, Güterzug;9379946.421431428;Schwer;False
2501;0612LA008;2012;6;16;52667.0;52667.0;100.0;52567.0;6;0;0;0;0;0;0;0;8.0;47;3;0;0;0;0;4457.889973591336;04;1;1;Depot;M599;68;Warm (20° bis 31,99° C);Abend;Klar;Kalifornien;Frühling;Kollision;Other Miscellaneous;Miscellaneous Causes;Güterzug, Lokomotive;41788.151282729435;Nicht Signifikant;False
2502;0612LK015;2012;6;7;12087.0;12087.0;6476.0;5611.0;3;0;0;0;0;0;0;0;3.5;0;0;2;0;0;2;108.0;01;7;1;Depot;M409;75;Warm (20° bis 31,99° C);Tag;Klar;Arkansas;Frühling;Entgleisung;Unusual Operational Situations;Miscellaneous Causes;Depot/Rangieren, EinzelneWagen;9596.665343390234;Nicht Signifikant;False
2503;0612LV002;2012;6;2;161557.0;161557.0;0.0;161557.0;5;0;0;0;0;0;0;0;3.5;87;0;7;0;0;0;9430.889973591336;05;1;1;Depot;H301;72;Warm (20° bis 31,99° C);Tag;Klar;Louisiana;Frühling;Kollision;General Switching Rules;Human Factors;Güterzug, Lokomotive;130706.02195194304;Nicht Signifikant;False
2504;0612NP027;2012;6;18;27865.0;27865.0;0.0;27865.0;4;0;0;0;0;0;0;0;4.0;64;1;20;0;0;0;8500.0;01;7;1;Depot;H313;104;Heiß (>= 32° C);Tag;Klar;Nebraska;Frühling;Entgleisung;General Switching Rules;Human Factors;Depot/Rangieren, Depot/Rangieren;22083.53146298938;Nicht Signifikant;False
2505;0612TC010;2012;6;30;13643.0;13643.0;2556.0;11087.0;3;0;0;0;0;0;0;0;1.9635609428485408;27;2;1;0;0;0;3629.336383802324;01;5;1;Depot;H704;74;Warm (20° bis 31,99° C);Tag;Klar;Iowa;Sommer;Entgleisung;Switches, Use of;Human Factors;EinzelneWagen, Güterzug;10835.517433087127;Nicht Signifikant;False
2506;061394;1994;6;13;9975.0;9975.0;0.0;9975.0;2;0;0;0;0;0;0;0;4.5;25;0;16;0;0;1;3402.3381584093545;05;5;1;Depot;M599;91;Heiß (>= 32° C);Tag;Klar;Illinois;Frühling;Kollision;Other Miscellaneous;Miscellaneous Causes;EinzelneWagen, Güterzug;8461.277462040885;Nicht Signifikant;False
2507;0613HO034;2013;6;16;13345.0;13345.0;448.0;12897.0;2;0;0;0;0;0;0;0;5.0;0;0;3;0;0;2;132.33638380232395;01;7;X;Depot;E40C;80;Warm (20° bis 31,99° C);Abend;Wolkig;Texas;Frühling;Entgleisung;Truck Components;Mechanical and Electrical Failures;Depot/Rangieren, EinzelneWagen;10014.50834229682;Nicht Signifikant;False
2508;0613LK023;2013;6;19;216595.0;216595.0;132174.0;84421.0;3;0;0;0;0;0;0;0;2.958916643910756;22;4;19;0;0;4;2958.256439118408;01;5;1;Depot;T221;90;Heiß (>= 32° C);Tag;Wolkig;Louisiana;Frühling;Entgleisung;Rail, Joint Bar and Rail Anchoring;Track, Roadbed and Structures;EinzelneWagen, Güterzug;161565.71684320454;Signifikant;False
2509;0613LV040;2013;6;28;219993.0;219993.0;0.0;72267.0;4;0;0;0;0;0;0;0;3.9542723449729715;54;5;0;0;0;0;7572.0;01;6;1;Industriestrecke;T311;85;Warm (20° bis 31,99° C);Morgendämmerung;Klar;Texas;Sommer;Entgleisung;Frogs, Switches and Track Appliances;Track, Roadbed and Structures;EinzelneWagen, Güterzug;168190.36697247706;Signifikant;False
2510;0614PR011;2014;6;17;22028.0;22028.0;4920.0;17108.0;2;0;0;0;0;0;0;0;9.926406551346263;39;3;20;0;0;0;5823.0;01;7;1;Depot;T206;88;Warm (20° bis 31,99° C);Tag;Klar;Illinois;Frühling;Entgleisung;Rail, Joint Bar and Rail Anchoring;Track, Roadbed and Structures;Depot/Rangieren, EinzelneWagen;16235.259433962265;Nicht Signifikant;False
2511;061548;2000;4;14;42000.0;42000.0;0.0;32000.0;4;2;0;0;0;0;0;0;15.0;0;0;0;14;0;0;339.5799307900696;01;7;2;Hauptstrecke;H306;40;Moderat (0° bis 19,99° C);Abend;Klar;New York;Frühling;Entgleisung;General Switching Rules;Human Factors;Depot/Rangieren, Depot/Rangieren;44025.157232704405;Nicht Signifikant;False
2512;0615LA012;2015;6;18;133943.0;133943.0;71283.0;62660.0;6;1;0;0;0;0;0;0;9.926406551346263;39;2;0;0;0;0;4034.8899735913355;01;7;X;Depot;S011;80;Warm (20° bis 31,99° C);Tag;Klar;Kalifornien;Frühling;Entgleisung;SIGNAL AND COMMUNICATION;Signal and Communication;Depot/Rangieren, Lokomotive;117452.64819361626;Nicht Signifikant;True
2513;0615LV007;2015;6;13;20557.0;20557.0;5880.0;14677.0;3;0;0;0;0;0;0;0;9.926406551346263;22;2;8;0;0;0;3086.827720806315;01;7;1;Depot;H601;78;Warm (20° bis 31,99° C);Abend;Wolkig;Louisiana;Frühling;Entgleisung;Speed;Human Factors;Depot/Rangieren, EinzelneWagen;18322.835581436804;Nicht Signifikant;False
2514;0615PR015;2015;6;19;75955.0;75955.0;66.0;75889.0;4;1;0;0;0;0;0;0;2.958916643910756;23;0;28;0;0;1;3273.8899735913355;04;1;1;Depot;H605;65;Moderat (0° bis 19,99° C);Abend;Wolkig;Illinois;Frühling;Kollision;Speed;Human Factors;Güterzug, Lokomotive;67222.76307637844;Nicht Signifikant;False
2515;0616DV010;2016;6;16;36267.0;36267.0;0.0;36267.0;4;0;0;0;0;0;0;0;1.9635609428485408;0;0;0;0;0;0;69.7799471826711;04;8;1;Depot;H302;60;Moderat (0° bis 19,99° C);Abend;Klar;Colorado;Frühling;Kollision;General Switching Rules;Human Factors;Lokomotive, Lokomotive;32456.5956685162;Nicht Signifikant;False
2516;0616HO019;2016;6;9;251992.0;251992.0;35276.0;216716.0;4;1;0;0;0;0;0;0;5.0;87;2;81;0;0;0;11906.0;01;7;1;Depot;H702;70;Warm (20° bis 31,99° C);Abend;Wolkig;Texas;Frühling;Entgleisung;Switches, Use of;Human Factors;Depot/Rangieren, Güterzug;222156.3960151635;Signifikant;False
2517;0617KC019;2017;6;18;93963.0;93963.0;1584.0;92379.0;1;0;0;0;0;0;0;0;2.958916643910756;1;1;4;0;0;3;231.0;01;7;1;Depot;H307;85;Warm (20° bis 31,99° C);Abend;Klar;Missouri;Frühling;Entgleisung;General Switching Rules;Human Factors;Depot/Rangieren, EinzelneWagen;83983.01802472815;Nicht Signifikant;False
2518;0617LA015;2017;6;10;318004.0;318004.0;500.0;317504.0;2;0;0;0;0;0;0;0;6.940339448159618;141;3;0;0;0;0;5364.0;01;5;1;Depot;T309;75;Warm (20° bis 31,99° C);Tag;Klar;Kalifornien;Frühling;Entgleisung;Frogs, Switches and Track Appliances;Track, Roadbed and Structures;EinzelneWagen, Güterzug;284160.4861049057;Signifikant;False
2519;0617SL019;2017;6;27;15417.0;15417.0;0.0;15417.0;3;0;0;0;0;0;0;0;35.0;82;0;1;0;0;0;5213.336383802324;09;1;4;Hauptstrecke;H993;75;Warm (20° bis 31,99° C);Tag;Klar;Illinois;Sommer;Kollision;Miscellaneous;Human Factors;Güterzug, Wartungszug;13669.97694626707;Nicht Signifikant;False
2520;0618LV005;2018;6;4;289830.0;289830.0;58220.0;231610.0;4;0;0;0;0;0;0;0;2.958916643910756;141;2;36;0;0;0;17634.0;01;7;1;Depot;H702;80;Warm (20° bis 31,99° C);Morgendämmerung;Wolkig;Louisiana;Frühling;Entgleisung;Switches, Use of;Human Factors;Depot/Rangieren, Güterzug;246937.0367214791;Signifikant;False
2521;0618RS059;2018;6;29;23005.0;23005.0;0.0;23005.0;0;0;0;0;0;0;0;0;9.926406551346263;0;0;2;0;0;0;130.67276760464793;09;A;4;Hauptstrecke;H995;65;Moderat (0° bis 19,99° C);Abend;Klar;Kalifornien;Sommer;Kollision;Miscellaneous;Human Factors;Wartungszug, Wartungszug;19733.23039972551;Nicht Signifikant;False
2522;0619ES076;2019;6;20;17000.0;17000.0;0.0;17000.0;0;0;0;0;0;0;0;0;14.0;0;0;2;0;0;0;130.67276760464793;09;A;4;Hauptstrecke;H993;62;Moderat (0° bis 19,99° C);Morgendämmerung;Klar;Illinois;Frühling;Kollision;Miscellaneous;Human Factors;Wartungszug, Wartungszug;15034.934111612276;Nicht Signifikant;False
2523;062303;2003;6;23;14082.0;14082.0;582.0;13500.0;3;0;0;0;0;0;0;0;6.0;4;2;0;0;0;0;564.0277272953322;04;7;2;Depot;H307;80;Warm (20° bis 31,99° C);Abend;Klar;Illinois;Sommer;Kollision;General Switching Rules;Human Factors;Depot/Rangieren, Lokomotive;12203.830487910565;Nicht Signifikant;False
2524;06252015;2015;6;25;13746.0;13746.0;4000.0;9746.0;4;0;0;0;0;0;0;0;4.949628046035187;10;0;53;0;0;4;6000.0;04;1;X;Depot;H307;80;Warm (20° bis 31,99° C);Tag;Klar;Missouri;Sommer;Kollision;General Switching Rules;Human Factors;Güterzug, Güterzug;12266.64286989113;Nicht Signifikant;False
2525;062590A;1990;6;25;50000.0;50000.0;0.0;50000.0;1;0;0;0;0;0;0;0;10.0;0;0;1;2;2;0;222.4501096025504;03;4;1;Depot;H702;70;Warm (20° bis 31,99° C);Tag;Klar;New Jersey;Sommer;Kollision;Switches, Use of;Human Factors;Arbeitszug, EinzelneWagen;42412.41835609466;Nicht Signifikant;False
2526;062788B;1988;6;27;28250.0;28250.0;250.0;28000.0;4;1;0;0;0;0;0;0;5.0;0;0;0;0;0;0;69.7799471826711;04;7;1;Depot;H306;82;Warm (20° bis 31,99° C);Tag;Klar;Delaware;Sommer;Kollision;General Switching Rules;Human Factors;Depot/Rangieren, Lokomotive;23963.016371193484;Nicht Signifikant;False
2527;0628;2007;11;15;17279.0;17279.0;0.0;16079.0;0;0;0;0;0;0;0;0;9.926406551346263;0;0;2;0;0;0;130.67276760464793;03;A;4;Hauptstrecke;H402;55;Moderat (0° bis 19,99° C);Tag;Regen;Massachusetts;Herbst;Kollision;Main Track Authority;Human Factors;Wartungszug, Wartungszug;11803.40187171255;Nicht Signifikant;False
2528;063089;1989;6;30;49000.0;49000.0;0.0;49000.0;1;0;0;0;0;0;0;0;15.0;9;0;0;0;0;0;948.6473981205941;02;5;2;Hauptstrecke;M503;72;Warm (20° bis 31,99° C);Abend;Klar;Georgia;Sommer;Kollision;Other Miscellaneous;Miscellaneous Causes;EinzelneWagen, Güterzug;41564.16998897277;Nicht Signifikant;False
2529;064540;2000;9;30;183574.0;183574.0;14000.0;169574.0;2;1;0;10;0;1;0;0;9.926406551346263;0;0;0;18;0;0;409.11135039615715;03;2;1;Depot;H605;65;Moderat (0° bis 19,99° C);Tag;Klar;New York;Herbst;Kollision;Speed;Human Factors;Personenzug, Personenzug;209145.52635576483;Schwer;False
2530;065318;2000;11;15;140000.0;140000.0;0.0;140000.0;2;0;0;2;0;0;0;0;3.9542723449729715;0;0;0;8;0;0;223.95136638689883;03;2;1;Depot;H306;40;Moderat (0° bis 19,99° C);Abend;Wolkig;New York;Herbst;Kollision;General Switching Rules;Human Factors;Personenzug, Personenzug;162866.44951140066;Signifikant;False
2531;0685NE204;1985;6;29;13525.0;13525.0;1025.0;12500.0;11;2;0;0;0;0;0;0;10.0;0;0;0;0;0;0;69.7799471826711;04;8;3;Hauptstrecke;H099;69;Warm (20° bis 31,99° C);Abend;Klar;Kansas;Sommer;Kollision;Brakes, Use of;Human Factors;Lokomotive, Lokomotive;11472.559165323606;Nicht Signifikant;False
2532;068601603;1986;6;16;19951.0;19951.0;0.0;19951.0;1;0;0;0;0;0;0;0;25.0;12;1;0;0;0;0;1454.4780825315863;09;5;3;Hauptstrecke;H402;90;Heiß (>= 32° C);Tag;Klar;Georgia;Frühling;Kollision;Main Track Authority;Human Factors;EinzelneWagen, Güterzug;16923.403172448892;Nicht Signifikant;False
2533;068604605;1986;6;19;61600.0;61600.0;100.0;61500.0;5;2;0;1;0;0;0;0;39.716103444283625;35;0;27;0;0;0;4379.779947182671;03;4;4;Hauptstrecke;H305;75;Warm (20° bis 31,99° C);Tag;Klar;Illinois;Frühling;Kollision;General Switching Rules;Human Factors;Arbeitszug, Arbeitszug, Güterzug;52252.099414708624;Signifikant;False
2534;0686IL202;1986;6;3;10690.0;10690.0;100.0;10590.0;2;0;0;0;0;0;0;0;3.9542723449729715;24;0;35;0;0;6;6222.27597356822;04;6;1;Depot;H299;64;Moderat (0° bis 19,99° C);Abend;Wolkig;Illinois;Frühling;Kollision;Flagging, Fixed, Hand and Radio Signals;Human Factors;EinzelneWagen, Güterzug;9067.775044533038;Nicht Signifikant;False
2535;0686IL203;1986;6;5;10100.0;10100.0;600.0;9500.0;2;0;0;0;0;0;0;0;9.926406551346263;61;5;36;0;0;0;4622.932524872223;03;6;1;Depot;H212;77;Warm (20° bis 31,99° C);Abenddämmerung;Wolkig;Illinois;Frühling;Kollision;Flagging, Fixed, Hand and Radio Signals;Human Factors;EinzelneWagen, Güterzug;8567.308507931122;Nicht Signifikant;False
2536;0686NP201;1986;6;23;30000.0;30000.0;0.0;30000.0;9;1;0;0;0;0;0;0;9.926406551346263;0;0;0;0;0;0;69.7799471826711;03;8;2;Depot;H525;90;Heiß (>= 32° C);Tag;Klar;Nebraska;Sommer;Kollision;Train Handling/Train Makeup;Human Factors;Lokomotive, Lokomotive;25447.4510136568;Nicht Signifikant;False
2537;0686NP202;1986;6;26;6987.0;6987.0;287.0;6700.0;3;0;0;0;0;0;0;0;3.0;20;3;0;0;0;0;2403.7555607612817;04;1;2;Depot;H301;75;Warm (20° bis 31,99° C);Abend;Wolkig;Nebraska;Sommer;Kollision;General Switching Rules;Human Factors;Güterzug, Güterzug;5926.711341080668;Nicht Signifikant;False
2538;068701605;1987;6;22;23650.0;23650.0;650.0;23000.0;4;0;0;0;0;0;0;0;3.5;63;3;6;0;0;0;5375.771288176925;04;6;2;Depot;H020;85;Warm (20° bis 31,99° C);Tag;Klar;Georgia;Sommer;Kollision;Brakes, Use of;Human Factors;EinzelneWagen, Güterzug;20061.073882432775;Nicht Signifikant;False
2539;068703601;1987;6;14;106500.0;106500.0;20000.0;86500.0;5;0;0;0;0;0;0;0;8.0;90;9;90;0;0;4;14760.0;01;1;1;Nebenstrecke;M405;82;Warm (20° bis 31,99° C);Tag;Klar;Kentucky;Frühling;Entgleisung;Unusual Operational Situations;Miscellaneous Causes;Güterzug, Güterzug;90338.45109848163;Nicht Signifikant;False
2540;068709155;1987;6;2;81000.0;81000.0;0.0;81000.0;6;0;0;2;0;0;0;0;41.77778898533715;76;0;41;0;0;1;9439.816418421731;03;4;4;Hauptstrecke;H999;88;Warm (20° bis 31,99° C);Tag;Klar;Tennessee;Frühling;Kollision;Miscellaneous;Human Factors;Arbeitszug, Güterzug;68708.11773687335;Signifikant;False
2541;068711605;1987;6;25;5500.0;5500.0;0.0;5500.0;1;0;0;0;0;0;0;0;2.0;5;0;4;0;0;0;760.352710672917;04;7;3;Depot;M407;80;Warm (20° bis 31,99° C);Abend;Wolkig;Georgia;Sommer;Kollision;Unusual Operational Situations;Miscellaneous Causes;Depot/Rangieren, EinzelneWagen;4665.366019170413;Nicht Signifikant;False
2542;068711607;1987;6;30;19200.0;19200.0;200.0;19000.0;1;0;0;0;0;0;0;0;3.0;13;1;18;0;0;2;2119.2309600974504;04;5;3;Depot;M407;80;Warm (20° bis 31,99° C);Abend;Regen;Georgia;Sommer;Kollision;Unusual Operational Situations;Miscellaneous Causes;EinzelneWagen, Güterzug;16286.36864874035;Nicht Signifikant;False
2543;068712602;1987;6;3;13850.0;13850.0;200.0;13650.0;2;0;0;0;0;0;0;0;4.0;5;0;28;0;0;3;1526.8164184217308;04;5;1;Depot;H401;74;Warm (20° bis 31,99° C);Abend;Klar;Florida;Frühling;Kollision;Main Track Authority;Human Factors;EinzelneWagen, Güterzug;11748.239884638222;Nicht Signifikant;False
2544;0687AR202;1987;6;16;6000.0;6000.0;0.0;6000.0;3;0;0;0;0;0;0;0;3.5;36;0;70;0;0;0;6690.808348541592;04;6;1;Depot;H306;88;Warm (20° bis 31,99° C);Tag;Klar;Louisiana;Frühling;Kollision;General Switching Rules;Human Factors;EinzelneWagen, Güterzug;5089.490202731359;Nicht Signifikant;False