index;INCDTNO;YEAR4;MONTH;DAY;ACCDMG;INFRASTRUCTURE_DMG;TRKDMG;EQPDMG;LOCOMOTIVES1;LOCOMOTIVES2;RREMPKLD;RREMPINJ;PASSKLD;PASSINJ;OTHERKLD;OTHERINJ;SPEED;LOADF1;LOADF2;EMPTYF1;EMPTYP1;LOADP1;EMPTYF2;TONS;TYPE;TYPEQ;TRKCLAS;TYPTRK;ACCAUSE;TEMP;TEMP_CLUSTER;VISIBLTY;WEATHER;STATE;Jahreszeit;ACCIDENT_TYPE;ACCCAUSE_LVL1;ACCCAUSE_LVL2;EQUIPMENT_TYPE;ACCDMG_EUR;ACCTYPE;SPD_TOO_HIGH
2545;068803021;1988;6;14;9100.0;9100.0;0.0;9100.0;4;0;0;0;0;0;0;0;15.0;84;0;3;0;0;0;21912.0;04;1;2;Depot;H017;75;Warm (20° bis 31,99° C);Tag;Klar;Kentucky;Frühling;Kollision;Brakes, Use of;Human Factors;Güterzug, Güterzug;7719.060140809229;Nicht Signifikant;False
2546;068823008;1988;6;2;29000.0;29000.0;1500.0;27500.0;4;1;0;0;0;0;0;0;5.0;1;0;21;0;0;0;822.9119861426864;04;7;2;Depot;H212;60;Moderat (0° bis 19,99° C);Tag;Regen;Ohio;Frühling;Kollision;Flagging, Fixed, Hand and Radio Signals;Human Factors;Depot/Rangieren, Depot/Rangieren;24599.202646534904;Nicht Signifikant;False
2547;0688CA001;1988;6;1;15575.0;15575.0;450.0;15125.0;1;1;0;1;0;0;0;0;7.0;48;4;10;0;0;1;5914.516625307624;04;7;1;Depot;M599;55;Moderat (0° bis 19,99° C);Abend;Klar;Kalifornien;Frühling;Kollision;Other Miscellaneous;Miscellaneous Causes;Depot/Rangieren, EinzelneWagen;13211.468317923487;Signifikant;False
2548;0688CA201;1988;6;9;12000.0;12000.0;4000.0;8000.0;4;0;0;0;0;0;0;0;5.0;146;1;2;0;0;0;16041.14322349671;01;6;2;Nebenstrecke;E52C;90;Heiß (>= 32° C);Tag;Klar;Kalifornien;Frühling;Entgleisung;Axles and Journal Bearings;Mechanical and Electrical Failures;EinzelneWagen, Güterzug;10178.980405462718;Nicht Signifikant;False
2549;0688CE207;1988;6;26;1236490.0;1236490.0;144687.0;1091800.0;3;0;0;0;0;0;0;0;25.5;113;54;0;0;0;0;14758.654025443273;01;6;1;Nebenstrecke;E62C;70;Warm (20° bis 31,99° C);Abend;Klar;Nebraska;Sommer;Entgleisung;Wheels;Mechanical and Electrical Failures;EinzelneWagen, Güterzug;1048850.6234625499;Signifikant;True
2550;0688GR203;1988;6;8;50000.0;50000.0;1500.0;48500.0;0;0;0;0;0;0;0;0;4.0;20;2;0;0;0;0;2384.146519763468;02;6;1;Depot;H699;62;Moderat (0° bis 19,99° C);Tag;Klar;Wyoming;Frühling;Kollision;Speed;Human Factors;EinzelneWagen, EinzelneWagen;42412.41835609466;Nicht Signifikant;False
2551;0688GR207;1988;6;26;23000.0;23000.0;3000.0;20000.0;2;0;0;0;0;0;0;0;6.940339448159618;35;1;49;0;0;2;5565.733016281778;01;7;1;Depot;H303;91;Heiß (>= 32° C);Tag;Wolkig;Idaho;Sommer;Entgleisung;General Switching Rules;Human Factors;Depot/Rangieren, EinzelneWagen;19509.712443803546;Nicht Signifikant;False
2552;0688VB202;1988;6;26;16000.0;16000.0;1000.0;15000.0;5;0;0;0;0;0;0;0;3.5;64;1;54;0;0;2;9023.256439118408;04;5;1;Depot;H021;85;Warm (20° bis 31,99° C);Abend;Wolkig;Kansas;Sommer;Kollision;Brakes, Use of;Human Factors;EinzelneWagen, Güterzug;13571.973873950292;Nicht Signifikant;False
2553;068901041;1989;6;22;6000.0;6000.0;0.0;6000.0;5;0;0;1;0;0;0;0;6.0;67;0;43;0;0;0;1080.0;03;1;3;Hauptstrecke;H999;80;Warm (20° bis 31,99° C);Tag;Wolkig;Georgia;Sommer;Kollision;Miscellaneous;Human Factors;Güterzug, Güterzug;5089.490202731359;Signifikant;False
2554;068903013;1989;6;8;199154.0;199154.0;11500.0;187654.0;7;0;0;0;0;0;0;0;12.0;195;4;0;0;0;0;23885.0;04;1;2;Hauptstrecke;H017;74;Warm (20° bis 31,99° C);Tag;Regen;Kentucky;Frühling;Kollision;Brakes, Use of;Human Factors;Güterzug, Güterzug;168932.05530579353;Signifikant;False
2555;068905004;1989;6;1;29100.0;29100.0;0.0;29100.0;3;0;0;0;0;0;0;0;8.0;32;0;62;0;0;0;5597.694965200224;05;7;2;Depot;H302;78;Warm (20° bis 31,99° C);Abend;Klar;South Carolina;Frühling;Kollision;General Switching Rules;Human Factors;Depot/Rangieren, Depot/Rangieren;24684.027483247093;Nicht Signifikant;False
2556;068905041;1989;6;20;185900.0;185900.0;69000.0;116900.0;4;0;0;0;0;0;0;0;57.0;91;9;0;0;0;0;23400.0;04;1;4;Hauptstrecke;H999;90;Heiß (>= 32° C);Tag;Klar;South Carolina;Frühling;Kollision;Miscellaneous;Human Factors;Güterzug, Güterzug;157689.37144795994;Signifikant;False
2557;068912010;1989;6;3;44900.0;44900.0;1000.0;43900.0;2;0;0;0;0;0;0;0;4.0;103;1;90;0;0;0;14546.580633683066;04;7;2;Depot;H999;75;Warm (20° bis 31,99° C);Abend;Klar;Georgia;Frühling;Kollision;Miscellaneous;Human Factors;Depot/Rangieren, Depot/Rangieren;38086.351683773006;Nicht Signifikant;False
2558;068912016;1989;6;10;11200.0;11200.0;0.0;11200.0;2;0;0;0;0;0;0;0;7.0;49;0;12;0;0;6;6018.1308793646385;02;7;2;Industriestrecke;H702;70;Warm (20° bis 31,99° C);Abend;Wolkig;Florida;Frühling;Kollision;Switches, Use of;Human Factors;Depot/Rangieren, EinzelneWagen;9500.381711765205;Nicht Signifikant;False
2559;0689CA002;1989;6;10;95600.0;95600.0;1000.0;94600.0;3;0;0;1;0;0;0;0;10.0;44;9;96;0;0;10;8470.262997194171;01;6;1;Depot;H020;60;Moderat (0° bis 19,99° C);Abenddämmerung;Klar;Kalifornien;Frühling;Entgleisung;Brakes, Use of;Human Factors;EinzelneWagen, Güterzug;81092.54389685299;Signifikant;False
2560;0689FR013;1989;6;24;11500.0;11500.0;0.0;11500.0;5;0;0;1;0;0;0;0;3.5;0;0;0;0;0;0;69.7799471826711;04;7;1;Depot;H999;60;Moderat (0° bis 19,99° C);Abend;Klar;Kalifornien;Sommer;Kollision;Miscellaneous;Human Factors;Depot/Rangieren, Lokomotive;9754.856221901773;Signifikant;False
2561;0689FW008;1989;6;21;18055.0;18055.0;1600.0;16455.0;4;0;0;1;0;0;0;0;7.935695149221832;1;0;62;0;0;4;2077.1349432708394;01;7;1;Depot;H306;85;Warm (20° bis 31,99° C);Tag;Klar;Texas;Sommer;Entgleisung;General Switching Rules;Human Factors;Depot/Rangieren, Depot/Rangieren;15315.124268385782;Signifikant;False
2562;0689NL214;1989;6;22;6400.0;6400.0;500.0;5900.0;8;0;0;0;0;0;0;0;3.0;40;1;44;0;0;0;5979.328018634314;04;7;1;Depot;H306;80;Warm (20° bis 31,99° C);Tag;Klar;Arkansas;Sommer;Kollision;General Switching Rules;Human Factors;Depot/Rangieren, Depot/Rangieren;5428.789549580117;Nicht Signifikant;False
2563;0689NL216;1989;6;26;6100.0;6100.0;100.0;6000.0;1;0;0;0;0;0;0;0;4.5;12;2;16;0;0;2;1964.1897561440283;04;7;1;Depot;M407;87;Warm (20° bis 31,99° C);Tag;Regen;Arkansas;Sommer;Kollision;Unusual Operational Situations;Miscellaneous Causes;Depot/Rangieren, EinzelneWagen;5174.315039443549;Nicht Signifikant;False
2564;0689PC209;1989;6;16;20700.0;20700.0;700.0;20000.0;2;0;0;0;0;0;0;0;2.0;6;1;0;0;0;0;771.9335353560355;04;7;1;Industriestrecke;H020;55;Moderat (0° bis 19,99° C);Abend;Wolkig;Idaho;Frühling;Kollision;Brakes, Use of;Human Factors;Depot/Rangieren, EinzelneWagen;17558.74119942319;Nicht Signifikant;False
2565;0689PD212;1989;6;14;93600.0;93600.0;80000.0;13600.0;4;1;0;0;0;0;0;0;7.935695149221832;73;5;0;0;0;0;4580.889973591336;01;1;1;Depot;E69C;60;Moderat (0° bis 19,99° C);Tag;Wolkig;Oregon;Frühling;Entgleisung;Wheels;Mechanical and Electrical Failures;Güterzug, Lokomotive;79396.0471626092;Nicht Signifikant;False
2566;0689PD224;1989;6;30;12200.0;12200.0;7500.0;4700.0;3;0;0;0;0;0;0;0;9.926406551346263;84;5;1;0;0;1;10997.816418421731;01;6;1;Depot;T112;55;Moderat (0° bis 19,99° C);Abend;Wolkig;Oregon;Sommer;Entgleisung;Track Geometry;Track, Roadbed and Structures;EinzelneWagen, Güterzug;10348.630078887098;Nicht Signifikant;False
2567;0689PL206;1989;6;26;18129.0;18129.0;0.0;15704.0;3;1;0;0;0;0;0;0;7.5;68;0;0;0;0;0;7284.889973591336;04;1;1;Hauptstrecke;H017;78;Warm (20° bis 31,99° C);Abend;Wolkig;Texas;Sommer;Kollision;Brakes, Use of;Human Factors;Güterzug, Lokomotive;15377.894647552803;Nicht Signifikant;False
2568;069003007;1990;6;5;19950.0;19950.0;0.0;19950.0;2;0;0;0;0;0;0;0;3.0;26;0;16;0;0;2;4017.0;04;7;1;Depot;M407;50;Moderat (0° bis 19,99° C);Abend;Wolkig;Kentucky;Frühling;Kollision;Unusual Operational Situations;Miscellaneous Causes;Depot/Rangieren, Depot/Rangieren;16922.55492408177;Nicht Signifikant;False
2569;0690FW205;1990;6;6;12000.0;12000.0;0.0;12000.0;6;0;0;0;0;0;0;0;4.949628046035187;64;0;127;0;0;0;11570.76437574803;04;7;1;Depot;H307;0;Kalt (-30° - 0,01° C);Abend;Klar;Texas;Frühling;Kollision;General Switching Rules;Human Factors;Depot/Rangieren, Güterzug;10178.980405462718;Nicht Signifikant;False
2570;0690HO207;1990;6;20;33816.0;33816.0;250.0;33566.0;6;1;0;0;0;0;0;0;2.972611095940504;91;1;34;0;0;4;10498.070209938334;01;6;1;Depot;H306;98;Heiß (>= 32° C);Abend;Klar;Texas;Frühling;Entgleisung;General Switching Rules;Human Factors;EinzelneWagen, Güterzug, Lokomotive;28684.36678259394;Nicht Signifikant;False
2571;0690NL206;1990;6;24;22000.0;22000.0;900.0;21100.0;0;0;0;0;0;0;0;0;6.0;58;1;20;0;0;3;7300.687918955466;01;6;1;Depot;M407;85;Warm (20° bis 31,99° C);Tag;Klar;Arkansas;Sommer;Entgleisung;Unusual Operational Situations;Miscellaneous Causes;EinzelneWagen, EinzelneWagen;18661.464076681652;Nicht Signifikant;False
2572;0690RR207;1990;6;15;11000.0;11000.0;1500.0;9500.0;1;0;0;0;0;0;0;0;4.949628046035187;13;3;2;0;0;1;983.8164184217309;01;5;1;Depot;T314;75;Warm (20° bis 31,99° C);Tag;Klar;Louisiana;Frühling;Entgleisung;Frogs, Switches and Track Appliances;Track, Roadbed and Structures;EinzelneWagen, Güterzug;9330.732038340826;Nicht Signifikant;False
2573;069105053;1991;6;24;12000.0;12000.0;0.0;12000.0;5;0;0;1;0;0;0;0;15.0;21;0;1;0;0;0;1640.0;03;1;4;Hauptstrecke;H603;80;Warm (20° bis 31,99° C);Abend;Klar;South Carolina;Sommer;Kollision;Speed;Human Factors;Güterzug, Güterzug;10178.980405462718;Signifikant;False
2574;069121031;1991;6;27;14500.0;14500.0;0.0;14500.0;1;0;0;0;0;0;0;0;3.9542723449729715;18;0;21;0;0;0;2756.7882031400804;04;7;2;Depot;H999;78;Warm (20° bis 31,99° C);Tag;Klar;Illinois;Sommer;Kollision;Miscellaneous;Human Factors;Depot/Rangieren, EinzelneWagen;12299.601323267452;Nicht Signifikant;False
2575;0691CA014;1991;6;19;28687.0;28687.0;0.0;28687.0;6;0;0;0;0;0;0;0;2.5;88;3;4;0;0;0;14812.0;01;1;3;Hauptstrecke;H021;50;Moderat (0° bis 19,99° C);Abend;Klar;Kalifornien;Frühling;Entgleisung;Brakes, Use of;Human Factors;Güterzug, Güterzug;24333.700907625753;Nicht Signifikant;False
2576;0691LU019;1991;6;22;10500.0;10500.0;1500.0;9000.0;5;1;0;0;0;0;0;0;3.9542723449729715;101;0;18;0;0;0;12015.0;04;7;1;Depot;H401;86;Warm (20° bis 31,99° C);Abenddämmerung;Wolkig;Louisiana;Sommer;Kollision;Main Track Authority;Human Factors;Depot/Rangieren, Depot/Rangieren;8906.607854779879;Nicht Signifikant;False
2577;0691NL008;1991;6;16;7000.0;7000.0;0.0;7000.0;2;0;0;0;0;0;0;0;2.5;56;2;12;0;0;3;6849.210829206854;01;7;1;Depot;H310;85;Warm (20° bis 31,99° C);Tag;Wolkig;Arkansas;Frühling;Entgleisung;General Switching Rules;Human Factors;Depot/Rangieren, Depot/Rangieren;5937.738569853253;Nicht Signifikant;False
2578;069201004;1992;6;10;38950.0;38950.0;250.0;38700.0;2;1;0;1;0;0;0;0;2.0;82;0;72;0;0;0;11590.030293773034;04;7;X;Depot;H401;77;Warm (20° bis 31,99° C);Abend;Klar;Florida;Frühling;Kollision;Main Track Authority;Human Factors;Depot/Rangieren, Depot/Rangieren;33039.27389939774;Signifikant;False
2579;0692CA012;1992;6;22;64500.0;64500.0;1000.0;63500.0;3;0;0;0;0;0;0;0;6.0;102;1;38;0;0;3;13283.958126164564;01;6;3;Depot;H021;60;Moderat (0° bis 19,99° C);Abend;Klar;Kalifornien;Sommer;Entgleisung;Brakes, Use of;Human Factors;EinzelneWagen, Güterzug;54712.019679362114;Nicht Signifikant;False
2580;0692GR008;1992;6;23;118300.0;118300.0;44000.0;74300.0;4;0;0;0;0;0;0;0;10.895683003211303;82;7;3;0;0;3;11053.074130732373;01;6;1;Industriestrecke;T310;48;Moderat (0° bis 19,99° C);Abend;Klar;Idaho;Sommer;Entgleisung;Frogs, Switches and Track Appliances;Track, Roadbed and Structures;EinzelneWagen, EinzelneWagen, Güterzug;100347.78183051998;Nicht Signifikant;True
2581;0692RR003;1992;6;4;10900.0;10900.0;150.0;10750.0;2;0;0;0;0;0;0;0;3.9542723449729715;9;1;27;0;0;1;3093.226347673348;04;7;1;Depot;H306;75;Warm (20° bis 31,99° C);Abend;Klar;Texas;Frühling;Kollision;General Switching Rules;Human Factors;Depot/Rangieren, EinzelneWagen;9245.907201628637;Nicht Signifikant;False
2582;0692RR009;1992;6;7;95274.0;95274.0;46274.0;49000.0;6;1;0;0;0;0;0;0;5.944983747097401;86;4;14;0;0;1;8605.889973591336;01;1;1;Depot;E46C;75;Warm (20° bis 31,99° C);Morgendämmerung;Klar;Louisiana;Frühling;Entgleisung;Truck Components;Mechanical and Electrical Failures;Güterzug, Lokomotive;80816.01492917126;Nicht Signifikant;False
2583;069321010;1993;6;12;33900.0;33900.0;500.0;33400.0;3;0;0;0;0;0;0;0;5.0;8;0;23;0;0;5;1687.5069513665069;04;7;3;Depot;H306;60;Moderat (0° bis 19,99° C);Abend;Klar;Illinois;Frühling;Kollision;General Switching Rules;Human Factors;Depot/Rangieren, Depot/Rangieren;28755.61964543218;Nicht Signifikant;False
2584;0693AR011;1993;6;17;10100.0;10100.0;100.0;10000.0;3;0;0;0;0;0;0;0;4.0;31;0;38;0;0;3;4964.049849722633;04;7;1;Depot;S099;85;Warm (20° bis 31,99° C);Tag;Klar;Arkansas;Frühling;Kollision;other software/programming deficiencies, etc.);Signal and Communication;Depot/Rangieren, Depot/Rangieren;8567.308507931122;Nicht Signifikant;False
2585;0693AR029;1993;6;25;81500.0;81500.0;22000.0;59500.0;4;2;0;1;0;0;0;0;8.0;21;6;0;0;0;0;1739.0;04;7;1;Depot;H702;75;Warm (20° bis 31,99° C);Tag;Wolkig;Arkansas;Sommer;Kollision;Switches, Use of;Human Factors;Depot/Rangieren, Depot/Rangieren;69132.2419204343;Signifikant;False
2586;0693RR003;1993;6;1;14010.0;14010.0;5860.0;8150.0;2;0;0;0;0;0;0;0;3.9542723449729715;3;0;22;0;0;5;696.8164184217309;01;5;1;Depot;M503;80;Warm (20° bis 31,99° C);Tag;Wolkig;Texas;Frühling;Entgleisung;Other Miscellaneous;Miscellaneous Causes;EinzelneWagen, Güterzug;11883.959623377725;Nicht Signifikant;False
2587;0693VB014;1993;6;19;12000.0;12000.0;0.0;12000.0;2;0;0;0;0;0;0;0;4.949628046035187;55;0;78;0;0;1;7934.934701820849;04;7;2;Depot;H302;80;Warm (20° bis 31,99° C);Tag;Klar;Oklahoma;Frühling;Kollision;General Switching Rules;Human Factors;Depot/Rangieren, EinzelneWagen;10178.980405462718;Nicht Signifikant;False
2588;069421018;1994;6;16;31900.0;31900.0;0.0;31450.0;5;0;0;0;0;0;0;0;7.935695149221832;210;2;0;0;0;0;13619.0;03;1;1;Hauptstrecke;H104;80;Warm (20° bis 31,99° C);Tag;Klar;Illinois;Frühling;Kollision;Employee Physical Condition;Human Factors;Güterzug, Güterzug;27059.122911188395;Nicht Signifikant;False
2589;069423015;1994;6;28;10500.0;10500.0;100.0;10400.0;1;0;0;0;0;0;0;0;1.9635609428485408;76;1;20;0;0;2;9346.84152586271;04;7;1;Depot;H306;82;Warm (20° bis 31,99° C);Tag;Klar;Ohio;Sommer;Kollision;General Switching Rules;Human Factors;Depot/Rangieren, EinzelneWagen;8906.607854779879;Nicht Signifikant;False
2590;0694ST006;1994;6;16;22500.0;22500.0;1500.0;21000.0;3;0;0;0;0;0;0;0;1.9635609428485408;14;0;28;0;0;2;2288.647398120594;01;7;1;Hauptstrecke;H702;73;Warm (20° bis 31,99° C);Abend;Wolkig;Louisiana;Frühling;Entgleisung;Switches, Use of;Human Factors;Depot/Rangieren, EinzelneWagen;19085.5882602426;Nicht Signifikant;False
2591;0694ST009;1994;6;28;11000.0;11000.0;0.0;10500.0;2;0;0;0;0;0;0;0;2.0;34;0;38;0;0;1;4778.336383802324;01;7;1;Depot;H301;97;Heiß (>= 32° C);Tag;Klar;Texas;Sommer;Entgleisung;General Switching Rules;Human Factors;Depot/Rangieren, EinzelneWagen;9330.732038340826;Nicht Signifikant;False
2592;0694VB019;1994;6;23;6500.0;6500.0;3000.0;3500.0;0;0;0;0;0;0;0;0;4.949628046035187;84;7;12;0;0;0;10128.02381715694;01;6;1;Hauptstrecke;H601;67;Moderat (0° bis 19,99° C);Abend;Wolkig;Kansas;Sommer;Entgleisung;Speed;Human Factors;EinzelneWagen, EinzelneWagen;5513.614386292306;Nicht Signifikant;False
2593;069524007;1995;6;9;8550.0;8550.0;0.0;8550.0;2;0;0;0;0;0;0;0;3.9542723449729715;30;2;39;0;0;0;4709.1307632846;04;7;1;Depot;M503;70;Warm (20° bis 31,99° C);Tag;Klar;Ohio;Frühling;Kollision;Other Miscellaneous;Miscellaneous Causes;Depot/Rangieren, EinzelneWagen;7252.523538892187;Nicht Signifikant;False
2594;069525;1995;6;16;8394.0;8394.0;250.0;8144.0;2;1;0;0;0;0;0;0;6.5;13;0;50;0;0;0;3070.946976612452;01;7;1;Depot;H399;75;Warm (20° bis 31,99° C);Abenddämmerung;Klar;Indiana;Frühling;Entgleisung;General Switching Rules;Human Factors;Depot/Rangieren, Depot/Rangieren;7120.196793621172;Nicht Signifikant;False
2595;069535;1995;6;21;8339.0;8339.0;350.0;7989.0;3;0;0;0;0;0;0;0;2.958916643910756;60;0;16;0;0;1;7383.848016933401;04;7;1;Depot;H306;65;Moderat (0° bis 19,99° C);Morgendämmerung;Klar;Illinois;Sommer;Kollision;General Switching Rules;Human Factors;Depot/Rangieren, Güterzug;7073.543133429468;Nicht Signifikant;False
2596;0695MX007;1995;6;16;56300.0;56300.0;4800.0;51500.0;2;0;0;0;0;0;0;0;2.958916643910756;0;0;4;0;0;4;197.48572650425234;01;6;2;Depot;H306;76;Warm (20° bis 31,99° C);Abend;Klar;Texas;Frühling;Entgleisung;General Switching Rules;Human Factors;EinzelneWagen, Lokomotive;47756.38306896259;Nicht Signifikant;False
2597;069607001;1996;6;2;10125.0;10125.0;450.0;9675.0;2;0;0;0;0;0;0;0;4.0;31;4;22;0;0;2;4347.477365461497;04;7;1;Depot;H307;70;Warm (20° bis 31,99° C);Abenddämmerung;Klar;Ohio;Frühling;Kollision;General Switching Rules;Human Factors;Depot/Rangieren, Depot/Rangieren;8588.514717109168;Nicht Signifikant;False
2598;069622011;1996;6;6;16400.0;16400.0;0.0;16400.0;5;0;0;0;0;0;0;0;34.81029907790165;44;0;45;0;0;0;6445.195085964522;03;5;4;Hauptstrecke;H402;85;Warm (20° bis 31,99° C);Tag;Klar;West Virginia;Frühling;Kollision;Main Track Authority;Human Factors;EinzelneWagen, Güterzug;13911.273220799048;Nicht Signifikant;False
2599;069627011;1996;6;21;101300.0;101300.0;0.0;101300.0;6;0;0;0;0;0;0;0;19.879963561968417;0;0;99;0;0;0;3004.8899735913355;02;1;2;Industriestrecke;H702;90;Heiß (>= 32° C);Tag;Klar;Kentucky;Sommer;Kollision;Switches, Use of;Human Factors;Güterzug, Lokomotive;85927.55958944779;Nicht Signifikant;False
2600;0696CE016;1996;6;8;29370.0;29370.0;0.0;29370.0;2;0;0;0;0;0;0;0;3.9542723449729715;45;7;62;0;0;2;7127.0;04;7;1;Depot;H702;90;Heiß (>= 32° C);Tag;Klar;Utah;Frühling;Kollision;Switches, Use of;Human Factors;Depot/Rangieren, Depot/Rangieren;24913.054542370006;Nicht Signifikant;False
2601;0696FW014;1996;6;21;43596.0;43596.0;1075.0;42521.0;4;2;0;0;0;0;0;0;4.0;38;2;28;0;0;0;3286.0;04;7;1;Depot;H599;89;Warm (20° bis 31,99° C);Tag;Klar;Texas;Sommer;Kollision;Train Handling/Train Makeup;Human Factors;Depot/Rangieren, Depot/Rangieren;36980.235813046056;Nicht Signifikant;False
2602;0696PC026;1996;6;27;39957.0;39957.0;0.0;39957.0;2;0;0;0;0;0;0;0;9.926406551346263;7;1;17;0;0;6;1495.7428632521262;01;7;1;Depot;E33C;68;Warm (20° bis 31,99° C);Tag;Wolkig;Oregon;Sommer;Entgleisung;Coupler and Draft System;Mechanical and Electrical Failures;Depot/Rangieren, EinzelneWagen;33893.46000508949;Nicht Signifikant;False
2603;0696VB014;1996;6;23;22509.0;22509.0;0.0;22509.0;1;0;0;0;0;0;0;0;4.5;0;0;41;0;0;8;1640.7959389488135;01;7;1;Nebenstrecke;M105;80;Warm (20° bis 31,99° C);Abend;Regen;Kansas;Sommer;Entgleisung;Environmental Conditions;Environmental Conditions;Depot/Rangieren, EinzelneWagen;19093.222495546695;Nicht Signifikant;False
2604;069701029;1997;6;25;52237.0;52237.0;400.0;51837.0;2;0;0;0;0;0;0;0;5.0;57;0;25;0;0;0;7315.113400625114;04;7;1;Depot;H999;70;Warm (20° bis 31,99° C);Abend;Regen;Alabama;Sommer;Kollision;Miscellaneous;Human Factors;Depot/Rangieren, Depot/Rangieren;44309.94995334634;Nicht Signifikant;False
2605;069707024;1997;6;28;24743.0;24743.0;2079.0;22664.0;2;0;0;0;0;0;0;0;3.0;54;4;65;0;0;5;8277.533872565165;05;7;1;Depot;H306;85;Warm (20° bis 31,99° C);Tag;Klar;Kentucky;Sommer;Kollision;General Switching Rules;Human Factors;Depot/Rangieren, Depot/Rangieren;20988.209347697004;Nicht Signifikant;False
2606;069727012;1997;6;7;849149.0;849149.0;130740.0;718409.0;4;2;1;2;0;0;0;0;31.0;165;14;27;0;0;2;21094.0;03;1;3;Hauptstrecke;H215;65;Moderat (0° bis 19,99° C);Abend;Wolkig;West Virginia;Frühling;Kollision;Flagging, Fixed, Hand and Radio Signals;Human Factors;Güterzug, Güterzug;720289.2526931885;Schwer;False
2607;069727023;1997;6;24;28040.0;28040.0;300.0;27740.0;2;0;0;0;0;0;0;0;4.0;0;0;7;0;0;0;282.90481865959;04;7;1;Depot;H310;94;Heiß (>= 32° C);Tag;Klar;Virginia;Sommer;Kollision;General Switching Rules;Human Factors;Depot/Rangieren, Depot/Rangieren;23784.884214097885;Nicht Signifikant;False
2608;0697LK005;1997;6;11;37717.0;37717.0;14000.0;23717.0;2;0;0;0;0;0;0;0;4.0;22;2;20;0;0;3;2744.0;01;7;1;Depot;S011;65;Moderat (0° bis 19,99° C);Abend;Nebel;Arkansas;Frühling;Entgleisung;SIGNAL AND COMMUNICATION;Signal and Communication;Depot/Rangieren, Depot/Rangieren;31993.383662736447;Nicht Signifikant;False
2609;0697SA007;1997;6;22;5591300.0;5591300.0;940000.0;4651300.0;5;5;2;2;0;0;2;0;30.5;144;19;11;0;0;5;6210.0;02;1;4;Hauptstrecke;M505;75;Warm (20° bis 31,99° C);Abend;Wolkig;Texas;Sommer;Kollision;Other Miscellaneous;Miscellaneous Causes;Güterzug, Güterzug;4742811.095088642;Schwer;False
2610;0697TS006;1997;6;11;11500.0;11500.0;1000.0;10500.0;2;1;0;0;0;0;0;0;4.949628046035187;32;0;37;0;0;0;3452.8899735913355;01;1;1;Depot;H299;62;Moderat (0° bis 19,99° C);Abend;Klar;New Mexico;Frühling;Entgleisung;Flagging, Fixed, Hand and Radio Signals;Human Factors;Güterzug, Lokomotive;9754.856221901773;Nicht Signifikant;False
2611;0697UT022;1997;6;22;32750.0;32750.0;0.0;32750.0;4;0;0;0;0;0;0;0;2.958916643910756;31;0;64;0;0;1;5513.870013234049;01;7;1;Depot;H306;80;Warm (20° bis 31,99° C);Abenddämmerung;Klar;Utah;Sommer;Entgleisung;General Switching Rules;Human Factors;Depot/Rangieren, Güterzug;27780.134023242004;Nicht Signifikant;False
2612;069807004;1998;6;10;12800.0;12800.0;800.0;12000.0;2;0;0;0;0;0;0;0;2.0;86;1;21;0;0;1;10513.382146746877;04;7;1;Depot;H999;85;Warm (20° bis 31,99° C);Tag;Wolkig;Kentucky;Frühling;Kollision;Miscellaneous;Human Factors;Depot/Rangieren, Depot/Rangieren;10857.579099160233;Nicht Signifikant;False
2613;069822;1998;6;17;31873.0;31873.0;11873.0;20000.0;2;0;0;0;0;0;0;0;3.5;35;2;15;0;0;5;4554.604213964205;04;7;1;Depot;H306;75;Warm (20° bis 31,99° C);Abenddämmerung;Wolkig;Illinois;Frühling;Kollision;General Switching Rules;Human Factors;Depot/Rangieren, Güterzug;27036.220205276102;Nicht Signifikant;False
2614;0698CB012;1998;6;19;63311.0;63311.0;45498.0;17813.0;5;0;0;0;0;0;0;0;3.9542723449729715;234;8;0;0;0;0;30376.311273032905;01;1;1;Depot;T110;95;Heiß (>= 32° C);Tag;Klar;Kansas;Frühling;Entgleisung;Track Geometry;Track, Roadbed and Structures;Güterzug, Güterzug;53703.45237085418;Nicht Signifikant;False
2615;0698HO024;1998;6;18;19040.0;19040.0;250.0;18790.0;1;0;0;0;0;0;0;0;3.0;3;1;2;0;0;1;3968.256439118408;01;7;1;Depot;H310;82;Warm (20° bis 31,99° C);Abend;Klar;Texas;Frühling;Entgleisung;General Switching Rules;Human Factors;Depot/Rangieren, EinzelneWagen;16150.648910000848;Nicht Signifikant;False
2616;0698PD010;1998;6;8;16900.0;16900.0;3000.0;13900.0;2;0;0;0;0;0;0;0;3.9695148966486475;27;1;86;0;0;6;2770.742863252126;04;7;1;Depot;H306;70;Warm (20° bis 31,99° C);Tag;Klar;Oregon;Frühling;Kollision;General Switching Rules;Human Factors;Depot/Rangieren, Depot/Rangieren, EinzelneWagen;14335.397404359996;Nicht Signifikant;False
2617;0698SL005;1998;6;9;21900.0;21900.0;0.0;21900.0;4;0;0;0;0;0;0;0;2.958916643910756;2;0;0;0;0;0;297.294796241188;04;7;1;Depot;H401;75;Warm (20° bis 31,99° C);Tag;Wolkig;Missouri;Frühling;Kollision;Main Track Authority;Human Factors;Depot/Rangieren, Lokomotive;18576.639239969463;Nicht Signifikant;False