index;INCDTNO;YEAR4;MONTH;DAY;ACCDMG;INFRASTRUCTURE_DMG;TRKDMG;EQPDMG;LOCOMOTIVES1;LOCOMOTIVES2;RREMPKLD;RREMPINJ;PASSKLD;PASSINJ;OTHERKLD;OTHERINJ;SPEED;LOADF1;LOADF2;EMPTYF1;EMPTYP1;LOADP1;EMPTYF2;TONS;TYPE;TYPEQ;TRKCLAS;TYPTRK;ACCAUSE;TEMP;TEMP_CLUSTER;VISIBLTY;WEATHER;STATE;Jahreszeit;ACCIDENT_TYPE;ACCCAUSE_LVL1;ACCCAUSE_LVL2;EQUIPMENT_TYPE;ACCDMG_EUR;ACCTYPE;SPD_TOO_HIGH
2618;069907005;1999;6;6;153048.0;153048.0;2000.0;151048.0;2;0;0;0;0;0;0;0;5.0;31;3;15;0;0;1;4113.263418367358;05;7;1;Depot;H305;90;Heiß (>= 32° C);Tag;Klar;Kentucky;Frühling;Kollision;General Switching Rules;Human Factors;Depot/Rangieren, Depot/Rangieren;148364.62338837367;Nicht Signifikant;False
2619;069923012;1999;6;9;10753.0;10753.0;0.0;10753.0;1;0;0;0;0;0;0;0;4.0;11;0;5;0;0;1;1474.8237026788631;04;7;1;Depot;H301;90;Heiß (>= 32° C);Tag;Klar;Michigan;Frühling;Kollision;General Switching Rules;Human Factors;Depot/Rangieren, EinzelneWagen;10274.221287980126;Nicht Signifikant;False
2620;0699CB004;1999;6;3;8793.0;8793.0;1500.0;7293.0;3;0;0;0;0;0;0;0;3.0;0;0;101;0;0;4;3210.742863252126;01;6;1;Industriestrecke;H306;66;Moderat (0° bis 19,99° C);Abend;Wolkig;Iowa;Frühling;Entgleisung;General Switching Rules;Human Factors;EinzelneWagen, Güterzug;8469.466384126372;Nicht Signifikant;False
2621;0699FW007;1999;6;6;8266.0;8266.0;0.0;8266.0;6;3;0;0;0;0;0;0;2.958916643910756;31;0;18;0;0;1;2634.8899735913355;04;7;1;Depot;H605;79;Warm (20° bis 31,99° C);Abend;Klar;Texas;Frühling;Kollision;Speed;Human Factors;Depot/Rangieren, Lokomotive;8013.05457718034;Nicht Signifikant;False
2622;0699HO067;1999;6;30;47722.0;47722.0;100.0;47622.0;2;0;0;0;0;0;0;0;4.949628046035187;58;3;5;0;0;1;7041.0;01;7;1;Depot;H306;80;Warm (20° bis 31,99° C);Abend;Klar;Texas;Sommer;Entgleisung;General Switching Rules;Human Factors;Depot/Rangieren, EinzelneWagen;46206.42912470953;Nicht Signifikant;False
2623;0699LV016;1999;6;16;13207.0;13207.0;1500.0;11707.0;1;0;0;0;0;0;0;0;3.9542723449729715;7;2;10;0;0;0;1648.647398120594;01;7;1;Industriestrecke;T314;86;Warm (20° bis 31,99° C);Tag;Wolkig;Louisiana;Frühling;Entgleisung;Frogs, Switches and Track Appliances;Track, Roadbed and Structures;Depot/Rangieren, EinzelneWagen;12766.553890768488;Nicht Signifikant;False
2624;0699PD012;1999;6;15;10632.0;10632.0;200.0;10432.0;2;0;0;1;0;0;0;0;4.949628046035187;10;1;30;0;0;0;1743.0;04;7;1;Depot;H702;75;Warm (20° bis 31,99° C);Tag;Klar;Oregon;Frühling;Kollision;Switches, Use of;Human Factors;Depot/Rangieren, Depot/Rangieren;10230.946882217091;Signifikant;False
2625;0699WH008;1999;6;20;52839.0;52839.0;0.0;52839.0;3;0;0;0;0;0;0;0;9.926406551346263;70;0;84;0;0;4;10542.0;01;6;1;Depot;M503;62;Moderat (0° bis 19,99° C);Abend;Regen;Kansas;Frühling;Entgleisung;Other Miscellaneous;Miscellaneous Causes;EinzelneWagen, Güterzug;51025.880383699216;Nicht Signifikant;False
2626;06IR777220;2006;9;26;13040.0;13040.0;4215.0;8825.0;2;1;0;0;0;0;0;0;3.0;1;1;0;0;0;0;203.14641270974315;01;5;X;Industriestrecke;T108;70;Warm (20° bis 31,99° C);Abend;Klar;Texas;Herbst;Entgleisung;Track Geometry;Track, Roadbed and Structures;EinzelneWagen, Lokomotive;10271.760535643954;Nicht Signifikant;False
2627;070004;1996;8;26;12600.0;12600.0;1600.0;11000.0;4;0;0;1;0;0;0;0;4.0;69;4;17;0;0;0;8462.0;04;7;1;Depot;H999;80;Warm (20° bis 31,99° C);Tag;Klar;New York;Sommer;Kollision;Miscellaneous;Human Factors;Depot/Rangieren, Güterzug;10687.929425735854;Signifikant;False
2628;070006026;2000;7;17;72591.0;72591.0;50.0;72541.0;3;0;0;0;0;0;0;0;5.0;14;11;27;0;0;5;2707.5365903619613;04;7;1;Depot;H020;0;Kalt (-30° - 0,01° C);Tag;Klar;Florida;Sommer;Kollision;Brakes, Use of;Human Factors;Depot/Rangieren, Depot/Rangieren;77620.82976903336;Nicht Signifikant;False
2629;070006031;2000;7;18;52037.0;52037.0;1500.0;50537.0;3;0;0;0;0;0;0;0;5.0;60;2;84;0;0;6;12285.72965831603;04;7;1;Depot;H702;92;Heiß (>= 32° C);Abend;Klar;Georgia;Sommer;Kollision;Switches, Use of;Human Factors;Depot/Rangieren, Güterzug;55636.69410884208;Nicht Signifikant;False
2630;070007035;2000;7;31;15246.0;15246.0;0.0;15246.0;3;0;0;0;0;0;0;0;4.0;51;0;20;0;0;0;6480.336802394621;04;7;1;Depot;H307;73;Warm (20° bis 31,99° C);Abenddämmerung;Wolkig;Kentucky;Sommer;Kollision;General Switching Rules;Human Factors;Depot/Rangieren, Depot/Rangieren;16494.64459591042;Nicht Signifikant;False
2631;070012032;2000;7;27;48000.0;48000.0;0.0;48000.0;2;1;0;1;0;0;0;0;10.0;0;0;0;0;0;0;69.7799471826711;02;8;1;Depot;H499;90;Heiß (>= 32° C);Tag;Klar;Florida;Sommer;Kollision;Main Track Authority;Human Factors;Lokomotive, Lokomotive;51123.65534135691;Signifikant;False
2632;0700LA071;2000;7;24;14319.0;14319.0;0.0;14319.0;3;0;0;0;0;0;0;0;1.9635609428485408;51;2;1;0;0;1;4275.0;04;7;1;Depot;H307;71;Warm (20° bis 31,99° C);Abend;Klar;Kalifornien;Sommer;Kollision;General Switching Rules;Human Factors;Depot/Rangieren, Depot/Rangieren;15343.977711101585;Nicht Signifikant;False
2633;0700SA027;2000;7;27;6875.0;6875.0;500.0;6375.0;2;0;0;0;0;0;0;0;7.935695149221832;9;0;18;0;0;1;1553.0;01;7;1;Depot;H310;89;Warm (20° bis 31,99° C);Tag;Klar;Texas;Sommer;Entgleisung;General Switching Rules;Human Factors;Depot/Rangieren, EinzelneWagen;7322.398551496432;Nicht Signifikant;False
2634;0700SA031;2000;7;27;8713.0;8713.0;0.0;8713.0;4;0;0;0;0;0;0;0;4.5;35;0;111;0;0;0;7770.0;04;7;1;Depot;H999;78;Warm (20° bis 31,99° C);Abend;Klar;Texas;Sommer;Kollision;Miscellaneous;Human Factors;Depot/Rangieren, Depot/Rangieren;9280.008520609224;Nicht Signifikant;False
2635;070101043;2001;7;30;23754.0;23754.0;0.0;23754.0;4;0;0;0;0;0;0;0;6.0;0;0;7;0;0;2;285.8648878984038;04;7;1;Depot;H306;68;Warm (20° bis 31,99° C);Abend;Klar;Louisiana;Sommer;Kollision;General Switching Rules;Human Factors;Depot/Rangieren, Güterzug;27144.326362701406;Nicht Signifikant;False
2636;070101046;2001;7;30;17528.0;17528.0;0.0;17528.0;1;0;0;0;0;0;0;0;4.0;35;0;8;0;0;1;4296.3411220140315;04;7;1;Depot;M408;80;Warm (20° bis 31,99° C);Abend;Klar;Alabama;Sommer;Kollision;Unusual Operational Situations;Miscellaneous Causes;Depot/Rangieren, EinzelneWagen;20029.71089018398;Nicht Signifikant;False
2637;070105011;2001;7;10;16100.0;16100.0;100.0;16000.0;1;0;0;0;0;0;0;0;5.0;5;1;1;0;0;0;688.6225210377654;05;7;1;Depot;H020;94;Heiß (>= 32° C);Tag;Klar;North Carolina;Sommer;Kollision;Brakes, Use of;Human Factors;Depot/Rangieren, EinzelneWagen;18841.427735517846;Nicht Signifikant;False
2638;070105029;2001;7;20;57646.0;57646.0;3500.0;54146.0;4;0;0;0;0;0;0;0;8.0;83;6;31;0;0;1;10289.035588891671;04;1;1;Depot;T220;80;Warm (20° bis 31,99° C);Morgendämmerung;Klar;North Carolina;Sommer;Kollision;Rail, Joint Bar and Rail Anchoring;Track, Roadbed and Structures;Güterzug, Güterzug;65685.96171376482;Nicht Signifikant;False
2639;070106R004;2006;7;1;179700.0;179700.0;2500.0;177200.0;8;4;0;6;0;36;0;0;10.921762252408477;0;0;0;0;0;0;69.7799471826711;02;3;3;Hauptstrecke;H221;84;Warm (20° bis 31,99° C);Tag;Klar;Pennsylvania;Sommer;Kollision;Flagging, Fixed, Hand and Radio Signals;Human Factors;Nahverkehrszug, Nahverkehrszug;141066.56897634498;Schwer;False
2640;070107004;2001;7;5;11358.0;11358.0;2000.0;9358.0;1;0;0;0;0;0;0;0;10.0;31;4;58;0;0;8;5452.428340773521;01;7;1;Depot;H702;84;Warm (20° bis 31,99° C);Tag;Klar;Ohio;Sommer;Entgleisung;Switches, Use of;Human Factors;Depot/Rangieren, EinzelneWagen;13486.107812871052;Nicht Signifikant;False
2641;070130030;2001;7;24;32330.0;32330.0;10000.0;22330.0;3;1;0;0;0;0;0;0;6.0;41;4;1;0;0;1;4181.786827358422;04;7;1;Depot;H702;99;Heiß (>= 32° C);Tag;Klar;New York;Sommer;Kollision;Switches, Use of;Human Factors;Depot/Rangieren, Güterzug;37126.77997243914;Nicht Signifikant;False
2642;0701CB021;2001;7;25;9741.0;9741.0;0.0;9741.0;6;0;0;0;0;0;0;0;50.0;104;0;113;0;0;0;16182.0;05;1;5;Hauptstrecke;E29C;80;Warm (20° bis 31,99° C);Tag;Klar;Nebraska;Sommer;Kollision;Body;Mechanical and Electrical Failures;Güterzug, Güterzug;11078.13033094507;Nicht Signifikant;False
2643;0701CE001;2001;7;4;1620150.0;1620150.0;270675.0;1349481.0;2;0;0;0;0;0;0;0;61.684903006581465;72;27;66;0;0;3;9057.0;01;6;5;Hauptstrecke;E46C;88;Warm (20° bis 31,99° C);Tag;Klar;Wyoming;Sommer;Entgleisung;Truck Components;Mechanical and Electrical Failures;EinzelneWagen, Güterzug;1916656.808233763;Signifikant;False
2644;0701HO009;2001;7;9;37303.0;37303.0;1000.0;36303.0;3;0;0;0;0;0;0;0;4.0;85;1;84;0;0;2;11801.0;04;7;1;Depot;H401;90;Heiß (>= 32° C);Tag;Klar;Texas;Sommer;Kollision;Main Track Authority;Human Factors;Depot/Rangieren, Depot/Rangieren;44098.593214327935;Nicht Signifikant;False
2645;0701LK039;2001;7;23;15976.0;15976.0;3881.0;12095.0;5;0;0;0;0;0;0;0;3.0;12;0;14;0;0;2;2040.8899735913355;04;7;1;Depot;H211;95;Heiß (>= 32° C);Tag;Klar;Arkansas;Sommer;Kollision;Flagging, Fixed, Hand and Radio Signals;Human Factors;Depot/Rangieren, Lokomotive;18414.015675426464;Nicht Signifikant;False
2646;0701LK041;2001;7;19;60270.0;60270.0;0.0;60270.0;5;0;0;0;0;0;0;0;3.5;35;0;93;0;0;1;16023.0;04;7;1;Depot;H305;80;Warm (20° bis 31,99° C);Abend;Klar;Arkansas;Sommer;Kollision;General Switching Rules;Human Factors;Depot/Rangieren, Güterzug;69093.20188008713;Nicht Signifikant;False
2647;0701PD010;2001;7;11;8555.0;8555.0;0.0;8555.0;6;0;0;0;0;0;0;0;3.5;52;0;68;0;0;2;8452.0;04;1;1;Depot;H702;74;Warm (20° bis 31,99° C);Tag;Wolkig;Oregon;Sommer;Kollision;Switches, Use of;Human Factors;Güterzug, Güterzug;9934.966902798746;Nicht Signifikant;False
2648;0701SA025;2001;7;23;694306.0;694306.0;320223.0;374083.0;6;0;0;0;0;0;0;0;35.805654778963856;79;12;31;0;0;9;10175.889973591336;01;1;4;Hauptstrecke;H503;90;Heiß (>= 32° C);Abenddämmerung;Klar;Texas;Sommer;Entgleisung;Train Handling/Train Makeup;Human Factors;Güterzug, Lokomotive;800260.4887044721;Signifikant;False
2649;070204010;2002;7;12;32166.0;32166.0;311.0;31855.0;2;0;0;0;0;0;0;0;3.0;98;1;2;0;0;0;9936.16224717911;04;6;1;Industriestrecke;H020;62;Moderat (0° bis 19,99° C);Abend;Klar;Kentucky;Sommer;Kollision;Brakes, Use of;Human Factors;EinzelneWagen, Güterzug;32579.762989972653;Nicht Signifikant;False
2650;070205006;2002;7;5;110242.0;110242.0;1000.0;109242.0;2;0;0;0;0;0;0;0;10.0;89;4;2;0;0;2;8998.742863252126;01;6;1;Depot;T221;95;Heiß (>= 32° C);Tag;Klar;South Carolina;Sommer;Entgleisung;Rail, Joint Bar and Rail Anchoring;Track, Roadbed and Structures;EinzelneWagen, Güterzug;113359.38303341901;Nicht Signifikant;False
2651;07020503;2007;2;5;40621.0;40621.0;21.0;40600.0;3;0;0;0;0;0;0;0;5.0;20;0;57;0;0;0;4741.0;04;7;1;Depot;H301;45;Moderat (0° bis 19,99° C);Tag;Klar;Texas;Winter;Kollision;General Switching Rules;Human Factors;Depot/Rangieren, Güterzug;31428.239845261123;Nicht Signifikant;False
2652;07021902;2007;2;19;41892.0;41892.0;16566.0;25326.0;4;1;0;0;0;0;0;0;3.0;33;6;92;0;0;0;8140.0;04;7;2;Depot;H306;58;Moderat (0° bis 19,99° C);Abend;Klar;Texas;Winter;Kollision;General Switching Rules;Human Factors;Depot/Rangieren, Güterzug;31900.70057873896;Nicht Signifikant;False
2653;07022202;2007;2;22;51591.0;51591.0;3321.0;48270.0;3;0;0;0;0;0;0;0;5.944983747097401;71;2;70;0;0;1;9831.0;01;1;4;Nebenstrecke;E29C;70;Warm (20° bis 31,99° C);Tag;Klar;Mississippi;Winter;Entgleisung;Body;Mechanical and Electrical Failures;Güterzug, Wartungszug;39364.4132458416;Nicht Signifikant;False
2654;070244;2001;9;18;250000.0;250000.0;0.0;250000.0;2;0;0;1;0;0;0;0;3.0;0;0;0;13;0;0;319.0494550568701;04;7;1;Depot;H307;59;Moderat (0° bis 19,99° C);Abend;Klar;District of Columbia;Sommer;Kollision;General Switching Rules;Human Factors;Depot/Rangieren, Depot/Rangieren;270095.07346586;Signifikant;False
2655;070296100;1996;2;13;20000.0;20000.0;0.0;20000.0;3;0;0;0;0;0;0;0;24.856742067279495;50;0;1;0;0;0;3375.336383802324;09;5;5;Hauptstrecke;H402;38;Moderat (0° bis 19,99° C);Tag;Klar;Kansas;Winter;Kollision;Main Track Authority;Human Factors;EinzelneWagen, Güterzug;16964.967342437863;Nicht Signifikant;False
2656;0702LA008;2002;7;8;222973.0;222973.0;193996.0;28977.0;4;0;0;0;0;0;0;0;9.926406551346263;100;14;1;0;0;1;7810.816418421731;01;7;1;Depot;T111;65;Moderat (0° bis 19,99° C);Abend;Klar;Kalifornien;Sommer;Entgleisung;Track Geometry;Track, Roadbed and Structures;Depot/Rangieren, EinzelneWagen;226875.2543752544;Signifikant;False
2657;0702NP006;2002;7;8;6957.0;6957.0;0.0;6957.0;4;0;0;0;0;0;0;0;8.0;31;0;103;0;0;1;6558.0;04;7;2;Depot;H605;69;Warm (20° bis 31,99° C);Abend;Klar;Nebraska;Sommer;Kollision;Speed;Human Factors;Depot/Rangieren, Depot/Rangieren;7078.754578754579;Nicht Signifikant;False
2658;0702PD003;2002;7;4;58970.0;58970.0;200.0;58770.0;4;1;0;0;0;0;0;0;4.5;88;0;48;0;0;0;11780.609654354648;04;7;1;Depot;H599;66;Moderat (0° bis 19,99° C);Tag;Wolkig;Oregon;Sommer;Kollision;Train Handling/Train Makeup;Human Factors;Depot/Rangieren, Güterzug;60234.93360572012;Nicht Signifikant;False
2659;0702WH003;2002;7;13;291566.0;291566.0;106610.0;184956.0;5;0;0;0;0;0;0;0;13.907829355595124;34;2;230;0;0;2;10235.0;01;1;3;Hauptstrecke;H019;81;Warm (20° bis 31,99° C);Tag;Klar;Kansas;Sommer;Entgleisung;Brakes, Use of;Human Factors;Güterzug, Güterzug;293818.60933826;Signifikant;False
2660;070301042;2003;7;23;24500.0;24500.0;0.0;24500.0;1;0;0;0;0;0;0;0;4.0;1;0;13;0;0;0;530.693306334185;05;7;1;Depot;H999;87;Warm (20° bis 31,99° C);Tag;Klar;Alabama;Sommer;Kollision;Miscellaneous;Human Factors;Depot/Rangieren, EinzelneWagen;21489.343040084204;Nicht Signifikant;False
2661;070305026;2003;7;23;19769.0;19769.0;100.0;19669.0;2;0;0;0;0;0;0;0;4.949628046035187;23;0;39;0;0;2;4358.336383802324;04;5;1;Depot;H303;80;Warm (20° bis 31,99° C);Tag;Klar;North Carolina;Sommer;Kollision;General Switching Rules;Human Factors;EinzelneWagen, Güterzug;17339.707043241822;Nicht Signifikant;False
2662;0703CB018;2003;7;6;50401.0;50401.0;0.0;50401.0;2;0;0;0;0;0;0;0;13.5;22;0;16;0;0;0;3140.336383802324;05;1;5;Hauptstrecke;M404;85;Warm (20° bis 31,99° C);Tag;Klar;Iowa;Sommer;Kollision;Unusual Operational Situations;Miscellaneous Causes;Güterzug, Wartungszug;44229.509155794774;Nicht Signifikant;False
2663;0703CE005;2003;7;9;56598.0;56598.0;35610.0;20988.0;6;3;0;0;0;0;0;0;23.0;109;0;41;0;0;0;11667.0;04;1;5;Hauptstrecke;H221;61;Moderat (0° bis 19,99° C);Morgendämmerung;Klar;Wyoming;Sommer;Kollision;Flagging, Fixed, Hand and Radio Signals;Human Factors;Güterzug, Güterzug;49844.121532364596;Nicht Signifikant;False
2664;0703FW011;2003;7;6;14800.0;14800.0;0.0;14800.0;4;0;0;0;0;0;0;0;5.5;0;0;0;0;0;0;69.7799471826711;04;8;X;Depot;H607;92;Heiß (>= 32° C);Tag;Wolkig;Texas;Sommer;Kollision;Speed;Human Factors;Lokomotive, Lokomotive;12987.772772479962;Nicht Signifikant;False
2665;0703LK019;2003;7;14;8025.0;8025.0;1612.0;6413.0;3;1;0;0;0;0;0;0;1.9635609428485408;22;0;11;0;0;0;2078.8899735913355;04;7;1;Depot;H302;72;Warm (20° bis 31,99° C);Abend;Klar;Arkansas;Sommer;Kollision;General Switching Rules;Human Factors;Depot/Rangieren, Lokomotive;7102.398442340031;Nicht Signifikant;False
2666;0703LK033;2003;7;26;10135.0;10135.0;0.0;10135.0;3;1;0;0;0;0;0;0;4.949628046035187;27;1;0;0;0;0;834.8899735913355;04;7;1;Depot;H702;73;Warm (20° bis 31,99° C);Abend;Klar;Arkansas;Sommer;Kollision;Switches, Use of;Human Factors;Depot/Rangieren, Lokomotive;8827.628255378451;Nicht Signifikant;False
2667;0703LV025;2003;7;27;74925.0;74925.0;19179.0;55746.0;2;0;0;0;0;0;0;0;8.931050850284048;88;0;118;0;0;11;15264.0;01;7;1;Depot;T314;78;Warm (20° bis 31,99° C);Abend;Wolkig;Louisiana;Sommer;Entgleisung;Frogs, Switches and Track Appliances;Track, Roadbed and Structures;Depot/Rangieren, EinzelneWagen;65237.2659991293;Nicht Signifikant;False
2668;0703LV027;2003;7;29;31832.0;31832.0;10000.0;21832.0;2;0;0;0;0;0;0;0;4.949628046035187;15;4;93;0;0;0;6081.0;01;7;1;Depot;T314;86;Warm (20° bis 31,99° C);Tag;Klar;Louisiana;Sommer;Entgleisung;Frogs, Switches and Track Appliances;Track, Roadbed and Structures;Depot/Rangieren, EinzelneWagen;27771.767579828997;Nicht Signifikant;False
2669;0703SA020;2003;7;16;15294.0;15294.0;9085.0;6209.0;2;0;0;0;0;0;0;0;7.935695149221832;42;5;6;0;0;1;5627.256439118408;01;5;1;Depot;M405;84;Warm (20° bis 31,99° C);Abenddämmerung;Wolkig;Texas;Sommer;Entgleisung;Unusual Operational Situations;Miscellaneous Causes;EinzelneWagen, Güterzug;13731.370084395763;Nicht Signifikant;False
2670;0703TC010;2003;7;10;111619.0;111619.0;4000.0;107619.0;5;0;0;0;0;0;0;0;4.949628046035187;111;3;0;0;0;0;14764.0;04;7;1;Industriestrecke;H302;68;Warm (20° bis 31,99° C);Tag;Wolkig;Minnesota;Sommer;Kollision;General Switching Rules;Human Factors;Depot/Rangieren, Depot/Rangieren;98412.0966319873;Nicht Signifikant;False
2671;0703UT010;2003;7;21;32805.0;32805.0;0.0;32805.0;2;0;0;0;0;0;0;0;5.944983747097401;24;2;1;0;0;1;3141.4551575365786;01;7;1;Industriestrecke;H210;113;Heiß (>= 32° C);Tag;Klar;Nevada;Sommer;Entgleisung;Flagging, Fixed, Hand and Radio Signals;Human Factors;Depot/Rangieren, EinzelneWagen;29072.137539879473;Nicht Signifikant;False
2672;0703WH009;2003;7;20;50134.0;50134.0;46500.0;3634.0;2;0;0;0;0;0;0;0;3.9542723449729715;36;2;91;0;0;2;7406.782794013312;01;7;1;Depot;T319;100;Heiß (>= 32° C);Tag;Klar;Kansas;Sommer;Entgleisung;Frogs, Switches and Track Appliances;Track, Roadbed and Structures;Depot/Rangieren, EinzelneWagen;44533.2069996743;Nicht Signifikant;False
2673;0703WH010;2003;7;27;22560.0;22560.0;0.0;22560.0;7;0;0;0;0;0;0;0;9.926406551346263;112;2;0;0;0;0;5479.0;04;7;1;Depot;H306;101;Heiß (>= 32° C);Tag;Klar;Kansas;Sommer;Kollision;General Switching Rules;Human Factors;Depot/Rangieren, Güterzug;19643.012625163254;Nicht Signifikant;False
2674;07041901;2007;4;19;194845.0;194845.0;2492.0;192353.0;4;0;0;0;0;0;0;0;24.0;50;0;15;0;0;0;6368.889973591336;04;1;4;Hauptstrecke;H017;52;Moderat (0° bis 19,99° C);Morgendämmerung;Klar;Mississippi;Frühling;Kollision;Brakes, Use of;Human Factors;Güterzug, Lokomotive;143257.8486875965;Nicht Signifikant;False
2675;070495;1995;4;22;25623.0;25623.0;250.0;25373.0;3;1;0;0;0;0;0;0;5.0;18;2;15;0;0;0;3184.8899735913355;04;1;1;Depot;H306;58;Moderat (0° bis 19,99° C);Tag;Klar;Iowa;Frühling;Kollision;General Switching Rules;Human Factors;Güterzug, Lokomotive;21734.66791076427;Nicht Signifikant;False
2676;0704LK011;2004;7;9;514506.0;514506.0;29442.0;485064.0;7;2;0;0;0;0;0;0;3.5;84;4;102;0;0;6;13701.0;04;7;3;Hauptstrecke;H306;74;Warm (20° bis 31,99° C);Abend;Wolkig;Arkansas;Sommer;Kollision;General Switching Rules;Human Factors;Depot/Rangieren, Güterzug;415863.23957322986;Signifikant;False
2677;0704LV005;2004;7;4;109096.0;109096.0;34564.0;74532.0;2;0;0;0;0;0;0;0;4.966418697356791;75;3;11;0;0;3;9557.394192822405;01;7;1;Depot;H310;80;Warm (20° bis 31,99° C);Tag;Klar;Louisiana;Sommer;Entgleisung;General Switching Rules;Human Factors;Depot/Rangieren, EinzelneWagen, EinzelneWagen;89121.01078313909;Nicht Signifikant;False
2678;0704PD034;2004;7;30;102133.0;102133.0;42500.0;59633.0;3;0;0;0;0;0;0;0;3.9542723449729715;52;8;38;0;0;1;8120.0;01;5;1;Depot;T199;100;Heiß (>= 32° C);Tag;Klar;Idaho;Sommer;Entgleisung;Track Geometry;Track, Roadbed and Structures;EinzelneWagen, Güterzug;84835.1191959465;Nicht Signifikant;False
2679;0705DV003;2005;7;2;81182.0;81182.0;41375.0;39807.0;4;1;0;0;0;0;0;0;9.0;80;2;32;0;0;0;9746.0;01;7;1;Depot;H306;85;Warm (20° bis 31,99° C);Tag;Klar;Wyoming;Sommer;Entgleisung;General Switching Rules;Human Factors;Depot/Rangieren, Depot/Rangieren;67524.12110458023;Nicht Signifikant;False
2680;0705FW038;2005;7;26;170568.0;170568.0;101265.0;69303.0;5;0;0;0;0;0;0;0;45.75921178958602;35;1;12;0;0;6;4990.256439118408;01;5;4;Hauptstrecke;T102;90;Heiß (>= 32° C);Abend;Wolkig;Texas;Sommer;Entgleisung;Track Geometry;Track, Roadbed and Structures;EinzelneWagen, Güterzug;142294.15199799783;Nicht Signifikant;False
2681;0705HO021;2005;7;8;19429.0;19429.0;2000.0;17429.0;1;0;0;0;0;0;0;0;5.944983747097401;65;4;3;0;0;3;4044.0;01;7;1;Depot;M503;78;Warm (20° bis 31,99° C);Morgendämmerung;Klar;Texas;Sommer;Entgleisung;Other Miscellaneous;Miscellaneous Causes;Depot/Rangieren, EinzelneWagen;16321.404569892475;Nicht Signifikant;False
2682;0705LV001;2005;7;1;59297.0;59297.0;1000.0;58297.0;9;2;0;0;0;0;0;0;3.9542723449729715;163;1;3;0;0;0;8451.0;04;7;1;Depot;H306;85;Warm (20° bis 31,99° C);Tag;Klar;Louisiana;Sommer;Kollision;General Switching Rules;Human Factors;Depot/Rangieren, Depot/Rangieren;49058.49259535037;Nicht Signifikant;False
2683;0705PD010;2005;7;8;17377.0;17377.0;1150.0;16227.0;3;0;0;0;0;0;0;0;3.9542723449729715;18;0;19;0;0;1;2484.0;04;7;1;Depot;H301;62;Moderat (0° bis 19,99° C);Tag;Wolkig;Oregon;Sommer;Kollision;General Switching Rules;Human Factors;Depot/Rangieren, Depot/Rangieren;14597.614247311829;Nicht Signifikant;False
2684;0705RS020;2005;7;16;12458.0;12458.0;1600.0;10858.0;4;0;0;0;0;0;0;0;4.5;26;1;75;0;0;1;5723.0;01;7;2;Depot;H601;73;Warm (20° bis 31,99° C);Abend;Klar;Kalifornien;Sommer;Entgleisung;Speed;Human Factors;Depot/Rangieren, Depot/Rangieren;10324.309392265193;Nicht Signifikant;False
2685;0706LK022;2006;7;15;37894.0;37894.0;33856.0;4038.0;2;0;0;0;0;0;0;0;1.9635609428485408;18;2;56;0;0;4;4562.0;01;7;1;Depot;M503;94;Heiß (>= 32° C);Tag;Klar;Arkansas;Sommer;Entgleisung;Other Miscellaneous;Miscellaneous Causes;Depot/Rangieren, EinzelneWagen;30016.634541757983;Nicht Signifikant;False
2686;0706LK028;2006;7;19;14183.0;14183.0;0.0;14183.0;3;0;0;0;0;0;0;0;6.940339448159618;30;0;47;0;0;2;5426.0;04;7;1;Depot;H302;75;Warm (20° bis 31,99° C);Abend;Klar;Arkansas;Sommer;Kollision;General Switching Rules;Human Factors;Depot/Rangieren, Depot/Rangieren;11362.762377824067;Nicht Signifikant;False
2687;0706NP009;2006;7;10;15500.0;15500.0;0.0;15500.0;4;0;0;1;0;0;0;0;9.0;0;0;0;0;0;0;69.7799471826711;03;8;2;Depot;H605;80;Warm (20° bis 31,99° C);Tag;Wolkig;Nebraska;Sommer;Kollision;Speed;Human Factors;Lokomotive, Lokomotive;12154.956085319951;Signifikant;False
2688;0706PD009;2006;7;14;62320.0;62320.0;20404.0;41916.0;4;0;0;0;0;0;0;0;10.0;72;2;22;0;0;0;9852.0;04;7;1;Hauptstrecke;H307;75;Warm (20° bis 31,99° C);Tag;Klar;Oregon;Sommer;Kollision;General Switching Rules;Human Factors;Depot/Rangieren, Güterzug;49202.58960997948;Nicht Signifikant;False
2689;0706PR015;2006;7;20;31200.0;31200.0;0.0;31200.0;1;0;0;0;0;0;0;0;9.926406551346263;0;0;52;0;0;3;1300.0;01;7;1;Depot;H702;80;Warm (20° bis 31,99° C);Abenddämmerung;Wolkig;Illinois;Sommer;Entgleisung;Switches, Use of;Human Factors;Depot/Rangieren, EinzelneWagen;24677.6872577711;Nicht Signifikant;False
2690;0706SA012;2006;7;15;46143.0;46143.0;4247.0;41896.0;5;1;0;0;0;0;0;0;3.9542723449729715;83;0;37;0;0;0;11652.0;04;7;1;Depot;H306;85;Warm (20° bis 31,99° C);Tag;Klar;Texas;Sommer;Kollision;General Switching Rules;Human Factors;Depot/Rangieren, Depot/Rangieren;36550.840968499986;Nicht Signifikant;False
2691;0706UT016;2006;7;27;110222.0;110222.0;49000.0;61222.0;9;2;0;0;0;0;0;0;26.847453469403924;187;3;0;0;0;0;11909.0;04;1;5;Hauptstrecke;H221;70;Warm (20° bis 31,99° C);Abend;Klar;Utah;Sommer;Kollision;Flagging, Fixed, Hand and Radio Signals;Human Factors;Güterzug, Güterzug;86536.86111329198;Nicht Signifikant;False