index;INCDTNO;YEAR4;MONTH;DAY;ACCDMG;INFRASTRUCTURE_DMG;TRKDMG;EQPDMG;LOCOMOTIVES1;LOCOMOTIVES2;RREMPKLD;RREMPINJ;PASSKLD;PASSINJ;OTHERKLD;OTHERINJ;SPEED;LOADF1;LOADF2;EMPTYF1;EMPTYP1;LOADP1;EMPTYF2;TONS;TYPE;TYPEQ;TRKCLAS;TYPTRK;ACCAUSE;TEMP;TEMP_CLUSTER;VISIBLTY;WEATHER;STATE;Jahreszeit;ACCIDENT_TYPE;ACCCAUSE_LVL1;ACCCAUSE_LVL2;EQUIPMENT_TYPE;ACCDMG_EUR;ACCTYPE;SPD_TOO_HIGH
2692;07072401;2007;7;24;121609.0;121609.0;552.0;121057.0;4;0;0;0;0;0;0;0;2.5;42;2;51;0;0;1;5651.0;04;7;1;Depot;H702;70;Warm (20° bis 31,99° C);Abend;Klar;Louisiana;Sommer;Kollision;Switches, Use of;Human Factors;Depot/Rangieren, Depot/Rangieren;87912.2388491289;Nicht Signifikant;False
2693;070793;1993;7;12;49700.0;49700.0;100.0;49600.0;1;0;0;0;0;0;0;0;3.5;27;0;18;0;0;3;3693.7058971286615;04;7;1;Depot;H018;69;Warm (20° bis 31,99° C);Morgendämmerung;Klar;Illinois;Sommer;Kollision;Brakes, Use of;Human Factors;Depot/Rangieren, EinzelneWagen;42157.94384595809;Nicht Signifikant;False
2694;0707FW026;2007;7;20;272672.0;272672.0;213000.0;59672.0;3;0;0;0;0;0;0;0;9.901875401795017;43;5;21;0;0;6;3453.3230125558835;01;7;1;Depot;T220;74;Warm (20° bis 31,99° C);Abend;Klar;Texas;Sommer;Entgleisung;Rail, Joint Bar and Rail Anchoring;Track, Roadbed and Structures;Depot/Rangieren, EinzelneWagen, EinzelneWagen;197545.46113163803;Signifikant;False
2695;0707LA046;2007;7;24;40014.0;40014.0;0.0;40014.0;2;0;0;0;0;0;0;0;0.9682052417863254;0;0;55;0;0;1;4573.0148450682545;01;7;1;Depot;H307;78;Warm (20° bis 31,99° C);Tag;Klar;Kalifornien;Sommer;Entgleisung;General Switching Rules;Human Factors;Depot/Rangieren, EinzelneWagen;28926.48015614834;Nicht Signifikant;False
2696;0707LV020;2007;7;20;9856.0;9856.0;522.0;9334.0;4;0;0;0;0;0;0;0;4.0;46;1;33;0;0;0;7053.0;04;7;1;Depot;H310;74;Warm (20° bis 31,99° C);Abend;Wolkig;Louisiana;Sommer;Kollision;General Switching Rules;Human Factors;Depot/Rangieren, Depot/Rangieren;7140.476707962037;Nicht Signifikant;False
2697;0707NP019;2007;7;26;138641.0;138641.0;59441.0;79200.0;2;0;0;0;0;0;0;0;15.898540757719555;0;0;4;0;0;2;266.78279401331235;01;7;2;Depot;T316;75;Warm (20° bis 31,99° C);Abend;Klar;Nebraska;Sommer;Entgleisung;Frogs, Switches and Track Appliances;Track, Roadbed and Structures;Depot/Rangieren, EinzelneWagen;101035.56332896078;Nicht Signifikant;False
2698;0707NP021;2007;7;29;29487.0;29487.0;24958.0;4529.0;6;0;0;0;0;0;0;0;28.0;44;4;95;0;0;1;8758.0;01;7;1;Industriestrecke;T106;78;Warm (20° bis 31,99° C);Tag;Klar;Nebraska;Sommer;Entgleisung;Track Geometry;Track, Roadbed and Structures;Depot/Rangieren, Güterzug;21592.179452756965;Nicht Signifikant;True
2699;0707PR002;2007;7;2;90071.0;90071.0;56930.0;33141.0;2;0;0;0;0;0;0;0;13.907829355595124;18;5;2;0;0;2;2850.0;01;7;1;Depot;H306;72;Warm (20° bis 31,99° C);Tag;Klar;Wisconsion;Sommer;Entgleisung;General Switching Rules;Human Factors;Depot/Rangieren, EinzelneWagen;66287.1651457168;Nicht Signifikant;True
2700;0707PR008;2007;7;6;18357.0;18357.0;0.0;18357.0;8;0;0;0;0;0;0;0;5.944983747097401;62;1;180;0;0;3;13462.0;04;7;1;Depot;H307;85;Warm (20° bis 31,99° C);Abend;Klar;Illinois;Sommer;Kollision;General Switching Rules;Human Factors;Depot/Rangieren, Depot/Rangieren;13501.765225066196;Nicht Signifikant;False
2701;0707TC009;2007;7;23;10851.0;10851.0;0.0;10851.0;2;0;0;0;0;0;0;0;3.5;0;0;43;0;0;5;1478.1892734631147;01;7;1;Depot;H310;70;Warm (20° bis 31,99° C);Abend;Regen;Iowa;Sommer;Entgleisung;General Switching Rules;Human Factors;Depot/Rangieren, EinzelneWagen;7851.096158020403;Nicht Signifikant;False
2702;070810;2010;7;8;19897.0;19897.0;1037.0;18860.0;4;0;0;0;0;0;0;0;2.0;42;1;75;0;0;0;7150.681584233472;04;7;2;Depot;H307;86;Warm (20° bis 31,99° C);Tag;Wolkig;Illinois;Sommer;Kollision;General Switching Rules;Human Factors;Depot/Rangieren, Depot/Rangieren;15716.429699842021;Nicht Signifikant;False
2703;0708DV018;2008;7;22;94149.0;94149.0;0.0;94149.0;2;0;0;0;0;0;0;0;9.901875401795017;115;0;70;0;0;5;18538.428835048893;01;7;1;Industriestrecke;H601;85;Warm (20° bis 31,99° C);Tag;Klar;Colorado;Sommer;Entgleisung;Speed;Human Factors;Depot/Rangieren, EinzelneWagen, EinzelneWagen;59142.53407877379;Nicht Signifikant;False
2704;0708HO008;2008;7;6;34666.0;34666.0;210.0;34456.0;7;0;0;0;0;0;0;0;5.0;25;0;65;0;0;0;5213.889973591336;04;7;1;Depot;H702;85;Warm (20° bis 31,99° C);Morgendämmerung;Klar;Texas;Sommer;Kollision;Switches, Use of;Human Factors;Depot/Rangieren, Lokomotive;22139.9527388074;Nicht Signifikant;False
2705;0708LK010;2008;7;6;25263.0;25263.0;1150.0;24113.0;5;0;0;0;0;0;0;0;7.935695149221832;40;0;69;0;0;3;7280.404822649853;01;7;1;Depot;E46C;88;Warm (20° bis 31,99° C);Tag;Klar;Arkansas;Sommer;Entgleisung;Truck Components;Mechanical and Electrical Failures;Depot/Rangieren, Depot/Rangieren;16134.587954782533;Nicht Signifikant;False
2706;0708PC002;2008;7;12;117181.0;117181.0;52586.0;64595.0;2;0;0;0;0;0;0;0;6.940339448159618;11;0;20;0;0;3;1978.6614554997523;01;7;1;Depot;H306;55;Moderat (0° bis 19,99° C);Abend;Klar;Idaho;Sommer;Entgleisung;General Switching Rules;Human Factors;Depot/Rangieren, EinzelneWagen;73982.57465749102;Nicht Signifikant;False
2707;0708PD005;2008;7;3;14722.0;14722.0;304.0;14418.0;6;0;0;0;0;0;0;0;5.0;30;1;23;0;0;0;4239.0;04;7;2;Depot;S007;76;Warm (20° bis 31,99° C);Abend;Klar;Oregon;Sommer;Kollision;SIGNAL AND COMMUNICATION;Signal and Communication;Depot/Rangieren, Depot/Rangieren;9267.862763613472;Nicht Signifikant;False
2708;0708PR003;2008;7;1;37124.0;37124.0;0.0;37124.0;6;0;0;0;0;0;0;0;3.5;30;0;0;0;0;0;1533.8899735913355;04;7;1;Depot;H307;80;Warm (20° bis 31,99° C);Tag;Klar;Illinois;Sommer;Kollision;General Switching Rules;Human Factors;Depot/Rangieren, Lokomotive;23533.438985736928;Nicht Signifikant;False
2709;0708TS008;2008;7;12;27627.0;27627.0;3500.0;24127.0;4;1;0;0;0;0;0;0;3.0;27;0;0;0;0;0;3351.0;04;7;1;Depot;H307;72;Warm (20° bis 31,99° C);Abend;Regen;Arizona;Sommer;Kollision;General Switching Rules;Human Factors;Depot/Rangieren, Güterzug;17442.389039712103;Nicht Signifikant;False
2710;07091703;2007;9;17;16200.0;16200.0;0.0;16200.0;2;0;0;0;0;0;0;0;2.5;10;0;75;0;0;0;4606.0;04;7;1;Depot;H306;89;Warm (20° bis 31,99° C);Tag;Klar;Texas;Sommer;Kollision;General Switching Rules;Human Factors;Depot/Rangieren, Depot/Rangieren;11673.99293795489;Nicht Signifikant;False
2711;0709FW017;2009;7;20;493673.0;493673.0;26935.0;466738.0;6;0;0;0;0;0;0;0;4.949628046035187;33;0;43;0;0;14;6806.0;06;7;1;Depot;M599;75;Warm (20° bis 31,99° C);Tag;Regen;Texas;Sommer;Kollision;Other Miscellaneous;Miscellaneous Causes;Depot/Rangieren, Depot/Rangieren;347241.33080115356;Signifikant;False
2712;0709KC008;2009;7;13;34875.0;34875.0;350.0;34525.0;4;1;0;0;0;0;0;0;1.9635609428485408;24;0;11;0;0;0;3541.0;04;7;1;Depot;H307;87;Warm (20° bis 31,99° C);Tag;Wolkig;Missouri;Sommer;Kollision;General Switching Rules;Human Factors;Depot/Rangieren, Depot/Rangieren;24955.277280858678;Nicht Signifikant;False
2713;0709NP010;2009;7;22;102299.0;102299.0;69498.0;32801.0;4;1;0;0;0;0;0;0;9.5;51;2;9;0;0;0;6499.0;04;7;2;Depot;H602;68;Warm (20° bis 31,99° C);Abend;Klar;Nebraska;Sommer;Kollision;Speed;Human Factors;Depot/Rangieren, Depot/Rangieren;72087.23839052921;Nicht Signifikant;False
2714;0709TS005;2009;7;22;54243.0;54243.0;730.0;53513.0;4;1;0;0;0;0;0;0;9.926406551346263;30;0;30;0;0;0;4859.0;04;7;1;Depot;H306;95;Heiß (>= 32° C);Tag;Wolkig;Arizona;Sommer;Kollision;General Switching Rules;Human Factors;Depot/Rangieren, Depot/Rangieren;38223.52195053203;Nicht Signifikant;False
2715;071000R003;2000;7;10;200000.0;200000.0;0.0;200000.0;10;0;0;1;0;0;0;0;4.949628046035187;0;0;0;0;0;0;69.7799471826711;04;2;1;Hauptstrecke;H307;82;Warm (20° bis 31,99° C);Tag;Klar;Pennsylvania;Sommer;Kollision;General Switching Rules;Human Factors;Personenzug, Personenzug;210017.85151737896;Signifikant;False
2716;071093102;1993;10;17;1538060.0;1538060.0;67000.0;1471066.0;8;8;0;2;0;0;0;0;39.78707758321272;116;13;111;0;0;2;18336.0;02;1;1;Industriestrecke;H499;55;Moderat (0° bis 19,99° C);Tag;Regen;Texas;Herbst;Kollision;Main Track Authority;Human Factors;Güterzug, Güterzug;1304656.8835354992;Signifikant;True
2717;0710HO026;2010;7;16;79245.0;79245.0;2688.0;76557.0;4;0;0;0;0;0;0;0;3.0;26;6;27;0;0;0;4010.0;04;7;1;Depot;H306;87;Warm (20° bis 31,99° C);Abend;Wolkig;Texas;Sommer;Kollision;General Switching Rules;Human Factors;Depot/Rangieren, Depot/Rangieren;60957.692307692305;Nicht Signifikant;False
2718;0710LA020;2010;7;23;9337.0;9337.0;1520.0;7817.0;3;0;0;0;0;0;0;0;2.958916643910756;0;0;2;0;0;2;200.0;01;7;1;Depot;M105;74;Warm (20° bis 31,99° C);Morgendämmerung;Klar;Kalifornien;Sommer;Entgleisung;Environmental Conditions;Environmental Conditions;Depot/Rangieren, EinzelneWagen;7239.668139877491;Nicht Signifikant;False
2719;0710PR021;2010;7;26;17661.0;17661.0;9186.0;8475.0;1;0;0;0;0;0;0;0;5.944983747097401;98;3;0;0;0;0;5269.0;01;7;1;Depot;M201;80;Warm (20° bis 31,99° C);Tag;Klar;Illinois;Sommer;Entgleisung;Loading Procedures;Loading;Depot/Rangieren, EinzelneWagen;13657.87642100379;Nicht Signifikant;False
2720;0710RS013;2010;7;21;17477.0;17477.0;0.0;17477.0;2;0;0;0;0;0;0;0;2.0;2;0;0;0;0;0;295.88997359133555;05;7;1;Industriestrecke;H017;80;Warm (20° bis 31,99° C);Tag;Klar;Nevada;Sommer;Kollision;Brakes, Use of;Human Factors;Depot/Rangieren, Lokomotive;13635.796208161035;Nicht Signifikant;False
2721;0710SA006;2010;7;5;38066.0;38066.0;12956.0;25110.0;2;0;0;0;0;0;0;0;9.926406551346263;7;1;0;0;0;0;864.0;05;7;1;Depot;H021;95;Heiß (>= 32° C);Tag;Wolkig;Texas;Sommer;Kollision;Brakes, Use of;Human Factors;Depot/Rangieren, EinzelneWagen;30377.463889553903;Nicht Signifikant;False
2722;07113001;2007;11;30;21600.0;21600.0;0.0;21600.0;2;0;0;0;0;0;0;0;4.949628046035187;32;0;23;0;0;0;4640.0;04;1;1;Depot;H399;55;Moderat (0° bis 19,99° C);Tag;Wolkig;Louisiana;Herbst;Kollision;General Switching Rules;Human Factors;Güterzug, Güterzug;14633.154935302488;Nicht Signifikant;False
2723;071133;2001;11;16;27000.0;27000.0;0.0;27000.0;1;0;0;0;0;0;0;0;3.9542723449729715;0;0;0;5;0;0;163.6189875199713;01;7;1;Hauptstrecke;H702;45;Moderat (0° bis 19,99° C);Abend;Regen;Kalifornien;Herbst;Entgleisung;Switches, Use of;Human Factors;Depot/Rangieren, EinzelneWagen;30525.720746184288;Nicht Signifikant;False
2724;0711HO024;2011;7;21;181371.0;181371.0;58302.0;123069.0;3;1;0;0;0;0;0;0;4.949628046035187;15;0;133;0;0;6;6904.0;01;7;1;Depot;T108;87;Warm (20° bis 31,99° C);Abend;Wolkig;Texas;Sommer;Entgleisung;Track Geometry;Track, Roadbed and Structures;Depot/Rangieren, Güterzug;127528.47700745324;Nicht Signifikant;False
2725;0711LA016;2011;7;28;77744.0;77744.0;2000.0;75744.0;6;0;0;0;0;0;0;0;5.944983747097401;58;1;100;0;0;11;11357.0;01;7;1;Depot;H503;85;Warm (20° bis 31,99° C);Tag;Klar;Kalifornien;Sommer;Entgleisung;Train Handling/Train Makeup;Human Factors;Depot/Rangieren, Güterzug;54518.93408134643;Nicht Signifikant;False
2726;0711NP003;2011;7;2;34018.0;34018.0;15961.0;18057.0;3;0;0;0;0;0;0;0;3.9542723449729715;88;2;0;0;0;0;11575.0;01;7;1;Industriestrecke;T110;73;Warm (20° bis 31,99° C);Tag;Regen;Nebraska;Sommer;Entgleisung;Track Geometry;Track, Roadbed and Structures;Depot/Rangieren, EinzelneWagen;23473.640629312722;Nicht Signifikant;False
2727;0711PR017;2011;7;17;78928.0;78928.0;29543.0;49385.0;3;0;0;0;0;0;0;0;3.9542723449729715;35;7;19;0;0;1;5148.889973591336;01;7;1;Depot;M405;94;Heiß (>= 32° C);Tag;Klar;Illinois;Sommer;Entgleisung;Unusual Operational Situations;Miscellaneous Causes;Depot/Rangieren, Lokomotive;56062.12709536887;Nicht Signifikant;False
2728;07121501;2007;12;15;885106.0;885106.0;5679.0;879427.0;10;0;0;0;0;0;0;0;39.78707758321272;0;0;250;0;0;4;5732.0;01;1;4;Hauptstrecke;T102;30;Kalt (-30° - 0,01° C);Tag;Schnee;Missouri;Herbst;Entgleisung;Track Geometry;Track, Roadbed and Structures;Güterzug, Güterzug;611669.3925502752;Signifikant;False
2729;0712CB001;2012;7;1;12629.0;12629.0;76.0;12553.0;2;0;0;0;0;0;0;0;5.944983747097401;0;0;2;0;0;1;567.0;04;7;1;Depot;H302;80;Warm (20° bis 31,99° C);Abend;Klar;Nebraska;Sommer;Kollision;General Switching Rules;Human Factors;Depot/Rangieren, EinzelneWagen;10029.383735705209;Nicht Signifikant;False
2730;0712FW016;2012;7;19;10424.0;10424.0;600.0;9824.0;7;0;0;0;0;0;0;0;3.5;20;0;4;0;0;1;2559.8899735913355;04;7;1;Depot;H301;75;Warm (20° bis 31,99° C);Abend;Wolkig;Texas;Sommer;Kollision;General Switching Rules;Human Factors;Depot/Rangieren, Lokomotive;8483.763327093677;Nicht Signifikant;False
2731;0712NP008;2012;7;11;28954.0;28954.0;800.0;28154.0;2;0;0;0;0;0;0;0;4.949628046035187;58;3;52;0;0;0;9076.0;01;7;1;Depot;E30C;87;Warm (20° bis 31,99° C);Abenddämmerung;Klar;Nebraska;Sommer;Entgleisung;Coupler and Draft System;Mechanical and Electrical Failures;Depot/Rangieren, EinzelneWagen;23616.63947797716;Nicht Signifikant;False
2732;0712RS002;2012;7;7;65192.0;65192.0;40015.0;25177.0;2;0;0;0;0;0;0;0;9.926406551346263;33;3;67;0;0;0;6041.0;01;6;1;Depot;E49C;68;Warm (20° bis 31,99° C);Morgendämmerung;Klar;Kalifornien;Sommer;Entgleisung;Truck Components;Mechanical and Electrical Failures;EinzelneWagen, Güterzug;52791.31913515265;Nicht Signifikant;False
2733;071395R003;1995;7;13;8102.0;8102.0;0.0;8102.0;3;0;0;0;0;0;0;0;1.9635609428485408;0;0;0;3;0;0;127.5942293842565;02;2;1;Depot;H307;85;Warm (20° bis 31,99° C);Abend;Klar;Pennsylvania;Sommer;Kollision;General Switching Rules;Human Factors;Personenzug, Personenzug;6872.508270421579;Nicht Signifikant;False
2734;0713DV008;2013;7;16;4339932.0;4339932.0;111620.0;4228312.0;5;3;0;3;0;0;0;0;39.716103444283625;69;9;47;0;0;13;9138.0;03;6;1;Hauptstrecke;H702;70;Warm (20° bis 31,99° C);Abend;Klar;Kansas;Sommer;Kollision;Switches, Use of;Human Factors;EinzelneWagen, Güterzug, Güterzug;3308379.326116786;Schwer;True
2735;0713FW016;2013;7;20;11750.0;11750.0;2541.0;9209.0;3;0;0;0;0;0;0;0;4.5;13;1;7;0;0;0;1829.2564391184076;01;7;1;Depot;H310;88;Warm (20° bis 31,99° C);Tag;Klar;Texas;Sommer;Entgleisung;General Switching Rules;Human Factors;Depot/Rangieren, EinzelneWagen;8943.976453871917;Nicht Signifikant;False
2736;0713FW023;2013;7;28;15612.0;15612.0;6360.0;9252.0;2;0;0;0;0;0;0;0;3.9542723449729715;19;2;8;0;0;1;2268.256439118408;01;7;1;Depot;M411;88;Warm (20° bis 31,99° C);Abend;Klar;Texas;Sommer;Entgleisung;Unusual Operational Situations;Miscellaneous Causes;Depot/Rangieren, EinzelneWagen;11767.8391959799;Nicht Signifikant;False
2737;0713LK028;2013;7;31;29305.0;29305.0;792.0;28513.0;6;2;0;0;0;0;0;0;6.920452597546157;99;4;23;0;0;0;13267.0;04;7;1;Depot;H307;83;Warm (20° bis 31,99° C);Abend;Klar;Arkansas;Sommer;Kollision;General Switching Rules;Human Factors;Depot/Rangieren, EinzelneWagen, Güterzug;22075.32956685499;Nicht Signifikant;False
2738;0713NP008;2013;7;10;45531.0;45531.0;100.0;45431.0;4;0;0;0;0;0;0;0;5.0;30;1;16;0;0;0;3994.0;01;7;1;Depot;S007;80;Warm (20° bis 31,99° C);Abend;Klar;Nebraska;Sommer;Entgleisung;SIGNAL AND COMMUNICATION;Signal and Communication;Depot/Rangieren, Depot/Rangieren, EinzelneWagen;35535.003512058065;Nicht Signifikant;False
2739;0713WH006;2013;7;12;43392.0;43392.0;0.0;43392.0;1;0;0;0;0;0;0;0;13.907829355595124;18;0;0;0;0;0;2231.4642188839202;03;7;3;Hauptstrecke;H603;70;Warm (20° bis 31,99° C);Abend;Klar;Oklahoma;Sommer;Kollision;Speed;Human Factors;Depot/Rangieren, EinzelneWagen;33291.391744667795;Nicht Signifikant;False
2740;071497R010;1997;7;14;114181.0;114181.0;0.0;114181.0;4;0;0;2;0;0;0;0;14.903185056657339;0;0;0;2;2;0;192.003699391562;02;2;1;Nebenstrecke;H601;91;Heiß (>= 32° C);Tag;Klar;Pennsylvania;Sommer;Kollision;Speed;Human Factors;Personenzug, Personenzug;96853.8468063449;Signifikant;False
2741;0714FW021;2014;7;22;58534.0;58534.0;0.0;58534.0;3;0;0;0;0;0;0;0;4.949628046035187;28;1;1;0;0;0;3114.0;01;7;1;Depot;M405;78;Warm (20° bis 31,99° C);Abend;Klar;Texas;Sommer;Entgleisung;Unusual Operational Situations;Miscellaneous Causes;Depot/Rangieren, EinzelneWagen;43419.6276240635;Nicht Signifikant;False
2742;0714HO012;2014;7;11;49167.0;49167.0;0.0;49167.0;2;0;0;0;0;0;0;0;1.951414590464721;73;1;16;0;0;1;8298.256439118408;01;7;1;Depot;T199;80;Warm (20° bis 31,99° C);Abend;Wolkig;Texas;Sommer;Entgleisung;Track Geometry;Track, Roadbed and Structures;Depot/Rangieren, EinzelneWagen, EinzelneWagen;36165.5020228025;Nicht Signifikant;False
2743;0714KC010;2014;7;22;87456.0;87456.0;19112.0;68344.0;4;0;0;0;0;0;0;0;84.57808413101242;109;4;33;0;0;0;15130.0;05;7;1;Depot;H607;91;Heiß (>= 32° C);Tag;Klar;Missouri;Sommer;Kollision;Speed;Human Factors;Depot/Rangieren, Depot/Rangieren;64873.525702841034;Nicht Signifikant;True
2744;0714LK024;2014;7;26;10847.0;10847.0;0.0;10847.0;9;0;0;0;0;0;0;0;2.5;67;0;44;0;0;0;10065.889973591336;05;7;1;Depot;H307;83;Warm (20° bis 31,99° C);Abend;Wolkig;Arkansas;Sommer;Kollision;General Switching Rules;Human Factors;Depot/Rangieren, Lokomotive;8072.085927616402;Nicht Signifikant;False
2745;0714PD018;2014;7;23;55707.0;55707.0;14648.0;41059.0;2;2;0;0;0;0;0;0;3.9542723449729715;20;0;7;0;0;0;2914.647398120594;01;7;1;Depot;H306;77;Warm (20° bis 31,99° C);Tag;Klar;Oregon;Sommer;Entgleisung;General Switching Rules;Human Factors;Depot/Rangieren, EinzelneWagen;41371.70441886372;Nicht Signifikant;False
2746;0714RS012;2014;7;13;35936.0;35936.0;25000.0;10936.0;2;0;0;0;0;0;0;0;3.9542723449729715;87;2;31;0;0;0;12588.0;01;7;1;Depot;H307;98;Heiß (>= 32° C);Tag;Klar;Kalifornien;Sommer;Entgleisung;General Switching Rules;Human Factors;Depot/Rangieren, EinzelneWagen;26391.833337413398;Nicht Signifikant;False
2747;0715110113;2013;11;1;32100.0;32100.0;0.0;28000.0;1;0;0;0;0;0;0;0;5.944983747097401;12;1;0;0;0;0;1454.4780825315863;04;7;X;Hauptstrecke;M501;65;Moderat (0° bis 19,99° C);Abend;Klar;Texas;Herbst;Kollision;Other Miscellaneous;Miscellaneous Causes;Depot/Rangieren, EinzelneWagen;23768.97445390596;Nicht Signifikant;False
2748;0715FW016;2015;7;16;137209.0;137209.0;25991.0;111218.0;4;0;0;0;0;0;0;0;6.940339448159618;31;3;28;0;0;0;5532.889973591336;01;7;1;Depot;M411;82;Warm (20° bis 31,99° C);Abend;Klar;Texas;Sommer;Entgleisung;Unusual Operational Situations;Miscellaneous Causes;Depot/Rangieren, Lokomotive;126262.07785037269;Nicht Signifikant;False
2749;0715NP015;2015;7;26;132646.0;132646.0;35725.0;96921.0;2;0;0;0;0;0;0;0;2.958916643910756;112;0;92;0;0;16;16953.0;01;7;1;Depot;T110;72;Warm (20° bis 31,99° C);Abend;Regen;Nebraska;Sommer;Entgleisung;Track Geometry;Track, Roadbed and Structures;Depot/Rangieren, EinzelneWagen;120386.62834669491;Nicht Signifikant;False
2750;0715NP020;2015;7;28;24219.0;24219.0;225.0;23994.0;2;0;0;0;0;0;0;0;4.932837394713583;3;0;65;0;0;1;2523.0;01;7;1;Depot;H021;78;Warm (20° bis 31,99° C);Tag;Klar;Nebraska;Sommer;Entgleisung;Brakes, Use of;Human Factors;Depot/Rangieren, EinzelneWagen, EinzelneWagen;21967.34693877551;Nicht Signifikant;False
2751;0715PR018;2015;7;29;185657.0;185657.0;792.0;184865.0;1;0;0;0;0;0;0;0;3.9542723449729715;0;0;2;0;0;2;170.81641842173087;01;7;1;Depot;M411;89;Warm (20° bis 31,99° C);Tag;Klar;Illinois;Sommer;Entgleisung;Unusual Operational Situations;Miscellaneous Causes;Depot/Rangieren, EinzelneWagen;168320.03626473254;Signifikant;False
2752;0715SA008;2015;7;13;13853.0;13853.0;0.0;13853.0;0;0;0;0;0;0;0;0;8.5;0;0;2;0;0;0;130.67276760464793;09;A;4;Hauptstrecke;E99C;97;Heiß (>= 32° C);Tag;Klar;Texas;Sommer;Kollision;General Mechanical and Electrical Failures;Mechanical and Electrical Failures;Wartungszug, Wartungszug;12537.786224997737;Nicht Signifikant;False
2753;0716DV002;2016;7;5;191956.0;191956.0;36001.0;155955.0;2;0;0;0;0;0;0;0;6.940339448159618;1;1;8;0;0;8;4058.8164184217308;01;7;1;Depot;H309;90;Heiß (>= 32° C);Tag;Klar;Colorado;Sommer;Entgleisung;General Switching Rules;Human Factors;Depot/Rangieren, Wartungszug;172219.6303606675;Signifikant;False
2754;0716HO048;2016;7;29;49030.0;49030.0;250.0;48780.0;3;0;0;0;0;0;0;0;2.958916643910756;41;3;7;0;0;1;5868.889973591336;01;1;1;Depot;T319;90;Heiß (>= 32° C);Tag;Klar;Texas;Sommer;Entgleisung;Frogs, Switches and Track Appliances;Track, Roadbed and Structures;Güterzug, Lokomotive;44119.499685053546;Nicht Signifikant;False
2755;0716PC009;2016;7;12;13032.0;13032.0;0.0;13032.0;4;0;0;0;0;0;0;0;59.69419160445703;100;0;13;0;0;0;3740.336383802324;09;1;5;Hauptstrecke;H997;70;Warm (20° bis 31,99° C);Tag;Klar;Idaho;Sommer;Kollision;Miscellaneous;Human Factors;Güterzug, Wartungszug;11749.008294266137;Nicht Signifikant;False
2756;0717FW015;2017;7;13;111108.0;111108.0;482.0;110626.0;5;0;0;0;0;0;0;0;9.926406551346263;166;0;56;0;0;3;22743.0;01;7;1;Depot;H307;71;Warm (20° bis 31,99° C);Abend;Regen;Kansas;Sommer;Entgleisung;General Switching Rules;Human Factors;Depot/Rangieren, Güterzug;97318.03450994132;Nicht Signifikant;False
2757;0717LA023;2017;7;20;42922.0;42922.0;300.0;42622.0;2;0;0;0;0;0;0;0;5.5;109;0;151;0;0;1;18561.0;04;6;1;Depot;M502;70;Warm (20° bis 31,99° C);Abend;Klar;Kalifornien;Sommer;Kollision;Other Miscellaneous;Miscellaneous Causes;EinzelneWagen, Güterzug;37372.22464083587;Nicht Signifikant;False
2758;0717LK017;2017;7;8;27402.0;27402.0;0.0;27402.0;1;0;0;0;0;0;0;0;3.9390297932972955;2;0;2;0;0;0;296.0;09;7;1;Depot;E12C;80;Warm (20° bis 31,99° C);Abend;Wolkig;Arkansas;Sommer;Kollision;Trailer or Container on Flatcar;Mechanical and Electrical Failures;Depot/Rangieren, EinzelneWagen, EinzelneWagen;24029.113443044633;Nicht Signifikant;False
2759;0717LK040;2017;7;30;17562.0;17562.0;2030.0;15532.0;1;0;0;0;0;0;0;0;3.9542723449729715;2;1;1;0;0;1;238.0;01;7;1;Depot;H704;85;Warm (20° bis 31,99° C);Abend;Klar;Louisiana;Sommer;Entgleisung;Switches, Use of;Human Factors;Depot/Rangieren, EinzelneWagen;14974.845806213227;Nicht Signifikant;False
2760;071895R008;1995;7;18;48200.0;48200.0;0.0;48200.0;2;0;0;1;0;0;0;0;4.949628046035187;0;0;0;1;0;0;89.05137458319956;02;8;1;Depot;H021;87;Warm (20° bis 31,99° C);Abenddämmerung;Klar;Pennsylvania;Sommer;Kollision;Brakes, Use of;Human Factors;Lokomotive, Personenzug;40885.57129527525;Signifikant;False
2761;0718DV002;2018;7;3;200789.0;200789.0;121642.0;79147.0;2;0;0;0;0;0;0;0;7.935695149221832;35;1;57;0;0;3;6644.0;01;7;1;Depot;T220;68;Warm (20° bis 31,99° C);Abend;Wolkig;Colorado;Sommer;Entgleisung;Rail, Joint Bar and Rail Anchoring;Track, Roadbed and Structures;Depot/Rangieren, EinzelneWagen;172129.44706386625;Signifikant;False
2762;0718HO020;2018;7;15;95200.0;95200.0;6658.0;88542.0;2;0;0;0;0;0;0;0;3.9542723449729715;67;4;9;0;0;0;8673.647398120595;01;5;X;Depot;T206;94;Heiß (>= 32° C);Tag;Klar;Texas;Sommer;Entgleisung;Rail, Joint Bar and Rail Anchoring;Track, Roadbed and Structures;EinzelneWagen, Güterzug;81406.94923467207;Nicht Signifikant;False
2763;0718ST022;2018;7;30;11653.0;11653.0;5140.0;6513.0;6;0;0;0;0;0;0;0;8.931050850284048;0;0;152;0;0;4;7945.0;01;1;1;Hauptstrecke;H994;92;Heiß (>= 32° C);Tag;Klar;Texas;Sommer;Entgleisung;Miscellaneous;Human Factors;Güterzug, Güterzug;9973.467990414241;Nicht Signifikant;False