index;INCDTNO;YEAR4;MONTH;DAY;ACCDMG;INFRASTRUCTURE_DMG;TRKDMG;EQPDMG;LOCOMOTIVES1;LOCOMOTIVES2;RREMPKLD;RREMPINJ;PASSKLD;PASSINJ;OTHERKLD;OTHERINJ;SPEED;LOADF1;LOADF2;EMPTYF1;EMPTYP1;LOADP1;EMPTYF2;TONS;TYPE;TYPEQ;TRKCLAS;TYPTRK;ACCAUSE;TEMP;TEMP_CLUSTER;VISIBLTY;WEATHER;STATE;Jahreszeit;ACCIDENT_TYPE;ACCCAUSE_LVL1;ACCCAUSE_LVL2;EQUIPMENT_TYPE;ACCDMG_EUR;ACCTYPE;SPD_TOO_HIGH
2764;0719GL044;2019;7;30;169609.0;169609.0;96246.0;73363.0;3;0;0;0;0;0;0;0;6.940339448159618;108;1;60;0;0;3;15669.0;01;6;1;Depot;M405;75;Warm (20° bis 31,99° C);Abenddämmerung;Wolkig;Iowa;Sommer;Entgleisung;Unusual Operational Situations;Miscellaneous Causes;EinzelneWagen, Güterzug;152061.14398422092;Signifikant;False
2765;0719SX019;2019;7;24;407158.0;407158.0;253588.0;153570.0;3;0;0;0;0;0;0;0;4.932837394713583;148;17;170;0;0;22;20002.0;01;7;1;Depot;H503;75;Warm (20° bis 31,99° C);Morgendämmerung;Klar;Texas;Sommer;Entgleisung;Train Handling/Train Makeup;Human Factors;Depot/Rangieren, EinzelneWagen, EinzelneWagen;365491.921005386;Signifikant;False
2766;072098;1998;7;20;9596.5;9596.5;3845.0;650.0;2;0;0;0;0;0;0;0;4.949628046035187;50;5;26;0;0;3;6651.743147978582;01;7;1;Depot;T109;100;Heiß (>= 32° C);Tag;Klar;Illinois;Sommer;Entgleisung;Track Geometry;Track, Roadbed and Structures;Depot/Rangieren, NaN;8140.215455085248;Nicht Signifikant;False
2767;072191;1991;7;21;16041.0;16041.0;91.0;15950.0;2;0;0;0;0;0;0;0;6.5;41;1;25;0;0;0;5514.603649154793;05;5;1;Depot;M599;92;Heiß (>= 32° C);Tag;Klar;Illinois;Sommer;Kollision;Other Miscellaneous;Miscellaneous Causes;EinzelneWagen, Güterzug;13606.75205700229;Nicht Signifikant;False
2768;072690A;1990;7;26;11612.0;11612.0;0.0;15624.0;4;0;0;0;0;0;0;0;30.0;0;0;0;0;16;0;739.2271264453428;07;2;2;Hauptstrecke;M399;90;Heiß (>= 32° C);Tag;Klar;Texas;Sommer;Bahnübergang;Loading Procedures;Loading;Personenzug, Personenzug;9849.860039019424;Nicht Signifikant;False
2769;072804;2004;7;28;44345.333333333336;44345.333333333336;27018.0;44500.0;6;0;0;1;0;0;0;0;9.0;36;0;66;0;0;2;6212.3603469913605;02;7;1;Depot;H307;85;Warm (20° bis 31,99° C);Tag;Klar;Illinois;Sommer;Kollision;General Switching Rules;Human Factors;Depot/Rangieren, Depot/Rangieren, Güterzug;36850.03600908537;Signifikant;False
2770;076394;1992;8;6;11100.0;11100.0;0.0;11100.0;3;1;0;1;0;0;0;0;4.949628046035187;23;0;10;0;0;1;3079.0;04;7;1;Depot;H401;74;Warm (20° bis 31,99° C);Tag;Regen;Georgia;Sommer;Kollision;Main Track Authority;Human Factors;Depot/Rangieren, Depot/Rangieren;9415.556875053015;Signifikant;False
2771;076550;1992;8;26;20600.0;20600.0;0.0;20600.0;4;0;0;0;0;0;0;0;3.5;48;1;14;0;0;1;5232.0;04;7;2;Depot;H404;72;Warm (20° bis 31,99° C);Abend;Wolkig;Georgia;Sommer;Kollision;Main Track Authority;Human Factors;Depot/Rangieren, Depot/Rangieren;17473.916362711;Nicht Signifikant;False
2772;076819;1992;9;27;88650.0;88650.0;8500.0;80150.0;6;0;0;0;0;0;0;0;9.901875401795017;164;15;55;0;0;2;18704.077755531798;01;6;1;Depot;H518;73;Warm (20° bis 31,99° C);Tag;Regen;Georgia;Herbst;Entgleisung;Train Handling/Train Makeup;Human Factors;EinzelneWagen, Güterzug, Güterzug;75197.21774535584;Nicht Signifikant;False
2773;077016;1992;10;20;22400.0;22400.0;0.0;22400.0;6;0;0;0;0;0;0;0;9.0;30;0;56;0;0;0;4892.0;05;1;3;Hauptstrecke;H401;45;Moderat (0° bis 19,99° C);Abend;Wolkig;South Carolina;Herbst;Kollision;Main Track Authority;Human Factors;Güterzug, Güterzug;19000.76342353041;Nicht Signifikant;False
2774;077029;1992;10;22;6300.0;6300.0;4500.0;1800.0;3;0;0;0;0;0;0;0;4.0;17;0;32;0;0;2;2742.0;05;7;1;Depot;H401;55;Moderat (0° bis 19,99° C);Abend;Klar;Georgia;Herbst;Kollision;Main Track Authority;Human Factors;Depot/Rangieren, Depot/Rangieren;5343.964712867927;Nicht Signifikant;False
2775;077308;1992;11;20;6500.0;6500.0;200.0;6300.0;5;0;0;0;0;0;0;0;3.0;41;3;4;0;0;1;3686.0;05;7;1;Depot;E31C;45;Moderat (0° bis 19,99° C);Abenddämmerung;Regen;Georgia;Herbst;Kollision;Coupler and Draft System;Mechanical and Electrical Failures;Depot/Rangieren, Depot/Rangieren;5513.614386292306;Nicht Signifikant;False
2776;077366;1992;11;27;9000.0;9000.0;0.0;9000.0;3;0;0;0;0;0;0;0;5.0;49;0;6;0;0;0;4915.0;05;7;2;Depot;H403;41;Moderat (0° bis 19,99° C);Abend;Wolkig;Georgia;Herbst;Kollision;Main Track Authority;Human Factors;Depot/Rangieren, Depot/Rangieren;7634.235304097039;Nicht Signifikant;False
2777;077678;2003;4;10;34000.0;34000.0;2000.0;32000.0;4;0;0;0;0;0;0;0;93.0;0;0;0;0;9;0;446.3439855179239;09;2;8;Hauptstrecke;T104;35;Moderat (0° bis 19,99° C);Morgendämmerung;Klar;Massachusetts;Frühling;Kollision;Track Geometry;Track, Roadbed and Structures;Personenzug, Personenzug;31466.913465987967;Nicht Signifikant;False
2778;077942;1993;2;1;35000.0;35000.0;0.0;35000.0;2;0;0;0;0;0;0;0;9.0;14;2;0;0;0;0;963.0;04;1;1;Depot;H401;60;Moderat (0° bis 19,99° C);Abend;Klar;Louisiana;Winter;Kollision;Main Track Authority;Human Factors;Güterzug, Güterzug;29688.692849266263;Nicht Signifikant;False
2779;078043;1993;2;13;9100.0;9100.0;0.0;9100.0;8;3;0;2;0;0;0;0;6.940339448159618;92;1;27;0;0;0;16211.0;05;7;1;Depot;H401;43;Moderat (0° bis 19,99° C);Abend;Wolkig;Alabama;Winter;Kollision;Main Track Authority;Human Factors;Depot/Rangieren, Depot/Rangieren;7719.060140809229;Signifikant;False
2780;078417;1993;3;20;7600.0;7600.0;100.0;7500.0;4;1;0;0;0;0;0;0;10.0;35;0;0;0;0;0;3047.0;04;7;2;Depot;H702;45;Moderat (0° bis 19,99° C);Morgendämmerung;Klar;Georgia;Winter;Kollision;Switches, Use of;Human Factors;Depot/Rangieren, Depot/Rangieren;6446.687590126388;Nicht Signifikant;False
2781;078601603;1986;7;25;44900.0;44900.0;400.0;44500.0;4;0;0;0;0;0;0;0;4.0;140;3;71;0;0;4;18152.0;04;1;1;Depot;M599;90;Heiß (>= 32° C);Abend;Regen;Georgia;Sommer;Kollision;Other Miscellaneous;Miscellaneous Causes;Güterzug, Güterzug;38086.351683773006;Nicht Signifikant;False
2782;078609602;1986;7;22;9150.0;9150.0;500.0;8650.0;2;0;0;0;0;0;0;0;8.0;45;5;17;0;0;4;5845.308341644136;04;7;1;Depot;T399;70;Warm (20° bis 31,99° C);Tag;Klar;Tennessee;Sommer;Kollision;Frogs, Switches and Track Appliances;Track, Roadbed and Structures;Depot/Rangieren, Depot/Rangieren, EinzelneWagen;7761.472559165323;Nicht Signifikant;False
2783;078612627;1986;7;24;146910.0;146910.0;1000.0;145910.0;3;0;0;0;0;0;0;0;11.917117953470694;67;8;0;0;0;0;4501.62290464548;01;6;1;Nebenstrecke;M405;90;Heiß (>= 32° C);Tag;Wolkig;Florida;Sommer;Entgleisung;Unusual Operational Situations;Miscellaneous Causes;EinzelneWagen, Güterzug;124616.16761387733;Nicht Signifikant;True
2784;0786GU205;1986;7;31;12700.0;12700.0;5000.0;7700.0;1;0;0;0;0;0;0;0;3.9542723449729715;70;2;21;0;0;5;7929.089553139835;04;7;1;Depot;H306;96;Heiß (>= 32° C);Abenddämmerung;Klar;Texas;Sommer;Kollision;General Switching Rules;Human Factors;Depot/Rangieren, EinzelneWagen;10772.754262448045;Nicht Signifikant;False
2785;0786LA206;1986;7;25;19500.0;19500.0;0.0;19500.0;5;0;0;1;0;0;0;0;5.0;13;1;5;0;0;1;1484.8899735913355;04;7;1;Depot;H017;85;Warm (20° bis 31,99° C);Abend;Wolkig;Louisiana;Sommer;Kollision;Brakes, Use of;Human Factors;Depot/Rangieren, Lokomotive;16540.84315887692;Signifikant;False
2786;0786NP202;1986;7;4;52779.0;52779.0;46279.0;6500.0;0;0;0;0;0;0;0;0;2.958916643910756;1;1;0;0;0;0;203.14641270974315;04;5;1;Depot;E09C;91;Heiß (>= 32° C);Tag;Klar;Nebraska;Sommer;Kollision;Brakes;Mechanical and Electrical Failures;EinzelneWagen, EinzelneWagen;44769.70056832641;Nicht Signifikant;False
2787;0786NP205;1986;7;10;42562.0;42562.0;6162.0;36400.0;2;0;0;0;0;0;0;0;5.944983747097401;147;0;53;0;0;5;11233.540913688857;03;6;2;Depot;H702;81;Warm (20° bis 31,99° C);Morgendämmerung;Wolkig;Nebraska;Sommer;Kollision;Switches, Use of;Human Factors;EinzelneWagen, Güterzug;36103.14700144202;Nicht Signifikant;False
2788;0786NP211;1986;7;21;8674.0;8674.0;674.0;8000.0;0;0;0;0;0;0;0;0;3.9542723449729715;2;2;2;0;0;2;400.3657678976058;04;6;2;Depot;H999;77;Warm (20° bis 31,99° C);Tag;Wolkig;Nebraska;Sommer;Kollision;Miscellaneous;Human Factors;EinzelneWagen, EinzelneWagen;7357.706336415302;Nicht Signifikant;False
2789;0786TX203;1986;7;25;6006.0;6006.0;6.0;6000.0;0;0;0;0;0;0;0;0;3.9771361724864858;3;0;1;0;0;0;511.27857816410597;03;5;1;Depot;T305;98;Heiß (>= 32° C);Tag;Klar;Texas;Sommer;Kollision;Frogs, Switches and Track Appliances;Track, Roadbed and Structures;EinzelneWagen, EinzelneWagen, EinzelneWagen, EinzelneWagen;5094.57969293409;Nicht Signifikant;False
2790;0786WY012;1986;7;10;902797.0;902797.0;72000.0;830797.0;6;3;1;2;0;0;0;0;17.889252159843984;150;10;44;0;0;0;19426.0;03;1;4;Hauptstrecke;H821;56;Moderat (0° bis 19,99° C);Tag;Nebel;Nebraska;Sommer;Kollision;Cab Signals;Human Factors;Güterzug, Güterzug;765796.0810925439;Schwer;False
2791;078703601;1987;7;13;17000.0;17000.0;0.0;17000.0;7;0;0;0;0;0;0;0;17.889252159843984;24;0;4;0;0;2;2265.8899735913355;03;1;3;Hauptstrecke;H699;75;Warm (20° bis 31,99° C);Tag;Klar;Kentucky;Sommer;Kollision;Speed;Human Factors;Güterzug, Lokomotive;14420.222241072186;Nicht Signifikant;False
2792;078703602;1987;7;17;140000.0;140000.0;20000.0;120000.0;4;0;0;0;0;0;0;0;5.0;141;3;102;0;0;38;18311.423644723465;01;7;1;Depot;T101;78;Warm (20° bis 31,99° C);Tag;Klar;Tennessee;Sommer;Entgleisung;Track Geometry;Track, Roadbed and Structures;Depot/Rangieren, Güterzug;118754.77139706505;Nicht Signifikant;False
2793;078709603;1987;7;26;9050.0;9050.0;50.0;9000.0;2;0;0;0;0;0;0;0;5.5;54;4;69;0;0;0;8391.919340312083;04;7;2;Depot;H020;93;Heiß (>= 32° C);Tag;Wolkig;Tennessee;Sommer;Kollision;Brakes, Use of;Human Factors;Depot/Rangieren, Depot/Rangieren;7676.647722453134;Nicht Signifikant;False
2794;078723159;1987;7;15;160050.0;160050.0;1050.0;159000.0;3;1;0;1;0;0;0;0;19.879963561968417;76;3;6;0;0;4;5516.1454164105435;03;6;1;Industriestrecke;M503;60;Moderat (0° bis 19,99° C);Tag;Klar;Michigan;Sommer;Kollision;Other Miscellaneous;Miscellaneous Causes;EinzelneWagen, Güterzug;135762.151157859;Signifikant;True
2795;0787AR203;1987;7;15;9500.0;9500.0;0.0;9500.0;5;1;0;0;0;0;0;0;4.0;9;0;12;0;0;0;1368.647398120594;04;7;1;Depot;H306;84;Warm (20° bis 31,99° C);Abend;Klar;Arkansas;Sommer;Kollision;General Switching Rules;Human Factors;Depot/Rangieren, Güterzug;8058.3594876579855;Nicht Signifikant;False
2796;0787AR207;1987;7;23;23700.0;23700.0;300.0;23400.0;5;0;0;0;0;0;0;0;4.5;51;1;127;0;0;3;9644.652570183065;04;6;1;Depot;H020;89;Warm (20° bis 31,99° C);Tag;Regen;Tennessee;Sommer;Kollision;Brakes, Use of;Human Factors;EinzelneWagen, Güterzug;20103.48630078887;Nicht Signifikant;False
2797;0787AR208;1987;7;25;75200.0;75200.0;200.0;75000.0;4;1;0;0;0;0;0;0;4.0;26;0;5;0;0;0;2950.8899735913355;04;7;1;Depot;H306;85;Warm (20° bis 31,99° C);Tag;Wolkig;Arkansas;Sommer;Kollision;General Switching Rules;Human Factors;Depot/Rangieren, Depot/Rangieren;63788.277207566374;Nicht Signifikant;False
2798;0787AR211;1987;7;4;16200.0;16200.0;0.0;16200.0;2;0;0;0;0;0;0;0;5.5;20;1;7;0;0;1;2272.4048226498526;04;7;1;Depot;T306;85;Warm (20° bis 31,99° C);Morgendämmerung;Klar;Arkansas;Sommer;Kollision;Frogs, Switches and Track Appliances;Track, Roadbed and Structures;Depot/Rangieren, EinzelneWagen;13741.623547374671;Nicht Signifikant;False
2799;0787IL204;1987;7;6;25100.0;25100.0;21400.0;3700.0;2;0;0;0;0;0;0;0;4.949628046035187;27;0;40;0;0;3;4447.306292357264;04;6;1;Depot;H018;88;Warm (20° bis 31,99° C);Tag;Klar;Missouri;Sommer;Kollision;Brakes, Use of;Human Factors;EinzelneWagen, Güterzug;21291.03401475952;Nicht Signifikant;False
2800;0787LA202;1987;7;11;23500.0;23500.0;0.0;23500.0;4;0;0;0;0;0;0;0;4.949628046035187;51;0;55;0;0;2;7568.0;04;7;1;Depot;H306;90;Heiß (>= 32° C);Tag;Wolkig;Louisiana;Sommer;Kollision;General Switching Rules;Human Factors;Depot/Rangieren, Güterzug;19933.83662736449;Nicht Signifikant;False
2801;0787OR010;1987;7;17;161833.0;161833.0;4000.0;157833.0;13;0;0;3;0;0;0;0;4.966418697356791;119;1;87;0;0;5;16540.889973591336;01;1;3;Hauptstrecke;H401;65;Moderat (0° bis 19,99° C);Abend;Klar;Oregon;Sommer;Entgleisung;Main Track Authority;Human Factors;Güterzug, Güterzug, Lokomotive;137274.57799643735;Signifikant;False
2802;078801044;1988;7;29;35470.0;35470.0;1500.0;33970.0;4;0;0;0;0;0;0;0;4.0;97;2;107;0;0;6;14410.114308808574;04;7;1;Depot;H305;80;Warm (20° bis 31,99° C);Tag;Wolkig;Georgia;Sommer;Kollision;General Switching Rules;Human Factors;Depot/Rangieren, Depot/Rangieren;30087.369581813553;Nicht Signifikant;False
2803;078803016;1988;7;9;272090.0;272090.0;25000.0;247090.0;6;1;0;1;0;0;0;0;8.0;64;2;40;0;0;6;7134.889973591336;01;1;2;Depot;H505;90;Heiß (>= 32° C);Tag;Klar;Ohio;Sommer;Entgleisung;Train Handling/Train Makeup;Human Factors;Güterzug, Lokomotive;230799.89821019594;Signifikant;False
2804;078821005;1988;7;6;32900.0;32900.0;13200.0;19700.0;4;0;0;0;0;0;0;0;17.889252159843984;113;0;30;0;0;3;13606.919671708369;01;6;3;Hauptstrecke;H503;85;Warm (20° bis 31,99° C);Abend;Klar;Illinois;Sommer;Entgleisung;Train Handling/Train Makeup;Human Factors;EinzelneWagen, Güterzug;27907.37127831029;Nicht Signifikant;False
2805;078821014;1988;7;14;13400.0;13400.0;0.0;13400.0;4;2;0;1;0;0;0;0;5.0;0;0;0;0;0;0;69.7799471826711;04;8;1;Depot;H702;100;Heiß (>= 32° C);Tag;Klar;Illinois;Sommer;Kollision;Switches, Use of;Human Factors;Lokomotive, Lokomotive;11366.52811943337;Signifikant;False
2806;078823046;1988;7;28;516000.0;516000.0;0.0;490000.0;6;4;1;3;0;0;0;0;37.0;153;15;38;0;0;2;18400.0;04;1;3;Hauptstrecke;M404;70;Warm (20° bis 31,99° C);Tag;Klar;Ohio;Sommer;Kollision;Unusual Operational Situations;Miscellaneous Causes;Güterzug, Güterzug;437696.1574348969;Schwer;False
2807;0788LU205;1988;7;12;6575.0;6575.0;0.0;6575.0;2;0;0;0;0;0;0;0;2.958916643910756;39;0;7;0;0;0;4719.44437530067;04;7;1;Depot;H306;87;Warm (20° bis 31,99° C);Tag;Klar;Louisiana;Sommer;Kollision;General Switching Rules;Human Factors;Depot/Rangieren, Depot/Rangieren;5577.233013826448;Nicht Signifikant;False
2808;0788NL007;1988;7;25;7974.0;7974.0;0.0;7974.0;5;1;0;0;0;0;0;0;7.935695149221832;0;0;0;0;0;0;69.7799471826711;03;8;1;Depot;H401;79;Warm (20° bis 31,99° C);Morgendämmerung;Klar;Arkansas;Sommer;Kollision;Main Track Authority;Human Factors;Lokomotive, Lokomotive;6763.932479429976;Nicht Signifikant;False
2809;0788RR202;1988;7;2;40700.0;40700.0;0.0;40700.0;2;0;0;0;0;0;0;0;3.9542723449729715;18;1;0;0;0;0;2035.8306844109923;01;4;1;Depot;H307;92;Heiß (>= 32° C);Tag;Klar;Texas;Sommer;Entgleisung;General Switching Rules;Human Factors;Arbeitszug, EinzelneWagen;34523.70854186106;Nicht Signifikant;False
2810;0788RR211;1988;7;23;9200.0;9200.0;700.0;8500.0;0;0;0;0;0;0;0;0;0.0;3;1;0;0;0;0;430.66126176826003;04;5;1;Industriestrecke;M503;98;Heiß (>= 32° C);Tag;Klar;Texas;Sommer;Kollision;Other Miscellaneous;Miscellaneous Causes;EinzelneWagen, EinzelneWagen;7803.884977521418;Nicht Signifikant;False
2811;0788SP202;1988;7;20;10164.0;10164.0;614.0;9550.0;0;0;0;0;0;0;0;0;5.5;3;0;7;0;0;4;630.0972307249931;04;6;1;Depot;M407;75;Warm (20° bis 31,99° C);Tag;Klar;Oregon;Sommer;Kollision;Unusual Operational Situations;Miscellaneous Causes;EinzelneWagen, EinzelneWagen;8621.596403426924;Nicht Signifikant;False
2812;0788UT216;1988;7;6;13500.0;13500.0;0.0;13500.0;1;0;0;0;0;0;0;0;3.5;21;1;0;0;0;0;2478.2949032949127;04;7;2;Depot;H020;64;Moderat (0° bis 19,99° C);Morgendämmerung;Wolkig;Utah;Sommer;Kollision;Brakes, Use of;Human Factors;Depot/Rangieren, EinzelneWagen;11451.352956145558;Nicht Signifikant;False
2813;078901017;1989;7;7;21520.0;21520.0;150.0;21370.0;4;0;0;0;0;0;0;0;9.0;92;3;61;0;0;3;10977.949690986577;04;6;2;Hauptstrecke;H702;74;Warm (20° bis 31,99° C);Abend;Wolkig;Georgia;Sommer;Kollision;Switches, Use of;Human Factors;EinzelneWagen, Güterzug;18254.304860463144;Nicht Signifikant;False
2814;078901041;1989;7;30;18700.0;18700.0;0.0;18700.0;5;0;0;0;0;0;0;0;0.0;95;2;3;0;0;3;1533.549349475875;04;6;1;Depot;M404;83;Warm (20° bis 31,99° C);Abenddämmerung;Wolkig;Tennessee;Sommer;Kollision;Unusual Operational Situations;Miscellaneous Causes;EinzelneWagen, Güterzug;15862.244465179403;Nicht Signifikant;False
2815;078903002;1989;7;2;113900.0;113900.0;500.0;113400.0;2;1;0;0;0;0;0;0;30.0;0;0;116;0;0;6;3626.787873206673;09;6;3;Hauptstrecke;M404;80;Warm (20° bis 31,99° C);Tag;Wolkig;Virginia;Sommer;Kollision;Unusual Operational Situations;Miscellaneous Causes;EinzelneWagen, Güterzug;96615.48901518364;Nicht Signifikant;False
2816;078903038;1989;7;27;23500.0;23500.0;0.0;23500.0;10;0;0;0;0;0;0;0;3.9542723449729715;0;0;179;0;0;2;4891.889973591336;04;1;1;Depot;H017;85;Warm (20° bis 31,99° C);Tag;Klar;Kentucky;Sommer;Kollision;Brakes, Use of;Human Factors;Güterzug, Lokomotive;19933.83662736449;Nicht Signifikant;False
2817;078905025;1989;7;8;10800.0;10800.0;300.0;10500.0;2;0;0;0;0;0;0;0;3.0;19;0;9;0;0;2;2508.1487743762914;04;7;1;Depot;H403;63;Moderat (0° bis 19,99° C);Abend;Wolkig;North Carolina;Sommer;Kollision;Main Track Authority;Human Factors;Depot/Rangieren, Depot/Rangieren;9161.082364916447;Nicht Signifikant;False
2818;078912062;1989;7;12;11200.0;11200.0;0.0;11200.0;4;0;0;0;0;0;0;0;4.0;0;0;85;0;0;0;2657.724815116687;04;6;2;Depot;E32C;75;Warm (20° bis 31,99° C);Abend;Klar;Florida;Sommer;Kollision;Coupler and Draft System;Mechanical and Electrical Failures;EinzelneWagen, Güterzug;9500.381711765205;Nicht Signifikant;False
2819;078923016;1989;7;10;40300.0;40300.0;300.0;40000.0;1;0;0;0;0;0;0;0;4.949628046035187;63;1;8;0;0;2;7502.63808445049;03;7;1;Depot;H307;90;Heiß (>= 32° C);Tag;Klar;Ohio;Sommer;Kollision;General Switching Rules;Human Factors;Depot/Rangieren, EinzelneWagen;34184.4091950123;Nicht Signifikant;False
2820;078923043;1989;7;31;7800.0;7800.0;1000.0;6800.0;4;0;0;0;0;0;0;0;5.944983747097401;175;8;0;0;0;0;20801.013863647666;01;6;1;Depot;T221;82;Warm (20° bis 31,99° C);Tag;Klar;Ohio;Sommer;Entgleisung;Rail, Joint Bar and Rail Anchoring;Track, Roadbed and Structures;EinzelneWagen, Güterzug;6616.337263550768;Nicht Signifikant;False
2821;078927031;1989;7;31;25300.0;25300.0;100.0;25200.0;4;1;0;0;0;0;0;0;7.0;31;0;0;0;0;0;3596.2601075896837;04;1;1;Depot;H702;70;Warm (20° bis 31,99° C);Abend;Wolkig;Virginia;Sommer;Kollision;Switches, Use of;Human Factors;Güterzug, Lokomotive;21460.6836881839;Nicht Signifikant;False
2822;0789CA210;1989;7;13;9850.0;9850.0;1150.0;8700.0;2;0;0;0;0;0;0;0;5.0;24;0;78;0;0;5;5182.178305439006;04;7;1;Depot;H702;60;Moderat (0° bis 19,99° C);Abend;Klar;Kalifornien;Sommer;Kollision;Switches, Use of;Human Factors;Depot/Rangieren, Depot/Rangieren;8355.246416150649;Nicht Signifikant;False
2823;0789CA218;1989;7;17;281700.0;281700.0;259000.0;22700.0;5;0;0;0;0;0;0;0;4.949628046035187;84;5;1;0;0;1;11053.816418421731;01;5;1;Depot;H799;82;Warm (20° bis 31,99° C);Tag;Klar;Kalifornien;Sommer;Entgleisung;Switches, Use of;Human Factors;EinzelneWagen, Güterzug;238951.56501823734;Signifikant;False
2824;0789FW203;1989;7;8;16350.0;16350.0;0.0;16350.0;2;0;0;0;0;0;0;0;5.0;39;0;44;0;0;7;5856.32179544309;01;7;1;Depot;H999;84;Warm (20° bis 31,99° C);Abenddämmerung;Klar;Texas;Sommer;Entgleisung;Miscellaneous;Human Factors;Depot/Rangieren, EinzelneWagen;13868.860802442954;Nicht Signifikant;False
2825;0789FW211;1989;7;18;33290.0;33290.0;0.0;33290.0;2;0;0;0;0;0;0;0;4.949628046035187;120;3;40;0;0;4;15003.274560604292;01;7;1;Depot;H302;80;Warm (20° bis 31,99° C);Abend;Klar;Texas;Sommer;Entgleisung;General Switching Rules;Human Factors;Depot/Rangieren, EinzelneWagen;28238.188141487826;Nicht Signifikant;False
2826;0789FW214;1989;7;24;11000.0;11000.0;0.0;11000.0;0;0;0;0;0;0;0;0;4.949628046035187;14;3;0;0;0;0;1721.2110135857304;01;6;1;Depot;H314;75;Warm (20° bis 31,99° C);Abend;Klar;Texas;Sommer;Entgleisung;General Switching Rules;Human Factors;EinzelneWagen, EinzelneWagen;9330.732038340826;Nicht Signifikant;False
2827;0789FW215;1989;7;24;17420.0;17420.0;300.0;17120.0;3;0;0;0;0;0;0;0;9.926406551346263;9;0;2;0;0;2;1157.4496576067882;01;6;1;Depot;H017;80;Warm (20° bis 31,99° C);Abend;Klar;Texas;Sommer;Entgleisung;Brakes, Use of;Human Factors;EinzelneWagen, Lokomotive;14776.48655526338;Nicht Signifikant;False
2828;0789GR002;1989;7;12;27093.0;27093.0;0.0;27093.0;3;0;1;2;0;0;0;0;42.77314468639937;0;0;95;0;0;0;2962.188917226571;05;6;1;Nebenstrecke;M199;60;Moderat (0° bis 19,99° C);Tag;Wolkig;Wyoming;Sommer;Kollision;Environmental Conditions;Environmental Conditions;EinzelneWagen, Lokomotive;22981.593010433455;Schwer;True
2829;0789LU208;1989;7;9;38100.0;38100.0;200.0;37900.0;4;0;0;0;0;0;0;0;3.0;52;1;30;0;0;0;6918.167370031578;04;7;1;Depot;H306;82;Warm (20° bis 31,99° C);Abenddämmerung;Klar;Louisiana;Sommer;Kollision;General Switching Rules;Human Factors;Depot/Rangieren, Depot/Rangieren;32318.262787344134;Nicht Signifikant;False
2830;0789NL208;1989;7;11;15600.0;15600.0;7100.0;8500.0;4;2;0;0;0;0;0;0;8.0;18;2;7;0;0;0;2369.75654218187;04;7;1;Depot;H702;89;Warm (20° bis 31,99° C);Tag;Klar;Arkansas;Sommer;Kollision;Switches, Use of;Human Factors;Depot/Rangieren, Lokomotive;13232.674527101535;Nicht Signifikant;False
2831;0789UT202;1989;7;6;23000.0;23000.0;0.0;23000.0;0;0;0;0;0;0;0;0;29.83352057259057;1;1;1;0;0;1;235.07285754013844;02;5;1;Depot;M501;105;Heiß (>= 32° C);Tag;Klar;Nevada;Sommer;Kollision;Other Miscellaneous;Miscellaneous Causes;EinzelneWagen, EinzelneWagen;19509.712443803546;Nicht Signifikant;True
2832;079003026;1990;7;27;40800.0;40800.0;0.0;40800.0;5;1;0;3;0;0;0;0;25.0;90;0;1;0;0;0;7680.0;02;1;2;Hauptstrecke;H405;86;Warm (20° bis 31,99° C);Tag;Klar;Kentucky;Sommer;Kollision;Main Track Authority;Human Factors;Güterzug, Güterzug;34608.533378573244;Signifikant;False
2833;079003029;1990;7;8;27000.0;27000.0;500.0;26500.0;3;1;0;3;0;0;0;0;9.926406551346263;0;0;0;0;0;0;69.7799471826711;03;8;1;Depot;H702;65;Moderat (0° bis 19,99° C);Morgendämmerung;Klar;Kentucky;Sommer;Kollision;Switches, Use of;Human Factors;Lokomotive, Lokomotive;22902.705912291116;Signifikant;False
2834;079003044;1990;7;28;10674.0;10674.0;2600.0;8074.0;4;0;0;0;0;0;0;0;4.0;26;0;23;0;0;6;3736.6206275125664;04;7;1;Depot;H702;95;Heiß (>= 32° C);Tag;Klar;Kentucky;Sommer;Kollision;Switches, Use of;Human Factors;Depot/Rangieren, Depot/Rangieren;9054.203070659089;Nicht Signifikant;False
2835;079021041;1990;7;25;33550.0;33550.0;0.0;33550.0;3;0;0;0;0;0;0;0;6.0;40;0;52;0;0;0;5549.480428980477;04;1;2;Depot;H020;70;Warm (20° bis 31,99° C);Abend;Nebel;Indiana;Sommer;Kollision;Brakes, Use of;Human Factors;Güterzug, Güterzug;28458.732716939518;Nicht Signifikant;False
2836;079027025;1990;7;18;23200.0;23200.0;200.0;23000.0;4;0;0;0;0;0;0;0;3.9542723449729715;101;2;0;0;0;0;13148.0;04;1;1;Depot;H306;70;Warm (20° bis 31,99° C);Abend;Klar;West Virginia;Sommer;Kollision;General Switching Rules;Human Factors;Güterzug, Güterzug;19679.362117227924;Nicht Signifikant;False
2837;079027056;1990;7;30;40000.0;40000.0;500.0;39500.0;5;1;0;0;0;0;0;0;4.0;28;1;91;0;0;1;6046.700238819074;04;7;1;Depot;H403;70;Warm (20° bis 31,99° C);Abend;Klar;Kentucky;Sommer;Kollision;Main Track Authority;Human Factors;Depot/Rangieren, Depot/Rangieren;33929.93468487573;Nicht Signifikant;False