index;INCDTNO;YEAR4;MONTH;DAY;ACCDMG;INFRASTRUCTURE_DMG;TRKDMG;EQPDMG;LOCOMOTIVES1;LOCOMOTIVES2;RREMPKLD;RREMPINJ;PASSKLD;PASSINJ;OTHERKLD;OTHERINJ;SPEED;LOADF1;LOADF2;EMPTYF1;EMPTYP1;LOADP1;EMPTYF2;TONS;TYPE;TYPEQ;TRKCLAS;TYPTRK;ACCAUSE;TEMP;TEMP_CLUSTER;VISIBLTY;WEATHER;STATE;Jahreszeit;ACCIDENT_TYPE;ACCCAUSE_LVL1;ACCCAUSE_LVL2;EQUIPMENT_TYPE;ACCDMG_EUR;ACCTYPE;SPD_TOO_HIGH
2838;0790FW006;1990;7;26;76242.0;76242.0;200.0;76042.0;2;1;0;1;0;0;0;0;24.856742067279495;12;1;0;0;0;0;1454.4780825315863;04;7;1;Industriestrecke;H018;87;Warm (20° bis 31,99° C);Tag;Wolkig;Texas;Sommer;Kollision;Brakes, Use of;Human Factors;Depot/Rangieren, EinzelneWagen;64672.15200610738;Signifikant;True
2839;0790GR204;1990;7;9;9750.0;9750.0;0.0;9750.0;4;0;0;0;0;0;0;0;50.0;8;0;0;0;0;0;979.8393434167389;05;1;5;Hauptstrecke;M201;60;Moderat (0° bis 19,99° C);Abend;Klar;Wyoming;Sommer;Kollision;Loading Procedures;Loading;Güterzug, Güterzug;8270.42157943846;Nicht Signifikant;False
2840;0790NL215;1990;7;27;6200.0;6200.0;200.0;6000.0;0;0;0;0;0;0;0;0;4.949628046035187;2;2;0;0;0;0;336.5128782368152;04;5;1;Depot;T307;80;Warm (20° bis 31,99° C);Tag;Klar;Arkansas;Sommer;Kollision;Frogs, Switches and Track Appliances;Track, Roadbed and Structures;EinzelneWagen, EinzelneWagen;5259.139876155738;Nicht Signifikant;False
2841;0790RR201;1990;7;3;8100.0;8100.0;100.0;8000.0;4;0;0;0;0;0;0;0;0.9682052417863254;12;0;75;0;0;2;5164.300263591531;04;7;1;Depot;H306;90;Heiß (>= 32° C);Tag;Klar;Louisiana;Sommer;Kollision;General Switching Rules;Human Factors;Depot/Rangieren, Güterzug;6870.8117736873355;Nicht Signifikant;False
2842;0790SL207;1990;7;18;20700.0;20700.0;0.0;20700.0;3;0;0;0;0;0;0;0;5.0;6;0;22;0;0;4;1428.0656574775949;04;6;1;Depot;H099;76;Warm (20° bis 31,99° C);Tag;Klar;Missouri;Sommer;Kollision;Brakes, Use of;Human Factors;EinzelneWagen, Lokomotive;17558.74119942319;Nicht Signifikant;False
2843;079105050;1991;7;30;20650.0;20650.0;0.0;20650.0;0;0;0;0;0;0;0;0;5.0;8;0;13;0;0;0;1375.6426761595885;04;6;1;Depot;H020;85;Warm (20° bis 31,99° C);Morgendämmerung;Wolkig;South Carolina;Sommer;Kollision;Brakes, Use of;Human Factors;EinzelneWagen, EinzelneWagen;17516.328781067095;Nicht Signifikant;False
2844;0791SL007;1991;7;8;19250.0;19250.0;250.0;19000.0;3;0;0;0;0;0;0;0;9.926406551346263;47;3;0;0;0;0;5475.206023051261;01;5;4;Depot;E08C;93;Heiß (>= 32° C);Tag;Klar;Illinois;Sommer;Entgleisung;Brakes;Mechanical and Electrical Failures;EinzelneWagen, Güterzug;16328.781067096445;Nicht Signifikant;False
2845;079221033;1992;7;24;44200.0;44200.0;400.0;43800.0;4;0;0;1;0;0;0;0;7.935695149221832;94;2;117;0;0;3;14368.866033472463;01;7;2;Depot;M599;87;Warm (20° bis 31,99° C);Tag;Klar;Indiana;Sommer;Entgleisung;Other Miscellaneous;Miscellaneous Causes;Depot/Rangieren, Depot/Rangieren;37492.57782678768;Signifikant;False
2846;079222005;1992;7;6;10750.0;10750.0;250.0;10500.0;2;0;0;0;0;0;0;0;4.0;8;1;31;0;0;0;1943.2871009551934;04;7;1;Depot;H306;71;Warm (20° bis 31,99° C);Tag;Wolkig;Maryland;Sommer;Kollision;General Switching Rules;Human Factors;Depot/Rangieren, Depot/Rangieren;9118.669946560352;Nicht Signifikant;False
2847;079223032;1992;7;19;14650.0;14650.0;500.0;14150.0;2;0;0;0;0;0;0;0;9.0;25;2;83;0;0;0;5479.985689921799;04;7;1;Depot;H020;78;Warm (20° bis 31,99° C);Tag;Wolkig;Ohio;Sommer;Kollision;Brakes, Use of;Human Factors;Depot/Rangieren, EinzelneWagen;12426.838578335735;Nicht Signifikant;False
2848;0792AR015;1992;7;24;12500.0;12500.0;0.0;12500.0;4;0;0;0;0;0;0;0;1.9635609428485408;68;0;71;0;0;0;8100.09495709556;04;4;1;Depot;H306;88;Warm (20° bis 31,99° C);Tag;Klar;Arkansas;Sommer;Kollision;General Switching Rules;Human Factors;Arbeitszug, Güterzug;10603.104589023666;Nicht Signifikant;False
2849;0792CA024;1992;7;31;35000.0;35000.0;500.0;34500.0;5;0;0;1;0;0;0;0;49.740634593834876;88;1;57;0;0;4;13189.0;04;1;3;Hauptstrecke;H306;72;Warm (20° bis 31,99° C);Abend;Klar;Kalifornien;Sommer;Kollision;General Switching Rules;Human Factors;Güterzug, Güterzug;29688.692849266263;Signifikant;True
2850;0792CR016;1992;7;21;33602.0;33602.0;500.0;33102.0;6;0;0;1;0;0;0;0;14.903185056657339;62;0;31;0;0;4;7681.0;04;1;1;Hauptstrecke;H603;68;Warm (20° bis 31,99° C);Abend;Klar;Oregon;Sommer;Kollision;Speed;Human Factors;Güterzug, Güterzug;28502.841632029857;Signifikant;True
2851;0792FR019;1992;7;29;26000.0;26000.0;500.0;25500.0;2;0;0;0;0;0;0;0;4.949628046035187;22;0;71;0;0;6;3907.0;01;7;1;Depot;T403;95;Heiß (>= 32° C);Tag;Klar;Kalifornien;Sommer;Entgleisung;Other Way and Structure;Track, Roadbed and Structures;Depot/Rangieren, Depot/Rangieren;22054.457545169225;Nicht Signifikant;False
2852;0792NL007;1992;7;15;18200.0;18200.0;100.0;18100.0;2;0;0;0;0;0;0;0;10.0;60;0;20;0;0;2;7507.1136923967615;01;7;1;Depot;H799;85;Warm (20° bis 31,99° C);Abend;Klar;Arkansas;Sommer;Entgleisung;Switches, Use of;Human Factors;Depot/Rangieren, Depot/Rangieren;15438.120281618458;Nicht Signifikant;False
2853;079300;1993;7;3;11850.0;11850.0;0.0;11850.0;3;0;0;0;0;0;0;0;4.949628046035187;9;0;18;0;0;1;1657.5593922438054;01;7;1;Depot;M404;73;Warm (20° bis 31,99° C);Abend;Klar;Alabama;Sommer;Entgleisung;Unusual Operational Situations;Miscellaneous Causes;Depot/Rangieren, EinzelneWagen;10051.743150394435;Nicht Signifikant;False
2854;079321023;1993;7;23;246100.0;246100.0;1000.0;245100.0;4;3;0;0;0;0;0;0;15.898540757719555;102;4;6;0;0;1;13528.394298234052;03;6;2;Hauptstrecke;H404;80;Warm (20° bis 31,99° C);Abend;Regen;Indiana;Sommer;Kollision;Main Track Authority;Human Factors;EinzelneWagen, Güterzug;208753.92314869794;Signifikant;False
2855;0793CR026;1993;7;24;67980.0;67980.0;64580.0;3400.0;1;0;0;0;0;0;0;0;5.944983747097401;16;1;16;0;0;2;2626.6178070572846;01;7;1;Depot;H702;70;Warm (20° bis 31,99° C);Tag;Klar;Oregon;Sommer;Entgleisung;Switches, Use of;Human Factors;Depot/Rangieren, EinzelneWagen;57663.9239969463;Nicht Signifikant;False
2856;0793RR012;1993;7;18;40060.0;40060.0;6910.0;33150.0;4;0;0;0;0;0;0;0;4.949628046035187;24;3;12;0;0;0;3222.830684410992;04;6;2;Hauptstrecke;H306;90;Heiß (>= 32° C);Tag;Klar;Texas;Sommer;Kollision;General Switching Rules;Human Factors;EinzelneWagen, Güterzug;33980.82958690304;Nicht Signifikant;False
2857;0793VB006;1993;7;12;130040.0;130040.0;57990.0;72050.0;5;0;0;0;0;0;0;0;12.5;136;6;6;0;0;0;15208.0;01;1;2;Industriestrecke;T314;90;Heiß (>= 32° C);Tag;Klar;Oklahoma;Sommer;Entgleisung;Frogs, Switches and Track Appliances;Track, Roadbed and Structures;Güterzug, Güterzug;110306.217660531;Nicht Signifikant;False
2858;079494;1993;7;31;6500.0;6500.0;0.0;6500.0;2;0;0;0;0;0;0;0;5.0;64;2;16;0;0;0;7210.0;04;1;1;Depot;H401;80;Warm (20° bis 31,99° C);Tag;Klar;Alabama;Sommer;Kollision;Main Track Authority;Human Factors;Güterzug, Güterzug;5513.614386292306;Nicht Signifikant;False
2859;0794HO015;1994;7;18;20750.0;20750.0;250.0;20500.0;2;0;0;0;0;0;0;0;5.944983747097401;0;0;48;0;0;3;1830.8164184217308;01;5;1;Depot;H704;78;Warm (20° bis 31,99° C);Abend;Wolkig;Louisiana;Sommer;Entgleisung;Switches, Use of;Human Factors;EinzelneWagen, Güterzug;17601.153617779284;Nicht Signifikant;False
2860;0794HO025;1994;7;2;9186.0;9186.0;100.0;9086.0;3;0;0;0;0;0;0;0;2.958916643910756;10;0;5;0;0;0;1128.647398120594;04;5;1;Depot;H306;79;Warm (20° bis 31,99° C);Abend;Wolkig;Texas;Sommer;Kollision;General Switching Rules;Human Factors;EinzelneWagen, Güterzug;7792.009500381711;Nicht Signifikant;False
2861;0794VB016;1994;7;1;18050.0;18050.0;4000.0;14050.0;0;0;0;0;0;0;0;0;0.0;86;1;189;0;0;4;15737.48908682516;04;6;1;Hauptstrecke;M105;85;Warm (20° bis 31,99° C);Abend;Regen;Kansas;Sommer;Kollision;Environmental Conditions;Environmental Conditions;EinzelneWagen, EinzelneWagen, EinzelneWagen, EinzelneWagen, EinzelneWagen;15310.883026550173;Nicht Signifikant;False
2862;0794VB028;1994;7;25;11450.0;11450.0;2500.0;8950.0;2;0;0;0;0;0;0;0;6.940339448159618;91;6;46;0;0;1;9966.28566108492;01;6;1;Nebenstrecke;T110;94;Heiß (>= 32° C);Tag;Klar;Kansas;Sommer;Entgleisung;Track Geometry;Track, Roadbed and Structures;EinzelneWagen, Güterzug;9712.443803545677;Nicht Signifikant;False
2863;079501;1995;7;1;15781.0;15781.0;500.0;15281.0;5;0;0;0;0;0;0;0;2.5;37;1;89;0;0;0;7008.144204541018;05;7;1;Depot;H212;70;Warm (20° bis 31,99° C);Abend;Klar;Illinois;Sommer;Kollision;Flagging, Fixed, Hand and Radio Signals;Human Factors;Depot/Rangieren, Güterzug;13386.207481550597;Nicht Signifikant;False
2864;079505029;1995;7;28;10450.0;10450.0;0.0;10450.0;1;0;0;0;0;0;0;0;2.958916643910756;9;0;2;0;0;0;1239.9196717083694;04;6;1;Depot;H702;87;Warm (20° bis 31,99° C);Tag;Klar;North Carolina;Sommer;Kollision;Switches, Use of;Human Factors;EinzelneWagen, Güterzug;8864.195436423784;Nicht Signifikant;False
2865;079506024;1995;7;22;29000.0;29000.0;1000.0;28000.0;2;0;0;0;0;0;0;0;2.0;15;0;21;0;0;4;2421.4360680299324;04;7;1;Depot;H305;98;Heiß (>= 32° C);Tag;Klar;Georgia;Sommer;Kollision;General Switching Rules;Human Factors;Depot/Rangieren, EinzelneWagen;24599.202646534904;Nicht Signifikant;False
2866;0795FW001;1995;7;3;12533.0;12533.0;0.0;12533.0;3;0;0;0;0;0;0;0;0.9682052417863254;22;1;6;0;0;1;2776.2108237095085;04;7;1;Depot;H302;90;Heiß (>= 32° C);Tag;Klar;Texas;Sommer;Kollision;General Switching Rules;Human Factors;Depot/Rangieren, EinzelneWagen;10631.096785138689;Nicht Signifikant;False
2867;0795FW008;1995;7;15;39575.0;39575.0;2000.0;37575.0;4;1;0;0;0;0;0;0;6.0;92;3;38;0;0;0;12580.0;01;7;1;Depot;H399;102;Heiß (>= 32° C);Tag;Klar;Texas;Sommer;Entgleisung;General Switching Rules;Human Factors;Depot/Rangieren, Depot/Rangieren;33569.429128848926;Nicht Signifikant;False
2868;0795HO012;1995;7;26;6670.0;6670.0;500.0;6170.0;2;0;0;0;0;0;0;0;1.9635609428485408;0;0;26;0;0;6;932.1670346008241;01;7;1;Depot;H018;101;Heiß (>= 32° C);Tag;Klar;Arkansas;Sommer;Entgleisung;Brakes, Use of;Human Factors;Depot/Rangieren, EinzelneWagen;5657.816608703028;Nicht Signifikant;False
2869;0795HO023;1995;7;6;9509.0;9509.0;5400.0;4109.0;0;0;0;0;0;0;0;0;0.0;5;3;0;0;0;0;697.3941928224042;01;5;1;Industriestrecke;M502;92;Heiß (>= 32° C);Tag;Wolkig;Texas;Sommer;Entgleisung;Other Miscellaneous;Miscellaneous Causes;EinzelneWagen, EinzelneWagen;8065.993722962083;Nicht Signifikant;False
2870;0795LA016;1995;7;29;18800.0;18800.0;300.0;18500.0;2;1;0;0;0;0;0;0;9.926406551346263;1;1;0;0;0;0;203.14641270974315;01;5;1;Depot;H307;55;Moderat (0° bis 19,99° C);Abend;Klar;Nevada;Sommer;Entgleisung;General Switching Rules;Human Factors;EinzelneWagen, Lokomotive;15947.069301891594;Nicht Signifikant;False
2871;0795TC002;1995;7;2;68100.0;68100.0;900.0;67200.0;3;0;0;0;0;0;0;0;8.0;179;0;87;0;0;2;23084.156695514743;04;7;1;Depot;H307;70;Warm (20° bis 31,99° C);Abend;Klar;Iowa;Sommer;Kollision;General Switching Rules;Human Factors;Depot/Rangieren, Depot/Rangieren;57765.71380100093;Nicht Signifikant;False
2872;0795VB008;1995;7;13;95359.0;95359.0;200.0;95159.0;3;0;0;0;0;0;0;0;2.958916643910756;9;3;112;0;0;0;3800.0;01;7;1;Depot;H020;95;Heiß (>= 32° C);Abend;Wolkig;Kansas;Sommer;Entgleisung;Brakes, Use of;Human Factors;Depot/Rangieren, Güterzug;80888.11604037661;Nicht Signifikant;False
2873;079605005;1996;7;5;192500.0;192500.0;500.0;192000.0;3;0;0;1;0;0;0;0;4.0;82;1;18;0;0;0;9965.533183377469;04;7;1;Depot;H306;64;Moderat (0° bis 19,99° C);Abend;Klar;Virginia;Sommer;Kollision;General Switching Rules;Human Factors;Depot/Rangieren, Depot/Rangieren;163287.81067096445;Signifikant;False
2874;079622029;1996;7;21;773470.0;773470.0;9000.0;728470.0;5;0;0;0;0;0;0;0;33.0;116;29;118;0;0;21;17058.70896440588;01;1;3;Hauptstrecke;M599;83;Warm (20° bis 31,99° C);Tag;Klar;Virginia;Sommer;Entgleisung;Other Miscellaneous;Miscellaneous Causes;Güterzug, Güterzug, Güterzug;656094.6645177708;Signifikant;False
2875;079624;1993;8;16;35000.0;35000.0;4500.0;30500.0;3;0;0;0;0;0;0;0;6.0;74;2;77;0;0;3;10510.0;01;1;1;Depot;H702;72;Warm (20° bis 31,99° C);Abend;Wolkig;Ohio;Sommer;Entgleisung;Switches, Use of;Human Factors;Güterzug, Güterzug;29688.692849266263;Nicht Signifikant;False
2876;0796HO003;1996;7;3;10349.0;10349.0;0.0;10349.0;2;0;0;0;0;0;0;0;5.944983747097401;31;3;3;0;0;0;4224.989370172551;01;6;1;Depot;H702;95;Heiß (>= 32° C);Tag;Wolkig;Texas;Sommer;Entgleisung;Switches, Use of;Human Factors;EinzelneWagen, Güterzug;8778.522351344473;Nicht Signifikant;False
2877;0796HO013;1996;7;16;15295.0;15295.0;0.0;15295.0;4;0;0;2;0;0;0;0;3.9542723449729715;3;0;1;0;0;0;650.0;04;7;1;Depot;E08C;80;Warm (20° bis 31,99° C);Abend;Wolkig;Louisiana;Sommer;Kollision;Brakes;Mechanical and Electrical Failures;Depot/Rangieren, Güterzug;12973.958775129357;Signifikant;False
2878;0796HO033;1996;7;26;86433.0;86433.0;50.0;86383.0;8;0;0;0;0;0;0;0;9.0;147;0;93;0;0;0;20597.0;04;1;1;Depot;H307;84;Warm (20° bis 31,99° C);Abend;Klar;Louisiana;Sommer;Kollision;General Switching Rules;Human Factors;Güterzug, Güterzug;73316.6511154466;Nicht Signifikant;False
2879;0796LK002;1996;7;6;49312.0;49312.0;8000.0;41312.0;7;1;0;0;0;0;0;0;12.91247365453291;91;0;55;0;0;6;10408.0;01;1;2;Depot;M502;75;Warm (20° bis 31,99° C);Morgendämmerung;Wolkig;Arkansas;Sommer;Entgleisung;Other Miscellaneous;Miscellaneous Causes;Güterzug, Güterzug;41828.8234795148;Nicht Signifikant;False
2880;0796LK012;1996;7;23;9154.0;9154.0;750.0;8404.0;0;0;0;0;0;0;0;0;4.949628046035187;33;7;8;0;0;1;4206.08955994021;01;6;1;Depot;T104;85;Warm (20° bis 31,99° C);Abenddämmerung;Klar;Arkansas;Sommer;Entgleisung;Track Geometry;Track, Roadbed and Structures;EinzelneWagen, EinzelneWagen;7764.865552633811;Nicht Signifikant;False
2881;0796PC013;1996;7;19;474500.0;474500.0;249500.0;225000.0;15;2;0;1;0;0;0;0;18.0;139;5;2;0;0;0;17885.0;04;1;2;Hauptstrecke;H215;72;Warm (20° bis 31,99° C);Tag;Klar;Oregon;Sommer;Kollision;Flagging, Fixed, Hand and Radio Signals;Human Factors;Güterzug, Güterzug;402493.85019933834;Signifikant;False
2882;0796SA019;1996;7;18;44679.0;44679.0;0.0;44679.0;2;0;0;1;0;0;0;0;3.0;0;0;0;0;0;0;69.7799471826711;04;8;1;Depot;H306;90;Heiß (>= 32° C);Abend;Klar;Texas;Sommer;Kollision;General Switching Rules;Human Factors;Lokomotive, Lokomotive;37898.88879463907;Signifikant;False
2883;079707010;1997;7;12;201238.0;201238.0;8000.0;193238.0;6;0;0;0;0;0;0;0;29.0;36;2;34;0;0;5;5475.0;05;1;3;Hauptstrecke;M204;80;Warm (20° bis 31,99° C);Abenddämmerung;Klar;Illinois;Sommer;Kollision;Loading Procedures;Loading;Güterzug, Güterzug;170699.80490287556;Signifikant;False
2884;079773;2003;9;2;7500.0;7500.0;0.0;7500.0;2;0;0;0;0;0;0;0;5.0;0;0;0;2;0;0;108.32280198372803;04;7;1;Depot;H399;80;Warm (20° bis 31,99° C);Abenddämmerung;Regen;District of Columbia;Sommer;Kollision;General Switching Rules;Human Factors;Depot/Rangieren, Lokomotive;6913.079546501982;Nicht Signifikant;False
2885;0797FW015;1997;7;4;31795.0;31795.0;500.0;31295.0;4;3;0;0;0;0;0;0;10.0;65;6;38;0;0;0;9078.0;04;7;1;Depot;H025;78;Warm (20° bis 31,99° C);Abend;Klar;Texas;Sommer;Kollision;Brakes, Use of;Human Factors;Depot/Rangieren, Depot/Rangieren;26970.056832640596;Nicht Signifikant;False
2886;0797FW031;1997;7;24;58669.0;58669.0;10300.0;48369.0;4;0;0;0;0;0;0;0;10.0;83;3;55;0;0;4;6852.0;01;7;2;Depot;S011;85;Warm (20° bis 31,99° C);Abend;Klar;Texas;Sommer;Entgleisung;SIGNAL AND COMMUNICATION;Signal and Communication;Depot/Rangieren, Depot/Rangieren;49765.88345067435;Nicht Signifikant;False
2887;0797KC003;1997;7;8;19000.0;19000.0;0.0;19000.0;8;0;0;0;0;0;0;0;4.949628046035187;24;0;22;0;0;0;3652.0;04;7;1;Nebenstrecke;M599;72;Warm (20° bis 31,99° C);Abend;Wolkig;Kansas;Sommer;Kollision;Other Miscellaneous;Miscellaneous Causes;Depot/Rangieren, Depot/Rangieren;16116.718975315971;Nicht Signifikant;False
2888;0797KC015;1997;7;2;2815710.0;2815710.0;641000.0;2174710.0;8;0;1;1;0;0;0;0;37.5;59;24;51;0;0;0;10253.0;02;1;3;Hauptstrecke;M505;65;Moderat (0° bis 19,99° C);Tag;Klar;Kansas;Sommer;Kollision;Other Miscellaneous;Miscellaneous Causes;Güterzug, Güterzug;2388421.409788786;Schwer;False
2889;0797SA004;1997;7;16;131600.0;131600.0;42000.0;89600.0;5;2;0;0;0;0;0;0;35.805654778963856;111;7;116;0;0;5;18602.0;01;1;3;Depot;T220;80;Warm (20° bis 31,99° C);Tag;Klar;Texas;Sommer;Entgleisung;Rail, Joint Bar and Rail Anchoring;Track, Roadbed and Structures;Güterzug, Güterzug;111629.48511324116;Nicht Signifikant;False
2890;079821009;1998;7;8;14300.0;14300.0;100.0;14200.0;5;1;0;0;0;0;0;0;3.0;5;0;0;0;0;0;638.5670698289634;04;1;1;Depot;H401;85;Warm (20° bis 31,99° C);Tag;Wolkig;Indiana;Sommer;Kollision;Main Track Authority;Human Factors;Güterzug, Lokomotive;12129.951649843073;Nicht Signifikant;False
2891;079829006;1998;7;15;11950.0;11950.0;0.0;11950.0;3;1;0;0;0;0;0;0;7.0;38;14;31;0;0;10;6304.819077166009;01;1;1;Depot;H993;81;Warm (20° bis 31,99° C);Abend;Klar;Illinois;Sommer;Entgleisung;Miscellaneous;Human Factors;Güterzug, Güterzug;10136.567987106624;Nicht Signifikant;False
2892;079870;1993;9;15;209300.0;209300.0;35000.0;174300.0;5;0;0;0;0;0;0;0;13.5;48;23;177;0;0;9;10518.0;01;1;4;Hauptstrecke;E61C;71;Warm (20° bis 31,99° C);Tag;Klar;Georgia;Sommer;Entgleisung;Wheels;Mechanical and Electrical Failures;Güterzug, Güterzug;177538.38323861227;Signifikant;False
2893;0798CE002;1998;7;2;28968.0;28968.0;3200.0;25768.0;8;2;0;2;0;0;0;0;11.917117953470694;218;2;0;0;0;0;20600.0;01;1;4;Hauptstrecke;H605;65;Moderat (0° bis 19,99° C);Abend;Klar;Utah;Sommer;Entgleisung;Speed;Human Factors;Güterzug, Güterzug;24572.058698787005;Signifikant;False
2894;0798HO041;1998;7;16;13461.0;13461.0;400.0;13061.0;2;1;0;0;0;0;0;0;3.5;12;2;0;0;0;0;1474.0871235293998;04;6;1;Depot;H605;85;Warm (20° bis 31,99° C);Abend;Klar;Texas;Sommer;Kollision;Speed;Human Factors;EinzelneWagen, Lokomotive;11418.271269827805;Nicht Signifikant;False
2895;0798MT004;1998;7;10;94500.0;94500.0;45000.0;49500.0;5;0;0;0;0;0;0;0;2.958916643910756;80;4;0;0;0;0;11076.0;01;4;1;Depot;H306;90;Heiß (>= 32° C);Abend;Klar;Texas;Sommer;Entgleisung;General Switching Rules;Human Factors;Arbeitszug, Güterzug;80159.47069301891;Nicht Signifikant;False
2896;0798NP003;1998;7;6;86144.0;86144.0;0.0;86144.0;6;0;0;0;0;0;0;0;7.0;0;0;116;0;0;0;2586.8899735913355;04;1;1;Depot;H702;86;Warm (20° bis 31,99° C);Tag;Wolkig;Nebraska;Sommer;Kollision;Switches, Use of;Human Factors;Güterzug, Lokomotive;73071.50733734838;Nicht Signifikant;False
2897;0798TC019;1998;7;28;625509.0;625509.0;200000.0;425509.0;2;0;0;0;0;0;0;0;28.838164871528356;77;18;7;0;0;7;10755.47448398532;01;6;3;Hauptstrecke;E53C;80;Warm (20° bis 31,99° C);Tag;Klar;Wisconsion;Sommer;Entgleisung;Axles and Journal Bearings;Mechanical and Electrical Failures;EinzelneWagen, Güterzug;530586.9878700483;Signifikant;False
2898;079905032;1999;7;22;21000.0;21000.0;2000.0;19000.0;2;0;0;0;0;0;0;0;7.0;37;1;5;0;0;0;4069.590572163178;01;6;1;Depot;H704;95;Heiß (>= 32° C);Tag;Klar;North Carolina;Sommer;Entgleisung;Switches, Use of;Human Factors;EinzelneWagen, Güterzug;20001.904943327936;Nicht Signifikant;False
2899;079923034;1999;7;17;58550.0;58550.0;150.0;58400.0;2;0;0;0;0;0;0;0;1.0;46;1;15;0;0;1;5780.406704310607;05;7;1;Depot;H525;78;Warm (20° bis 31,99° C);Abenddämmerung;Klar;Ohio;Sommer;Kollision;Train Handling/Train Makeup;Human Factors;Depot/Rangieren, Depot/Rangieren;57495.90834697218;Nicht Signifikant;False
2900;079923042;1999;7;28;13000.0;13000.0;1000.0;12000.0;3;1;0;0;0;0;0;0;4.0;58;1;75;0;0;0;8970.800376701607;04;7;1;Depot;H401;74;Warm (20° bis 31,99° C);Abend;Klar;Ohio;Sommer;Kollision;Main Track Authority;Human Factors;Depot/Rangieren, Depot/Rangieren;12260.680939356786;Nicht Signifikant;False
2901;0799CE004;1999;7;22;94506.0;94506.0;6000.0;88506.0;9;0;0;0;0;0;0;0;14.903185056657339;143;0;71;0;0;5;19555.0;03;1;4;Hauptstrecke;H215;47;Moderat (0° bis 19,99° C);Abend;Klar;Wyoming;Sommer;Kollision;Flagging, Fixed, Hand and Radio Signals;Human Factors;Güterzug, Güterzug;90014.28707495952;Nicht Signifikant;False
2902;0799LA002;1999;7;5;1059590.0;1059590.0;144586.0;915000.0;10;10;0;4;0;0;0;0;28.838164871528356;88;0;24;0;0;0;9361.0;02;1;3;Hauptstrecke;H401;65;Moderat (0° bis 19,99° C);Abend;Klar;Kalifornien;Sommer;Kollision;Main Track Authority;Human Factors;Güterzug, Güterzug;1035564.894448788;Signifikant;False
2903;0799PD004;1999;7;3;44597.0;44597.0;2500.0;42097.0;5;2;0;0;0;0;0;0;4.0;114;4;0;0;0;0;5774.889973591336;04;1;1;Depot;E0HL;55;Moderat (0° bis 19,99° C);Tag;Wolkig;Washington;Sommer;Kollision;Brakes;Mechanical and Electrical Failures;Güterzug, Lokomotive;43560.26567689001;Nicht Signifikant;False
2904;0799PD016;1999;7;16;8611.0;8611.0;200.0;8411.0;5;0;0;0;0;0;0;0;27.0;68;0;23;0;0;1;2659.866772042338;01;7;4;Depot;H399;58;Moderat (0° bis 19,99° C);Abend;Wolkig;Oregon;Sommer;Entgleisung;General Switching Rules;Human Factors;Depot/Rangieren, Güterzug;8440.501862379926;Nicht Signifikant;False
2905;0799UC011;1999;7;21;39974.0;39974.0;11000.0;28974.0;3;0;0;0;0;0;0;0;3.9542723449729715;0;0;140;0;0;4;4601.9943655953375;01;6;1;Industriestrecke;M503;97;Heiß (>= 32° C);Tag;Klar;Utah;Sommer;Entgleisung;Other Miscellaneous;Miscellaneous Causes;EinzelneWagen, Güterzug;38208.75549608105;Nicht Signifikant;False
2906;0799UC014;1999;7;31;12000.0;12000.0;0.0;12000.0;11;0;0;0;0;0;0;0;1.9635609428485408;0;0;0;0;0;0;69.7799471826711;04;8;2;Depot;H306;72;Warm (20° bis 31,99° C);Abend;Klar;Utah;Sommer;Kollision;General Switching Rules;Human Factors;Lokomotive, Lokomotive;11231.397997067357;Nicht Signifikant;False
2907;080001;1995;12;22;4206440.0;4206440.0;167087.0;4039350.0;8;6;3;3;0;0;0;0;37.51542979093291;150;53;26;0;0;1;18633.0;05;1;4;Hauptstrecke;M505;32;Moderat (0° bis 19,99° C);Abend;Klar;Illinois;Winter;Kollision;Other Miscellaneous;Miscellaneous Causes;Güterzug, Güterzug, Güterzug;3568105.861396217;Schwer;False
2908;080025;1993;10;3;23300.0;23300.0;600.0;22700.0;1;0;0;0;0;0;0;0;3.0;66;2;16;0;0;0;8012.746730613194;01;7;1;Depot;H305;63;Moderat (0° bis 19,99° C);Abend;Wolkig;Kentucky;Herbst;Entgleisung;General Switching Rules;Human Factors;Depot/Rangieren, EinzelneWagen;19764.186953940112;Nicht Signifikant;False
2909;0800CE001;2000;8;5;110424.0;110424.0;7000.0;103424.0;2;0;0;0;0;0;0;0;10.0;22;0;77;0;0;2;4815.0;04;1;3;Hauptstrecke;H403;65;Moderat (0° bis 19,99° C);Abend;Wolkig;Wyoming;Sommer;Kollision;Main Track Authority;Human Factors;Güterzug, Güterzug;122033.4487585648;Nicht Signifikant;False
2910;0800CM003;2000;8;10;15439.0;15439.0;0.0;15439.0;2;0;0;0;0;0;0;0;5.0;9;0;0;0;0;0;1159.8899735913355;04;7;1;Depot;H605;85;Warm (20° bis 31,99° C);Tag;Klar;Illinois;Sommer;Kollision;Speed;Human Factors;Depot/Rangieren, Lokomotive;17095.559738677886;Nicht Signifikant;False
2911;0800HO035;2000;8;16;310890.0;310890.0;159873.0;151017.0;4;0;0;0;0;0;0;0;4.5;80;7;136;0;0;0;14485.0;04;7;1;Depot;H306;80;Warm (20° bis 31,99° C);Abend;Klar;Texas;Sommer;Kollision;General Switching Rules;Human Factors;Depot/Rangieren, Depot/Rangieren;342691.7989417989;Signifikant;False
2912;0800KC021;2000;8;9;50880.0;50880.0;0.0;50880.0;4;1;0;0;0;0;0;0;3.0;32;0;35;0;0;0;4775.641889503537;04;7;1;Depot;H605;97;Heiß (>= 32° C);Tag;Klar;Missouri;Sommer;Kollision;Speed;Human Factors;Depot/Rangieren, Depot/Rangieren;56703.44366432631;Nicht Signifikant;False