index;INCDTNO;YEAR4;MONTH;DAY;ACCDMG;INFRASTRUCTURE_DMG;TRKDMG;EQPDMG;LOCOMOTIVES1;LOCOMOTIVES2;RREMPKLD;RREMPINJ;PASSKLD;PASSINJ;OTHERKLD;OTHERINJ;SPEED;LOADF1;LOADF2;EMPTYF1;EMPTYP1;LOADP1;EMPTYF2;TONS;TYPE;TYPEQ;TRKCLAS;TYPTRK;ACCAUSE;TEMP;TEMP_CLUSTER;VISIBLTY;WEATHER;STATE;Jahreszeit;ACCIDENT_TYPE;ACCCAUSE_LVL1;ACCCAUSE_LVL2;EQUIPMENT_TYPE;ACCDMG_EUR;ACCTYPE;SPD_TOO_HIGH
2913;0800LA010;2000;8;6;30100.0;30100.0;0.0;30100.0;6;1;0;0;0;0;0;0;4.949628046035187;13;0;0;0;0;0;1548.6264660630313;04;7;1;Depot;H306;70;Warm (20° bis 31,99° C);Abend;Klar;Kalifornien;Sommer;Kollision;General Switching Rules;Human Factors;Depot/Rangieren, Lokomotive;33199.74999080849;Nicht Signifikant;False
2914;0800WH015;2000;8;26;49994.0;49994.0;32710.0;17284.0;1;1;0;0;0;0;0;0;3.9542723449729715;45;0;32;0;0;3;6598.816418421731;01;7;1;Depot;T221;80;Warm (20° bis 31,99° C);Abend;Klar;Kansas;Sommer;Entgleisung;Rail, Joint Bar and Rail Anchoring;Track, Roadbed and Structures;Depot/Rangieren, EinzelneWagen;55448.26056416134;Nicht Signifikant;False
2915;080101014;2001;8;10;10300.0;10300.0;100.0;10200.0;2;0;0;0;0;0;0;0;5.0;7;1;18;0;0;1;1313.0661613755688;04;6;1;Depot;H306;91;Heiß (>= 32° C);Tag;Klar;Georgia;Sommer;Kollision;General Switching Rules;Human Factors;EinzelneWagen, Güterzug;11526.410026857655;Nicht Signifikant;False
2916;08010202;2008;1;2;919618.0;919618.0;81760.0;837858.0;6;0;0;0;0;0;0;0;13.907829355595124;140;13;23;0;0;0;18664.0;01;1;4;Hauptstrecke;T220;27;Kalt (-30° - 0,01° C);Abend;Klar;Louisiana;Winter;Entgleisung;Rail, Joint Bar and Rail Anchoring;Track, Roadbed and Structures;Güterzug, Güterzug;626101.5795206971;Signifikant;False
2917;080105012;2001;8;10;834287.0;834287.0;0.0;834287.0;2;0;0;0;0;0;0;0;10.0;1;0;1;0;0;1;215.46381654232488;04;7;1;Depot;H302;85;Warm (20° bis 31,99° C);Abend;Klar;South Carolina;Sommer;Kollision;General Switching Rules;Human Factors;Depot/Rangieren, EinzelneWagen;933624.6642793197;Signifikant;False
2918;080105029;2001;8;19;7443.0;7443.0;0.0;7443.0;2;0;0;0;0;0;0;0;2.0;1;1;6;0;0;1;387.3049085950805;01;7;1;Depot;H306;73;Warm (20° bis 31,99° C);Tag;Klar;South Carolina;Sommer;Entgleisung;General Switching Rules;Human Factors;Depot/Rangieren, EinzelneWagen;8138.577052048404;Nicht Signifikant;False
2919;080107013;2001;8;11;11640.0;11640.0;50.0;11590.0;0;0;0;0;0;0;0;0;6.0;1;0;1;0;0;1;166.81641842173087;03;5;1;Depot;H499;74;Warm (20° bis 31,99° C);Abend;Klar;Ohio;Sommer;Kollision;Main Track Authority;Human Factors;EinzelneWagen, EinzelneWagen;12999.29270744146;Nicht Signifikant;False
2920;08011003;2008;1;10;64000.0;64000.0;0.0;64000.0;0;0;0;0;0;0;0;0;17.889252159843984;0;0;5;0;0;0;425.33638380232395;03;A;2;Hauptstrecke;H402;65;Moderat (0° bis 19,99° C);Tag;Regen;Mississippi;Winter;Kollision;Main Track Authority;Human Factors;Wartungszug, Wartungszug;43650.25235302142;Nicht Signifikant;False
2921;080121029;2001;8;21;17170.0;17170.0;0.0;17170.0;1;0;0;0;0;0;0;0;3.0;21;0;0;0;0;0;2458.685862297099;05;7;2;Depot;H302;83;Warm (20° bis 31,99° C);Tag;Klar;Illinois;Sommer;Kollision;General Switching Rules;Human Factors;Depot/Rangieren, EinzelneWagen;18810.2541630149;Nicht Signifikant;False
2922;080129036;2001;8;31;387354.0;387354.0;1000.0;386354.0;4;0;0;0;0;0;0;0;2.0;54;0;184;0;0;11;12418.0;04;1;1;Depot;H999;65;Moderat (0° bis 19,99° C);Morgendämmerung;Klar;Illinois;Sommer;Kollision;Miscellaneous;Human Factors;Güterzug, Güterzug;422967.89692072506;Signifikant;False
2923;080130055;2001;8;22;11031.0;11031.0;200.0;10831.0;3;1;0;1;0;0;0;0;10.0;0;0;13;0;0;2;468.5433491643343;03;7;1;Depot;H306;80;Warm (20° bis 31,99° C);Tag;Klar;New York;Sommer;Kollision;General Switching Rules;Human Factors;Depot/Rangieren, Lokomotive;11969.401041666668;Signifikant;False
2924;080196;1996;8;1;23127.0;23127.0;1802.0;21325.0;5;0;0;0;0;0;0;0;5.0;24;1;34;0;0;4;5915.0;05;7;1;Depot;H306;81;Warm (20° bis 31,99° C);Tag;Klar;Illinois;Sommer;Kollision;General Switching Rules;Human Factors;Depot/Rangieren, Depot/Rangieren;19617.439986428024;Nicht Signifikant;False
2925;0801DV009;2001;8;9;8038.0;8038.0;0.0;8038.0;3;0;0;0;0;0;0;0;3.0;0;0;0;0;0;0;69.7799471826711;04;8;1;Depot;H306;65;Moderat (0° bis 19,99° C);Tag;Wolkig;Colorado;Sommer;Kollision;General Switching Rules;Human Factors;Lokomotive, Lokomotive;9079.408110245115;Nicht Signifikant;False
2926;0801FW026;2001;8;25;17000.0;17000.0;0.0;17000.0;4;0;0;0;0;0;0;0;5.5;20;0;10;0;0;0;1200.0;04;7;1;Depot;H702;84;Warm (20° bis 31,99° C);Tag;Klar;Texas;Sommer;Kollision;Switches, Use of;Human Factors;Depot/Rangieren, Depot/Rangieren;18677.21379916502;Nicht Signifikant;False
2927;0801KC016;2001;8;27;10118.0;10118.0;3000.0;7118.0;1;0;0;0;0;0;0;0;3.9542723449729715;52;7;2;0;0;0;7498.0;01;7;1;Depot;T110;79;Warm (20° bis 31,99° C);Abenddämmerung;Klar;Kansas;Sommer;Entgleisung;Track Geometry;Track, Roadbed and Structures;Depot/Rangieren, EinzelneWagen;11130.91309130913;Nicht Signifikant;False
2928;0801KC017;2001;8;30;28475.0;28475.0;3500.0;24975.0;4;0;0;0;0;0;0;0;3.5;36;3;0;0;0;0;2889.8899735913355;01;1;1;Depot;T314;70;Warm (20° bis 31,99° C);Abend;Wolkig;Kansas;Sommer;Entgleisung;Frogs, Switches and Track Appliances;Track, Roadbed and Structures;Güterzug, Lokomotive;31308.41121495327;Nicht Signifikant;False
2929;0801LV033;2001;8;31;56857.0;56857.0;0.0;56857.0;4;0;0;0;0;0;0;0;5.0;86;0;16;0;0;1;8929.0;04;7;1;Depot;H307;85;Warm (20° bis 31,99° C);Tag;Wolkig;Louisiana;Sommer;Kollision;General Switching Rules;Human Factors;Depot/Rangieren, Depot/Rangieren;62084.51626992794;Nicht Signifikant;False
2930;0801LV034;2001;8;31;20450.0;20450.0;0.0;20450.0;4;0;0;0;0;0;0;0;3.0;128;1;83;0;0;0;17796.0;01;7;1;Hauptstrecke;H399;85;Warm (20° bis 31,99° C);Tag;Wolkig;Louisiana;Sommer;Entgleisung;General Switching Rules;Human Factors;Depot/Rangieren, Depot/Rangieren;22330.20310111378;Nicht Signifikant;False
2931;0801NP026;2001;8;29;10357.0;10357.0;4010.0;6347.0;2;0;0;0;0;0;0;0;4.949628046035187;70;0;20;0;0;3;9275.0;01;7;2;Depot;M405;80;Warm (20° bis 31,99° C);Tag;Klar;Nebraska;Sommer;Entgleisung;Unusual Operational Situations;Miscellaneous Causes;Depot/Rangieren, EinzelneWagen;11353.869765402324;Nicht Signifikant;False
2932;0801TC014;2001;8;17;68148.0;68148.0;10000.0;58148.0;4;0;0;0;0;0;0;0;3.9542723449729715;77;3;92;0;0;15;7623.0;01;6;1;Depot;T210;70;Warm (20° bis 31,99° C);Abend;Wolkig;Iowa;Sommer;Entgleisung;Rail, Joint Bar and Rail Anchoring;Track, Roadbed and Structures;EinzelneWagen, Güterzug;74576.49376231123;Nicht Signifikant;False
2933;080201005;2002;8;8;137300.0;137300.0;3000.0;134300.0;2;0;0;0;0;0;0;0;4.0;22;5;2;0;0;0;2731.381312237402;04;7;1;Depot;H702;85;Warm (20° bis 31,99° C);Tag;Klar;Georgia;Sommer;Kollision;Switches, Use of;Human Factors;Depot/Rangieren, Depot/Rangieren;141736.34768246103;Nicht Signifikant;False
2934;080207038;2002;8;26;20669.0;20669.0;0.0;20669.0;1;0;0;0;0;0;0;0;4.0;0;0;1;0;0;0;100.22635739365951;04;5;1;Depot;H307;83;Warm (20° bis 31,99° C);Tag;Wolkig;Kentucky;Sommer;Kollision;General Switching Rules;Human Factors;EinzelneWagen, Lokomotive;21306.050922585302;Nicht Signifikant;False
2935;080229024;2002;8;30;11919.0;11919.0;0.0;11919.0;4;0;0;0;0;0;0;0;3.0;55;0;0;0;0;0;5534.889973591336;04;1;1;Depot;H307;78;Warm (20° bis 31,99° C);Tag;Klar;Illinois;Sommer;Kollision;General Switching Rules;Human Factors;Güterzug, Lokomotive;12121.427845011696;Nicht Signifikant;False
2936;0802HO015;2002;8;10;75203.0;75203.0;250.0;74953.0;5;0;0;0;0;0;0;0;5.5;70;3;11;0;0;0;8085.0;04;7;1;Depot;H702;72;Warm (20° bis 31,99° C);Abend;Klar;Texas;Sommer;Kollision;Switches, Use of;Human Factors;Depot/Rangieren, Güterzug;77162.93864149395;Nicht Signifikant;False
2937;0802HO034;2002;8;21;77635.0;77635.0;250.0;77385.0;4;0;0;0;0;0;0;0;5.0;17;0;71;0;0;12;4069.0;04;7;1;Depot;H212;90;Heiß (>= 32° C);Tag;Wolkig;Texas;Sommer;Kollision;Flagging, Fixed, Hand and Radio Signals;Human Factors;Depot/Rangieren, Depot/Rangieren;79527.76070477361;Nicht Signifikant;False
2938;0802LK026;2002;8;21;40738.0;40738.0;0.0;40738.0;4;0;0;0;0;0;0;0;3.5;30;0;36;0;0;0;226.0;04;7;1;Depot;H702;92;Heiß (>= 32° C);Tag;Wolkig;Arkansas;Sommer;Kollision;Switches, Use of;Human Factors;Depot/Rangieren, Depot/Rangieren;41731.20262241344;Nicht Signifikant;False
2939;0802PR010;2002;8;9;27499.0;27499.0;12190.0;15309.0;3;0;0;0;0;0;0;0;4.949628046035187;16;0;29;0;0;3;2153.8899735913355;01;7;1;Depot;M405;68;Warm (20° bis 31,99° C);Abend;Klar;Illinois;Sommer;Entgleisung;Unusual Operational Situations;Miscellaneous Causes;Depot/Rangieren, Lokomotive;28264.980984684964;Nicht Signifikant;False
2940;0802SA004;2002;8;3;37486.0;37486.0;33391.0;4095.0;1;0;0;0;0;0;0;0;4.966418697356791;3;3;2;0;0;2;366.8164184217309;01;7;1;Depot;H399;89;Warm (20° bis 31,99° C);Abend;Klar;Texas;Sommer;Entgleisung;General Switching Rules;Human Factors;Depot/Rangieren, EinzelneWagen, EinzelneWagen;38015.68521398148;Nicht Signifikant;False
2941;0803KC017;2003;8;30;23447.0;23447.0;2500.0;20947.0;3;0;0;0;0;0;0;0;4.5;112;6;0;0;0;0;7800.0;06;7;1;Depot;E30C;60;Moderat (0° bis 19,99° C);Abend;Regen;Kansas;Sommer;Kollision;Coupler and Draft System;Mechanical and Electrical Failures;Depot/Rangieren, Depot/Rangieren;21433.01136536762;Nicht Signifikant;False
2942;0803LK006;2003;8;5;13018.0;13018.0;0.0;13018.0;4;0;0;0;0;0;0;0;6.0;41;0;20;0;0;0;4990.0;04;7;1;Depot;H607;82;Warm (20° bis 31,99° C);Abenddämmerung;Wolkig;Arkansas;Sommer;Kollision;Speed;Human Factors;Depot/Rangieren, Depot/Rangieren;11486.808435542222;Nicht Signifikant;False
2943;0803NP013;2003;8;18;219975.0;219975.0;141000.0;78975.0;3;2;0;0;0;0;0;0;5.0;45;0;91;0;0;4;8420.0;01;7;2;Depot;S011;88;Warm (20° bis 31,99° C);Tag;Klar;Nebraska;Sommer;Entgleisung;SIGNAL AND COMMUNICATION;Signal and Communication;Depot/Rangieren, Depot/Rangieren;196616.91097604576;Signifikant;False
2944;0803RS022;2003;8;20;12037.0;12037.0;3000.0;9037.0;4;0;0;0;0;0;0;0;14.903185056657339;50;0;137;0;0;0;8731.889973591336;04;7;2;Depot;H399;70;Warm (20° bis 31,99° C);Abend;Klar;Kalifornien;Sommer;Kollision;General Switching Rules;Human Factors;Depot/Rangieren, Lokomotive;10835.358718156449;Nicht Signifikant;False
2945;0803RS035;2003;8;30;64760.0;64760.0;34760.0;30000.0;7;0;0;0;0;0;0;0;2.5;3;0;0;0;0;0;700.0;04;7;1;Depot;H306;75;Warm (20° bis 31,99° C);Tag;Klar;Kalifornien;Sommer;Kollision;General Switching Rules;Human Factors;Depot/Rangieren, Depot/Rangieren;59197.41613089978;Nicht Signifikant;False
2946;0803SA023;2003;8;14;28531.0;28531.0;23000.0;5531.0;4;0;0;0;0;0;0;0;4.949628046035187;0;0;18;0;0;3;2565.336383802324;09;7;1;Depot;M404;98;Heiß (>= 32° C);Tag;Wolkig;Texas;Sommer;Kollision;Unusual Operational Situations;Miscellaneous Causes;Depot/Rangieren, EinzelneWagen;25315.882874889085;Nicht Signifikant;False
2947;0803SA032;2003;8;28;17230.0;17230.0;8901.0;8329.0;2;0;0;0;0;0;0;0;3.9542723449729715;1;1;114;0;0;4;3738.182883948803;01;6;1;Depot;T319;72;Warm (20° bis 31,99° C);Abend;Klar;Texas;Sommer;Entgleisung;Frogs, Switches and Track Appliances;Track, Roadbed and Structures;EinzelneWagen, Güterzug;15912.449205762838;Nicht Signifikant;False
2948;080497;1993;11;22;8700.0;8700.0;200.0;8500.0;2;0;0;0;0;0;0;0;4.5;44;0;41;0;0;1;4512.0;04;7;1;Depot;H020;45;Moderat (0° bis 19,99° C);Abend;Wolkig;Ohio;Herbst;Kollision;Brakes, Use of;Human Factors;Depot/Rangieren, Depot/Rangieren;7379.760793960471;Nicht Signifikant;False
2949;0804DV005;2004;8;6;54063.0;54063.0;0.0;54063.0;5;0;0;0;0;0;0;0;2.958916643910756;27;0;117;0;0;2;6671.000862163373;01;7;1;Depot;H020;80;Warm (20° bis 31,99° C);Abenddämmerung;Klar;Colorado;Sommer;Entgleisung;Brakes, Use of;Human Factors;Depot/Rangieren, Güterzug;44813.494694960216;Nicht Signifikant;False
2950;0804DV016;2004;8;20;14541.0;14541.0;0.0;14541.0;4;1;0;0;0;0;0;0;3.9542723449729715;11;1;36;0;0;1;2471.8164184217308;01;7;1;Depot;H307;75;Warm (20° bis 31,99° C);Abend;Wolkig;Colorado;Sommer;Entgleisung;General Switching Rules;Human Factors;Depot/Rangieren, Depot/Rangieren;11828.682990319694;Nicht Signifikant;False
2951;0804HO027;2004;8;1;95234.0;95234.0;79600.0;15634.0;4;0;0;0;0;0;0;0;4.0;38;1;41;0;0;8;5629.0;04;7;1;Depot;H307;83;Warm (20° bis 31,99° C);Abend;Klar;Texas;Sommer;Kollision;General Switching Rules;Human Factors;Depot/Rangieren, Depot/Rangieren;79034.55143987385;Nicht Signifikant;False
2952;0804LK018;2004;8;19;67687.0;67687.0;37832.0;29855.0;1;0;0;0;0;0;0;0;3.9542723449729715;30;0;26;0;0;8;4479.0;01;7;1;Depot;T217;85;Warm (20° bis 31,99° C);Abenddämmerung;Regen;Arkansas;Sommer;Entgleisung;Rail, Joint Bar and Rail Anchoring;Track, Roadbed and Structures;Depot/Rangieren, EinzelneWagen;54767.3760012946;Nicht Signifikant;False
2953;0804NP004;2004;8;5;3257460.0;3257460.0;498160.0;2759300.0;6;3;0;2;0;0;0;0;46.5;208;48;52;0;0;18;28280.0;01;1;5;Hauptstrecke;T201;64;Moderat (0° bis 19,99° C);Abend;Nebel;Nebraska;Sommer;Entgleisung;Rail, Joint Bar and Rail Anchoring;Track, Roadbed and Structures;Güterzug, Güterzug;2705082.2122571003;Schwer;False
2954;0804NP008;2004;8;7;67356.0;67356.0;67156.0;200.0;0;0;0;0;0;0;0;0;4.949628046035187;2;1;0;0;0;0;130.0;01;5;2;Depot;M411;75;Warm (20° bis 31,99° C);Tag;Klar;Nebraska;Sommer;Entgleisung;Unusual Operational Situations;Miscellaneous Causes;EinzelneWagen, EinzelneWagen;55551.340206185574;Nicht Signifikant;False
2955;0804PD001;2004;8;1;79181.0;79181.0;2488.0;76693.0;5;1;0;0;0;0;0;0;4.5;40;2;66;0;0;0;8380.0;04;7;1;Depot;H306;75;Warm (20° bis 31,99° C);Tag;Klar;Oregon;Sommer;Kollision;General Switching Rules;Human Factors;Depot/Rangieren, Depot/Rangieren;65712.19120860881;Nicht Signifikant;False
2956;0804PD040;2004;8;30;16663.0;16663.0;414.0;16249.0;4;0;0;0;0;0;0;0;4.0;44;2;31;0;0;2;6650.0;01;7;1;Depot;H306;68;Warm (20° bis 31,99° C);Tag;Klar;Oregon;Sommer;Entgleisung;General Switching Rules;Human Factors;Depot/Rangieren, Depot/Rangieren;13831.659334274093;Nicht Signifikant;False
2957;0804SL010;2004;8;19;69600.0;69600.0;50000.0;19600.0;3;0;0;0;0;0;0;0;7.935695149221832;35;0;25;0;0;3;5131.0;01;7;1;Depot;M503;82;Warm (20° bis 31,99° C);Abend;Wolkig;Missouri;Sommer;Entgleisung;Other Miscellaneous;Miscellaneous Causes;Depot/Rangieren, EinzelneWagen;56315.23586050652;Nicht Signifikant;False
2958;0804WH008;2004;8;9;44338.0;44338.0;100.0;44238.0;2;0;0;0;0;0;0;0;4.5;12;1;33;0;0;0;2669.0;01;7;1;Depot;H310;89;Warm (20° bis 31,99° C);Tag;Klar;Oklahoma;Sommer;Entgleisung;General Switching Rules;Human Factors;Depot/Rangieren, EinzelneWagen;36203.15179227566;Nicht Signifikant;False
2959;0805061;2008;5;6;10901.5;10901.5;6821.0;14982.0;3;0;0;0;0;0;0;0;9.5;31;1;42;0;0;4;5257.0;01;1;3;Hauptstrecke;E02C;71;Warm (20° bis 31,99° C);Tag;Klar;Maine;Frühling;Entgleisung;Brakes;Mechanical and Electrical Failures;Güterzug, Güterzug;7020.543534260691;Nicht Signifikant;False
2960;080594100;1994;5;13;10650.0;10650.0;2000.0;8650.0;4;1;0;0;0;0;0;0;4.0;14;1;0;0;0;0;1034.8899735913355;04;7;1;Depot;M599;65;Moderat (0° bis 19,99° C);Morgendämmerung;Wolkig;New Mexico;Frühling;Kollision;Other Miscellaneous;Miscellaneous Causes;Depot/Rangieren, Lokomotive;9033.845109848164;Nicht Signifikant;False
2961;0805HO028;2005;8;8;23456.0;23456.0;0.0;23456.0;5;1;0;0;0;0;0;0;3.9542723449729715;41;0;82;0;0;2;8067.0;04;7;1;Depot;H702;85;Warm (20° bis 31,99° C);Abend;Wolkig;Texas;Sommer;Kollision;Switches, Use of;Human Factors;Depot/Rangieren, Güterzug;18962.004850444624;Nicht Signifikant;False
2962;0805NP038;2005;8;30;13201.0;13201.0;12000.0;1201.0;2;0;0;0;0;0;0;0;6.5;1;0;2;0;0;1;245.91022675331328;01;7;2;Depot;S006;65;Moderat (0° bis 19,99° C);Abend;Wolkig;Nebraska;Sommer;Entgleisung;SIGNAL AND COMMUNICATION;Signal and Communication;Depot/Rangieren, EinzelneWagen;10837.369674082587;Nicht Signifikant;False
2963;0805PC006;2005;8;9;301035.0;301035.0;220000.0;81035.0;6;0;0;0;0;0;0;0;10.0;58;3;38;0;0;9;6545.0;06;7;1;Depot;H503;90;Heiß (>= 32° C);Tag;Klar;Idaho;Sommer;Kollision;Train Handling/Train Makeup;Human Factors;Depot/Rangieren, Güterzug;243417.9671706962;Signifikant;False
2964;0805PD027;2005;8;26;44153.0;44153.0;0.0;44153.0;5;0;0;0;0;0;0;0;4.5;39;0;72;0;0;0;6626.0;04;7;1;Depot;H306;75;Warm (20° bis 31,99° C);Tag;Klar;Oregon;Sommer;Kollision;General Switching Rules;Human Factors;Depot/Rangieren, Güterzug;35876.33054359308;Nicht Signifikant;False
2965;0805SL001;2005;8;1;8441.0;8441.0;0.0;8441.0;5;0;0;0;0;0;0;0;6.0;37;0;56;0;0;0;5630.0;04;7;1;Depot;H306;87;Warm (20° bis 31,99° C);Abenddämmerung;Klar;Missouri;Sommer;Kollision;General Switching Rules;Human Factors;Depot/Rangieren, Güterzug;6908.093952041902;Nicht Signifikant;False
2966;080616;1993;12;5;9400.0;9400.0;400.0;9000.0;2;0;0;0;0;0;0;0;7.935695149221832;60;0;49;0;0;5;8209.466965191226;03;7;2;Depot;H305;45;Moderat (0° bis 19,99° C);Abend;Klar;Georgia;Herbst;Kollision;General Switching Rules;Human Factors;Depot/Rangieren, EinzelneWagen;7973.534650945797;Nicht Signifikant;False
2967;080687;1993;12;13;42150.0;42150.0;0.0;42150.0;4;0;0;0;0;0;0;0;3.9542723449729715;66;1;7;0;0;0;4655.0;04;7;1;Depot;H702;38;Moderat (0° bis 19,99° C);Tag;Wolkig;Illinois;Herbst;Kollision;Switches, Use of;Human Factors;Depot/Rangieren, Güterzug;35753.6686741878;Nicht Signifikant;False
2968;0806LK003;2006;8;1;23117.0;23117.0;0.0;23117.0;11;0;0;0;0;0;0;0;3.5;108;0;7;0;0;0;14204.0;04;7;1;Depot;H306;83;Warm (20° bis 31,99° C);Abend;Klar;Louisiana;Sommer;Kollision;General Switching Rules;Human Factors;Depot/Rangieren, Depot/Rangieren;18118.191080805704;Nicht Signifikant;False
2969;0806LK021;2006;8;11;23581.0;23581.0;7352.0;16229.0;5;0;0;0;0;0;0;0;2.958916643910756;33;2;47;0;0;0;5324.0;01;7;1;Depot;H702;75;Warm (20° bis 31,99° C);Morgendämmerung;Regen;Tennessee;Sommer;Entgleisung;Switches, Use of;Human Factors;Depot/Rangieren, Depot/Rangieren;18458.7084148728;Nicht Signifikant;False
2970;0806NP004;2006;8;7;81555.0;81555.0;44320.0;37235.0;2;0;0;0;0;0;0;0;3.9542723449729715;15;1;34;0;0;3;3057.647398120594;01;7;2;Depot;E21C;65;Moderat (0° bis 19,99° C);Tag;Wolkig;Nebraska;Sommer;Entgleisung;Body;Mechanical and Electrical Failures;Depot/Rangieren, EinzelneWagen;63466.92607003891;Nicht Signifikant;False
2971;0806PR014;2006;8;12;39317.0;39317.0;2015.0;37302.0;4;0;0;0;0;0;0;0;2.0;37;2;39;0;0;0;5984.0;04;7;1;Depot;H306;78;Warm (20° bis 31,99° C);Tag;Klar;Wisconsion;Sommer;Kollision;General Switching Rules;Human Factors;Depot/Rangieren, Depot/Rangieren;30822.358105989337;Nicht Signifikant;False
2972;0806PR015;2006;8;9;19107.0;19107.0;946.0;18161.0;1;0;0;0;0;0;0;0;3.9542723449729715;25;0;55;0;0;4;4824.0;01;7;1;Depot;T319;75;Warm (20° bis 31,99° C);Abend;Wolkig;Illinois;Sommer;Entgleisung;Frogs, Switches and Track Appliances;Track, Roadbed and Structures;Depot/Rangieren, EinzelneWagen;14835.779175401816;Nicht Signifikant;False
2973;0806SA026;2006;8;22;59368.0;59368.0;48635.0;10733.0;4;0;0;0;0;0;0;1;19.879963561968417;94;1;21;0;0;0;9157.0;01;1;4;Hauptstrecke;E53C;87;Warm (20° bis 31,99° C);Abend;Wolkig;Texas;Sommer;Entgleisung;Axles and Journal Bearings;Mechanical and Electrical Failures;Güterzug, Güterzug;46337.80830471434;Signifikant;False
2974;0806TC014;2006;8;12;297180.0;297180.0;35060.0;262120.0;5;2;0;0;0;0;0;0;15.898540757719555;94;0;53;0;0;5;12365.0;03;1;4;Hauptstrecke;H605;85;Warm (20° bis 31,99° C);Tag;Klar;Iowa;Sommer;Kollision;Speed;Human Factors;Güterzug, Güterzug;232972.71872060205;Signifikant;False
2975;0806TS018;2006;8;25;15645.0;15645.0;0.0;15645.0;7;0;0;0;0;0;0;0;2.958916643910756;35;0;57;0;0;0;5789.0;04;7;1;Depot;H307;90;Heiß (>= 32° C);Abend;Klar;Arizona;Sommer;Kollision;General Switching Rules;Human Factors;Depot/Rangieren, Güterzug;12259.050305594734;Nicht Signifikant;False
2976;080796;1993;12;23;20800.0;20800.0;0.0;20800.0;3;0;0;0;0;0;0;0;4.949628046035187;71;1;54;0;0;1;4414.0;04;7;1;Depot;E30C;27;Kalt (-30° - 0,01° C);Tag;Wolkig;Illinois;Winter;Kollision;Coupler and Draft System;Mechanical and Electrical Failures;Depot/Rangieren, Güterzug;17643.56603613538;Nicht Signifikant;False
2977;0807DV022;2007;8;23;27091.0;27091.0;5550.0;21541.0;2;0;0;0;0;0;0;0;6.940339448159618;15;1;55;0;0;3;3264.0;01;7;1;Depot;H702;70;Warm (20° bis 31,99° C);Abend;Wolkig;Colorado;Sommer;Entgleisung;Switches, Use of;Human Factors;Depot/Rangieren, EinzelneWagen;19958.007956387213;Nicht Signifikant;False
2978;0807HO059;2007;8;23;58277.0;58277.0;1237.0;57040.0;3;0;0;0;0;0;0;0;4.0;30;0;36;0;0;1;5155.0;01;7;1;Depot;S007;98;Heiß (>= 32° C);Tag;Wolkig;Texas;Sommer;Entgleisung;SIGNAL AND COMMUNICATION;Signal and Communication;Depot/Rangieren, EinzelneWagen;42932.81273021954;Nicht Signifikant;False
2979;0807HO068;2007;8;30;11386.0;11386.0;230.0;11156.0;2;0;0;0;0;0;0;0;3.9542723449729715;0;0;0;0;0;0;69.7799471826711;04;8;1;Depot;H401;80;Warm (20° bis 31,99° C);Abend;Klar;Texas;Sommer;Kollision;Main Track Authority;Human Factors;Lokomotive, Lokomotive;8365.90742101396;Nicht Signifikant;False
2980;0807LK001;2007;8;2;41210.0;41210.0;4286.0;36924.0;6;0;0;0;0;0;0;0;4.949628046035187;164;4;21;0;0;0;19919.0;01;1;2;Hauptstrecke;M204;80;Warm (20° bis 31,99° C);Abend;Klar;Louisiana;Sommer;Entgleisung;Loading Procedures;Loading;Güterzug, Güterzug;30159.54332552693;Nicht Signifikant;False
2981;0807LK059;2007;8;30;282429.0;282429.0;1840.0;280589.0;5;1;0;3;0;0;0;0;9.0;103;0;122;0;0;1;14484.0;02;7;1;Depot;H607;83;Warm (20° bis 31,99° C);Tag;Klar;Arkansas;Sommer;Kollision;Speed;Human Factors;Depot/Rangieren, Depot/Rangieren;207515.79720793533;Signifikant;False
2982;0807LV007;2007;8;3;19081.0;19081.0;0.0;19081.0;2;0;0;0;0;0;0;0;4.0;15;0;30;0;0;0;3906.3732494024543;04;7;1;Depot;H306;85;Warm (20° bis 31,99° C);Abend;Wolkig;Louisiana;Sommer;Kollision;General Switching Rules;Human Factors;Depot/Rangieren, Depot/Rangieren;13933.839637797577;Nicht Signifikant;False
2983;0807NP002;2007;8;1;553446.0;553446.0;88446.0;465000.0;6;0;0;0;0;0;0;0;26.5;133;24;142;0;0;7;22523.0;01;1;4;Hauptstrecke;M103;71;Warm (20° bis 31,99° C);Abend;Regen;Nebraska;Sommer;Entgleisung;Environmental Conditions;Environmental Conditions;Güterzug, Güterzug;405069.16489789943;Signifikant;False
2984;0807NP003;2007;8;1;100000.0;100000.0;0.0;100000.0;2;0;0;0;0;0;0;0;9.926406551346263;17;0;15;0;0;1;2461.832351964298;01;7;2;Depot;H602;75;Warm (20° bis 31,99° C);Tag;Klar;Nebraska;Sommer;Entgleisung;Speed;Human Factors;Depot/Rangieren, EinzelneWagen;73190.36814755178;Nicht Signifikant;False
2985;0807UT022;2007;8;28;81411.0;81411.0;7560.0;73851.0;5;0;0;0;0;0;0;0;5.0;80;1;147;0;0;0;14796.0;04;7;1;Depot;H307;85;Warm (20° bis 31,99° C);Abend;Klar;Utah;Sommer;Kollision;General Switching Rules;Human Factors;Depot/Rangieren, Depot/Rangieren;59580.64988290398;Nicht Signifikant;False