index;INCDTNO;YEAR4;MONTH;DAY;ACCDMG;INFRASTRUCTURE_DMG;TRKDMG;EQPDMG;LOCOMOTIVES1;LOCOMOTIVES2;RREMPKLD;RREMPINJ;PASSKLD;PASSINJ;OTHERKLD;OTHERINJ;SPEED;LOADF1;LOADF2;EMPTYF1;EMPTYP1;LOADP1;EMPTYF2;TONS;TYPE;TYPEQ;TRKCLAS;TYPTRK;ACCAUSE;TEMP;TEMP_CLUSTER;VISIBLTY;WEATHER;STATE;Jahreszeit;ACCIDENT_TYPE;ACCCAUSE_LVL1;ACCCAUSE_LVL2;EQUIPMENT_TYPE;ACCDMG_EUR;ACCTYPE;SPD_TOO_HIGH
2986;080800;2000;8;8;33283.0;33283.0;10391.0;56175.0;7;0;0;0;0;0;0;0;1.5;100;5;30;0;0;6;13506.677550803395;01;7;1;Depot;H508;68;Warm (20° bis 31,99° C);Abend;Regen;Illinois;Sommer;Entgleisung;Train Handling/Train Makeup;Human Factors;Depot/Rangieren, Güterzug;36788.99082568807;Nicht Signifikant;False
2987;080809;1993;12;26;23800.0;23800.0;4000.0;19800.0;3;0;0;0;0;0;0;0;6.940339448159618;34;2;0;0;0;0;4452.647398120594;01;6;1;Depot;M503;10;Kalt (-30° - 0,01° C);Tag;Schnee;Ohio;Winter;Entgleisung;Other Miscellaneous;Miscellaneous Causes;EinzelneWagen, Güterzug;20188.31113750106;Nicht Signifikant;False
2988;08089;2008;7;7;30500.0;30500.0;0.0;30500.0;0;0;0;0;0;0;0;0;15.0;2;0;0;0;0;0;297.294796241188;09;A;3;Hauptstrecke;H402;60;Moderat (0° bis 19,99° C);Tag;Wolkig;Alaska;Sommer;Kollision;Main Track Authority;Human Factors;Wartungszug, Wartungszug;19487.572679062043;Nicht Signifikant;False
2989;0808KC008;2008;8;7;34356.0;34356.0;0.0;34356.0;2;0;0;0;0;0;0;0;6.940339448159618;53;0;78;0;0;4;9198.647398120595;01;7;1;Depot;H703;79;Warm (20° bis 31,99° C);Tag;Wolkig;Kansas;Sommer;Entgleisung;Switches, Use of;Human Factors;Depot/Rangieren, EinzelneWagen;22206.709327128177;Nicht Signifikant;False
2990;0808LK021;2008;8;11;32639.0;32639.0;4219.0;28420.0;5;0;0;0;0;0;0;0;4.0;57;3;6;0;0;2;3358.8899735913355;04;1;1;Depot;H607;77;Warm (20° bis 31,99° C);Tag;Wolkig;Arkansas;Sommer;Kollision;Speed;Human Factors;Güterzug, Lokomotive;21741.939781508125;Nicht Signifikant;False
2991;0808LV009;2008;8;11;119605.0;119605.0;1141.0;118464.0;6;0;0;0;0;0;0;0;6.0;63;1;55;0;0;2;10416.0;04;7;1;Depot;H702;84;Warm (20° bis 31,99° C);Tag;Wolkig;Louisiana;Sommer;Kollision;Switches, Use of;Human Factors;Depot/Rangieren, Depot/Rangieren;79672.92832400746;Nicht Signifikant;False
2992;0808PD005;2008;8;8;690000.0;690000.0;0.0;690000.0;3;0;0;0;0;0;0;0;4.949628046035187;12;0;65;0;0;1;3268.8164184217308;01;1;3;Hauptstrecke;H402;75;Warm (20° bis 31,99° C);Tag;Klar;Oregon;Sommer;Entgleisung;Main Track Authority;Human Factors;Güterzug, Wartungszug;457741.80708504707;Signifikant;False
2993;0808SL001;2008;8;4;94548.0;94548.0;48255.0;46293.0;4;0;0;0;0;0;0;0;4.949628046035187;97;6;0;0;0;0;5769.677096237628;01;7;1;Depot;T311;75;Warm (20° bis 31,99° C);Abend;Klar;Illinois;Sommer;Entgleisung;Frogs, Switches and Track Appliances;Track, Roadbed and Structures;Depot/Rangieren, EinzelneWagen;60740.07452139278;Nicht Signifikant;False
2994;080919;1994;1;6;13075.0;13075.0;0.0;13075.0;2;0;0;0;0;0;0;0;1.9635609428485408;14;0;66;0;0;3;3717.1906395244623;04;7;1;Depot;H307;42;Moderat (0° bis 19,99° C);Abend;Klar;North Carolina;Winter;Kollision;General Switching Rules;Human Factors;Depot/Rangieren, EinzelneWagen;11090.847400118755;Nicht Signifikant;False
2995;0809DV014;2009;8;18;21028.0;21028.0;19.0;21009.0;2;0;0;0;0;0;0;0;7.5;1;0;13;0;0;0;538.0;04;7;1;Depot;H306;75;Warm (20° bis 31,99° C);Tag;Klar;Colorado;Sommer;Kollision;General Switching Rules;Human Factors;Depot/Rangieren, Depot/Rangieren;14912.417559038367;Nicht Signifikant;False
2996;0809PC006;2009;8;17;129014.0;129014.0;77744.0;51270.0;11;1;0;0;0;0;0;0;9.5;72;4;98;0;0;0;12354.0;04;7;1;Depot;H605;81;Warm (20° bis 31,99° C);Tag;Klar;Idaho;Sommer;Kollision;Speed;Human Factors;Depot/Rangieren, Güterzug;91681.35304150086;Nicht Signifikant;False
2997;0809PC007;2009;8;21;22526.0;22526.0;1325.0;21201.0;3;0;0;0;0;0;0;0;5.0;78;0;89;0;0;3;14119.0;04;7;1;Depot;H605;60;Moderat (0° bis 19,99° C);Abend;Klar;Idaho;Sommer;Kollision;Speed;Human Factors;Depot/Rangieren, Depot/Rangieren;15719.46964410328;Nicht Signifikant;False
2998;0810002;1985;2;8;9600.0;9600.0;750.0;8850.0;4;0;0;0;0;0;0;0;4.949628046035187;52;0;78;0;0;10;8038.0;01;1;1;Depot;E21C;6;Kalt (-30° - 0,01° C);Abend;Klar;Ohio;Winter;Entgleisung;Body;Mechanical and Electrical Failures;Güterzug, Güterzug;8143.184324370175;Nicht Signifikant;False
2999;0810002;1986;5;13;6500.0;6500.0;3000.0;3500.0;1;0;0;0;0;0;0;0;7.935695149221832;12;0;5;0;0;1;1588.5811272081216;01;7;1;Depot;H210;76;Warm (20° bis 31,99° C);Tag;Klar;Ohio;Frühling;Entgleisung;Flagging, Fixed, Hand and Radio Signals;Human Factors;Depot/Rangieren, EinzelneWagen;5513.614386292306;Nicht Signifikant;False
3000;08101102;2008;10;11;15919.0;15919.0;295.0;15624.0;5;0;0;0;0;0;0;0;4.0;4;0;12;0;0;2;827.8899735913355;04;7;1;Depot;H607;63;Moderat (0° bis 19,99° C);Abend;Klar;Louisiana;Herbst;Kollision;Speed;Human Factors;Depot/Rangieren, Lokomotive;11706.007794690788;Nicht Signifikant;False
3001;08102301;2008;10;23;403944.0;403944.0;59405.0;344539.0;4;2;0;0;0;0;0;0;23.86138636621728;93;5;28;0;0;1;13257.0;03;1;3;Hauptstrecke;H605;68;Warm (20° bis 31,99° C);Tag;Wolkig;Mississippi;Herbst;Kollision;Speed;Human Factors;Güterzug, Güterzug;315334.89461358316;Signifikant;False
3002;081031;1994;1;15;10450.0;10450.0;0.0;10450.0;4;0;0;0;0;0;0;0;3.0;92;2;77;0;0;0;13211.0;04;7;1;Depot;H702;24;Kalt (-30° - 0,01° C);Tag;Klar;North Carolina;Winter;Kollision;Switches, Use of;Human Factors;Depot/Rangieren, Depot/Rangieren;8864.195436423784;Nicht Signifikant;False
3003;0810ES008;2010;8;11;70615.0;70615.0;0.0;70615.0;1;0;0;0;0;0;0;0;23.86138636621728;22;0;1;0;0;0;2265.336383802324;05;1;4;Hauptstrecke;H402;87;Warm (20° bis 31,99° C);Tag;Klar;Kansas;Sommer;Kollision;Main Track Authority;Human Factors;Güterzug, Wartungszug;54252.45851259987;Nicht Signifikant;False
3004;0810LV020;2010;8;24;31614.0;31614.0;0.0;31614.0;6;2;0;0;0;0;0;0;8.0;11;0;74;0;0;0;8422.0;01;7;1;Depot;H401;85;Warm (20° bis 31,99° C);Abend;Klar;Louisiana;Sommer;Entgleisung;Main Track Authority;Human Factors;Depot/Rangieren, Depot/Rangieren;25068.590912695265;Nicht Signifikant;False
3005;0810NP002;2010;8;5;62532.0;62532.0;13217.0;49315.0;7;0;0;0;0;0;0;0;4.949628046035187;0;0;0;0;0;0;69.7799471826711;04;8;1;Depot;H401;87;Warm (20° bis 31,99° C);Tag;Klar;Nebraska;Sommer;Kollision;Main Track Authority;Human Factors;Lokomotive, Lokomotive;47430.21844660194;Nicht Signifikant;False
3006;081193;1993;8;11;22434.0;22434.0;1909.0;20525.0;2;0;0;0;0;0;0;0;9.926406551346263;16;1;35;0;0;0;3368.256439118408;04;7;X;Depot;H399;90;Heiß (>= 32° C);Tag;Klar;Illinois;Sommer;Kollision;General Switching Rules;Human Factors;Depot/Rangieren, EinzelneWagen;19029.603868012553;Nicht Signifikant;True
3007;0811FW005;2011;8;5;286241.0;286241.0;154909.0;131332.0;4;0;0;0;0;0;0;0;4.5;101;6;62;0;0;5;17560.0;01;7;1;Depot;M405;90;Heiß (>= 32° C);Abend;Klar;Texas;Sommer;Entgleisung;Unusual Operational Situations;Miscellaneous Causes;Depot/Rangieren, Depot/Rangieren;202219.0038855528;Signifikant;False
3008;0811FW015;2011;8;12;15969.0;15969.0;3075.0;12894.0;2;0;0;0;0;0;0;0;8.0;3;1;11;0;0;2;805.0;05;7;4;Hauptstrecke;E04C;104;Heiß (>= 32° C);Abend;Wolkig;Texas;Sommer;Kollision;Brakes;Mechanical and Electrical Failures;Depot/Rangieren, EinzelneWagen;11206.315789473683;Nicht Signifikant;False
3009;0811FW030;2011;8;25;32398.0;32398.0;1776.0;30622.0;2;0;0;0;0;0;0;0;7.5;10;0;66;0;0;2;6089.0;04;7;1;Nebenstrecke;H607;98;Heiß (>= 32° C);Tag;Wolkig;Texas;Sommer;Kollision;Speed;Human Factors;Depot/Rangieren, Güterzug;22461.175818080977;Nicht Signifikant;False
3010;0811HO016;2011;8;11;11826.0;11826.0;0.0;11826.0;3;0;0;0;0;0;0;0;0.9682052417863254;10;0;17;0;0;3;1534.0;05;7;1;Depot;H306;92;Heiß (>= 32° C);Tag;Wolkig;Texas;Sommer;Kollision;General Switching Rules;Human Factors;Depot/Rangieren, EinzelneWagen;8361.733719861417;Nicht Signifikant;False
3011;0811LK004;2011;8;3;65823.0;65823.0;0.0;65823.0;3;0;0;1;0;0;0;0;7.5;0;0;0;0;0;0;69.7799471826711;05;8;1;Depot;H210;96;Heiß (>= 32° C);Abend;Klar;Arkansas;Sommer;Kollision;Flagging, Fixed, Hand and Radio Signals;Human Factors;Lokomotive, Lokomotive;46030.069930069934;Signifikant;False
3012;0811LK015;2011;8;10;26829.0;26829.0;100.0;26729.0;2;0;0;0;0;0;0;0;3.9542723449729715;39;1;21;0;0;0;5293.0;04;7;1;Depot;M408;105;Heiß (>= 32° C);Tag;Klar;Arkansas;Sommer;Kollision;Unusual Operational Situations;Miscellaneous Causes;Depot/Rangieren, EinzelneWagen;18674.04468573815;Nicht Signifikant;False
3013;0811LV006;2011;8;6;26509.0;26509.0;0.0;26509.0;6;0;0;0;0;0;0;0;3.9542723449729715;121;0;71;0;0;0;17479.0;05;7;1;Depot;H307;97;Heiß (>= 32° C);Tag;Klar;Louisiana;Sommer;Kollision;General Switching Rules;Human Factors;Depot/Rangieren, Güterzug;18696.83789820148;Nicht Signifikant;False
3014;0811SL013;2011;8;15;22908.0;22908.0;200.0;22708.0;3;0;0;0;0;0;0;0;3.9542723449729715;3;0;0;0;0;0;773.6473981205941;05;7;1;Depot;H021;82;Warm (20° bis 31,99° C);Tag;Klar;Missouri;Sommer;Kollision;Brakes, Use of;Human Factors;Depot/Rangieren, EinzelneWagen;16009.504507652526;Nicht Signifikant;False
3015;08121504;2008;12;15;354600.0;354600.0;600.0;354000.0;4;0;0;0;0;0;0;0;8.0;39;4;32;0;0;0;5342.0;04;7;1;Depot;H607;40;Moderat (0° bis 19,99° C);Abend;Wolkig;Louisiana;Herbst;Kollision;Speed;Human Factors;Depot/Rangieren, Depot/Rangieren;262472.2427831236;Signifikant;False
3016;081228;1994;2;1;16550.0;16550.0;1900.0;14650.0;4;0;0;0;0;0;0;0;7.935695149221832;88;6;0;0;0;0;9440.21665287871;01;6;1;Depot;T202;30;Kalt (-30° - 0,01° C);Abend;Wolkig;Virginia;Winter;Entgleisung;Rail, Joint Bar and Rail Anchoring;Track, Roadbed and Structures;EinzelneWagen, Güterzug;14038.510475867333;Nicht Signifikant;False
3017;081285;1994;2;6;31420.0;31420.0;200.0;31220.0;5;0;0;0;0;0;0;0;17.889252159843984;71;1;50;0;0;0;9951.617807057284;01;6;3;Nebenstrecke;H022;53;Moderat (0° bis 19,99° C);Abend;Wolkig;South Carolina;Winter;Entgleisung;Brakes, Use of;Human Factors;EinzelneWagen, Güterzug;26651.963694969887;Nicht Signifikant;False
3018;081290;1990;12;22;44160.0;44160.0;2460.0;41700.0;4;0;0;0;0;0;0;0;2.0;124;10;130;0;0;2;18332.78439545617;01;1;1;Depot;M203;9;Kalt (-30° - 0,01° C);Tag;Eisregen;Illinois;Winter;Entgleisung;Loading Procedures;Loading;Güterzug, Güterzug;37458.6478921028;Nicht Signifikant;False
3019;0812FW016;2012;8;17;31886.0;31886.0;0.0;31886.0;5;0;0;0;0;0;0;0;6.0;16;0;18;0;0;0;2266.0;04;7;1;Depot;H999;76;Warm (20° bis 31,99° C);Abend;Wolkig;Texas;Sommer;Kollision;Miscellaneous;Human Factors;Depot/Rangieren, Depot/Rangieren;25845.82961822161;Nicht Signifikant;False
3020;0812KC014;2012;8;28;111725.0;111725.0;0.0;111725.0;2;0;0;0;0;0;0;0;1.9635609428485408;40;2;37;0;0;8;6435.0;01;7;1;Depot;M405;90;Heiß (>= 32° C);Tag;Klar;Missouri;Sommer;Entgleisung;Unusual Operational Situations;Miscellaneous Causes;Depot/Rangieren, EinzelneWagen;89038.09372011476;Nicht Signifikant;False
3021;0812LK018;2012;8;18;13568.0;13568.0;33.0;13535.0;2;0;0;0;0;0;0;0;3.9542723449729715;0;0;30;0;0;2;2339.0;04;7;4;Hauptstrecke;H302;71;Warm (20° bis 31,99° C);Abend;Wolkig;Arkansas;Sommer;Kollision;General Switching Rules;Human Factors;Depot/Rangieren, EinzelneWagen;11008.817006545141;Nicht Signifikant;False
3022;0812WH004;2012;8;14;14658.0;14658.0;0.0;14658.0;2;0;0;0;0;0;0;0;4.949628046035187;4;0;2;0;0;0;622.8899735913355;05;6;2;Hauptstrecke;H302;94;Heiß (>= 32° C);Tag;Klar;Kansas;Sommer;Kollision;General Switching Rules;Human Factors;EinzelneWagen, Lokomotive;11866.90414507772;Nicht Signifikant;False
3023;0813KC007;2013;8;17;143853.0;143853.0;36323.0;107530.0;2;0;0;0;0;0;0;0;8.931050850284048;113;2;0;0;0;0;3138.0;01;6;1;Depot;S011;90;Heiß (>= 32° C);Tag;Klar;Missouri;Sommer;Entgleisung;SIGNAL AND COMMUNICATION;Signal and Communication;EinzelneWagen, Güterzug;107825.0549670198;Nicht Signifikant;False
3024;0813LV008;2013;8;7;21643.0;21643.0;1238.0;20405.0;1;0;0;0;0;0;0;0;3.9542723449729715;0;0;20;0;0;1;586.6756144352892;01;6;1;Industriestrecke;T310;80;Warm (20° bis 31,99° C);Abend;Wolkig;Texas;Sommer;Entgleisung;Frogs, Switches and Track Appliances;Track, Roadbed and Structures;EinzelneWagen, Güterzug;16266.816986095453;Nicht Signifikant;False
3025;081427;1994;2;18;35500.0;35500.0;500.0;35000.0;5;1;0;0;0;0;0;0;6.0;24;1;15;0;0;3;3234.8899735913355;04;1;1;Depot;H702;60;Moderat (0° bis 19,99° C);Abend;Klar;Georgia;Winter;Kollision;Switches, Use of;Human Factors;Güterzug, Lokomotive;30112.81703282721;Nicht Signifikant;False
3026;081432;1994;2;20;50700.0;50700.0;550.0;50150.0;4;0;0;0;0;0;0;0;2.6392777626071706;21;2;38;0;0;2;5044.638355507133;05;7;2;Depot;H306;48;Moderat (0° bis 19,99° C);Abend;Regen;Illinois;Winter;Kollision;General Switching Rules;Human Factors;Depot/Rangieren, EinzelneWagen, Güterzug;43006.19221307999;Nicht Signifikant;False
3027;081486;1994;2;24;18225.0;18225.0;3000.0;15225.0;1;0;0;0;0;0;0;0;3.9314085174594573;46;0;63;0;0;2;7330.676301601052;01;7;1;Depot;H704;50;Moderat (0° bis 19,99° C);Tag;Klar;Virginia;Winter;Entgleisung;Switches, Use of;Human Factors;Depot/Rangieren, EinzelneWagen, EinzelneWagen, EinzelneWagen;15459.326490796504;Nicht Signifikant;False
3028;0814FW032;2014;8;29;33744.0;33744.0;30450.0;3294.0;5;0;0;0;0;0;0;1;25.852097768341707;30;0;98;0;0;0;7174.0;07;1;5;Hauptstrecke;M301;83;Warm (20° bis 31,99° C);Abend;Wolkig;Texas;Sommer;Bahnübergang;Loading Procedures;Loading;Güterzug, Güterzug;25586.89717925387;Signifikant;False
3029;0814LA024;2014;8;26;71029.0;71029.0;1000.0;70029.0;3;0;0;0;0;0;0;0;5.0;26;0;7;0;0;6;3373.0;04;7;1;Depot;H021;85;Warm (20° bis 31,99° C);Tag;Klar;Kalifornien;Sommer;Kollision;Brakes, Use of;Human Factors;Depot/Rangieren, EinzelneWagen;53842.48029108551;Nicht Signifikant;False
3030;0814LK004;2014;8;6;18857.0;18857.0;1160.0;17697.0;3;0;0;0;0;0;0;0;3.9542723449729715;28;0;45;0;0;6;229.33638380232395;01;5;1;Depot;T319;85;Warm (20° bis 31,99° C);Abend;Wolkig;Louisiana;Sommer;Entgleisung;Frogs, Switches and Track Appliances;Track, Roadbed and Structures;EinzelneWagen, Güterzug;14130.385912326714;Nicht Signifikant;False
3031;0814LK011;2014;8;12;12683.0;12683.0;0.0;12683.0;4;0;0;0;0;0;0;0;4.0;2;0;4;0;0;0;404.0;04;7;1;Depot;H306;85;Warm (20° bis 31,99° C);Tag;Wolkig;Arkansas;Sommer;Kollision;General Switching Rules;Human Factors;Depot/Rangieren, Depot/Rangieren;9503.2219391578;Nicht Signifikant;False
3032;0814LK013;2014;8;17;6210097.0;6210097.0;862935.0;5347162.0;4;4;2;2;0;0;0;0;38.0;118;36;60;0;0;19;16719.0;02;1;4;Hauptstrecke;H199;79;Warm (20° bis 31,99° C);Abend;Klar;Arkansas;Sommer;Kollision;Employee Physical Condition;Human Factors;Güterzug, Güterzug;4639709.867012004;Schwer;False
3033;0814LV005;2014;8;8;54736.0;54736.0;2736.0;52000.0;5;0;0;0;0;0;0;0;7.5;80;2;34;0;0;1;11246.0;01;7;1;Depot;H307;80;Warm (20° bis 31,99° C);Abend;Klar;Texas;Sommer;Entgleisung;General Switching Rules;Human Factors;Depot/Rangieren, Depot/Rangieren;40884.374066328055;Nicht Signifikant;False
3034;0814SL006;2014;8;16;676355.0;676355.0;100000.0;576355.0;6;2;0;0;0;0;0;0;12.91247365453291;271;4;0;0;0;0;38753.0;04;1;1;Industriestrecke;H607;75;Warm (20° bis 31,99° C);Tag;Wolkig;Illinois;Sommer;Kollision;Speed;Human Factors;Güterzug, Güterzug;505257.85004606686;Signifikant;True
3035;0814SL010;2014;8;31;12708.0;12708.0;0.0;12708.0;3;0;0;0;0;0;0;0;5.944983747097401;8;0;11;0;0;0;1384.8899735913355;03;7;1;Industriestrecke;M501;75;Warm (20° bis 31,99° C);Abend;Wolkig;Missouri;Sommer;Kollision;Other Miscellaneous;Miscellaneous Causes;Depot/Rangieren, Lokomotive;9662.898565417956;Nicht Signifikant;False
3036;081506;1994;2;26;14600.0;14600.0;500.0;14100.0;6;0;0;0;0;0;0;0;4.949628046035187;39;0;19;0;0;4;4342.0;01;7;1;Depot;H525;60;Moderat (0° bis 19,99° C);Tag;Klar;Georgia;Winter;Entgleisung;Train Handling/Train Makeup;Human Factors;Depot/Rangieren, Güterzug;12384.426159979641;Nicht Signifikant;False
3037;0815ES004;2015;8;6;23545.0;23545.0;0.0;23545.0;0;0;0;1;0;0;0;0;14.903185056657339;0;0;2;0;0;1;132.15280222405482;09;A;4;Hauptstrecke;H212;60;Moderat (0° bis 19,99° C);Tag;Klar;Oregon;Sommer;Kollision;Flagging, Fixed, Hand and Radio Signals;Human Factors;Wartungszug, Wartungszug;21630.68442811208;Signifikant;False
3038;0815ES025;2015;8;13;20533.0;20533.0;0.0;20533.0;0;0;0;0;0;0;0;0;17.889252159843984;0;0;2;0;0;0;130.67276760464793;09;A;3;Hauptstrecke;H995;93;Heiß (>= 32° C);Tag;Klar;Louisiana;Sommer;Kollision;Miscellaneous;Human Factors;Wartungszug, Wartungszug;18483.211810243945;Nicht Signifikant;False
3039;0815LA018;2015;8;20;146005.0;146005.0;145424.0;581.0;6;0;0;0;0;0;0;0;3.9542723449729715;48;1;63;0;0;0;7348.889973591336;01;7;1;Depot;E76L;80;Warm (20° bis 31,99° C);Abend;Klar;Kalifornien;Sommer;Entgleisung;Locomotives;Mechanical and Electrical Failures;Depot/Rangieren, Lokomotive;130559.7782348207;Nicht Signifikant;False
3040;0815LK020;2015;8;21;18778.0;18778.0;6200.0;12578.0;5;0;0;0;0;0;0;0;3.5;75;0;132;0;0;3;13606.0;04;7;1;Depot;H021;82;Warm (20° bis 31,99° C);Tag;Wolkig;Louisiana;Sommer;Kollision;Brakes, Use of;Human Factors;Depot/Rangieren, Güterzug;16645.68743905682;Nicht Signifikant;False
3041;0815LK022;2015;8;25;220004.0;220004.0;57220.0;162784.0;2;0;0;0;0;0;0;0;3.0;46;0;37;0;0;7;3595.0;01;6;1;Depot;H020;80;Warm (20° bis 31,99° C);Abenddämmerung;Wolkig;Louisiana;Sommer;Entgleisung;Brakes, Use of;Human Factors;EinzelneWagen, Güterzug;191208.06535720493;Signifikant;False
3042;0815SA012;2015;8;14;11017.0;11017.0;0.0;11017.0;5;0;0;0;0;0;0;0;8.0;2;0;10;0;0;0;546.8899735913355;05;7;1;Depot;H509;79;Warm (20° bis 31,99° C);Abend;Klar;Texas;Sommer;Kollision;Train Handling/Train Makeup;Human Factors;Depot/Rangieren, Lokomotive;9862.143048966072;Nicht Signifikant;False
3043;0815ST002;2015;8;2;71275.0;71275.0;3323.0;67952.0;6;3;0;0;0;0;0;0;10.0;3;0;31;0;0;1;1442.0;01;7;1;Depot;H307;91;Heiß (>= 32° C);Tag;Klar;Arizona;Sommer;Entgleisung;General Switching Rules;Human Factors;Depot/Rangieren, Depot/Rangieren;65053.69801332562;Nicht Signifikant;False
3044;0816HO052;2016;8;26;384191.0;384191.0;293997.0;90194.0;3;0;0;0;0;0;0;0;3.9542723449729715;44;7;0;0;0;0;4898.256439118408;01;5;1;Depot;T111;90;Heiß (>= 32° C);Tag;Klar;Texas;Sommer;Entgleisung;Track Geometry;Track, Roadbed and Structures;EinzelneWagen, Güterzug;340293.1798051373;Signifikant;False
3045;0816NP025;2016;8;27;84939.0;84939.0;5984.0;78955.0;5;0;0;0;0;0;0;0;2.5;13;3;26;0;0;0;2478.0;01;7;1;Depot;S016;78;Warm (20° bis 31,99° C);Abend;Nebel;Nebraska;Sommer;Entgleisung;SIGNAL AND COMMUNICATION;Signal and Communication;Depot/Rangieren, Depot/Rangieren;75501.33333333333;Nicht Signifikant;False
3046;0817KC018;2017;8;16;133037.0;133037.0;10038.0;122999.0;4;0;0;0;0;0;0;0;2.958916643910756;128;0;21;0;0;6;10849.0;01;6;1;Depot;H303;88;Warm (20° bis 31,99° C);Tag;Klar;Oklahoma;Sommer;Entgleisung;General Switching Rules;Human Factors;EinzelneWagen, Güterzug;113609.73526900086;Nicht Signifikant;False
3047;0817PD012;2017;8;16;33500.0;33500.0;1760.0;31740.0;2;0;0;0;0;0;0;0;0.9682052417863254;4;3;2;0;0;1;752.2564391184076;01;7;1;Depot;S007;61;Moderat (0° bis 19,99° C);Abend;Klar;Oregon;Sommer;Entgleisung;SIGNAL AND COMMUNICATION;Signal and Communication;Depot/Rangieren, EinzelneWagen;28608.02732707088;Nicht Signifikant;False
3048;0817SL021;2017;8;15;965508.0;965508.0;78460.0;887048.0;6;2;0;1;0;0;0;0;28.838164871528356;131;4;114;0;0;12;20104.0;03;1;4;Hauptstrecke;H605;72;Warm (20° bis 31,99° C);Tag;Wolkig;Missouri;Sommer;Kollision;Speed;Human Factors;Güterzug, Güterzug;822128.7465940054;Signifikant;False
3049;0817TC001;2017;8;1;16357.0;16357.0;383.0;15974.0;3;0;0;0;0;0;0;0;3.9542723449729715;32;0;41;0;0;1;5740.280520531615;03;6;4;Hauptstrecke;H302;65;Moderat (0° bis 19,99° C);Abend;Klar;Iowa;Sommer;Kollision;General Switching Rules;Human Factors;EinzelneWagen, Güterzug;13847.781916694887;Nicht Signifikant;False
3050;081895;1994;4;10;14850.0;14850.0;3000.0;11850.0;2;0;0;0;0;0;0;0;3.9542723449729715;10;1;8;0;0;1;1417.8899735913355;01;7;1;Depot;H704;65;Moderat (0° bis 19,99° C);Tag;Wolkig;Virginia;Frühling;Entgleisung;Switches, Use of;Human Factors;Depot/Rangieren, Lokomotive;12596.488251760115;Nicht Signifikant;False
3051;0818ES008;2018;8;6;40000.0;40000.0;0.0;40000.0;0;0;0;1;0;0;0;0;14.903185056657339;0;0;2;0;0;0;130.67276760464793;09;A;4;Hauptstrecke;H997;100;Heiß (>= 32° C);Tag;Klar;Arkansas;Sommer;Kollision;Miscellaneous;Human Factors;Wartungszug, Wartungszug;34653.036472320884;Signifikant;False
3052;0818FW048;2018;8;31;70735.0;70735.0;68647.0;2088.0;2;0;0;0;0;0;0;0;3.9542723449729715;21;4;18;0;0;2;2931.0;01;7;1;Depot;M411;100;Heiß (>= 32° C);Tag;Klar;Texas;Sommer;Entgleisung;Unusual Operational Situations;Miscellaneous Causes;Depot/Rangieren, EinzelneWagen;60711.52690756158;Nicht Signifikant;False
3053;0818HO033;2018;8;18;89405.0;89405.0;450.0;88955.0;4;0;0;0;0;0;0;0;4.0;45;1;49;0;0;0;10372.0;01;7;1;Depot;M201;90;Heiß (>= 32° C);Tag;Klar;Texas;Sommer;Entgleisung;Loading Procedures;Loading;Depot/Rangieren, Depot/Rangieren;78420.85258172038;Nicht Signifikant;False
3054;0818SL017;2018;8;26;225149.0;225149.0;31679.0;193470.0;4;0;0;0;0;0;0;0;4.949628046035187;68;6;45;0;0;3;9463.0;01;7;1;Depot;M405;92;Heiß (>= 32° C);Tag;Klar;Illinois;Sommer;Entgleisung;Unusual Operational Situations;Miscellaneous Causes;Depot/Rangieren, Güterzug;193793.25185057666;Signifikant;False
3055;0819RM002;2019;8;3;21914.0;21914.0;6840.0;15074.0;1;0;0;0;0;0;0;0;9.926406551346263;23;0;27;0;0;1;9367.0;01;7;1;Depot;E07C;90;Heiß (>= 32° C);Tag;Wolkig;Wyoming;Sommer;Entgleisung;Brakes;Mechanical and Electrical Failures;Depot/Rangieren, EinzelneWagen;19686.770078457204;Nicht Signifikant;False
3056;0819RM029;2019;8;25;348735.0;348735.0;124814.0;223921.0;3;0;0;0;0;0;0;0;6.940339448159618;34;1;19;0;0;3;5199.0;01;5;1;Depot;H702;105;Heiß (>= 32° C);Abend;Klar;Nevada;Sommer;Entgleisung;Switches, Use of;Human Factors;EinzelneWagen, Güterzug;314203.98234075145;Signifikant;False
3057;0819ST015;2019;8;13;597083.0;597083.0;76620.0;520463.0;2;0;0;0;0;0;0;0;12.868710481799365;36;7;9;0;0;9;5015.0;01;7;3;Depot;H601;87;Warm (20° bis 31,99° C);Abend;Klar;Arizona;Sommer;Entgleisung;Speed;Human Factors;Depot/Rangieren, EinzelneWagen, EinzelneWagen, EinzelneWagen;532064.6943503831;Signifikant;False
3058;082054;1994;5;1;10225.0;10225.0;75.0;10150.0;2;0;0;0;0;0;0;0;4.0;11;0;8;0;0;1;836.0;02;1;1;Depot;H602;50;Moderat (0° bis 19,99° C);Tag;Wolkig;Missouri;Frühling;Kollision;Speed;Human Factors;Güterzug, Güterzug;8673.339553821359;Nicht Signifikant;False
3059;082232;1994;5;24;20400.0;20400.0;0.0;20400.0;4;1;0;0;0;0;0;0;4.0;23;0;42;0;0;1;3174.0;04;7;1;Depot;H702;81;Warm (20° bis 31,99° C);Tag;Klar;North Carolina;Frühling;Kollision;Switches, Use of;Human Factors;Depot/Rangieren, Depot/Rangieren;17304.266689286622;Nicht Signifikant;False
3060;08242010;2010;8;24;56145.0;56145.0;9785.0;102505.0;1;0;0;0;0;0;0;0;24.0;3;1;5;0;0;4;565.336383802324;01;1;1;Depot;T110;80;Warm (20° bis 31,99° C);Tag;Klar;Kansas;Sommer;Entgleisung;Track Geometry;Track, Roadbed and Structures;Güterzug, Wartungszug;44520.656569661405;Nicht Signifikant;True