index;INCDTNO;YEAR4;MONTH;DAY;ACCDMG;INFRASTRUCTURE_DMG;TRKDMG;EQPDMG;LOCOMOTIVES1;LOCOMOTIVES2;RREMPKLD;RREMPINJ;PASSKLD;PASSINJ;OTHERKLD;OTHERINJ;SPEED;LOADF1;LOADF2;EMPTYF1;EMPTYP1;LOADP1;EMPTYF2;TONS;TYPE;TYPEQ;TRKCLAS;TYPTRK;ACCAUSE;TEMP;TEMP_CLUSTER;VISIBLTY;WEATHER;STATE;Jahreszeit;ACCIDENT_TYPE;ACCCAUSE_LVL1;ACCCAUSE_LVL2;EQUIPMENT_TYPE;ACCDMG_EUR;ACCTYPE;SPD_TOO_HIGH
3061;082449;1994;6;20;33750.0;33750.0;0.0;33750.0;1;0;0;0;0;0;0;0;1.9635609428485408;18;2;24;0;0;0;2928.157408444069;04;6;1;Depot;H307;86;Warm (20° bis 31,99° C);Tag;Klar;Virginia;Frühling;Kollision;General Switching Rules;Human Factors;EinzelneWagen, Güterzug;28628.3823903639;Nicht Signifikant;False
3062;082527;1994;6;29;21900.0;21900.0;0.0;21900.0;7;0;0;0;0;0;0;0;4.5;82;0;117;0;0;1;13602.0;04;7;1;Depot;H702;87;Warm (20° bis 31,99° C);Tag;Regen;Alabama;Sommer;Kollision;Switches, Use of;Human Factors;Depot/Rangieren, Güterzug;18576.639239969463;Nicht Signifikant;False
3063;082582;1994;7;5;30900.0;30900.0;300.0;30600.0;5;2;0;0;0;0;0;0;4.949628046035187;31;0;80;0;0;0;5774.889973591336;05;1;1;Depot;H401;71;Warm (20° bis 31,99° C);Abend;Regen;Georgia;Sommer;Kollision;Main Track Authority;Human Factors;Güterzug, Lokomotive;26210.8745440665;Nicht Signifikant;False
3064;082806;1994;7;31;36000.0;36000.0;1000.0;35000.0;5;0;0;0;0;0;0;0;11.889490604627591;185;2;60;0;0;2;21837.66687364009;01;7;2;Depot;H306;65;Moderat (0° bis 19,99° C);Abend;Wolkig;Ohio;Sommer;Entgleisung;General Switching Rules;Human Factors;Depot/Rangieren, EinzelneWagen, Güterzug;30536.941216388157;Nicht Signifikant;False
3065;082895;1995;8;28;39825.0;39825.0;1075.0;38750.0;2;0;0;0;0;0;0;0;3.0;21;0;17;0;0;2;2979.2349051227156;03;7;2;Depot;M599;90;Heiß (>= 32° C);Tag;Klar;Illinois;Sommer;Kollision;Other Miscellaneous;Miscellaneous Causes;Depot/Rangieren, EinzelneWagen;33781.491220629396;Nicht Signifikant;False
3066;0830001;1985;8;24;9850.0;9850.0;2500.0;7350.0;2;0;0;0;0;0;0;0;7.935695149221832;79;5;88;0;0;6;11298.542052406221;01;6;1;Depot;T220;86;Warm (20° bis 31,99° C);Tag;Regen;Indiana;Sommer;Entgleisung;Rail, Joint Bar and Rail Anchoring;Track, Roadbed and Structures;EinzelneWagen, Güterzug;8355.246416150649;Nicht Signifikant;False
3067;0830001;1986;9;29;53000.0;53000.0;0.0;53000.0;2;0;0;0;0;0;0;0;19.879963561968417;4;0;10;0;0;1;830.753782028996;03;6;4;Hauptstrecke;H204;81;Warm (20° bis 31,99° C);Tag;Klar;Illinois;Herbst;Kollision;Flagging, Fixed, Hand and Radio Signals;Human Factors;EinzelneWagen, Lokomotive;44957.163457460345;Nicht Signifikant;False
3068;0830001;1988;2;1;8900.0;8900.0;0.0;8900.0;3;0;0;0;0;0;0;0;3.0;17;2;29;0;0;0;2925.820142294356;09;7;1;Depot;M404;25;Kalt (-30° - 0,01° C);Tag;Klar;Indiana;Winter;Kollision;Unusual Operational Situations;Miscellaneous Causes;Depot/Rangieren, EinzelneWagen;7549.41046738485;Nicht Signifikant;False
3069;0830001;1988;5;21;5500.0;5500.0;1000.0;4500.0;1;0;0;0;0;0;0;0;3.5;5;0;21;0;0;3;1409.647398120594;01;7;1;Depot;H305;72;Warm (20° bis 31,99° C);Tag;Klar;Indiana;Frühling;Entgleisung;General Switching Rules;Human Factors;Depot/Rangieren, EinzelneWagen;4665.366019170413;Nicht Signifikant;False
3070;0830001;1988;8;30;139750.0;139750.0;40000.0;99750.0;4;0;0;2;0;0;0;0;29.5;57;4;48;0;0;11;7441.0;01;4;4;Hauptstrecke;E52C;60;Moderat (0° bis 19,99° C);Abend;Klar;Ohio;Sommer;Entgleisung;Axles and Journal Bearings;Mechanical and Electrical Failures;Arbeitszug, Güterzug;118542.70930528459;Signifikant;False
3071;0830002;1985;3;18;33600.0;33600.0;12600.0;21000.0;3;0;0;0;0;0;0;0;5.944983747097401;65;9;34;0;0;1;7571.547955384349;01;7;1;Depot;T110;42;Moderat (0° bis 19,99° C);Tag;Klar;Indiana;Winter;Entgleisung;Track Geometry;Track, Roadbed and Structures;Depot/Rangieren, EinzelneWagen;28501.145135295614;Nicht Signifikant;False
3072;0830002;1985;10;4;20125.0;20125.0;125.0;20000.0;5;0;0;0;0;0;0;0;2.0;35;2;23;0;0;2;3340.0;04;7;1;Depot;H702;62;Moderat (0° bis 19,99° C);Abend;Klar;Indiana;Herbst;Kollision;Switches, Use of;Human Factors;Depot/Rangieren, Güterzug;17070.998388328102;Nicht Signifikant;False
3073;0830002;1986;2;3;6650.0;6650.0;2500.0;4150.0;5;0;0;0;0;0;0;0;5.0;64;2;119;0;0;3;13887.0;01;7;1;Depot;T311;31;Kalt (-30° - 0,01° C);Abend;Klar;Indiana;Winter;Entgleisung;Frogs, Switches and Track Appliances;Track, Roadbed and Structures;Depot/Rangieren, Güterzug;5640.85164136059;Nicht Signifikant;False
3074;0830002;1986;9;28;10439.0;10439.0;14.0;10425.0;4;0;0;0;0;0;0;0;3.0;33;2;23;0;0;1;3838.0;01;7;1;Depot;T311;60;Moderat (0° bis 19,99° C);Abend;Klar;Indiana;Herbst;Entgleisung;Frogs, Switches and Track Appliances;Track, Roadbed and Structures;Depot/Rangieren, Depot/Rangieren;8854.864704385443;Nicht Signifikant;False
3075;0830002;1989;2;7;14950.0;14950.0;0.0;14950.0;3;0;0;0;0;0;0;0;5.0;0;0;0;0;0;0;69.7799471826711;02;8;1;Depot;H999;21;Kalt (-30° - 0,01° C);Abend;Wolkig;Ohio;Winter;Kollision;Miscellaneous;Human Factors;Lokomotive, Lokomotive;12681.313088472303;Nicht Signifikant;False
3076;0830002;1990;11;13;6500.0;6500.0;0.0;6500.0;1;0;0;0;0;0;0;0;5.0;5;0;5;0;0;0;790.7991208839055;04;6;1;Nebenstrecke;H020;31;Kalt (-30° - 0,01° C);Abend;Klar;West Virginia;Herbst;Kollision;Brakes, Use of;Human Factors;EinzelneWagen, Lokomotive;5513.614386292306;Nicht Signifikant;False
3077;083142;1994;9;10;7400.0;7400.0;800.0;6600.0;7;0;0;0;0;0;0;0;25.5;112;0;174;0;0;2;17586.0;01;1;4;Hauptstrecke;E21C;85;Warm (20° bis 31,99° C);Tag;Klar;Kentucky;Sommer;Entgleisung;Body;Mechanical and Electrical Failures;Güterzug, Güterzug;6277.03791670201;Nicht Signifikant;False
3078;083186;1994;9;15;13700.0;13700.0;0.0;13700.0;1;0;0;0;0;0;0;0;2.958916643910756;59;1;5;0;0;0;6934.73659952542;04;7;1;Depot;H099;80;Warm (20° bis 31,99° C);Tag;Klar;North Carolina;Sommer;Kollision;Brakes, Use of;Human Factors;Depot/Rangieren, EinzelneWagen;11621.002629569937;Nicht Signifikant;False
3079;083187;1994;9;16;9800.0;9800.0;0.0;9800.0;3;1;0;0;0;0;0;0;7.935695149221832;19;1;10;0;0;0;2151.0;04;7;2;Depot;H603;76;Warm (20° bis 31,99° C);Abend;Wolkig;Illinois;Sommer;Kollision;Speed;Human Factors;Depot/Rangieren, Depot/Rangieren;8312.833997794554;Nicht Signifikant;False
3080;083268;1994;9;25;27600.0;27600.0;0.0;27600.0;5;0;0;0;0;0;0;0;5.5;79;0;51;0;0;0;10151.889973591336;04;1;2;Depot;H702;78;Warm (20° bis 31,99° C);Abenddämmerung;Wolkig;Georgia;Herbst;Kollision;Switches, Use of;Human Factors;Güterzug, Lokomotive;23411.654932564255;Nicht Signifikant;False
3081;083328;1994;10;2;8270.0;8270.0;1870.0;6400.0;1;0;0;0;0;0;0;0;7.935695149221832;25;1;32;0;0;0;3907.6097281635757;01;7;1;Depot;H305;72;Warm (20° bis 31,99° C);Tag;Klar;Tennessee;Herbst;Entgleisung;General Switching Rules;Human Factors;Depot/Rangieren, EinzelneWagen;7015.013996098057;Nicht Signifikant;False
3082;083389;1994;10;10;14500.0;14500.0;0.0;14500.0;0;0;0;0;0;0;0;0;5.0;2;2;0;0;0;0;336.5128782368152;04;5;1;Depot;H399;60;Moderat (0° bis 19,99° C);Tag;Wolkig;Virginia;Herbst;Kollision;General Switching Rules;Human Factors;EinzelneWagen, EinzelneWagen;12299.601323267452;Nicht Signifikant;False
3083;083766;1994;11;21;15300.0;15300.0;0.0;15300.0;6;0;0;0;0;0;0;0;4.0;39;3;60;0;0;1;5479.0;04;7;1;Depot;H210;66;Moderat (0° bis 19,99° C);Tag;Regen;North Carolina;Herbst;Kollision;Flagging, Fixed, Hand and Radio Signals;Human Factors;Depot/Rangieren, Depot/Rangieren, Güterzug;12978.200016964967;Nicht Signifikant;False
3084;083927;1994;12;8;39800.0;39800.0;1400.0;38400.0;1;0;0;0;0;0;0;0;2.958916643910756;47;1;19;0;0;3;5785.336383802324;01;7;1;Depot;H702;67;Moderat (0° bis 19,99° C);Tag;Wolkig;Alabama;Herbst;Entgleisung;Switches, Use of;Human Factors;Depot/Rangieren, EinzelneWagen;33760.28501145135;Nicht Signifikant;False
3085;083953;1994;12;11;7700.0;7700.0;200.0;7500.0;2;0;0;0;0;0;0;0;4.949628046035187;20;2;24;0;0;0;3029.818177811104;01;6;1;Depot;T210;52;Moderat (0° bis 19,99° C);Tag;Klar;North Carolina;Herbst;Entgleisung;Rail, Joint Bar and Rail Anchoring;Track, Roadbed and Structures;EinzelneWagen, Güterzug;6531.512426838578;Nicht Signifikant;False
3086;084119;1994;12;30;229500.0;229500.0;1000.0;228500.0;10;1;0;0;0;0;0;0;18.91687950868709;133;1;129;0;0;10;19160.0;03;1;3;Hauptstrecke;H215;37;Moderat (0° bis 19,99° C);Tag;Wolkig;Georgia;Winter;Kollision;Flagging, Fixed, Hand and Radio Signals;Human Factors;Güterzug, Güterzug, Güterzug;194673.0002544745;Signifikant;False
3087;084242;1995;1;13;8850.0;8850.0;0.0;8850.0;4;0;0;0;0;0;0;0;3.9542723449729715;67;1;13;0;0;0;6712.0;01;7;1;Depot;H020;60;Moderat (0° bis 19,99° C);Abend;Klar;Ohio;Winter;Entgleisung;Brakes, Use of;Human Factors;Depot/Rangieren, Güterzug;7506.998049028755;Nicht Signifikant;False
3088;084390;1995;1;30;2971120.0;2971120.0;60500.0;2910620.0;5;5;0;5;0;0;0;0;23.0;75;11;63;0;0;0;9982.0;02;1;3;Hauptstrecke;H204;28;Kalt (-30° - 0,01° C);Tag;Schnee;Virginia;Winter;Kollision;Flagging, Fixed, Hand and Radio Signals;Human Factors;Güterzug, Güterzug;2520247.6885231994;Schwer;False
3089;084618;1995;2;23;7154.0;7154.0;400.0;6754.0;6;2;0;0;0;0;0;0;6.5;83;3;127;0;0;2;13679.0;04;1;1;Depot;H020;68;Warm (20° bis 31,99° C);Tag;Klar;Georgia;Winter;Kollision;Brakes, Use of;Human Factors;Güterzug, Güterzug;6068.368818390024;Nicht Signifikant;False
3090;084669;1995;3;1;6811.0;6811.0;0.0;6811.0;0;0;0;0;0;0;0;0;2.5;41;0;23;0;0;1;5435.581822354408;04;6;1;Depot;H021;32;Moderat (0° bis 19,99° C);Tag;Wolkig;Kentucky;Winter;Kollision;Brakes, Use of;Human Factors;EinzelneWagen, EinzelneWagen;5777.419628467215;Nicht Signifikant;False
3091;084829;1995;3;17;16700.0;16700.0;700.0;16000.0;3;0;0;1;0;0;0;0;7.935695149221832;34;0;21;0;0;3;4520.647398120594;01;5;1;Depot;H702;60;Moderat (0° bis 19,99° C);Tag;Wolkig;Georgia;Winter;Entgleisung;Switches, Use of;Human Factors;EinzelneWagen, Güterzug;14165.747730935616;Signifikant;False
3092;085089;1995;4;20;11694.0;11694.0;200.0;11494.0;2;0;0;0;0;0;0;0;5.0;15;0;25;0;0;1;1927.0;04;7;2;Depot;H403;40;Moderat (0° bis 19,99° C);Tag;Wolkig;Illinois;Frühling;Kollision;Main Track Authority;Human Factors;Depot/Rangieren, Depot/Rangieren;9919.41640512342;Nicht Signifikant;False
3093;085139;1995;4;26;10000.0;10000.0;0.0;10000.0;3;0;0;1;0;0;0;0;4.949628046035187;22;0;40;0;0;0;3939.7004738172814;04;7;1;Depot;H702;77;Warm (20° bis 31,99° C);Tag;Klar;Georgia;Frühling;Kollision;Switches, Use of;Human Factors;Depot/Rangieren, Güterzug;8482.483671218932;Signifikant;False
3094;085185;1995;5;5;11850.0;11850.0;0.0;11850.0;3;0;0;0;0;0;0;0;8.0;18;1;1;0;0;0;1678.0;04;7;1;Depot;H702;65;Moderat (0° bis 19,99° C);Abend;Wolkig;Tennessee;Frühling;Kollision;Switches, Use of;Human Factors;Depot/Rangieren, Depot/Rangieren;10051.743150394435;Nicht Signifikant;False
3095;085273;1995;5;17;19800.0;19800.0;0.0;19800.0;1;0;0;0;0;0;0;0;5.5;10;3;0;0;0;0;1130.7712881769246;04;6;1;Depot;H021;77;Warm (20° bis 31,99° C);Tag;Wolkig;West Virginia;Frühling;Kollision;Brakes, Use of;Human Factors;EinzelneWagen, Güterzug;16795.317669013486;Nicht Signifikant;False
3096;085583;1995;6;23;10500.0;10500.0;800.0;9700.0;5;0;0;0;0;0;0;0;6.940339448159618;21;3;17;0;0;0;5059.62290464548;04;6;1;Depot;H307;69;Warm (20° bis 31,99° C);Abend;Klar;Georgia;Sommer;Kollision;General Switching Rules;Human Factors;EinzelneWagen, Güterzug;8906.607854779879;Nicht Signifikant;False
3097;085598;1995;6;25;7100.0;7100.0;300.0;6800.0;3;1;0;0;0;0;0;0;5.944983747097401;0;0;121;0;0;2;3805.0;04;1;1;Depot;H603;78;Warm (20° bis 31,99° C);Tag;Wolkig;Virginia;Sommer;Kollision;Speed;Human Factors;Güterzug, Güterzug;6022.563406565442;Nicht Signifikant;False
3098;085691;1995;7;8;17600.0;17600.0;0.0;17600.0;2;0;0;0;0;0;0;0;5.0;10;1;64;0;0;0;3555.0;04;7;1;Depot;H307;83;Warm (20° bis 31,99° C);Tag;Klar;Illinois;Sommer;Kollision;General Switching Rules;Human Factors;Depot/Rangieren, Depot/Rangieren;14929.171261345322;Nicht Signifikant;False
3099;085835;1995;7;28;20800.0;20800.0;400.0;20400.0;3;0;0;0;0;0;0;0;6.5;63;2;52;0;0;1;8044.0;04;7;1;Depot;H702;92;Heiß (>= 32° C);Tag;Klar;Illinois;Sommer;Kollision;Switches, Use of;Human Factors;Depot/Rangieren, Güterzug;17643.56603613538;Nicht Signifikant;False
3100;085846;1995;7;30;15700.0;15700.0;0.0;15700.0;4;0;0;0;0;0;0;0;1.9635609428485408;113;1;22;0;0;0;13829.0;04;7;1;Depot;H211;82;Warm (20° bis 31,99° C);Abend;Klar;Illinois;Sommer;Kollision;Flagging, Fixed, Hand and Radio Signals;Human Factors;Depot/Rangieren, Depot/Rangieren;13317.499363813724;Nicht Signifikant;False
3101;085932;1995;8;11;7650.0;7650.0;0.0;7650.0;1;0;0;0;0;0;0;0;7.0;19;0;9;0;0;3;2453.9196717083696;04;7;1;Depot;H020;94;Heiß (>= 32° C);Tag;Wolkig;Louisiana;Sommer;Kollision;Brakes, Use of;Human Factors;Depot/Rangieren, EinzelneWagen;6489.100008482484;Nicht Signifikant;False
3102;086009;1995;8;21;10850.0;10850.0;250.0;10600.0;6;0;0;0;0;0;0;0;3.9542723449729715;100;2;44;0;0;2;12221.0;04;7;1;Depot;H702;73;Warm (20° bis 31,99° C);Abend;Nebel;Alabama;Sommer;Kollision;Switches, Use of;Human Factors;Depot/Rangieren, Güterzug;9203.494783272541;Nicht Signifikant;False
3103;086168;1995;9;7;19000.0;19000.0;0.0;19000.0;0;0;0;1;0;0;0;0;29.83352057259057;2;2;0;0;0;0;336.5128782368152;09;5;3;Hauptstrecke;H199;70;Warm (20° bis 31,99° C);Tag;Wolkig;Illinois;Sommer;Kollision;Employee Physical Condition;Human Factors;EinzelneWagen, EinzelneWagen;16116.718975315971;Signifikant;False
3104;086550;1995;10;19;11000.0;11000.0;0.0;11000.0;1;0;0;0;0;0;0;0;2.958916643910756;3;0;1;0;0;1;341.8164184217309;04;7;1;Depot;H702;75;Warm (20° bis 31,99° C);Tag;Klar;North Carolina;Herbst;Kollision;Switches, Use of;Human Factors;Depot/Rangieren, EinzelneWagen;9330.732038340826;Nicht Signifikant;False
3105;086641;1995;11;1;36000.0;36000.0;0.0;36000.0;8;0;0;0;0;0;0;0;5.0;173;3;172;0;0;3;26572.0;01;1;3;Hauptstrecke;E21C;54;Moderat (0° bis 19,99° C);Abend;Wolkig;Virginia;Herbst;Entgleisung;Body;Mechanical and Electrical Failures;Güterzug, Güterzug;30536.941216388157;Nicht Signifikant;False
3106;086699;1995;11;6;26700.0;26700.0;0.0;26700.0;5;0;0;0;0;0;0;0;5.0;58;1;111;0;0;0;10703.0;05;7;1;Depot;M408;54;Moderat (0° bis 19,99° C);Abend;Regen;Alabama;Herbst;Kollision;Unusual Operational Situations;Miscellaneous Causes;Depot/Rangieren, Depot/Rangieren;22648.23140215455;Nicht Signifikant;False
3107;086705;1995;11;7;40800.0;40800.0;500.0;40300.0;3;1;0;0;0;0;0;0;9.926406551346263;8;1;0;0;0;0;1074.8899735913355;02;1;1;Industriestrecke;H605;75;Warm (20° bis 31,99° C);Tag;Wolkig;Florida;Herbst;Kollision;Speed;Human Factors;Güterzug, Lokomotive;34608.533378573244;Nicht Signifikant;False
3108;086785;1995;11;14;19700.0;19700.0;0.0;19700.0;4;0;0;0;0;0;0;0;3.5;29;0;51;0;0;2;7117.0;04;7;1;Depot;H307;44;Moderat (0° bis 19,99° C);Tag;Klar;Georgia;Herbst;Kollision;General Switching Rules;Human Factors;Depot/Rangieren, Güterzug;16710.492832301297;Nicht Signifikant;False
3109;086832;1995;11;19;10100.0;10100.0;0.0;10100.0;3;0;0;0;0;0;0;0;4.949628046035187;30;0;0;0;0;0;3336.0;04;7;1;Depot;H702;43;Moderat (0° bis 19,99° C);Abend;Nebel;Georgia;Herbst;Kollision;Switches, Use of;Human Factors;Depot/Rangieren, Depot/Rangieren;8567.308507931122;Nicht Signifikant;False
3110;086834;1995;11;19;15700.0;15700.0;0.0;15700.0;6;0;0;0;0;0;0;0;11.889490604627591;52;0;137;0;0;2;10265.895443007768;01;6;2;Depot;H307;60;Moderat (0° bis 19,99° C);Abend;Klar;Georgia;Herbst;Entgleisung;General Switching Rules;Human Factors;EinzelneWagen, EinzelneWagen, Güterzug;13317.499363813724;Nicht Signifikant;False
3111;086914;1995;11;30;7775.0;7775.0;0.0;7775.0;1;0;0;0;0;0;0;0;1.5;23;1;1;0;0;1;2160.5738429509893;04;7;1;Depot;H020;45;Moderat (0° bis 19,99° C);Abend;Klar;South Carolina;Herbst;Kollision;Brakes, Use of;Human Factors;Depot/Rangieren, EinzelneWagen;6595.13105437272;Nicht Signifikant;False
3112;087179;1995;12;30;20300.0;20300.0;1200.0;19100.0;1;0;0;0;0;0;0;0;3.9542723449729715;0;0;105;0;0;4;3158.6197511645805;01;6;1;Depot;T313;30;Kalt (-30° - 0,01° C);Tag;Klar;West Virginia;Winter;Entgleisung;Frogs, Switches and Track Appliances;Track, Roadbed and Structures;EinzelneWagen, Güterzug;17219.441852574433;Nicht Signifikant;False
3113;087344;1996;1;13;9786.0;9786.0;586.0;9200.0;1;0;0;0;0;0;0;0;2.0;2;2;6;0;0;1;699.5956697513728;04;6;1;Depot;H020;30;Kalt (-30° - 0,01° C);Abend;Wolkig;Kentucky;Winter;Kollision;Brakes, Use of;Human Factors;EinzelneWagen, Güterzug;8300.958520654847;Nicht Signifikant;False
3114;087349;1996;1;14;16308.0;16308.0;0.0;16308.0;6;0;0;0;0;0;0;0;2.0;43;1;111;0;0;1;8331.0;04;7;1;Depot;H210;68;Warm (20° bis 31,99° C);Tag;Klar;Alabama;Winter;Kollision;Flagging, Fixed, Hand and Radio Signals;Human Factors;Depot/Rangieren, Depot/Rangieren;13833.234371023835;Nicht Signifikant;False
3115;087545;1996;1;31;19025.0;19025.0;300.0;18725.0;7;1;0;0;0;0;0;0;7.935695149221832;0;0;0;0;0;0;69.7799471826711;04;8;1;Depot;H702;30;Kalt (-30° - 0,01° C);Tag;Wolkig;Alabama;Winter;Kollision;Switches, Use of;Human Factors;Lokomotive, Lokomotive;16137.925184494019;Nicht Signifikant;False
3116;087674;1996;2;10;9252.0;9252.0;0.0;9252.0;5;0;0;0;0;0;0;0;1.9635609428485408;12;0;124;0;0;0;5582.407151397907;04;7;1;Depot;S007;71;Warm (20° bis 31,99° C);Tag;Klar;Georgia;Winter;Kollision;SIGNAL AND COMMUNICATION;Signal and Communication;Depot/Rangieren, Depot/Rangieren;7847.993892611757;Nicht Signifikant;False
3117;087847;1996;3;2;40379.0;40379.0;300.0;40079.0;2;0;0;0;0;0;0;0;5.944983747097401;19;4;24;0;0;1;2778.2820023339536;01;6;1;Depot;H702;20;Kalt (-30° - 0,01° C);Abend;Nebel;Indiana;Winter;Entgleisung;Switches, Use of;Human Factors;EinzelneWagen, Güterzug;34251.42081601493;Nicht Signifikant;False
3118;087860;1996;3;4;69388.0;69388.0;0.0;69388.0;5;0;0;0;0;0;0;0;4.5;36;2;9;0;0;0;4478.283004130499;04;7;1;Depot;M599;68;Warm (20° bis 31,99° C);Tag;Klar;Alabama;Winter;Kollision;Other Miscellaneous;Miscellaneous Causes;Depot/Rangieren, Depot/Rangieren;58858.25769785393;Nicht Signifikant;False
3119;087951;1996;3;12;61500.0;61500.0;15000.0;46500.0;5;0;0;0;0;0;0;0;14.903185056657339;140;26;85;0;0;24;19851.0;01;1;2;Depot;H525;35;Moderat (0° bis 19,99° C);Abend;Wolkig;Ohio;Winter;Entgleisung;Train Handling/Train Makeup;Human Factors;Güterzug, Güterzug;52167.27457799643;Nicht Signifikant;False
3120;087985;1996;3;15;17902.0;17902.0;0.0;17902.0;1;0;0;0;0;0;0;0;3.9542723449729715;25;2;0;0;0;0;2952.93364240976;01;6;1;Industriestrecke;E40C;68;Warm (20° bis 31,99° C);Tag;Wolkig;Georgia;Winter;Entgleisung;Truck Components;Mechanical and Electrical Failures;EinzelneWagen, Güterzug;15185.342268216133;Nicht Signifikant;False
3121;088008;1996;3;19;7253.0;7253.0;0.0;7253.0;1;0;0;0;0;0;0;0;3.9542723449729715;1;0;1;0;0;0;213.98378192291796;04;7;1;Depot;H301;30;Kalt (-30° - 0,01° C);Tag;Schnee;Kentucky;Winter;Kollision;General Switching Rules;Human Factors;Depot/Rangieren, EinzelneWagen;6152.345406735091;Nicht Signifikant;False
3122;088061;1996;3;23;7950.0;7950.0;2600.0;5350.0;2;0;0;0;0;0;0;0;4.949628046035187;152;2;0;0;0;0;21190.038464176505;04;6;1;Industriestrecke;H702;42;Moderat (0° bis 19,99° C);Tag;Klar;Virginia;Frühling;Kollision;Switches, Use of;Human Factors;EinzelneWagen, Güterzug;6743.574518619052;Nicht Signifikant;False
3123;088075;1996;3;25;13556.0;13556.0;800.0;12756.0;5;1;0;0;0;0;0;0;2.958916643910756;5;0;6;0;0;0;824.8899735913355;04;1;1;Industriestrecke;H401;32;Moderat (0° bis 19,99° C);Abend;Klar;Ohio;Frühling;Kollision;Main Track Authority;Human Factors;Güterzug, Lokomotive;11498.854864704384;Nicht Signifikant;False
3124;088118;1996;3;28;13109.0;13109.0;634.0;12475.0;4;0;0;0;0;0;0;0;7.935695149221832;27;2;41;0;0;0;4481.257393117848;04;6;3;Hauptstrecke;H307;50;Moderat (0° bis 19,99° C);Abend;Wolkig;Alabama;Frühling;Kollision;General Switching Rules;Human Factors;EinzelneWagen, Güterzug;11119.687844600898;Nicht Signifikant;False
3125;088137;1996;3;30;8800.0;8800.0;0.0;8800.0;3;0;0;0;0;0;0;0;5.5;32;0;39;0;0;1;4898.907564966898;04;7;1;Depot;M599;61;Moderat (0° bis 19,99° C);Abend;Regen;Tennessee;Frühling;Kollision;Other Miscellaneous;Miscellaneous Causes;Depot/Rangieren, Depot/Rangieren;7464.585630672661;Nicht Signifikant;False
3126;088316;1996;4;20;47992.0;47992.0;0.0;47992.0;9;0;0;1;0;0;0;0;15.898540757719555;25;0;119;0;0;0;6571.889973591336;02;1;3;Hauptstrecke;H017;62;Moderat (0° bis 19,99° C);Tag;Wolkig;Tennessee;Frühling;Kollision;Brakes, Use of;Human Factors;Güterzug, Lokomotive;40709.1356349139;Signifikant;False
3127;088444;1996;5;8;7266.0;7266.0;1193.0;6073.0;3;0;0;0;0;0;0;0;5.944983747097401;27;3;0;0;0;0;2424.6178070572846;01;6;1;Depot;H702;65;Moderat (0° bis 19,99° C);Tag;Klar;North Carolina;Frühling;Entgleisung;Switches, Use of;Human Factors;EinzelneWagen, Güterzug;6163.372635507676;Nicht Signifikant;False
3128;088501603;1985;8;16;64150.0;64150.0;150.0;64000.0;4;0;0;0;0;0;0;0;3.0;52;1;59;0;0;2;6367.0;04;1;1;Depot;E30C;75;Warm (20° bis 31,99° C);Tag;Regen;Georgia;Sommer;Kollision;Coupler and Draft System;Mechanical and Electrical Failures;Güterzug, Güterzug;54415.13275086945;Nicht Signifikant;False
3129;088506603;1985;8;4;7780.0;7780.0;580.0;7200.0;1;0;0;0;0;0;0;0;3.9542723449729715;0;0;17;0;0;1;588.8489553888811;04;7;1;Depot;H702;75;Warm (20° bis 31,99° C);Tag;Wolkig;Florida;Sommer;Kollision;Switches, Use of;Human Factors;Depot/Rangieren, EinzelneWagen;6599.372296208329;Nicht Signifikant;False
3130;088517;1996;5;18;40184.0;40184.0;559.0;39625.0;2;0;0;0;0;0;0;0;6.940339448159618;53;0;43;0;0;3;7570.723699597506;01;7;1;Depot;H211;93;Heiß (>= 32° C);Tag;Klar;Georgia;Frühling;Entgleisung;Flagging, Fixed, Hand and Radio Signals;Human Factors;Depot/Rangieren, EinzelneWagen;34086.01238442616;Nicht Signifikant;False
3131;0885NP001;1985;8;1;368600.0;368600.0;36600.0;332000.0;2;0;0;1;0;0;0;0;9.901875401795017;100;30;224;0;0;6;19002.229619386115;04;6;2;Depot;H306;69;Warm (20° bis 31,99° C);Tag;Wolkig;Nebraska;Sommer;Kollision;General Switching Rules;Human Factors;EinzelneWagen, EinzelneWagen, EinzelneWagen, EinzelneWagen, Güterzug, Güterzug;312664.34812112985;Signifikant;False
3132;0885OR027;1985;8;20;54737.0;54737.0;3387.0;51350.0;1;1;0;1;0;0;0;0;9.926406551346263;12;4;5;0;0;4;1671.4573950575966;04;6;1;Depot;H603;75;Warm (20° bis 31,99° C);Tag;Klar;Oregon;Sommer;Kollision;Speed;Human Factors;EinzelneWagen, Güterzug;46430.570871151074;Signifikant;False
3133;088603603;1986;8;20;17000.0;17000.0;0.0;17000.0;4;0;0;0;0;0;0;0;29.83352057259057;57;0;44;0;0;1;6717.816418421731;09;5;3;Hauptstrecke;H402;70;Warm (20° bis 31,99° C);Tag;Wolkig;Kentucky;Sommer;Kollision;Main Track Authority;Human Factors;EinzelneWagen, Güterzug;14420.222241072186;Nicht Signifikant;False
3134;088690;1996;6;9;14000.0;14000.0;200.0;13800.0;1;0;0;0;0;0;0;0;5.0;47;1;7;0;0;0;5265.340435881314;04;7;1;Depot;H020;70;Warm (20° bis 31,99° C);Tag;Wolkig;Illinois;Frühling;Kollision;Brakes, Use of;Human Factors;Depot/Rangieren, EinzelneWagen;11875.477139706505;Nicht Signifikant;False