index;INCDTNO;YEAR4;MONTH;DAY;ACCDMG;INFRASTRUCTURE_DMG;TRKDMG;EQPDMG;LOCOMOTIVES1;LOCOMOTIVES2;RREMPKLD;RREMPINJ;PASSKLD;PASSINJ;OTHERKLD;OTHERINJ;SPEED;LOADF1;LOADF2;EMPTYF1;EMPTYP1;LOADP1;EMPTYF2;TONS;TYPE;TYPEQ;TRKCLAS;TYPTRK;ACCAUSE;TEMP;TEMP_CLUSTER;VISIBLTY;WEATHER;STATE;Jahreszeit;ACCIDENT_TYPE;ACCCAUSE_LVL1;ACCCAUSE_LVL2;EQUIPMENT_TYPE;ACCDMG_EUR;ACCTYPE;SPD_TOO_HIGH
3135;0886GU204;1986;8;7;78700.0;78700.0;17200.0;61500.0;3;0;0;0;0;0;0;0;7.0;29;12;49;0;0;0;4671.142680149851;04;6;4;Hauptstrecke;H020;82;Warm (20° bis 31,99° C);Abend;Klar;Texas;Sommer;Kollision;Brakes, Use of;Human Factors;EinzelneWagen, Güterzug;66757.146492493;Nicht Signifikant;False
3136;0886NP201;1986;8;4;6200.0;6200.0;0.0;6200.0;2;0;0;0;0;0;0;0;2.958916643910756;3;0;21;0;0;1;1071.8899735913355;03;5;1;Depot;H299;70;Warm (20° bis 31,99° C);Tag;Klar;Nebraska;Sommer;Kollision;Flagging, Fixed, Hand and Radio Signals;Human Factors;EinzelneWagen, Güterzug;5259.139876155738;Nicht Signifikant;False
3137;0886NP203;1986;8;27;6250.0;6250.0;0.0;6250.0;0;0;0;0;0;0;0;0;3.9542723449729715;4;2;0;0;0;0;564.0277272953322;04;6;1;Depot;H301;60;Moderat (0° bis 19,99° C);Tag;Klar;Nebraska;Sommer;Kollision;General Switching Rules;Human Factors;EinzelneWagen, EinzelneWagen;5301.552294511833;Nicht Signifikant;False
3138;0886NP204;1986;8;27;15154.0;15154.0;0.0;15154.0;4;0;0;0;0;0;0;0;6.940339448159618;0;0;9;0;0;1;345.27767370097376;04;1;1;Depot;H306;74;Warm (20° bis 31,99° C);Abenddämmerung;Klar;Nebraska;Sommer;Kollision;General Switching Rules;Human Factors;Güterzug, Lokomotive;12854.35575536517;Nicht Signifikant;False
3139;0886TX203;1986;8;23;17400.0;17400.0;0.0;17400.0;2;0;0;0;0;0;0;0;5.0;34;0;19;0;0;4;8096.816544209336;06;7;1;Depot;E30C;80;Warm (20° bis 31,99° C);Abend;Klar;Texas;Sommer;Kollision;Coupler and Draft System;Mechanical and Electrical Failures;Depot/Rangieren, EinzelneWagen;14759.521587920943;Nicht Signifikant;False
3140;088712602;1987;8;9;78275.0;78275.0;1000.0;77275.0;4;0;0;1;0;0;0;0;3.0;77;1;0;0;0;0;10808.256439118408;03;4;1;Hauptstrecke;H020;98;Heiß (>= 32° C);Tag;Klar;Florida;Sommer;Kollision;Brakes, Use of;Human Factors;Arbeitszug, Güterzug;66396.6409364662;Signifikant;False
3141;0887AR201;1987;8;8;22000.0;22000.0;0.0;22000.0;5;1;0;0;0;0;0;0;6.0;0;0;0;0;0;0;69.7799471826711;04;8;1;Depot;H999;92;Heiß (>= 32° C);Tag;Klar;Arkansas;Sommer;Kollision;Miscellaneous;Human Factors;Lokomotive, Lokomotive;18661.464076681652;Nicht Signifikant;False
3142;0887ID208;1987;8;1;8300.0;8300.0;0.0;8300.0;2;0;0;0;0;0;0;0;5.0;37;3;12;0;0;2;4705.94876952935;04;1;1;Depot;H999;55;Moderat (0° bis 19,99° C);Abend;Klar;Idaho;Sommer;Kollision;Miscellaneous;Human Factors;Güterzug, Güterzug;7040.461447111714;Nicht Signifikant;False
3143;0887LA005;1987;8;6;50450.0;50450.0;500.0;49950.0;3;1;0;1;0;0;0;0;5.0;60;3;8;0;0;0;8219.0;04;7;1;Depot;H306;85;Warm (20° bis 31,99° C);Tag;Wolkig;Louisiana;Sommer;Kollision;General Switching Rules;Human Factors;Depot/Rangieren, Güterzug;42794.13012129952;Signifikant;False
3144;0887WY009;1987;8;14;143621.0;143621.0;2492.0;141129.0;7;0;0;0;0;0;0;0;66.0;185;1;0;0;0;0;9642.0;05;1;5;Hauptstrecke;M202;81;Warm (20° bis 31,99° C);Tag;Klar;Nebraska;Sommer;Kollision;Loading Procedures;Loading;Güterzug, Güterzug;121826.27873441343;Nicht Signifikant;False
3145;088805004;1988;8;2;55000.0;55000.0;1000.0;54000.0;3;1;0;1;0;0;0;0;6.940339448159618;11;2;5;0;0;3;1284.8899735913355;03;7;1;Hauptstrecke;H702;80;Warm (20° bis 31,99° C);Abend;Klar;South Carolina;Sommer;Kollision;Switches, Use of;Human Factors;Depot/Rangieren, Güterzug;46653.660191704126;Signifikant;False
3146;088812011;1988;8;5;7250.0;7250.0;0.0;7250.0;2;0;0;0;0;0;0;0;2.0;21;0;33;0;0;2;3466.3774684985306;04;7;2;Depot;H401;85;Warm (20° bis 31,99° C);Tag;Wolkig;Florida;Sommer;Kollision;Main Track Authority;Human Factors;Depot/Rangieren, Depot/Rangieren;6149.800661633726;Nicht Signifikant;False
3147;0888FW211;1988;8;24;21300.0;21300.0;800.0;20500.0;0;0;0;0;0;0;0;0;2.958916643910756;1;0;3;0;0;3;279.3167062031155;05;5;1;Depot;T306;85;Warm (20° bis 31,99° C);Abend;Klar;Texas;Sommer;Kollision;Frogs, Switches and Track Appliances;Track, Roadbed and Structures;EinzelneWagen, EinzelneWagen;18067.690219696327;Nicht Signifikant;False
3148;0888KE007;1988;8;25;30325.0;30325.0;1325.0;29000.0;4;1;0;0;0;0;0;0;24.856742067279495;47;0;59;0;0;4;6841.0;03;1;3;Hauptstrecke;H999;88;Warm (20° bis 31,99° C);Tag;Klar;Missouri;Sommer;Kollision;Miscellaneous;Human Factors;Güterzug, Güterzug;25723.13173297141;Nicht Signifikant;False
3149;0888KE201;1988;8;11;40000.0;40000.0;0.0;40000.0;4;0;0;0;0;0;0;0;23.5;0;0;89;0;0;0;3196.336383802324;03;5;4;Hauptstrecke;H305;78;Warm (20° bis 31,99° C);Tag;Klar;Missouri;Sommer;Kollision;General Switching Rules;Human Factors;EinzelneWagen, Güterzug;33929.93468487573;Nicht Signifikant;False
3150;0888KE203;1988;8;21;9200.0;9200.0;300.0;8900.0;5;0;0;0;0;0;0;0;9.926406551346263;33;4;31;0;0;0;4021.6229046454796;01;6;1;Depot;H308;60;Moderat (0° bis 19,99° C);Abend;Klar;Missouri;Sommer;Entgleisung;General Switching Rules;Human Factors;EinzelneWagen, Güterzug;7803.884977521418;Nicht Signifikant;False
3151;0888NL202;1988;8;2;22500.0;22500.0;7500.0;15000.0;4;0;0;0;0;0;0;0;1.9635609428485408;50;0;54;0;0;7;7511.742863252126;01;6;1;Depot;H099;95;Heiß (>= 32° C);Tag;Klar;Arkansas;Sommer;Entgleisung;Brakes, Use of;Human Factors;EinzelneWagen, Güterzug;19085.5882602426;Nicht Signifikant;False
3152;0888PC209;1988;8;18;17550.0;17550.0;1500.0;16050.0;2;1;0;0;0;0;0;0;3.9542723449729715;129;0;112;0;0;4;18160.405793565347;04;7;1;Depot;H603;85;Warm (20° bis 31,99° C);Tag;Klar;Idaho;Sommer;Kollision;Speed;Human Factors;Depot/Rangieren, Depot/Rangieren;14886.758842989226;Nicht Signifikant;False
3153;0888RR208;1988;8;30;14400.0;14400.0;0.0;14400.0;5;0;0;0;0;0;0;0;2.958916643910756;6;1;40;0;0;0;1989.789943795572;04;6;1;Depot;H018;66;Moderat (0° bis 19,99° C);Abend;Wolkig;Texas;Sommer;Kollision;Brakes, Use of;Human Factors;EinzelneWagen, Lokomotive;12214.776486555264;Nicht Signifikant;False
3154;0888SP201;1988;8;23;5200.0;5200.0;0.0;5200.0;11;0;0;0;0;0;0;0;2.0;0;0;0;0;0;0;69.7799471826711;04;8;4;Depot;H017;91;Heiß (>= 32° C);Tag;Klar;Oregon;Sommer;Kollision;Brakes, Use of;Human Factors;Lokomotive, Lokomotive;4410.891509033845;Nicht Signifikant;False
3155;088903021;1989;8;14;32600.0;32600.0;100.0;32500.0;9;0;0;0;0;0;0;0;2.0;37;0;82;0;0;3;6779.850395924506;04;1;1;Depot;H403;80;Warm (20° bis 31,99° C);Tag;Wolkig;Tennessee;Sommer;Kollision;Main Track Authority;Human Factors;Güterzug, Lokomotive;27652.89676817372;Nicht Signifikant;False
3156;088912031;1989;8;20;62620.0;62620.0;2500.0;60120.0;5;0;0;0;0;0;0;0;2.0;182;2;104;0;0;0;20648.0;04;1;2;Depot;H306;80;Warm (20° bis 31,99° C);Abend;Klar;Georgia;Sommer;Kollision;General Switching Rules;Human Factors;Güterzug, Güterzug;53117.312749172954;Nicht Signifikant;False
3157;088922034;1989;8;23;926500.0;926500.0;30000.0;896500.0;8;0;0;0;0;0;0;0;32.0;167;33;46;0;0;1;19190.0;05;1;3;Hauptstrecke;M199;80;Warm (20° bis 31,99° C);Abenddämmerung;Regen;Pennsylvania;Sommer;Kollision;Environmental Conditions;Environmental Conditions;Güterzug, Güterzug;785902.1121384341;Signifikant;False
3158;0889FW227;1989;8;18;14300.0;14300.0;0.0;14300.0;2;0;0;0;0;0;0;0;2.958916643910756;27;1;18;0;0;1;3710.354868887662;04;7;1;Depot;H999;77;Warm (20° bis 31,99° C);Abend;Klar;Texas;Sommer;Kollision;Miscellaneous;Human Factors;Depot/Rangieren, EinzelneWagen;12129.951649843073;Nicht Signifikant;False
3159;0889GR217;1989;8;11;7000.0;7000.0;0.0;7000.0;1;0;0;0;0;0;0;0;2.958916643910756;76;1;27;0;0;1;9558.486362720223;04;6;1;Depot;H307;52;Moderat (0° bis 19,99° C);Abend;Klar;Idaho;Sommer;Kollision;General Switching Rules;Human Factors;EinzelneWagen, Güterzug;5937.738569853253;Nicht Signifikant;False
3160;0889NL207;1989;8;22;7400.0;7400.0;100.0;7300.0;2;0;0;0;0;0;0;0;4.949628046035187;17;0;12;0;0;2;2371.97315595074;04;7;1;Depot;M207;95;Heiß (>= 32° C);Tag;Wolkig;Arkansas;Sommer;Kollision;Loading Procedures;Loading;Depot/Rangieren, EinzelneWagen;6277.03791670201;Nicht Signifikant;False
3161;0889PC207;1989;8;17;5900.0;5900.0;700.0;5200.0;1;0;0;0;0;0;0;0;1.9635609428485408;15;1;21;0;0;1;2436.6050051695256;04;7;1;Depot;M407;45;Moderat (0° bis 19,99° C);Abend;Klar;Idaho;Sommer;Kollision;Unusual Operational Situations;Miscellaneous Causes;Depot/Rangieren, EinzelneWagen;5004.6653660191705;Nicht Signifikant;False
3162;0889PL003;1989;8;8;525128.0;525128.0;69924.0;455204.0;6;5;1;4;0;0;0;0;19.0;106;6;0;0;0;0;13551.019068289586;02;7;4;Hauptstrecke;H999;75;Warm (20° bis 31,99° C);Morgendämmerung;Wolkig;Texas;Sommer;Kollision;Miscellaneous;Human Factors;Depot/Rangieren, Güterzug;445438.9685299856;Schwer;False
3163;0889PL201;1989;8;7;9100.0;9100.0;0.0;9100.0;4;0;0;0;0;0;0;0;4.949628046035187;0;0;123;0;0;1;3709.3540757012197;04;6;1;Industriestrecke;H307;75;Warm (20° bis 31,99° C);Tag;Regen;Texas;Sommer;Kollision;General Switching Rules;Human Factors;EinzelneWagen, Güterzug;7719.060140809229;Nicht Signifikant;False
3164;0889SL211;1989;8;13;25100.0;25100.0;0.0;25100.0;1;0;0;0;0;0;0;0;0.0;0;0;14;0;0;0;496.029690136509;04;6;1;Depot;M503;93;Heiß (>= 32° C);Tag;Klar;Missouri;Sommer;Kollision;Other Miscellaneous;Miscellaneous Causes;EinzelneWagen, Lokomotive;21291.03401475952;Nicht Signifikant;False
3165;089003;1996;7;20;20925.0;20925.0;16000.0;4925.0;4;0;0;0;0;0;0;0;2.958916643910756;38;1;14;0;0;0;4075.8004859122084;01;6;1;Depot;H525;92;Heiß (>= 32° C);Tag;Klar;Georgia;Sommer;Entgleisung;Train Handling/Train Makeup;Human Factors;EinzelneWagen, Güterzug;17749.597082025615;Nicht Signifikant;False
3166;089003016;1990;8;18;21964.0;21964.0;1900.0;20064.0;2;0;0;0;0;0;0;0;10.0;43;1;37;0;0;2;6110.435489983984;05;7;3;Depot;H999;70;Warm (20° bis 31,99° C);Abend;Klar;Kentucky;Sommer;Kollision;Miscellaneous;Human Factors;Depot/Rangieren, Depot/Rangieren;18630.927135465263;Nicht Signifikant;False
3167;089003025;1990;8;27;67500.0;67500.0;4000.0;63500.0;2;0;0;0;0;0;0;0;6.0;90;5;80;0;0;0;12841.706176684074;01;7;1;Depot;T220;94;Heiß (>= 32° C);Tag;Klar;Kentucky;Sommer;Entgleisung;Rail, Joint Bar and Rail Anchoring;Track, Roadbed and Structures;Depot/Rangieren, EinzelneWagen;57256.7647807278;Nicht Signifikant;False
3168;089005037;1990;8;16;46600.0;46600.0;1000.0;45600.0;3;0;0;0;0;0;0;0;5.0;62;0;89;0;0;4;9838.390915252294;04;7;1;Depot;H306;88;Warm (20° bis 31,99° C);Tag;Wolkig;South Carolina;Sommer;Kollision;General Switching Rules;Human Factors;Depot/Rangieren, Depot/Rangieren;39528.373907880225;Nicht Signifikant;False
3169;089021017;1990;8;15;23400.0;23400.0;2000.0;21400.0;6;0;0;0;0;0;0;0;10.0;155;0;2;0;0;0;14660.0;04;1;4;Hauptstrecke;H215;55;Moderat (0° bis 19,99° C);Abend;Klar;Indiana;Sommer;Kollision;Flagging, Fixed, Hand and Radio Signals;Human Factors;Güterzug, Güterzug;19849.0117906523;Nicht Signifikant;False
3170;089064;1996;7;29;19500.0;19500.0;0.0;19500.0;2;0;0;0;0;0;0;0;9.926406551346263;46;1;87;0;0;3;7763.056137341519;04;6;1;Depot;E39C;76;Warm (20° bis 31,99° C);Tag;Klar;North Carolina;Sommer;Kollision;Coupler and Draft System;Mechanical and Electrical Failures;EinzelneWagen, Güterzug;16540.84315887692;Nicht Signifikant;False
3171;089085;1996;8;1;13800.0;13800.0;0.0;13800.0;5;0;0;0;0;0;0;0;5.944983747097401;43;0;99;0;0;0;9122.0;04;1;1;Depot;S007;84;Warm (20° bis 31,99° C);Tag;Wolkig;Georgia;Sommer;Kollision;SIGNAL AND COMMUNICATION;Signal and Communication;Güterzug, Güterzug;11705.827466282128;Nicht Signifikant;False
3172;0890ES006;1990;8;7;28988.0;28988.0;1200.0;27788.0;1;0;0;1;0;0;0;0;0.0;36;2;0;0;0;0;4204.265312231603;04;6;1;Depot;H018;65;Moderat (0° bis 19,99° C);Abend;Klar;Texas;Sommer;Kollision;Brakes, Use of;Human Factors;EinzelneWagen, Güterzug;24589.02366612944;Signifikant;False
3173;0890FW003;1990;8;17;12450.0;12450.0;450.0;12000.0;4;1;0;0;0;0;0;0;5.0;58;0;85;0;0;2;9258.615507052491;04;7;1;Depot;H999;96;Heiß (>= 32° C);Tag;Klar;Texas;Sommer;Kollision;Miscellaneous;Human Factors;Depot/Rangieren, Depot/Rangieren;10560.692170667571;Nicht Signifikant;False
3174;0890FW238;1990;8;28;9500.0;9500.0;0.0;9500.0;2;0;0;0;0;0;0;0;2.5;13;2;1;0;0;0;1618.2909582696468;04;7;1;Hauptstrecke;H020;98;Heiß (>= 32° C);Tag;Klar;Texas;Sommer;Kollision;Brakes, Use of;Human Factors;Depot/Rangieren, EinzelneWagen;8058.3594876579855;Nicht Signifikant;False
3175;0890GR204;1990;8;18;15800.0;15800.0;3000.0;12800.0;5;0;0;0;0;0;0;0;15.0;62;0;90;0;0;7;11119.89566547618;01;5;1;Depot;H513;54;Moderat (0° bis 19,99° C);Tag;Wolkig;Wyoming;Sommer;Entgleisung;Train Handling/Train Makeup;Human Factors;EinzelneWagen, EinzelneWagen, EinzelneWagen, Güterzug;13402.324200525913;Nicht Signifikant;True
3176;0890SA208;1990;8;18;7700.0;7700.0;300.0;7400.0;3;0;0;0;0;0;0;0;4.949628046035187;37;0;81;0;0;2;6747.923951094111;04;1;1;Depot;H503;95;Heiß (>= 32° C);Abend;Klar;Texas;Sommer;Kollision;Train Handling/Train Makeup;Human Factors;Güterzug, Lokomotive;6531.512426838578;Nicht Signifikant;False
3177;0890UT210;1990;8;16;19000.0;19000.0;2500.0;16500.0;1;0;0;0;0;0;0;0;3.9542723449729715;2;2;65;0;0;3;2319.969645809283;04;7;1;Depot;H306;63;Moderat (0° bis 19,99° C);Abend;Wolkig;Utah;Sommer;Kollision;General Switching Rules;Human Factors;Depot/Rangieren, EinzelneWagen;16116.718975315971;Nicht Signifikant;False
3178;089124;1996;8;5;8145.0;8145.0;0.0;8145.0;1;0;0;0;0;0;0;0;3.9542723449729715;14;1;17;0;0;2;2128.4228063203955;04;7;1;Industriestrecke;H306;88;Warm (20° bis 31,99° C);Tag;Klar;Virginia;Sommer;Kollision;General Switching Rules;Human Factors;Depot/Rangieren, EinzelneWagen;6908.98295020782;Nicht Signifikant;False
3179;089127062;1991;8;26;95600.0;95600.0;0.0;95600.0;2;0;0;6;0;0;0;0;40.0;80;1;0;0;0;0;9716.256439118408;02;5;4;Hauptstrecke;H305;72;Warm (20° bis 31,99° C);Tag;Klar;Virginia;Sommer;Kollision;General Switching Rules;Human Factors;EinzelneWagen, Güterzug;81092.54389685299;Schwer;False
3180;089165;1996;8;10;11100.0;11100.0;0.0;11100.0;3;0;0;0;0;0;0;0;4.0;15;0;2;0;0;0;1614.647398120594;04;5;3;Hauptstrecke;H020;75;Warm (20° bis 31,99° C);Abend;Klar;Tennessee;Sommer;Kollision;Brakes, Use of;Human Factors;EinzelneWagen, Güterzug;9415.556875053015;Nicht Signifikant;False
3181;0891FW011;1991;8;24;9179.0;9179.0;100.0;9079.0;5;0;0;0;0;0;0;0;4.949628046035187;17;0;32;0;0;1;2920.8899735913355;01;7;1;Depot;H307;95;Heiß (>= 32° C);Tag;Klar;Texas;Sommer;Entgleisung;General Switching Rules;Human Factors;Depot/Rangieren, Lokomotive;7786.071761811858;Nicht Signifikant;False
3182;0891ID002;1991;8;1;30500.0;30500.0;0.0;30500.0;5;0;0;0;0;0;0;0;5.5;2;0;0;0;0;0;297.294796241188;01;7;5;Depot;H212;80;Warm (20° bis 31,99° C);Tag;Wolkig;Idaho;Sommer;Entgleisung;Flagging, Fixed, Hand and Radio Signals;Human Factors;Depot/Rangieren, Lokomotive;25871.575197217742;Nicht Signifikant;False
3183;0891LU016;1991;8;15;76525.0;76525.0;0.0;76525.0;3;0;0;0;0;0;0;0;3.5;61;2;1;0;0;0;6016.0;04;7;1;Depot;H403;69;Warm (20° bis 31,99° C);Abend;Wolkig;Louisiana;Sommer;Kollision;Main Track Authority;Human Factors;Depot/Rangieren, Depot/Rangieren;64912.20629400288;Nicht Signifikant;False
3184;0891MW024;1991;8;7;18000.0;18000.0;0.0;18000.0;1;0;0;0;0;0;0;0;9.926406551346263;0;0;21;0;0;0;365.33638380232395;05;5;1;Depot;M404;80;Warm (20° bis 31,99° C);Abend;Klar;Kansas;Sommer;Kollision;Unusual Operational Situations;Miscellaneous Causes;EinzelneWagen, Güterzug;15268.470608194079;Nicht Signifikant;False
3185;0891UT006;1991;8;9;15292.0;15292.0;0.0;15292.0;1;0;0;0;0;0;0;0;9.926406551346263;31;1;12;0;0;2;2123.2861372354414;01;6;1;Depot;H306;80;Warm (20° bis 31,99° C);Tag;Klar;Utah;Sommer;Entgleisung;General Switching Rules;Human Factors;EinzelneWagen, Güterzug;12971.414030027992;Nicht Signifikant;False
3186;0891UT016;1991;8;17;13000.0;13000.0;0.0;13000.0;18;2;0;0;0;0;0;0;4.0;40;0;13;0;0;0;5015.880261095859;04;7;1;Depot;H305;85;Warm (20° bis 31,99° C);Tag;Klar;Utah;Sommer;Kollision;General Switching Rules;Human Factors;Depot/Rangieren, Lokomotive;11027.228772584613;Nicht Signifikant;False
3187;089223019;1992;8;18;11100.0;11100.0;0.0;11100.0;3;0;0;0;0;0;0;0;4.949628046035187;38;0;38;0;0;2;5552.485736550867;04;7;3;Depot;H702;55;Moderat (0° bis 19,99° C);Abend;Klar;Ohio;Sommer;Kollision;Switches, Use of;Human Factors;Depot/Rangieren, Depot/Rangieren;9415.556875053015;Nicht Signifikant;False
3188;0892AR008;1992;8;19;10650.0;10650.0;0.0;10650.0;1;0;0;0;0;0;0;0;3.9542723449729715;15;0;12;0;0;2;2144.458306892223;01;6;2;Depot;H020;85;Warm (20° bis 31,99° C);Tag;Klar;Tennessee;Sommer;Entgleisung;Brakes, Use of;Human Factors;EinzelneWagen, Güterzug;9033.845109848164;Nicht Signifikant;False
3189;0892GR006;1992;8;16;35275.0;35275.0;500.0;34775.0;3;0;0;0;0;0;0;0;7.914260198962443;43;1;53;0;0;3;6385.9775684392625;01;6;1;Depot;H306;75;Warm (20° bis 31,99° C);Tag;Wolkig;Wyoming;Sommer;Entgleisung;General Switching Rules;Human Factors;EinzelneWagen, EinzelneWagen, Güterzug;29921.961150224783;Nicht Signifikant;False
3190;0892GR008;1992;8;16;47000.0;47000.0;0.0;47000.0;0;0;0;0;0;0;0;0;1.9635609428485408;0;0;41;0;0;1;1319.562800452603;04;6;1;Depot;H021;75;Warm (20° bis 31,99° C);Tag;Klar;Wyoming;Sommer;Kollision;Brakes, Use of;Human Factors;EinzelneWagen, EinzelneWagen;39867.67325472898;Nicht Signifikant;False
3191;0892RR015;1992;8;19;16608.0;16608.0;1195.0;15413.0;6;0;0;0;0;0;0;0;5.0;2;0;35;0;0;2;1118.0;04;7;1;Depot;H603;77;Warm (20° bis 31,99° C);Abend;Klar;Texas;Sommer;Kollision;Speed;Human Factors;Depot/Rangieren, Depot/Rangieren;14087.708881160403;Nicht Signifikant;False
3192;0892RR023;1992;8;30;17746.0;17746.0;8846.0;8900.0;2;0;0;0;0;0;0;0;7.935695149221832;88;4;56;0;0;0;9199.51433097593;01;7;1;Depot;T314;79;Warm (20° bis 31,99° C);Abend;Klar;Louisiana;Sommer;Entgleisung;Frogs, Switches and Track Appliances;Track, Roadbed and Structures;Depot/Rangieren, EinzelneWagen;15053.015522945117;Nicht Signifikant;False
3193;0892VB005;1992;8;11;39315.0;39315.0;5285.0;34030.0;2;0;0;0;0;0;0;0;6.5;29;5;34;0;0;2;4462.62290464548;01;6;2;Depot;T314;70;Warm (20° bis 31,99° C);Abend;Wolkig;Kansas;Sommer;Entgleisung;Frogs, Switches and Track Appliances;Track, Roadbed and Structures;EinzelneWagen, Güterzug;33348.884553397234;Nicht Signifikant;False
3194;089322003;1993;8;4;17900.0;17900.0;0.0;17900.0;2;0;0;0;0;0;0;0;1.9635609428485408;45;0;23;0;0;0;5889.131485852036;04;7;1;Depot;H306;74;Warm (20° bis 31,99° C);Abenddämmerung;Klar;Maryland;Sommer;Kollision;General Switching Rules;Human Factors;Depot/Rangieren, Depot/Rangieren;15183.64577148189;Nicht Signifikant;False
3195;089327;1993;8;17;15932.0;15932.0;475.0;15457.0;4;0;0;0;0;0;0;0;8.0;67;2;75;0;0;2;10017.186307701562;04;7;X;Depot;H306;73;Warm (20° bis 31,99° C);Abend;Klar;Illinois;Sommer;Kollision;General Switching Rules;Human Factors;Depot/Rangieren, Depot/Rangieren;13514.292984986003;Nicht Signifikant;False
3196;0893AR022;1993;8;29;11577.0;11577.0;0.0;11577.0;3;0;0;0;0;0;0;0;6.0;12;0;14;0;0;0;1828.8899735913355;05;7;1;Depot;H399;85;Warm (20° bis 31,99° C);Abend;Klar;Arkansas;Sommer;Kollision;General Switching Rules;Human Factors;Depot/Rangieren, Depot/Rangieren;9820.171346170158;Nicht Signifikant;False
3197;0893CH009;1993;8;14;64000.0;64000.0;1500.0;62500.0;6;0;0;0;0;0;0;0;10.0;80;1;13;0;0;0;8761.0;03;1;5;Hauptstrecke;H215;75;Warm (20° bis 31,99° C);Tag;Regen;Wyoming;Sommer;Kollision;Flagging, Fixed, Hand and Radio Signals;Human Factors;Güterzug, Güterzug;54287.89549580117;Nicht Signifikant;False
3198;0893CR005;1993;8;6;24450.0;24450.0;3500.0;20950.0;1;0;0;0;0;0;0;0;4.949628046035187;36;6;23;0;0;0;1552.2564391184076;01;7;1;Depot;H704;55;Moderat (0° bis 19,99° C);Abend;Wolkig;Washington;Sommer;Entgleisung;Switches, Use of;Human Factors;Depot/Rangieren, EinzelneWagen;20739.67257613029;Nicht Signifikant;False
3199;0893CR011;1993;8;19;6700.0;6700.0;1700.0;5000.0;8;2;0;0;0;0;0;0;3.0;0;0;0;0;0;0;69.7799471826711;01;8;1;Depot;H017;70;Warm (20° bis 31,99° C);Abenddämmerung;Klar;Washington;Sommer;Entgleisung;Brakes, Use of;Human Factors;Lokomotive, Lokomotive;5683.264059716685;Nicht Signifikant;False
3200;0893HO013;1993;8;7;11600.0;11600.0;0.0;11600.0;6;0;0;0;0;0;0;0;3.0;3;0;11;0;0;0;914.0;04;7;1;Depot;H602;95;Heiß (>= 32° C);Tag;Klar;Texas;Sommer;Kollision;Speed;Human Factors;Depot/Rangieren, Depot/Rangieren;9839.681058613962;Nicht Signifikant;False
3201;0893LU013;1993;8;11;33240.0;33240.0;2500.0;30740.0;5;0;0;0;0;0;0;0;4.0;27;3;29;0;0;0;3270.0;04;7;1;Depot;T311;90;Heiß (>= 32° C);Tag;Klar;Louisiana;Sommer;Kollision;Frogs, Switches and Track Appliances;Track, Roadbed and Structures;Depot/Rangieren, Depot/Rangieren;28195.77572313173;Nicht Signifikant;False
3202;089406004;1994;8;6;85000.0;85000.0;5000.0;80000.0;5;0;0;0;0;0;0;0;3.0;29;2;68;0;0;6;5487.199442590449;04;7;1;Depot;H401;76;Warm (20° bis 31,99° C);Abend;Klar;Georgia;Sommer;Kollision;Main Track Authority;Human Factors;Depot/Rangieren, Depot/Rangieren;72101.11120536092;Nicht Signifikant;False
3203;089412001;1994;8;2;14100.0;14100.0;0.0;14100.0;2;0;0;0;0;0;0;0;7.935695149221832;52;0;35;0;0;0;7050.790380088706;04;7;1;Depot;H020;90;Heiß (>= 32° C);Tag;Klar;Florida;Sommer;Kollision;Brakes, Use of;Human Factors;Depot/Rangieren, EinzelneWagen;11960.301976418696;Nicht Signifikant;False
3204;089425;1996;9;13;6400.0;6400.0;0.0;6400.0;2;0;0;0;0;0;0;0;3.9542723449729715;0;0;71;0;0;0;3665.336383802324;04;7;1;Depot;H702;55;Moderat (0° bis 19,99° C);Abend;Klar;Tennessee;Sommer;Kollision;Switches, Use of;Human Factors;Depot/Rangieren, EinzelneWagen;5428.789549580117;Nicht Signifikant;False
3205;089427007;1994;8;6;28900.0;28900.0;400.0;28500.0;3;1;0;0;0;0;0;0;10.921762252408477;0;0;0;0;0;0;69.7799471826711;04;8;1;Depot;H306;60;Moderat (0° bis 19,99° C);Tag;Klar;West Virginia;Sommer;Kollision;General Switching Rules;Human Factors;Lokomotive, Lokomotive;24514.377809822716;Nicht Signifikant;True
3206;0894HO006;1994;8;9;121850.0;121850.0;61000.0;60850.0;2;0;0;0;0;0;0;0;3.9542723449729715;53;3;35;0;0;6;6247.117274570125;04;7;1;Depot;H306;76;Warm (20° bis 31,99° C);Abend;Wolkig;Louisiana;Sommer;Kollision;General Switching Rules;Human Factors;Depot/Rangieren, EinzelneWagen;103359.06353380269;Nicht Signifikant;False
3207;0894HO032;1994;8;28;14050.0;14050.0;7500.0;6550.0;2;0;0;0;0;0;0;0;8.931050850284048;73;6;23;0;0;0;8081.073259881734;01;6;1;Depot;T399;95;Heiß (>= 32° C);Tag;Klar;Louisiana;Sommer;Entgleisung;Frogs, Switches and Track Appliances;Track, Roadbed and Structures;EinzelneWagen, Güterzug;11917.8895580626;Nicht Signifikant;False
3208;0894LA002;1994;8;2;38700.0;38700.0;13500.0;25200.0;1;0;0;0;0;0;0;0;4.949628046035187;35;1;75;0;0;2;8808.680513459996;01;7;1;Depot;H306;90;Heiß (>= 32° C);Tag;Klar;Kalifornien;Sommer;Entgleisung;General Switching Rules;Human Factors;Depot/Rangieren, EinzelneWagen;32827.21180761727;Nicht Signifikant;False