index;INCDTNO;YEAR4;MONTH;DAY;ACCDMG;INFRASTRUCTURE_DMG;TRKDMG;EQPDMG;LOCOMOTIVES1;LOCOMOTIVES2;RREMPKLD;RREMPINJ;PASSKLD;PASSINJ;OTHERKLD;OTHERINJ;SPEED;LOADF1;LOADF2;EMPTYF1;EMPTYP1;LOADP1;EMPTYF2;TONS;TYPE;TYPEQ;TRKCLAS;TYPTRK;ACCAUSE;TEMP;TEMP_CLUSTER;VISIBLTY;WEATHER;STATE;Jahreszeit;ACCIDENT_TYPE;ACCCAUSE_LVL1;ACCCAUSE_LVL2;EQUIPMENT_TYPE;ACCDMG_EUR;ACCTYPE;SPD_TOO_HIGH
3209;0894WT002;1994;8;3;59400.0;59400.0;50400.0;9000.0;2;0;0;0;0;0;0;0;2.958916643910756;75;1;106;0;0;2;12226.0;01;7;1;Depot;H306;65;Moderat (0° bis 19,99° C);Abend;Klar;Idaho;Sommer;Entgleisung;General Switching Rules;Human Factors;Depot/Rangieren, Depot/Rangieren;50385.95300704046;Nicht Signifikant;False
3210;0894WT003;1994;8;3;8700.0;8700.0;3500.0;5200.0;1;0;0;0;0;0;0;0;2.958916643910756;16;2;15;0;0;0;2385.81297481126;01;7;1;Depot;H302;65;Moderat (0° bis 19,99° C);Abend;Klar;Idaho;Sommer;Entgleisung;General Switching Rules;Human Factors;Depot/Rangieren, EinzelneWagen;7379.760793960471;Nicht Signifikant;False
3211;089507011;1995;8;10;61550.0;61550.0;3000.0;58550.0;1;0;0;0;0;0;0;0;4.949628046035187;43;0;46;0;0;2;6364.844140885067;01;7;1;Depot;H306;67;Moderat (0° bis 19,99° C);Abend;Wolkig;Ohio;Sommer;Entgleisung;General Switching Rules;Human Factors;Depot/Rangieren, EinzelneWagen;52209.68699635253;Nicht Signifikant;False
3212;089507013;1995;8;13;903250.0;903250.0;90000.0;813250.0;6;4;0;2;0;0;0;0;13.0;76;4;97;0;0;0;11155.0;04;1;2;Hauptstrecke;H216;75;Warm (20° bis 31,99° C);Tag;Klar;Indiana;Sommer;Kollision;Flagging, Fixed, Hand and Radio Signals;Human Factors;Güterzug, Güterzug;766180.33760285;Signifikant;False
3213;089521027;1995;8;27;10977.0;10977.0;450.0;10527.0;4;0;0;0;0;0;0;0;2.0;55;0;33;0;0;8;7343.010110209759;04;7;1;Depot;H525;80;Warm (20° bis 31,99° C);Abend;Klar;Illinois;Sommer;Kollision;Train Handling/Train Makeup;Human Factors;Depot/Rangieren, Depot/Rangieren;9311.222325897023;Nicht Signifikant;False
3214;089550;1996;9;28;9400.0;9400.0;3500.0;5900.0;4;0;0;0;0;0;0;0;3.0;11;4;18;0;0;0;1711.0;04;7;1;Depot;M408;78;Warm (20° bis 31,99° C);Abend;Regen;Alabama;Herbst;Kollision;Unusual Operational Situations;Miscellaneous Causes;Depot/Rangieren, Depot/Rangieren;7973.534650945797;Nicht Signifikant;False
3215;089562;1996;9;29;46260.0;46260.0;36460.0;9800.0;4;0;0;0;0;0;0;0;6.940339448159618;65;0;89;0;0;7;9643.167539531843;01;6;1;Depot;H702;68;Warm (20° bis 31,99° C);Tag;Wolkig;Indiana;Herbst;Entgleisung;Switches, Use of;Human Factors;EinzelneWagen, Güterzug;39239.969463058784;Nicht Signifikant;False
3216;0895KC007;1995;8;27;9500.0;9500.0;0.0;9500.0;3;0;0;0;0;0;0;0;3.9542723449729715;22;0;31;0;0;0;4666.675614435289;04;7;1;Depot;H302;90;Heiß (>= 32° C);Tag;Klar;Kansas;Sommer;Kollision;General Switching Rules;Human Factors;Depot/Rangieren, EinzelneWagen;8058.3594876579855;Nicht Signifikant;False
3217;0895PC011;1995;8;14;13800.0;13800.0;0.0;13800.0;4;0;0;0;0;0;0;0;3.9542723449729715;79;24;49;0;0;7;11546.893033060303;01;7;1;Depot;H020;80;Warm (20° bis 31,99° C);Tag;Klar;Oregon;Sommer;Entgleisung;Brakes, Use of;Human Factors;Depot/Rangieren, Güterzug;11705.827466282128;Nicht Signifikant;False
3218;0895VB009;1995;8;9;11489.0;11489.0;0.0;11489.0;1;0;0;0;0;0;0;0;2.958916643910756;0;0;30;0;0;0;983.1722535123237;04;7;1;Depot;H702;95;Heiß (>= 32° C);Tag;Wolkig;Kansas;Sommer;Kollision;Switches, Use of;Human Factors;Depot/Rangieren, EinzelneWagen;9745.525489863432;Nicht Signifikant;False
3219;089604;1996;8;5;7746.0;7746.0;0.0;7746.0;0;0;0;1;0;0;0;0;7.935695149221832;0;0;2;0;0;1;132.15280222405482;03;5;4;Hauptstrecke;H402;85;Warm (20° bis 31,99° C);Tag;Klar;Illinois;Sommer;Kollision;Main Track Authority;Human Factors;EinzelneWagen, EinzelneWagen;6570.531851726185;Signifikant;False
3220;089622017;1996;8;18;45200.0;45200.0;200.0;45000.0;4;2;0;0;0;0;0;0;6.0;0;0;0;0;0;0;69.7799471826711;04;8;1;Depot;H305;59;Moderat (0° bis 19,99° C);Abend;Klar;Ohio;Sommer;Kollision;General Switching Rules;Human Factors;Lokomotive, Lokomotive;38340.826193909576;Nicht Signifikant;False
3221;089627014;1996;8;19;40000.0;40000.0;0.0;40000.0;4;0;0;0;0;0;0;0;1.0;73;0;93;0;0;0;10120.0;04;1;1;Nebenstrecke;H401;70;Warm (20° bis 31,99° C);Tag;Klar;Kentucky;Sommer;Kollision;Main Track Authority;Human Factors;Güterzug, Güterzug;33929.93468487573;Nicht Signifikant;False
3222;089628009;1996;8;20;6829400.0;6829400.0;0.0;6829400.0;6;3;2;2;0;0;0;0;24.0;30;3;40;0;0;1;5746.0;02;1;2;Hauptstrecke;M505;70;Warm (20° bis 31,99° C);Abend;Nebel;West Virginia;Sommer;Kollision;Other Miscellaneous;Miscellaneous Causes;Güterzug, Güterzug;5793027.398422258;Schwer;False
3223;0896VB007;1996;8;14;55716.0;55716.0;1000.0;54716.0;4;0;0;0;0;0;0;0;2.958916643910756;32;1;62;0;0;1;4337.155121251798;01;7;1;Depot;H301;75;Warm (20° bis 31,99° C);Abend;Klar;Oklahoma;Sommer;Entgleisung;General Switching Rules;Human Factors;Depot/Rangieren, Güterzug;47261.0060225634;Nicht Signifikant;False
3224;089701025;1997;8;20;10000.0;10000.0;500.0;9500.0;0;0;0;0;0;0;0;0;4.0;1;0;1;0;0;0;213.98378192291796;04;5;1;Depot;H999;75;Warm (20° bis 31,99° C);Abend;Wolkig;Georgia;Sommer;Kollision;Miscellaneous;Human Factors;EinzelneWagen, EinzelneWagen;8482.483671218932;Nicht Signifikant;False
3225;089701032;1997;8;28;22635.0;22635.0;350.0;22285.0;2;0;0;0;0;0;0;0;12.0;22;2;5;0;0;4;2769.813558354554;04;7;1;Depot;S099;82;Warm (20° bis 31,99° C);Abend;Klar;Georgia;Sommer;Kollision;other software/programming deficiencies, etc.);Signal and Communication;Depot/Rangieren, Depot/Rangieren;19200.101789804055;Nicht Signifikant;True
3226;089712012;1997;8;9;7098.0;7098.0;0.0;7098.0;3;0;0;0;0;0;0;0;10.0;11;0;14;0;0;0;1747.361359958352;05;7;1;Depot;H019;85;Warm (20° bis 31,99° C);Tag;Klar;Florida;Sommer;Kollision;Brakes, Use of;Human Factors;Depot/Rangieren, Depot/Rangieren;6020.866909831198;Nicht Signifikant;False
3227;089775;1996;10;26;10173.0;10173.0;1523.0;8650.0;8;0;0;0;0;0;0;0;4.5;75;0;55;0;0;5;9317.0;01;7;2;Depot;E07C;70;Warm (20° bis 31,99° C);Tag;Wolkig;Tennessee;Herbst;Entgleisung;Brakes;Mechanical and Electrical Failures;Depot/Rangieren, Güterzug;8629.23063873102;Nicht Signifikant;False
3228;0897CB007;1997;8;6;8500.0;8500.0;0.0;8500.0;4;0;0;0;0;0;0;0;57.5;84;0;0;0;0;0;6157.0;07;1;5;Hauptstrecke;M399;76;Warm (20° bis 31,99° C);Tag;Klar;Nebraska;Sommer;Bahnübergang;Loading Procedures;Loading;Güterzug, Güterzug;7210.111120536093;Nicht Signifikant;False
3229;0897CB021;1997;8;19;58148.0;58148.0;0.0;58148.0;3;0;0;0;0;0;0;0;3.9542723449729715;113;2;0;0;0;0;13910.795995759487;01;6;1;Depot;H307;60;Moderat (0° bis 19,99° C);Abend;Regen;Nebraska;Sommer;Entgleisung;General Switching Rules;Human Factors;EinzelneWagen, Güterzug;49323.94605140385;Nicht Signifikant;False
3230;0897CE006;1997;8;13;974736.0;974736.0;524736.0;450000.0;8;0;0;0;0;0;0;0;43.0;145;30;0;0;0;0;10259.0;01;1;5;Hauptstrecke;T299;55;Moderat (0° bis 19,99° C);Abend;Klar;Nebraska;Sommer;Entgleisung;Rail, Joint Bar and Rail Anchoring;Track, Roadbed and Structures;Güterzug, Güterzug;826818.2203749258;Signifikant;False
3231;0897FW017;1997;8;20;3160300.0;3160300.0;20000.0;3140300.0;10;9;2;1;0;0;0;0;29.0;69;0;45;0;0;0;9827.889973591336;02;1;3;Hauptstrecke;M505;79;Warm (20° bis 31,99° C);Abend;Klar;Texas;Sommer;Kollision;Other Miscellaneous;Miscellaneous Causes;Güterzug, Lokomotive;2680719.314615319;Schwer;False
3232;0897HO016;1997;8;22;87448.0;87448.0;75000.0;12448.0;2;0;0;0;0;0;0;0;3.9542723449729715;46;4;22;0;0;0;6081.336383802324;01;7;1;Depot;H702;97;Heiß (>= 32° C);Tag;Wolkig;Texas;Sommer;Entgleisung;Switches, Use of;Human Factors;Depot/Rangieren, EinzelneWagen;74177.62320807533;Nicht Signifikant;False
3233;0897LK017;1997;8;29;11445.0;11445.0;0.0;11445.0;0;0;0;0;0;0;0;0;2.958916643910756;4;4;1;0;0;1;635.1722541213546;01;5;1;Depot;S099;90;Heiß (>= 32° C);Tag;Wolkig;Arkansas;Sommer;Entgleisung;other software/programming deficiencies, etc.);Signal and Communication;EinzelneWagen, EinzelneWagen;9708.202561710068;Nicht Signifikant;False
3234;089805020;1998;8;14;115500.0;115500.0;500.0;115000.0;3;2;0;0;0;0;0;0;5.0;14;1;9;0;0;0;1956.010623488999;04;7;1;Depot;H702;65;Moderat (0° bis 19,99° C);Abend;Klar;North Carolina;Sommer;Kollision;Switches, Use of;Human Factors;Depot/Rangieren, Depot/Rangieren;97972.68640257866;Nicht Signifikant;False
3235;089822011;1998;8;13;25237.0;25237.0;0.0;25237.0;3;0;0;0;0;0;0;0;5.0;70;0;12;0;0;12;10058.448642573707;01;1;1;Industriestrecke;H306;72;Warm (20° bis 31,99° C);Abend;Klar;Maryland;Sommer;Entgleisung;General Switching Rules;Human Factors;Güterzug, Güterzug;21407.24404105522;Nicht Signifikant;False
3236;089843;1996;11;1;13050.0;13050.0;1000.0;12050.0;2;0;0;0;0;0;0;0;3.9390297932972955;158;5;35;0;0;0;19165.47953513218;04;6;2;Depot;H020;50;Moderat (0° bis 19,99° C);Tag;Regen;Tennessee;Herbst;Kollision;Brakes, Use of;Human Factors;EinzelneWagen, EinzelneWagen, Güterzug;11069.641190940707;Nicht Signifikant;False
3237;089860;1996;11;5;9000.0;9000.0;0.0;9000.0;0;0;0;0;0;0;0;0;10.0;1;1;4;0;0;0;324.93205355369685;04;6;1;Depot;S007;46;Moderat (0° bis 19,99° C);Tag;Wolkig;Ohio;Herbst;Kollision;SIGNAL AND COMMUNICATION;Signal and Communication;EinzelneWagen, EinzelneWagen;7634.235304097039;Nicht Signifikant;False
3238;0898UT005;1998;8;6;126592.0;126592.0;83600.0;42992.0;4;1;0;1;0;0;0;0;7.935695149221832;159;11;0;0;0;0;12644.331770439407;04;7;1;Depot;H699;95;Heiß (>= 32° C);Tag;Klar;Utah;Sommer;Kollision;Speed;Human Factors;Depot/Rangieren, Güterzug;107381.45729069471;Signifikant;False
3239;089905046;1999;8;28;9106.0;9106.0;0.0;9106.0;1;0;0;0;0;0;0;0;4.0;3;0;5;0;0;2;566.2443410642024;05;7;1;Depot;H310;86;Warm (20° bis 31,99° C);Tag;Klar;North Carolina;Sommer;Kollision;General Switching Rules;Human Factors;Depot/Rangieren, EinzelneWagen;8712.763921668688;Nicht Signifikant;False
3240;089906038;1999;8;23;12951.0;12951.0;0.0;12951.0;2;1;0;0;0;0;0;0;4.0;16;1;10;0;0;3;2218.411986616725;04;7;1;Depot;H603;85;Warm (20° bis 31,99° C);Abenddämmerung;Klar;Florida;Sommer;Kollision;Speed;Human Factors;Depot/Rangieren, Depot/Rangieren;12211.01263435791;Nicht Signifikant;False
3241;089922002;1999;8;2;26953.0;26953.0;200.0;26753.0;2;0;0;0;0;0;0;0;3.0;6;0;2;0;0;1;814.6973493996056;04;7;1;Depot;H310;70;Warm (20° bis 31,99° C);Abend;Klar;Maryland;Sommer;Kollision;General Switching Rules;Human Factors;Depot/Rangieren, Depot/Rangieren;25272.386310360995;Nicht Signifikant;False
3242;089928008;1999;8;27;52234.0;52234.0;20234.0;32000.0;3;0;0;0;0;0;0;0;10.0;76;0;0;0;0;0;9551.889973591336;05;1;1;Depot;M599;75;Warm (20° bis 31,99° C);Tag;Klar;West Virginia;Sommer;Kollision;Other Miscellaneous;Miscellaneous Causes;Güterzug, Lokomotive;49984.688995215314;Nicht Signifikant;False
3243;0899LK011;1999;8;7;54875.0;54875.0;5000.0;49875.0;5;0;0;0;0;0;0;0;4.949628046035187;39;0;68;0;0;1;6942.0;01;6;1;Depot;H306;90;Heiß (>= 32° C);Tag;Klar;Arkansas;Sommer;Entgleisung;General Switching Rules;Human Factors;EinzelneWagen, Güterzug;51149.603852726425;Nicht Signifikant;False
3244;0899RS066;1999;8;27;38577.0;38577.0;3700.0;34877.0;4;0;0;0;0;0;0;0;5.944983747097401;179;2;86;0;0;2;23092.92836729938;04;7;1;Depot;S099;74;Warm (20° bis 31,99° C);Abend;Klar;Kalifornien;Sommer;Kollision;other software/programming deficiencies, etc.);Signal and Communication;Depot/Rangieren, Depot/Rangieren;36915.78947368421;Nicht Signifikant;False
3245;0899UT010;1999;8;15;120049.0;120049.0;40000.0;80049.0;4;0;0;0;0;0;0;0;3.5;55;4;128;0;0;0;13250.0;04;7;1;Depot;M502;80;Warm (20° bis 31,99° C);Tag;Klar;Utah;Sommer;Kollision;Other Miscellaneous;Miscellaneous Causes;Depot/Rangieren, Güterzug;113350.01416296857;Nicht Signifikant;False
3246;090001021;2000;9;30;19076.0;19076.0;0.0;19076.0;1;0;0;0;0;0;0;0;4.0;4;0;1;0;0;0;590.1460291020289;04;7;1;Depot;H314;85;Warm (20° bis 31,99° C);Tag;Klar;Georgia;Herbst;Kollision;General Switching Rules;Human Factors;Depot/Rangieren, EinzelneWagen, EinzelneWagen;21733.25231657299;Nicht Signifikant;False
3247;090004007;2000;9;3;16100.0;16100.0;0.0;16100.0;2;0;0;0;0;0;0;0;10.0;31;0;0;0;0;0;16218.0;04;1;2;Hauptstrecke;E29C;75;Warm (20° bis 31,99° C);Abend;Klar;Kentucky;Sommer;Kollision;Body;Mechanical and Electrical Failures;Güterzug, Güterzug;17954.055460560554;Nicht Signifikant;False
3248;090029;1996;11;26;8900.0;8900.0;300.0;8600.0;5;0;0;0;0;0;0;0;5.0;50;2;34;0;0;3;6747.0;04;7;1;Depot;H702;59;Moderat (0° bis 19,99° C);Abend;Wolkig;Georgia;Herbst;Kollision;Switches, Use of;Human Factors;Depot/Rangieren, Güterzug;7549.41046738485;Nicht Signifikant;False
3249;090029012;2000;9;2;12400.0;12400.0;2000.0;10400.0;2;0;0;0;0;0;0;0;3.0;16;1;8;0;0;0;1908.2564391184076;04;5;1;Depot;H302;81;Warm (20° bis 31,99° C);Abend;Klar;Indiana;Sommer;Kollision;General Switching Rules;Human Factors;EinzelneWagen, Güterzug;13878.525593195045;Nicht Signifikant;False
3250;090030011;2000;9;19;35535.0;35535.0;200.0;35335.0;1;0;0;0;0;0;0;0;6.0;37;1;13;0;0;4;4700.137166983525;01;7;1;Depot;H312;56;Moderat (0° bis 19,99° C);Abend;Klar;New York;Sommer;Entgleisung;General Switching Rules;Human Factors;Depot/Rangieren, EinzelneWagen;41605.19845451353;Nicht Signifikant;False
3251;090030058;2000;9;1;180983.0;180983.0;463.0;180520.0;3;0;0;0;0;0;0;0;4.0;97;10;47;0;0;0;12918.0;03;1;1;Depot;H603;69;Warm (20° bis 31,99° C);Morgendämmerung;Nebel;New York;Sommer;Kollision;Speed;Human Factors;Güterzug, Güterzug;203305.9986519883;Signifikant;False
3252;090049;1996;11;27;37818.0;37818.0;2868.0;34950.0;3;0;0;0;0;0;0;0;2.958916643910756;102;4;0;0;0;0;11561.370133998349;01;6;1;Industriestrecke;H702;28;Kalt (-30° - 0,01° C);Tag;Wolkig;Indiana;Herbst;Entgleisung;Switches, Use of;Human Factors;EinzelneWagen, Güterzug;32079.056747815757;Nicht Signifikant;False
3253;090064;1996;11;30;10000.0;10000.0;0.0;10000.0;3;0;0;1;0;0;0;0;6.5;22;0;19;0;0;0;3704.0;02;1;1;Hauptstrecke;H405;50;Moderat (0° bis 19,99° C);Tag;Wolkig;Indiana;Herbst;Kollision;Main Track Authority;Human Factors;Güterzug, Güterzug;8482.483671218932;Signifikant;False
3254;0900CE012;2000;9;23;27804.0;27804.0;0.0;27804.0;5;0;0;0;0;0;0;0;6.940339448159618;93;4;0;0;0;0;7423.0;03;1;4;Hauptstrecke;H605;22;Kalt (-30° - 0,01° C);Tag;Schnee;Wyoming;Herbst;Kollision;Speed;Human Factors;Güterzug, Güterzug;31416.94915254237;Nicht Signifikant;False
3255;0900FW007;2000;9;8;33112.0;33112.0;1000.0;32112.0;5;0;0;0;0;0;0;0;9.926406551346263;66;2;71;0;0;0;10381.0;01;1;2;Hauptstrecke;M503;95;Heiß (>= 32° C);Tag;Klar;Texas;Sommer;Entgleisung;Other Miscellaneous;Miscellaneous Causes;Güterzug, Güterzug;37907.2696050372;Nicht Signifikant;False
3256;0900PD009;2000;9;10;37845.0;37845.0;13235.0;24610.0;4;1;0;0;0;0;0;0;7.0;65;3;22;1;0;1;8418.0;04;7;1;Depot;H099;55;Moderat (0° bis 19,99° C);Abend;Wolkig;Oregon;Sommer;Kollision;Brakes, Use of;Human Factors;Depot/Rangieren, Güterzug;43746.387700843836;Nicht Signifikant;False
3257;0900PD037;2000;9;29;42041.0;42041.0;1500.0;40541.0;5;2;0;0;0;0;0;0;6.5;91;0;40;0;0;0;12099.0;04;7;1;Depot;H699;67;Moderat (0° bis 19,99° C);Tag;Wolkig;Oregon;Herbst;Kollision;Speed;Human Factors;Depot/Rangieren, Güterzug;47964.63205932687;Nicht Signifikant;False
3258;0900UT025;2000;9;29;90913.0;90913.0;74321.0;16592.0;4;1;0;0;0;0;0;0;6.5;81;3;32;0;0;1;11006.0;04;7;1;Depot;H702;70;Warm (20° bis 31,99° C);Abenddämmerung;Klar;Utah;Herbst;Kollision;Switches, Use of;Human Factors;Depot/Rangieren, Güterzug;103722.76098117513;Nicht Signifikant;False
3259;09011201;2009;1;12;19270.0;19270.0;0.0;19270.0;0;0;0;0;0;0;0;0;4.949628046035187;0;0;2;0;0;0;130.67276760464793;03;5;3;Hauptstrecke;H402;53;Moderat (0° bis 19,99° C);Tag;Klar;Louisiana;Winter;Kollision;Main Track Authority;Human Factors;EinzelneWagen, EinzelneWagen;14387.038972674332;Nicht Signifikant;False
3260;090127010;2001;9;21;62267.0;62267.0;754.0;61513.0;1;0;0;0;0;0;0;0;1.0;25;0;17;0;0;8;3048.742863252126;04;6;1;Depot;H020;65;Moderat (0° bis 19,99° C);Abend;Klar;West Virginia;Sommer;Kollision;Brakes, Use of;Human Factors;EinzelneWagen, Güterzug;67681.52173913043;Nicht Signifikant;False
3261;090131019;2001;9;19;35983.0;35983.0;0.0;35983.0;0;0;0;0;0;0;0;0;4.0;0;0;23;0;0;0;770.0473820354047;05;6;1;Depot;M407;70;Warm (20° bis 31,99° C);Tag;Wolkig;Indiana;Sommer;Kollision;Unusual Operational Situations;Miscellaneous Causes;EinzelneWagen, EinzelneWagen;38866.92590192267;Nicht Signifikant;False
3262;090133003;2001;9;12;11538.0;11538.0;0.0;11538.0;0;0;0;0;0;0;0;0;4.0;2;0;0;0;0;0;248.647398120594;04;5;1;Depot;H313;67;Moderat (0° bis 19,99° C);Tag;Klar;Maryland;Sommer;Kollision;General Switching Rules;Human Factors;EinzelneWagen, EinzelneWagen;12746.354396818382;Nicht Signifikant;False
3263;090133004;2001;9;13;19763.0;19763.0;100.0;19663.0;1;0;0;0;0;0;0;0;4.0;65;0;13;0;0;1;7861.295908946728;04;7;1;Depot;H699;70;Warm (20° bis 31,99° C);Tag;Klar;Maryland;Sommer;Kollision;Speed;Human Factors;Depot/Rangieren, EinzelneWagen;21813.46578366446;Nicht Signifikant;False
3264;090194101;1994;1;6;15500.0;15500.0;0.0;15500.0;8;0;0;0;0;0;0;0;5.944983747097401;62;0;27;0;0;0;7034.889973591336;04;1;1;Depot;H307;38;Moderat (0° bis 19,99° C);Tag;Wolkig;New Mexico;Winter;Kollision;General Switching Rules;Human Factors;Güterzug, Lokomotive;13147.849690389345;Nicht Signifikant;False
3265;090195102;1995;1;10;287815.0;287815.0;38000.0;249815.0;8;0;0;0;0;0;0;0;23.0;103;14;16;0;0;0;13291.0;04;1;4;Hauptstrecke;T207;30;Kalt (-30° - 0,01° C);Abend;Wolkig;New Mexico;Winter;Kollision;Rail, Joint Bar and Rail Anchoring;Track, Roadbed and Structures;Güterzug, Güterzug;244138.60378318772;Signifikant;False
3266;0901HO003;2001;9;7;1126180.0;1126180.0;123518.0;1002661.0;5;2;0;1;0;0;0;2;25.852097768341707;107;4;42;0;0;8;15419.0;03;1;4;Hauptstrecke;H215;70;Warm (20° bis 31,99° C);Abend;Wolkig;Texas;Sommer;Kollision;Flagging, Fixed, Hand and Radio Signals;Human Factors;Güterzug, Güterzug;1258020.5540661304;Signifikant;False
3267;0901LV012;2001;9;11;14023.0;14023.0;500.0;13523.0;1;0;0;0;0;0;0;0;3.9390297932972955;18;1;83;0;0;3;4811.592822920732;01;7;1;Depot;H702;74;Warm (20° bis 31,99° C);Tag;Klar;Louisiana;Sommer;Entgleisung;Switches, Use of;Human Factors;Depot/Rangieren, EinzelneWagen, EinzelneWagen;15643.685854529229;Nicht Signifikant;False
3268;0901NP021;2001;9;29;10961.0;10961.0;0.0;10961.0;0;0;0;0;0;0;0;0;4.949628046035187;1;0;3;0;0;1;232.0;01;5;2;Depot;S007;52;Moderat (0° bis 19,99° C);Abend;Klar;Nebraska;Herbst;Entgleisung;SIGNAL AND COMMUNICATION;Signal and Communication;EinzelneWagen, EinzelneWagen;12006.791543433015;Nicht Signifikant;False
3269;0901PD031;2001;9;26;39420.0;39420.0;5000.0;34420.0;5;2;0;2;0;0;0;0;17.889252159843984;72;0;14;0;0;1;7480.0;01;1;3;Hauptstrecke;M409;50;Moderat (0° bis 19,99° C);Abend;Klar;Idaho;Herbst;Entgleisung;Unusual Operational Situations;Miscellaneous Causes;Güterzug, Güterzug;42759.51838594207;Signifikant;False
3270;0901RS007;2001;9;7;308411.0;308411.0;109941.0;198470.0;5;0;0;0;0;0;0;0;10.921762252408477;104;9;94;0;0;1;13681.0;04;7;2;Depot;H702;77;Warm (20° bis 31,99° C);Abend;Klar;Kalifornien;Sommer;Kollision;Switches, Use of;Human Factors;Depot/Rangieren, Güterzug;344516.309204647;Signifikant;False
3271;090201;1996;12;15;6800.0;6800.0;0.0;6800.0;3;0;0;0;0;0;0;0;3.0;8;0;2;0;0;0;1040.7321638387157;04;6;1;Depot;H021;35;Moderat (0° bis 19,99° C);Abend;Klar;Alabama;Herbst;Kollision;Brakes, Use of;Human Factors;EinzelneWagen, Lokomotive;5768.088896428874;Nicht Signifikant;False
3272;090205024;2002;9;18;22830.0;22830.0;0.0;22830.0;2;0;0;0;0;0;0;0;2.0;59;0;48;0;0;1;8244.375719155772;04;7;1;Depot;H307;72;Warm (20° bis 31,99° C);Tag;Klar;North Carolina;Sommer;Kollision;General Switching Rules;Human Factors;Depot/Rangieren, EinzelneWagen;23475.578406169665;Nicht Signifikant;False
3273;090205031;2002;9;6;10100.0;10100.0;0.0;10100.0;1;0;0;0;0;0;0;0;2.0;1;0;1;0;0;0;213.98378192291796;04;7;1;Depot;H302;80;Warm (20° bis 31,99° C);Abend;Klar;Virginia;Sommer;Kollision;General Switching Rules;Human Factors;Depot/Rangieren, EinzelneWagen;10183.50473885864;Nicht Signifikant;False
3274;090207015;2002;9;16;60659.0;60659.0;0.0;60659.0;1;0;0;0;0;0;0;0;5.0;6;0;3;0;0;0;843.6637249911872;04;7;1;Depot;H302;80;Warm (20° bis 31,99° C);Abenddämmerung;Klar;Ohio;Sommer;Kollision;General Switching Rules;Human Factors;Depot/Rangieren, EinzelneWagen;62644.841474749555;Nicht Signifikant;False
3275;090288;1996;12;25;64625.0;64625.0;0.0;64625.0;2;0;0;0;0;0;0;0;4.0;34;0;73;0;0;3;6484.0;05;7;2;Depot;H307;20;Kalt (-30° - 0,01° C);Tag;Klar;Illinois;Winter;Kollision;General Switching Rules;Human Factors;Depot/Rangieren, Depot/Rangieren;54818.05072525235;Nicht Signifikant;False
3276;0902DV005;2002;9;15;18500.0;18500.0;500.0;18000.0;10;1;0;0;0;0;0;0;2.958916643910756;0;0;0;0;0;0;69.7799471826711;04;8;1;Depot;H302;63;Moderat (0° bis 19,99° C);Abend;Klar;Colorado;Sommer;Kollision;General Switching Rules;Human Factors;Lokomotive, Lokomotive;19022.48423361667;Nicht Signifikant;False
3277;0902DV006;2002;9;13;12211.0;12211.0;0.0;12211.0;2;0;0;0;0;0;0;0;3.9542723449729715;40;2;0;0;0;0;4410.038464176505;01;7;1;Industriestrecke;H306;58;Moderat (0° bis 19,99° C);Abend;Klar;Colorado;Sommer;Entgleisung;General Switching Rules;Human Factors;Depot/Rangieren, EinzelneWagen;12447.50254841998;Nicht Signifikant;False
3278;0902PD004;2002;9;5;58680.0;58680.0;0.0;58680.0;4;0;0;1;0;0;0;0;8.5;0;0;0;0;0;0;69.7799471826711;02;8;1;Depot;H702;54;Moderat (0° bis 19,99° C);Morgendämmerung;Klar;Oregon;Sommer;Kollision;Switches, Use of;Human Factors;Lokomotive, Lokomotive;58827.06766917293;Signifikant;False
3279;0902PR028;2002;9;27;21253.0;21253.0;0.0;21253.0;2;0;0;0;0;0;0;0;4.5;17;0;21;0;0;0;2497.0;04;7;1;Depot;H210;75;Warm (20° bis 31,99° C);Tag;Klar;Illinois;Herbst;Kollision;Flagging, Fixed, Hand and Radio Signals;Human Factors;Depot/Rangieren, Depot/Rangieren;21733.306064014727;Nicht Signifikant;False
3280;0902PR033;2002;9;27;21456.0;21456.0;350.0;21106.0;1;0;0;0;0;0;0;0;3.9542723449729715;3;1;2;0;0;2;1098.7428632521262;01;7;1;Depot;H312;60;Moderat (0° bis 19,99° C);Tag;Wolkig;Illinois;Herbst;Entgleisung;General Switching Rules;Human Factors;Depot/Rangieren, EinzelneWagen;21940.893751917374;Nicht Signifikant;False
3281;0902RS003;2002;9;1;121959.0;121959.0;2500.0;119459.0;5;0;0;0;0;0;0;0;4.949628046035187;65;2;50;0;0;0;15230.0;04;7;1;Depot;H306;78;Warm (20° bis 31,99° C);Abend;Klar;Kalifornien;Sommer;Kollision;General Switching Rules;Human Factors;Depot/Rangieren, Depot/Rangieren;124131.29770992367;Nicht Signifikant;False
3282;0902TC008;2002;9;15;14521.0;14521.0;0.0;14521.0;4;0;0;0;0;0;0;0;4.5;35;0;18;0;0;0;4651.0;04;7;1;Depot;H307;65;Moderat (0° bis 19,99° C);Abend;Klar;Minnesota;Sommer;Kollision;General Switching Rules;Human Factors;Depot/Rangieren, Depot/Rangieren;14931.107759802577;Nicht Signifikant;False
3283;090331046;2003;9;20;572038.0;572038.0;1000.0;571038.0;4;1;0;0;0;0;0;0;13.0;20;0;68;0;0;6;4424.164539831494;04;1;1;Depot;H702;65;Moderat (0° bis 19,99° C);Abend;Klar;Indiana;Sommer;Kollision;Switches, Use of;Human Factors;Güterzug, Lokomotive;503377.33192537836;Signifikant;True