index;INCDTNO;YEAR4;MONTH;DAY;ACCDMG;INFRASTRUCTURE_DMG;TRKDMG;EQPDMG;LOCOMOTIVES1;LOCOMOTIVES2;RREMPKLD;RREMPINJ;PASSKLD;PASSINJ;OTHERKLD;OTHERINJ;SPEED;LOADF1;LOADF2;EMPTYF1;EMPTYP1;LOADP1;EMPTYF2;TONS;TYPE;TYPEQ;TRKCLAS;TYPTRK;ACCAUSE;TEMP;TEMP_CLUSTER;VISIBLTY;WEATHER;STATE;Jahreszeit;ACCIDENT_TYPE;ACCCAUSE_LVL1;ACCCAUSE_LVL2;EQUIPMENT_TYPE;ACCDMG_EUR;ACCTYPE;SPD_TOO_HIGH
3284;090345;1997;1;7;10614.0;10614.0;0.0;10614.0;1;0;0;0;0;0;0;0;6.5;32;1;11;0;0;0;3241.386737422931;04;6;1;Depot;E04C;24;Kalt (-30° - 0,01° C);Tag;Klar;Missouri;Winter;Kollision;Brakes;Mechanical and Electrical Failures;EinzelneWagen, Güterzug;9003.308168631775;Nicht Signifikant;False
3285;090363;1997;1;9;4714.0;4714.0;261.0;4453.0;2;0;0;0;0;0;0;0;4.949628046035187;47;1;5;0;0;0;6300.488490173349;04;6;1;Industriestrecke;H022;25;Kalt (-30° - 0,01° C);Abend;Eisregen;West Virginia;Winter;Kollision;Brakes, Use of;Human Factors;EinzelneWagen, Güterzug;3998.6428026126046;Nicht Signifikant;False
3286;090393;1993;9;9;10695.0;10695.0;50.0;10645.0;2;0;0;0;0;0;0;0;3.0;16;0;27;0;0;1;2713.4318499669007;04;7;1;Depot;H021;68;Warm (20° bis 31,99° C);Tag;Klar;Minnesota;Sommer;Kollision;Brakes, Use of;Human Factors;Depot/Rangieren, EinzelneWagen;9072.01628636865;Nicht Signifikant;False
3287;0903HO022;2003;9;17;10000.0;10000.0;0.0;10000.0;4;0;0;0;0;0;0;0;3.9542723449729715;4;0;68;0;0;1;2596.6455742663243;04;7;1;Depot;H307;85;Warm (20° bis 31,99° C);Tag;Klar;Texas;Sommer;Kollision;General Switching Rules;Human Factors;Depot/Rangieren, Güterzug;8919.015340706386;Nicht Signifikant;False
3288;0903HO023;2003;9;17;38317.0;38317.0;1400.0;36917.0;3;0;0;0;0;0;0;0;4.0;21;1;26;0;0;5;3486.0;01;7;1;Depot;H020;70;Warm (20° bis 31,99° C);Abend;Klar;Texas;Sommer;Entgleisung;Brakes, Use of;Human Factors;Depot/Rangieren, Depot/Rangieren;34174.99108098466;Nicht Signifikant;False
3289;0903KC006;2003;9;20;7551.0;7551.0;200.0;7351.0;4;0;0;0;0;0;0;0;0.9682052417863254;53;1;54;0;0;1;8225.0;04;7;1;Depot;H310;48;Moderat (0° bis 19,99° C);Abend;Klar;Kansas;Sommer;Kollision;General Switching Rules;Human Factors;Depot/Rangieren, Depot/Rangieren;6644.667370644139;Nicht Signifikant;False
3290;0903LA010;2003;9;7;1018920.0;1018920.0;450328.0;568588.0;9;3;0;2;0;0;0;0;18.5;97;8;137;0;0;18;15743.0;01;1;4;Hauptstrecke;H520;80;Warm (20° bis 31,99° C);Abend;Klar;Kalifornien;Sommer;Entgleisung;Train Handling/Train Makeup;Human Factors;Güterzug, Güterzug;924469.9833660972;Signifikant;False
3291;0903LK007;2003;9;9;53330.0;53330.0;1116.0;52214.0;4;0;0;0;0;0;0;0;5.944983747097401;9;0;34;0;0;1;2141.0;04;7;1;Depot;H305;69;Warm (20° bis 31,99° C);Abend;Klar;Arkansas;Sommer;Kollision;General Switching Rules;Human Factors;Depot/Rangieren, Depot/Rangieren;47894.027840143695;Nicht Signifikant;False
3292;0903LV016;2003;9;25;256399.0;256399.0;156751.0;99648.0;4;2;0;1;0;0;0;0;4.0;36;6;18;0;0;0;4264.889973591336;01;7;1;Depot;T201;74;Warm (20° bis 31,99° C);Abend;Wolkig;Louisiana;Herbst;Entgleisung;Rail, Joint Bar and Rail Anchoring;Track, Roadbed and Structures;Depot/Rangieren, Lokomotive;223091.44696771947;Signifikant;False
3293;0903PD004;2003;9;5;26964.0;26964.0;156.0;26808.0;5;0;0;0;0;0;0;0;14.5;77;0;140;0;0;1;13433.0;01;1;5;Hauptstrecke;H503;88;Warm (20° bis 31,99° C);Tag;Klar;Oregon;Sommer;Entgleisung;Train Handling/Train Makeup;Human Factors;Güterzug, Güterzug;24685.525954408127;Nicht Signifikant;False
3294;0903PD026;2003;9;9;7934.0;7934.0;621.0;7313.0;3;1;0;0;0;0;0;0;5.944983747097401;49;3;52;0;0;0;7896.0;04;7;1;Depot;H607;61;Moderat (0° bis 19,99° C);Abend;Regen;Oregon;Sommer;Kollision;Speed;Human Factors;Depot/Rangieren, Depot/Rangieren;7125.280646609789;Nicht Signifikant;False
3295;0903PR003;2003;9;1;8185.0;8185.0;0.0;8185.0;2;0;0;0;0;0;0;0;3.9542723449729715;26;0;23;0;0;0;3244.8899735913355;04;7;1;Depot;H306;65;Moderat (0° bis 19,99° C);Morgendämmerung;Regen;Illinois;Sommer;Kollision;General Switching Rules;Human Factors;Depot/Rangieren, Lokomotive;7464.6602827177385;Nicht Signifikant;False
3296;0903PR007;2003;9;3;10224.0;10224.0;950.0;9274.0;2;1;0;0;0;0;0;0;4.5;0;0;0;0;0;0;69.7799471826711;04;8;1;Depot;H299;72;Warm (20° bis 31,99° C);Morgendämmerung;Wolkig;Illinois;Sommer;Kollision;Flagging, Fixed, Hand and Radio Signals;Human Factors;Lokomotive, Lokomotive;9481.591393860706;Nicht Signifikant;False
3297;0903PR033;2003;9;26;110466.0;110466.0;101566.0;8900.0;3;0;0;0;0;0;0;0;2.958916643910756;81;2;0;0;0;0;7206.944379290933;09;7;1;Depot;M404;48;Moderat (0° bis 19,99° C);Abend;Wolkig;Illinois;Herbst;Kollision;Unusual Operational Situations;Miscellaneous Causes;Depot/Rangieren, EinzelneWagen;96166.10080961086;Nicht Signifikant;False
3298;0903SA017;2003;9;15;19345.0;19345.0;0.0;19345.0;5;0;0;0;0;0;0;0;4.0;2;0;2;0;0;0;160.0;04;7;1;Depot;H306;80;Warm (20° bis 31,99° C);Abend;Wolkig;Texas;Sommer;Kollision;General Switching Rules;Human Factors;Depot/Rangieren, Depot/Rangieren;17148.302455456076;Nicht Signifikant;False
3299;0903SA030;2003;9;26;68775.0;68775.0;2000.0;66775.0;3;0;0;0;0;0;0;0;6.940339448159618;23;2;8;0;0;3;1836.8899735913355;01;7;1;Depot;T103;85;Warm (20° bis 31,99° C);Abend;Wolkig;Texas;Herbst;Entgleisung;Track Geometry;Track, Roadbed and Structures;Depot/Rangieren, Lokomotive;59872.02925045704;Nicht Signifikant;False
3300;0903UT011;2003;9;15;19279.0;19279.0;8783.0;10496.0;1;0;0;0;0;0;0;0;9.926406551346263;45;5;10;0;0;0;3399.0;01;7;1;Depot;H307;60;Moderat (0° bis 19,99° C);Tag;Klar;Utah;Sommer;Entgleisung;General Switching Rules;Human Factors;Depot/Rangieren, EinzelneWagen;17089.797003811716;Nicht Signifikant;False
3301;0903UT017;2003;9;29;7759.0;7759.0;500.0;7259.0;4;0;0;0;0;0;0;0;4.5;50;1;43;0;0;0;7635.0;04;7;1;Depot;H306;73;Warm (20° bis 31,99° C);Tag;Klar;Utah;Herbst;Kollision;General Switching Rules;Human Factors;Depot/Rangieren, Depot/Rangieren;6798.387803382108;Nicht Signifikant;False
3302;090497R005;1997;9;4;140500.0;140500.0;0.0;140500.0;9;0;0;0;0;0;0;0;4.949628046035187;0;0;0;5;4;0;333.49887900098133;04;7;1;Depot;H307;63;Moderat (0° bis 19,99° C);Abend;Klar;Pennsylvania;Sommer;Kollision;General Switching Rules;Human Factors;Depot/Rangieren, Depot/Rangieren;119178.895580626;Nicht Signifikant;False
3303;0904CB012;2004;9;17;151259.0;151259.0;5405.0;145854.0;6;0;0;0;0;0;0;0;15.898540757719555;110;1;136;0;0;0;8002.0;03;1;5;Hauptstrecke;H605;49;Moderat (0° bis 19,99° C);Abend;Wolkig;Iowa;Sommer;Kollision;Speed;Human Factors;Güterzug, Güterzug;123871.0998280239;Nicht Signifikant;False
3304;0904DV009;2004;9;6;28987.0;28987.0;621.0;28366.0;2;0;0;0;0;0;0;0;3.9542723449729715;2;2;6;0;0;4;525.1114779803733;01;7;1;Depot;H306;68;Warm (20° bis 31,99° C);Tag;Klar;Colorado;Sommer;Entgleisung;General Switching Rules;Human Factors;Depot/Rangieren, EinzelneWagen;24013.751967525473;Nicht Signifikant;False
3305;0904DV037;2004;9;27;11650.0;11650.0;0.0;11650.0;3;0;0;0;0;0;0;0;3.9542723449729715;64;3;1;0;0;1;4157.816418421731;01;7;1;Depot;M501;50;Moderat (0° bis 19,99° C);Tag;Klar;Colorado;Herbst;Entgleisung;Other Miscellaneous;Miscellaneous Causes;Depot/Rangieren, EinzelneWagen;9507.099722539579;Nicht Signifikant;False
3306;0904LA033;2004;9;17;387296.0;387296.0;43866.0;343430.0;8;1;0;0;0;0;0;2;29.83352057259057;75;17;55;0;0;4;11367.0;03;1;2;Industriestrecke;H404;80;Warm (20° bis 31,99° C);Abend;Klar;Kalifornien;Sommer;Kollision;Main Track Authority;Human Factors;Güterzug, Güterzug;317169.76496601425;Signifikant;True
3307;0904LA041;2004;9;29;36676.0;36676.0;200.0;36476.0;2;0;0;0;0;0;0;0;7.935695149221832;18;4;14;0;0;0;2905.0;01;6;1;Industriestrecke;M405;78;Warm (20° bis 31,99° C);Tag;Klar;Kalifornien;Herbst;Entgleisung;Unusual Operational Situations;Miscellaneous Causes;EinzelneWagen, Güterzug;29762.233222429604;Nicht Signifikant;False
3308;0904LV012;2004;9;27;24124.0;24124.0;2535.0;21589.0;2;0;0;0;0;0;0;0;4.949628046035187;13;0;45;0;0;8;4916.816418421731;01;7;1;Depot;M503;70;Warm (20° bis 31,99° C);Abend;Klar;Louisiana;Herbst;Entgleisung;Other Miscellaneous;Miscellaneous Causes;Depot/Rangieren, EinzelneWagen;19686.6329361841;Nicht Signifikant;False
3309;0904PD027;2004;9;23;39446.0;39446.0;32932.0;6514.0;2;0;0;0;0;0;0;0;7.935695149221832;31;6;35;0;0;1;3233.0;01;7;X;Depot;T110;66;Moderat (0° bis 19,99° C);Tag;Klar;Washington;Herbst;Entgleisung;Track Geometry;Track, Roadbed and Structures;Depot/Rangieren, EinzelneWagen;32030.856678846932;Nicht Signifikant;False
3310;0904PR005;2004;9;4;11842.0;11842.0;0.0;11842.0;4;0;0;0;0;0;0;0;1.9635609428485408;53;0;0;0;0;0;6581.0;04;7;1;Depot;H306;70;Warm (20° bis 31,99° C);Tag;Klar;Illinois;Sommer;Kollision;General Switching Rules;Human Factors;Depot/Rangieren, Güterzug;9754.26265066857;Nicht Signifikant;False
3311;0904RS025;2004;9;26;11504.0;11504.0;500.0;11004.0;6;0;0;0;0;0;0;0;3.9542723449729715;0;0;110;0;0;0;4100.0;04;7;1;Depot;H403;60;Moderat (0° bis 19,99° C);Abend;Klar;Kalifornien;Herbst;Kollision;Main Track Authority;Human Factors;Depot/Rangieren, Depot/Rangieren;9373.930521226606;Nicht Signifikant;False
3312;0904UT023;2004;9;28;15791.0;15791.0;0.0;15791.0;2;0;0;0;0;0;0;0;4.0;38;1;4;0;0;0;1935.0;01;7;1;Depot;H306;71;Warm (20° bis 31,99° C);Tag;Wolkig;Utah;Herbst;Entgleisung;General Switching Rules;Human Factors;Depot/Rangieren, Depot/Rangieren;12801.783542764491;Nicht Signifikant;False
3313;090532;1997;1;23;24358.0;24358.0;0.0;24358.0;1;0;0;0;0;0;0;0;4.0;2;0;2;0;0;0;315.33638380232395;04;7;1;Depot;H301;20;Kalt (-30° - 0,01° C);Abend;Wolkig;Indiana;Winter;Kollision;General Switching Rules;Human Factors;Depot/Rangieren, EinzelneWagen;20661.633726355074;Nicht Signifikant;False
3314;090536;1997;1;24;10451.0;10451.0;0.0;10451.0;1;0;0;0;0;0;0;0;4.949628046035187;18;0;27;0;0;0;2939.4666644060108;09;7;1;Depot;E89C;27;Kalt (-30° - 0,01° C);Abend;Wolkig;Indiana;Winter;Kollision;Doors;Mechanical and Electrical Failures;Depot/Rangieren, EinzelneWagen;8865.043684790906;Nicht Signifikant;False
3315;090574;1997;1;28;22739.0;22739.0;0.0;22739.0;0;0;0;0;0;0;0;0;7.935695149221832;1;0;1;0;0;0;213.98378192291796;04;5;1;Depot;S007;42;Moderat (0° bis 19,99° C);Abend;Regen;Virginia;Winter;Kollision;SIGNAL AND COMMUNICATION;Signal and Communication;EinzelneWagen, EinzelneWagen;19288.31961998473;Nicht Signifikant;False
3316;0905DV025;2005;9;30;9434.0;9434.0;0.0;9434.0;2;0;0;0;0;0;0;0;24.856742067279495;0;0;74;0;0;0;3977.336383802324;05;1;4;Hauptstrecke;H993;73;Warm (20° bis 31,99° C);Tag;Klar;Wyoming;Herbst;Kollision;Miscellaneous;Human Factors;Güterzug, Wartungszug;7834.246802856669;Nicht Signifikant;False
3317;0905HO023;2005;9;15;1713520.0;1713520.0;76075.0;1637440.0;5;5;1;4;0;0;0;0;37.79636618108829;30;0;103;0;0;21;7596.0;02;1;1;Nebenstrecke;H702;78;Warm (20° bis 31,99° C);Abend;Klar;Texas;Sommer;Kollision;Switches, Use of;Human Factors;Güterzug, Güterzug;1401881.6984373722;Schwer;True
3318;0905KC014;2005;9;17;85140.0;85140.0;0.0;85140.0;4;1;0;0;0;0;0;0;5.5;36;2;83;0;0;0;7730.0;04;7;1;Depot;H306;72;Warm (20° bis 31,99° C);Abend;Wolkig;Missouri;Sommer;Kollision;General Switching Rules;Human Factors;Depot/Rangieren, Depot/Rangieren;69739.24914675769;Nicht Signifikant;False
3319;0905NP020;2005;9;11;35694.0;35694.0;650.0;35044.0;4;2;0;0;0;0;0;0;7.5;24;0;21;0;0;3;3720.8899735913355;01;7;1;Depot;H307;75;Warm (20° bis 31,99° C);Tag;Wolkig;Nebraska;Sommer;Entgleisung;General Switching Rules;Human Factors;Depot/Rangieren, Lokomotive;28909.04673199967;Nicht Signifikant;False
3320;0905PD003;2005;9;2;29829.0;29829.0;0.0;29829.0;3;0;0;0;0;0;0;0;14.903185056657339;46;0;1;0;0;0;3465.336383802324;03;1;3;Hauptstrecke;H605;60;Moderat (0° bis 19,99° C);Tag;Klar;Oregon;Sommer;Kollision;Speed;Human Factors;Güterzug, Wartungszug;23785.184594529943;Nicht Signifikant;False
3321;0905RS001;2005;9;2;11884.0;11884.0;3000.0;8884.0;3;0;0;0;0;0;0;0;7.0;13;2;7;0;0;1;1263.2564391184076;01;7;1;Depot;H999;65;Moderat (0° bis 19,99° C);Abend;Klar;Kalifornien;Sommer;Entgleisung;Miscellaneous;Human Factors;Depot/Rangieren, Depot/Rangieren;9476.118331871461;Nicht Signifikant;False
3322;0905TS014;2005;9;25;172366.0;172366.0;5000.0;167366.0;5;0;0;1;0;0;0;0;18.8846078609062;138;4;2;0;0;0;7456.0;03;1;3;Hauptstrecke;H605;70;Warm (20° bis 31,99° C);Abend;Klar;Arizona;Herbst;Kollision;Speed;Human Factors;Güterzug, Güterzug;142923.71475953562;Signifikant;False
3323;090695;1995;9;6;12689.0;12689.0;439.0;12250.0;2;0;0;0;0;0;0;0;7.0;31;2;68;0;0;4;5711.754222410151;04;7;1;Depot;M599;73;Warm (20° bis 31,99° C);Abend;Klar;Illinois;Sommer;Kollision;Other Miscellaneous;Miscellaneous Causes;Depot/Rangieren, EinzelneWagen;10763.423530409704;Nicht Signifikant;False
3324;0906CB016;2006;9;17;43906.0;43906.0;5550.0;38356.0;3;0;0;0;0;0;0;0;0.9682052417863254;41;2;12;0;0;2;5335.0;01;7;1;Depot;H020;62;Moderat (0° bis 19,99° C);Abend;Wolkig;Iowa;Sommer;Entgleisung;Brakes, Use of;Human Factors;Depot/Rangieren, EinzelneWagen;34658.07130640705;Nicht Signifikant;False
3325;0906DV024;2006;9;21;10619.0;10619.0;850.0;9769.0;2;0;0;0;0;0;0;0;5.944983747097401;0;0;41;0;0;6;1269.3540757012197;01;7;1;Industriestrecke;M504;44;Moderat (0° bis 19,99° C);Tag;Wolkig;Wyoming;Sommer;Entgleisung;Other Miscellaneous;Miscellaneous Causes;Depot/Rangieren, EinzelneWagen;8341.057261801901;Nicht Signifikant;False
3326;0906DV026;2006;9;27;289091.0;289091.0;23972.0;265119.0;9;1;0;0;0;0;0;0;6.940339448159618;22;0;11;0;0;0;2994.8899735913355;04;7;1;Depot;H306;55;Moderat (0° bis 19,99° C);Abend;Klar;Colorado;Herbst;Kollision;General Switching Rules;Human Factors;Depot/Rangieren, Lokomotive;227917.84925890886;Signifikant;False
3327;0906EP014;2006;9;20;14037.0;14037.0;50.0;13987.0;2;0;0;1;0;0;0;0;19.879963561968417;8;2;1;0;0;1;387.62290464547965;01;7;1;Depot;H018;60;Moderat (0° bis 19,99° C);Abend;Klar;Texas;Sommer;Entgleisung;Brakes, Use of;Human Factors;Depot/Rangieren, EinzelneWagen;11073.682549700221;Signifikant;True
3328;0906ES008;2006;9;12;30000.0;30000.0;0.0;30000.0;0;0;0;1;0;0;0;1;0.9682052417863254;0;0;2;0;0;0;130.67276760464793;09;A;2;Hauptstrecke;M501;79;Warm (20° bis 31,99° C);Tag;Klar;Colorado;Sommer;Kollision;Other Miscellaneous;Miscellaneous Causes;Wartungszug, Wartungszug;23605.319065229367;Signifikant;False
3329;0906LA029;2006;9;23;24363.0;24363.0;6000.0;18363.0;2;0;0;0;0;0;0;0;10.921762252408477;113;6;0;0;0;0;4019.0;01;7;1;Depot;H306;74;Warm (20° bis 31,99° C);Tag;Klar;Kalifornien;Herbst;Entgleisung;General Switching Rules;Human Factors;Depot/Rangieren, EinzelneWagen;19032.602468621426;Nicht Signifikant;True
3330;0906LK014;2006;9;11;7706.0;7706.0;0.0;7706.0;3;0;0;0;0;0;0;0;4.949628046035187;12;0;0;0;0;0;1889.8899735913355;03;7;1;Depot;M504;85;Warm (20° bis 31,99° C);Abend;Klar;Arkansas;Sommer;Kollision;Other Miscellaneous;Miscellaneous Causes;Depot/Rangieren, Lokomotive;6061.51183827578;Nicht Signifikant;False
3331;0906PC008;2006;9;20;139445.0;139445.0;1100.0;138345.0;3;0;0;0;0;0;0;0;6.940339448159618;121;14;1;0;0;1;15796.816418421731;01;7;X;Industriestrecke;T110;32;Moderat (0° bis 19,99° C);Abend;Wolkig;Idaho;Sommer;Entgleisung;Track Geometry;Track, Roadbed and Structures;Depot/Rangieren, EinzelneWagen;110007.10003155569;Nicht Signifikant;False
3332;0906PD026;2006;9;20;22962.0;22962.0;725.0;22237.0;4;0;0;0;0;0;0;0;4.5;36;0;88;0;0;1;7454.0;04;7;1;Depot;H306;68;Warm (20° bis 31,99° C);Tag;Wolkig;Oregon;Sommer;Kollision;General Switching Rules;Human Factors;Depot/Rangieren, Depot/Rangieren;18114.547175765223;Nicht Signifikant;False
3333;0906UT017;2006;9;23;31906.0;31906.0;1000.0;30906.0;4;1;0;0;0;0;0;0;3.9542723449729715;57;1;59;0;0;0;9400.0;04;7;1;Depot;H305;53;Moderat (0° bis 19,99° C);Tag;Klar;Utah;Herbst;Kollision;General Switching Rules;Human Factors;Depot/Rangieren, Depot/Rangieren;24925.264309150563;Nicht Signifikant;False
3334;090737;1997;2;16;23077.0;23077.0;5027.0;18050.0;7;0;0;0;0;0;0;0;5.5;87;0;122;0;0;4;12682.0;04;1;1;Depot;H307;30;Kalt (-30° - 0,01° C);Morgendämmerung;Klar;Tennessee;Winter;Kollision;General Switching Rules;Human Factors;Güterzug, Güterzug;19575.02756807193;Nicht Signifikant;False
3335;090795107;1995;7;29;14650.0;14650.0;900.0;13750.0;3;0;0;0;0;0;0;0;5.5;26;1;30;0;0;0;4177.964598501372;04;7;X;Depot;H299;78;Warm (20° bis 31,99° C);Abend;Klar;New Mexico;Sommer;Kollision;Flagging, Fixed, Hand and Radio Signals;Human Factors;Depot/Rangieren, Güterzug;12426.838578335735;Nicht Signifikant;False
3336;0907CB024;2007;9;29;9905.0;9905.0;0.0;9905.0;1;0;0;0;0;0;0;0;4.949628046035187;0;0;3;0;0;0;532.0;09;7;1;Depot;H302;70;Warm (20° bis 31,99° C);Tag;Klar;Iowa;Herbst;Kollision;General Switching Rules;Human Factors;Depot/Rangieren, EinzelneWagen;6976.98990373327;Nicht Signifikant;False
3337;0907DV022;2007;9;20;11215.0;11215.0;0.0;11215.0;5;0;0;0;0;0;0;0;5.5;79;4;2;0;0;0;6070.0;04;7;1;Depot;H307;75;Warm (20° bis 31,99° C);Tag;Klar;Wyoming;Sommer;Kollision;General Switching Rules;Human Factors;Depot/Rangieren, Depot/Rangieren;7993.585174625801;Nicht Signifikant;False
3338;0907FW014;2007;9;16;53437.0;53437.0;3007.0;50430.0;4;0;0;0;0;0;0;0;6.940339448159618;60;3;3;0;0;3;16785.0;01;7;1;Industriestrecke;T313;75;Warm (20° bis 31,99° C);Abenddämmerung;Klar;Texas;Sommer;Entgleisung;Frogs, Switches and Track Appliances;Track, Roadbed and Structures;Depot/Rangieren, EinzelneWagen;38523.333493535836;Nicht Signifikant;False
3339;0907LA009;2007;9;8;2322283.0;2322283.0;952439.0;1369844.0;3;0;0;0;0;0;0;0;9.901875401795017;102;0;63;0;0;8;8076.669308082522;01;7;1;Depot;H599;75;Warm (20° bis 31,99° C);Abend;Wolkig;Kalifornien;Sommer;Entgleisung;Train Handling/Train Makeup;Human Factors;Depot/Rangieren, EinzelneWagen, EinzelneWagen;1691516.4979241025;Signifikant;False
3340;0907LK004;2007;9;3;30283.0;30283.0;5804.0;24479.0;5;0;0;0;0;0;0;0;3.9542723449729715;27;3;27;0;0;0;4666.889973591336;01;7;1;Depot;H703;76;Warm (20° bis 31,99° C);Abend;Wolkig;Louisiana;Sommer;Entgleisung;Switches, Use of;Human Factors;Depot/Rangieren, Lokomotive;22214.642018779345;Nicht Signifikant;False
3341;0907LK055;2007;9;28;147862.0;147862.0;4163.0;141350.0;6;0;0;0;0;0;0;0;5.626892965439745;172;8;48;0;0;1;12985.0;04;7;1;Depot;H307;75;Warm (20° bis 31,99° C);Abend;Klar;Arkansas;Herbst;Kollision;General Switching Rules;Human Factors;Depot/Rangieren, Güterzug, Güterzug;104282.38944918542;Nicht Signifikant;False
3342;09080401;2009;8;4;255693.0;255693.0;5426.0;250267.0;2;0;0;0;0;0;0;0;11.917117953470694;61;3;10;0;0;4;7571.176430345876;01;6;1;Depot;H309;90;Heiß (>= 32° C);Abend;Klar;Mississippi;Sommer;Entgleisung;General Switching Rules;Human Factors;EinzelneWagen, Güterzug;177762.09677419357;Signifikant;True
3343;09081701;2009;8;17;267782.0;267782.0;5582.0;262200.0;3;0;0;0;0;0;0;0;4.0;108;0;51;0;0;1;15042.0;04;7;1;Depot;H318;86;Warm (20° bis 31,99° C);Tag;Wolkig;Louisiana;Sommer;Kollision;General Switching Rules;Human Factors;Depot/Rangieren, Depot/Rangieren;190294.20125071064;Signifikant;False
3344;0908DV003;2008;9;7;61569.0;61569.0;0.0;61569.0;4;0;0;0;0;0;0;0;3.9542723449729715;0;0;208;0;0;0;5115.0;04;7;1;Depot;H307;80;Warm (20° bis 31,99° C);Tag;Klar;Colorado;Sommer;Kollision;General Switching Rules;Human Factors;Depot/Rangieren, Güterzug;43282.249560632685;Nicht Signifikant;False
3345;0908LK014;2008;9;10;8512.0;8512.0;0.0;8512.0;5;1;0;0;0;0;0;0;3.5;5;0;27;0;0;0;1478.8899735913355;05;7;1;Depot;H607;70;Warm (20° bis 31,99° C);Tag;Wolkig;Arkansas;Sommer;Kollision;Speed;Human Factors;Depot/Rangieren, Lokomotive;6039.449411096921;Nicht Signifikant;False
3346;0908LK034;2008;9;23;18701.0;18701.0;12624.0;6077.0;2;0;0;0;0;0;0;0;3.9542723449729715;52;0;42;0;0;4;6327.647398120594;01;7;1;Depot;T314;78;Warm (20° bis 31,99° C);Tag;Klar;Arkansas;Herbst;Entgleisung;Frogs, Switches and Track Appliances;Track, Roadbed and Structures;Depot/Rangieren, EinzelneWagen;12694.996945217568;Nicht Signifikant;False
3347;0908LV002;2008;9;8;65323.0;65323.0;608.0;64715.0;4;0;0;0;0;0;0;0;5.5;30;0;62;0;0;1;6129.0;04;7;1;Depot;H399;90;Heiß (>= 32° C);Tag;Klar;Louisiana;Sommer;Kollision;General Switching Rules;Human Factors;Depot/Rangieren, Depot/Rangieren;45956.80315182215;Nicht Signifikant;False
3348;090940;1997;3;15;12250.0;12250.0;2050.0;10200.0;3;0;0;0;0;0;0;0;4.949628046035187;42;0;21;0;0;1;3228.484355271862;04;6;1;Depot;M599;52;Moderat (0° bis 19,99° C);Abend;Klar;Florida;Winter;Kollision;Other Miscellaneous;Miscellaneous Causes;EinzelneWagen, Güterzug;10391.042497243192;Nicht Signifikant;False
3349;0909FW004;2009;9;2;176837.0;176837.0;53614.0;123223.0;4;1;0;0;0;0;0;0;4.5;46;0;72;0;0;2;6828.0;04;7;1;Depot;H703;79;Warm (20° bis 31,99° C);Abend;Klar;Texas;Sommer;Kollision;Switches, Use of;Human Factors;Depot/Rangieren, Depot/Rangieren;124357.9465541491;Nicht Signifikant;False
3350;0909NP013;2009;9;14;252561.0;252561.0;19257.0;233304.0;2;0;0;0;0;0;0;0;9.901875401795017;5;1;29;0;0;8;1569.0;01;7;1;Depot;T314;55;Moderat (0° bis 19,99° C);Abend;Klar;Nebraska;Sommer;Entgleisung;Frogs, Switches and Track Appliances;Track, Roadbed and Structures;Depot/Rangieren, EinzelneWagen, EinzelneWagen;173450.31247853857;Signifikant;False
3351;091005;1997;3;26;7450.0;7450.0;2100.0;5350.0;3;0;0;0;0;0;0;0;5.5;27;2;6;0;0;0;2307.4345207668866;04;7;2;Industriestrecke;H702;55;Moderat (0° bis 19,99° C);Abend;Regen;Tennessee;Frühling;Kollision;Switches, Use of;Human Factors;Depot/Rangieren, Depot/Rangieren;6319.450335058104;Nicht Signifikant;False
3352;091024;1997;3;27;9000.0;9000.0;0.0;9000.0;2;0;0;0;0;0;0;0;3.5;31;0;19;0;0;1;4176.221936217871;04;7;1;Depot;M408;70;Warm (20° bis 31,99° C);Tag;Klar;Alabama;Frühling;Kollision;Unusual Operational Situations;Miscellaneous Causes;Depot/Rangieren, Depot/Rangieren;7634.235304097039;Nicht Signifikant;False
3353;091040;1997;3;30;6533.0;6533.0;73.0;6460.0;2;0;0;0;0;0;0;0;4.0;17;0;20;0;10;0;3031.0;04;7;1;Depot;H702;45;Moderat (0° bis 19,99° C);Abend;Klar;Alabama;Frühling;Kollision;Switches, Use of;Human Factors;Depot/Rangieren, Depot/Rangieren;5541.6065824073285;Nicht Signifikant;False
3354;091075;1997;4;3;35888.0;35888.0;9279.0;26609.0;4;0;0;0;0;0;0;0;4.949628046035187;32;2;15;0;0;0;4259.0;04;7;1;Depot;M408;75;Warm (20° bis 31,99° C);Tag;Klar;Tennessee;Frühling;Kollision;Unusual Operational Situations;Miscellaneous Causes;Depot/Rangieren, Depot/Rangieren;30441.937399270504;Nicht Signifikant;False
3355;091093;1993;9;25;29009.0;29009.0;150.0;28859.0;3;0;0;0;0;0;0;0;4.0;65;0;105;0;0;1;9569.38246804657;04;7;1;Depot;H301;62;Moderat (0° bis 19,99° C);Tag;Wolkig;Wisconsion;Herbst;Kollision;General Switching Rules;Human Factors;Depot/Rangieren, Güterzug;24606.836881839;Nicht Signifikant;False
3356;091095102;1995;10;13;412200.0;412200.0;200000.0;212200.0;8;3;0;4;0;0;0;0;23.5;76;1;59;0;0;9;7586.0;04;1;5;Hauptstrecke;H215;76;Warm (20° bis 31,99° C);Tag;Klar;New Mexico;Herbst;Kollision;Flagging, Fixed, Hand and Radio Signals;Human Factors;Güterzug, Güterzug;349647.9769276444;Signifikant;False