index;INCDTNO;YEAR4;MONTH;DAY;ACCDMG;INFRASTRUCTURE_DMG;TRKDMG;EQPDMG;LOCOMOTIVES1;LOCOMOTIVES2;RREMPKLD;RREMPINJ;PASSKLD;PASSINJ;OTHERKLD;OTHERINJ;SPEED;LOADF1;LOADF2;EMPTYF1;EMPTYP1;LOADP1;EMPTYF2;TONS;TYPE;TYPEQ;TRKCLAS;TYPTRK;ACCAUSE;TEMP;TEMP_CLUSTER;VISIBLTY;WEATHER;STATE;Jahreszeit;ACCIDENT_TYPE;ACCCAUSE_LVL1;ACCCAUSE_LVL2;EQUIPMENT_TYPE;ACCDMG_EUR;ACCTYPE;SPD_TOO_HIGH
3357;0910HO027;2010;9;22;12277.0;12277.0;0.0;12277.0;5;0;0;0;0;0;0;0;5.944983747097401;80;0;14;0;0;0;10936.889973591336;05;7;1;Depot;H307;80;Warm (20° bis 31,99° C);Tag;Wolkig;Texas;Sommer;Kollision;General Switching Rules;Human Factors;Depot/Rangieren, Lokomotive;9186.620772223885;Nicht Signifikant;False
3358;0910LA006;2010;9;9;2143217.0;2143217.0;77112.0;2066105.0;4;2;0;3;0;0;0;0;17.0;75;4;66;0;0;8;11109.0;03;1;4;Hauptstrecke;H220;63;Moderat (0° bis 19,99° C);Abend;Klar;Kalifornien;Sommer;Kollision;Flagging, Fixed, Hand and Radio Signals;Human Factors;Güterzug, Güterzug;1685581.5965395202;Signifikant;False
3359;0910NP007;2010;9;8;3755527.0;3755527.0;886679.0;2868848.0;6;0;0;0;0;0;0;0;48.5;106;40;126;0;0;23;17806.0;01;1;5;Hauptstrecke;T299;69;Warm (20° bis 31,99° C);Abenddämmerung;Wolkig;Nebraska;Sommer;Entgleisung;Rail, Joint Bar and Rail Anchoring;Track, Roadbed and Structures;Güterzug, Güterzug;2957806.5684807436;Schwer;False
3360;0910SA016;2010;9;24;9582.0;9582.0;2304.0;7278.0;3;0;0;0;0;0;0;0;5.0;47;0;52;0;0;3;5275.0;04;7;1;Depot;H306;80;Warm (20° bis 31,99° C);Tag;Wolkig;Texas;Herbst;Kollision;General Switching Rules;Human Factors;Depot/Rangieren, Depot/Rangieren;7144.348344765882;Nicht Signifikant;False
3361;0910WH009;2010;9;29;102361.0;102361.0;99023.0;3338.0;3;0;0;0;0;0;0;0;5.944983747097401;81;2;95;0;0;4;13265.0;01;6;1;Depot;M599;85;Warm (20° bis 31,99° C);Tag;Klar;Kansas;Herbst;Entgleisung;Other Miscellaneous;Miscellaneous Causes;EinzelneWagen, Güterzug;75204.61391521564;Nicht Signifikant;False
3362;09112015;2015;9;11;27498.0;27498.0;24800.0;2698.0;1;0;0;0;0;0;0;0;3.0;4;1;0;0;0;0;548.0;04;5;X;Industriestrecke;H018;60;Moderat (0° bis 19,99° C);Tag;Klar;Wisconsion;Sommer;Kollision;Brakes, Use of;Human Factors;EinzelneWagen, Güterzug;24403.620873269436;Nicht Signifikant;False
3363;09112802;2009;11;28;42125.0;42125.0;704.0;41421.0;5;0;0;0;0;0;0;0;6.0;101;1;25;0;0;0;12639.0;04;7;1;Depot;H703;50;Moderat (0° bis 19,99° C);Abend;Wolkig;Louisiana;Herbst;Kollision;Switches, Use of;Human Factors;Depot/Rangieren, Güterzug;28171.60436032903;Nicht Signifikant;False
3364;091185;2004;1;24;14000.0;14000.0;0.0;14000.0;2;0;0;0;0;0;0;0;110.0;0;0;0;0;16;0;739.2271264453428;04;2;6;Hauptstrecke;E29C;28;Kalt (-30° - 0,01° C);Abend;Klar;New Jersey;Winter;Kollision;Body;Mechanical and Electrical Failures;Personenzug, Personenzug;11064.569667272583;Nicht Signifikant;False
3365;091195105;1995;11;26;13250.0;13250.0;0.0;13250.0;8;0;0;0;0;0;0;0;7.935695149221832;0;0;12;0;0;1;395.88997359133555;01;1;X;Depot;H702;75;Warm (20° bis 31,99° C);Abend;Wolkig;New Mexico;Herbst;Entgleisung;Switches, Use of;Human Factors;Güterzug, Lokomotive;11239.290864365086;Nicht Signifikant;False
3366;091199;1997;4;20;20158.0;20158.0;0.0;20158.0;3;0;0;0;0;0;0;0;3.9542723449729715;48;2;0;0;0;0;5900.286244289166;04;6;1;Industriestrecke;H702;55;Moderat (0° bis 19,99° C);Abend;Klar;North Carolina;Frühling;Kollision;Switches, Use of;Human Factors;EinzelneWagen, Güterzug;17098.990584443123;Nicht Signifikant;False
3367;0911FW023;2011;9;24;53613.0;53613.0;38.0;53575.0;3;0;0;0;0;0;0;0;3.9542723449729715;88;2;100;0;0;4;13895.0;04;7;1;Depot;H602;83;Warm (20° bis 31,99° C);Abend;Klar;Texas;Herbst;Kollision;Speed;Human Factors;Depot/Rangieren, EinzelneWagen;39851.09018830526;Nicht Signifikant;False
3368;0911NP021;2011;9;25;27880.0;27880.0;2212.0;25668.0;3;0;0;0;0;0;0;0;7.935695149221832;22;0;67;0;0;3;5527.889973591336;01;7;1;Depot;T403;60;Moderat (0° bis 19,99° C);Abend;Klar;Nebraska;Herbst;Entgleisung;Other Way and Structure;Track, Roadbed and Structures;Depot/Rangieren, Lokomotive;20687.608211723964;Nicht Signifikant;False
3369;0911NP029;2011;9;29;33639.0;33639.0;14366.0;19273.0;1;0;0;0;0;0;0;0;6.940339448159618;11;2;20;0;0;0;2037.0;01;7;1;Depot;E34C;60;Moderat (0° bis 19,99° C);Tag;Wolkig;Nebraska;Herbst;Entgleisung;Coupler and Draft System;Mechanical and Electrical Failures;Depot/Rangieren, EinzelneWagen;24707.308116048476;Nicht Signifikant;False
3370;0911WH008;2011;9;21;310156.0;310156.0;175133.0;135023.0;5;1;0;0;0;0;0;0;14.903185056657339;76;2;165;0;0;2;13585.0;01;1;2;Hauptstrecke;M409;62;Moderat (0° bis 19,99° C);Morgendämmerung;Klar;Arkansas;Sommer;Entgleisung;Unusual Operational Situations;Miscellaneous Causes;Güterzug, Güterzug;227453.79876796715;Signifikant;False
3371;091247;1997;4;27;7177.0;7177.0;1277.0;5900.0;2;0;0;0;0;0;0;0;0.9682052417863254;18;1;0;0;0;0;2263.647398120594;04;7;1;Depot;H702;65;Moderat (0° bis 19,99° C);Tag;Regen;Alabama;Frühling;Kollision;Switches, Use of;Human Factors;Depot/Rangieren, EinzelneWagen;6087.878530833827;Nicht Signifikant;False
3372;091263;1997;4;29;29529.0;29529.0;529.0;29000.0;1;0;0;0;0;0;0;0;2.958916643910756;2;2;21;0;0;1;977.3675272869788;04;7;2;Depot;H307;49;Moderat (0° bis 19,99° C);Abend;Klar;Illinois;Frühling;Kollision;General Switching Rules;Human Factors;Depot/Rangieren, EinzelneWagen;25047.926032742387;Nicht Signifikant;False
3373;091268;1997;4;30;16315.0;16315.0;1373.0;14942.0;7;1;0;0;0;0;0;0;5.926644996129869;44;0;10;0;0;0;5517.889973591336;04;7;1;Depot;H306;76;Warm (20° bis 31,99° C);Tag;Klar;Georgia;Frühling;Kollision;General Switching Rules;Human Factors;Depot/Rangieren, Güterzug, Lokomotive;13839.172109593688;Nicht Signifikant;False
3374;091295103;1995;12;20;2012100.0;2012100.0;312000.0;1700100.0;8;4;1;2;0;0;0;0;37.5;115;28;0;0;0;0;7394.0;04;1;5;Hauptstrecke;H215;30;Kalt (-30° - 0,01° C);Tag;Wolkig;New Mexico;Herbst;Kollision;Flagging, Fixed, Hand and Radio Signals;Human Factors;Güterzug, Güterzug;1706760.5394859614;Schwer;False
3375;0912FW017;2012;9;23;38507.0;38507.0;1926.0;36581.0;6;1;0;0;0;0;0;0;9.5;52;0;40;0;0;0;8484.889973591336;04;1;1;Depot;H306;78;Warm (20° bis 31,99° C);Abend;Klar;Texas;Herbst;Kollision;General Switching Rules;Human Factors;Güterzug, Lokomotive;29758.114374034;Nicht Signifikant;False
3376;0912HO008;2012;9;8;18957.0;18957.0;150.0;18807.0;1;0;0;0;0;0;0;0;3.9542723449729715;7;0;34;0;0;1;2034.0;05;7;1;Depot;M599;91;Heiß (>= 32° C);Abend;Klar;Texas;Sommer;Kollision;Other Miscellaneous;Miscellaneous Causes;Depot/Rangieren, EinzelneWagen;14892.374567927098;Nicht Signifikant;False
3377;0912LK032;2012;9;30;26067.0;26067.0;1000.0;25067.0;3;0;0;0;0;0;0;0;5.0;15;0;59;0;0;7;3955.8899735913355;04;7;1;Depot;H017;70;Warm (20° bis 31,99° C);Tag;Regen;Louisiana;Herbst;Kollision;Brakes, Use of;Human Factors;Depot/Rangieren, Lokomotive;20215.334505221796;Nicht Signifikant;False
3378;0912PD007;2012;9;14;12703.0;12703.0;264.0;12439.0;2;0;0;0;0;0;0;0;12.0;22;0;18;0;0;1;3301.0938083315823;04;7;1;Depot;M407;48;Moderat (0° bis 19,99° C);Abend;Klar;Oregon;Sommer;Kollision;Unusual Operational Situations;Miscellaneous Causes;Depot/Rangieren, EinzelneWagen;9700.649102710957;Nicht Signifikant;True
3379;0912SL005;2012;9;8;122960.0;122960.0;0.0;122960.0;3;0;0;1;0;0;0;0;20.0;0;0;135;0;0;2;4262.581579792767;04;6;4;Hauptstrecke;M105;75;Warm (20° bis 31,99° C);Tag;Klar;Illinois;Sommer;Kollision;Environmental Conditions;Environmental Conditions;EinzelneWagen, Güterzug;96595.78925316854;Signifikant;False
3380;091323;2004;2;3;11071.0;11071.0;0.0;11071.0;3;0;0;0;0;0;0;0;8.908067800378731;0;0;0;5;0;0;201.02705777664897;03;7;1;Depot;H307;50;Moderat (0° bis 19,99° C);Abend;Klar;Kalifornien;Winter;Kollision;General Switching Rules;Human Factors;Depot/Rangieren, Lokomotive, Lokomotive;8796.980532379817;Nicht Signifikant;False
3381;0913ES010;2013;9;14;16000.0;16000.0;0.0;16000.0;0;0;0;0;0;0;0;0;19.879963561968417;0;0;2;0;0;0;130.67276760464793;03;A;4;Hauptstrecke;H699;87;Warm (20° bis 31,99° C);Abend;Klar;Texas;Sommer;Kollision;Speed;Human Factors;Wartungszug, Wartungszug;12015.921095451475;Nicht Signifikant;False
3382;0913HO014;2013;9;11;12071.0;12071.0;216.0;11855.0;2;0;0;0;0;0;0;0;3.5;44;0;17;0;0;0;6079.647398120594;05;7;1;Hauptstrecke;H318;86;Warm (20° bis 31,99° C);Abend;Wolkig;Texas;Sommer;Kollision;General Switching Rules;Human Factors;Depot/Rangieren, EinzelneWagen;9097.829363883027;Nicht Signifikant;False
3383;0913LK007;2013;9;12;12827.0;12827.0;1880.0;10947.0;2;0;0;0;0;0;0;0;7.935695149221832;2;1;0;0;0;0;193.2564391184076;01;7;1;Depot;S006;74;Warm (20° bis 31,99° C);Morgendämmerung;Klar;Arkansas;Sommer;Entgleisung;SIGNAL AND COMMUNICATION;Signal and Communication;Depot/Rangieren, EinzelneWagen;9651.617757712565;Nicht Signifikant;False
3384;0913TC008;2013;9;16;53616.0;53616.0;4198.0;49418.0;4;0;0;0;0;0;0;0;3.9542723449729715;19;0;23;0;0;4;3010.8899735913355;01;1;1;Depot;E64C;52;Moderat (0° bis 19,99° C);Abend;Klar;Minnesota;Sommer;Entgleisung;Wheels;Mechanical and Electrical Failures;Güterzug, Lokomotive;40140.750168451;Nicht Signifikant;False
3385;091407;1997;5;18;32500.0;32500.0;0.0;32500.0;4;2;0;0;0;0;0;0;4.0;52;0;31;0;0;3;7272.0;04;7;2;Depot;H702;65;Moderat (0° bis 19,99° C);Abend;Klar;North Carolina;Frühling;Kollision;Switches, Use of;Human Factors;Depot/Rangieren, Güterzug;27568.07193146153;Nicht Signifikant;False
3386;091468;1997;5;28;13727.0;13727.0;2500.0;11227.0;1;0;0;0;0;0;0;0;5.944983747097401;34;4;22;0;0;2;4688.749639049273;01;7;1;Industriestrecke;T311;58;Moderat (0° bis 19,99° C);Abend;Klar;Virginia;Frühling;Entgleisung;Frogs, Switches and Track Appliances;Track, Roadbed and Structures;Depot/Rangieren, EinzelneWagen;11643.905335482228;Nicht Signifikant;False
3387;091473;1997;5;28;7069.0;7069.0;0.0;7069.0;1;0;0;0;0;0;0;0;1.9635609428485408;21;0;0;0;0;0;2227.493917000954;04;6;1;Industriestrecke;H306;60;Moderat (0° bis 19,99° C);Tag;Regen;Tennessee;Frühling;Kollision;General Switching Rules;Human Factors;EinzelneWagen, Güterzug;5996.267707184664;Nicht Signifikant;False
3388;091499;1997;5;31;199367.0;199367.0;7367.0;192000.0;6;0;0;1;0;0;0;0;13.5;69;0;61;0;0;4;11950.0;04;4;2;Nebenstrecke;H204;55;Moderat (0° bis 19,99° C);Tag;Wolkig;Indiana;Frühling;Kollision;Flagging, Fixed, Hand and Radio Signals;Human Factors;Arbeitszug, Güterzug;169112.73220799048;Signifikant;False
3389;0914KC012;2014;9;25;3117959.0;3117959.0;1211915.0;1906044.0;7;2;0;1;0;0;0;0;24.5;233;18;0;0;0;0;14095.0;04;1;4;Hauptstrecke;S008;70;Warm (20° bis 31,99° C);Abend;Klar;Kansas;Herbst;Kollision;SIGNAL AND COMMUNICATION;Signal and Communication;Güterzug, Güterzug;2452768.2504719947;Schwer;False
3390;0914LK020;2014;9;19;17178.0;17178.0;0.0;17178.0;5;0;0;1;0;0;0;0;13.907829355595124;43;0;92;0;0;0;8603.889973591336;03;1;4;Hauptstrecke;H607;73;Warm (20° bis 31,99° C);Abend;Wolkig;Arkansas;Sommer;Kollision;Speed;Human Factors;Güterzug, Lokomotive;13366.013071895426;Signifikant;False
3391;0914LK024;2014;9;22;43462.0;43462.0;34530.0;8932.0;2;0;0;0;0;0;0;0;4.949628046035187;30;5;28;0;0;1;4725.816418421731;01;5;1;Depot;H703;84;Warm (20° bis 31,99° C);Tag;Wolkig;Louisiana;Sommer;Entgleisung;Switches, Use of;Human Factors;EinzelneWagen, Güterzug;33835.73374854029;Nicht Signifikant;False
3392;091578;1997;6;11;84231.0;84231.0;0.0;123362.0;4;0;0;0;0;0;0;0;2.0;90;0;10;0;0;8;8412.0;04;1;1;Depot;H605;62;Moderat (0° bis 19,99° C);Abend;Klar;Kansas;Frühling;Kollision;Speed;Human Factors;Güterzug, Güterzug;71448.80821104419;Nicht Signifikant;False
3393;0915LK010;2015;9;8;4664073.0;4664073.0;1572511.0;3091562.0;5;2;0;2;0;0;0;0;22.5;137;7;0;0;0;0;10776.0;08;1;3;Hauptstrecke;H401;82;Warm (20° bis 31,99° C);Abend;Wolkig;Texas;Sommer;Bahnübergang;Main Track Authority;Human Factors;Güterzug, Güterzug;4178528.041569611;Schwer;False
3394;0915LV010;2015;9;11;121361.0;121361.0;4990.0;116371.0;3;0;0;0;0;0;0;0;4.949628046035187;40;1;19;0;0;2;5985.0;01;6;4;Hauptstrecke;H511;85;Warm (20° bis 31,99° C);Tag;Wolkig;Louisiana;Sommer;Entgleisung;Train Handling/Train Makeup;Human Factors;EinzelneWagen, Güterzug;107704.11785587504;Nicht Signifikant;False
3395;0915PR017;2015;9;19;16973.0;16973.0;1050.0;15923.0;0;0;0;0;0;0;0;0;5.944983747097401;1;0;2;0;0;0;317.0;04;6;1;Depot;H020;75;Warm (20° bis 31,99° C);Tag;Klar;Illinois;Sommer;Kollision;Brakes, Use of;Human Factors;EinzelneWagen, EinzelneWagen;14937.51466791833;Nicht Signifikant;False
3396;0915PR021;2015;9;29;26439.0;26439.0;3000.0;23439.0;4;0;0;0;0;0;0;0;9.926406551346263;141;0;30;0;0;1;23121.0;03;4;1;Hauptstrecke;H221;68;Warm (20° bis 31,99° C);Tag;Wolkig;Wisconsion;Herbst;Kollision;Flagging, Fixed, Hand and Radio Signals;Human Factors;Arbeitszug, Güterzug;23597.82220635487;Nicht Signifikant;False
3397;091601;1997;6;14;49841.0;49841.0;3841.0;46000.0;3;0;0;0;0;0;0;0;1.9635609428485408;89;3;2;0;0;0;11068.340649988764;04;7;1;Depot;H307;70;Warm (20° bis 31,99° C);Abend;Klar;Louisiana;Frühling;Kollision;General Switching Rules;Human Factors;Depot/Rangieren, EinzelneWagen;42277.54686572228;Nicht Signifikant;False
3398;091617;1997;6;16;219395.0;219395.0;14807.0;204588.0;8;0;0;0;0;0;0;0;3.5;34;4;170;0;0;6;9485.0;01;7;1;Depot;T309;85;Warm (20° bis 31,99° C);Tag;Wolkig;Alabama;Frühling;Entgleisung;Frogs, Switches and Track Appliances;Track, Roadbed and Structures;Depot/Rangieren, Güterzug;186101.45050470775;Signifikant;False
3399;091705;1997;6;28;352956.0;352956.0;97000.0;255956.0;2;0;0;0;0;0;0;1;49.740634593834876;73;17;11;0;0;4;7587.262828632719;01;6;4;Hauptstrecke;T109;88;Warm (20° bis 31,99° C);Tag;Klar;Indiana;Sommer;Entgleisung;Track Geometry;Track, Roadbed and Structures;EinzelneWagen, Güterzug;299394.35066587495;Signifikant;False
3400;091776;1997;7;10;24459.0;24459.0;0.0;24459.0;3;0;0;0;0;0;0;0;5.944983747097401;62;1;96;0;0;0;10319.586627137913;04;6;1;Depot;H307;86;Warm (20° bis 31,99° C);Tag;Wolkig;North Carolina;Sommer;Kollision;General Switching Rules;Human Factors;EinzelneWagen, Güterzug;20747.306811434388;Nicht Signifikant;False
3401;0917FW010;2017;9;16;79331.0;79331.0;100.0;79231.0;3;0;0;0;0;0;0;0;3.0;0;0;3;0;0;1;437.0;01;7;1;Depot;E43C;80;Warm (20° bis 31,99° C);Tag;Klar;Texas;Sommer;Entgleisung;Truck Components;Mechanical and Electrical Failures;Depot/Rangieren, Depot/Rangieren;66341.36143167753;Nicht Signifikant;False
3402;091842;1997;7;19;24515.0;24515.0;8000.0;16515.0;4;0;0;0;0;0;0;0;17.5;47;1;31;0;0;3;6319.0;01;1;4;Depot;E67C;88;Warm (20° bis 31,99° C);Tag;Wolkig;North Carolina;Sommer;Entgleisung;Wheels;Mechanical and Electrical Failures;Güterzug, Güterzug;20794.808719993212;Nicht Signifikant;False
3403;0918LK004;2018;9;5;61700.0;61700.0;18607.0;43093.0;2;0;0;0;0;0;0;0;4.5;3;3;1;0;0;1;452.0;01;7;X;Depot;T102;75;Warm (20° bis 31,99° C);Morgendämmerung;Klar;Arkansas;Sommer;Entgleisung;Track Geometry;Track, Roadbed and Structures;Depot/Rangieren, EinzelneWagen;53272.31911586946;Nicht Signifikant;False
3404;0918LK006;2018;9;5;119439.0;119439.0;61832.0;57607.0;2;0;0;0;0;0;0;0;8.931050850284048;2;2;7;0;0;4;15122.0;01;6;1;Depot;T210;85;Warm (20° bis 31,99° C);Tag;Klar;Arkansas;Sommer;Entgleisung;Rail, Joint Bar and Rail Anchoring;Track, Roadbed and Structures;EinzelneWagen, Güterzug;103124.67622172338;Nicht Signifikant;False
3405;091901;2001;9;19;234244.0;234244.0;47000.0;10080.0;5;0;0;0;0;0;0;0;5.9310508502840475;20;0;9;0;0;1;3434.8899735913355;01;7;2;Depot;H303;50;Moderat (0° bis 19,99° C);Abend;Klar;Maine;Sommer;Entgleisung;General Switching Rules;Human Factors;Depot/Rangieren, NaN;253017.93043853965;Signifikant;False
3406;091985;1997;8;8;7711.0;7711.0;405.0;7306.0;2;0;0;0;0;0;0;0;4.0;34;0;140;0;0;2;7985.0;04;7;2;Depot;H702;70;Warm (20° bis 31,99° C);Abend;Klar;Georgia;Sommer;Kollision;Switches, Use of;Human Factors;Depot/Rangieren, Depot/Rangieren;6540.843158876919;Nicht Signifikant;False
3407;0919HL016;2019;9;14;263374.0;263374.0;59444.0;203930.0;4;0;0;0;0;0;0;0;2.945222191881008;86;0;212;0;0;10;15960.0;01;7;1;Depot;T103;67;Moderat (0° bis 19,99° C);Abend;Klar;Missouri;Sommer;Entgleisung;Track Geometry;Track, Roadbed and Structures;Depot/Rangieren, EinzelneWagen, Güterzug;237823.79676729976;Signifikant;False
3408;0919LA018;2019;9;17;47350.0;47350.0;34149.0;13201.0;2;0;0;0;0;0;0;0;3.9542723449729715;75;4;30;0;0;2;10214.0;01;7;1;Depot;H306;70;Warm (20° bis 31,99° C);Abend;Klar;Kalifornien;Sommer;Entgleisung;General Switching Rules;Human Factors;Depot/Rangieren, EinzelneWagen;42943.95066207147;Nicht Signifikant;False
3409;0920001;1985;7;14;6700.0;6700.0;4600.0;2100.0;2;0;0;0;0;0;0;0;6.5;11;1;25;0;0;3;1444.2564391184076;04;7;1;Depot;H313;70;Warm (20° bis 31,99° C);Abend;Klar;Indiana;Sommer;Kollision;General Switching Rules;Human Factors;Depot/Rangieren, EinzelneWagen;5683.264059716685;Nicht Signifikant;False
3410;0920001;1985;10;26;57000.0;57000.0;0.0;57000.0;2;1;0;0;0;0;0;0;2.958916643910756;50;0;64;0;0;0;8775.782794013312;04;7;1;Depot;H702;40;Moderat (0° bis 19,99° C);Abend;Klar;Indiana;Herbst;Kollision;Switches, Use of;Human Factors;Depot/Rangieren, EinzelneWagen;48350.156925947915;Nicht Signifikant;False
3411;0920001;1987;3;4;22700.0;22700.0;800.0;21900.0;4;0;0;0;0;0;0;0;4.0;122;2;35;0;0;0;10479.0;04;7;1;Depot;H307;30;Kalt (-30° - 0,01° C);Tag;Wolkig;Indiana;Winter;Kollision;General Switching Rules;Human Factors;Depot/Rangieren, Güterzug;19255.237933666976;Nicht Signifikant;False
3412;0920002;1985;8;24;6090.0;6090.0;1700.0;4390.0;3;0;0;0;0;0;0;0;9.926406551346263;57;5;0;0;0;0;4018.256439118408;01;5;1;Depot;T307;68;Warm (20° bis 31,99° C);Abend;Klar;Indiana;Sommer;Entgleisung;Frogs, Switches and Track Appliances;Track, Roadbed and Structures;EinzelneWagen, Güterzug;5165.83255577233;Nicht Signifikant;False
3413;0920002;1985;10;22;12000.0;12000.0;0.0;12000.0;4;0;0;0;0;0;0;0;30.828876273652785;25;0;1;0;0;0;8199.336383802323;05;5;4;Hauptstrecke;M404;48;Moderat (0° bis 19,99° C);Tag;Klar;Indiana;Herbst;Kollision;Unusual Operational Situations;Miscellaneous Causes;EinzelneWagen, Güterzug;10178.980405462718;Nicht Signifikant;False
3414;0920002;1986;1;10;947780.0;947780.0;0.0;947780.0;3;0;0;0;0;0;0;0;3.5;113;29;0;0;0;0;12742.755058812696;01;7;2;Nebenstrecke;H022;15;Kalt (-30° - 0,01° C);Tag;Klar;Indiana;Winter;Entgleisung;Brakes, Use of;Human Factors;Depot/Rangieren, EinzelneWagen;803952.837390788;Signifikant;False
3415;0920002;1988;1;11;6300.0;6300.0;1500.0;4800.0;2;0;0;0;0;0;0;0;4.0;5;3;4;0;0;2;216.2564391184076;04;7;1;Depot;M407;14;Kalt (-30° - 0,01° C);Abend;Klar;Indiana;Winter;Kollision;Unusual Operational Situations;Miscellaneous Causes;Depot/Rangieren, EinzelneWagen;5343.964712867927;Nicht Signifikant;False
3416;0920002;1988;2;26;8750.0;8750.0;500.0;8250.0;3;2;0;1;0;0;0;0;5.0;14;1;10;0;0;0;2260.0;04;7;1;Depot;H702;30;Kalt (-30° - 0,01° C);Tag;Klar;Indiana;Winter;Kollision;Switches, Use of;Human Factors;Depot/Rangieren, Depot/Rangieren;7422.173212316566;Signifikant;False
3417;0920003;1985;5;13;5600.0;5600.0;500.0;5100.0;3;0;0;0;0;0;0;0;9.926406551346263;80;5;2;0;0;2;5698.742863252126;01;7;1;Depot;H099;60;Moderat (0° bis 19,99° C);Tag;Klar;Illinois;Frühling;Entgleisung;Brakes, Use of;Human Factors;Depot/Rangieren, EinzelneWagen;4750.190855882603;Nicht Signifikant;False
3418;0920003;1985;11;29;5700.0;5700.0;0.0;5700.0;2;0;0;0;0;0;0;0;3.9542723449729715;14;1;28;0;0;2;2308.256439118408;04;7;1;Depot;M407;25;Kalt (-30° - 0,01° C);Abend;Wolkig;Indiana;Herbst;Kollision;Unusual Operational Situations;Miscellaneous Causes;Depot/Rangieren, EinzelneWagen;4835.015692594791;Nicht Signifikant;False
3419;0920005;1988;4;28;16400.0;16400.0;400.0;16000.0;2;0;0;0;0;0;0;0;6.5;2;1;16;0;0;1;1046.2564391184076;04;7;1;Depot;M407;55;Moderat (0° bis 19,99° C);Abend;Klar;Indiana;Frühling;Kollision;Unusual Operational Situations;Miscellaneous Causes;Depot/Rangieren, EinzelneWagen;13911.273220799048;Nicht Signifikant;False
3420;092055;1997;8;16;20400.0;20400.0;100.0;20300.0;1;0;0;0;0;0;0;0;1.9635609428485408;5;0;8;0;0;2;783.5738429509893;04;7;1;Depot;E08C;92;Heiß (>= 32° C);Tag;Klar;Illinois;Sommer;Kollision;Brakes;Mechanical and Electrical Failures;Depot/Rangieren, EinzelneWagen;17304.266689286622;Nicht Signifikant;False
3421;092110;1997;8;24;66927.0;66927.0;4000.0;62927.0;5;2;0;0;0;0;0;0;4.949628046035187;197;3;68;0;0;0;22089.0;04;7;1;Depot;H605;54;Moderat (0° bis 19,99° C);Abend;Klar;Ohio;Sommer;Kollision;Speed;Human Factors;Depot/Rangieren, Güterzug;56770.71846636695;Nicht Signifikant;False
3422;092202;1997;9;6;16150.0;16150.0;750.0;15400.0;5;0;0;0;0;0;0;0;4.5;77;1;58;0;0;1;10175.493523672929;04;7;1;Depot;H702;56;Moderat (0° bis 19,99° C);Abend;Klar;Georgia;Sommer;Kollision;Switches, Use of;Human Factors;Depot/Rangieren, Güterzug;13699.211129018577;Nicht Signifikant;False
3423;092308;1997;9;19;34279.0;34279.0;1029.0;33250.0;6;0;0;0;0;0;0;0;9.901875401795017;149;5;196;0;0;2;22986.992086292805;01;6;2;Depot;H307;80;Warm (20° bis 31,99° C);Morgendämmerung;Klar;Georgia;Sommer;Entgleisung;General Switching Rules;Human Factors;EinzelneWagen, EinzelneWagen, Güterzug;29077.105776571378;Nicht Signifikant;False
3424;092379;1997;9;28;6689.0;6689.0;4589.0;2100.0;3;0;0;0;0;0;0;0;3.0;28;1;6;0;0;1;3180.256439118408;04;7;2;Depot;S006;60;Moderat (0° bis 19,99° C);Tag;Regen;Virginia;Herbst;Kollision;SIGNAL AND COMMUNICATION;Signal and Communication;Depot/Rangieren, EinzelneWagen;5673.933327678344;Nicht Signifikant;False
3425;092388;1997;9;29;12045.0;12045.0;295.0;11750.0;4;0;0;0;0;0;0;0;5.944983747097401;22;0;52;0;0;2;4202.0;04;7;2;Depot;H702;89;Warm (20° bis 31,99° C);Tag;Klar;Georgia;Herbst;Kollision;Switches, Use of;Human Factors;Depot/Rangieren, Depot/Rangieren;10217.151581983204;Nicht Signifikant;False
3426;092487;1997;10;14;13000.0;13000.0;0.0;13000.0;3;0;0;0;0;0;0;0;3.9542723449729715;93;0;17;0;0;0;9569.0;04;7;1;Depot;H307;50;Moderat (0° bis 19,99° C);Abend;Wolkig;Ohio;Herbst;Kollision;General Switching Rules;Human Factors;Depot/Rangieren, Güterzug;11027.228772584613;Nicht Signifikant;False
3427;092573;1997;10;23;985644.0;985644.0;35012.0;950632.0;5;4;0;1;0;0;0;0;17.889252159843984;124;5;2;0;0;1;15085.0;02;1;2;Hauptstrecke;H215;55;Moderat (0° bis 19,99° C);Tag;Klar;West Virginia;Herbst;Kollision;Flagging, Fixed, Hand and Radio Signals;Human Factors;Güterzug, Güterzug;836070.9135634913;Signifikant;False
3428;092606;1997;10;28;31107.0;31107.0;321.0;30786.0;6;1;0;0;0;0;0;0;3.9542723449729715;52;0;0;0;0;0;4811.889973591336;04;1;1;Depot;H307;35;Moderat (0° bis 19,99° C);Abend;Klar;Georgia;Herbst;Kollision;General Switching Rules;Human Factors;Güterzug, Lokomotive;26386.46195606073;Nicht Signifikant;False
3429;092701;1997;11;7;53513.0;53513.0;11113.0;42400.0;5;0;0;0;0;0;0;0;2.0;86;3;90;0;0;3;8007.0;04;7;1;Depot;H702;48;Moderat (0° bis 19,99° C);Abend;Wolkig;Alabama;Herbst;Kollision;Switches, Use of;Human Factors;Depot/Rangieren, Güterzug;45392.314869793874;Nicht Signifikant;False