index;INCDTNO;YEAR4;MONTH;DAY;ACCDMG;INFRASTRUCTURE_DMG;TRKDMG;EQPDMG;LOCOMOTIVES1;LOCOMOTIVES2;RREMPKLD;RREMPINJ;PASSKLD;PASSINJ;OTHERKLD;OTHERINJ;SPEED;LOADF1;LOADF2;EMPTYF1;EMPTYP1;LOADP1;EMPTYF2;TONS;TYPE;TYPEQ;TRKCLAS;TYPTRK;ACCAUSE;TEMP;TEMP_CLUSTER;VISIBLTY;WEATHER;STATE;Jahreszeit;ACCIDENT_TYPE;ACCCAUSE_LVL1;ACCCAUSE_LVL2;EQUIPMENT_TYPE;ACCDMG_EUR;ACCTYPE;SPD_TOO_HIGH
3430;092749;1997;11;12;25670.0;25670.0;2800.0;22870.0;4;0;0;0;0;0;0;0;22.866030665155062;88;0;26;0;0;1;12140.0;03;1;3;Hauptstrecke;H401;50;Moderat (0° bis 19,99° C);Tag;Regen;South Carolina;Herbst;Kollision;Main Track Authority;Human Factors;Güterzug, Güterzug;21774.535584019;Nicht Signifikant;False
3431;092780;1997;11;15;12000.0;12000.0;0.0;12000.0;4;0;0;0;0;0;0;0;3.0;15;1;32;0;0;0;2970.0;04;7;1;Depot;H307;30;Kalt (-30° - 0,01° C);Abend;Klar;Alabama;Herbst;Kollision;General Switching Rules;Human Factors;Depot/Rangieren, Güterzug;10178.980405462718;Nicht Signifikant;False
3432;092791;2004;6;10;7326.0;7326.0;0.0;7326.0;2;0;0;0;0;0;0;0;7.5;0;0;0;6;7;0;478.2916525132608;04;7;1;Hauptstrecke;T199;82;Warm (20° bis 31,99° C);Abend;Klar;District of Columbia;Frühling;Kollision;Track Geometry;Track, Roadbed and Structures;Depot/Rangieren, Personenzug;6078.659143710587;Nicht Signifikant;False
3433;092793;1993;9;27;100000.0;100000.0;10000.0;90000.0;2;0;0;0;0;0;0;0;9.0;6;4;14;0;0;0;1050.0;04;7;1;Depot;H301;85;Warm (20° bis 31,99° C);Tag;Klar;Louisiana;Herbst;Kollision;General Switching Rules;Human Factors;Depot/Rangieren, Depot/Rangieren;84824.83671218932;Nicht Signifikant;False
3434;092800;1997;11;17;62290.0;62290.0;952.0;61338.0;3;0;0;0;0;0;0;0;4.5;68;3;44;0;0;3;8186.997728025386;04;7;1;Depot;H702;26;Kalt (-30° - 0,01° C);Abend;Klar;Ohio;Herbst;Kollision;Switches, Use of;Human Factors;Depot/Rangieren, Güterzug;52837.39078802273;Nicht Signifikant;False
3435;092824;1997;11;19;11215.0;11215.0;515.0;10700.0;6;0;0;0;0;0;0;0;1.9635609428485408;44;1;3;0;0;0;3389.0;04;7;1;Depot;H021;46;Moderat (0° bis 19,99° C);Abend;Klar;Kentucky;Herbst;Kollision;Brakes, Use of;Human Factors;Depot/Rangieren, Güterzug;9513.105437272034;Nicht Signifikant;False
3436;092996;1996;9;29;25672.0;25672.0;1072.0;24600.0;3;0;0;0;0;0;0;0;4.949628046035187;1;0;10;0;0;2;491.8164184217309;05;7;1;Depot;M599;61;Moderat (0° bis 19,99° C);Tag;Klar;Illinois;Herbst;Kollision;Other Miscellaneous;Miscellaneous Causes;Depot/Rangieren, EinzelneWagen;21776.232080753245;Nicht Signifikant;False
3437;0930001;1986;1;9;8150.0;8150.0;6400.0;1750.0;4;0;0;0;0;0;0;0;2.0;21;3;22;0;0;2;2387.6710674718943;04;7;1;Depot;H401;30;Kalt (-30° - 0,01° C);Abend;Klar;Ohio;Winter;Kollision;Main Track Authority;Human Factors;Depot/Rangieren, Güterzug;6913.22419204343;Nicht Signifikant;False
3438;0930001;1986;9;28;19850.0;19850.0;4000.0;15850.0;7;1;0;1;0;0;0;0;14.903185056657339;126;1;121;0;0;7;13925.0;01;1;4;Hauptstrecke;E00C;60;Moderat (0° bis 19,99° C);Abend;Klar;Ohio;Herbst;Entgleisung;Brakes;Mechanical and Electrical Failures;Güterzug, Güterzug;16837.730087369582;Signifikant;False
3439;0930002;1986;3;10;5400.0;5400.0;1000.0;4400.0;7;0;0;0;0;0;0;0;17.5;134;3;35;0;0;0;17024.0;01;1;4;Hauptstrecke;E33C;50;Moderat (0° bis 19,99° C);Morgendämmerung;Klar;Ohio;Winter;Entgleisung;Coupler and Draft System;Mechanical and Electrical Failures;Güterzug, Güterzug;4580.541182458223;Nicht Signifikant;False
3440;093067;1997;12;21;22405.0;22405.0;405.0;22000.0;3;1;0;0;0;0;0;0;3.9542723449729715;9;0;76;0;0;0;3442.4789471781387;04;7;2;Depot;H605;33;Moderat (0° bis 19,99° C);Abend;Wolkig;Illinois;Winter;Kollision;Speed;Human Factors;Depot/Rangieren, Güterzug;19005.004665366017;Nicht Signifikant;False
3441;093088;2004;7;7;44602.0;44602.0;0.0;44602.0;2;0;0;0;0;0;0;0;15.0;0;0;0;7;7;0;497.56307991378924;04;2;1;Hauptstrecke;T199;85;Warm (20° bis 31,99° C);Tag;Wolkig;District of Columbia;Sommer;Kollision;Track Geometry;Track, Roadbed and Structures;Personenzug, Personenzug;36094.52132394594;Nicht Signifikant;False
3442;093138;1998;1;4;8875.0;8875.0;0.0;8875.0;3;0;0;0;0;0;0;0;1.9635609428485408;32;0;125;0;0;0;7515.818808492494;04;7;1;Depot;S007;42;Moderat (0° bis 19,99° C);Abend;Klar;North Carolina;Winter;Kollision;SIGNAL AND COMMUNICATION;Signal and Communication;Depot/Rangieren, EinzelneWagen;7528.2042582068025;Nicht Signifikant;False
3443;093150;1998;1;5;28200.0;28200.0;200.0;28000.0;2;0;0;0;0;0;0;0;5.0;22;0;17;0;0;1;3305.682111003325;04;7;1;Depot;H020;50;Moderat (0° bis 19,99° C);Tag;Regen;Illinois;Winter;Kollision;Brakes, Use of;Human Factors;Depot/Rangieren, EinzelneWagen;23920.60395283739;Nicht Signifikant;False
3444;093184;1998;1;9;12383.0;12383.0;3183.0;9200.0;6;0;0;0;0;0;0;0;12.91247365453291;131;0;33;0;0;3;15617.0;03;4;3;Hauptstrecke;H605;43;Moderat (0° bis 19,99° C);Tag;Wolkig;Alabama;Winter;Kollision;Speed;Human Factors;Arbeitszug, Güterzug;10503.859530070404;Nicht Signifikant;False
3445;093197;1998;1;10;30289.0;30289.0;408.0;29881.0;4;0;0;0;0;0;0;0;0.9682052417863254;153;2;0;0;0;0;32470.57313733684;04;6;2;Depot;H305;50;Moderat (0° bis 19,99° C);Tag;Klar;Virginia;Winter;Kollision;General Switching Rules;Human Factors;EinzelneWagen, Güterzug;25692.594791755026;Nicht Signifikant;False
3446;093273;1998;1;19;25015.0;25015.0;11812.0;13203.0;3;0;0;0;0;0;0;0;5.0;9;5;2;0;0;0;1118.2564391184076;04;5;1;Hauptstrecke;H020;45;Moderat (0° bis 19,99° C);Abend;Klar;Georgia;Winter;Kollision;Brakes, Use of;Human Factors;EinzelneWagen, Güterzug;21218.93290355416;Nicht Signifikant;False
3447;093294;1998;1;23;30671.0;30671.0;30471.0;200.0;3;0;0;0;0;0;0;0;1.9635609428485408;28;0;21;0;0;0;3880.317905247377;04;7;1;Depot;H305;50;Moderat (0° bis 19,99° C);Abend;Regen;Alabama;Winter;Kollision;General Switching Rules;Human Factors;Depot/Rangieren, Güterzug;26016.625667995588;Nicht Signifikant;False
3448;093301;1998;1;23;98935.0;98935.0;3251.0;95684.0;6;0;0;0;0;0;0;0;5.944983747097401;58;2;29;0;0;4;7917.0;04;7;1;Depot;H702;38;Moderat (0° bis 19,99° C);Abend;Regen;Virginia;Winter;Kollision;Switches, Use of;Human Factors;Depot/Rangieren, Güterzug;83921.4522012045;Nicht Signifikant;False
3449;093313;1998;1;25;20810.0;20810.0;0.0;20810.0;1;0;0;0;0;0;0;0;3.5;3;0;7;0;0;0;624.1770922473654;04;7;1;Depot;E39C;25;Kalt (-30° - 0,01° C);Abend;Wolkig;Illinois;Winter;Kollision;Coupler and Draft System;Mechanical and Electrical Failures;Depot/Rangieren, EinzelneWagen;17652.048519806598;Nicht Signifikant;False
3450;093468;1998;2;15;80497.0;80497.0;233.0;80264.0;8;0;0;0;0;0;0;0;2.945222191881008;103;1;115;0;0;3;15310.326852834849;04;7;1;Depot;H403;44;Moderat (0° bis 19,99° C);Tag;Klar;Virginia;Winter;Kollision;Main Track Authority;Human Factors;Depot/Rangieren, Depot/Rangieren, Güterzug;68281.44880821105;Nicht Signifikant;False
3451;093522;1998;2;21;8657.0;8657.0;0.0;8657.0;4;0;0;0;0;0;0;0;2.958916643910756;5;0;25;0;0;2;1402.6873943424876;04;7;1;Depot;H702;47;Moderat (0° bis 19,99° C);Tag;Wolkig;Virginia;Winter;Kollision;Switches, Use of;Human Factors;Depot/Rangieren, Depot/Rangieren;7343.28611417423;Nicht Signifikant;False
3452;093573;1998;2;26;23656.0;23656.0;0.0;23656.0;3;0;0;2;0;0;0;0;29.83352057259057;1;0;95;0;0;0;3473.647398120594;03;5;3;Hauptstrecke;H402;72;Warm (20° bis 31,99° C);Tag;Klar;Georgia;Winter;Kollision;Main Track Authority;Human Factors;EinzelneWagen, Güterzug;20066.163372635507;Signifikant;False
3453;093593;1998;3;2;8415.0;8415.0;0.0;8415.0;1;0;0;0;0;0;0;0;7.935695149221832;0;0;1;0;0;0;100.22635739365951;04;5;1;Depot;H302;50;Moderat (0° bis 19,99° C);Tag;Wolkig;North Carolina;Winter;Kollision;General Switching Rules;Human Factors;EinzelneWagen, Lokomotive;7138.010009330732;Nicht Signifikant;False
3454;093710;1998;3;16;10945.0;10945.0;1045.0;9900.0;2;0;0;0;0;0;0;0;7.935695149221832;55;1;23;0;0;1;7047.794806761842;01;7;1;Depot;H702;66;Moderat (0° bis 19,99° C);Tag;Wolkig;Georgia;Winter;Entgleisung;Switches, Use of;Human Factors;Depot/Rangieren, EinzelneWagen;9284.07837814912;Nicht Signifikant;False
3455;093795;1998;3;26;9500.0;9500.0;0.0;9500.0;3;0;0;0;0;0;0;0;6.0;11;0;4;0;0;0;1648.647398120594;04;5;1;Depot;S007;61;Moderat (0° bis 19,99° C);Tag;Klar;Georgia;Frühling;Kollision;SIGNAL AND COMMUNICATION;Signal and Communication;EinzelneWagen, Güterzug;8058.3594876579855;Nicht Signifikant;False
3456;093866;1998;4;6;6600.0;6600.0;300.0;6300.0;4;0;0;0;0;0;0;0;9.926406551346263;14;3;0;0;0;0;2087.8899735913355;02;1;1;Depot;H307;44;Moderat (0° bis 19,99° C);Morgendämmerung;Nebel;Georgia;Frühling;Kollision;General Switching Rules;Human Factors;Güterzug, Lokomotive;5598.439223004495;Nicht Signifikant;False
3457;093892;1998;4;8;12299.0;12299.0;0.0;12299.0;2;0;0;0;0;0;0;0;3.5;8;0;4;0;0;0;1101.6249842606926;04;7;1;Depot;H702;70;Warm (20° bis 31,99° C);Tag;Regen;Georgia;Frühling;Kollision;Switches, Use of;Human Factors;Depot/Rangieren, Lokomotive;10432.606667232165;Nicht Signifikant;False
3458;0940001;1985;2;8;8800.0;8800.0;450.0;8350.0;4;0;0;0;0;0;0;0;1.9635609428485408;95;2;65;0;0;0;5600.0;04;7;1;Depot;H306;0;Kalt (-30° - 0,01° C);Abend;Klar;Ohio;Winter;Kollision;General Switching Rules;Human Factors;Depot/Rangieren, Güterzug;7464.585630672661;Nicht Signifikant;False
3459;0940001;1985;10;28;18050.0;18050.0;200.0;17850.0;4;2;0;0;0;0;0;0;2.5;24;0;10;0;0;0;2014.8899735913355;04;7;1;Depot;H401;40;Moderat (0° bis 19,99° C);Tag;Klar;Ohio;Herbst;Kollision;Main Track Authority;Human Factors;Depot/Rangieren, Lokomotive;15310.883026550173;Nicht Signifikant;False
3460;0940001;1986;3;13;12750.0;12750.0;50.0;12700.0;4;0;0;0;0;0;0;0;2.0;83;0;89;0;0;2;9380.0;04;1;1;Depot;H702;35;Moderat (0° bis 19,99° C);Abend;Klar;Ohio;Winter;Kollision;Switches, Use of;Human Factors;Güterzug, Güterzug;10815.16668080414;Nicht Signifikant;False
3461;0940001;1988;4;18;274845.0;274845.0;59843.0;215002.0;7;0;0;0;0;0;0;0;39.0;122;18;74;0;0;22;16817.0;01;1;3;Hauptstrecke;H503;43;Moderat (0° bis 19,99° C);Abend;Klar;Ohio;Frühling;Entgleisung;Train Handling/Train Makeup;Human Factors;Güterzug, Güterzug;233136.82246161674;Signifikant;False
3462;0940001;1988;8;21;11579.0;11579.0;1000.0;10579.0;2;1;0;0;0;0;0;0;5.5;38;3;0;0;0;0;2640.0;04;7;1;Depot;H401;75;Warm (20° bis 31,99° C);Tag;Klar;Ohio;Sommer;Kollision;Main Track Authority;Human Factors;Depot/Rangieren, Güterzug;9821.867842904401;Nicht Signifikant;False
3463;0940001;1991;4;1;53000.0;53000.0;0.0;53000.0;3;0;0;1;0;0;0;0;9.926406551346263;100;0;0;0;0;0;9175.0;03;4;4;Hauptstrecke;H402;45;Moderat (0° bis 19,99° C);Tag;Klar;Indiana;Frühling;Kollision;Main Track Authority;Human Factors;Arbeitszug, Güterzug;44957.163457460345;Signifikant;False
3464;0940001;1991;9;1;10500.0;10500.0;200.0;10300.0;2;0;0;0;0;0;0;0;13.907829355595124;24;2;6;0;0;1;7121.957018956369;01;7;1;Depot;S099;50;Moderat (0° bis 19,99° C);Abend;Klar;Indiana;Sommer;Entgleisung;other software/programming deficiencies, etc.);Signal and Communication;Depot/Rangieren, EinzelneWagen;8906.607854779879;Nicht Signifikant;True
3465;0940001;1992;3;13;11639.0;11639.0;450.0;11189.0;3;1;0;0;0;0;0;0;6.940339448159618;15;0;11;0;0;0;1564.8899735913355;04;7;1;Depot;H099;30;Kalt (-30° - 0,01° C);Abend;Klar;Michigan;Winter;Kollision;Brakes, Use of;Human Factors;Depot/Rangieren, Lokomotive;9872.762744931715;Nicht Signifikant;False
3466;0940002;1990;5;19;16500.0;16500.0;2500.0;14000.0;3;1;0;0;0;0;0;0;9.926406551346263;9;0;31;0;0;0;3320.0;04;1;1;Depot;H302;65;Moderat (0° bis 19,99° C);Tag;Klar;Indiana;Frühling;Kollision;General Switching Rules;Human Factors;Güterzug, Güterzug;13996.098057511239;Nicht Signifikant;False
3467;0940002;1990;6;28;131150.0;131150.0;400.0;130750.0;2;2;0;3;0;0;0;0;39.78707758321272;15;0;78;0;0;7;4336.090058070853;02;4;4;Hauptstrecke;H702;60;Moderat (0° bis 19,99° C);Tag;Wolkig;Illinois;Sommer;Kollision;Switches, Use of;Human Factors;Arbeitszug, Güterzug;111247.7733480363;Signifikant;False
3468;0940003;1989;9;6;6477.0;6477.0;3000.0;3477.0;3;0;0;0;0;0;0;0;7.0;99;7;0;0;0;0;7720.097860410573;01;7;1;Depot;H601;64;Moderat (0° bis 19,99° C);Abend;Klar;Illinois;Sommer;Entgleisung;Speed;Human Factors;Depot/Rangieren, EinzelneWagen;5494.104673848503;Nicht Signifikant;False
3469;0940003;1990;10;25;92092.0;92092.0;27617.0;64475.0;5;0;0;0;0;0;0;0;51.0;151;10;48;0;0;2;12270.0;01;1;4;Hauptstrecke;E63C;30;Kalt (-30° - 0,01° C);Abend;Regen;Indiana;Herbst;Entgleisung;Wheels;Mechanical and Electrical Failures;Güterzug, Güterzug;78116.8886249894;Nicht Signifikant;False
3470;0940003;1991;4;14;6400.0;6400.0;0.0;6400.0;2;0;0;0;0;0;0;0;4.949628046035187;9;0;0;0;0;0;664.8899735913355;02;1;1;Industriestrecke;M501;38;Moderat (0° bis 19,99° C);Abend;Klar;Indiana;Frühling;Kollision;Other Miscellaneous;Miscellaneous Causes;Güterzug, Lokomotive;5428.789549580117;Nicht Signifikant;False
3471;0940004;1992;4;30;7000.0;7000.0;2800.0;4200.0;2;0;0;0;0;0;0;0;11.917117953470694;68;4;44;0;0;0;9309.503325521293;01;7;2;Depot;H399;50;Moderat (0° bis 19,99° C);Abend;Klar;Indiana;Frühling;Entgleisung;General Switching Rules;Human Factors;Depot/Rangieren, EinzelneWagen;5937.738569853253;Nicht Signifikant;False
3472;0940005;1991;12;28;138550.0;138550.0;80200.0;58350.0;5;0;0;0;0;0;0;0;9.611411968980462;141;5;95;0;0;6;19372.051772939172;04;6;2;Depot;H099;35;Moderat (0° bis 19,99° C);Abend;Klar;Indiana;Winter;Kollision;Brakes, Use of;Human Factors;EinzelneWagen, EinzelneWagen, Güterzug;117524.81126473831;Nicht Signifikant;False
3473;0940006;1991;4;20;30000.0;30000.0;5000.0;25000.0;3;0;0;0;0;0;0;0;45.75921178958602;95;0;42;0;0;0;10133.336383802323;05;5;4;Hauptstrecke;M201;60;Moderat (0° bis 19,99° C);Abenddämmerung;Klar;Ohio;Frühling;Kollision;Loading Procedures;Loading;EinzelneWagen, Güterzug;25447.4510136568;Nicht Signifikant;False
3474;0940009;1989;3;29;26200.0;26200.0;4000.0;22200.0;2;1;0;0;0;0;0;0;9.926406551346263;58;1;24;0;0;0;10828.612816522815;04;6;X;Industriestrecke;H401;29;Kalt (-30° - 0,01° C);Abend;Wolkig;Illinois;Frühling;Kollision;Main Track Authority;Human Factors;EinzelneWagen, Güterzug;22224.107218593603;Nicht Signifikant;True
3475;094084;1998;5;3;10204.0;10204.0;0.0;10204.0;3;0;0;0;0;0;0;0;1.9635609428485408;62;0;16;0;0;0;7955.336383802324;04;5;1;Depot;S007;65;Moderat (0° bis 19,99° C);Tag;Klar;North Carolina;Frühling;Kollision;SIGNAL AND COMMUNICATION;Signal and Communication;EinzelneWagen, Güterzug;8655.526338111798;Nicht Signifikant;False
3476;094115;1998;5;7;56500.0;56500.0;1500.0;55000.0;2;0;0;0;0;0;0;0;3.5;27;0;38;0;0;3;4302.634101348431;04;7;1;Depot;E30C;63;Moderat (0° bis 19,99° C);Tag;Regen;Illinois;Frühling;Kollision;Coupler and Draft System;Mechanical and Electrical Failures;Depot/Rangieren, Depot/Rangieren;47926.03274238697;Nicht Signifikant;False
3477;094261;1998;5;25;10500.0;10500.0;2000.0;8500.0;1;0;0;0;0;0;0;0;2.958916643910756;24;1;37;0;0;0;3946.0843546892593;01;7;1;Depot;H020;70;Warm (20° bis 31,99° C);Abend;Regen;Illinois;Frühling;Entgleisung;Brakes, Use of;Human Factors;Depot/Rangieren, EinzelneWagen;8906.607854779879;Nicht Signifikant;False
3478;094444;1998;6;16;8300.0;8300.0;0.0;8300.0;3;0;0;0;0;0;0;0;4.949628046035187;0;0;95;0;0;0;2962.188917226571;04;6;1;Industriestrecke;H307;63;Moderat (0° bis 19,99° C);Abend;Wolkig;Kentucky;Frühling;Kollision;General Switching Rules;Human Factors;EinzelneWagen, Lokomotive;7040.461447111714;Nicht Signifikant;False
3479;094474;1998;6;18;10227.0;10227.0;0.0;10227.0;5;0;0;0;0;0;0;0;1.9635609428485408;59;0;44;0;0;0;8430.38673742293;04;7;1;Depot;M408;72;Warm (20° bis 31,99° C);Abend;Klar;Georgia;Frühling;Kollision;Unusual Operational Situations;Miscellaneous Causes;Depot/Rangieren, Güterzug;8675.036050555602;Nicht Signifikant;False
3480;094492;1998;6;21;6622.0;6622.0;1030.0;5592.0;2;0;0;0;0;0;0;0;5.5;106;1;55;0;0;1;13823.708584505654;04;7;1;Depot;M408;85;Warm (20° bis 31,99° C);Tag;Regen;Tennessee;Sommer;Kollision;Unusual Operational Situations;Miscellaneous Causes;Depot/Rangieren, Depot/Rangieren;5617.100687081177;Nicht Signifikant;False
3481;094693;1998;7;15;53930.0;53930.0;300.0;53630.0;4;0;0;0;0;0;0;0;4.0;115;1;78;0;0;0;15466.602987253304;01;6;1;Depot;E04C;78;Warm (20° bis 31,99° C);Morgendämmerung;Klar;Virginia;Sommer;Entgleisung;Brakes;Mechanical and Electrical Failures;EinzelneWagen, Güterzug;45746.034438883704;Nicht Signifikant;False
3482;094733;1998;7;22;10479.0;10479.0;0.0;10479.0;3;0;0;0;0;0;0;0;3.9542723449729715;29;0;55;0;0;0;5064.801181058495;04;6;1;Depot;E39C;77;Warm (20° bis 31,99° C);Abend;Klar;Virginia;Sommer;Kollision;Coupler and Draft System;Mechanical and Electrical Failures;EinzelneWagen, Güterzug;8888.79463907032;Nicht Signifikant;False
3483;094817;1998;7;31;42290.0;42290.0;2200.0;40090.0;2;0;0;0;0;0;0;0;1.5;42;2;8;0;3;0;5294.187323366056;04;7;1;Depot;E39C;67;Moderat (0° bis 19,99° C);Abend;Klar;Illinois;Sommer;Kollision;Coupler and Draft System;Mechanical and Electrical Failures;Depot/Rangieren, EinzelneWagen;35872.423445584864;Nicht Signifikant;False
3484;094988;1998;8;21;36516.0;36516.0;4516.0;32000.0;1;0;0;0;0;0;0;0;4.949628046035187;18;2;0;0;0;0;2156.631670704951;01;7;2;Depot;H702;82;Warm (20° bis 31,99° C);Abend;Klar;Louisiana;Sommer;Entgleisung;Switches, Use of;Human Factors;Depot/Rangieren, EinzelneWagen;30974.637373823054;Nicht Signifikant;False
3485;095048;1998;8;28;14905.0;14905.0;1705.0;13200.0;1;0;0;0;0;0;0;0;1.9635609428485408;25;0;6;0;0;1;3097.8740562994703;01;7;1;Depot;E08C;78;Warm (20° bis 31,99° C);Abend;Klar;Illinois;Sommer;Entgleisung;Brakes;Mechanical and Electrical Failures;Depot/Rangieren, EinzelneWagen;12643.14191195182;Nicht Signifikant;False
3486;095069;1998;9;1;10439.0;10439.0;0.0;10439.0;4;0;0;0;0;0;0;0;3.5;28;0;32;0;0;0;4229.2729607535375;04;7;1;Depot;M408;71;Warm (20° bis 31,99° C);Abend;Klar;Alabama;Sommer;Kollision;Unusual Operational Situations;Miscellaneous Causes;Depot/Rangieren, Depot/Rangieren;8854.864704385443;Nicht Signifikant;False
3487;095260;1998;9;24;19431.0;19431.0;231.0;19200.0;2;0;0;0;0;0;0;0;4.949628046035187;45;0;34;0;0;0;11930.062930230471;04;6;1;Nebenstrecke;H301;90;Heiß (>= 32° C);Tag;Klar;Alabama;Herbst;Kollision;General Switching Rules;Human Factors;EinzelneWagen, Güterzug;16482.314021545506;Nicht Signifikant;False
3488;095341;1998;10;5;52100.0;52100.0;0.0;52100.0;5;0;0;0;0;0;0;0;12.5;136;0;41;0;0;0;18979.0;04;1;2;Hauptstrecke;E29C;60;Moderat (0° bis 19,99° C);Abend;Regen;Illinois;Herbst;Kollision;Body;Mechanical and Electrical Failures;Güterzug, Güterzug;44193.739927050636;Nicht Signifikant;False
3489;095435;1998;10;16;10500.0;10500.0;0.0;10500.0;2;0;0;0;0;0;0;0;7.0;0;0;0;0;0;0;69.7799471826711;02;8;2;Depot;H605;81;Warm (20° bis 31,99° C);Tag;Klar;Alabama;Herbst;Kollision;Speed;Human Factors;Lokomotive, Lokomotive;8906.607854779879;Nicht Signifikant;False
3490;095552;1998;10;31;13465.0;13465.0;200.0;13265.0;3;0;0;0;0;0;0;0;2.958916643910756;63;4;0;0;0;0;7481.097967464298;05;6;1;Industriestrecke;H022;68;Warm (20° bis 31,99° C);Tag;Wolkig;Kentucky;Herbst;Kollision;Brakes, Use of;Human Factors;EinzelneWagen, Güterzug;11421.664263296292;Nicht Signifikant;False
3491;095626;1998;11;10;15820.0;15820.0;0.0;15820.0;3;0;0;0;0;0;0;0;4.5;32;0;31;0;0;1;4655.33628327899;04;7;1;Depot;M599;60;Moderat (0° bis 19,99° C);Abend;Regen;Alabama;Herbst;Kollision;Other Miscellaneous;Miscellaneous Causes;Depot/Rangieren, Depot/Rangieren;13419.289167868352;Nicht Signifikant;False
3492;095642;1998;11;12;12123.0;12123.0;123.0;12000.0;1;0;0;0;0;0;0;0;2.958916643910756;31;1;1;0;0;0;3646.3155587984857;04;7;1;Depot;H307;38;Moderat (0° bis 19,99° C);Abend;Wolkig;Illinois;Herbst;Kollision;General Switching Rules;Human Factors;Depot/Rangieren, NaN;10283.314954618712;Nicht Signifikant;False
3493;095647;2011;7;21;9430.0;9430.0;0.0;9430.0;0;0;0;0;0;0;0;0;1.9635609428485408;4;0;0;0;0;0;524.8096452997049;05;6;1;Depot;H302;77;Warm (20° bis 31,99° C);Morgendämmerung;Klar;New Jersey;Sommer;Kollision;General Switching Rules;Human Factors;EinzelneWagen, EinzelneWagen;6630.572352693011;Nicht Signifikant;False
3494;095686;1998;11;17;15057.0;15057.0;1157.0;13900.0;3;0;0;0;0;0;0;0;2.958916643910756;60;1;0;0;0;0;6914.834459935993;04;7;1;Depot;H307;60;Moderat (0° bis 19,99° C);Abend;Regen;Virginia;Herbst;Kollision;General Switching Rules;Human Factors;Depot/Rangieren, EinzelneWagen;12772.075663754347;Nicht Signifikant;False
3495;095698;1998;11;18;71808.0;71808.0;500.0;71308.0;4;1;0;0;0;0;0;0;7.5;108;2;10;0;0;0;5839.279557844908;04;7;1;Depot;H605;50;Moderat (0° bis 19,99° C);Tag;Klar;Ohio;Herbst;Kollision;Speed;Human Factors;Depot/Rangieren, Güterzug;60911.01874628891;Nicht Signifikant;False
3496;095761;1998;11;27;14000.0;14000.0;0.0;14000.0;2;0;0;0;0;0;0;0;5.944983747097401;8;0;0;0;0;0;979.8393434167389;04;6;1;Depot;H399;50;Moderat (0° bis 19,99° C);Tag;Klar;Alabama;Herbst;Kollision;General Switching Rules;Human Factors;EinzelneWagen, Lokomotive;11875.477139706505;Nicht Signifikant;False
3497;095812;1998;12;4;11500.0;11500.0;0.0;11500.0;1;0;0;0;0;0;0;0;1.9635609428485408;21;0;0;0;0;0;2806.162247179111;04;6;2;Hauptstrecke;E08C;50;Moderat (0° bis 19,99° C);Abend;Klar;North Carolina;Herbst;Kollision;Brakes;Mechanical and Electrical Failures;EinzelneWagen, Güterzug;9754.856221901773;Nicht Signifikant;False
3498;095882;1998;12;14;45420.0;45420.0;0.0;45420.0;1;0;0;0;0;0;0;0;2.0;18;0;13;0;0;0;2513.216921452173;04;7;1;Industriestrecke;H020;34;Moderat (0° bis 19,99° C);Abend;Klar;Illinois;Herbst;Kollision;Brakes, Use of;Human Factors;Depot/Rangieren, EinzelneWagen;38527.44083467639;Nicht Signifikant;False
3499;095886;2005;3;17;75300.0;75300.0;0.0;75300.0;4;0;0;0;0;0;0;0;1.9635609428485408;0;0;0;0;0;0;69.7799471826711;04;8;1;Depot;H307;35;Moderat (0° bis 19,99° C);Abend;Klar;District of Columbia;Winter;Kollision;General Switching Rules;Human Factors;Lokomotive, Lokomotive;56286.44042457766;Nicht Signifikant;False
3500;096019;2011;8;19;104250.0;104250.0;11000.0;93250.0;3;2;0;0;0;0;0;0;19.879963561968417;53;1;120;0;0;8;10220.0;03;1;4;Hauptstrecke;H222;60;Moderat (0° bis 19,99° C);Abend;Klar;Indiana;Sommer;Kollision;Flagging, Fixed, Hand and Radio Signals;Human Factors;Güterzug, Güterzug;72471.32429614181;Nicht Signifikant;False
3501;096100;2011;8;25;9710.0;9710.0;250.0;9460.0;2;0;0;0;0;0;0;0;1.9635609428485408;6;0;25;0;0;2;1516.444818871746;05;7;X;Depot;S015;78;Warm (20° bis 31,99° C);Tag;Wolkig;New Jersey;Sommer;Kollision;SIGNAL AND COMMUNICATION;Signal and Communication;Depot/Rangieren, EinzelneWagen;6731.8358291736;Nicht Signifikant;False
3502;096139;1999;1;10;22936.0;22936.0;15586.0;7350.0;2;0;0;0;0;0;0;0;4.949628046035187;31;4;54;0;0;8;5651.81363084771;01;6;1;Depot;T210;35;Moderat (0° bis 19,99° C);Tag;Klar;Tennessee;Winter;Entgleisung;Rail, Joint Bar and Rail Anchoring;Track, Roadbed and Structures;EinzelneWagen, Güterzug;19774.1184584878;Nicht Signifikant;False