index;INCDTNO;YEAR4;MONTH;DAY;ACCDMG;INFRASTRUCTURE_DMG;TRKDMG;EQPDMG;LOCOMOTIVES1;LOCOMOTIVES2;RREMPKLD;RREMPINJ;PASSKLD;PASSINJ;OTHERKLD;OTHERINJ;SPEED;LOADF1;LOADF2;EMPTYF1;EMPTYP1;LOADP1;EMPTYF2;TONS;TYPE;TYPEQ;TRKCLAS;TYPTRK;ACCAUSE;TEMP;TEMP_CLUSTER;VISIBLTY;WEATHER;STATE;Jahreszeit;ACCIDENT_TYPE;ACCCAUSE_LVL1;ACCCAUSE_LVL2;EQUIPMENT_TYPE;ACCDMG_EUR;ACCTYPE;SPD_TOO_HIGH
3503;096156;1999;1;11;12600.0;12600.0;0.0;12600.0;1;0;0;0;0;0;0;0;4.949628046035187;31;0;8;0;0;0;3839.8313892775914;04;7;2;Depot;M101;17;Kalt (-30° - 0,01° C);Tag;Schnee;Ohio;Winter;Kollision;Environmental Conditions;Environmental Conditions;Depot/Rangieren, EinzelneWagen;10891.174690984528;Nicht Signifikant;False
3504;096182;1999;1;14;13200.0;13200.0;0.0;13200.0;0;0;0;0;0;0;0;0;9.926406551346263;2;0;4;0;0;0;419.0804370851417;04;5;1;Industriestrecke;E08C;55;Moderat (0° bis 19,99° C);Tag;Klar;South Carolina;Winter;Kollision;Brakes;Mechanical and Electrical Failures;EinzelneWagen, EinzelneWagen;11327.555136016477;Nicht Signifikant;False
3505;096246;1999;1;19;41000.0;41000.0;0.0;41000.0;1;0;0;0;0;0;0;0;4.949628046035187;11;0;3;0;0;0;1412.4508476374795;04;7;1;Industriestrecke;H307;45;Moderat (0° bis 19,99° C);Abend;Wolkig;Kentucky;Winter;Kollision;General Switching Rules;Human Factors;Depot/Rangieren, EinzelneWagen;35296.14325068871;Nicht Signifikant;False
3506;096248;1999;1;16;8000.0;8000.0;0.0;8000.0;1;0;0;0;0;0;0;0;1.9635609428485408;49;0;0;0;0;0;4493.642407586123;04;6;1;Depot;H307;56;Moderat (0° bis 19,99° C);Tag;Klar;Georgia;Winter;Kollision;General Switching Rules;Human Factors;EinzelneWagen, Güterzug;6883.891693437356;Nicht Signifikant;False
3507;096273;1999;1;21;20932.0;20932.0;350.0;20582.0;1;0;0;0;0;0;0;0;3.9542723449729715;31;0;8;0;0;2;4131.4254781534255;04;6;1;Industriestrecke;H020;60;Moderat (0° bis 19,99° C);Abend;Wolkig;Tennessee;Winter;Kollision;Brakes, Use of;Human Factors;EinzelneWagen, Güterzug;18088.48945731075;Nicht Signifikant;False
3508;096294;1999;1;24;13486.0;13486.0;0.0;13486.0;5;0;0;0;0;0;0;0;1.9635609428485408;42;0;0;0;0;0;4408.706794354662;04;6;1;Nebenstrecke;H302;51;Moderat (0° bis 19,99° C);Abend;Klar;Georgia;Winter;Kollision;General Switching Rules;Human Factors;EinzelneWagen, Güterzug;11647.617676694974;Nicht Signifikant;False
3509;096381;1999;2;4;13700.0;13700.0;0.0;13700.0;2;0;0;0;0;0;0;0;3.9542723449729715;7;0;16;0;0;0;1353.2244822632952;04;7;1;Depot;H302;66;Moderat (0° bis 19,99° C);Tag;Klar;Georgia;Winter;Kollision;General Switching Rules;Human Factors;Depot/Rangieren, EinzelneWagen;12163.721921335346;Nicht Signifikant;False
3510;096381;2011;9;21;12195.0;12195.0;0.0;12195.0;3;0;0;0;0;0;0;0;0.9682052417863254;22;0;21;0;0;0;3211.8179012571145;05;7;1;Depot;H306;72;Warm (20° bis 31,99° C);Tag;Klar;New Jersey;Sommer;Kollision;General Switching Rules;Human Factors;Depot/Rangieren, Depot/Rangieren;8943.238486359636;Nicht Signifikant;False
3511;096404;1999;2;9;8602.0;8602.0;0.0;8602.0;3;0;0;0;0;0;0;0;4.949628046035187;41;0;1;0;0;0;4764.2807630932575;04;7;2;Depot;H302;40;Moderat (0° bis 19,99° C);Abend;Klar;Indiana;Winter;Kollision;General Switching Rules;Human Factors;Depot/Rangieren, EinzelneWagen;7590.223241860055;Nicht Signifikant;False
3512;096407;1999;2;9;8250.0;8250.0;0.0;8250.0;2;0;0;1;0;0;0;0;6.0;17;0;20;0;0;0;2612.5843683998337;04;7;2;Depot;H307;35;Moderat (0° bis 19,99° C);Abend;Wolkig;Illinois;Winter;Kollision;General Switching Rules;Human Factors;Depot/Rangieren, Depot/Rangieren;7279.625871349158;Signifikant;False
3513;096518;1999;2;24;13900.0;13900.0;300.0;13600.0;2;0;0;0;0;0;0;0;5.5;29;0;77;0;0;3;5717.558948635495;01;7;1;Depot;M408;40;Moderat (0° bis 19,99° C);Tag;Klar;Alabama;Winter;Entgleisung;Unusual Operational Situations;Miscellaneous Causes;Depot/Rangieren, Depot/Rangieren;12594.00199329528;Nicht Signifikant;False
3514;096633;2011;10;10;15050.0;15050.0;0.0;15050.0;1;0;0;2;0;0;0;0;7.935695149221832;0;0;1;0;0;0;100.22635739365951;05;5;1;Depot;H607;58;Moderat (0° bis 19,99° C);Abend;Klar;Pennsylvania;Herbst;Kollision;Speed;Human Factors;EinzelneWagen, Lokomotive;11071.875229897742;Signifikant;False
3515;096713;1999;3;21;36872.0;36872.0;3822.0;33050.0;12;0;0;0;0;0;0;0;3.9542723449729715;110;4;85;0;0;1;15415.0;01;1;1;Depot;H702;61;Moderat (0° bis 19,99° C);Tag;Klar;South Carolina;Frühling;Entgleisung;Switches, Use of;Human Factors;Güterzug, Güterzug;33886.591305946145;Nicht Signifikant;False
3516;096766;1999;3;26;30497.0;30497.0;0.0;30497.0;4;0;0;0;0;0;0;0;8.5;30;0;5;0;0;0;5134.327341188863;04;7;1;Depot;H307;47;Moderat (0° bis 19,99° C);Tag;Klar;Ohio;Frühling;Kollision;General Switching Rules;Human Factors;Depot/Rangieren, Güterzug;28198.79796578826;Nicht Signifikant;False
3517;096770;2011;10;21;21950.0;21950.0;0.0;21950.0;3;0;0;0;0;0;0;0;3.9542723449729715;17;0;73;0;0;0;4226.24410958222;04;7;1;Depot;H316;48;Moderat (0° bis 19,99° C);Morgendämmerung;Klar;Pennsylvania;Herbst;Kollision;General Switching Rules;Human Factors;Depot/Rangieren, EinzelneWagen;15908.102623568635;Nicht Signifikant;False
3518;096840;1999;4;5;99183.0;99183.0;215.0;98968.0;4;0;0;0;0;0;0;0;5.5;40;1;34;0;0;0;5674.863916524429;01;7;1;Depot;M408;77;Warm (20° bis 31,99° C);Tag;Klar;Alabama;Frühling;Entgleisung;Unusual Operational Situations;Miscellaneous Causes;Depot/Rangieren, Depot/Rangieren;92246.09375;Nicht Signifikant;False
3519;096868;1999;4;10;15788.0;15788.0;0.0;15788.0;2;0;0;0;0;0;0;0;4.949628046035187;87;0;2;0;0;1;10029.048736269542;04;7;1;Depot;E30C;50;Moderat (0° bis 19,99° C);Abend;Wolkig;Illinois;Frühling;Kollision;Coupler and Draft System;Mechanical and Electrical Failures;Depot/Rangieren, EinzelneWagen;14608.148536532708;Nicht Signifikant;False
3520;0970001;1985;8;16;64450.0;64450.0;2000.0;62450.0;3;3;0;3;0;0;0;0;19.879963561968417;37;0;18;0;0;6;3751.4486425737073;04;6;1;Depot;H702;62;Moderat (0° bis 19,99° C);Abend;Klar;Michigan;Sommer;Kollision;Switches, Use of;Human Factors;EinzelneWagen, Güterzug;54669.60726100602;Signifikant;True
3521;097032;1999;5;3;109510.0;109510.0;14500.0;95010.0;2;0;0;0;0;0;0;0;24.856742067279495;58;0;54;0;0;6;6284.048469476673;01;6;1;Depot;M405;77;Warm (20° bis 31,99° C);Tag;Klar;Tennessee;Frühling;Entgleisung;Unusual Operational Situations;Miscellaneous Causes;EinzelneWagen, Güterzug;103418.64198696762;Nicht Signifikant;True
3522;097067;2011;11;19;18435.0;18435.0;0.0;18435.0;2;0;0;0;0;0;0;0;4.5;18;0;24;0;0;1;2849.6074683924526;01;7;1;Depot;H399;42;Moderat (0° bis 19,99° C);Abend;Klar;Indiana;Herbst;Entgleisung;General Switching Rules;Human Factors;Depot/Rangieren, Depot/Rangieren;13618.566855454323;Nicht Signifikant;False
3523;097081;1999;5;8;27800.0;27800.0;0.0;27800.0;3;0;0;0;0;0;0;0;5.0;89;0;13;0;0;1;8978.263917107033;04;7;1;Depot;H702;64;Moderat (0° bis 19,99° C);Tag;Regen;Ohio;Frühling;Kollision;Switches, Use of;Human Factors;Depot/Rangieren, Güterzug;25814.838889404775;Nicht Signifikant;False
3524;097104;1999;5;11;19750.0;19750.0;0.0;19750.0;6;0;0;0;0;0;0;0;2.5;119;0;35;0;0;4;14678.457962026649;04;7;2;Depot;H702;83;Warm (20° bis 31,99° C);Tag;Wolkig;Alabama;Frühling;Kollision;Switches, Use of;Human Factors;Depot/Rangieren, Depot/Rangieren;18402.90719344018;Nicht Signifikant;False
3525;097170;1999;5;19;33048.0;33048.0;0.0;33048.0;4;0;0;0;0;0;0;0;7.0;93;0;21;0;0;0;11650.629312893672;04;7;1;Depot;H702;71;Warm (20° bis 31,99° C);Tag;Klar;Tennessee;Frühling;Kollision;Switches, Use of;Human Factors;Depot/Rangieren, Güterzug;31077.675380853867;Nicht Signifikant;False
3526;097177;2011;11;30;67000.0;67000.0;0.0;67000.0;3;1;0;1;0;0;0;0;20.875319263030633;12;0;0;0;0;0;1434.8690415337728;04;6;X;Industriestrecke;H525;50;Moderat (0° bis 19,99° C);Tag;Klar;Georgia;Herbst;Kollision;Train Handling/Train Makeup;Human Factors;EinzelneWagen, Lokomotive;49932.925920405425;Signifikant;True
3527;097199;2011;12;2;122826.0;122826.0;0.0;122826.0;3;0;0;2;0;0;0;0;8.0;4;0;16;0;0;0;1011.9522086755196;05;7;1;Depot;H309;42;Moderat (0° bis 19,99° C);Tag;Klar;New Jersey;Herbst;Kollision;General Switching Rules;Human Factors;Depot/Rangieren, Depot/Rangieren;90908.14891569832;Signifikant;False
3528;097351;1999;6;10;9000.0;9000.0;5800.0;3200.0;3;0;0;0;0;0;0;0;5.944983747097401;27;0;43;0;0;1;4451.906083164559;04;7;1;Depot;H313;90;Heiß (>= 32° C);Tag;Klar;Tennessee;Frühling;Kollision;General Switching Rules;Human Factors;Depot/Rangieren, EinzelneWagen;8592.705747565398;Nicht Signifikant;False
3529;097365;2011;12;19;14650.0;14650.0;0.0;14650.0;3;0;0;0;0;0;0;0;5.944983747097401;14;0;39;0;0;1;6623.736492471696;01;7;1;Depot;H318;41;Moderat (0° bis 19,99° C);Abend;Klar;Ohio;Herbst;Entgleisung;General Switching Rules;Human Factors;Depot/Rangieren, Güterzug;11235.524196640847;Nicht Signifikant;False
3530;097446;2011;12;28;11570.0;11570.0;0.0;11570.0;2;0;0;0;0;0;0;0;5.5;27;1;8;0;0;0;10220.0;01;1;1;Depot;H312;29;Kalt (-30° - 0,01° C);Tag;Klar;Indiana;Winter;Entgleisung;General Switching Rules;Human Factors;Güterzug, Güterzug;8849.625210341135;Nicht Signifikant;False
3531;097453;1999;6;20;43400.0;43400.0;3000.0;40400.0;1;0;0;0;0;0;0;0;5.944983747097401;28;5;9;0;0;2;6422.464218883921;01;6;1;Industriestrecke;H601;78;Warm (20° bis 31,99° C);Tag;Klar;Ohio;Frühling;Entgleisung;Speed;Human Factors;EinzelneWagen, Güterzug;41910.77061739522;Nicht Signifikant;False
3532;097455;2011;12;30;10125.0;10125.0;0.0;10125.0;2;0;0;0;0;0;0;0;2.0;139;0;9;0;0;0;16156.079648648494;05;7;1;Depot;M411;38;Moderat (0° bis 19,99° C);Abend;Klar;Indiana;Winter;Kollision;Unusual Operational Situations;Miscellaneous Causes;Depot/Rangieren, Depot/Rangieren;7825.179689311384;Nicht Signifikant;False
3533;097470;1999;6;22;86421.0;86421.0;46721.0;39700.0;3;0;0;0;0;0;0;0;14.903185056657339;13;3;27;0;0;2;2432.4667339919733;01;7;2;Depot;E34C;74;Warm (20° bis 31,99° C);Tag;Wolkig;Virginia;Sommer;Entgleisung;Coupler and Draft System;Mechanical and Electrical Failures;Depot/Rangieren, EinzelneWagen;83798.11887908464;Nicht Signifikant;False
3534;097496;1999;6;24;9700.0;9700.0;500.0;9200.0;4;0;0;0;0;0;0;0;2.958916643910756;34;2;67;0;0;1;5867.0;01;1;1;Depot;H307;80;Warm (20° bis 31,99° C);Tag;Klar;Virginia;Sommer;Entgleisung;General Switching Rules;Human Factors;Güterzug, Güterzug;9398.314116849142;Nicht Signifikant;False
3535;097502;1999;6;19;35119.0;35119.0;0.0;35119.0;4;0;0;0;0;0;0;0;14.903185056657339;20;1;122;0;0;0;6206.433146018273;04;6;2;Depot;H022;70;Warm (20° bis 31,99° C);Tag;Klar;Ohio;Frühling;Kollision;Brakes, Use of;Human Factors;EinzelneWagen, Güterzug;33860.51743532059;Nicht Signifikant;False
3536;097556;1999;6;29;18200.0;18200.0;150.0;18050.0;5;0;0;0;0;0;0;0;1.9635609428485408;65;0;46;0;0;1;9047.380047788753;04;7;1;Depot;H305;77;Warm (20° bis 31,99° C);Abend;Wolkig;Tennessee;Sommer;Kollision;General Switching Rules;Human Factors;Depot/Rangieren, Güterzug;17560.78734079506;Nicht Signifikant;False
3537;097596;1999;7;2;18141.0;18141.0;1500.0;16641.0;2;2;0;0;0;0;0;0;3.9542723449729715;22;3;0;0;0;0;2631.2704098197983;01;6;1;Depot;T311;86;Warm (20° bis 31,99° C);Tag;Klar;Pennsylvania;Sommer;Entgleisung;Frogs, Switches and Track Appliances;Track, Roadbed and Structures;EinzelneWagen, Lokomotive;17714.090420857337;Nicht Signifikant;False
3538;097617;1999;7;4;97499.0;97499.0;6300.0;91199.0;4;1;0;0;0;0;0;0;6.940339448159618;68;2;89;0;0;3;11542.0;03;1;4;Hauptstrecke;H605;85;Warm (20° bis 31,99° C);Tag;Klar;North Carolina;Sommer;Kollision;Speed;Human Factors;Güterzug, Güterzug;95260.38104543234;Nicht Signifikant;False
3539;097623;1999;7;4;6950.0;6950.0;100.0;6850.0;1;0;0;0;0;0;0;0;2.5;24;1;40;0;0;0;4037.423585322225;05;7;1;Depot;H301;89;Warm (20° bis 31,99° C);Tag;Klar;Indiana;Sommer;Kollision;General Switching Rules;Human Factors;Depot/Rangieren, EinzelneWagen;6790.425012212994;Nicht Signifikant;False
3540;097688;1999;7;9;15000.0;15000.0;0.0;15000.0;3;0;0;0;0;0;0;0;6.940339448159618;64;0;1;0;0;0;2251.0;03;1;1;Depot;H307;75;Warm (20° bis 31,99° C);Tag;Klar;Indiana;Sommer;Kollision;General Switching Rules;Human Factors;Güterzug, Güterzug;14700.117600940808;Nicht Signifikant;False
3541;097703;1999;7;7;30650.0;30650.0;0.0;30650.0;1;0;0;0;0;0;0;0;5.0;70;0;50;0;0;0;9555.120174780186;04;7;2;Depot;H020;78;Warm (20° bis 31,99° C);Abend;Klar;Indiana;Sommer;Kollision;Brakes, Use of;Human Factors;Depot/Rangieren, EinzelneWagen;29984.34748581491;Nicht Signifikant;False
3542;097736;1999;7;14;7282.0;7282.0;0.0;7282.0;0;0;0;0;0;0;0;0;3.9542723449729715;3;0;0;0;0;0;411.05222077044647;04;5;1;Industriestrecke;M502;71;Warm (20° bis 31,99° C);Tag;Klar;Virginia;Sommer;Kollision;Other Miscellaneous;Miscellaneous Causes;EinzelneWagen, EinzelneWagen;7161.68371361133;Nicht Signifikant;False
3543;097763;1999;7;17;156010.0;156010.0;1295.0;154715.0;5;1;0;0;0;0;0;0;10.5;22;0;21;0;0;0;3211.8179012571145;04;7;2;Depot;H605;92;Heiß (>= 32° C);Tag;Klar;Virginia;Sommer;Kollision;Speed;Human Factors;Depot/Rangieren, Lokomotive;153201.3093289689;Signifikant;False
3544;097768;1999;7;17;7250.0;7250.0;0.0;7250.0;2;0;0;0;0;0;0;0;1.9635609428485408;54;0;4;0;0;0;9109.594624242167;05;6;1;Depot;H307;75;Warm (20° bis 31,99° C);Tag;Wolkig;Illinois;Sommer;Kollision;General Switching Rules;Human Factors;EinzelneWagen, Güterzug;7119.476268412439;Nicht Signifikant;False
3545;097780;1999;7;19;7564.0;7564.0;0.0;7564.0;0;0;0;0;0;0;0;0;1.5;0;0;2;0;0;0;130.67276760464793;04;5;1;Depot;M105;75;Warm (20° bis 31,99° C);Tag;Regen;Ohio;Sommer;Kollision;Environmental Conditions;Environmental Conditions;EinzelneWagen, EinzelneWagen;7455.154740784546;Nicht Signifikant;False
3546;097789;2012;1;25;35170.0;35170.0;200.0;34970.0;2;0;0;0;0;0;0;0;4.5;13;0;38;0;0;2;6540.4254781534255;05;4;1;Depot;H599;30;Kalt (-30° - 0,01° C);Abend;Klar;Indiana;Winter;Kollision;Train Handling/Train Makeup;Human Factors;Arbeitszug, Depot/Rangieren;27175.088857981766;Nicht Signifikant;False
3547;097956;1999;7;30;8908.0;8908.0;0.0;8908.0;0;0;0;0;0;0;0;0;1.9635609428485408;3;3;0;0;0;0;469.8793437638873;04;5;1;Depot;T305;67;Moderat (0° bis 19,99° C);Abend;Nebel;Pennsylvania;Sommer;Kollision;Frogs, Switches and Track Appliances;Track, Roadbed and Structures;EinzelneWagen, EinzelneWagen;8329.904619412755;Nicht Signifikant;False
3548;097957;2012;2;3;12155.0;12155.0;0.0;12155.0;1;0;0;0;0;0;0;0;4.0;67;0;32;0;0;0;8665.81251739462;05;7;1;Depot;S006;32;Moderat (0° bis 19,99° C);Abend;Klar;New Jersey;Winter;Kollision;SIGNAL AND COMMUNICATION;Signal and Communication;Depot/Rangieren, EinzelneWagen;9236.322188449847;Nicht Signifikant;False
3549;097971;1999;8;4;10550.0;10550.0;2050.0;8500.0;2;0;0;0;0;0;0;0;3.9542723449729715;47;2;1;0;0;1;5487.523426883841;04;7;1;Depot;H020;80;Warm (20° bis 31,99° C);Tag;Klar;Pennsylvania;Sommer;Kollision;Brakes, Use of;Human Factors;Depot/Rangieren, EinzelneWagen;9803.921568627451;Nicht Signifikant;False
3550;098070;1999;8;14;7500.0;7500.0;200.0;7300.0;4;0;0;0;0;0;0;0;5.0;170;2;58;0;0;0;21981.530905198768;01;7;1;Depot;H307;92;Heiß (>= 32° C);Tag;Klar;North Carolina;Sommer;Entgleisung;General Switching Rules;Human Factors;Depot/Rangieren, Güterzug;7056.167090036693;Nicht Signifikant;False
3551;098152;1999;8;21;96194.0;96194.0;500.0;95694.0;4;0;0;0;0;0;0;0;9.926406551346263;42;3;3;0;0;0;5309.0;03;1;3;Hauptstrecke;H605;76;Warm (20° bis 31,99° C);Tag;Klar;New Jersey;Sommer;Kollision;Speed;Human Factors;Güterzug, Güterzug;90351.28365685661;Nicht Signifikant;False
3552;098230;1999;8;28;32800.0;32800.0;0.0;32800.0;3;0;0;0;0;0;0;0;3.9542723449729715;45;0;0;0;0;0;5188.864050999302;04;7;1;Industriestrecke;H302;76;Warm (20° bis 31,99° C);Tag;Klar;North Carolina;Sommer;Kollision;General Switching Rules;Human Factors;Depot/Rangieren, EinzelneWagen;31383.555527205463;Nicht Signifikant;False
3553;098253;1999;8;29;15100.0;15100.0;0.0;15100.0;2;0;0;0;0;0;0;0;4.949628046035187;53;3;151;0;0;5;10762.558685183096;04;7;1;Depot;H306;85;Warm (20° bis 31,99° C);Tag;Klar;Ohio;Sommer;Kollision;General Switching Rules;Human Factors;Depot/Rangieren, EinzelneWagen;14446.074366987688;Nicht Signifikant;False
3554;098296;1999;9;1;8200.0;8200.0;0.0;8200.0;1;0;0;0;0;0;0;0;6.940339448159618;18;1;5;0;0;1;2290.7347153814862;04;7;1;Depot;H702;82;Warm (20° bis 31,99° C);Tag;Klar;Michigan;Sommer;Kollision;Switches, Use of;Human Factors;Depot/Rangieren, EinzelneWagen;7726.373315744842;Nicht Signifikant;False
3555;098397;1999;9;9;29000.0;29000.0;1000.0;28000.0;1;1;0;0;0;0;0;0;9.926406551346263;18;2;4;0;0;0;2278.4173115489043;04;7;1;Depot;H020;60;Moderat (0° bis 19,99° C);Abend;Klar;Illinois;Sommer;Kollision;Brakes, Use of;Human Factors;Depot/Rangieren, EinzelneWagen;27379.15407854985;Nicht Signifikant;False
3556;098502;1999;9;16;21200.0;21200.0;100.0;21100.0;4;0;0;0;0;0;0;0;3.0;113;1;38;0;0;0;13852.10177801469;04;7;1;Depot;H306;70;Warm (20° bis 31,99° C);Tag;Regen;Pennsylvania;Sommer;Kollision;General Switching Rules;Human Factors;Depot/Rangieren, Güterzug;20439.645198611648;Nicht Signifikant;False
3557;098509601;1985;9;11;46200.0;46200.0;8000.0;38200.0;5;0;0;0;0;0;0;0;11.917117953470694;57;3;30;0;0;0;8069.889973591336;01;1;4;Hauptstrecke;H505;72;Warm (20° bis 31,99° C);Morgendämmerung;Klar;Georgia;Sommer;Entgleisung;Train Handling/Train Makeup;Human Factors;Güterzug, Lokomotive;39189.07456103147;Nicht Signifikant;False
3558;098511;1999;9;18;122500.0;122500.0;1700.0;120800.0;4;1;0;0;0;0;0;0;5.944983747097401;40;2;0;0;0;0;5692.889973591336;01;1;1;Depot;H702;56;Moderat (0° bis 19,99° C);Abend;Klar;New Jersey;Sommer;Entgleisung;Switches, Use of;Human Factors;Güterzug, Lokomotive;117788.46153846153;Nicht Signifikant;False
3559;098533;1999;9;22;13975.0;13975.0;0.0;13975.0;2;0;0;0;0;0;0;0;3.5;48;0;57;0;0;0;7265.581706613418;04;7;1;Depot;H210;65;Moderat (0° bis 19,99° C);Tag;Klar;Ohio;Sommer;Kollision;Flagging, Fixed, Hand and Radio Signals;Human Factors;Depot/Rangieren, Depot/Rangieren;13298.125416309831;Nicht Signifikant;False
3560;0985ID201;1985;9;7;240958.0;240958.0;0.0;240958.0;7;0;0;0;0;0;0;0;27.5;74;4;173;0;0;17;14067.0;05;1;4;Hauptstrecke;H099;50;Moderat (0° bis 19,99° C);Tag;Wolkig;Idaho;Sommer;Kollision;Brakes, Use of;Human Factors;Güterzug, Güterzug;204392.23004495716;Signifikant;False
3561;098686;1999;10;7;8850.0;8850.0;800.0;8050.0;1;0;0;0;0;0;0;0;5.0;12;0;17;0;0;2;1955.4180843593895;04;7;2;Depot;M599;49;Moderat (0° bis 19,99° C);Abend;Wolkig;Indiana;Herbst;Kollision;Other Miscellaneous;Miscellaneous Causes;Depot/Rangieren, EinzelneWagen;8248.671824028335;Nicht Signifikant;False
3562;0986AR203;1986;9;4;7700.0;7700.0;2500.0;5200.0;2;0;0;0;0;0;0;0;2.958916643910756;36;3;38;0;0;0;5357.647398120594;04;5;1;Depot;E46C;86;Warm (20° bis 31,99° C);Tag;Klar;Louisiana;Sommer;Kollision;Truck Components;Mechanical and Electrical Failures;EinzelneWagen, Güterzug;6531.512426838578;Nicht Signifikant;False
3563;0987020;1987;10;31;280000.0;280000.0;0.0;280000.0;4;0;0;0;0;0;0;0;30.0;0;0;0;0;4;0;237.14174199833903;07;2;3;Hauptstrecke;M399;50;Moderat (0° bis 19,99° C);Tag;Klar;Pennsylvania;Herbst;Bahnübergang;Loading Procedures;Loading;Personenzug, Personenzug;237509.5427941301;Signifikant;False
3564;098705003;1987;9;19;11060.0;11060.0;500.0;10560.0;1;0;0;0;0;0;0;0;2.958916643910756;122;4;0;0;0;0;14026.621903743458;04;6;1;Depot;H301;78;Warm (20° bis 31,99° C);Tag;Wolkig;North Carolina;Sommer;Kollision;General Switching Rules;Human Factors;EinzelneWagen, Güterzug;9381.62694036814;Nicht Signifikant;False
3565;098705609;1987;9;10;21000.0;21000.0;500.0;20500.0;4;0;0;0;0;0;0;0;2.958916643910756;28;0;63;0;0;5;6931.456329172435;04;1;1;Depot;H401;87;Warm (20° bis 31,99° C);Tag;Klar;North Carolina;Sommer;Kollision;Main Track Authority;Human Factors;Güterzug, Güterzug;17813.215709559758;Nicht Signifikant;False
3566;098768;1999;10;13;11900.0;11900.0;200.0;11700.0;4;0;0;0;0;0;0;0;8.931050850284048;21;0;45;0;0;4;3786.365461247348;04;7;1;Depot;H702;58;Moderat (0° bis 19,99° C);Tag;Regen;North Carolina;Herbst;Kollision;Switches, Use of;Human Factors;Depot/Rangieren, Güterzug;11041.009463722397;Nicht Signifikant;False
3567;0987KA202;1987;9;14;25650.0;25650.0;150.0;25500.0;1;0;0;0;0;0;0;0;3.9542723449729715;7;1;145;0;0;4;7339.940261714001;04;6;1;Depot;M199;70;Warm (20° bis 31,99° C);Tag;Regen;Missouri;Sommer;Kollision;Environmental Conditions;Environmental Conditions;EinzelneWagen, Güterzug;21757.570616676563;Nicht Signifikant;False
3568;0987NE018;1987;9;17;275198.0;275198.0;11081.0;264117.0;5;2;0;1;0;0;0;0;41.77778898533715;109;2;0;0;0;0;14588.889973591336;03;1;3;Hauptstrecke;H017;51;Moderat (0° bis 19,99° C);Abend;Regen;Nebraska;Sommer;Kollision;Brakes, Use of;Human Factors;Güterzug, Lokomotive;233436.25413521077;Signifikant;True
3569;098803022;1988;9;17;32000.0;32000.0;0.0;32000.0;8;0;0;0;0;0;0;0;3.0;1;0;68;0;0;0;2253.893266059142;04;7;1;Depot;H306;70;Warm (20° bis 31,99° C);Tag;Wolkig;Kentucky;Sommer;Kollision;General Switching Rules;Human Factors;Depot/Rangieren, Depot/Rangieren;27143.947747900584;Nicht Signifikant;False
3570;098805049;1988;9;26;17400.0;17400.0;400.0;17000.0;3;0;0;0;0;0;0;0;2.0;73;2;31;0;0;0;9357.128736354807;05;7;1;Depot;H314;61;Moderat (0° bis 19,99° C);Abend;Wolkig;North Carolina;Herbst;Kollision;General Switching Rules;Human Factors;Depot/Rangieren, Depot/Rangieren;14759.521587920943;Nicht Signifikant;False
3571;098812056;1988;9;25;13850.0;13850.0;500.0;13350.0;2;0;0;0;0;0;0;0;5.0;26;1;2;0;0;0;3107.974846363182;04;7;2;Depot;T306;93;Heiß (>= 32° C);Tag;Wolkig;Georgia;Herbst;Kollision;Frogs, Switches and Track Appliances;Track, Roadbed and Structures;Depot/Rangieren, Depot/Rangieren;11748.239884638222;Nicht Signifikant;False
3572;098823013;1988;9;12;14700.0;14700.0;1000.0;13700.0;2;0;0;0;0;0;0;0;5.0;33;3;3;0;0;0;3558.0;04;1;1;Depot;H018;72;Warm (20° bis 31,99° C);Tag;Regen;Ohio;Sommer;Kollision;Brakes, Use of;Human Factors;Güterzug, Güterzug;12469.250996691831;Nicht Signifikant;False
3573;098845;2012;2;28;32050.0;32050.0;50.0;32000.0;2;0;0;0;0;0;0;0;0.9682052417863254;26;1;2;0;0;0;3107.9748463631813;04;7;1;Depot;H306;42;Moderat (0° bis 19,99° C);Abenddämmerung;Klar;Pennsylvania;Winter;Kollision;General Switching Rules;Human Factors;Depot/Rangieren, EinzelneWagen;23821.91169912294;Nicht Signifikant;False
3574;0988CA010;1988;9;11;13800.0;13800.0;0.0;13800.0;3;0;0;1;0;0;0;0;2.0;2;2;1;0;0;1;368.4393230672105;01;1;1;Depot;H702;70;Warm (20° bis 31,99° C);Abend;Klar;Kalifornien;Sommer;Entgleisung;Switches, Use of;Human Factors;Güterzug, Güterzug;11705.827466282128;Signifikant;False
3575;0988FW205;1988;9;11;67850.0;67850.0;0.0;67850.0;5;0;0;0;0;0;0;0;4.0;50;0;100;0;0;0;8802.292194744437;05;7;1;Depot;H602;70;Warm (20° bis 31,99° C);Morgendämmerung;Klar;Texas;Sommer;Kollision;Speed;Human Factors;Depot/Rangieren, Güterzug;57553.65170922046;Nicht Signifikant;False