index;INCDTNO;YEAR4;MONTH;DAY;ACCDMG;INFRASTRUCTURE_DMG;TRKDMG;EQPDMG;LOCOMOTIVES1;LOCOMOTIVES2;RREMPKLD;RREMPINJ;PASSKLD;PASSINJ;OTHERKLD;OTHERINJ;SPEED;LOADF1;LOADF2;EMPTYF1;EMPTYP1;LOADP1;EMPTYF2;TONS;TYPE;TYPEQ;TRKCLAS;TYPTRK;ACCAUSE;TEMP;TEMP_CLUSTER;VISIBLTY;WEATHER;STATE;Jahreszeit;ACCIDENT_TYPE;ACCCAUSE_LVL1;ACCCAUSE_LVL2;EQUIPMENT_TYPE;ACCDMG_EUR;ACCTYPE;SPD_TOO_HIGH
3576;0988FW210;1988;9;25;17295.0;17295.0;0.0;17295.0;2;0;0;0;0;0;0;0;6.940339448159618;38;0;13;0;0;0;4963.647398120594;03;6;1;Depot;H305;65;Moderat (0° bis 19,99° C);Abend;Klar;Texas;Herbst;Kollision;General Switching Rules;Human Factors;EinzelneWagen, Güterzug;14670.455509373143;Nicht Signifikant;False
3577;0988LU208;1988;9;24;34900.0;34900.0;300.0;34600.0;2;0;0;0;0;0;0;0;3.9542723449729715;58;3;32;0;0;2;7703.782888863547;04;6;1;Depot;H306;80;Warm (20° bis 31,99° C);Abend;Klar;Louisiana;Herbst;Kollision;General Switching Rules;Human Factors;EinzelneWagen, Güterzug;29603.868012554074;Nicht Signifikant;False
3578;0988UT201;1988;9;2;6250.0;6250.0;1500.0;4750.0;4;0;0;0;0;0;0;0;7.935695149221832;7;0;0;0;0;0;866.0819188874804;04;6;2;Depot;H702;75;Warm (20° bis 31,99° C);Tag;Klar;Utah;Sommer;Kollision;Switches, Use of;Human Factors;EinzelneWagen, Lokomotive;5301.552294511833;Nicht Signifikant;False
3579;098901007;1989;9;7;25200.0;25200.0;0.0;25200.0;1;0;0;0;0;0;0;0;27.0;10;1;2;0;0;0;1134.2564391184076;02;5;3;Hauptstrecke;H305;78;Warm (20° bis 31,99° C);Tag;Klar;South Carolina;Sommer;Kollision;General Switching Rules;Human Factors;EinzelneWagen, Güterzug;21375.85885147171;Nicht Signifikant;False
3580;098903023;1989;9;18;60750.0;60750.0;2000.0;58750.0;6;1;0;0;0;0;0;0;6.0;143;1;0;0;0;0;15647.0;03;1;4;Hauptstrecke;H999;75;Warm (20° bis 31,99° C);Tag;Klar;Kentucky;Sommer;Kollision;Miscellaneous;Human Factors;Güterzug, Güterzug;51531.088302655015;Nicht Signifikant;False
3581;098903025;1989;9;20;11000.0;11000.0;0.0;11000.0;4;0;0;1;0;0;0;0;10.0;0;0;0;0;0;0;69.7799471826711;03;8;1;Depot;H307;70;Warm (20° bis 31,99° C);Tag;Wolkig;Tennessee;Sommer;Kollision;General Switching Rules;Human Factors;Lokomotive, Lokomotive;9330.732038340826;Signifikant;False
3582;098908;1999;10;24;13200.0;13200.0;750.0;12450.0;6;0;0;0;0;0;0;0;7.5;42;0;62;0;0;4;6701.039552650818;04;7;2;Depot;H605;62;Moderat (0° bis 19,99° C);Tag;Klar;Georgia;Herbst;Kollision;Speed;Human Factors;Depot/Rangieren, Güterzug;12327.231976092642;Nicht Signifikant;False
3583;098909;1999;10;24;29800.0;29800.0;15400.0;14400.0;2;1;0;0;0;0;0;0;4.0;6;4;29;0;0;0;1713.7065544681404;04;7;2;Depot;H306;42;Moderat (0° bis 19,99° C);Tag;Wolkig;Indiana;Herbst;Kollision;General Switching Rules;Human Factors;Depot/Rangieren, Depot/Rangieren;27829.66006723945;Nicht Signifikant;False
3584;098923038;1989;9;22;5700.0;5700.0;200.0;5500.0;4;0;0;0;0;0;0;0;4.0;1;1;1;0;0;1;235.07285754013844;02;6;1;Depot;H017;40;Moderat (0° bis 19,99° C);Abend;Wolkig;Michigan;Sommer;Kollision;Brakes, Use of;Human Factors;EinzelneWagen, Lokomotive;4835.015692594791;Nicht Signifikant;False
3585;098927017;1989;9;7;740200.0;740200.0;9000.0;731200.0;4;3;0;9;0;0;0;0;17.0;55;1;155;0;0;18;10540.0;02;1;3;Hauptstrecke;H215;75;Warm (20° bis 31,99° C);Morgendämmerung;Wolkig;Virginia;Sommer;Kollision;Flagging, Fixed, Hand and Radio Signals;Human Factors;Güterzug, Güterzug;627873.4413436254;Schwer;False
3586;098984;1999;10;7;10250.0;10250.0;0.0;10250.0;0;0;0;0;0;0;0;0;0.9682052417863254;2;0;0;0;0;0;297.294796241188;04;5;1;Industriestrecke;H020;50;Moderat (0° bis 19,99° C);Abend;Klar;Pennsylvania;Herbst;Kollision;Brakes, Use of;Human Factors;EinzelneWagen, EinzelneWagen;9553.546462857676;Nicht Signifikant;False
3587;0989CA215;1989;9;11;9500.0;9500.0;0.0;9500.0;0;0;0;0;0;0;0;0;4.0;23;0;17;0;0;1;3205.269719561826;04;6;1;Depot;H302;60;Moderat (0° bis 19,99° C);Abend;Klar;Kalifornien;Sommer;Kollision;General Switching Rules;Human Factors;EinzelneWagen, EinzelneWagen;8058.3594876579855;Nicht Signifikant;False
3588;0989GR203;1989;9;5;13600.0;13600.0;100.0;13500.0;2;0;0;0;0;0;0;0;3.0;40;3;28;0;0;0;5531.403537254127;04;7;1;Depot;H306;70;Warm (20° bis 31,99° C);Tag;Klar;Wyoming;Sommer;Kollision;General Switching Rules;Human Factors;Depot/Rangieren, Güterzug;11536.177792857748;Nicht Signifikant;False
3589;0989KC210;1989;9;11;34393.0;34393.0;300.0;34093.0;3;0;0;0;0;0;0;0;10.0;74;0;67;0;0;2;10530.698915722834;04;7;1;Depot;H702;55;Moderat (0° bis 19,99° C);Morgendämmerung;Klar;Kansas;Sommer;Kollision;Switches, Use of;Human Factors;Depot/Rangieren, Depot/Rangieren;29173.806090423273;Nicht Signifikant;False
3590;0989LU201;1989;9;2;6500.0;6500.0;0.0;6500.0;2;1;0;0;0;0;0;0;5.0;1;0;0;0;0;0;183.53737171192955;04;7;1;Industriestrecke;H305;87;Warm (20° bis 31,99° C);Abend;Nebel;Texas;Sommer;Kollision;General Switching Rules;Human Factors;Depot/Rangieren, Lokomotive;5513.614386292306;Nicht Signifikant;False
3591;0989NA205;1989;9;5;43300.0;43300.0;28000.0;15300.0;5;0;0;0;0;0;0;0;11.917117953470694;106;6;0;0;0;0;13768.16224717911;01;6;1;Depot;T199;58;Moderat (0° bis 19,99° C);Abend;Wolkig;Idaho;Sommer;Entgleisung;Track Geometry;Track, Roadbed and Structures;EinzelneWagen, Güterzug;36729.15429637798;Nicht Signifikant;True
3592;0989NA207;1989;9;23;142364.0;142364.0;60078.0;82286.0;4;1;0;0;0;0;0;0;38.191385055475145;101;1;2;0;0;1;5554.519267751127;01;7;2;Nebenstrecke;H699;50;Moderat (0° bis 19,99° C);Abend;Klar;Oregon;Herbst;Entgleisung;Speed;Human Factors;Depot/Rangieren, EinzelneWagen, Güterzug;120760.03053694121;Nicht Signifikant;True
3593;0989PL205;1989;9;21;575185.0;575185.0;77403.0;497782.0;4;2;0;1;0;0;0;0;19.879963561968417;93;14;6;0;0;5;11740.0;03;1;2;Hauptstrecke;H603;85;Warm (20° bis 31,99° C);Abend;Klar;Texas;Sommer;Kollision;Speed;Human Factors;Güterzug, Güterzug;487899.7370430062;Signifikant;False
3594;0989SA200;1989;9;4;27400.0;27400.0;7000.0;20400.0;2;0;0;0;0;0;0;0;6.0;32;3;16;0;0;3;4260.427322346418;04;1;1;Depot;H310;82;Warm (20° bis 31,99° C);Abend;Klar;Texas;Sommer;Kollision;General Switching Rules;Human Factors;Güterzug, Güterzug;23242.005259139874;Nicht Signifikant;False
3595;0989UT202;1989;9;2;14450.0;14450.0;2000.0;12450.0;1;0;0;0;0;0;0;0;7.935695149221832;33;2;42;0;0;0;5141.742267505341;04;7;1;Depot;H306;75;Warm (20° bis 31,99° C);Tag;Klar;Utah;Sommer;Kollision;General Switching Rules;Human Factors;Depot/Rangieren, EinzelneWagen;12257.188904911358;Nicht Signifikant;False
3596;0989UT207;1989;9;19;20700.0;20700.0;0.0;20700.0;1;0;0;0;0;0;0;0;4.949628046035187;31;0;5;0;0;3;3748.6693080825216;04;6;2;Depot;H999;60;Moderat (0° bis 19,99° C);Abend;Klar;Utah;Sommer;Kollision;Miscellaneous;Human Factors;EinzelneWagen, Güterzug;17558.74119942319;Nicht Signifikant;False
3597;0989UT210;1989;9;23;30000.0;30000.0;1500.0;28500.0;4;1;0;0;0;0;0;0;7.935695149221832;59;8;15;0;0;0;6103.256439118408;01;7;2;Depot;T309;72;Warm (20° bis 31,99° C);Tag;Klar;Utah;Herbst;Entgleisung;Frogs, Switches and Track Appliances;Track, Roadbed and Structures;Depot/Rangieren, Güterzug;25447.4510136568;Nicht Signifikant;False
3598;099003002;1990;9;8;379700.0;379700.0;11000.0;368700.0;4;0;0;0;0;0;0;0;45.0;30;15;62;0;0;11;5072.595752912916;01;6;4;Hauptstrecke;E85C;60;Moderat (0° bis 19,99° C);Abend;Wolkig;Kentucky;Sommer;Entgleisung;Doors;Mechanical and Electrical Failures;EinzelneWagen, Güterzug;322079.9049961829;Signifikant;False
3599;099005048;1990;9;27;145700.0;145700.0;40000.0;105700.0;3;0;0;0;0;0;0;0;4.0;71;9;63;0;0;13;10972.254266935895;01;1;2;Depot;H306;60;Moderat (0° bis 19,99° C);Abend;Klar;South Carolina;Herbst;Entgleisung;General Switching Rules;Human Factors;Güterzug, Güterzug;123589.78708965985;Nicht Signifikant;False
3600;099022011;1990;9;13;10300.0;10300.0;100.0;10200.0;3;0;0;0;0;0;0;0;14.903185056657339;19;0;60;0;0;1;4363.0;03;1;4;Hauptstrecke;H215;75;Warm (20° bis 31,99° C);Abenddämmerung;Wolkig;Maryland;Sommer;Kollision;Flagging, Fixed, Hand and Radio Signals;Human Factors;Güterzug, Güterzug;8736.9581813555;Nicht Signifikant;False
3601;099040;2012;3;16;439500.0;439500.0;1000.0;438500.0;3;0;0;0;0;0;0;0;3.5;86;6;67;0;0;2;12013.442256060818;05;7;1;Depot;M407;58;Moderat (0° bis 19,99° C);Abend;Klar;Indiana;Winter;Kollision;Unusual Operational Situations;Miscellaneous Causes;Depot/Rangieren, Depot/Rangieren;335086.9167429094;Signifikant;False
3602;099081;1999;11;7;15500.0;15500.0;0.0;15500.0;3;0;0;0;0;0;0;0;5.0;39;0;12;0;0;0;4871.676426355612;04;7;1;Depot;H020;65;Moderat (0° bis 19,99° C);Tag;Klar;Tennessee;Herbst;Kollision;Brakes, Use of;Human Factors;Depot/Rangieren, EinzelneWagen;14895.252738804536;Nicht Signifikant;False
3603;0990FW220;1990;9;20;34300.0;34300.0;5300.0;29000.0;7;2;0;0;0;0;0;0;5.5;31;0;67;0;0;4;5385.801967714547;04;7;4;Hauptstrecke;H306;85;Warm (20° bis 31,99° C);Abend;Klar;Texas;Sommer;Kollision;General Switching Rules;Human Factors;Depot/Rangieren, Güterzug;29094.91899228094;Nicht Signifikant;False
3604;0990GR210;1990;9;22;8400.0;8400.0;0.0;8400.0;2;0;0;0;0;0;0;0;5.5;0;0;19;0;0;2;651.2218104302649;05;7;1;Depot;H601;80;Warm (20° bis 31,99° C);Tag;Klar;Wyoming;Sommer;Kollision;Speed;Human Factors;Depot/Rangieren, Güterzug;7125.286283823903;Nicht Signifikant;False
3605;0990ID202;1990;9;5;20700.0;20700.0;200.0;20500.0;2;0;0;0;0;0;0;0;9.926406551346263;34;3;4;0;0;0;1482.013863647666;04;6;1;Depot;T310;85;Warm (20° bis 31,99° C);Tag;Klar;Idaho;Sommer;Kollision;Frogs, Switches and Track Appliances;Track, Roadbed and Structures;EinzelneWagen, Güterzug;17558.74119942319;Nicht Signifikant;False
3606;0990KC221;1990;9;29;27853.0;27853.0;853.0;27000.0;3;0;0;0;0;0;0;0;4.0;115;2;0;0;0;0;429.62290464547965;04;6;1;Depot;E09C;72;Warm (20° bis 31,99° C);Tag;Wolkig;Missouri;Herbst;Kollision;Brakes;Mechanical and Electrical Failures;EinzelneWagen, Güterzug;23626.261769446093;Nicht Signifikant;False
3607;0990NL201;1990;9;2;24538.0;24538.0;11538.0;13000.0;4;0;0;0;0;0;0;0;5.0;25;2;23;0;0;3;3657.6411811207145;01;7;1;Depot;H307;92;Heiß (>= 32° C);Tag;Klar;Arkansas;Sommer;Entgleisung;General Switching Rules;Human Factors;Depot/Rangieren, Depot/Rangieren;20814.318432437016;Nicht Signifikant;False
3608;0990NL208;1990;9;21;9300.0;9300.0;0.0;9300.0;0;0;0;0;0;0;0;0;6.940339448159618;1;1;3;0;0;0;294.4856433427084;04;6;1;Depot;M407;85;Warm (20° bis 31,99° C);Tag;Wolkig;Arkansas;Sommer;Kollision;Unusual Operational Situations;Miscellaneous Causes;EinzelneWagen, EinzelneWagen;7888.709814233607;Nicht Signifikant;False
3609;0990NL211;1990;9;29;8400.0;8400.0;1000.0;7400.0;0;0;0;0;0;0;0;0;6.940339448159618;5;0;29;0;0;3;1525.9530698058484;01;6;1;Depot;H313;81;Warm (20° bis 31,99° C);Tag;Wolkig;Arkansas;Herbst;Entgleisung;General Switching Rules;Human Factors;EinzelneWagen, EinzelneWagen;7125.286283823903;Nicht Signifikant;False
3610;0990PL201;1990;9;1;23636.0;23636.0;300.0;23336.0;2;0;0;0;0;0;0;0;3.9542723449729715;17;1;35;0;0;2;2056.0117799071986;01;6;1;Depot;H306;75;Warm (20° bis 31,99° C);Morgendämmerung;Klar;Texas;Sommer;Entgleisung;General Switching Rules;Human Factors;EinzelneWagen, Güterzug;20049.198405293067;Nicht Signifikant;False
3611;0991;1991;8;19;21500.0;21500.0;0.0;21500.0;1;0;0;2;0;0;0;0;19.879963561968417;3;0;2;0;0;0;471.94504119242333;02;5;2;Hauptstrecke;H205;81;Warm (20° bis 31,99° C);Tag;Klar;Oklahoma;Sommer;Kollision;Flagging, Fixed, Hand and Radio Signals;Human Factors;EinzelneWagen, Güterzug;18237.339893120705;Signifikant;False
3612;099103005;1991;9;5;14100.0;14100.0;0.0;14100.0;5;0;0;0;0;0;0;0;34.81029907790165;5;0;89;0;0;0;5004.0;05;4;3;Hauptstrecke;M599;86;Warm (20° bis 31,99° C);Tag;Wolkig;Georgia;Sommer;Kollision;Other Miscellaneous;Miscellaneous Causes;Arbeitszug, Güterzug;11960.301976418696;Nicht Signifikant;False
3613;099105020;1991;9;19;11770.0;11770.0;0.0;11770.0;2;0;0;0;0;0;0;0;5.0;37;2;1;0;0;0;4348.46914697185;04;7;1;Depot;H025;80;Warm (20° bis 31,99° C);Abend;Klar;North Carolina;Sommer;Kollision;Brakes, Use of;Human Factors;Depot/Rangieren, Depot/Rangieren;9983.883281024684;Nicht Signifikant;False
3614;099111;1999;11;9;58500.0;58500.0;6000.0;52500.0;3;0;0;0;0;0;0;0;3.9542723449729715;44;1;66;0;0;3;918.0138636476661;04;6;1;Depot;H702;62;Moderat (0° bis 19,99° C);Abend;Wolkig;Ohio;Herbst;Kollision;Switches, Use of;Human Factors;EinzelneWagen, Güterzug;56120.491174213355;Nicht Signifikant;False
3615;099140;1999;11;13;17500.0;17500.0;500.0;17000.0;4;1;0;0;0;0;0;0;5.944983747097401;96;2;30;0;0;0;9974.0;01;1;1;Depot;H702;66;Moderat (0° bis 19,99° C);Abend;Klar;Missouri;Herbst;Entgleisung;Switches, Use of;Human Factors;Güterzug, Güterzug;16980.948992463695;Nicht Signifikant;False
3616;099143;1999;11;14;13500.0;13500.0;0.0;13500.0;3;0;0;0;0;0;0;0;3.9542723449729715;88;0;75;0;0;0;11705.971960749004;04;6;1;Depot;H307;75;Warm (20° bis 31,99° C);Tag;Klar;Tennessee;Herbst;Kollision;General Switching Rules;Human Factors;EinzelneWagen, Güterzug;13102.555807182142;Nicht Signifikant;False
3617;099174;1999;11;16;7050.0;7050.0;0.0;7050.0;5;0;0;0;0;0;0;0;2.0;67;0;53;0;0;0;8404.978433085815;04;7;1;Depot;H306;50;Moderat (0° bis 19,99° C);Tag;Klar;Indiana;Herbst;Kollision;General Switching Rules;Human Factors;Depot/Rangieren, Güterzug;6820.820433436532;Nicht Signifikant;False
3618;099195;1999;11;19;7975.0;7975.0;1500.0;6475.0;3;0;0;0;0;0;0;0;2.0;14;0;15;0;0;3;2123.5201476153366;01;7;1;Depot;H020;45;Moderat (0° bis 19,99° C);Abend;Wolkig;Ohio;Herbst;Entgleisung;Brakes, Use of;Human Factors;Depot/Rangieren, EinzelneWagen;7758.536822648117;Nicht Signifikant;False
3619;0991RR014;1991;9;21;89000.0;89000.0;0.0;89000.0;5;0;0;3;0;0;0;0;25.852097768341707;71;0;130;0;0;1;13575.0;04;1;4;Hauptstrecke;S005;50;Moderat (0° bis 19,99° C);Tag;Klar;Texas;Sommer;Kollision;SIGNAL AND COMMUNICATION;Signal and Communication;Güterzug, Güterzug;75494.1046738485;Signifikant;False
3620;0991UT016;1991;9;14;71500.0;71500.0;0.0;71500.0;1;1;0;2;0;0;0;0;34.81029907790165;22;4;6;0;0;4;1670.4100272917722;02;6;1;Depot;H603;70;Warm (20° bis 31,99° C);Tag;Klar;Utah;Sommer;Kollision;Speed;Human Factors;EinzelneWagen, Güterzug;60649.75824921537;Signifikant;True
3621;0992017;1992;8;26;150700.0;150700.0;0.0;150700.0;3;0;0;0;0;0;0;0;3.9542723449729715;0;0;0;3;0;0;127.5942293842565;02;2;1;Depot;H999;73;Warm (20° bis 31,99° C);Tag;Klar;Pennsylvania;Sommer;Kollision;Miscellaneous;Human Factors;Personenzug, Personenzug;127831.02892526932;Nicht Signifikant;False
3622;099230;1999;11;23;13600.0;13600.0;5800.0;7800.0;9;0;0;0;0;0;0;0;8.931050850284048;117;1;13;0;0;0;13794.810990846578;01;7;1;Depot;H525;54;Moderat (0° bis 19,99° C);Abend;Klar;Illinois;Herbst;Entgleisung;Train Handling/Train Makeup;Human Factors;Depot/Rangieren, Lokomotive;13184.682501211826;Nicht Signifikant;False
3623;099245;1999;11;23;17600.0;17600.0;500.0;17100.0;2;0;0;0;0;0;0;0;7.935695149221832;24;0;3;0;0;3;6319.949369825404;01;6;1;Depot;T311;43;Moderat (0° bis 19,99° C);Abend;Wolkig;Indiana;Herbst;Entgleisung;Frogs, Switches and Track Appliances;Track, Roadbed and Structures;EinzelneWagen, Güterzug;17062.530295685894;Nicht Signifikant;False
3624;0992AR006;1992;9;16;11600.0;11600.0;0.0;11600.0;2;0;0;0;0;0;0;0;3.9542723449729715;30;0;18;0;0;3;4034.9781707164375;01;7;2;Depot;H020;85;Warm (20° bis 31,99° C);Tag;Klar;Tennessee;Sommer;Entgleisung;Brakes, Use of;Human Factors;Depot/Rangieren, EinzelneWagen;9839.681058613962;Nicht Signifikant;False
3625;0992CR006;1992;9;5;6850.0;6850.0;3600.0;3250.0;3;0;0;0;0;0;0;0;3.9542723449729715;134;4;0;0;0;0;12571.08787934163;01;6;1;Depot;T199;70;Warm (20° bis 31,99° C);Tag;Wolkig;Oregon;Sommer;Entgleisung;Track Geometry;Track, Roadbed and Structures;EinzelneWagen, Güterzug;5810.501314784969;Nicht Signifikant;False
3626;0992FR013;1992;9;19;34900.0;34900.0;3000.0;31900.0;3;0;0;1;0;0;0;0;6.5;38;0;30;0;0;2;3613.242349159802;03;6;2;Nebenstrecke;H499;72;Warm (20° bis 31,99° C);Abend;Klar;Utah;Sommer;Kollision;Main Track Authority;Human Factors;EinzelneWagen, Güterzug;29603.868012554074;Signifikant;False
3627;0992ID009;1992;9;9;20000.0;20000.0;0.0;20000.0;3;0;0;0;0;0;0;0;9.926406551346263;1;1;16;0;0;2;800.1828839488029;01;6;2;Hauptstrecke;H302;65;Moderat (0° bis 19,99° C);Abend;Klar;Idaho;Sommer;Entgleisung;General Switching Rules;Human Factors;EinzelneWagen, Güterzug;16964.967342437863;Nicht Signifikant;False
3628;0992ID019;1992;9;15;12900.0;12900.0;0.0;12900.0;2;0;0;0;0;0;0;0;1.9635609428485408;23;1;0;0;0;0;2705.8097523534298;01;7;4;Depot;M407;60;Moderat (0° bis 19,99° C);Abend;Klar;Idaho;Sommer;Entgleisung;Unusual Operational Situations;Miscellaneous Causes;Depot/Rangieren, EinzelneWagen;10942.403935872422;Nicht Signifikant;False
3629;0992NE015;1992;9;15;30000.0;30000.0;0.0;30000.0;2;0;0;0;0;0;0;0;17.889252159843984;11;1;26;0;0;0;2132.3273234880267;01;6;3;Hauptstrecke;H210;95;Heiß (>= 32° C);Tag;Klar;Nebraska;Sommer;Entgleisung;Flagging, Fixed, Hand and Radio Signals;Human Factors;EinzelneWagen, Lokomotive;25447.4510136568;Nicht Signifikant;False
3630;0992RR025;1992;9;17;48550.0;48550.0;0.0;48550.0;2;0;0;0;0;0;0;0;9.5;37;1;47;0;0;0;4799.256439118408;01;5;1;Depot;E08C;68;Warm (20° bis 31,99° C);Abend;Wolkig;Texas;Sommer;Entgleisung;Brakes;Mechanical and Electrical Failures;EinzelneWagen, Güterzug;41182.45822376792;Nicht Signifikant;False
3631;0992VB012;1992;9;27;171089.0;171089.0;5000.0;166089.0;5;0;0;0;0;0;0;0;22.0;34;0;204;0;0;5;10474.0;03;1;4;Hauptstrecke;H699;60;Moderat (0° bis 19,99° C);Abend;Klar;Kansas;Herbst;Kollision;Speed;Human Factors;Güterzug, Güterzug;145125.96488251758;Nicht Signifikant;False
3632;099378;2012;4;15;90700.0;90700.0;700.0;90000.0;2;0;0;0;0;0;0;0;1.5;53;0;57;0;0;5;7841.769002356745;01;7;1;Depot;M411;58;Moderat (0° bis 19,99° C);Abend;Klar;Indiana;Frühling;Entgleisung;Unusual Operational Situations;Miscellaneous Causes;Depot/Rangieren, Depot/Rangieren;69420.34901520563;Nicht Signifikant;False
3633;0993HO017;1993;9;18;611793.0;611793.0;134373.0;477420.0;4;4;1;3;0;0;0;0;18.0;126;6;12;0;0;3;16628.54382109189;01;6;1;Industriestrecke;H025;0;Kalt (-30° - 0,01° C);Abend;Klar;Texas;Sommer;Entgleisung;Brakes, Use of;Human Factors;EinzelneWagen, Güterzug;518952.4132666044;Schwer;True
3634;0993LU014;1993;9;11;88700.0;88700.0;200.0;88500.0;2;0;0;0;0;0;0;0;6.0;25;0;60;0;0;1;4777.0;04;7;1;Depot;H307;71;Warm (20° bis 31,99° C);Abend;Nebel;Louisiana;Sommer;Kollision;General Switching Rules;Human Factors;Depot/Rangieren, Depot/Rangieren;75239.63016371193;Nicht Signifikant;False
3635;0993RR007;1993;9;20;7341.0;7341.0;0.0;7341.0;2;0;0;0;0;0;0;0;2.0;4;0;4;0;0;0;646.5952861436587;04;6;1;Depot;H307;75;Warm (20° bis 31,99° C);Abend;Klar;Louisiana;Sommer;Kollision;General Switching Rules;Human Factors;EinzelneWagen, Lokomotive;6226.9912630418185;Nicht Signifikant;False
3636;0993UT003;1993;9;2;21700.0;21700.0;1500.0;20200.0;1;0;0;0;0;0;0;0;4.949628046035187;10;0;10;0;0;2;1514.7783638239537;01;7;2;Depot;H399;78;Warm (20° bis 31,99° C);Tag;Klar;Utah;Sommer;Entgleisung;General Switching Rules;Human Factors;Depot/Rangieren, EinzelneWagen;18406.989566545082;Nicht Signifikant;False
3637;099423001;1994;9;2;32900.0;32900.0;0.0;32900.0;3;0;0;0;0;0;0;0;5.0;44;0;81;0;0;0;7257.0;04;1;1;Depot;H702;64;Moderat (0° bis 19,99° C);Abend;Klar;Michigan;Sommer;Kollision;Switches, Use of;Human Factors;Güterzug, Güterzug;27907.37127831029;Nicht Signifikant;False
3638;099438;1999;12;13;17035.0;17035.0;60.0;16975.0;1;0;0;0;0;0;0;0;1.9635609428485408;25;0;27;0;0;5;3743.1688092078552;04;7;1;Depot;E39C;37;Moderat (0° bis 19,99° C);Abend;Wolkig;Virginia;Herbst;Kollision;Coupler and Draft System;Mechanical and Electrical Failures;Depot/Rangieren, EinzelneWagen;16819.707740916274;Nicht Signifikant;False
3639;0994HO027;1994;9;28;32500.0;32500.0;5000.0;27500.0;5;0;0;0;0;0;0;0;7.935695149221832;136;5;39;0;0;0;17674.0;04;7;2;Depot;T199;84;Warm (20° bis 31,99° C);Abend;Klar;Louisiana;Herbst;Kollision;Track Geometry;Track, Roadbed and Structures;Depot/Rangieren, Güterzug;27568.07193146153;Nicht Signifikant;False
3640;0994VB004;1994;9;2;11750.0;11750.0;2000.0;9750.0;2;0;0;0;0;0;0;0;5.944983747097401;48;2;21;0;0;8;5329.126076725268;01;7;1;Depot;T221;67;Moderat (0° bis 19,99° C);Abend;Wolkig;Kansas;Sommer;Entgleisung;Rail, Joint Bar and Rail Anchoring;Track, Roadbed and Structures;Depot/Rangieren, EinzelneWagen;9966.918313682245;Nicht Signifikant;False
3641;099501016;1995;9;23;21100.0;21100.0;0.0;21100.0;6;0;0;1;0;0;0;0;14.0;50;1;14;0;0;0;6712.677096237628;03;1;4;Hauptstrecke;H215;64;Moderat (0° bis 19,99° C);Tag;Wolkig;Georgia;Herbst;Kollision;Flagging, Fixed, Hand and Radio Signals;Human Factors;Güterzug, Güterzug;17898.040546271946;Signifikant;False
3642;099503005;1995;9;14;121050.0;121050.0;2000.0;119050.0;4;1;0;0;0;0;0;0;6.0;156;4;0;0;0;0;17115.0;04;1;1;Depot;H307;76;Warm (20° bis 31,99° C);Tag;Wolkig;Kentucky;Sommer;Kollision;General Switching Rules;Human Factors;Güterzug, Güterzug;102680.46484010518;Nicht Signifikant;False
3643;099505001;1995;9;4;79900.0;79900.0;0.0;79900.0;2;0;0;0;0;0;0;0;5.0;47;1;48;0;0;1;6898.895665802484;04;7;1;Depot;H306;86;Warm (20° bis 31,99° C);Tag;Klar;Virginia;Sommer;Kollision;General Switching Rules;Human Factors;Depot/Rangieren, Depot/Rangieren;67775.04453303927;Nicht Signifikant;False
3644;099505018;1995;9;21;18300.0;18300.0;500.0;17800.0;2;0;0;0;0;0;0;0;4.0;11;0;11;0;0;7;1666.3823716612349;04;7;1;Depot;M599;78;Warm (20° bis 31,99° C);Abend;Wolkig;North Carolina;Sommer;Kollision;Other Miscellaneous;Miscellaneous Causes;Depot/Rangieren, Depot/Rangieren;15522.945118330646;Nicht Signifikant;False
3645;099509009;1995;9;26;27100.0;27100.0;0.0;27100.0;7;1;0;0;0;0;0;0;18.0;20;4;3;0;0;0;2355.3558356996236;04;1;2;Hauptstrecke;H215;60;Moderat (0° bis 19,99° C);Abend;Klar;Tennessee;Herbst;Kollision;Flagging, Fixed, Hand and Radio Signals;Human Factors;Güterzug, Güterzug;22987.53074900331;Nicht Signifikant;False
3646;099528;2012;4;28;84528.0;84528.0;4000.0;80528.0;3;2;0;0;0;0;0;0;5.5;12;0;0;0;0;0;1434.8690415337728;05;7;1;Depot;H516;39;Moderat (0° bis 19,99° C);Abend;Klar;New Jersey;Frühling;Kollision;Train Handling/Train Makeup;Human Factors;Depot/Rangieren, Lokomotive;63920.14519056261;Nicht Signifikant;False
3647;099539;1999;12;21;12000.0;12000.0;0.0;12000.0;6;0;0;0;0;0;0;0;8.0;11;0;18;0;0;0;1869.1470008023057;04;7;1;Depot;M407;48;Moderat (0° bis 19,99° C);Tag;Wolkig;Virginia;Winter;Kollision;Unusual Operational Situations;Miscellaneous Causes;Depot/Rangieren, Depot/Rangieren;11900.03966679889;Nicht Signifikant;False
3648;0995CE004;1995;9;9;13550.0;13550.0;0.0;13550.0;2;0;0;0;0;0;0;0;3.9542723449729715;35;0;36;0;0;0;5034.91967170837;04;6;1;Depot;H021;60;Moderat (0° bis 19,99° C);Abend;Klar;Utah;Sommer;Kollision;Brakes, Use of;Human Factors;EinzelneWagen, Güterzug;11493.765374501654;Nicht Signifikant;False
3649;0995CE010;1995;9;18;153000.0;153000.0;0.0;153000.0;0;0;0;2;0;0;0;0;17.5;0;0;2;0;0;0;130.67276760464793;03;5;5;Hauptstrecke;H402;62;Moderat (0° bis 19,99° C);Tag;Wolkig;Wyoming;Sommer;Kollision;Main Track Authority;Human Factors;EinzelneWagen, EinzelneWagen;129782.00016964966;Signifikant;False