index;INCDTNO;YEAR4;MONTH;DAY;ACCDMG;INFRASTRUCTURE_DMG;TRKDMG;EQPDMG;LOCOMOTIVES1;LOCOMOTIVES2;RREMPKLD;RREMPINJ;PASSKLD;PASSINJ;OTHERKLD;OTHERINJ;SPEED;LOADF1;LOADF2;EMPTYF1;EMPTYP1;LOADP1;EMPTYF2;TONS;TYPE;TYPEQ;TRKCLAS;TYPTRK;ACCAUSE;TEMP;TEMP_CLUSTER;VISIBLTY;WEATHER;STATE;Jahreszeit;ACCIDENT_TYPE;ACCCAUSE_LVL1;ACCCAUSE_LVL2;EQUIPMENT_TYPE;ACCDMG_EUR;ACCTYPE;SPD_TOO_HIGH
3650;0995FW003;1995;9;3;12100.0;12100.0;500.0;11600.0;7;1;0;0;0;0;0;0;4.0;23;2;6;0;0;0;1851.0;04;7;1;Depot;H306;90;Heiß (>= 32° C);Tag;Klar;Texas;Sommer;Kollision;General Switching Rules;Human Factors;Depot/Rangieren, Depot/Rangieren;10263.805242174909;Nicht Signifikant;False
3651;0995IW009;1995;9;21;134562.0;134562.0;0.0;134562.0;3;0;0;0;0;0;0;0;10.5;77;2;0;0;0;0;12754.0;01;1;1;Hauptstrecke;H307;50;Moderat (0° bis 19,99° C);Tag;Wolkig;Iowa;Sommer;Entgleisung;General Switching Rules;Human Factors;Güterzug, Güterzug;114141.9967766562;Nicht Signifikant;True
3652;0995PC009;1995;9;13;44134.0;44134.0;14984.0;29150.0;2;0;0;0;0;0;0;0;1.9635609428485408;46;1;39;0;0;4;6866.123506448616;01;7;1;Depot;H306;85;Warm (20° bis 31,99° C);Tag;Klar;Oregon;Sommer;Entgleisung;General Switching Rules;Human Factors;Depot/Rangieren, EinzelneWagen;37436.59343455764;Nicht Signifikant;False
3653;0995VB001;1995;9;7;15000.0;15000.0;3000.0;12000.0;2;2;0;0;0;0;0;0;3.9542723449729715;58;1;15;0;0;0;7595.956644362224;04;7;1;Depot;H999;70;Warm (20° bis 31,99° C);Abend;Klar;Kansas;Sommer;Kollision;Miscellaneous;Human Factors;Depot/Rangieren, EinzelneWagen;12723.7255068284;Nicht Signifikant;False
3654;099608;1999;12;26;28500.0;28500.0;11000.0;17500.0;1;0;0;0;0;0;0;0;6.940339448159618;42;1;92;0;0;10;7683.070904014343;01;7;2;Depot;E36C;42;Moderat (0° bis 19,99° C);Tag;Klar;Georgia;Winter;Entgleisung;Coupler and Draft System;Mechanical and Electrical Failures;Depot/Rangieren, EinzelneWagen;28115.75139756659;Nicht Signifikant;False
3655;0996NP007;1996;9;29;9750.0;9750.0;250.0;9500.0;5;1;0;0;0;0;0;0;3.0;0;0;0;0;0;0;69.7799471826711;04;8;1;Depot;H207;50;Moderat (0° bis 19,99° C);Morgendämmerung;Wolkig;Nebraska;Herbst;Kollision;Flagging, Fixed, Hand and Radio Signals;Human Factors;Lokomotive, Lokomotive;8270.42157943846;Nicht Signifikant;False
3656;0996VB032;1996;9;9;14544.0;14544.0;0.0;14544.0;1;0;0;0;0;0;0;0;2.0;1;0;4;0;0;2;287.2628286327193;01;7;1;Depot;H020;62;Moderat (0° bis 19,99° C);Abend;Klar;Kansas;Sommer;Entgleisung;Brakes, Use of;Human Factors;Depot/Rangieren, EinzelneWagen;12336.924251420816;Nicht Signifikant;False
3657;099726;2000;1;7;17916.0;17916.0;0.0;17916.0;1;0;0;0;0;0;0;0;1.5;32;0;8;0;0;0;3953.5888138068494;04;7;1;Depot;H020;30;Kalt (-30° - 0,01° C);Tag;Klar;Illinois;Winter;Kollision;Brakes, Use of;Human Factors;Depot/Rangieren, EinzelneWagen;17421.236872812136;Nicht Signifikant;False
3658;0997CE006;1997;9;6;18982.0;18982.0;0.0;18982.0;6;0;0;1;0;0;0;0;4.949628046035187;55;0;83;0;0;0;8940.889973591336;04;1;1;Depot;H307;50;Moderat (0° bis 19,99° C);Abend;Klar;Colorado;Sommer;Kollision;General Switching Rules;Human Factors;Güterzug, Lokomotive;16101.450504707778;Signifikant;False
3659;0997CE015;1997;9;19;28100.0;28100.0;1000.0;27100.0;2;0;0;0;0;0;0;0;1.9635609428485408;29;1;9;0;0;2;3068.150639786345;01;6;1;Depot;M105;50;Moderat (0° bis 19,99° C);Tag;Wolkig;Wyoming;Sommer;Entgleisung;Environmental Conditions;Environmental Conditions;EinzelneWagen, Güterzug;23835.7791161252;Nicht Signifikant;False
3660;0997ET008;1997;9;12;139750.0;139750.0;95000.0;44750.0;5;0;0;0;0;0;0;0;9.926406551346263;64;5;42;0;0;0;4662.639202452849;01;6;4;Hauptstrecke;T212;80;Warm (20° bis 31,99° C);Abend;Klar;Texas;Sommer;Entgleisung;Rail, Joint Bar and Rail Anchoring;Track, Roadbed and Structures;EinzelneWagen, Güterzug;118542.70930528459;Nicht Signifikant;False
3661;0997LK001;1997;9;1;46000.0;46000.0;3500.0;42500.0;4;2;0;0;0;0;0;0;2.0;149;2;60;0;0;0;13573.0;01;7;1;Depot;H307;80;Warm (20° bis 31,99° C);Tag;Wolkig;Arkansas;Sommer;Entgleisung;General Switching Rules;Human Factors;Depot/Rangieren, Güterzug;39019.42488760709;Nicht Signifikant;False
3662;0997PD006;1997;9;4;9000.0;9000.0;500.0;8500.0;4;0;0;0;0;0;0;0;4.949628046035187;7;1;10;0;0;0;822.7205412282917;04;7;1;Depot;H702;70;Warm (20° bis 31,99° C);Tag;Klar;Washington;Sommer;Kollision;Switches, Use of;Human Factors;Depot/Rangieren, Güterzug;7634.235304097039;Nicht Signifikant;False
3663;099810;2000;1;14;7560.0;7560.0;40.0;7520.0;7;0;0;0;0;0;0;0;4.5;34;0;71;0;0;2;5760.0;01;1;1;Depot;H702;40;Moderat (0° bis 19,99° C);Tag;Klar;Indiana;Winter;Entgleisung;Switches, Use of;Human Factors;Güterzug, Güterzug;7393.643031784842;Nicht Signifikant;False
3664;099822028;1998;9;25;6625.0;6625.0;0.0;6625.0;4;0;0;0;0;0;0;0;5.0;112;0;102;0;0;0;13252.072667990218;05;1;1;Depot;H702;78;Warm (20° bis 31,99° C);Tag;Wolkig;Maryland;Herbst;Kollision;Switches, Use of;Human Factors;Güterzug, Güterzug;5619.645432182543;Nicht Signifikant;False
3665;099823037;1998;9;30;24749.0;24749.0;500.0;24249.0;5;1;0;0;0;0;0;0;2.0;0;0;250;0;0;9;7729.592785095772;05;7;1;Depot;H401;62;Moderat (0° bis 19,99° C);Morgendämmerung;Klar;Ohio;Herbst;Kollision;Main Track Authority;Human Factors;Depot/Rangieren, Depot/Rangieren, Depot/Rangieren;20993.298837899736;Nicht Signifikant;False
3666;099869;2000;1;19;33750.0;33750.0;3000.0;30750.0;3;0;0;0;0;0;0;0;7.5;48;5;68;0;0;1;7700.017458542765;04;7;1;Depot;H702;30;Kalt (-30° - 0,01° C);Tag;Wolkig;Indiana;Winter;Kollision;Switches, Use of;Human Factors;Depot/Rangieren, Depot/Rangieren;33399.30727362692;Nicht Signifikant;False
3667;0998FW013;1998;9;16;14973.0;14973.0;750.0;14223.0;2;0;0;0;0;0;0;0;3.9542723449729715;29;13;11;0;0;5;3199.9658716936074;04;7;1;Depot;H312;78;Warm (20° bis 31,99° C);Tag;Klar;Texas;Sommer;Kollision;General Switching Rules;Human Factors;Depot/Rangieren, EinzelneWagen;12700.822800916108;Nicht Signifikant;False
3668;0998KC007;1998;9;29;205940.0;205940.0;9803.0;196137.0;5;0;0;0;0;0;0;0;3.5;31;0;72;0;0;8;6012.0;04;7;1;Nebenstrecke;H306;70;Warm (20° bis 31,99° C);Abend;Regen;Kansas;Herbst;Kollision;General Switching Rules;Human Factors;Depot/Rangieren, Depot/Rangieren;174688.2687250827;Signifikant;False
3669;0998KC011;1998;9;28;164448.0;164448.0;2000.0;162448.0;5;0;0;0;0;0;0;0;5.944983747097401;130;13;75;0;0;0;20634.0;01;1;1;Depot;T210;88;Warm (20° bis 31,99° C);Tag;Wolkig;Kansas;Herbst;Entgleisung;Rail, Joint Bar and Rail Anchoring;Track, Roadbed and Structures;Güterzug, Güterzug;139492.7474764611;Nicht Signifikant;False
3670;0998LK003;1998;9;3;9519.0;9519.0;0.0;9519.0;1;0;0;0;0;0;0;0;3.9542723449729715;33;0;36;0;0;2;4922.805793482597;04;7;1;Depot;H306;83;Warm (20° bis 31,99° C);Abend;Klar;Arkansas;Sommer;Kollision;General Switching Rules;Human Factors;Depot/Rangieren, EinzelneWagen;8074.476206633301;Nicht Signifikant;False
3671;0998LK009;1998;9;11;17451.0;17451.0;0.0;17451.0;4;0;0;2;0;0;0;0;4.0;10;0;11;0;0;0;1542.2647047961284;04;7;1;Depot;H702;78;Warm (20° bis 31,99° C);Abend;Regen;Arkansas;Sommer;Kollision;Switches, Use of;Human Factors;Depot/Rangieren, Lokomotive;14802.782254644158;Signifikant;False
3672;099901001;1999;9;2;86468.0;86468.0;1500.0;84968.0;5;0;0;1;0;0;0;0;5.0;97;6;21;0;0;0;11861.278986938381;04;7;1;Depot;H401;90;Heiß (>= 32° C);Tag;Klar;Alabama;Sommer;Kollision;Main Track Authority;Human Factors;Depot/Rangieren, Depot/Rangieren;81099.23091352466;Signifikant;False
3673;099922038;1999;9;20;1673310.0;1673310.0;0.0;805314.0;4;0;0;0;0;0;0;0;42.0;85;5;22;0;0;2;10509.987331039267;03;2;3;Hauptstrecke;H215;70;Warm (20° bis 31,99° C);Tag;Klar;Maryland;Sommer;Kollision;Flagging, Fixed, Hand and Radio Signals;Human Factors;Personenzug, Personenzug;1608024.2167980012;Signifikant;False
3674;099948;2000;1;23;10200.0;10200.0;0.0;10200.0;3;0;0;0;0;0;0;0;6.5;37;1;56;0;0;0;6441.857418923349;04;7;1;Depot;H306;30;Kalt (-30° - 0,01° C);Tag;Wolkig;Ohio;Winter;Kollision;General Switching Rules;Human Factors;Depot/Rangieren, Güterzug;10148.917117176878;Nicht Signifikant;False
3675;0999PD007;1999;9;8;17304.0;17304.0;100.0;17204.0;4;0;0;0;0;0;0;0;3.5;33;0;45;0;0;1;5771.0;04;7;1;Depot;H306;80;Warm (20° bis 31,99° C);Tag;Klar;Oregon;Sommer;Kollision;General Switching Rules;Human Factors;Depot/Rangieren, Depot/Rangieren;16304.53217751814;Nicht Signifikant;False
3676;0999WH012;1999;9;17;8847.0;8847.0;2000.0;6847.0;1;0;0;0;0;0;0;0;4.949628046035187;87;6;13;0;0;4;10771.971405574935;01;7;1;Depot;H601;80;Warm (20° bis 31,99° C);Abend;Wolkig;Kansas;Sommer;Entgleisung;Speed;Human Factors;Depot/Rangieren, EinzelneWagen;8509.185341925555;Nicht Signifikant;False
3677;0AX257;1993;7;7;126400.0;126400.0;8600.0;117800.0;3;1;0;1;0;0;0;0;13.93236050514637;9;0;140;0;0;6;5399.864378792153;04;4;1;Depot;M505;80;Warm (20° bis 31,99° C);Tag;Klar;Michigan;Sommer;Kollision;Other Miscellaneous;Miscellaneous Causes;Arbeitszug, Depot/Rangieren, Güterzug;107218.5936042073;Signifikant;True
3678;1;1985;7;7;22000.0;22000.0;0.0;22000.0;1;0;0;0;0;0;0;0;4.949628046035187;0;0;1;0;0;0;100.22635739365951;02;5;2;Depot;M599;80;Warm (20° bis 31,99° C);Tag;Klar;Illinois;Sommer;Kollision;Other Miscellaneous;Miscellaneous Causes;EinzelneWagen, Lokomotive;18661.464076681652;Nicht Signifikant;False
3679;100007022;2000;10;26;9943.0;9943.0;3100.0;6843.0;2;0;0;0;0;0;0;0;7.0;2;1;4;0;0;4;444.6096165605829;04;7;1;Depot;H403;55;Moderat (0° bis 19,99° C);Abend;Klar;Kentucky;Herbst;Kollision;Main Track Authority;Human Factors;Depot/Rangieren, Depot/Rangieren;12049.20019389239;Nicht Signifikant;False
3680;10001;1992;6;13;7100.0;7100.0;0.0;7100.0;3;0;0;0;0;0;0;0;4.949628046035187;0;0;13;0;0;1;467.0633145449274;04;6;1;Nebenstrecke;M503;75;Warm (20° bis 31,99° C);Abend;Klar;Pennsylvania;Frühling;Kollision;Other Miscellaneous;Miscellaneous Causes;EinzelneWagen, Lokomotive;6022.563406565442;Nicht Signifikant;False
3681;10001;1993;8;23;50200.0;50200.0;17500.0;32700.0;3;0;0;0;0;0;0;0;6.940339448159618;152;6;0;0;0;0;19868.038785337678;04;1;1;Depot;H306;70;Warm (20° bis 31,99° C);Abend;Klar;Delaware;Sommer;Kollision;General Switching Rules;Human Factors;Güterzug, Güterzug;42582.06802951904;Nicht Signifikant;False
3682;10001;1993;9;8;8050.0;8050.0;250.0;7800.0;1;0;0;0;0;0;0;0;9.926406551346263;0;0;30;0;0;1;984.6522881317305;04;7;1;Depot;H999;70;Warm (20° bis 31,99° C);Tag;Regen;Pennsylvania;Sommer;Kollision;Miscellaneous;Human Factors;Depot/Rangieren, EinzelneWagen;6828.39935533124;Nicht Signifikant;False
3683;10001;1994;2;13;8300.0;8300.0;2300.0;6000.0;2;0;0;0;0;0;0;0;2.958916643910756;30;3;0;0;0;0;3541.329806053866;04;7;2;Depot;H307;22;Kalt (-30° - 0,01° C);Tag;Nebel;New Jersey;Winter;Kollision;General Switching Rules;Human Factors;Depot/Rangieren, EinzelneWagen;7040.461447111714;Nicht Signifikant;False
3684;10001;1994;12;13;6560.0;6560.0;0.0;6560.0;2;0;0;0;0;0;0;0;3.9542723449729715;80;0;0;0;0;0;9170.37390952335;09;6;1;Depot;H599;40;Moderat (0° bis 19,99° C);Abend;Klar;Delaware;Herbst;Kollision;Train Handling/Train Makeup;Human Factors;EinzelneWagen, Lokomotive;5564.509288319619;Nicht Signifikant;False
3685;1000152790;2014;12;13;58540.0;58540.0;540.0;58000.0;1;0;0;0;0;0;0;0;4.0;5;1;1;0;0;0;718.2564391184076;01;7;1;Industriestrecke;H020;28;Kalt (-30° - 0,01° C);Abend;Klar;New York;Herbst;Entgleisung;Brakes, Use of;Human Factors;Depot/Rangieren, EinzelneWagen;47050.31345442855;Nicht Signifikant;False
3686;10002;1994;5;3;21200.0;21200.0;0.0;21200.0;1;0;0;0;0;0;0;0;3.9542723449729715;5;0;15;0;0;4;837.2628286327192;04;7;1;Nebenstrecke;H999;45;Moderat (0° bis 19,99° C);Tag;Klar;New Jersey;Frühling;Kollision;Miscellaneous;Human Factors;Depot/Rangieren, EinzelneWagen;17982.865382984135;Nicht Signifikant;False
3687;10002;1994;7;7;10000.0;10000.0;0.0;10000.0;0;0;0;1;0;0;0;0;14.903185056657339;0;0;2;0;0;0;130.67276760464793;03;5;1;Hauptstrecke;H025;75;Warm (20° bis 31,99° C);Tag;Klar;Pennsylvania;Sommer;Kollision;Brakes, Use of;Human Factors;EinzelneWagen, EinzelneWagen;8482.483671218932;Signifikant;True
3688;10002;1995;10;17;17500.0;17500.0;2500.0;15000.0;3;0;0;0;0;0;0;0;7.5;76;4;33;0;0;5;11066.0;05;7;1;Depot;H702;55;Moderat (0° bis 19,99° C);Abend;Klar;New Jersey;Herbst;Kollision;Switches, Use of;Human Factors;Depot/Rangieren, Güterzug;14844.346424633131;Nicht Signifikant;False
3689;100027001;2000;10;14;98700.0;98700.0;1500.0;97200.0;3;1;0;1;0;0;0;0;12.0;37;0;22;0;0;0;2360.0;05;1;2;Hauptstrecke;H404;32;Moderat (0° bis 19,99° C);Morgendämmerung;Klar;Ohio;Herbst;Kollision;Main Track Authority;Human Factors;Güterzug, Güterzug;114923.34562390839;Signifikant;False
3690;10003;1994;10;31;23800.0;23800.0;600.0;23200.0;2;0;0;0;0;0;0;0;2.958916643910756;25;2;42;0;0;1;4418.895766325818;01;7;1;Depot;H301;60;Moderat (0° bis 19,99° C);Tag;Klar;Pennsylvania;Herbst;Entgleisung;General Switching Rules;Human Factors;Depot/Rangieren, EinzelneWagen;20188.31113750106;Nicht Signifikant;False
3691;100030008;2000;10;10;33900.0;33900.0;0.0;33900.0;12;0;0;0;0;0;0;0;6.0;140;0;40;0;0;0;16206.837894859196;04;7;1;Depot;H306;48;Moderat (0° bis 19,99° C);Tag;Klar;Massachusetts;Herbst;Kollision;General Switching Rules;Human Factors;Depot/Rangieren, Güterzug;38871.68902648779;Nicht Signifikant;False
3692;100031011;2000;10;11;155676.0;155676.0;426.0;155250.0;10;6;0;2;0;0;0;0;14.0;0;0;0;0;0;0;69.7799471826711;04;8;2;Depot;H017;38;Moderat (0° bis 19,99° C);Abend;Klar;Ohio;Herbst;Kollision;Brakes, Use of;Human Factors;Lokomotive, Lokomotive;178527.52293577982;Signifikant;False
3693;100033010;2000;10;11;21535.0;21535.0;0.0;21535.0;1;0;0;0;0;0;0;0;10.0;36;1;33;0;0;0;5189.387808196408;04;7;1;Depot;H313;50;Moderat (0° bis 19,99° C);Abend;Klar;Maryland;Herbst;Kollision;General Switching Rules;Human Factors;Depot/Rangieren, EinzelneWagen;24696.10091743119;Nicht Signifikant;False
3694;10004;1994;1;31;42040.0;42040.0;15000.0;27040.0;1;1;0;0;0;0;0;0;4.932837394713582;52;9;0;0;0;0;5652.954353923714;02;6;1;Depot;H601;25;Kalt (-30° - 0,01° C);Tag;Klar;New Jersey;Winter;Kollision;Speed;Human Factors;EinzelneWagen, EinzelneWagen, Güterzug;35660.361353804394;Nicht Signifikant;False
3695;10004;1996;3;22;17000.0;17000.0;1000.0;16000.0;2;0;0;0;0;0;0;0;4.0;3;3;0;0;0;0;418.25643911840757;04;5;1;Depot;H999;40;Moderat (0° bis 19,99° C);Tag;Klar;New Jersey;Frühling;Kollision;Miscellaneous;Human Factors;EinzelneWagen, Güterzug;14420.222241072186;Nicht Signifikant;False
3696;1000438442;2016;8;19;371040.0;371040.0;271280.0;99760.0;3;0;0;0;0;0;0;0;3.9390297932972955;21;3;35;0;0;10;3632.8276624605387;01;7;2;Depot;H523;65;Moderat (0° bis 19,99° C);Morgendämmerung;Wolkig;Minnesota;Sommer;Entgleisung;Train Handling/Train Makeup;Human Factors;Depot/Rangieren, EinzelneWagen, EinzelneWagen;327600.2119018188;Signifikant;False
3697;1000457040;2016;10;5;12747.0;12747.0;0.0;12747.0;2;0;0;0;0;0;0;0;12.91247365453291;81;0;1;0;0;0;11141.336383802323;09;1;4;Hauptstrecke;H993;70;Warm (20° bis 31,99° C);Tag;Klar;Wisconsion;Herbst;Kollision;Miscellaneous;Human Factors;Güterzug, Wartungszug;11370.08295424137;Nicht Signifikant;False
3698;1000643744;2017;10;28;97420.0;97420.0;350.0;97070.0;2;0;0;0;0;0;0;0;3.0;99;2;0;0;0;0;13022.0;04;7;1;Industriestrecke;H018;34;Moderat (0° bis 19,99° C);Abend;Wolkig;Wisconsion;Herbst;Kollision;Brakes, Use of;Human Factors;Depot/Rangieren, EinzelneWagen;83929.6996151858;Nicht Signifikant;False
3699;1000787;2019;5;13;14000.0;14000.0;0.0;14000.0;10;1;0;0;0;0;0;0;4.5;0;0;0;0;0;0;69.7799471826711;04;8;1;Depot;H516;55;Moderat (0° bis 19,99° C);Tag;Klar;Indiana;Frühling;Kollision;Train Handling/Train Makeup;Human Factors;Lokomotive, Lokomotive;12449.977767896842;Nicht Signifikant;False
3700;100093;2012;6;12;88500.0;88500.0;51000.0;37500.0;4;0;0;0;0;0;0;0;8.5;21;3;38;0;0;0;3674.4765733080994;04;7;1;Depot;H706;85;Warm (20° bis 31,99° C);Tag;Klar;Georgia;Frühling;Kollision;Switches, Use of;Human Factors;Depot/Rangieren, Depot/Rangieren;70845.34101825168;Nicht Signifikant;False
3701;1000CE012;2000;10;29;35020.0;35020.0;5000.0;30020.0;1;0;0;0;0;0;0;0;4.949628046035187;8;0;65;0;0;2;3299.2628286327194;01;6;1;Depot;H020;52;Moderat (0° bis 19,99° C);Abend;Wolkig;Wyoming;Herbst;Entgleisung;Brakes, Use of;Human Factors;EinzelneWagen, Güterzug;41545.39702625752;Nicht Signifikant;False
3702;1000ET021;2000;10;20;58320.0;58320.0;0.0;58320.0;4;0;0;1;0;0;0;0;24.856742067279495;67;0;148;0;0;2;12565.0;03;1;4;Hauptstrecke;H403;75;Warm (20° bis 31,99° C);Tag;Klar;Louisiana;Herbst;Kollision;Main Track Authority;Human Factors;Güterzug, Güterzug;69001.41978230006;Signifikant;False
3703;1000LA031;2000;10;29;24758.0;24758.0;0.0;24758.0;3;3;0;0;0;0;0;0;8.0;4;0;0;0;0;0;844.8899735913355;04;7;1;Depot;H306;65;Moderat (0° bis 19,99° C);Abend;Regen;Kalifornien;Herbst;Kollision;General Switching Rules;Human Factors;Depot/Rangieren, Lokomotive;29371.24327744385;Nicht Signifikant;False
3704;1000LK016;2000;10;10;17106.0;17106.0;670.0;16436.0;4;0;0;0;0;0;0;0;3.0;25;1;25;0;0;0;8134.0;04;7;1;Depot;H305;45;Moderat (0° bis 19,99° C);Abend;Wolkig;Arkansas;Herbst;Kollision;General Switching Rules;Human Factors;Depot/Rangieren, Depot/Rangieren;19614.723082215343;Nicht Signifikant;False
3705;1000LV005;2000;10;5;7890.0;7890.0;0.0;7890.0;2;0;0;0;0;0;0;0;7.935695149221832;71;0;47;0;0;1;9618.897165305658;01;6;4;Hauptstrecke;H601;86;Warm (20° bis 31,99° C);Tag;Wolkig;Louisiana;Herbst;Entgleisung;Speed;Human Factors;EinzelneWagen, Güterzug;8980.19576599135;Nicht Signifikant;False
3706;1000NP006;2000;10;8;32801.0;32801.0;0.0;32801.0;4;0;0;0;0;0;0;0;5.0;5;0;5;0;0;2;750.0;04;7;1;Depot;H702;56;Moderat (0° bis 19,99° C);Tag;Klar;Nebraska;Herbst;Kollision;Switches, Use of;Human Factors;Depot/Rangieren, Depot/Rangieren;37712.41329092094;Nicht Signifikant;False
3707;1000PD026;2000;10;22;118211.0;118211.0;4138.0;114073.0;6;0;0;0;0;0;0;0;3.9390297932972955;72;1;95;0;0;9;12135.191945296145;01;7;2;Depot;T221;40;Moderat (0° bis 19,99° C);Abend;Wolkig;Idaho;Herbst;Entgleisung;Rail, Joint Bar and Rail Anchoring;Track, Roadbed and Structures;Depot/Rangieren, EinzelneWagen, Güterzug;140693.88240895025;Nicht Signifikant;False
3708;1000PD033;2000;10;29;14011.0;14011.0;9500.0;4511.0;2;0;0;0;0;0;0;0;7.935695149221832;0;0;39;0;0;10;1209.3540757012197;01;6;1;Depot;T221;42;Moderat (0° bis 19,99° C);Abenddämmerung;Wolkig;Oregon;Herbst;Entgleisung;Rail, Joint Bar and Rail Anchoring;Track, Roadbed and Structures;EinzelneWagen, Güterzug;16621.717810819362;Nicht Signifikant;False
3709;100101029;2001;10;17;8118.0;8118.0;200.0;7918.0;4;1;0;0;0;0;0;0;5.0;0;0;15;0;0;0;395.33638380232395;04;1;1;Depot;H401;60;Moderat (0° bis 19,99° C);Tag;Klar;Alabama;Herbst;Kollision;Main Track Authority;Human Factors;Güterzug, Güterzug;8998.004876967412;Nicht Signifikant;False
3710;100104004;2001;10;4;79688.0;79688.0;0.0;78688.0;3;0;0;0;0;0;0;0;4.0;4;2;95;0;0;4;2762.4048226498526;04;6;1;Hauptstrecke;M502;43;Moderat (0° bis 19,99° C);Abend;Klar;Kentucky;Herbst;Kollision;Other Miscellaneous;Miscellaneous Causes;EinzelneWagen, Güterzug;87405.94493802787;Nicht Signifikant;False
3711;100105023;2001;10;18;78781.0;78781.0;4000.0;74781.0;5;3;0;0;0;0;0;0;10.0;94;3;58;0;0;0;12587.696768163736;05;7;1;Depot;E30C;50;Moderat (0° bis 19,99° C);Abend;Klar;South Carolina;Herbst;Kollision;Coupler and Draft System;Mechanical and Electrical Failures;Depot/Rangieren, Güterzug;87282.2955905163;Nicht Signifikant;False
3712;100107008;2001;10;5;12513.0;12513.0;200.0;12313.0;0;0;0;0;0;0;0;0;3.0;24;0;2;0;0;1;2862.330990926258;04;5;1;Depot;M407;60;Moderat (0° bis 19,99° C);Tag;Klar;Ohio;Herbst;Kollision;Unusual Operational Situations;Miscellaneous Causes;EinzelneWagen, EinzelneWagen;13639.633747547417;Nicht Signifikant;False
3713;1001224080;2020;4;26;930439.0;930439.0;65394.0;865045.0;2;0;0;0;0;0;0;0;49.740634593834876;104;20;118;0;0;12;18150.0;01;6;2;Nebenstrecke;T001;44;Moderat (0° bis 19,99° C);Morgendämmerung;Nebel;North Dakota;Frühling;Entgleisung;Roadbed;Track, Roadbed and Structures;EinzelneWagen, Güterzug;858761.0755599311;Signifikant;True
3714;100123044;2001;10;31;12918.0;12918.0;300.0;12618.0;1;0;0;0;0;0;0;0;4.0;89;0;123;0;0;3;13943.539290096469;04;7;1;Depot;H401;45;Moderat (0° bis 19,99° C);Abend;Klar;Ohio;Herbst;Kollision;Main Track Authority;Human Factors;Depot/Rangieren, EinzelneWagen;14286.662242866623;Nicht Signifikant;False
3715;100130004;2001;10;3;17633.0;17633.0;1000.0;16633.0;2;0;0;0;0;0;0;0;5.0;81;1;69;0;0;4;10556.999311384105;04;7;1;Depot;H305;68;Warm (20° bis 31,99° C);Tag;Klar;New York;Herbst;Kollision;General Switching Rules;Human Factors;Depot/Rangieren, Güterzug;19147.57302638723;Nicht Signifikant;False
3716;100130006;2001;10;21;26988.0;26988.0;100.0;26888.0;4;0;0;0;0;0;0;0;5.0;45;0;103;0;0;3;8329.28440658933;04;7;1;Depot;M407;52;Moderat (0° bis 19,99° C);Tag;Regen;New York;Herbst;Kollision;Unusual Operational Situations;Miscellaneous Causes;Depot/Rangieren, Depot/Rangieren;30045.645155304857;Nicht Signifikant;False
3717;100131001;2001;10;1;50582.0;50582.0;16000.0;34582.0;0;0;0;0;0;0;0;0;4.0;79;0;36;0;0;5;10160.08742568671;04;6;2;Depot;H702;55;Moderat (0° bis 19,99° C);Tag;Klar;Indiana;Herbst;Kollision;Switches, Use of;Human Factors;EinzelneWagen, EinzelneWagen;55432.32876712329;Nicht Signifikant;False
3718;1001LA015;2001;10;6;13402.0;13402.0;0.0;13402.0;2;0;0;0;0;0;0;0;6.5;1;1;0;0;0;0;154.88997359133555;04;5;1;Depot;M408;65;Moderat (0° bis 19,99° C);Tag;Klar;Kalifornien;Herbst;Kollision;Unusual Operational Situations;Miscellaneous Causes;EinzelneWagen, Lokomotive;14587.475509759815;Nicht Signifikant;False
3719;1001SA013;2001;10;10;10690.0;10690.0;6113.0;4577.0;2;0;0;0;0;0;0;0;2.958916643910756;58;3;0;0;0;0;4116.404822649853;01;7;1;Depot;M405;75;Warm (20° bis 31,99° C);Abend;Wolkig;Texas;Herbst;Entgleisung;Unusual Operational Situations;Miscellaneous Causes;Depot/Rangieren, EinzelneWagen;11700.963222416813;Nicht Signifikant;False
3720;1001WH018;2001;10;25;15281.0;15281.0;0.0;15281.0;2;0;0;0;0;0;0;0;2.958916643910756;46;2;17;0;0;3;5968.226454727072;01;7;1;Depot;H310;64;Moderat (0° bis 19,99° C);Morgendämmerung;Klar;Oklahoma;Herbst;Entgleisung;General Switching Rules;Human Factors;Depot/Rangieren, EinzelneWagen;17190.91011362358;Nicht Signifikant;False
3721;100201004;2002;10;7;14000.0;14000.0;1500.0;12500.0;2;1;0;0;0;0;0;0;2.0;25;0;21;0;0;0;3553.0901748448896;04;7;1;Depot;H401;70;Warm (20° bis 31,99° C);Tag;Wolkig;Alabama;Herbst;Kollision;Main Track Authority;Human Factors;Depot/Rangieren, Depot/Rangieren;14274.061990212072;Nicht Signifikant;False
3722;100205004;2002;10;6;12000.0;12000.0;0.0;12000.0;3;0;0;0;0;0;0;0;3.0;48;0;57;0;0;0;7265.581706613418;04;7;1;Depot;H602;70;Warm (20° bis 31,99° C);Abend;Klar;North Carolina;Herbst;Kollision;Speed;Human Factors;Depot/Rangieren, Güterzug;12211.254706421085;Nicht Signifikant;False