index;INCDTNO;YEAR4;MONTH;DAY;ACCDMG;INFRASTRUCTURE_DMG;TRKDMG;EQPDMG;LOCOMOTIVES1;LOCOMOTIVES2;RREMPKLD;RREMPINJ;PASSKLD;PASSINJ;OTHERKLD;OTHERINJ;SPEED;LOADF1;LOADF2;EMPTYF1;EMPTYP1;LOADP1;EMPTYF2;TONS;TYPE;TYPEQ;TRKCLAS;TYPTRK;ACCAUSE;TEMP;TEMP_CLUSTER;VISIBLTY;WEATHER;STATE;Jahreszeit;ACCIDENT_TYPE;ACCCAUSE_LVL1;ACCCAUSE_LVL2;EQUIPMENT_TYPE;ACCDMG_EUR;ACCTYPE;SPD_TOO_HIGH
3723;100207021;2002;10;21;52012.0;52012.0;800.0;51212.0;1;0;0;0;0;0;0;0;2.0;31;1;5;0;0;0;3699.8447605240317;05;7;1;Depot;T305;61;Moderat (0° bis 19,99° C);Tag;Wolkig;Ohio;Herbst;Kollision;Frogs, Switches and Track Appliances;Track, Roadbed and Structures;Depot/Rangieren, EinzelneWagen;53356.585966352075;Nicht Signifikant;False
3724;1002185;2019;6;15;55000.0;55000.0;0.0;55000.0;1;0;0;0;0;0;0;0;6.940339448159618;0;0;6;0;0;0;251.33638380232395;04;5;1;Industriestrecke;H307;73;Warm (20° bis 31,99° C);Tag;Wolkig;Iowa;Frühling;Kollision;General Switching Rules;Human Factors;EinzelneWagen, Güterzug;48868.61746238596;Nicht Signifikant;False
3725;100252;1985;1;5;12000.0;12000.0;0.0;12000.0;4;0;0;0;0;0;0;0;1.9635609428485408;2;1;4;0;0;1;320.0;04;7;1;Depot;E08C;25;Kalt (-30° - 0,01° C);Abend;Klar;Illinois;Winter;Kollision;Brakes;Mechanical and Electrical Failures;Depot/Rangieren, Depot/Rangieren;10178.980405462718;Nicht Signifikant;False
3726;100294;1994;2;25;26500.0;26500.0;200.0;26300.0;2;0;0;0;0;0;0;0;2.958916643910756;70;0;9;0;0;2;8898.46421888392;04;6;1;Depot;H399;15;Kalt (-30° - 0,01° C);Abend;Wolkig;Illinois;Winter;Kollision;General Switching Rules;Human Factors;EinzelneWagen, Güterzug;22478.581728730172;Nicht Signifikant;False
3727;1002CE002;2002;10;1;60845.0;60845.0;36215.0;24630.0;1;0;0;0;0;0;0;0;2.958916643910756;38;3;11;0;0;6;5240.742863252126;01;7;1;Depot;H704;50;Moderat (0° bis 19,99° C);Abend;Wolkig;Wyoming;Herbst;Entgleisung;Switches, Use of;Human Factors;Depot/Rangieren, EinzelneWagen;61702.66707230504;Nicht Signifikant;False
3728;1002HO001;2002;10;1;70245.0;70245.0;2500.0;67745.0;4;0;0;0;0;0;0;0;4.949628046035187;95;4;0;0;0;0;13231.0;01;6;1;Industriestrecke;T314;90;Heiß (>= 32° C);Tag;Klar;Texas;Herbst;Entgleisung;Frogs, Switches and Track Appliances;Track, Roadbed and Structures;EinzelneWagen, Güterzug;71235.16884697293;Nicht Signifikant;False
3729;1002HO030;2002;10;27;7711.0;7711.0;0.0;7711.0;2;0;0;0;0;0;0;0;4.949628046035187;10;0;23;0;0;0;2057.0;04;7;1;Depot;H605;75;Warm (20° bis 31,99° C);Abend;Regen;Texas;Herbst;Kollision;Speed;Human Factors;Depot/Rangieren, Depot/Rangieren;7907.906881345503;Nicht Signifikant;False
3730;1002PD021;2002;10;22;47374.0;47374.0;2500.0;44874.0;3;0;0;0;0;0;0;0;2.0;15;4;0;0;0;0;1918.2564391184076;01;5;1;Depot;H020;55;Moderat (0° bis 19,99° C);Abend;Klar;Kalifornien;Herbst;Entgleisung;Brakes, Use of;Human Factors;EinzelneWagen, Güterzug;48499.180999181;Nicht Signifikant;False
3731;1002PR010;2002;10;21;513250.0;513250.0;182335.0;330915.0;10;3;0;2;0;0;0;0;17.0;54;3;137;0;0;6;11139.0;04;1;4;Hauptstrecke;H215;40;Moderat (0° bis 19,99° C);Abend;Klar;Illinois;Herbst;Kollision;Flagging, Fixed, Hand and Radio Signals;Human Factors;Güterzug, Güterzug;526518.2601559294;Signifikant;False
3732;1002PR012;2002;10;24;37886.0;37886.0;14080.0;23806.0;4;0;0;0;0;0;0;0;3.9542723449729715;32;0;13;0;0;4;2853.8899735913355;01;7;1;Depot;H504;45;Moderat (0° bis 19,99° C);Abend;Regen;Wisconsion;Herbst;Entgleisung;Train Handling/Train Makeup;Human Factors;Depot/Rangieren, Lokomotive;38905.31936742658;Nicht Signifikant;False
3733;1002RS009;2002;10;8;451523.0;451523.0;92697.0;358826.0;1;0;0;0;0;0;0;0;14.903185056657339;114;5;95;0;0;5;16402.0;04;7;2;Depot;H702;55;Moderat (0° bis 19,99° C);Abend;Klar;Kalifornien;Herbst;Kollision;Switches, Use of;Human Factors;Depot/Rangieren, EinzelneWagen;460737.7551020408;Signifikant;False
3734;1002SA005;2002;10;8;15529.0;15529.0;1300.0;14229.0;2;0;0;0;0;0;0;0;5.944983747097401;9;1;3;0;0;1;1030.336383802324;01;7;1;Depot;T220;84;Warm (20° bis 31,99° C);Tag;Wolkig;Texas;Herbst;Entgleisung;Rail, Joint Bar and Rail Anchoring;Track, Roadbed and Structures;Depot/Rangieren, EinzelneWagen;15845.91836734694;Nicht Signifikant;False
3735;1002SL001;2002;10;3;21342.0;21342.0;10209.0;11133.0;2;0;0;0;0;0;0;0;4.949628046035187;116;6;0;0;0;0;16450.404822649853;01;7;1;Industriestrecke;T314;70;Warm (20° bis 31,99° C);Tag;Klar;Illinois;Herbst;Entgleisung;Frogs, Switches and Track Appliances;Track, Roadbed and Structures;Depot/Rangieren, EinzelneWagen;21579.3731041456;Nicht Signifikant;False
3736;100305024;2003;10;7;13950.0;13950.0;600.0;13350.0;2;1;0;0;0;0;0;0;6.0;32;0;3;0;0;2;4153.351922983821;04;7;1;Depot;H401;85;Warm (20° bis 31,99° C);Abend;Klar;North Carolina;Herbst;Kollision;Main Track Authority;Human Factors;Depot/Rangieren, Depot/Rangieren;11854.180829367777;Nicht Signifikant;False
3737;1003PD041;2003;10;29;21795.0;21795.0;0.0;21795.0;2;0;0;0;0;0;0;0;4.949628046035187;0;0;0;0;0;0;69.7799471826711;04;8;1;Industriestrecke;H017;55;Moderat (0° bis 19,99° C);Abend;Wolkig;Oregon;Herbst;Kollision;Brakes, Use of;Human Factors;Lokomotive, Lokomotive;18653.714481342005;Nicht Signifikant;False
3738;1003SA004;2003;10;7;71754.0;71754.0;56755.0;14999.0;2;0;0;0;0;0;0;0;5.944983747097401;37;0;76;0;0;7;7381.0;01;7;1;Depot;H524;67;Moderat (0° bis 19,99° C);Abend;Wolkig;Texas;Herbst;Entgleisung;Train Handling/Train Makeup;Human Factors;Depot/Rangieren, EinzelneWagen;60973.82732834806;Nicht Signifikant;False
3739;1004834;2019;7;8;19500.0;19500.0;0.0;19500.0;1;0;0;0;0;0;0;0;4.0;8;0;1;0;0;0;848.6473981205941;04;7;1;Depot;H307;90;Heiß (>= 32° C);Tag;Klar;Mississippi;Sommer;Kollision;General Switching Rules;Human Factors;Depot/Rangieren, EinzelneWagen;17387.427552385197;Nicht Signifikant;False
3740;1004FW036;2004;10;31;27146.0;27146.0;5800.0;21346.0;2;0;0;0;0;0;0;0;3.9542723449729715;41;2;38;0;0;1;6271.0;01;7;1;Depot;H305;75;Warm (20° bis 31,99° C);Tag;Klar;Texas;Herbst;Entgleisung;General Switching Rules;Human Factors;Depot/Rangieren, EinzelneWagen;21300.447257604686;Nicht Signifikant;False
3741;1004HO029;2004;10;23;93026.0;93026.0;1000.0;92026.0;3;0;0;0;0;0;0;0;4.5;21;0;35;0;0;3;2500.0;04;7;1;Depot;H306;89;Warm (20° bis 31,99° C);Tag;Klar;Texas;Herbst;Kollision;General Switching Rules;Human Factors;Depot/Rangieren, Depot/Rangieren;73433.8490685191;Nicht Signifikant;False
3742;1004LK010;2004;10;12;21361.0;21361.0;3309.0;18052.0;4;0;0;0;0;0;0;0;4.949628046035187;2;2;56;0;0;0;2208.0;04;7;1;Depot;H999;63;Moderat (0° bis 19,99° C);Abend;Wolkig;Arkansas;Herbst;Kollision;Miscellaneous;Human Factors;Depot/Rangieren, Depot/Rangieren;17349.74009096816;Nicht Signifikant;False
3743;1004LV008;2004;10;14;216705.0;216705.0;115338.0;101367.0;5;2;0;0;0;0;0;0;5.5;124;4;13;0;0;0;10583.0;04;7;1;Depot;H605;55;Moderat (0° bis 19,99° C);Abend;Wolkig;Louisiana;Herbst;Kollision;Speed;Human Factors;Depot/Rangieren, Güterzug;175086.85464975357;Signifikant;False
3744;1004NP039;2004;10;31;24030.0;24030.0;0.0;24030.0;5;0;0;0;0;0;0;0;9.926406551346263;51;0;13;0;0;5;5980.889973591336;01;1;2;Depot;H306;55;Moderat (0° bis 19,99° C);Abend;Klar;Nebraska;Herbst;Entgleisung;General Switching Rules;Human Factors;Güterzug, Lokomotive;18855.439018648813;Nicht Signifikant;False
3745;1004SA012;2004;10;16;10282.0;10282.0;6610.0;3672.0;3;0;0;0;0;0;0;0;9.926406551346263;19;2;12;0;0;0;3403.0;01;7;1;Depot;S011;80;Warm (20° bis 31,99° C);Abend;Klar;Texas;Herbst;Entgleisung;SIGNAL AND COMMUNICATION;Signal and Communication;Depot/Rangieren, EinzelneWagen;8269.261701785426;Nicht Signifikant;False
3746;1005CB016;2005;10;14;28040.0;28040.0;0.0;28040.0;3;0;0;0;0;0;0;0;2.0;11;0;98;0;0;0;5467.0;04;7;1;Depot;H306;55;Moderat (0° bis 19,99° C);Abend;Wolkig;Iowa;Herbst;Kollision;General Switching Rules;Human Factors;Depot/Rangieren, Depot/Rangieren;23368.61405117093;Nicht Signifikant;False
3747;1005DV021;2005;10;20;8087.0;8087.0;1012.0;7075.0;7;1;0;0;0;0;0;0;4.949628046035187;0;0;0;0;0;0;69.7799471826711;04;8;1;Depot;H017;65;Moderat (0° bis 19,99° C);Abend;Wolkig;Colorado;Herbst;Kollision;Brakes, Use of;Human Factors;Lokomotive, Lokomotive;6765.66552329959;Nicht Signifikant;False
3748;1005EP006;2005;10;15;10953.0;10953.0;2100.0;8853.0;2;0;0;0;0;0;0;0;4.949628046035187;18;0;51;0;0;4;4092.0;01;7;X;Depot;T319;70;Warm (20° bis 31,99° C);Tag;Klar;Texas;Herbst;Entgleisung;Frogs, Switches and Track Appliances;Track, Roadbed and Structures;Depot/Rangieren, EinzelneWagen;9122.431982232094;Nicht Signifikant;False
3749;1005FW029;2005;10;24;56509.0;56509.0;700.0;55809.0;7;0;0;0;0;0;0;0;12.592834773229322;212;0;28;0;0;4;12902.0;03;1;5;Hauptstrecke;H605;70;Warm (20° bis 31,99° C);Tag;Klar;Texas;Herbst;Kollision;Speed;Human Factors;Güterzug, Güterzug, Güterzug;47311.620897521774;Nicht Signifikant;False
3750;1005HO023;2005;10;6;12102.0;12102.0;8400.0;3702.0;4;1;0;0;0;0;0;0;5.944983747097401;92;1;1;0;0;0;12831.0;01;7;1;Depot;T314;90;Heiß (>= 32° C);Tag;Klar;Texas;Herbst;Entgleisung;Frogs, Switches and Track Appliances;Track, Roadbed and Structures;Depot/Rangieren, EinzelneWagen;10033.993864522014;Nicht Signifikant;False
3751;1005HO035;2005;10;11;8155.0;8155.0;1000.0;7155.0;1;0;0;0;0;0;0;0;5.944983747097401;6;0;34;0;0;4;1950.0;01;7;1;Depot;T217;72;Warm (20° bis 31,99° C);Abend;Klar;Texas;Herbst;Entgleisung;Rail, Joint Bar and Rail Anchoring;Track, Roadbed and Structures;Depot/Rangieren, EinzelneWagen;6783.397105306937;Nicht Signifikant;False
3752;1005HO047;2005;10;15;42336.0;42336.0;645.0;41691.0;6;0;0;0;0;0;0;0;5.0;29;0;72;0;0;4;6341.889973591336;04;1;1;Depot;H702;90;Heiß (>= 32° C);Tag;Wolkig;Texas;Herbst;Kollision;Switches, Use of;Human Factors;Güterzug, Lokomotive;35260.410882842865;Nicht Signifikant;False
3753;1005HO073;2005;10;28;14604.0;14604.0;230.0;14374.0;5;0;0;1;0;0;0;0;2.0;0;0;0;0;0;0;69.7799471826711;04;8;1;Depot;H605;80;Warm (20° bis 31,99° C);Tag;Klar;Texas;Herbst;Kollision;Speed;Human Factors;Lokomotive, Lokomotive;12031.636183885319;Signifikant;False
3754;1005KC017;2005;10;23;57506.0;57506.0;40780.0;16726.0;4;0;0;0;0;0;0;0;4.5;93;8;0;0;0;0;5760.0;04;7;1;Depot;H306;40;Moderat (0° bis 19,99° C);Abend;Klar;Kansas;Herbst;Kollision;General Switching Rules;Human Factors;Depot/Rangieren, Depot/Rangieren;48055.15320334263;Nicht Signifikant;False
3755;1005LK032;2005;10;15;2379170.0;2379170.0;2053200.0;325975.0;4;0;0;1;0;0;1;45;16.85852861170903;94;1;40;0;0;12;9125.0;03;6;2;Hauptstrecke;H607;59;Moderat (0° bis 19,99° C);Abend;Klar;Arkansas;Herbst;Kollision;Speed;Human Factors;EinzelneWagen, Güterzug, Güterzug;1981540.8106607443;Schwer;False
3756;1005LK056;2005;10;26;138504.0;138504.0;88940.0;49564.0;5;0;0;0;0;0;0;0;5.944983747097401;88;6;61;0;0;8;13193.0;01;6;1;Depot;T110;56;Moderat (0° bis 19,99° C);Abend;Klar;Louisiana;Herbst;Entgleisung;Track Geometry;Track, Roadbed and Structures;EinzelneWagen, Güterzug;114855.29480056389;Nicht Signifikant;False
3757;1005PD038;2005;10;28;34823.0;34823.0;1035.0;33788.0;3;1;0;0;0;0;0;0;7.5;129;24;0;0;0;0;18177.0;04;7;1;Depot;H605;65;Moderat (0° bis 19,99° C);Tag;Wolkig;Oregon;Herbst;Kollision;Speed;Human Factors;Depot/Rangieren, Depot/Rangieren;28689.24040204317;Nicht Signifikant;False
3758;1005WH011;2005;10;17;509161.0;509161.0;353000.0;156161.0;4;0;0;0;0;0;0;0;26.847453469403924;95;10;92;0;0;0;11390.0;01;1;3;Hauptstrecke;M405;80;Warm (20° bis 31,99° C);Tag;Klar;Texas;Herbst;Entgleisung;Unusual Operational Situations;Miscellaneous Causes;Güterzug, Güterzug;423524.37198469474;Signifikant;False
3759;10061103;2010;6;11;40118.0;40118.0;0.0;40118.0;2;0;0;0;0;0;0;0;0.9682052417863254;3;0;0;0;0;0;411.05222077044647;04;5;X;Depot;H318;80;Warm (20° bis 31,99° C);Tag;Klar;Louisiana;Frühling;Kollision;General Switching Rules;Human Factors;EinzelneWagen, Güterzug;33081.553558175976;Nicht Signifikant;False
3760;10069;2010;8;5;134000.0;134000.0;0.0;134000.0;3;0;0;1;0;0;0;0;14.903185056657339;1;0;70;0;0;0;1997.647398120594;09;1;1;Hauptstrecke;H404;50;Moderat (0° bis 19,99° C);Tag;Wolkig;Alaska;Sommer;Kollision;Main Track Authority;Human Factors;Güterzug, Wartungszug;101638.3495145631;Signifikant;True
3761;100696;1996;10;6;10432.0;10432.0;9932.0;500.0;3;1;0;0;0;0;0;0;3.9542723449729715;0;0;1;0;0;1;101.7063920130664;05;5;1;Depot;H306;57;Moderat (0° bis 19,99° C);Abend;Nebel;Illinois;Herbst;Kollision;General Switching Rules;Human Factors;EinzelneWagen, Lokomotive;8848.92696581559;Nicht Signifikant;False
3762;1006DV024;2006;10;24;8130.0;8130.0;1725.0;6405.0;1;0;0;0;0;0;0;0;4.0;11;0;62;0;0;5;3407.0;01;7;1;Depot;H312;48;Moderat (0° bis 19,99° C);Abend;Klar;Wyoming;Herbst;Entgleisung;General Switching Rules;Human Factors;Depot/Rangieren, EinzelneWagen;6482.736623873694;Nicht Signifikant;False
3763;1006FW024;2006;10;2;93981.0;93981.0;0.0;93981.0;6;0;0;0;0;0;0;0;3.9542723449729715;37;0;32;0;0;5;9999.889973591336;04;7;1;Depot;H302;80;Warm (20° bis 31,99° C);Tag;Klar;Texas;Herbst;Kollision;General Switching Rules;Human Factors;Depot/Rangieren, Lokomotive;74088.29325975562;Nicht Signifikant;False
3764;1006LA043;2006;10;31;17824.0;17824.0;1380.0;16444.0;0;0;0;0;0;0;0;0;1.951414590464721;5;3;0;0;0;0;230.0;01;5;1;Depot;M411;59;Moderat (0° bis 19,99° C);Abend;Wolkig;Kalifornien;Herbst;Entgleisung;Unusual Operational Situations;Miscellaneous Causes;EinzelneWagen, EinzelneWagen, EinzelneWagen;14039.067422810333;Nicht Signifikant;False
3765;1006LK014;2006;10;7;29658.0;29658.0;5581.0;24077.0;5;0;0;0;0;0;0;0;4.949628046035187;42;4;29;0;0;0;5406.0;01;7;1;Depot;T110;55;Moderat (0° bis 19,99° C);Abend;Klar;Arkansas;Herbst;Entgleisung;Track Geometry;Track, Roadbed and Structures;Depot/Rangieren, EinzelneWagen;23456.803142548313;Nicht Signifikant;False
3766;1006LV008;2006;10;8;244348.0;244348.0;87442.0;156906.0;6;0;0;0;0;0;0;0;4.949628046035187;80;0;59;0;0;0;10954.04336320121;04;7;1;Depot;H702;67;Moderat (0° bis 19,99° C);Abend;Wolkig;Louisiana;Herbst;Kollision;Switches, Use of;Human Factors;Depot/Rangieren, Depot/Rangieren;193568.52389754425;Signifikant;False
3767;1006NP008;2006;10;23;22331.0;22331.0;7247.0;15084.0;4;0;0;0;0;0;0;0;3.9542723449729715;5;3;0;0;0;0;2109.4048226498526;01;7;2;Depot;H306;50;Moderat (0° bis 19,99° C);Abenddämmerung;Klar;Nebraska;Herbst;Entgleisung;General Switching Rules;Human Factors;Depot/Rangieren, Depot/Rangieren;17785.122650525645;Nicht Signifikant;False
3768;10078;2010;9;7;19632.0;19632.0;0.0;19632.0;0;0;0;0;0;0;0;0;4.949628046035187;0;0;2;0;0;0;130.67276760464793;09;A;4;Hauptstrecke;E99L;55;Moderat (0° bis 19,99° C);Tag;Regen;Alaska;Sommer;Kollision;General Mechanical and Electrical Failures;Mechanical and Electrical Failures;Wartungszug, Wartungszug;15404.896421845575;Nicht Signifikant;False
3769;100794102;1994;7;22;12400.0;12400.0;0.0;12400.0;6;0;0;0;0;0;0;0;4.0;67;2;0;0;0;0;3719.0;04;7;1;Depot;H306;62;Moderat (0° bis 19,99° C);Abend;Klar;Arizona;Sommer;Kollision;General Switching Rules;Human Factors;Depot/Rangieren, Depot/Rangieren;10518.279752311477;Nicht Signifikant;False
3770;1007CB020;2007;10;31;19176.0;19176.0;2100.0;17076.0;4;0;0;0;0;0;0;0;5.5;42;0;23;0;0;1;5014.0;01;7;1;Depot;H318;39;Moderat (0° bis 19,99° C);Abend;Klar;Iowa;Herbst;Entgleisung;General Switching Rules;Human Factors;Depot/Rangieren, Depot/Rangieren;13273.343946840174;Nicht Signifikant;False
3771;1007NP025;2007;10;30;20781.0;20781.0;0.0;20781.0;4;0;0;0;0;0;0;0;5.5;49;2;102;0;0;0;9259.0;01;7;2;Depot;H702;45;Moderat (0° bis 19,99° C);Abend;Klar;Nebraska;Herbst;Entgleisung;Switches, Use of;Human Factors;Depot/Rangieren, Depot/Rangieren;14424.238217533142;Nicht Signifikant;False
3772;1007PR012;2007;10;20;11349.0;11349.0;1444.0;9905.0;6;0;0;0;0;0;0;0;9.926406551346263;172;0;2;0;0;1;10214.0;04;7;1;Hauptstrecke;H603;56;Moderat (0° bis 19,99° C);Abend;Klar;Illinois;Herbst;Kollision;Speed;Human Factors;Depot/Rangieren, Güterzug;7965.701183847269;Nicht Signifikant;False
3773;1007SA005;2007;10;8;18754.0;18754.0;3400.0;15354.0;4;0;0;0;0;0;0;0;5.0;8;0;10;0;0;4;1443.0;04;7;1;Depot;H702;85;Warm (20° bis 31,99° C);Tag;Wolkig;Texas;Herbst;Kollision;Switches, Use of;Human Factors;Depot/Rangieren, Depot/Rangieren;13311.093761090211;Nicht Signifikant;False
3774;1007WH001;2007;10;1;34477.0;34477.0;4500.0;29977.0;3;0;0;0;0;0;0;0;1.9635609428485408;21;4;19;0;0;3;2810.0;01;7;1;Depot;T101;63;Moderat (0° bis 19,99° C);Tag;Klar;Arkansas;Herbst;Entgleisung;Track Geometry;Track, Roadbed and Structures;Depot/Rangieren, Depot/Rangieren;24224.985947161327;Nicht Signifikant;False
3775;10080901;2010;8;9;100666.66666666667;100666.66666666667;0.0;170000.0;6;0;0;0;0;0;0;1;14.969514896648647;12;0;41;0;0;0;2718.061833775633;04;7;1;Depot;H702;85;Warm (20° bis 31,99° C);Tag;Klar;Louisiana;Sommer;Kollision;Switches, Use of;Human Factors;Depot/Rangieren, Depot/Rangieren, Güterzug;75957.64480998013;Signifikant;True
3776;100838;2012;8;6;145460.0;145460.0;1800.0;143660.0;2;0;0;0;0;0;0;0;1.9635609428485408;98;3;4;0;0;0;12841.883501254526;04;7;X;Depot;E30C;80;Warm (20° bis 31,99° C);Abend;Wolkig;Indiana;Sommer;Kollision;Coupler and Draft System;Mechanical and Electrical Failures;Depot/Rangieren, EinzelneWagen;117505.45278293885;Nicht Signifikant;False
3777;100885A;1985;10;8;200000.0;200000.0;0.0;100000.0;1;0;0;0;0;0;0;0;69.6477486150792;0;0;0;0;6;0;320.822639406173;09;2;6;Hauptstrecke;M503;56;Moderat (0° bis 19,99° C);Abend;Klar;New Jersey;Herbst;Kollision;Other Miscellaneous;Miscellaneous Causes;Personenzug, NaN;169649.67342437865;Signifikant;False
3778;100893102;1993;8;8;2440000.0;2440000.0;85000.0;2355000.0;8;0;0;2;0;0;0;0;26.5;140;9;0;0;0;0;10959.0;01;1;4;Hauptstrecke;E46C;86;Warm (20° bis 31,99° C);Tag;Klar;Arizona;Sommer;Entgleisung;Truck Components;Mechanical and Electrical Failures;Güterzug, Güterzug;2069726.0157774196;Schwer;False
3779;1008FW011;2008;10;8;16352.0;16352.0;5512.0;10840.0;4;2;0;0;0;0;0;0;4.5;3;1;0;0;0;0;417.88997359133555;01;7;1;Depot;H306;85;Warm (20° bis 31,99° C);Tag;Klar;Texas;Herbst;Entgleisung;General Switching Rules;Human Factors;Depot/Rangieren, Lokomotive;11908.819459616925;Nicht Signifikant;False
3780;1008HO051;2008;10;30;20698.0;20698.0;500.0;20198.0;3;0;0;0;0;0;0;0;3.9542723449729715;93;4;0;0;0;0;13128.989370172552;01;7;1;Industriestrecke;T402;48;Moderat (0° bis 19,99° C);Abend;Klar;Texas;Herbst;Entgleisung;Other Way and Structure;Track, Roadbed and Structures;Depot/Rangieren, EinzelneWagen;15878.787878787878;Nicht Signifikant;False
3781;1008HO054;2008;10;31;18622.0;18622.0;0.0;18622.0;6;0;0;0;0;0;0;0;6.940339448159618;34;0;29;0;0;0;5247.0;04;7;1;Depot;H309;76;Warm (20° bis 31,99° C);Tag;Wolkig;Texas;Herbst;Kollision;General Switching Rules;Human Factors;Depot/Rangieren, Depot/Rangieren;14597.475895586736;Nicht Signifikant;False
3782;1008LK006;2008;10;1;54840.0;54840.0;41858.0;12982.0;5;2;0;0;0;0;0;0;4.949628046035187;10;0;30;0;0;6;3307.8899735913355;01;7;1;Depot;T199;74;Warm (20° bis 31,99° C);Abend;Klar;Louisiana;Herbst;Entgleisung;Track Geometry;Track, Roadbed and Structures;Depot/Rangieren, Lokomotive;38946.097578297;Nicht Signifikant;False
3783;1008LK060;2008;10;31;35993.0;35993.0;2300.0;33693.0;4;1;0;1;0;0;0;0;10.0;25;0;31;0;0;0;4349.889973591336;04;7;1;Depot;H307;65;Moderat (0° bis 19,99° C);Abend;Klar;Arkansas;Herbst;Kollision;General Switching Rules;Human Factors;Depot/Rangieren, Lokomotive;28214.31371011993;Signifikant;False
3784;1008PC014;2008;10;31;152674.0;152674.0;132851.0;19823.0;2;0;0;0;0;0;0;0;3.0;12;1;4;0;0;0;810.0;01;7;2;Depot;H309;49;Moderat (0° bis 19,99° C);Abend;Wolkig;Idaho;Herbst;Entgleisung;General Switching Rules;Human Factors;Depot/Rangieren, EinzelneWagen;119678.60782315591;Nicht Signifikant;False
3785;1009109;2019;8;12;40870.0;40870.0;0.0;40870.0;1;0;0;0;0;0;0;0;4.949628046035187;4;0;5;0;0;1;4217.0;04;7;1;Depot;M407;73;Warm (20° bis 31,99° C);Abend;Wolkig;Indiana;Sommer;Kollision;Unusual Operational Situations;Miscellaneous Causes;Depot/Rangieren, EinzelneWagen;36510.630695015185;Nicht Signifikant;False
3786;1009541;2019;8;17;27650.0;27650.0;3300.0;24350.0;5;0;0;0;0;0;0;0;3.9542723449729715;70;2;6;0;0;0;7664.0;04;1;1;Depot;H702;85;Warm (20° bis 31,99° C);Tag;Wolkig;Illinois;Sommer;Kollision;Switches, Use of;Human Factors;Güterzug, Güterzug;24943.61750112765;Nicht Signifikant;False
3787;1009LK042;2009;10;30;192302.0;192302.0;22627.0;169675.0;7;0;0;0;0;0;0;0;16.89389645878177;43;0;103;0;0;4;8747.0;03;1;4;Hauptstrecke;H222;57;Moderat (0° bis 19,99° C);Abend;Regen;Arkansas;Herbst;Kollision;Flagging, Fixed, Hand and Radio Signals;Human Factors;Güterzug, Güterzug;129933.78378378379;Nicht Signifikant;False
3788;1009LV001;2009;10;1;86190.0;86190.0;9016.0;77174.0;4;0;0;0;0;0;0;0;6.940339448159618;41;2;44;0;0;1;6611.0;01;7;1;Depot;S006;72;Warm (20° bis 31,99° C);Tag;Klar;Louisiana;Herbst;Entgleisung;SIGNAL AND COMMUNICATION;Signal and Communication;Depot/Rangieren, Güterzug;59281.931357039684;Nicht Signifikant;False
3789;1009NP004;2009;10;10;98211.0;98211.0;20423.0;77788.0;4;0;0;0;0;0;0;0;5.0;64;3;11;0;0;3;8488.889973591336;04;7;2;Depot;H307;27;Kalt (-30° - 0,01° C);Abend;Schnee;Nebraska;Herbst;Kollision;General Switching Rules;Human Factors;Depot/Rangieren, Lokomotive;66561.16570654015;Nicht Signifikant;False
3790;101;1993;11;19;30000.0;30000.0;0.0;30000.0;2;0;0;0;0;0;0;0;1.9635609428485408;20;0;2;0;0;2;2000.0;04;7;1;Depot;H306;60;Moderat (0° bis 19,99° C);Tag;Klar;Kalifornien;Herbst;Kollision;General Switching Rules;Human Factors;Depot/Rangieren, Depot/Rangieren;25447.4510136568;Nicht Signifikant;False
3791;101005;2005;10;10;38172.5;38172.5;63981.0;1500.0;2;0;0;0;0;0;0;0;9.926406551346263;61;7;0;0;0;0;7146.246130452133;01;1;1;Hauptstrecke;T210;75;Warm (20° bis 31,99° C);Tag;Wolkig;South Carolina;Herbst;Entgleisung;Rail, Joint Bar and Rail Anchoring;Track, Roadbed and Structures;Güterzug, NaN;31578.83851753805;Nicht Signifikant;False
3792;1010946;2019;8;29;16600.0;16600.0;0.0;16600.0;1;0;0;0;0;0;0;0;2.958916643910756;0;0;3;0;0;0;195.33638380232395;04;7;1;Depot;H301;80;Warm (20° bis 31,99° C);Abend;Regen;Louisiana;Sommer;Kollision;General Switching Rules;Human Factors;Depot/Rangieren, EinzelneWagen;14992.774566473989;Nicht Signifikant;False
3793;1010LK023;2010;10;23;10815.0;10815.0;200.0;10615.0;4;0;0;0;0;0;0;0;4.949628046035187;113;2;79;0;0;3;15890.0;01;6;1;Depot;T110;85;Warm (20° bis 31,99° C);Tag;Wolkig;Louisiana;Herbst;Entgleisung;Track Geometry;Track, Roadbed and Structures;EinzelneWagen, Güterzug;7743.621566147164;Nicht Signifikant;False
3794;10110301;2010;11;3;21380.0;21380.0;0.0;21380.0;1;0;0;0;0;0;0;0;2.958916643910756;3;0;2;0;0;0;471.94504119242333;04;7;1;Depot;H018;64;Moderat (0° bis 19,99° C);Tag;Wolkig;Louisiana;Herbst;Kollision;Brakes, Use of;Human Factors;Depot/Rangieren, EinzelneWagen;15256.172399029541;Nicht Signifikant;False
3795;1011DV001;2011;10;1;135270.0;135270.0;94142.0;41128.0;5;0;0;0;0;0;0;0;35.5;146;0;116;0;0;2;22820.0;01;1;4;Hauptstrecke;E41C;75;Warm (20° bis 31,99° C);Tag;Klar;Wyoming;Herbst;Entgleisung;Truck Components;Mechanical and Electrical Failures;Güterzug, Güterzug;100614.88111471993;Nicht Signifikant;False