index;INCDTNO;YEAR4;MONTH;DAY;ACCDMG;INFRASTRUCTURE_DMG;TRKDMG;EQPDMG;LOCOMOTIVES1;LOCOMOTIVES2;RREMPKLD;RREMPINJ;PASSKLD;PASSINJ;OTHERKLD;OTHERINJ;SPEED;LOADF1;LOADF2;EMPTYF1;EMPTYP1;LOADP1;EMPTYF2;TONS;TYPE;TYPEQ;TRKCLAS;TYPTRK;ACCAUSE;TEMP;TEMP_CLUSTER;VISIBLTY;WEATHER;STATE;Jahreszeit;ACCIDENT_TYPE;ACCCAUSE_LVL1;ACCCAUSE_LVL2;EQUIPMENT_TYPE;ACCDMG_EUR;ACCTYPE;SPD_TOO_HIGH
3796;1011DV003;2011;10;6;22735.0;22735.0;0.0;22735.0;5;0;0;1;0;0;0;0;46.0;28;0;116;0;0;0;8579.0;09;1;4;Hauptstrecke;M206;49;Moderat (0° bis 19,99° C);Abend;Klar;Wyoming;Herbst;Kollision;Loading Procedures;Loading;Güterzug, Güterzug;17133.92116964353;Signifikant;False
3797;1011FW001;2011;10;1;583246.0;583246.0;150406.0;432840.0;6;3;0;1;0;0;0;0;22.866030665155062;203;2;0;0;0;0;11002.0;03;1;4;Hauptstrecke;H221;82;Warm (20° bis 31,99° C);Abend;Klar;Texas;Herbst;Kollision;Flagging, Fixed, Hand and Radio Signals;Human Factors;Güterzug, Güterzug;433822.92415639793;Signifikant;False
3798;1011FW015;2011;10;24;22917.0;22917.0;0.0;22917.0;5;0;0;0;0;0;0;0;4.949628046035187;9;0;7;0;0;0;1469.8899735913355;04;7;1;Depot;H302;60;Moderat (0° bis 19,99° C);Abend;Wolkig;Texas;Herbst;Kollision;General Switching Rules;Human Factors;Depot/Rangieren, Lokomotive;16539.405311778293;Nicht Signifikant;False
3799;1011LK008;2011;10;9;10000.0;10000.0;200.0;9800.0;2;0;0;0;0;0;0;0;9.926406551346263;49;1;13;0;0;0;3572.0;01;7;1;Depot;T314;65;Moderat (0° bis 19,99° C);Abend;Klar;Louisiana;Herbst;Entgleisung;Frogs, Switches and Track Appliances;Track, Roadbed and Structures;Depot/Rangieren, EinzelneWagen;7385.524372230429;Nicht Signifikant;False
3800;1011LK012;2011;10;12;10220.0;10220.0;100.0;10120.0;4;1;0;0;0;0;0;0;3.9542723449729715;34;0;23;0;0;0;4735.889973591336;04;7;1;Depot;E99C;80;Warm (20° bis 31,99° C);Abend;Klar;Louisiana;Herbst;Kollision;General Mechanical and Electrical Failures;Mechanical and Electrical Failures;Depot/Rangieren, Lokomotive;7424.088333575475;Nicht Signifikant;False
3801;1011PD008;2011;10;14;9835.0;9835.0;0.0;9835.0;3;0;0;0;0;0;0;0;3.9542723449729715;101;0;120;0;0;1;16604.0;01;7;1;Depot;M507;60;Moderat (0° bis 19,99° C);Tag;Regen;Oregon;Herbst;Entgleisung;Other Miscellaneous;Miscellaneous Causes;Depot/Rangieren, Güterzug;7123.198377634533;Nicht Signifikant;False
3802;1011PR016;2011;10;12;10531.0;10531.0;0.0;10531.0;5;0;0;0;0;0;0;0;2.958916643910756;38;0;22;0;0;0;3850.0;05;7;1;Depot;H307;60;Moderat (0° bis 19,99° C);Abend;Wolkig;Illinois;Herbst;Kollision;General Switching Rules;Human Factors;Depot/Rangieren, Depot/Rangieren;7650.007264274299;Nicht Signifikant;False
3803;1011PR028;2011;10;19;16736.0;16736.0;57.0;16679.0;2;0;0;0;0;0;0;0;3.5;46;1;17;0;0;0;2322.0;01;7;1;Depot;H306;46;Moderat (0° bis 19,99° C);Abend;Wolkig;Wisconsion;Herbst;Entgleisung;General Switching Rules;Human Factors;Depot/Rangieren, Depot/Rangieren;12102.979461961238;Nicht Signifikant;False
3804;1011SA020;2011;10;25;167898.0;167898.0;7353.0;160545.0;4;1;0;0;0;0;0;0;8.931050850284048;131;8;2;0;0;0;10583.0;05;7;1;Depot;H699;74;Warm (20° bis 31,99° C);Abend;Klar;Texas;Herbst;Kollision;Speed;Human Factors;Depot/Rangieren, Güterzug;120633.71174019256;Nicht Signifikant;False
3805;10120701;2010;12;7;290172.5;290172.5;0.0;188750.0;5;0;0;0;0;0;0;0;14.0;109;3;19;0;0;1;17040.0;07;7;3;Hauptstrecke;M302;37;Moderat (0° bis 19,99° C);Abend;Klar;Texas;Herbst;Bahnübergang;Loading Procedures;Loading;Depot/Rangieren, Güterzug;217146.2246501534;Signifikant;False
3806;101290;2006;6;30;32000.0;32000.0;0.0;26000.0;2;0;0;0;0;0;0;0;4.949628046035187;0;0;0;9;0;0;240.70469712208518;03;3;2;Hauptstrecke;H401;75;Warm (20° bis 31,99° C);Abenddämmerung;Klar;Maryland;Sommer;Kollision;Main Track Authority;Human Factors;Nahverkehrszug, Nahverkehrszug;25171.084716431997;Nicht Signifikant;False
3807;1012LK020;2012;10;25;14831.0;14831.0;33.0;14798.0;1;0;0;0;0;0;0;0;8.5;12;0;18;0;0;0;1983.0;05;7;1;Depot;M407;83;Warm (20° bis 31,99° C);Tag;Wolkig;Arkansas;Herbst;Kollision;Unusual Operational Situations;Miscellaneous Causes;Depot/Rangieren, EinzelneWagen;11414.60786577388;Nicht Signifikant;False
3808;1012LV022;2012;10;22;33945.0;33945.0;99.0;33846.0;3;0;0;0;0;0;0;0;3.9542723449729715;42;0;32;0;0;1;6490.0;01;6;1;Depot;H306;66;Moderat (0° bis 19,99° C);Abend;Klar;Louisiana;Herbst;Entgleisung;General Switching Rules;Human Factors;EinzelneWagen, Güterzug;25985.608206384444;Nicht Signifikant;False
3809;1012SL014;2012;10;21;115630.0;115630.0;0.0;86152.0;6;0;0;0;0;0;0;0;11.0;187;0;85;0;0;2;28658.0;01;1;4;Hauptstrecke;M405;70;Warm (20° bis 31,99° C);Abend;Klar;Illinois;Herbst;Entgleisung;Unusual Operational Situations;Miscellaneous Causes;Güterzug, Güterzug;88580.47547304716;Nicht Signifikant;False
3810;101392A;1992;10;13;12650.0;12650.0;0.0;12650.0;6;0;0;0;0;0;0;0;3.9542723449729715;42;0;33;0;0;0;6448.0;04;7;1;Depot;H399;52;Moderat (0° bis 19,99° C);Abend;Klar;Illinois;Herbst;Kollision;General Switching Rules;Human Factors;Depot/Rangieren, Depot/Rangieren;10730.34184409195;Nicht Signifikant;False
3811;1013DV010;2013;10;21;99982.0;99982.0;73561.0;26421.0;2;0;0;0;0;0;0;0;14.903185056657339;92;3;12;0;0;0;12530.0;01;6;2;Hauptstrecke;T106;45;Moderat (0° bis 19,99° C);Tag;Klar;Colorado;Herbst;Entgleisung;Track Geometry;Track, Roadbed and Structures;EinzelneWagen, Güterzug;73155.77668837346;Nicht Signifikant;False
3812;1013FW009;2013;10;7;26000.0;26000.0;0.0;26000.0;0;0;0;0;0;0;0;0;7.5;0;0;2;0;0;0;130.67276760464793;03;A;3;Hauptstrecke;H997;80;Warm (20° bis 31,99° C);Abend;Klar;Texas;Herbst;Kollision;Miscellaneous;Human Factors;Wartungszug, Wartungszug;19157.088122605364;Nicht Signifikant;False
3813;1013KC013;2013;10;21;13180.0;13180.0;0.0;13180.0;0;0;0;0;0;0;0;0;3.9542723449729715;2;0;1;0;0;1;286.0;01;5;X;Depot;M204;40;Moderat (0° bis 19,99° C);Abend;Klar;Kansas;Herbst;Entgleisung;Loading Procedures;Loading;EinzelneWagen, EinzelneWagen;9643.667227628594;Nicht Signifikant;False
3814;1013SA007;2013;10;6;35190.0;35190.0;0.0;35190.0;2;0;0;0;0;0;0;0;7.935695149221832;49;0;23;0;0;1;6545.816418421731;05;1;4;Hauptstrecke;H402;76;Warm (20° bis 31,99° C);Tag;Klar;Texas;Herbst;Kollision;Main Track Authority;Human Factors;Güterzug, Wartungszug;25915.015833271966;Nicht Signifikant;False
3815;1013WH006;2013;10;15;15186.0;15186.0;150.0;15036.0;3;0;0;0;0;0;0;0;3.9542723449729715;10;2;5;0;0;0;1495.336383802324;01;5;X;Industriestrecke;T314;65;Moderat (0° bis 19,99° C);Tag;Wolkig;Oklahoma;Herbst;Entgleisung;Frogs, Switches and Track Appliances;Track, Roadbed and Structures;EinzelneWagen, Güterzug;11254.724672052176;Nicht Signifikant;False
3816;1014;1986;2;4;68000.0;68000.0;0.0;68000.0;4;0;0;1;0;0;0;0;4.5;0;0;24;0;0;1;801.9738268658;02;7;1;Depot;H306;30;Kalt (-30° - 0,01° C);Abenddämmerung;Nebel;Maryland;Winter;Kollision;General Switching Rules;Human Factors;Depot/Rangieren, Lokomotive;57680.888964288744;Signifikant;False
3817;101469;2012;9;19;10825.0;10825.0;25.0;10800.0;1;0;0;0;0;0;0;0;3.9542723449729715;54;0;35;0;0;1;7279.78526376663;01;7;1;Depot;E23C;75;Warm (20° bis 31,99° C);Abenddämmerung;Klar;Virginia;Sommer;Entgleisung;Body;Mechanical and Electrical Failures;Depot/Rangieren, EinzelneWagen;8325.64220889094;Nicht Signifikant;False
3818;101488A;1988;10;14;13000.0;13000.0;0.0;13000.0;2;0;0;0;0;0;0;0;5.0;0;0;0;15;1;0;400.6918068945151;05;7;1;Depot;H401;55;Moderat (0° bis 19,99° C);Tag;Klar;Massachusetts;Herbst;Kollision;Main Track Authority;Human Factors;Depot/Rangieren, Personenzug;11027.228772584613;Nicht Signifikant;False
3819;101489A;1989;10;14;30500.0;30500.0;0.0;30500.0;2;0;0;0;0;0;0;0;4.0;0;0;0;20;0;0;455.2084951932404;04;7;1;Depot;H021;65;Moderat (0° bis 19,99° C);Abend;Klar;Illinois;Herbst;Kollision;Brakes, Use of;Human Factors;Depot/Rangieren, Depot/Rangieren;25871.575197217742;Nicht Signifikant;False
3820;1014LK017;2014;10;11;99449.0;99449.0;1850.0;97599.0;4;0;0;0;0;0;0;0;4.949628046035187;117;1;57;0;0;6;13668.0;05;7;1;Depot;H306;72;Warm (20° bis 31,99° C);Tag;Wolkig;Arkansas;Herbst;Kollision;General Switching Rules;Human Factors;Depot/Rangieren, Güterzug;78605.45382690027;Nicht Signifikant;False
3821;1014NP016;2014;10;9;60500.0;60500.0;0.0;500.0;5;0;0;0;0;0;0;0;5.944983747097401;0;0;126;0;0;0;2725.8899735913355;03;1;4;Hauptstrecke;H992;60;Moderat (0° bis 19,99° C);Tag;Klar;Wyoming;Herbst;Kollision;Miscellaneous;Human Factors;Güterzug, Lokomotive;47402.64828018491;Nicht Signifikant;False
3822;1014PC007;2014;10;28;12711.0;12711.0;150.0;12561.0;2;0;0;0;0;0;0;0;4.0;7;0;19;0;0;3;1524.0;04;7;1;Depot;H318;30;Kalt (-30° - 0,01° C);Abend;Klar;Idaho;Herbst;Kollision;General Switching Rules;Human Factors;Depot/Rangieren, EinzelneWagen;9970.97583934735;Nicht Signifikant;False
3823;1014PR005;2014;10;10;15637.0;15637.0;11700.0;3937.0;3;1;0;0;0;0;0;0;8.5;112;0;0;0;0;0;6355.889973591336;05;1;1;Depot;H306;64;Moderat (0° bis 19,99° C);Tag;Klar;Illinois;Herbst;Kollision;General Switching Rules;Human Factors;Güterzug, Lokomotive;12373.002057287546;Nicht Signifikant;False
3824;1014PR010;2014;10;14;24796.0;24796.0;66.0;24730.0;2;0;0;0;0;0;0;0;2.958916643910756;60;0;6;0;0;0;8020.0;05;7;1;Depot;M199;52;Moderat (0° bis 19,99° C);Abend;Regen;Illinois;Herbst;Kollision;Environmental Conditions;Environmental Conditions;Depot/Rangieren, Depot/Rangieren;19607.781116558595;Nicht Signifikant;False
3825;1014TC008;2014;10;12;19361.0;19361.0;792.0;18569.0;2;0;0;0;0;0;0;0;5.944983747097401;0;0;8;0;0;2;264.0;01;7;1;Depot;H318;64;Moderat (0° bis 19,99° C);Abend;Klar;Minnesota;Herbst;Entgleisung;General Switching Rules;Human Factors;Depot/Rangieren, EinzelneWagen;15286.609116749132;Nicht Signifikant;False
3826;1015041;2019;10;8;155158.0;155158.0;0.0;155158.0;2;0;0;0;0;0;0;0;3.9542723449729715;2;0;7;0;0;0;513.336383802324;04;7;1;Depot;M599;53;Moderat (0° bis 19,99° C);Abend;Klar;Tennessee;Herbst;Kollision;Other Miscellaneous;Miscellaneous Causes;Depot/Rangieren, EinzelneWagen;141232.4776988895;Nicht Signifikant;False
3827;101506;2012;9;22;20000.0;20000.0;0.0;20000.0;3;0;0;0;0;0;0;0;11.917117953470694;44;0;2;0;0;0;92.33638380232397;09;1;4;Hauptstrecke;H402;56;Moderat (0° bis 19,99° C);Tag;Regen;Indiana;Sommer;Kollision;Main Track Authority;Human Factors;Güterzug, Wartungszug;15427.337241592102;Nicht Signifikant;False
3828;1015546;2019;10;11;106680.0;106680.0;0.0;106680.0;4;0;0;0;0;0;0;0;3.0;44;1;33;0;0;0;3020.0;04;7;1;Depot;H306;70;Warm (20° bis 31,99° C);Tag;Regen;Louisiana;Herbst;Kollision;General Switching Rules;Human Factors;Depot/Rangieren, Depot/Rangieren;96604.18364574843;Nicht Signifikant;False
3829;101572;2012;9;27;84200.0;84200.0;1200.0;83000.0;4;0;0;0;0;0;0;0;4.949628046035187;37;0;6;0;0;1;3001.1220246462776;04;7;1;Depot;H306;85;Warm (20° bis 31,99° C);Tag;Klar;Georgia;Herbst;Kollision;General Switching Rules;Human Factors;Depot/Rangieren, Güterzug;65403.13810781419;Nicht Signifikant;False
3830;1015CB009;2015;10;19;28385.0;28385.0;2456.0;25929.0;4;1;0;0;0;0;0;0;4.5;11;0;4;0;0;0;1665.0;01;7;1;Depot;H607;54;Moderat (0° bis 19,99° C);Abend;Klar;Iowa;Herbst;Entgleisung;Speed;Human Factors;Depot/Rangieren, Lokomotive;25046.324891908585;Nicht Signifikant;False
3831;1015ES009;2015;10;23;69272.0;69272.0;0.0;69272.0;0;0;0;0;0;0;0;0;17.5;0;0;2;0;0;0;130.67276760464793;09;A;2;Hauptstrecke;H199;68;Warm (20° bis 31,99° C);Tag;Klar;Illinois;Herbst;Kollision;Employee Physical Condition;Human Factors;Wartungszug, Wartungszug;62497.29339588596;Nicht Signifikant;False
3832;1015LV005;2015;10;8;510867.0;510867.0;0.0;510867.0;3;0;0;0;0;0;0;0;11.917117953470694;135;0;1;0;0;0;19370.336383802325;09;1;2;Nebenstrecke;H997;79;Warm (20° bis 31,99° C);Tag;Klar;Louisiana;Herbst;Kollision;Miscellaneous;Human Factors;Güterzug, Wartungszug;453942.5981873112;Signifikant;False
3833;1015LV007;2015;10;10;15663.0;15663.0;2286.0;13377.0;3;0;0;0;0;0;0;0;0.9576069890484339;25;0;109;0;0;4;7471.0;04;6;X;Depot;H306;66;Moderat (0° bis 19,99° C);Abend;Klar;Louisiana;Herbst;Kollision;General Switching Rules;Human Factors;EinzelneWagen, EinzelneWagen, Güterzug;13780.97779863331;Nicht Signifikant;False
3834;101689;1989;10;16;20723.0;20723.0;398.0;20325.0;4;0;0;0;0;0;0;0;8.5;31;1;20;0;0;0;3220.0;05;1;X;Depot;H999;60;Moderat (0° bis 19,99° C);Abend;Wolkig;Illinois;Herbst;Kollision;Miscellaneous;Human Factors;Güterzug, Güterzug;17578.250911866995;Nicht Signifikant;False
3835;101699R001;1999;10;16;11100.0;11100.0;0.0;11100.0;5;0;0;0;0;0;0;0;5.0;0;0;0;0;0;0;69.7799471826711;02;2;1;Depot;H501;46;Moderat (0° bis 19,99° C);Abend;Klar;Pennsylvania;Herbst;Kollision;Train Handling/Train Makeup;Human Factors;Personenzug, Personenzug;10212.844261792308;Nicht Signifikant;False
3836;1016ES003;2016;10;7;20103.0;20103.0;0.0;20103.0;0;0;0;0;0;0;0;0;39.78707758321272;0;0;2;0;0;0;130.67276760464793;09;A;4;Hauptstrecke;H402;60;Moderat (0° bis 19,99° C);Tag;Klar;Texas;Herbst;Kollision;Main Track Authority;Human Factors;Wartungszug, Wartungszug;18045.78096947935;Nicht Signifikant;False
3837;1016LA019;2016;10;28;21662.0;21662.0;150.0;21512.0;4;0;0;0;0;0;0;0;2.958916643910756;19;0;18;0;0;6;3055.0;01;7;1;Depot;H702;70;Warm (20° bis 31,99° C);Abend;Wolkig;Kalifornien;Herbst;Entgleisung;Switches, Use of;Human Factors;Depot/Rangieren, EinzelneWagen;19833.363852774215;Nicht Signifikant;False
3838;1016TC010;2016;10;31;44456.0;44456.0;4797.0;39659.0;2;0;0;0;0;0;0;0;3.9542723449729715;17;0;33;0;0;5;3219.0;01;7;1;Industriestrecke;T314;44;Moderat (0° bis 19,99° C);Morgendämmerung;Wolkig;Minnesota;Herbst;Entgleisung;Frogs, Switches and Track Appliances;Track, Roadbed and Structures;Depot/Rangieren, EinzelneWagen;40613.92289420793;Nicht Signifikant;False
3839;101732;2006;8;4;42000.0;42000.0;0.0;42000.0;1;0;0;0;0;0;0;0;4.949628046035187;0;0;0;7;0;0;204.67993898637036;05;7;1;Depot;H307;90;Heiß (>= 32° C);Tag;Klar;District of Columbia;Sommer;Kollision;General Switching Rules;Human Factors;Depot/Rangieren, EinzelneWagen;32833.02063789869;Nicht Signifikant;False
3840;1017LK003;2017;10;2;212917.0;212917.0;84456.0;128461.0;3;0;0;0;0;0;0;0;9.926406551346263;71;8;64;0;0;0;10726.0;01;6;1;Nebenstrecke;E34C;85;Warm (20° bis 31,99° C);Morgendämmerung;Klar;Arkansas;Herbst;Entgleisung;Coupler and Draft System;Mechanical and Electrical Failures;EinzelneWagen, Güterzug;181298.5354223433;Signifikant;False
3841;1017LV003;2017;10;3;41154.0;41154.0;0.0;41154.0;2;0;0;0;0;0;0;0;6.940339448159618;15;0;15;0;0;0;2143.8899735913355;04;7;1;Industriestrecke;H605;70;Warm (20° bis 31,99° C);Morgendämmerung;Wolkig;Louisiana;Herbst;Kollision;Speed;Human Factors;Depot/Rangieren, Lokomotive;35015.74066195865;Nicht Signifikant;False
3842;101807;2012;10;15;34100.0;34100.0;9500.0;24600.0;5;0;0;0;0;0;0;0;2.0;97;2;36;0;0;3;11058.091526636657;05;7;X;Depot;H306;67;Moderat (0° bis 19,99° C);Abend;Klar;North Carolina;Herbst;Kollision;General Switching Rules;Human Factors;Depot/Rangieren, Güterzug;26289.41484850821;Nicht Signifikant;False
3843;1018725;2019;11;12;35000.0;35000.0;0.0;35000.0;2;0;0;0;0;0;0;0;3.9542723449729715;35;0;63;0;0;0;5616.0;04;7;1;Depot;H307;32;Moderat (0° bis 19,99° C);Abenddämmerung;Wolkig;Louisiana;Herbst;Kollision;General Switching Rules;Human Factors;Depot/Rangieren, Depot/Rangieren;31774.85247389923;Nicht Signifikant;False
3844;1018DV004;2018;10;4;3832907.0;3832907.0;333554.0;3499353.0;6;3;2;0;0;0;0;0;54.71741309914595;185;59;77;0;0;6;25891.0;03;1;4;Hauptstrecke;E03C;46;Moderat (0° bis 19,99° C);Abend;Wolkig;Wyoming;Herbst;Kollision;Brakes;Mechanical and Electrical Failures;Güterzug, Güterzug;3332383.063814989;Schwer;False
3845;1018LK009;2018;10;8;98806.0;98806.0;66091.0;32715.0;2;0;0;0;0;0;0;0;7.935695149221832;31;1;9;0;0;0;2377.0;01;6;2;Hauptstrecke;H702;80;Warm (20° bis 31,99° C);Abend;Klar;Tennessee;Herbst;Entgleisung;Switches, Use of;Human Factors;EinzelneWagen, Güterzug;86082.94127896847;Nicht Signifikant;False
3846;1019LA020;2019;10;18;38708.0;38708.0;34849.0;3859.0;4;1;0;0;0;0;0;0;9.926406551346263;54;5;0;0;0;0;3628.8899735913355;01;7;1;Depot;T217;63;Moderat (0° bis 19,99° C);Morgendämmerung;Klar;Kalifornien;Herbst;Entgleisung;Rail, Joint Bar and Rail Anchoring;Track, Roadbed and Structures;Depot/Rangieren, Lokomotive;34734.38621679827;Nicht Signifikant;False
3847;1019ST022;2019;10;21;82107.0;82107.0;71234.0;10873.0;4;2;0;0;0;0;0;0;7.935695149221832;8;7;0;0;0;0;4546.889973591336;01;1;1;Depot;H511;84;Warm (20° bis 31,99° C);Tag;Klar;Arizona;Herbst;Entgleisung;Train Handling/Train Makeup;Human Factors;Güterzug, Lokomotive;73486.97753512934;Nicht Signifikant;False
3848;102076;2012;11;3;24600.0;24600.0;0.0;24600.0;5;0;0;0;0;0;0;0;1.5;53;3;95;0;0;1;9051.639574890118;04;7;1;Depot;H306;39;Moderat (0° bis 19,99° C);Abenddämmerung;Klar;Indiana;Herbst;Kollision;General Switching Rules;Human Factors;Depot/Rangieren, Güterzug;19180.289523611507;Nicht Signifikant;False
3849;1020875;1987;6;13;28110.0;28110.0;2110.0;26000.0;3;1;0;0;0;0;0;0;9.926406551346263;28;0;28;0;0;0;4107.487319909584;04;7;X;Depot;H999;80;Warm (20° bis 31,99° C);Abenddämmerung;Klar;Wisconsion;Frühling;Kollision;Miscellaneous;Human Factors;Depot/Rangieren, Depot/Rangieren;23844.26159979642;Nicht Signifikant;True
3850;102149;2012;11;9;13660.0;13660.0;0.0;13660.0;2;0;0;0;0;0;0;0;1.5;17;0;27;0;0;2;2828.669309115566;03;7;1;Depot;M407;50;Moderat (0° bis 19,99° C);Tag;Klar;Pennsylvania;Herbst;Kollision;Unusual Operational Situations;Miscellaneous Causes;Depot/Rangieren, EinzelneWagen;10760.989443831731;Nicht Signifikant;False
3851;102262;1985;2;2;449993.0;449993.0;4177.0;445816.0;3;3;0;2;0;0;0;0;11.917117953470694;31;8;5;0;0;0;4137.989370172551;03;6;3;Hauptstrecke;H603;10;Kalt (-30° - 0,01° C);Abend;Klar;Iowa;Winter;Kollision;Speed;Human Factors;EinzelneWagen, Güterzug;381705.8274662821;Signifikant;False
3852;102296;2012;11;23;12500.0;12500.0;0.0;12500.0;3;0;0;0;0;0;0;0;0.9682052417863254;4;0;1;0;0;1;566.8164184217309;03;6;X;Depot;H318;35;Moderat (0° bis 19,99° C);Morgendämmerung;Klar;Georgia;Herbst;Kollision;General Switching Rules;Human Factors;EinzelneWagen, Güterzug;9683.166782864668;Nicht Signifikant;False
3853;1023488;2020;1;10;14300.0;14300.0;0.0;14300.0;1;0;0;0;0;0;0;0;1.0;12;0;55;0;0;0;3788.336383802324;04;7;1;Depot;M599;42;Moderat (0° bis 19,99° C);Tag;Regen;Indiana;Winter;Kollision;Other Miscellaneous;Miscellaneous Causes;Depot/Rangieren, EinzelneWagen;12893.336939861148;Nicht Signifikant;False
3854;102399;1999;10;23;600000.0;600000.0;0.0;600000.0;2;0;0;0;0;0;0;0;49.740634593834876;0;0;0;7;0;0;203.4208906536993;03;8;2;Depot;E08L;45;Moderat (0° bis 19,99° C);Abend;Klar;Pennsylvania;Herbst;Kollision;Brakes;Mechanical and Electrical Failures;Lokomotive, Personenzug;559023.5721606262;Signifikant;True
3855;1024689;2020;1;23;95000.0;95000.0;0.0;95000.0;2;0;0;0;0;0;0;0;5.0;19;0;25;0;0;2;3506.742863252126;04;7;1;Depot;H099;31;Kalt (-30° - 0,01° C);Abend;Schnee;Indiana;Winter;Kollision;Brakes, Use of;Human Factors;Depot/Rangieren, EinzelneWagen;85655.03561446218;Nicht Signifikant;False
3856;102489;1989;10;24;109679.0;109679.0;1926.0;107753.0;6;3;0;0;0;0;0;0;3.5;40;0;57;0;0;8;6860.0;03;1;1;Depot;H999;60;Moderat (0° bis 19,99° C);Abend;Klar;Illinois;Herbst;Kollision;Miscellaneous;Human Factors;Güterzug, Güterzug;93035.03265756213;Nicht Signifikant;False
3857;1025335;2020;1;29;12700.0;12700.0;0.0;12700.0;2;0;0;0;0;0;0;0;2.5;1;0;19;0;0;0;144.33638380232395;04;7;1;Depot;H310;56;Moderat (0° bis 19,99° C);Tag;Wolkig;Louisiana;Winter;Kollision;General Switching Rules;Human Factors;Depot/Rangieren, EinzelneWagen;11544.405054085992;Nicht Signifikant;False
3858;1025852;2020;1;24;20250.0;;;;4;0;0;0;0;0;0;0;7.871390298443665;0;0;98;0;0;0;13542.0;04;1;1;Depot;H306;20;Kalt (-30° - 0,01° C);Abend;Klar;New York;Winter;Kollision;General Switching Rules;Human Factors;Güterzug, Güterzug;18350.70231082918;Nicht Signifikant;False
3859;102595;2012;12;17;17500.0;17500.0;0.0;17500.0;0;0;0;1;0;0;0;0;1.5;0;0;2;0;0;0;130.67276760464793;03;A;4;Hauptstrecke;H997;39;Moderat (0° bis 19,99° C);Tag;Regen;Illinois;Herbst;Kollision;Miscellaneous;Human Factors;Wartungszug, Wartungszug;13297.87234042553;Signifikant;False
3860;102603;2003;10;26;27500.0;27500.0;0.0;27500.0;4;0;0;2;0;0;0;0;14.903185056657339;0;0;0;0;0;0;69.7799471826711;03;8;2;Depot;H607;70;Warm (20° bis 31,99° C);Tag;Klar;Illinois;Herbst;Kollision;Speed;Human Factors;Lokomotive, Lokomotive;23386.342376052384;Signifikant;False
3861;102752;2012;12;30;119600.0;119600.0;40500.0;79100.0;4;0;0;0;0;0;0;0;7.0;20;0;57;0;0;6;4089.254027510622;05;7;1;Depot;H305;50;Moderat (0° bis 19,99° C);Tag;Klar;Georgia;Winter;Kollision;General Switching Rules;Human Factors;Depot/Rangieren, Depot/Rangieren;90672.46215662986;Nicht Signifikant;False
3862;102890A;1990;10;28;124900.0;124900.0;0.0;124900.0;2;0;0;0;0;0;0;0;5.5;0;0;0;7;1;0;246.52038769028735;04;2;1;Depot;H310;54;Moderat (0° bis 19,99° C);Abend;Regen;Massachusetts;Herbst;Kollision;General Switching Rules;Human Factors;Personenzug, Personenzug;105946.22105352447;Nicht Signifikant;False
3863;1029697;2020;3;14;12000.0;12000.0;0.0;12000.0;2;0;0;0;0;0;0;0;4.0;41;0;2;0;0;0;490.647398120594;04;7;1;Depot;H318;32;Moderat (0° bis 19,99° C);Tag;Wolkig;Illinois;Winter;Kollision;General Switching Rules;Human Factors;Depot/Rangieren, EinzelneWagen;10789.749737749138;Nicht Signifikant;False
3864;102986;1986;10;29;11799.0;11799.0;6398.0;17200.0;4;0;0;0;0;0;0;0;3.5;69;4;55;0;0;2;7600.0;01;1;1;Depot;T308;40;Moderat (0° bis 19,99° C);Abend;Klar;New Jersey;Herbst;Entgleisung;Frogs, Switches and Track Appliances;Track, Roadbed and Structures;Güterzug, Güterzug;10008.482483671218;Nicht Signifikant;False
3865;102993;1993;10;29;60150.0;60150.0;10300.0;110000.0;4;2;0;0;0;0;0;0;10.0;54;8;18;0;0;0;6435.078571577378;01;1;1;Hauptstrecke;T210;0;Kalt (-30° - 0,01° C);Abend;Klar;Kalifornien;Herbst;Entgleisung;Rail, Joint Bar and Rail Anchoring;Track, Roadbed and Structures;Güterzug, Güterzug;51022.13928238188;Nicht Signifikant;False
3866;103010;2013;1;16;18450.0;18450.0;0.0;18450.0;3;0;0;0;0;0;0;0;1.9635609428485408;80;0;41;0;0;0;10418.676728173874;05;7;1;Depot;M599;30;Kalt (-30° - 0,01° C);Abend;Klar;Pennsylvania;Winter;Kollision;Other Miscellaneous;Miscellaneous Causes;Depot/Rangieren, EinzelneWagen;13896.211493560291;Nicht Signifikant;False
3867;1030125;2020;3;18;125150.0;125150.0;250.0;124900.0;2;0;0;0;0;0;0;0;3.9542723449729715;40;0;39;0;0;1;6456.647398120594;04;7;1;Depot;H307;45;Moderat (0° bis 19,99° C);Tag;Regen;Indiana;Winter;Kollision;General Switching Rules;Human Factors;Depot/Rangieren, EinzelneWagen;114459.48417779405;Nicht Signifikant;False
3868;103042;2013;1;20;63725.0;63725.0;1200.0;62525.0;4;0;0;0;0;0;0;0;2.5;75;1;17;0;0;2;9480.860382528026;05;7;1;Depot;H020;43;Moderat (0° bis 19,99° C);Tag;Klar;New Jersey;Winter;Kollision;Brakes, Use of;Human Factors;Depot/Rangieren, Güterzug;47829.622216662494;Nicht Signifikant;False