index;INCDTNO;YEAR4;MONTH;DAY;ACCDMG;INFRASTRUCTURE_DMG;TRKDMG;EQPDMG;LOCOMOTIVES1;LOCOMOTIVES2;RREMPKLD;RREMPINJ;PASSKLD;PASSINJ;OTHERKLD;OTHERINJ;SPEED;LOADF1;LOADF2;EMPTYF1;EMPTYP1;LOADP1;EMPTYF2;TONS;TYPE;TYPEQ;TRKCLAS;TYPTRK;ACCAUSE;TEMP;TEMP_CLUSTER;VISIBLTY;WEATHER;STATE;Jahreszeit;ACCIDENT_TYPE;ACCCAUSE_LVL1;ACCCAUSE_LVL2;EQUIPMENT_TYPE;ACCDMG_EUR;ACCTYPE;SPD_TOO_HIGH
3869;103092;1992;10;30;11100.0;11100.0;2100.0;9000.0;4;0;0;0;0;0;0;0;6.940339448159618;32;8;0;0;0;0;4194.889973591336;01;1;X;Hauptstrecke;M599;40;Moderat (0° bis 19,99° C);Abenddämmerung;Wolkig;New Hampshire;Herbst;Entgleisung;Other Miscellaneous;Miscellaneous Causes;Güterzug, NaN;9415.556875053015;Nicht Signifikant;False
3870;1033;1986;9;18;90933.0;90933.0;8733.0;82200.0;2;1;0;4;0;0;0;0;20.0;9;1;5;0;0;5;1272.8380330957875;02;7;X;Depot;H999;71;Warm (20° bis 31,99° C);Abenddämmerung;Wolkig;Maryland;Sommer;Kollision;Miscellaneous;Human Factors;Depot/Rangieren, Lokomotive;77133.76876749512;Signifikant;True
3871;103365;2013;2;10;72436.0;72436.0;500.0;71936.0;3;0;0;0;0;0;0;0;8.931050850284048;48;4;0;0;0;0;5608.572488578332;01;7;X;Depot;T207;45;Moderat (0° bis 19,99° C);Tag;Wolkig;Illinois;Winter;Entgleisung;Rail, Joint Bar and Rail Anchoring;Track, Roadbed and Structures;Depot/Rangieren, Lokomotive;54115.947803566094;Nicht Signifikant;False
3872;1033723;2020;4;28;11000.0;11000.0;0.0;11000.0;2;0;0;0;0;0;0;0;3.5;2;0;9;0;0;0;571.3124881400838;04;7;1;Depot;H302;78;Warm (20° bis 31,99° C);Tag;Wolkig;Louisiana;Frühling;Kollision;General Switching Rules;Human Factors;Depot/Rangieren, EinzelneWagen;10113.082651466399;Nicht Signifikant;False
3873;103498;2013;2;16;14685.0;14685.0;0.0;14685.0;3;0;0;0;0;0;0;0;4.949628046035187;56;0;58;0;0;0;8767.2292042243;05;6;1;Depot;H302;21;Kalt (-30° - 0,01° C);Abend;Schnee;Pennsylvania;Winter;Kollision;General Switching Rules;Human Factors;EinzelneWagen, Güterzug;11013.199340033;Nicht Signifikant;False
3874;103687;2013;3;4;23185.0;23185.0;2500.0;20685.0;2;0;0;0;0;0;0;0;6.0;67;1;0;0;0;0;7776.914788227624;01;6;1;Depot;H018;30;Kalt (-30° - 0,01° C);Tag;Klar;Ohio;Winter;Entgleisung;Brakes, Use of;Human Factors;EinzelneWagen, Güterzug;17825.017298377796;Nicht Signifikant;False
3875;103777;2013;3;10;18000.0;18000.0;500.0;17500.0;2;1;0;0;0;0;0;0;2.0;29;0;25;0;0;0;4129.9055138058775;05;7;1;Depot;H702;55;Moderat (0° bis 19,99° C);Tag;Klar;Indiana;Winter;Kollision;Switches, Use of;Human Factors;Depot/Rangieren, Depot/Rangieren;13818.51681252879;Nicht Signifikant;False
3876;103810;2013;3;12;13850.0;13850.0;200.0;13650.0;4;2;0;0;0;0;0;0;5.5;51;0;102;0;0;3;8981.382543553893;05;1;1;Depot;H702;34;Moderat (0° bis 19,99° C);Tag;Wolkig;Indiana;Winter;Kollision;Switches, Use of;Human Factors;Güterzug, Lokomotive;10610.587604382135;Nicht Signifikant;False
3877;104063;2013;3;30;17000.0;17000.0;16000.0;1000.0;5;0;0;0;0;0;0;0;2.5;120;0;90;0;0;2;17564.914287845873;05;7;1;Depot;H525;50;Moderat (0° bis 19,99° C);Abenddämmerung;Klar;Indiana;Frühling;Kollision;Train Handling/Train Makeup;Human Factors;Depot/Rangieren, Güterzug;13261.56486465403;Nicht Signifikant;False
3878;104094;2007;4;11;8245.0;8245.0;0.0;8245.0;1;0;0;0;0;0;0;0;6.940339448159618;0;0;0;1;0;0;87.7923262505285;01;5;1;Depot;H401;38;Moderat (0° bis 19,99° C);Abend;Regen;Illinois;Frühling;Entgleisung;Main Track Authority;Human Factors;EinzelneWagen, Lokomotive;6144.73095841407;Nicht Signifikant;False
3879;104140;2013;4;5;217525.0;217525.0;0.0;217525.0;2;0;0;0;0;0;0;0;37.79636618108829;76;0;1;0;0;0;10895.336383802323;03;1;3;Hauptstrecke;H221;50;Moderat (0° bis 19,99° C);Tag;Klar;Ohio;Frühling;Kollision;Flagging, Fixed, Hand and Radio Signals;Human Factors;Güterzug, Wartungszug;168050.83436341162;Signifikant;False
3880;104190;2013;4;10;41989.0;41989.0;500.0;41489.0;3;0;0;0;0;0;0;0;3.0;30;0;97;0;0;1;6840.511543401908;05;7;9;Depot;H306;43;Moderat (0° bis 19,99° C);Abend;Klar;Michigan;Frühling;Kollision;General Switching Rules;Human Factors;Depot/Rangieren, Güterzug;32086.963166743084;Nicht Signifikant;False
3881;104469;2013;4;30;55300.0;55300.0;5000.0;50300.0;2;0;0;0;0;0;0;0;4.949628046035187;3;0;59;0;0;2;2210.350492457577;03;7;1;Depot;S006;68;Warm (20° bis 31,99° C);Abend;Klar;Pennsylvania;Frühling;Kollision;SIGNAL AND COMMUNICATION;Signal and Communication;Depot/Rangieren, EinzelneWagen;42304.161566707466;Nicht Signifikant;False
3882;104652;2013;5;13;13750.0;13750.0;0.0;13750.0;0;0;0;1;0;0;0;0;2.958916643910756;0;0;2;0;0;0;130.67276760464793;03;5;4;Hauptstrecke;H997;56;Moderat (0° bis 19,99° C);Tag;Klar;Indiana;Frühling;Kollision;Miscellaneous;Human Factors;EinzelneWagen, Wartungszug;10598.936252216143;Signifikant;False
3883;1047;1987;5;17;12700.0;12700.0;7100.0;5600.0;0;0;0;0;0;0;0;0;4.949628046035187;9;1;15;0;0;1;1571.3819967280442;04;6;1;Depot;H302;76;Warm (20° bis 31,99° C);Tag;Klar;Maryland;Frühling;Kollision;General Switching Rules;Human Factors;EinzelneWagen, EinzelneWagen;10772.754262448045;Nicht Signifikant;False
3884;104847;2013;5;30;35300.0;35300.0;2000.0;33300.0;6;0;0;0;0;0;0;0;2.5;106;2;140;0;0;1;16431.262493437483;04;7;1;Depot;E30C;88;Warm (20° bis 31,99° C);Abend;Klar;Georgia;Frühling;Kollision;Coupler and Draft System;Mechanical and Electrical Failures;Depot/Rangieren, Depot/Rangieren;27271.32262051916;Nicht Signifikant;False
3885;104872;2013;5;30;16500.0;16500.0;0.0;16500.0;3;0;0;0;0;0;0;0;2.0;91;0;15;0;0;0;10878.401732510018;05;7;1;Depot;M407;70;Warm (20° bis 31,99° C);Tag;Klar;Indiana;Frühling;Kollision;Unusual Operational Situations;Miscellaneous Causes;Depot/Rangieren, Depot/Rangieren;12747.218788627935;Nicht Signifikant;False
3886;105094;2013;6;16;11000.0;11000.0;0.0;11000.0;2;0;0;0;0;0;0;0;0.9682052417863254;0;0;5;0;0;0;222.01199823761317;05;7;1;Depot;H302;72;Warm (20° bis 31,99° C);Abenddämmerung;Klar;Pennsylvania;Frühling;Kollision;General Switching Rules;Human Factors;Depot/Rangieren, Lokomotive;8254.746479225554;Nicht Signifikant;False
3887;105208;2013;6;24;20000.0;20000.0;0.0;20000.0;0;0;0;0;0;0;0;0;3.0;0;0;2;0;0;0;130.67276760464793;03;A;4;Hauptstrecke;H997;91;Heiß (>= 32° C);Tag;Klar;Illinois;Sommer;Kollision;Miscellaneous;Human Factors;Wartungszug, Wartungszug;15283.509093687911;Nicht Signifikant;False
3888;105518;2013;7;14;195200.0;195200.0;73500.0;121700.0;2;0;0;0;0;0;0;0;6.940339448159618;31;0;5;0;0;5;3584.8164184217308;01;5;1;Depot;H704;78;Warm (20° bis 31,99° C);Abend;Regen;Missouri;Sommer;Entgleisung;Switches, Use of;Human Factors;EinzelneWagen, Güterzug;149930.87203645863;Nicht Signifikant;False
3889;105556;2013;7;17;10168.0;10168.0;0.0;10168.0;5;0;0;0;0;0;0;0;28.0;122;0;59;0;0;0;18438.0;07;1;4;Hauptstrecke;M399;78;Warm (20° bis 31,99° C);Abend;Klar;Pennsylvania;Sommer;Bahnübergang;Loading Procedures;Loading;Güterzug, Güterzug;7740.5602923264305;Nicht Signifikant;False
3890;105600;2013;7;20;16150.0;16150.0;0.0;16150.0;3;0;0;0;0;0;0;0;4.949628046035187;20;0;108;0;0;1;5634.620775173996;05;7;1;Depot;M407;81;Warm (20° bis 31,99° C);Abend;Klar;Indiana;Sommer;Kollision;Unusual Operational Situations;Miscellaneous Causes;Depot/Rangieren, Depot/Rangieren;12293.21018978991;Nicht Signifikant;False
3891;105689;2013;7;25;84581.0;84581.0;3500.0;81081.0;2;0;0;0;0;0;0;0;4.949628046035187;42;3;28;0;0;3;5763.358490170864;06;7;1;Depot;E34C;66;Moderat (0° bis 19,99° C);Morgendämmerung;Klar;New Jersey;Sommer;Kollision;Coupler and Draft System;Mechanical and Electrical Failures;Depot/Rangieren, EinzelneWagen;64066.80805938494;Nicht Signifikant;False
3892;105717;2013;7;28;152550.0;152550.0;10000.0;142550.0;4;0;0;0;0;0;0;0;3.5;83;1;117;0;0;3;13097.925322652805;04;7;1;Depot;M411;73;Warm (20° bis 31,99° C);Abend;Wolkig;Pennsylvania;Sommer;Kollision;Unusual Operational Situations;Miscellaneous Causes;Depot/Rangieren, Depot/Rangieren;114987.43718592965;Nicht Signifikant;False
3893;106123;2013;8;27;58048.0;58048.0;17000.0;41048.0;3;1;0;0;0;0;0;0;2.0;14;0;63;0;0;5;3587.9079069815944;01;7;1;Depot;H702;74;Warm (20° bis 31,99° C);Abend;Klar;Indiana;Sommer;Entgleisung;Switches, Use of;Human Factors;Depot/Rangieren, Depot/Rangieren;43520.76773129404;Nicht Signifikant;False
3894;10627MBTAA;1991;6;27;7600.0;7600.0;2700.0;4900.0;2;0;0;0;0;0;0;0;6.940339448159618;0;0;0;11;2;0;364.18749766364715;01;2;1;Depot;H799;84;Warm (20° bis 31,99° C);Tag;Klar;Massachusetts;Sommer;Entgleisung;Switches, Use of;Human Factors;Personenzug, Personenzug;6446.687590126388;Nicht Signifikant;False
3895;106296;2013;9;6;10266.0;10266.0;650.0;9616.0;1;1;0;0;0;0;0;0;6.940339448159618;6;1;1;0;0;1;803.8599801864308;01;7;1;Industriestrecke;T311;80;Warm (20° bis 31,99° C);Tag;Klar;New Jersey;Sommer;Entgleisung;Frogs, Switches and Track Appliances;Track, Roadbed and Structures;Depot/Rangieren, EinzelneWagen;7826.4847144926425;Nicht Signifikant;False
3896;106908;2013;10;24;11200.0;11200.0;1200.0;10000.0;4;0;0;0;0;0;0;0;4.5;39;0;21;0;0;2;5148.654187493323;01;7;1;Depot;H312;40;Moderat (0° bis 19,99° C);Morgendämmerung;Klar;Illinois;Herbst;Entgleisung;General Switching Rules;Human Factors;Depot/Rangieren, Güterzug;8113.002535313292;Nicht Signifikant;False
3897;106955;2008;2;7;183000.0;183000.0;0.0;178000.0;3;0;0;0;0;8;0;0;11.917117953470694;0;0;0;2;4;0;288.44620885247707;03;8;1;Depot;H607;51;Moderat (0° bis 19,99° C);Tag;Klar;District of Columbia;Winter;Kollision;Speed;Human Factors;Lokomotive, Nahverkehrszug;125609.17015581028;Schwer;True
3898;10755;2003;11;9;8055.0;8055.0;1055.0;7000.0;2;1;0;0;0;0;0;0;2.958916643910756;5;1;37;0;0;0;1534.8899735913355;04;1;2;Depot;H702;35;Moderat (0° bis 19,99° C);Tag;Klar;Illinois;Herbst;Kollision;Switches, Use of;Human Factors;Güterzug, Lokomotive;7026.751962779877;Nicht Signifikant;False
3899;107736;2013;11;13;78828.0;78828.0;450.0;78378.0;2;0;0;0;0;0;0;0;3.9542723449729715;12;0;3;0;0;1;1527.688306786145;01;7;1;Depot;H312;38;Moderat (0° bis 19,99° C);Tag;Klar;New Jersey;Herbst;Entgleisung;General Switching Rules;Human Factors;Depot/Rangieren, EinzelneWagen;58761.08833395453;Nicht Signifikant;False
3900;107751;2013;11;15;18802.0;18802.0;0.0;18802.0;2;0;0;0;0;0;0;0;5.5;1;0;1;0;0;0;213.98378192291796;05;7;1;Depot;S007;36;Moderat (0° bis 19,99° C);Abend;Klar;New Jersey;Herbst;Kollision;SIGNAL AND COMMUNICATION;Signal and Communication;Depot/Rangieren, EinzelneWagen;13968.796433878157;Nicht Signifikant;False
3901;10801PHLAA;1991;8;1;61046.0;61046.0;19160.0;41886.0;3;0;0;0;0;0;0;0;119.33333333333333;0;0;0;0;10;0;523.0744078131765;05;2;6;Hauptstrecke;T499;95;Heiß (>= 32° C);Tag;Klar;Delaware;Sommer;Kollision;Other Way and Structure;Track, Roadbed and Structures;Personenzug, Personenzug, Personenzug;51782.1698193231;Nicht Signifikant;True
3902;108052;2013;12;6;15650.0;15650.0;0.0;15650.0;1;0;0;0;0;0;0;0;1.9635609428485408;36;0;79;0;0;0;6570.31363690406;05;7;1;Depot;M105;33;Moderat (0° bis 19,99° C);Abenddämmerung;Schnee;Pennsylvania;Herbst;Kollision;Environmental Conditions;Environmental Conditions;Depot/Rangieren, EinzelneWagen;11455.969548349314;Nicht Signifikant;False
3903;10850;2004;3;6;23371.0;23371.0;636.0;22735.0;2;1;0;0;0;0;0;0;3.0;23;0;22;0;0;0;3000.0;04;7;1;Depot;H702;45;Moderat (0° bis 19,99° C);Tag;Wolkig;Illinois;Winter;Kollision;Switches, Use of;Human Factors;Depot/Rangieren, Depot/Rangieren;19083.560152422426;Nicht Signifikant;False
3904;108501601;1985;10;10;46796.0;46796.0;5000.0;41796.0;2;0;0;0;0;0;0;0;9.901875401795017;51;0;19;0;0;5;6054.166758046835;03;6;1;Depot;H306;68;Warm (20° bis 31,99° C);Tag;Klar;South Carolina;Herbst;Kollision;General Switching Rules;Human Factors;EinzelneWagen, EinzelneWagen, Güterzug;39694.630587836116;Nicht Signifikant;False
3905;108509602;1985;10;20;15400.0;15400.0;500.0;14900.0;1;0;0;0;0;0;0;0;4.949628046035187;0;0;15;0;0;9;539.7964119221593;04;7;2;Depot;H302;65;Moderat (0° bis 19,99° C);Abend;Klar;Tennessee;Herbst;Kollision;General Switching Rules;Human Factors;Depot/Rangieren, EinzelneWagen;13063.024853677156;Nicht Signifikant;False
3906;108510609;1985;10;21;14250.0;14250.0;2250.0;12000.0;4;1;0;0;0;0;0;0;4.949628046035187;21;0;4;0;0;0;814.8899735913355;01;1;1;Depot;H704;56;Moderat (0° bis 19,99° C);Abend;Regen;North Carolina;Herbst;Entgleisung;Switches, Use of;Human Factors;Güterzug, Lokomotive;12087.539231486979;Nicht Signifikant;False
3907;108513;1985;10;29;35000.0;35000.0;0.0;35000.0;2;0;0;0;0;0;0;0;12.91247365453291;70;0;49;0;0;0;9421.014845068254;04;6;4;Nebenstrecke;M501;56;Moderat (0° bis 19,99° C);Tag;Wolkig;Illinois;Herbst;Kollision;Other Miscellaneous;Miscellaneous Causes;EinzelneWagen, Güterzug;29688.692849266263;Nicht Signifikant;False
3908;108514;1985;10;7;5200.0;5200.0;0.0;5200.0;2;0;0;0;0;0;0;0;3.9542723449729715;0;0;1;0;0;0;100.22635739365951;04;5;1;Depot;H401;56;Moderat (0° bis 19,99° C);Abend;Klar;Indiana;Herbst;Kollision;Main Track Authority;Human Factors;EinzelneWagen, Lokomotive;4410.891509033845;Nicht Signifikant;False
3909;10855;2004;3;14;17990.0;17990.0;0.0;17990.0;2;0;0;0;0;0;0;0;3.5;50;0;56;0;0;0;7462.650145460946;04;7;2;Depot;H702;15;Kalt (-30° - 0,01° C);Abend;Klar;Illinois;Winter;Kollision;Switches, Use of;Human Factors;Depot/Rangieren, Depot/Rangieren;14669.348481965699;Nicht Signifikant;False
3910;108603601;1986;10;5;21700.0;21700.0;2000.0;19700.0;12;0;0;0;0;0;0;0;19.0;88;0;8;0;0;2;12500.0;01;1;4;Hauptstrecke;H601;65;Moderat (0° bis 19,99° C);Abend;Klar;Tennessee;Herbst;Entgleisung;Speed;Human Factors;Güterzug, Güterzug;18406.989566545082;Nicht Signifikant;False
3911;108608606;1986;10;3;31000.0;31000.0;10000.0;21000.0;3;0;0;0;0;0;0;0;6.940339448159618;57;6;88;0;0;0;8729.073259881734;01;6;1;Depot;T307;87;Warm (20° bis 31,99° C);Abend;Klar;Alabama;Herbst;Entgleisung;Frogs, Switches and Track Appliances;Track, Roadbed and Structures;EinzelneWagen, Güterzug;26295.69938077869;Nicht Signifikant;False
3912;1086OR202;1986;10;11;11900.0;11900.0;900.0;11000.0;3;1;0;0;0;0;0;0;4.949628046035187;45;0;74;0;0;1;8394.889973591336;04;1;1;Depot;H018;40;Moderat (0° bis 19,99° C);Tag;Klar;Oregon;Herbst;Kollision;Brakes, Use of;Human Factors;Güterzug, Lokomotive;10094.15556875053;Nicht Signifikant;False
3913;1086OR203;1986;10;17;9350.0;9350.0;0.0;9350.0;3;0;0;0;0;0;0;0;7.0;28;1;31;0;0;6;4078.0;02;1;1;Depot;H307;55;Moderat (0° bis 19,99° C);Tag;Wolkig;Oregon;Herbst;Kollision;General Switching Rules;Human Factors;Güterzug, Güterzug;7931.1222325897015;Nicht Signifikant;False
3914;1087;1987;10;18;39000.0;39000.0;1000.0;38000.0;5;0;0;0;0;0;0;0;4.949628046035187;14;0;84;0;0;5;4043.939414768285;01;6;1;Depot;M503;44;Moderat (0° bis 19,99° C);Tag;Klar;Iowa;Herbst;Entgleisung;Other Miscellaneous;Miscellaneous Causes;EinzelneWagen, Güterzug;33081.68631775384;Nicht Signifikant;False
3915;1087IL201;1987;10;12;6300.0;6300.0;0.0;6300.0;10;1;0;0;0;0;0;0;4.949628046035187;59;0;65;0;0;2;8331.0;04;7;1;Depot;H306;32;Moderat (0° bis 19,99° C);Abend;Klar;Missouri;Herbst;Kollision;General Switching Rules;Human Factors;Depot/Rangieren, Güterzug;5343.964712867927;Nicht Signifikant;False
3916;1087IL203;1987;10;16;769200.0;769200.0;22500.0;746700.0;6;0;0;0;0;0;0;0;45.0;79;21;75;0;0;16;10183.0;01;1;4;Hauptstrecke;E05C;50;Moderat (0° bis 19,99° C);Tag;Regen;Missouri;Herbst;Entgleisung;Brakes;Mechanical and Electrical Failures;Güterzug, Güterzug;652472.6439901603;Signifikant;False
3917;1087KA200;1987;10;20;41000.0;41000.0;0.0;41000.0;1;0;0;0;0;0;0;0;5.0;4;0;1;0;0;0;490.33638380232395;03;5;3;Hauptstrecke;H999;51;Moderat (0° bis 19,99° C);Tag;Klar;Kansas;Herbst;Kollision;Miscellaneous;Human Factors;EinzelneWagen, Güterzug;34778.18305199762;Nicht Signifikant;False
3918;108803029;1988;10;19;15000.0;15000.0;0.0;15000.0;4;0;0;0;0;0;0;0;20.0;82;0;22;0;0;0;10067.709783223612;04;5;2;Nebenstrecke;H021;60;Moderat (0° bis 19,99° C);Tag;Klar;Tennessee;Herbst;Kollision;Brakes, Use of;Human Factors;EinzelneWagen, Güterzug;12723.7255068284;Nicht Signifikant;False
3919;108812002;1988;10;1;40750.0;40750.0;600.0;40150.0;2;0;0;0;0;0;0;0;8.0;26;2;4;0;0;0;3188.4767077829724;01;7;2;Depot;M407;80;Warm (20° bis 31,99° C);Abend;Regen;Georgia;Herbst;Entgleisung;Unusual Operational Situations;Miscellaneous Causes;Depot/Rangieren, Depot/Rangieren;34566.12096021715;Nicht Signifikant;False
3920;108821006;1988;10;12;8900.0;8900.0;2400.0;6500.0;4;1;0;0;0;0;0;0;6.0;64;4;39;0;0;0;5906.889973591336;01;1;1;Depot;T202;58;Moderat (0° bis 19,99° C);Tag;Klar;Illinois;Herbst;Entgleisung;Rail, Joint Bar and Rail Anchoring;Track, Roadbed and Structures;Güterzug, Lokomotive;7549.41046738485;Nicht Signifikant;False
3921;108823033;1988;10;22;5600.0;5600.0;3000.0;2600.0;2;0;0;0;0;0;0;0;14.903185056657339;38;0;28;0;0;2;4591.742863252126;03;6;2;Hauptstrecke;H603;54;Moderat (0° bis 19,99° C);Tag;Klar;Ohio;Herbst;Kollision;Speed;Human Factors;EinzelneWagen, Güterzug;4750.190855882603;Nicht Signifikant;False
3922;108827013;1988;10;3;14200.0;14200.0;0.0;14200.0;3;1;0;1;0;0;0;0;31.0;141;0;0;0;0;0;17578.647398120593;02;1;3;Hauptstrecke;H402;65;Moderat (0° bis 19,99° C);Tag;Regen;Virginia;Herbst;Kollision;Main Track Authority;Human Factors;Güterzug, Güterzug;12045.126813130884;Signifikant;False
3923;1088KW203;1988;10;20;33650.0;33650.0;0.0;33650.0;1;0;0;0;0;0;0;0;2.958916643910756;33;6;32;0;0;0;4915.714329386712;01;7;1;Depot;H302;60;Moderat (0° bis 19,99° C);Tag;Klar;Missouri;Herbst;Entgleisung;General Switching Rules;Human Factors;Depot/Rangieren, EinzelneWagen;28543.557553651706;Nicht Signifikant;False
3924;1088LU209;1988;10;20;13000.0;13000.0;0.0;13000.0;2;0;0;0;0;0;0;0;3.9542723449729715;11;0;26;0;0;0;2112.718282490213;04;7;1;Depot;H302;69;Warm (20° bis 31,99° C);Morgendämmerung;Wolkig;Louisiana;Herbst;Kollision;General Switching Rules;Human Factors;Depot/Rangieren, EinzelneWagen;11027.228772584613;Nicht Signifikant;False
3925;1088NA207;1988;10;20;10000.0;10000.0;0.0;10000.0;5;0;0;0;0;0;0;0;10.0;20;0;0;0;0;0;1589.8899735913355;03;1;2;Hauptstrecke;H999;60;Moderat (0° bis 19,99° C);Tag;Klar;Oregon;Herbst;Kollision;Miscellaneous;Human Factors;Güterzug, Lokomotive;8482.483671218932;Nicht Signifikant;False
3926;1088NL202;1988;10;2;7550.0;7550.0;0.0;7550.0;3;0;0;0;0;0;0;0;2.0;41;2;46;0;0;2;6176.547373822177;04;1;1;Depot;H306;60;Moderat (0° bis 19,99° C);Tag;Klar;Arkansas;Herbst;Kollision;General Switching Rules;Human Factors;Güterzug, Güterzug;6404.275171770294;Nicht Signifikant;False
3927;1088NL203;1988;10;8;27300.0;27300.0;21800.0;5500.0;2;0;0;0;0;0;0;0;4.949628046035187;23;2;12;0;0;8;3102.61599283836;01;6;1;Depot;M404;70;Warm (20° bis 31,99° C);Tag;Klar;Arkansas;Herbst;Entgleisung;Unusual Operational Situations;Miscellaneous Causes;EinzelneWagen, Güterzug;23157.180422427686;Nicht Signifikant;False
3928;1088NP207;1988;10;29;208189.0;208189.0;64708.0;143481.0;6;2;0;0;0;0;0;0;5.0;87;12;35;0;0;10;11317.29905037192;04;1;2;Depot;H999;28;Kalt (-30° - 0,01° C);Abend;Klar;Nebraska;Herbst;Kollision;Miscellaneous;Human Factors;Güterzug, Güterzug, Güterzug;176595.97930273984;Signifikant;False
3929;1088PC204;1988;10;22;49483.0;49483.0;3500.0;45983.0;4;0;0;0;0;0;0;0;5.5;68;1;104;0;0;4;10728.197344702601;04;7;1;Depot;H702;65;Moderat (0° bis 19,99° C);Tag;Klar;Idaho;Herbst;Kollision;Switches, Use of;Human Factors;Depot/Rangieren, Güterzug;41973.87395029264;Nicht Signifikant;False
3930;1088PD208;1988;10;19;41800.0;41800.0;5000.0;36800.0;2;0;0;0;0;0;0;0;5.0;24;5;46;0;0;0;4298.53821057941;04;7;1;Depot;H306;65;Moderat (0° bis 19,99° C);Abend;Klar;Oregon;Herbst;Kollision;General Switching Rules;Human Factors;Depot/Rangieren, Depot/Rangieren;35456.78174569514;Nicht Signifikant;False
3931;1088SR067;1988;10;27;15060.0;15060.0;0.0;15060.0;0;0;0;2;0;0;0;0;14.903185056657339;0;0;2;0;0;1;132.15280222405482;09;5;3;Hauptstrecke;H402;60;Moderat (0° bis 19,99° C);Tag;Nebel;Texas;Herbst;Kollision;Main Track Authority;Human Factors;EinzelneWagen, EinzelneWagen;12774.620408855712;Signifikant;False
3932;1088UT204;1988;10;10;7200.0;7200.0;400.0;6800.0;1;0;0;0;0;0;0;0;4.949628046035187;35;0;35;0;0;0;5116.914163091313;04;7;2;Depot;H306;60;Moderat (0° bis 19,99° C);Abend;Klar;Utah;Herbst;Kollision;General Switching Rules;Human Factors;Depot/Rangieren, EinzelneWagen;6107.388243277632;Nicht Signifikant;False
3933;108905;1989;10;24;23112.0;23112.0;0.0;23112.0;2;0;0;0;0;0;0;0;4.0;2;0;0;0;0;0;297.294796241188;04;7;1;Depot;H999;68;Warm (20° bis 31,99° C);Tag;Klar;Indiana;Herbst;Kollision;Miscellaneous;Human Factors;Depot/Rangieren, Depot/Rangieren;19604.716260921195;Nicht Signifikant;False
3934;108912016;1989;10;5;23500.0;23500.0;1000.0;22500.0;1;0;0;0;0;0;0;0;4.0;43;2;13;0;0;1;5397.850651298669;04;7;2;Depot;M599;70;Warm (20° bis 31,99° C);Abenddämmerung;Klar;Georgia;Herbst;Kollision;Other Miscellaneous;Miscellaneous Causes;Depot/Rangieren, EinzelneWagen;19933.83662736449;Nicht Signifikant;False
3935;108921025;1989;10;16;34100.0;34100.0;100.0;34000.0;3;0;0;0;0;0;0;0;8.0;83;1;51;0;0;5;13118.17097643617;03;6;3;Hauptstrecke;H702;60;Moderat (0° bis 19,99° C);Abenddämmerung;Regen;Ohio;Herbst;Kollision;Switches, Use of;Human Factors;EinzelneWagen, Güterzug;28925.26931885656;Nicht Signifikant;False
3936;108927034;1989;10;18;9600.0;9600.0;0.0;9600.0;3;0;0;0;0;0;0;0;6.940339448159618;11;0;90;0;0;0;4061.288535993472;04;7;1;Depot;H018;50;Moderat (0° bis 19,99° C);Morgendämmerung;Regen;West Virginia;Herbst;Kollision;Brakes, Use of;Human Factors;Depot/Rangieren, EinzelneWagen;8143.184324370175;Nicht Signifikant;False
3937;1089CA212;1989;10;20;8100.0;8100.0;0.0;8100.0;0;0;0;0;0;0;0;0;1.0;11;0;13;0;0;2;1719.8750189861773;04;6;1;Depot;H313;55;Moderat (0° bis 19,99° C);Abend;Wolkig;Kalifornien;Herbst;Kollision;General Switching Rules;Human Factors;EinzelneWagen, EinzelneWagen;6870.8117736873355;Nicht Signifikant;False
3938;1089CA213;1989;10;26;6000.0;6000.0;0.0;6000.0;0;0;0;0;0;0;0;0;6.0;22;0;63;0;0;1;4492.047164738035;01;6;1;Depot;H301;60;Moderat (0° bis 19,99° C);Abend;Klar;Kalifornien;Herbst;Entgleisung;General Switching Rules;Human Factors;EinzelneWagen, EinzelneWagen;5089.490202731359;Nicht Signifikant;False
3939;1089FR204;1989;10;8;18720.0;18720.0;11120.0;7600.0;1;0;0;0;0;0;0;0;1.9635609428485408;35;3;0;0;0;0;4110.1169287001585;04;7;1;Depot;H305;55;Moderat (0° bis 19,99° C);Abend;Klar;Kalifornien;Herbst;Kollision;General Switching Rules;Human Factors;Depot/Rangieren, EinzelneWagen;15879.209432521842;Nicht Signifikant;False
3940;1089FW214;1989;10;9;10204.0;10204.0;0.0;10204.0;2;0;0;0;0;0;0;0;2.0;4;0;12;0;0;0;890.166567831566;01;7;1;Depot;H302;80;Warm (20° bis 31,99° C);Tag;Klar;Texas;Herbst;Entgleisung;General Switching Rules;Human Factors;Depot/Rangieren, EinzelneWagen;8655.526338111798;Nicht Signifikant;False
3941;1089GR210;1989;10;25;6450.0;6450.0;200.0;6250.0;1;0;0;0;0;0;0;0;3.0;9;1;23;0;0;3;1817.9133476547654;04;7;1;Depot;H018;58;Moderat (0° bis 19,99° C);Tag;Klar;Wyoming;Herbst;Kollision;Brakes, Use of;Human Factors;Depot/Rangieren, EinzelneWagen;5471.201967936211;Nicht Signifikant;False