index;INCDTNO;YEAR4;MONTH;DAY;ACCDMG;INFRASTRUCTURE_DMG;TRKDMG;EQPDMG;LOCOMOTIVES1;LOCOMOTIVES2;RREMPKLD;RREMPINJ;PASSKLD;PASSINJ;OTHERKLD;OTHERINJ;SPEED;LOADF1;LOADF2;EMPTYF1;EMPTYP1;LOADP1;EMPTYF2;TONS;TYPE;TYPEQ;TRKCLAS;TYPTRK;ACCAUSE;TEMP;TEMP_CLUSTER;VISIBLTY;WEATHER;STATE;Jahreszeit;ACCIDENT_TYPE;ACCCAUSE_LVL1;ACCCAUSE_LVL2;EQUIPMENT_TYPE;ACCDMG_EUR;ACCTYPE;SPD_TOO_HIGH
4014;1098CE009;1998;10;12;68000.0;68000.0;35000.0;33000.0;4;1;0;0;0;0;0;0;14.903185056657339;44;1;27;0;0;2;5919.7288124033585;03;4;4;Hauptstrecke;H404;55;Moderat (0° bis 19,99° C);Tag;Klar;Wyoming;Herbst;Kollision;Main Track Authority;Human Factors;Arbeitszug, Güterzug;57680.888964288744;Nicht Signifikant;False
4015;1098NP016;1998;10;28;10000.0;10000.0;0.0;10000.0;2;0;0;0;0;0;0;0;8.0;0;0;0;0;0;0;160.0;04;8;1;Depot;H999;61;Moderat (0° bis 19,99° C);Morgendämmerung;Regen;Nebraska;Herbst;Kollision;Miscellaneous;Human Factors;Lokomotive, Lokomotive;8482.483671218932;Nicht Signifikant;False
4016;1098RS032;1998;10;8;29550.0;29550.0;0.0;29550.0;8;0;0;0;0;0;0;0;1.9635609428485408;26;0;54;0;0;1;4873.413078607262;04;7;1;Depot;H310;78;Warm (20° bis 31,99° C);Tag;Klar;Kalifornien;Herbst;Kollision;General Switching Rules;Human Factors;Depot/Rangieren, Güterzug;25065.739248451944;Nicht Signifikant;False
4017;1098RS035;1998;10;29;7198.0;7198.0;0.0;7198.0;3;1;0;0;0;0;0;0;5.0;29;4;3;0;0;0;3014.2590093950594;04;7;1;Depot;H602;75;Warm (20° bis 31,99° C);Abenddämmerung;Klar;Kalifornien;Herbst;Kollision;Speed;Human Factors;Depot/Rangieren, Depot/Rangieren;6105.691746543388;Nicht Signifikant;False
4018;109901017;1999;10;12;56514.0;56514.0;4500.0;52014.0;1;0;0;0;0;0;0;0;10.0;4;0;71;0;0;1;2572.925357389127;01;6;1;Depot;H702;80;Warm (20° bis 31,99° C);Abend;Klar;Mississippi;Herbst;Entgleisung;Switches, Use of;Human Factors;EinzelneWagen, Güterzug;52975.25309336333;Nicht Signifikant;False
4019;109922028;1999;10;15;28122.0;28122.0;0.0;28122.0;2;0;0;0;0;0;0;0;5.0;36;0;38;0;0;1;5323.490852872943;04;7;1;Depot;H307;50;Moderat (0° bis 19,99° C);Abend;Klar;Maryland;Herbst;Kollision;General Switching Rules;Human Factors;Depot/Rangieren, Depot/Rangieren;25873.585426442176;Nicht Signifikant;False
4020;109929016;1999;10;24;175494.0;175494.0;80700.0;94794.0;8;0;0;0;0;0;0;0;8.0;55;0;270;0;0;10;14297.0;04;1;2;Hauptstrecke;H702;32;Moderat (0° bis 19,99° C);Abend;Klar;Illinois;Herbst;Kollision;Switches, Use of;Human Factors;Güterzug, Güterzug;163890.54912215166;Signifikant;False
4021;109929020;1999;10;27;19072.0;19072.0;1500.0;17572.0;2;0;0;0;0;0;0;0;5.0;40;2;41;0;0;6;5916.478036715604;04;7;2;Hauptstrecke;H306;60;Moderat (0° bis 19,99° C);Abend;Klar;Indiana;Herbst;Kollision;General Switching Rules;Human Factors;Depot/Rangieren, EinzelneWagen;18074.29871114481;Nicht Signifikant;False
4022;109931011;1999;10;14;633973.0;633973.0;28907.0;605066.0;4;0;0;2;0;0;0;0;24.0;88;5;65;0;0;0;9801.0;03;1;4;Hauptstrecke;H216;50;Moderat (0° bis 19,99° C);Abend;Klar;Ohio;Herbst;Kollision;Flagging, Fixed, Hand and Radio Signals;Human Factors;Güterzug, Güterzug;589303.7739356757;Signifikant;False
4023;1099KC015;1999;10;17;50925.0;50925.0;0.0;50925.0;3;0;0;0;0;0;0;0;3.5;65;0;59;0;0;6;7983.0;04;7;1;Depot;H702;48;Moderat (0° bis 19,99° C);Abend;Klar;Missouri;Herbst;Kollision;Switches, Use of;Human Factors;Depot/Rangieren, Depot/Rangieren;46856.31038184328;Nicht Signifikant;False
4024;1099SL003;1999;10;5;13110.0;13110.0;0.0;13110.0;2;0;0;0;0;0;0;0;7.935695149221832;91;0;2;0;0;1;10484.078434386574;01;7;1;Depot;H602;55;Moderat (0° bis 19,99° C);Abenddämmerung;Klar;Missouri;Herbst;Entgleisung;Speed;Human Factors;Depot/Rangieren, EinzelneWagen;12268.388545760808;Nicht Signifikant;False
4025;1099WH016;1999;10;19;197809.0;197809.0;0.0;197809.0;6;0;0;0;0;0;0;0;40.0;164;0;50;0;0;0;25889.0;09;1;4;Hauptstrecke;M501;65;Moderat (0° bis 19,99° C);Tag;Klar;Oklahoma;Herbst;Kollision;Other Miscellaneous;Miscellaneous Causes;Güterzug, Güterzug;182851.72860048065;Signifikant;False
4026;11;1988;2;8;38000.0;38000.0;0.0;38000.0;3;0;0;0;0;0;0;0;10.0;2;0;38;0;0;0;1454.258384258748;04;6;2;Depot;H999;26;Kalt (-30° - 0,01° C);Abend;Wolkig;Virginia;Winter;Kollision;Miscellaneous;Human Factors;EinzelneWagen, Lokomotive;32233.437950631942;Nicht Signifikant;False
4027;110007047;2000;11;26;40563.0;40563.0;500.0;40063.0;2;0;0;0;0;0;0;0;2.0;3;0;37;0;0;2;1540.5294678158316;04;7;1;Depot;H306;45;Moderat (0° bis 19,99° C);Tag;Regen;Ohio;Herbst;Kollision;General Switching Rules;Human Factors;Depot/Rangieren, EinzelneWagen;48197.48098859315;Nicht Signifikant;False
4028;1100DV003;2000;11;4;706881.0;706881.0;91820.0;615061.0;14;2;0;0;0;0;0;0;10.0;105;3;0;0;0;0;13722.889973591336;04;1;3;Hauptstrecke;H215;50;Moderat (0° bis 19,99° C);Tag;Klar;Colorado;Herbst;Kollision;Flagging, Fixed, Hand and Radio Signals;Human Factors;Güterzug, Lokomotive;811667.2407853943;Signifikant;False
4029;1100HO035;2000;11;25;9053.0;9053.0;500.0;8553.0;4;0;0;0;0;0;0;0;4.5;30;1;53;0;0;1;5366.0;04;7;1;Depot;H306;60;Moderat (0° bis 19,99° C);Tag;Klar;Texas;Herbst;Kollision;General Switching Rules;Human Factors;Depot/Rangieren, Depot/Rangieren;10744.125326370757;Nicht Signifikant;False
4030;1100LA014;2000;11;16;24233.0;24233.0;0.0;24233.0;5;0;0;0;0;0;0;0;3.9542723449729715;85;6;11;0;0;0;4502.0;04;7;1;Depot;H307;45;Moderat (0° bis 19,99° C);Abend;Klar;Kalifornien;Herbst;Kollision;General Switching Rules;Human Factors;Depot/Rangieren, Depot/Rangieren;28279.8459563543;Nicht Signifikant;False
4031;1100LK015;2000;11;13;42815.0;42815.0;0.0;42815.0;3;0;0;0;0;0;0;0;1.9635609428485408;37;0;84;0;0;1;7194.0;04;7;1;Depot;H702;60;Moderat (0° bis 19,99° C);Abend;Wolkig;Arkansas;Herbst;Kollision;Switches, Use of;Human Factors;Depot/Rangieren, Güterzug;49669.37354988399;Nicht Signifikant;False
4032;1100LK019;2000;11;17;13854.0;13854.0;11722.0;2132.0;2;0;0;0;0;0;0;0;5.944983747097401;19;4;21;0;0;0;2716.336383802324;01;7;1;Depot;T001;35;Moderat (0° bis 19,99° C);Abend;Klar;Arkansas;Herbst;Entgleisung;Roadbed;Track, Roadbed and Structures;Depot/Rangieren, EinzelneWagen;16231.985940246044;Nicht Signifikant;False
4033;1100NP005;2000;11;4;8788.0;8788.0;0.0;8788.0;6;0;0;0;0;0;0;0;5.0;0;0;0;0;0;0;69.7799471826711;04;8;1;Depot;S012;30;Kalt (-30° - 0,01° C);Abend;Wolkig;Nebraska;Herbst;Kollision;SIGNAL AND COMMUNICATION;Signal and Communication;Lokomotive, Lokomotive;10090.710758984957;Nicht Signifikant;False
4034;1100NS006;2000;11;30;17517.0;17517.0;0.0;17517.0;10;1;0;0;0;0;0;0;5.0;0;0;0;0;0;0;69.7799471826711;04;8;1;Depot;H211;23;Kalt (-30° - 0,01° C);Abend;Wolkig;Nebraska;Herbst;Kollision;Flagging, Fixed, Hand and Radio Signals;Human Factors;Lokomotive, Lokomotive;20171.5799170889;Nicht Signifikant;False
4035;1100PD029;2000;11;22;114858.0;114858.0;10500.0;104358.0;6;1;0;0;0;0;0;0;2.958916643910756;105;4;0;0;0;0;12634.889973591336;01;1;1;Depot;M503;26;Kalt (-30° - 0,01° C);Abend;Klar;Idaho;Herbst;Entgleisung;Other Miscellaneous;Miscellaneous Causes;Güterzug, Lokomotive;136265.27464705185;Nicht Signifikant;False
4036;110101021;2001;11;11;332980.0;332980.0;10000.0;322980.0;2;1;0;0;0;0;0;0;9.0;32;0;10;0;0;5;4021.881807325861;04;7;1;Depot;H104;55;Moderat (0° bis 19,99° C);Abend;Klar;Alabama;Herbst;Kollision;Employee Physical Condition;Human Factors;Depot/Rangieren, Güterzug;373184.39928272564;Signifikant;False
4037;110106003;2001;11;1;27846.0;27846.0;100.0;27746.0;3;0;0;0;0;0;0;0;4.0;23;2;14;0;0;4;3157.5886747827085;04;7;1;Depot;H305;70;Warm (20° bis 31,99° C);Abend;Klar;Georgia;Herbst;Kollision;General Switching Rules;Human Factors;Depot/Rangieren, Depot/Rangieren;30610.091238869958;Nicht Signifikant;False
4038;110127010;2001;11;20;64774.0;64774.0;1500.0;63274.0;0;0;0;0;0;0;0;0;2.0;131;4;0;0;0;0;15050.438724506786;04;6;1;Depot;H008;45;Moderat (0° bis 19,99° C);Abend;Regen;West Virginia;Herbst;Kollision;Brakes, Use of;Human Factors;EinzelneWagen, EinzelneWagen;73406.61831368993;Nicht Signifikant;False
4039;110128003;2001;11;28;9715.0;9715.0;0.0;9715.0;1;0;0;0;0;0;0;0;6.0;6;1;8;0;0;1;1016.9848516633498;04;7;1;Depot;H020;55;Moderat (0° bis 19,99° C);Tag;Wolkig;West Virginia;Herbst;Kollision;Brakes, Use of;Human Factors;Depot/Rangieren, EinzelneWagen;11001.019137130563;Nicht Signifikant;False
4040;110129003;2001;11;6;7835.0;7835.0;0.0;7835.0;1;0;0;0;0;0;0;0;4.0;1;0;7;0;0;0;358.647398120594;05;5;1;Industriestrecke;H306;40;Moderat (0° bis 19,99° C);Abend;Klar;Indiana;Herbst;Kollision;General Switching Rules;Human Factors;EinzelneWagen, Güterzug;8743.443812074545;Nicht Signifikant;False
4041;110130029;2001;11;26;10558.0;10558.0;0.0;10558.0;2;0;0;1;0;0;0;0;5.0;20;1;0;0;0;0;2192.073259881734;04;6;1;Depot;H020;50;Moderat (0° bis 19,99° C);Abenddämmerung;Wolkig;Massachusetts;Herbst;Kollision;Brakes, Use of;Human Factors;EinzelneWagen, Güterzug;11973.23656157859;Signifikant;False
4042;110131040;2001;11;28;184594.0;184594.0;3000.0;181594.0;5;3;0;1;0;0;0;0;29.0;80;4;1;0;0;0;11139.188321432053;03;1;3;Hauptstrecke;H216;50;Moderat (0° bis 19,99° C);Abend;Nebel;Ohio;Herbst;Kollision;Flagging, Fixed, Hand and Radio Signals;Human Factors;Güterzug, Güterzug;209029.5549767863;Signifikant;False
4043;11014PHL02;1991;10;14;8073.0;8073.0;0.0;8073.0;0;0;0;1;0;0;0;0;6.940339448159618;0;0;2;0;0;0;130.67276760464793;03;5;6;Hauptstrecke;E04C;37;Moderat (0° bis 19,99° C);Abend;Klar;Maryland;Herbst;Kollision;Brakes;Mechanical and Electrical Failures;EinzelneWagen, EinzelneWagen;6847.909067775045;Signifikant;False
4044;110192;1992;11;1;30064.0;30064.0;214.0;29850.0;4;0;0;0;0;0;0;0;3.5;18;2;57;0;0;1;4273.0;05;7;1;Depot;H306;38;Moderat (0° bis 19,99° C);Abend;Regen;Illinois;Herbst;Kollision;General Switching Rules;Human Factors;Depot/Rangieren, Depot/Rangieren;25501.7389091526;Nicht Signifikant;False
4045;1101CE010;2001;11;15;6831.0;6831.0;480.0;6351.0;6;0;0;0;0;0;0;0;4.0;71;9;95;0;0;1;11983.0;01;7;1;Depot;H702;45;Moderat (0° bis 19,99° C);Abend;Klar;Wyoming;Herbst;Entgleisung;Switches, Use of;Human Factors;Depot/Rangieren, Depot/Rangieren;7740.509915014165;Nicht Signifikant;False
4046;1101DV016;2001;11;21;88239.0;88239.0;3695.0;84544.0;3;0;0;0;0;0;0;0;4.949628046035187;0;0;118;0;0;7;3621.7630457451196;01;6;1;Depot;H306;20;Kalt (-30° - 0,01° C);Abend;Klar;Colorado;Herbst;Entgleisung;General Switching Rules;Human Factors;EinzelneWagen, Güterzug;100374.24638835172;Nicht Signifikant;False
4047;1101DV017;2001;11;26;16170.0;16170.0;10282.0;5888.0;2;0;0;0;0;0;0;0;6.940339448159618;106;7;0;0;0;0;14868.256439118408;01;5;1;Depot;T309;25;Kalt (-30° - 0,01° C);Abend;Wolkig;Colorado;Herbst;Entgleisung;Frogs, Switches and Track Appliances;Track, Roadbed and Structures;EinzelneWagen, Güterzug;18337.491494669994;Nicht Signifikant;False
4048;1101FW006;2001;11;13;221583.0;221583.0;88044.0;133539.0;4;0;0;0;0;0;0;0;6.940339448159618;39;5;69;0;0;6;1730.0;04;7;1;Depot;H702;57;Moderat (0° bis 19,99° C);Abend;Wolkig;Texas;Herbst;Kollision;Switches, Use of;Human Factors;Depot/Rangieren, Depot/Rangieren;250602.80479529517;Signifikant;False
4049;1101LA011;2001;11;8;106173.0;106173.0;0.0;106173.0;3;1;0;0;0;0;0;0;5.5;56;37;53;0;0;0;4067.8899735913355;04;1;1;Hauptstrecke;H017;67;Moderat (0° bis 19,99° C);Abend;Klar;Kalifornien;Herbst;Kollision;Brakes, Use of;Human Factors;Güterzug, Lokomotive;118338.16317432011;Nicht Signifikant;False
4050;1101LA028;2001;11;21;1871940.0;1871940.0;481219.0;1390718.0;8;5;0;2;0;0;0;0;30.0;159;36;109;0;0;8;22746.0;01;7;4;Hauptstrecke;H307;70;Warm (20° bis 31,99° C);Abend;Klar;Kalifornien;Herbst;Entgleisung;General Switching Rules;Human Factors;Depot/Rangieren, Güterzug;2129382.322830167;Schwer;False
4051;1101LK004;2001;11;2;31124.0;31124.0;750.0;30374.0;0;0;0;0;0;0;0;0;9.926406551346263;1;1;1;0;0;1;235.07285754013844;01;5;1;Depot;M407;65;Moderat (0° bis 19,99° C);Abend;Wolkig;Arkansas;Herbst;Entgleisung;Unusual Operational Situations;Miscellaneous Causes;EinzelneWagen, EinzelneWagen;34368.37455830389;Nicht Signifikant;False
4052;1101LK027;2001;11;25;64407.0;64407.0;500.0;63907.0;5;0;0;0;0;0;0;0;3.5;104;1;86;0;0;0;15082.0;04;7;1;Depot;H211;47;Moderat (0° bis 19,99° C);Abend;Wolkig;Arkansas;Herbst;Kollision;Flagging, Fixed, Hand and Radio Signals;Human Factors;Depot/Rangieren, Depot/Rangieren;73103.93099012523;Nicht Signifikant;False
4053;1101RS012;2001;11;9;89907.0;89907.0;3000.0;86907.0;5;1;0;0;0;0;0;0;4.5;54;1;0;0;0;0;3256.8899735913355;04;1;1;Depot;H306;45;Moderat (0° bis 19,99° C);Abend;Klar;Nevada;Herbst;Kollision;General Switching Rules;Human Factors;Güterzug, Lokomotive;100679.73124300112;Nicht Signifikant;False
4054;1101SA027;2001;11;27;66863.0;66863.0;50550.0;16313.0;3;0;0;0;0;0;0;0;5.0;88;3;3;0;0;0;6766.0;01;7;1;Depot;H020;68;Warm (20° bis 31,99° C);Abend;Klar;Texas;Herbst;Entgleisung;Brakes, Use of;Human Factors;Depot/Rangieren, Güterzug;76084.43331816113;Nicht Signifikant;False
4055;1101SL014;2001;11;16;34697.0;34697.0;3000.0;31697.0;3;0;0;0;0;0;0;0;8.0;51;3;17;0;0;1;4675.0;04;7;1;Depot;H306;55;Moderat (0° bis 19,99° C);Abenddämmerung;Klar;Illinois;Herbst;Kollision;General Switching Rules;Human Factors;Depot/Rangieren, Depot/Rangieren;39227.81232334652;Nicht Signifikant;False
4056;110201001;2002;11;1;23359.0;23359.0;3000.0;20359.0;5;0;0;0;0;0;0;0;8.0;42;0;139;0;0;6;8252.0;04;1;1;Depot;T199;40;Moderat (0° bis 19,99° C);Morgendämmerung;Klar;Alabama;Herbst;Kollision;Track Geometry;Track, Roadbed and Structures;Güterzug, Güterzug;23419.891718468018;Nicht Signifikant;False
4057;110204009;2002;11;19;55204.0;55204.0;0.0;55204.0;2;0;0;0;0;0;0;0;4.0;20;0;34;0;0;0;3380.106384941447;04;7;1;Depot;H020;48;Moderat (0° bis 19,99° C);Tag;Regen;Tennessee;Herbst;Kollision;Brakes, Use of;Human Factors;Depot/Rangieren, EinzelneWagen;54522.46913580247;Nicht Signifikant;False
4058;110205013;2002;11;7;21500.0;21500.0;1000.0;20500.0;1;1;0;0;0;0;0;0;10.0;22;2;3;0;0;0;2703.00059945495;04;7;1;Industriestrecke;H307;52;Moderat (0° bis 19,99° C);Tag;Wolkig;Virginia;Herbst;Kollision;General Switching Rules;Human Factors;Depot/Rangieren, EinzelneWagen;21472.086287825823;Nicht Signifikant;False
4059;110205048;2002;11;27;71176.0;71176.0;100.0;71076.0;2;0;0;0;0;0;0;0;5.0;12;3;4;0;0;0;1615.4818053711672;01;7;1;Depot;H020;60;Moderat (0° bis 19,99° C);Abenddämmerung;Klar;South Carolina;Herbst;Entgleisung;Brakes, Use of;Human Factors;Depot/Rangieren, EinzelneWagen;71699.40566132769;Nicht Signifikant;False
4060;110233001;2002;11;1;67031.0;67031.0;100.0;66931.0;2;0;0;0;0;0;0;0;5.0;154;2;21;0;0;1;18268.496055734267;04;7;1;Depot;H305;30;Kalt (-30° - 0,01° C);Abend;Wolkig;Maryland;Herbst;Kollision;General Switching Rules;Human Factors;Depot/Rangieren, Depot/Rangieren;67205.734910768;Nicht Signifikant;False
4061;1102KC005;2002;11;10;21236.0;21236.0;1500.0;19736.0;4;2;0;1;0;0;0;0;4.949628046035187;20;0;33;0;0;0;3470.0;04;7;1;Depot;H399;50;Moderat (0° bis 19,99° C);Abend;Wolkig;Missouri;Herbst;Kollision;General Switching Rules;Human Factors;Depot/Rangieren, Depot/Rangieren;20984.88092493165;Signifikant;False
4062;1102LK018;2002;11;16;7083.0;7083.0;500.0;6583.0;4;1;0;0;0;0;0;0;3.5;0;0;0;0;0;0;69.7799471826711;04;8;1;Depot;H207;39;Moderat (0° bis 19,99° C);Morgendämmerung;Wolkig;Arkansas;Herbst;Kollision;Flagging, Fixed, Hand and Radio Signals;Human Factors;Lokomotive, Lokomotive;7054.078279055871;Nicht Signifikant;False
4063;1102LV001;2002;11;2;19089.0;19089.0;7351.0;11738.0;1;0;0;0;0;0;0;0;5.944983747097401;1;0;3;0;0;2;200.0;01;7;1;Depot;S013;56;Moderat (0° bis 19,99° C);Abend;Wolkig;Louisiana;Herbst;Entgleisung;SIGNAL AND COMMUNICATION;Signal and Communication;Depot/Rangieren, EinzelneWagen;19157.968687274188;Nicht Signifikant;False
4064;1102NP020;2002;11;22;14500.0;14500.0;9900.0;4600.0;2;0;0;0;0;0;0;0;6.0;26;1;54;0;0;1;4619.0;01;7;2;Depot;M408;50;Moderat (0° bis 19,99° C);Abenddämmerung;Klar;Nebraska;Herbst;Entgleisung;Unusual Operational Situations;Miscellaneous Causes;Depot/Rangieren, EinzelneWagen;14465.283320031924;Nicht Signifikant;False
4065;1102PD013;2002;11;9;11421.0;11421.0;8700.0;2721.0;2;0;0;0;0;0;0;0;1.9635609428485408;57;4;19;0;0;0;6880.256439118408;01;7;1;Depot;S006;50;Moderat (0° bis 19,99° C);Abend;Wolkig;Oregon;Herbst;Entgleisung;SIGNAL AND COMMUNICATION;Signal and Communication;Depot/Rangieren, EinzelneWagen;11293.012524719843;Nicht Signifikant;False
4066;1102PR025;2002;11;26;20472.0;20472.0;3000.0;17472.0;3;0;0;0;0;0;0;0;3.9542723449729715;63;5;50;0;0;2;6500.0;01;7;1;Depot;H302;40;Moderat (0° bis 19,99° C);Abend;Wolkig;Illinois;Herbst;Entgleisung;General Switching Rules;Human Factors;Depot/Rangieren, Depot/Rangieren;20657.92129162462;Nicht Signifikant;False
4067;1102UT001;2002;11;5;128000.0;128000.0;25000.0;103000.0;5;2;0;0;0;0;0;0;10.921762252408477;138;0;0;0;0;0;14955.0;04;1;5;Hauptstrecke;H215;21;Kalt (-30° - 0,01° C);Abend;Klar;Nevada;Herbst;Kollision;Flagging, Fixed, Hand and Radio Signals;Human Factors;Güterzug, Güterzug;127693.53551476458;Nicht Signifikant;False
4068;110305025;2003;11;19;11300.0;11300.0;0.0;11300.0;1;0;0;0;0;0;0;0;1.0;51;0;51;0;0;0;7424.1755189352625;04;6;2;Depot;H702;60;Moderat (0° bis 19,99° C);Abend;Wolkig;North Carolina;Herbst;Kollision;Switches, Use of;Human Factors;EinzelneWagen, Lokomotive;9487.825356842988;Nicht Signifikant;False
4069;11031202;2011;3;12;71902.0;71902.0;713.0;71189.0;1;0;0;0;0;0;0;0;3.0;19;4;1;0;0;0;2340.053587440825;04;7;1;Depot;H018;60;Moderat (0° bis 19,99° C);Abend;Klar;Mississippi;Winter;Kollision;Brakes, Use of;Human Factors;Depot/Rangieren, EinzelneWagen;51984.86528172748;Nicht Signifikant;False
4070;110321008;2003;11;11;35100.0;35100.0;0.0;35100.0;4;0;0;0;0;0;0;0;5.0;23;0;44;0;0;2;4028.8028298779204;04;1;1;Depot;H702;50;Moderat (0° bis 19,99° C);Abend;Wolkig;Indiana;Herbst;Kollision;Switches, Use of;Human Factors;Güterzug, Lokomotive;30529.70340088719;Nicht Signifikant;False
4071;11032102;2011;3;21;37000.0;37000.0;0.0;37000.0;2;0;0;0;0;0;0;0;3.0;12;0;15;0;0;0;1891.565194698599;04;7;1;Depot;H302;75;Warm (20° bis 31,99° C);Tag;Klar;Mississippi;Frühling;Kollision;General Switching Rules;Human Factors;Depot/Rangieren, EinzelneWagen;26067.35240242356;Nicht Signifikant;False
4072;110393108;1993;3;24;49274.0;49274.0;6500.0;42774.0;6;1;0;0;0;0;0;0;12.5;100;6;28;0;0;0;11700.0;04;1;1;Nebenstrecke;H999;45;Moderat (0° bis 19,99° C);Abend;Klar;Arizona;Frühling;Kollision;Miscellaneous;Human Factors;Güterzug, Güterzug;41796.590041564166;Nicht Signifikant;True
4073;1103DV001;2003;11;5;20740.0;20740.0;9730.0;11010.0;2;0;0;0;0;0;0;0;3.9542723449729715;3;2;15;0;0;1;908.4464905503067;01;7;1;Depot;H312;35;Moderat (0° bis 19,99° C);Tag;Wolkig;Colorado;Herbst;Entgleisung;General Switching Rules;Human Factors;Depot/Rangieren, EinzelneWagen;18077.224788634187;Nicht Signifikant;False
4074;1103HO003;2003;11;4;149646.0;149646.0;6246.0;143400.0;8;0;0;0;0;0;0;0;4.966418697356791;101;4;73;0;0;1;15539.889973591336;04;7;1;Depot;H306;80;Warm (20° bis 31,99° C);Tag;Klar;Texas;Herbst;Kollision;General Switching Rules;Human Factors;Depot/Rangieren, Güterzug, Lokomotive;130490.05929543076;Nicht Signifikant;False
4075;1103HO018;2003;11;17;30404.0;30404.0;29000.0;1404.0;1;0;0;0;0;0;0;0;3.9542723449729715;3;1;0;0;0;0;320.0;01;7;1;Depot;S007;80;Warm (20° bis 31,99° C);Abend;Regen;Texas;Herbst;Entgleisung;SIGNAL AND COMMUNICATION;Signal and Communication;Depot/Rangieren, EinzelneWagen;25761.73529910185;Nicht Signifikant;False
4076;1103HO026;2003;11;30;28110.0;28110.0;3500.0;24610.0;6;0;0;0;0;0;0;0;6.0;62;5;29;0;0;1;8277.0;01;7;1;Depot;T220;65;Moderat (0° bis 19,99° C);Abend;Klar;Texas;Herbst;Entgleisung;Rail, Joint Bar and Rail Anchoring;Track, Roadbed and Structures;Depot/Rangieren, Depot/Rangieren;23404.196269982236;Nicht Signifikant;False
4077;1103LK006;2003;11;7;29883.0;29883.0;981.0;28902.0;6;3;0;0;0;0;0;0;3.9542723449729715;0;0;4;0;0;0;434.88997359133555;04;7;1;Depot;H399;47;Moderat (0° bis 19,99° C);Abend;Wolkig;Arkansas;Herbst;Kollision;General Switching Rules;Human Factors;Depot/Rangieren, Lokomotive;26158.088235294115;Nicht Signifikant;False
4078;1103LK008;2003;11;10;52861.0;52861.0;23544.0;29317.0;3;0;0;0;0;0;0;0;1.9635609428485408;73;3;104;0;0;2;8587.0;04;7;1;Depot;H306;60;Moderat (0° bis 19,99° C);Tag;Wolkig;Arkansas;Herbst;Kollision;General Switching Rules;Human Factors;Depot/Rangieren, Depot/Rangieren;46034.1374205347;Nicht Signifikant;False
4079;1103LK018;2003;11;26;117226.0;117226.0;29312.0;87914.0;4;2;0;0;0;0;0;0;7.0;29;3;17;0;0;4;3712.0;04;7;1;Depot;H399;52;Moderat (0° bis 19,99° C);Abend;Wolkig;Arkansas;Herbst;Kollision;General Switching Rules;Human Factors;Depot/Rangieren, Depot/Rangieren;99108.89414947582;Nicht Signifikant;False
4080;1103PR002;2003;11;3;29240.0;29240.0;4219.0;25021.0;2;0;0;0;0;0;0;0;6.940339448159618;0;0;42;0;0;3;4434.889973591336;01;7;1;Depot;H702;40;Moderat (0° bis 19,99° C);Abend;Regen;Illinois;Herbst;Entgleisung;Switches, Use of;Human Factors;Depot/Rangieren, Lokomotive;25230.82233152127;Nicht Signifikant;False
4081;1103SA001;2003;11;1;13027.0;13027.0;1035.0;11992.0;4;0;0;0;0;0;0;0;4.949628046035187;7;0;17;0;0;1;1357.7827940133125;01;7;1;Depot;M405;85;Warm (20° bis 31,99° C);Tag;Klar;Texas;Herbst;Entgleisung;Unusual Operational Situations;Miscellaneous Causes;Depot/Rangieren, EinzelneWagen;11219.533201274653;Nicht Signifikant;False
4082;110402;2014;5;11;87864.0;87864.0;12214.0;75650.0;3;0;0;0;0;0;0;0;3.5;40;0;100;0;0;4;7767.0199343082295;01;7;1;Depot;S006;60;Moderat (0° bis 19,99° C);Abend;Klar;Indiana;Frühling;Entgleisung;SIGNAL AND COMMUNICATION;Signal and Communication;Depot/Rangieren, Güterzug;63806.73428384692;Nicht Signifikant;False
4083;110409;2009;11;4;66552.5;66552.5;114525.0;8928.0;2;0;0;0;0;0;0;0;31.444983747097403;0;0;0;0;4;0;237.14174199833903;07;3;4;Hauptstrecke;M302;68;Warm (20° bis 31,99° C);Morgendämmerung;Nebel;Kalifornien;Herbst;Bahnübergang;Loading Procedures;Loading;Nahverkehrszug, NaN;45086.7149922092;Nicht Signifikant;False
4084;11042102;2011;4;21;190482.0;190482.0;12982.0;177500.0;3;0;0;1;0;0;0;0;1.0;10;4;18;0;0;3;1838.2658441225221;04;7;1;Depot;H318;65;Moderat (0° bis 19,99° C);Abend;Wolkig;Mississippi;Frühling;Kollision;General Switching Rules;Human Factors;Depot/Rangieren, Depot/Rangieren;130610.25781678552;Signifikant;False
4085;110474;2014;5;15;66150.0;66150.0;0.0;66150.0;2;0;0;0;0;0;0;0;5.944983747097401;16;0;64;0;0;0;3838.468993154065;05;7;1;Depot;M407;68;Warm (20° bis 31,99° C);Tag;Wolkig;New Jersey;Frühling;Kollision;Unusual Operational Situations;Miscellaneous Causes;Depot/Rangieren, EinzelneWagen;48429.606852624645;Nicht Signifikant;False
4086;1104CB009;2004;11;14;1173720.0;1173720.0;504040.0;669677.0;5;0;0;0;0;0;0;0;24.856742067279495;158;21;74;0;0;11;22610.0;01;1;5;Hauptstrecke;T220;30;Kalt (-30° - 0,01° C);Abend;Klar;Nebraska;Herbst;Entgleisung;Rail, Joint Bar and Rail Anchoring;Track, Roadbed and Structures;Güterzug, Güterzug;906790.9659807886;Signifikant;False