index;INCDTNO;YEAR4;MONTH;DAY;ACCDMG;INFRASTRUCTURE_DMG;TRKDMG;EQPDMG;LOCOMOTIVES1;LOCOMOTIVES2;RREMPKLD;RREMPINJ;PASSKLD;PASSINJ;OTHERKLD;OTHERINJ;SPEED;LOADF1;LOADF2;EMPTYF1;EMPTYP1;LOADP1;EMPTYF2;TONS;TYPE;TYPEQ;TRKCLAS;TYPTRK;ACCAUSE;TEMP;TEMP_CLUSTER;VISIBLTY;WEATHER;STATE;Jahreszeit;ACCIDENT_TYPE;ACCCAUSE_LVL1;ACCCAUSE_LVL2;EQUIPMENT_TYPE;ACCDMG_EUR;ACCTYPE;SPD_TOO_HIGH
4087;1104HO015;2004;11;9;7007.0;7007.0;0.0;7007.0;2;0;0;0;0;0;0;0;3.0;17;0;15;0;0;0;2592.0;04;7;1;Depot;H607;70;Warm (20° bis 31,99° C);Tag;Wolkig;Texas;Herbst;Kollision;Speed;Human Factors;Depot/Rangieren, Depot/Rangieren;5427.155139028736;Nicht Signifikant;False
4088;1104KC016;2004;11;11;40419.0;40419.0;0.0;40419.0;3;0;0;0;0;0;0;0;2.5;4;0;6;0;0;0;1113.0;04;7;1;Depot;M408;53;Moderat (0° bis 19,99° C);Abend;Klar;Missouri;Herbst;Kollision;Unusual Operational Situations;Miscellaneous Causes;Depot/Rangieren, Depot/Rangieren;31356.86578743212;Nicht Signifikant;False
4089;1104KC017;2004;11;14;67500.0;67500.0;0.0;67500.0;3;1;0;0;0;0;0;0;3.9542723449729715;25;0;30;0;0;0;3584.8899735913355;04;7;1;Hauptstrecke;M504;45;Moderat (0° bis 19,99° C);Tag;Klar;Missouri;Herbst;Kollision;Other Miscellaneous;Miscellaneous Causes;Depot/Rangieren, Lokomotive;52149.056166464936;Nicht Signifikant;False
4090;1104KC018;2004;11;27;11501.0;11501.0;0.0;11501.0;4;0;0;0;0;0;0;0;5.5;54;0;0;0;0;0;4027.0;04;7;1;Depot;H308;41;Moderat (0° bis 19,99° C);Tag;Wolkig;Kansas;Herbst;Kollision;General Switching Rules;Human Factors;Depot/Rangieren, Depot/Rangieren;8685.899856506307;Nicht Signifikant;False
4091;1104LK012;2004;11;15;239485.0;239485.0;23500.0;215985.0;4;0;0;0;0;0;0;0;12.5;73;4;117;0;0;2;12687.0;04;1;2;Hauptstrecke;H605;48;Moderat (0° bis 19,99° C);Abend;Klar;Arkansas;Herbst;Kollision;Speed;Human Factors;Güterzug, Güterzug;184859.1277499035;Signifikant;False
4092;1104NP029;2004;11;18;46820.0;46820.0;45356.0;1464.0;4;0;0;0;0;0;0;0;4.5;149;2;98;0;0;2;19840.0;04;7;2;Depot;E34C;42;Moderat (0° bis 19,99° C);Abend;Wolkig;Nebraska;Herbst;Kollision;Coupler and Draft System;Mechanical and Electrical Failures;Depot/Rangieren, Depot/Rangieren;35949.0171990172;Nicht Signifikant;False
4093;1104PR018;2004;11;24;91705.0;91705.0;633.0;91072.0;6;0;0;0;0;0;0;0;6.940339448159618;127;0;122;0;0;4;20491.0;01;1;3;Hauptstrecke;H702;20;Kalt (-30° - 0,01° C);Abend;Schnee;Wisconsion;Herbst;Entgleisung;Switches, Use of;Human Factors;Güterzug, Güterzug;69758.86201125818;Nicht Signifikant;False
4094;1104SA017;2004;11;28;30659.0;30659.0;6256.0;24403.0;6;0;0;0;0;0;0;0;4.0;57;3;9;0;0;0;3041.0;04;7;1;Depot;H306;55;Moderat (0° bis 19,99° C);Abend;Wolkig;Texas;Herbst;Kollision;General Switching Rules;Human Factors;Depot/Rangieren, Depot/Rangieren;23149.35064935065;Nicht Signifikant;False
4095;1104SA018;2004;11;28;13686.0;13686.0;6704.0;6982.0;3;1;0;0;0;0;0;0;3.9542723449729715;24;0;14;0;0;1;5470.0;04;7;1;Depot;H306;48;Moderat (0° bis 19,99° C);Abend;Wolkig;Texas;Herbst;Kollision;General Switching Rules;Human Factors;Depot/Rangieren, Depot/Rangieren;10333.73603141045;Nicht Signifikant;False
4096;1104TS004;2004;11;5;7875.0;7875.0;2000.0;5875.0;4;0;0;0;0;0;0;0;3.5;51;3;0;0;0;0;2304.0;01;7;1;Depot;H702;78;Warm (20° bis 31,99° C);Tag;Wolkig;Arizona;Herbst;Entgleisung;Switches, Use of;Human Factors;Depot/Rangieren, Depot/Rangieren;6125.544492843808;Nicht Signifikant;False
4097;1104WH008;2004;11;10;14203.0;14203.0;0.0;14203.0;4;0;0;0;0;0;0;0;50.0;110;4;4;0;0;1;13685.890187698784;06;6;4;Hauptstrecke;H526;58;Moderat (0° bis 19,99° C);Abend;Klar;Kansas;Herbst;Kollision;Train Handling/Train Makeup;Human Factors;EinzelneWagen, Güterzug;10944.748401017183;Nicht Signifikant;False
4098;110510;2010;11;5;77547.0;77547.0;0.0;77547.0;4;0;0;0;0;0;0;0;2.5;32;0;15;0;0;0;4166.713685283768;04;7;1;Depot;H307;40;Moderat (0° bis 19,99° C);Abend;Klar;Illinois;Herbst;Kollision;General Switching Rules;Human Factors;Depot/Rangieren, Lokomotive;55060.35217267821;Nicht Signifikant;False
4099;110510;2014;5;18;12313.0;12313.0;1546.0;10767.0;6;2;0;0;0;0;0;0;5.0;95;1;20;0;0;0;12089.558410823218;01;7;1;Depot;H706;57;Moderat (0° bis 19,99° C);Abend;Wolkig;Alabama;Frühling;Entgleisung;Switches, Use of;Human Factors;Depot/Rangieren, Güterzug;8981.909254486214;Nicht Signifikant;False
4100;110519;2014;5;19;138901.0;138901.0;28081.0;110820.0;6;2;0;0;0;0;0;0;17.889252159843984;123;3;0;0;0;0;14120.770287274903;04;1;2;Hauptstrecke;H017;67;Moderat (0° bis 19,99° C);Morgendämmerung;Klar;West Virginia;Frühling;Kollision;Brakes, Use of;Human Factors;Güterzug, Lokomotive;101276.70433831571;Nicht Signifikant;False
4101;1105LA012;2005;11;12;10547.0;10547.0;0.0;10547.0;6;2;0;0;0;0;0;0;4.949628046035187;0;0;0;0;0;0;69.7799471826711;04;8;1;Depot;H401;60;Moderat (0° bis 19,99° C);Abend;Klar;Kalifornien;Herbst;Kollision;Main Track Authority;Human Factors;Lokomotive, Lokomotive;9012.732503489333;Nicht Signifikant;False
4102;1105LK022;2005;11;8;58794.0;58794.0;1727.0;57067.0;5;0;0;0;0;0;0;0;4.949628046035187;13;3;16;0;0;0;2202.8899735913355;04;7;1;Depot;H399;72;Warm (20° bis 31,99° C);Abend;Wolkig;Texas;Herbst;Kollision;General Switching Rules;Human Factors;Depot/Rangieren, Lokomotive;50075.8027425262;Nicht Signifikant;False
4103;1105LK071;2005;11;30;7039.0;7039.0;0.0;7039.0;4;1;0;0;0;0;0;0;5.5;27;0;29;0;0;0;3547.0;04;7;1;Depot;H305;65;Moderat (0° bis 19,99° C);Tag;Klar;Arkansas;Herbst;Kollision;General Switching Rules;Human Factors;Depot/Rangieren, Depot/Rangieren;5980.966947064321;Nicht Signifikant;False
4104;1105LV013;2005;11;26;14271.0;14271.0;5135.0;9136.0;3;0;0;0;0;0;0;0;3.9542723449729715;13;0;57;0;0;3;3520.8899735913355;01;7;1;Depot;H702;68;Warm (20° bis 31,99° C);Abend;Wolkig;Texas;Herbst;Entgleisung;Switches, Use of;Human Factors;Depot/Rangieren, Lokomotive;12144.842845795984;Nicht Signifikant;False
4105;1105PC006;2005;11;8;15425.0;15425.0;150.0;15275.0;2;0;0;0;0;0;0;0;0.9682052417863254;0;0;84;0;0;1;7157.0;01;7;1;Depot;H306;40;Moderat (0° bis 19,99° C);Abend;Klar;Oregon;Herbst;Entgleisung;General Switching Rules;Human Factors;Depot/Rangieren, EinzelneWagen;13137.722510859383;Nicht Signifikant;False
4106;1105PD009;2005;11;7;67950.0;67950.0;28050.0;39900.0;3;0;0;0;0;0;0;0;8.931050850284048;80;4;34;0;0;3;6783.0;01;7;1;Depot;T001;40;Moderat (0° bis 19,99° C);Abend;Klar;Oregon;Herbst;Entgleisung;Roadbed;Track, Roadbed and Structures;Depot/Rangieren, EinzelneWagen;57467.861975642765;Nicht Signifikant;False
4107;1105PD011;2005;11;5;10679.0;10679.0;1380.0;9299.0;4;0;0;0;0;0;0;0;6.5;22;1;30;0;0;3;2300.0;04;7;1;Depot;H306;75;Warm (20° bis 31,99° C);Tag;Klar;Oregon;Herbst;Kollision;General Switching Rules;Human Factors;Depot/Rangieren, Depot/Rangieren;8976.463995516951;Nicht Signifikant;False
4108;1105PD015;2005;11;13;19743.0;19743.0;1380.0;18363.0;4;0;0;0;0;0;0;0;6.940339448159618;117;2;19;0;0;0;5495.0;04;7;1;Depot;H306;45;Moderat (0° bis 19,99° C);Tag;Regen;Washington;Herbst;Kollision;General Switching Rules;Human Factors;Depot/Rangieren, Güterzug;16863.30894285796;Nicht Signifikant;False
4109;1105PD027;2005;11;18;27279.0;27279.0;0.0;27279.0;4;0;0;0;0;0;0;0;8.931050850284048;0;0;30;0;0;1;984.6522881317305;01;6;5;Hauptstrecke;H605;22;Kalt (-30° - 0,01° C);Abend;Nebel;Oregon;Herbst;Entgleisung;Speed;Human Factors;EinzelneWagen, Lokomotive;23357.307988697663;Nicht Signifikant;False
4110;1105PR007;2005;11;6;13034.0;13034.0;600.0;12434.0;2;0;0;0;0;0;0;0;3.0;71;1;85;0;0;1;11611.0;04;7;1;Depot;H302;46;Moderat (0° bis 19,99° C);Abend;Regen;Illinois;Herbst;Kollision;General Switching Rules;Human Factors;Depot/Rangieren, Depot/Rangieren;10989.573086759789;Nicht Signifikant;False
4111;11060301;2011;6;3;47625.0;47625.0;0.0;47625.0;3;0;0;0;0;0;0;0;3.9542723449729715;0;0;168;0;0;2;5187.736931867539;04;7;X;Industriestrecke;H513;69;Warm (20° bis 31,99° C);Abend;Klar;Arkansas;Frühling;Kollision;Train Handling/Train Makeup;Human Factors;Depot/Rangieren, Depot/Rangieren;32872.03202650469;Nicht Signifikant;False
4112;11062401;2011;6;24;127322.0;127322.0;34986.0;92336.0;4;2;0;0;0;0;0;0;1.0;18;2;96;0;0;1;4615.889973591336;04;1;1;Depot;H702;81;Warm (20° bis 31,99° C);Abend;Klar;Louisiana;Sommer;Kollision;Switches, Use of;Human Factors;Güterzug, Lokomotive;89537.27144866386;Nicht Signifikant;False
4113;110642;1985;6;3;37898.0;37898.0;398.0;25000.0;1;0;0;0;0;0;0;0;9.926406551346263;41;0;18;0;0;3;3760.8899735913355;04;1;3;Hauptstrecke;E30C;60;Moderat (0° bis 19,99° C);Abend;Klar;Missouri;Frühling;Kollision;Coupler and Draft System;Mechanical and Electrical Failures;Güterzug, NaN;32146.91661718551;Nicht Signifikant;False
4114;110687A;1987;11;6;17000.0;17000.0;0.0;17000.0;2;0;0;0;0;0;0;0;5.0;0;0;0;0;0;0;69.7799471826711;04;8;2;Depot;H017;45;Moderat (0° bis 19,99° C);Tag;Klar;New York;Herbst;Kollision;Brakes, Use of;Human Factors;Lokomotive, Lokomotive;14420.222241072186;Nicht Signifikant;False
4115;110697R006;1997;11;6;13520.0;13520.0;0.0;13520.0;6;0;0;0;0;0;0;0;80.0;0;0;0;0;6;0;320.822639406173;09;2;4;Hauptstrecke;M403;40;Moderat (0° bis 19,99° C);Abend;Klar;Pennsylvania;Herbst;Kollision;Unusual Operational Situations;Miscellaneous Causes;Personenzug, Personenzug;11468.317923487997;Nicht Signifikant;False
4116;1106NP002;2006;11;5;85901.0;85901.0;72056.0;13845.0;4;2;0;0;0;0;0;0;10.0;34;0;16;0;0;0;3661.8899735913355;03;7;2;Depot;H607;30;Kalt (-30° - 0,01° C);Morgendämmerung;Klar;Nebraska;Herbst;Kollision;Speed;Human Factors;Depot/Rangieren, Lokomotive;67525.1545959543;Nicht Signifikant;False
4117;1106PD008;2006;11;6;71532.0;71532.0;690.0;70842.0;6;0;0;0;0;0;0;0;8.931050850284048;25;0;91;0;0;4;5394.0;04;7;1;Depot;H306;54;Moderat (0° bis 19,99° C);Tag;Regen;Washington;Herbst;Kollision;General Switching Rules;Human Factors;Depot/Rangieren, Depot/Rangieren;56315.54085970714;Nicht Signifikant;False
4118;11072202;2011;7;22;31997.0;31997.0;1872.0;30125.0;3;0;0;0;0;0;0;0;3.0;24;2;21;0;0;0;3478.5508323112585;04;1;1;Depot;H605;106;Heiß (>= 32° C);Tag;Klar;Missouri;Sommer;Kollision;Speed;Human Factors;Güterzug, Güterzug;22234.035160864427;Nicht Signifikant;False
4119;11078;2004;10;29;41978.0;41978.0;32420.0;9558.0;1;0;0;0;0;0;0;0;1.9635609428485408;159;2;108;0;0;2;21000.0;01;7;2;Depot;T110;55;Moderat (0° bis 19,99° C);Abend;Regen;Illinois;Herbst;Entgleisung;Track Geometry;Track, Roadbed and Structures;Depot/Rangieren, EinzelneWagen;32957.52531993405;Nicht Signifikant;False
4120;110786101;1986;7;3;2664000.0;2664000.0;46000.0;2618000.0;9;8;3;0;0;0;0;0;42.77314468639937;127;9;42;0;0;0;11249.0;02;1;5;Hauptstrecke;H204;65;Moderat (0° bis 19,99° C);Tag;Klar;Missouri;Sommer;Kollision;Flagging, Fixed, Hand and Radio Signals;Human Factors;Güterzug, Güterzug;2259733.6500127236;Schwer;False
4121;110787101;1987;7;15;24000.0;24000.0;0.0;24000.0;3;0;0;0;0;0;0;0;39.78707758321272;28;0;1;0;0;0;2163.336383802324;02;5;4;Hauptstrecke;H999;70;Warm (20° bis 31,99° C);Abend;Klar;Missouri;Sommer;Kollision;Miscellaneous;Human Factors;EinzelneWagen, Güterzug;20357.960810925437;Nicht Signifikant;False
4122;110796;1996;11;7;40299.0;40299.0;599.0;39700.0;5;0;0;0;0;0;0;0;3.0;8;0;39;0;0;2;2134.8899735913355;04;7;1;Depot;H307;48;Moderat (0° bis 19,99° C);Abend;Regen;Illinois;Herbst;Kollision;General Switching Rules;Human Factors;Depot/Rangieren, Lokomotive;34183.56094664518;Nicht Signifikant;False
4123;1107CB008;2007;11;13;132506.0;132506.0;102101.0;30405.0;10;0;0;0;0;0;0;0;8.931050850284048;149;4;80;0;0;0;14873.0;01;7;1;Depot;T220;37;Moderat (0° bis 19,99° C);Abend;Klar;Iowa;Herbst;Entgleisung;Rail, Joint Bar and Rail Anchoring;Track, Roadbed and Structures;Depot/Rangieren, EinzelneWagen;90714.04121311699;Nicht Signifikant;False
4124;1107HO046;2007;11;25;9155.0;9155.0;1541.0;7614.0;4;0;0;0;0;0;0;0;5.926644996129869;108;4;0;0;0;0;5672.6473981205945;01;7;1;Depot;H306;44;Moderat (0° bis 19,99° C);Abend;Regen;Texas;Herbst;Entgleisung;General Switching Rules;Human Factors;Depot/Rangieren, EinzelneWagen, EinzelneWagen;6172.048810085621;Nicht Signifikant;False
4125;1107LA017;2007;11;10;1138449.0;1138449.0;68975.0;1069474.0;11;3;2;0;0;0;0;0;27.84280917046614;171;8;0;0;0;0;14874.0;03;1;5;Hauptstrecke;H220;74;Warm (20° bis 31,99° C);Tag;Klar;Kalifornien;Herbst;Kollision;Flagging, Fixed, Hand and Radio Signals;Human Factors;Güterzug, Güterzug;777186.7106610537;Schwer;False
4126;1107LV027;2007;11;28;53299.0;53299.0;52699.0;600.0;2;0;0;0;0;0;0;0;0.9682052417863254;31;0;57;0;0;1;5758.816418421731;01;7;1;Depot;S007;42;Moderat (0° bis 19,99° C);Abend;Klar;Louisiana;Herbst;Entgleisung;SIGNAL AND COMMUNICATION;Signal and Communication;Depot/Rangieren, EinzelneWagen;36142.26622363871;Nicht Signifikant;False
4127;110820;2014;6;11;89200.0;89200.0;0.0;89200.0;0;0;0;0;0;0;0;0;7.935695149221832;0;0;2;0;0;0;130.67276760464793;03;A;4;Hauptstrecke;H607;68;Warm (20° bis 31,99° C);Tag;Wolkig;New Jersey;Frühling;Kollision;Speed;Human Factors;Wartungszug, Wartungszug;65844.83649516499;Nicht Signifikant;False
4128;11082016A;2016;11;8;11985.0;11985.0;0.0;11985.0;1;0;0;0;0;0;0;0;1.0;24;0;13;0;0;1;2514.8164184217308;04;7;1;Depot;H310;51;Moderat (0° bis 19,99° C);Abend;Klar;Washington;Herbst;Kollision;General Switching Rules;Human Factors;Depot/Rangieren, EinzelneWagen;10857.94527994202;Nicht Signifikant;False
4129;1108DV014;2008;11;24;50247.0;50247.0;580.0;49667.0;1;0;0;0;0;0;0;0;3.9542723449729715;27;1;0;0;0;0;3160.8394504704634;01;7;1;Depot;H310;15;Kalt (-30° - 0,01° C);Abend;Klar;Wyoming;Herbst;Entgleisung;General Switching Rules;Human Factors;Depot/Rangieren, EinzelneWagen;39338.44828936036;Nicht Signifikant;False
4130;1108SL010;2008;11;13;154416.0;154416.0;200.0;154216.0;2;0;0;1;0;0;0;0;1.9635609428485408;47;0;6;0;0;0;3520.336383802324;03;1;4;Hauptstrecke;H402;62;Moderat (0° bis 19,99° C);Tag;Wolkig;Missouri;Herbst;Kollision;Main Track Authority;Human Factors;Güterzug, Wartungszug;123286.22754491019;Signifikant;False
4131;11090801;2011;9;8;33250.0;33250.0;250.0;33000.0;1;0;0;0;0;0;0;0;3.0;2;0;0;0;0;0;297.294796241188;04;7;1;Depot;H302;85;Warm (20° bis 31,99° C);Tag;Klar;Texas;Sommer;Kollision;General Switching Rules;Human Factors;Depot/Rangieren, EinzelneWagen;23675.59099971518;Nicht Signifikant;False
4132;11092302;2011;9;23;89149.0;89149.0;5004.0;84145.0;5;0;0;0;0;0;0;0;5.944983747097401;147;2;20;0;0;2;17443.227708437873;04;7;1;Depot;T207;65;Moderat (0° bis 19,99° C);Tag;Klar;Missouri;Herbst;Kollision;Rail, Joint Bar and Rail Anchoring;Track, Roadbed and Structures;Depot/Rangieren, Depot/Rangieren;66380.49143708116;Nicht Signifikant;False
4133;110944;2014;6;19;57941.0;57941.0;300.0;57641.0;1;0;0;0;0;0;0;0;3.9542723449729715;7;0;18;0;0;1;1415.5973373046786;05;7;1;Depot;T305;75;Warm (20° bis 31,99° C);Abend;Wolkig;New Jersey;Frühling;Kollision;Frogs, Switches and Track Appliances;Track, Roadbed and Structures;Depot/Rangieren, EinzelneWagen;42541.116005873715;Nicht Signifikant;False
4134;1109LA015;2009;11;19;173730.0;173730.0;128294.0;45436.0;8;0;0;0;0;0;0;0;2.958916643910756;67;2;126;0;0;3;12707.0;01;7;1;Depot;M405;70;Warm (20° bis 31,99° C);Tag;Klar;Kalifornien;Herbst;Entgleisung;Unusual Operational Situations;Miscellaneous Causes;Depot/Rangieren, Güterzug;116887.5731682702;Nicht Signifikant;False
4135;1109LK029;2009;11;22;12796.0;12796.0;0.0;12796.0;6;0;0;0;0;0;0;0;5.5;76;0;66;0;0;3;11542.0;05;7;1;Depot;E99L;60;Moderat (0° bis 19,99° C);Abenddämmerung;Wolkig;Arkansas;Herbst;Kollision;General Mechanical and Electrical Failures;Mechanical and Electrical Failures;Depot/Rangieren, Depot/Rangieren;8578.132332238387;Nicht Signifikant;False
4136;1109NP006;2009;11;3;39033.0;39033.0;0.0;39033.0;3;0;0;0;0;0;0;0;12.5;136;0;1;0;0;1;19514.81641842173;01;1;4;Hauptstrecke;H402;50;Moderat (0° bis 19,99° C);Tag;Klar;Nebraska;Herbst;Entgleisung;Main Track Authority;Human Factors;Güterzug, Wartungszug;26629.144494474007;Nicht Signifikant;False
4137;1109SA002;2009;11;4;571101.0;571101.0;85148.0;485953.0;5;2;0;2;0;0;0;0;16.89389645878177;156;8;0;0;0;0;20711.0;03;1;3;Nebenstrecke;H702;53;Moderat (0° bis 19,99° C);Abend;Klar;Texas;Herbst;Kollision;Switches, Use of;Human Factors;Güterzug, Güterzug;386898.58410676784;Signifikant;False
4138;1109TC006;2009;11;9;18949.0;18949.0;15846.0;3103.0;2;0;0;0;0;0;0;0;2.0;30;3;6;0;0;0;4860.0;01;7;1;Industriestrecke;H310;39;Moderat (0° bis 19,99° C);Abend;Klar;Minnesota;Herbst;Entgleisung;General Switching Rules;Human Factors;Depot/Rangieren, EinzelneWagen;12646.155899626268;Nicht Signifikant;False
4139;1109WH005;2009;11;10;32639.0;32639.0;0.0;32639.0;3;0;0;0;0;0;0;0;11.917117953470694;0;0;75;0;0;2;4190.889973591336;03;7;2;Nebenstrecke;H017;65;Moderat (0° bis 19,99° C);Tag;Wolkig;Kansas;Herbst;Kollision;Brakes, Use of;Human Factors;Depot/Rangieren, Lokomotive;21808.766537484968;Nicht Signifikant;False
4140;1110041;2004;11;10;20500.0;20500.0;2500.0;18000.0;2;2;0;0;0;0;0;0;5.0;0;0;0;0;0;0;69.7799471826711;04;8;1;Depot;H211;50;Moderat (0° bis 19,99° C);Abend;Klar;Kalifornien;Herbst;Kollision;Flagging, Fixed, Hand and Radio Signals;Human Factors;Lokomotive, Lokomotive;15797.179625491253;Nicht Signifikant;False
4141;111009;2014;6;25;736126.0;736126.0;388384.0;347742.0;4;1;0;1;0;0;0;0;14.903185056657339;69;2;109;0;0;9;12795.0;01;1;5;Hauptstrecke;H506;84;Warm (20° bis 31,99° C);Abend;Wolkig;Mississippi;Sommer;Entgleisung;Train Handling/Train Makeup;Human Factors;Güterzug, Güterzug;540672.7873668747;Signifikant;False
4142;11102004;2011;10;20;11000.0;11000.0;0.0;11000.0;2;0;0;0;0;0;0;0;1.5;11;0;19;0;0;1;1901.073445632701;04;7;1;Depot;H302;60;Moderat (0° bis 19,99° C);Tag;Klar;Mississippi;Herbst;Kollision;General Switching Rules;Human Factors;Depot/Rangieren, EinzelneWagen;7966.973274426015;Nicht Signifikant;False
4143;111095102;1995;10;10;15960.0;15960.0;400.0;15560.0;2;0;0;0;0;0;0;0;4.5;20;3;30;0;0;0;3141.028198613859;01;6;X;Depot;H021;75;Warm (20° bis 31,99° C);Tag;Klar;Kalifornien;Herbst;Entgleisung;Brakes, Use of;Human Factors;EinzelneWagen, Güterzug;13538.043939265417;Nicht Signifikant;False
4144;1110DV017;2010;11;30;9212.0;9212.0;230.0;8982.0;1;1;0;0;0;0;0;0;4.949628046035187;20;0;48;0;0;1;4331.0;01;7;1;Depot;T210;30;Kalt (-30° - 0,01° C);Abenddämmerung;Wolkig;Wyoming;Herbst;Entgleisung;Rail, Joint Bar and Rail Anchoring;Track, Roadbed and Structures;Depot/Rangieren, EinzelneWagen;7087.244191414064;Nicht Signifikant;False
4145;1110NP010;2010;11;12;28420.0;28420.0;0.0;28420.0;3;0;0;1;0;0;0;0;15.898540757719555;6;0;0;0;0;0;766.8899735913355;03;4;2;Depot;H607;35;Moderat (0° bis 19,99° C);Abend;Nebel;Nebraska;Herbst;Kollision;Speed;Human Factors;Arbeitszug, Lokomotive;20727.882721902122;Signifikant;False
4146;1110PR007;2010;11;5;36506.0;36506.0;22598.0;13908.0;1;0;0;0;0;0;0;0;2.958916643910756;161;5;33;0;0;1;17338.0;01;7;1;Depot;T110;41;Moderat (0° bis 19,99° C);Tag;Klar;Illinois;Herbst;Entgleisung;Track Geometry;Track, Roadbed and Structures;Depot/Rangieren, EinzelneWagen;25920.19312695257;Nicht Signifikant;False
4147;1110TS001;2010;11;2;9441.0;9441.0;1656.0;7785.0;9;0;0;0;0;0;0;0;3.9542723449729715;34;1;2;0;0;1;4186.889973591336;01;7;1;Depot;H307;75;Warm (20° bis 31,99° C);Abend;Klar;Arizona;Herbst;Entgleisung;General Switching Rules;Human Factors;Depot/Rangieren, Lokomotive;6734.91225567128;Nicht Signifikant;False
4148;1110UT012;2010;11;16;29594.0;29594.0;28367.0;1227.0;2;0;0;0;0;0;0;0;3.9542723449729715;22;4;29;0;0;0;3170.0;01;7;1;Depot;H312;42;Moderat (0° bis 19,99° C);Abend;Wolkig;Utah;Herbst;Entgleisung;General Switching Rules;Human Factors;Depot/Rangieren, EinzelneWagen;21741.110784601824;Nicht Signifikant;False
4149;11110101D;2011;11;1;170468.0;170468.0;7687.0;162781.0;5;1;0;0;0;0;0;0;4.5;13;0;9;0;0;2;1958.0;04;7;1;Industriestrecke;M501;36;Moderat (0° bis 19,99° C);Abend;Klar;Wisconsion;Herbst;Kollision;Other Miscellaneous;Miscellaneous Causes;Depot/Rangieren, Güterzug;125095.76575915462;Nicht Signifikant;False
4150;11111605;2011;11;16;38700.0;38700.0;0.0;38700.0;3;0;0;0;0;0;0;0;5.944983747097401;5;1;16;0;0;0;1145.3186742025916;04;7;X;Depot;H302;75;Warm (20° bis 31,99° C);Tag;Wolkig;Louisiana;Herbst;Kollision;General Switching Rules;Human Factors;Depot/Rangieren, EinzelneWagen;28700.682290121626;Nicht Signifikant;False
4151;11112701;2011;11;27;18405.0;18405.0;0.0;18405.0;1;0;0;0;0;0;0;0;2.958916643910756;2;0;3;0;0;0;388.6340268741533;04;7;X;Depot;H018;45;Moderat (0° bis 19,99° C);Tag;Wolkig;Missouri;Herbst;Kollision;Brakes, Use of;Human Factors;Depot/Rangieren, EinzelneWagen;13829.68065122104;Nicht Signifikant;False
4152;111138;2014;7;1;97272.0;97272.0;850.0;96422.0;3;0;0;0;0;0;0;0;1.0;103;0;49;0;0;11;13294.949154848202;05;7;1;Depot;T305;86;Warm (20° bis 31,99° C);Abend;Klar;New Jersey;Sommer;Kollision;Frogs, Switches and Track Appliances;Track, Roadbed and Structures;Depot/Rangieren, Depot/Rangieren;71063.70543541788;Nicht Signifikant;False
4153;111162;2014;7;2;1007902.0;1007902.0;87873.0;920029.0;5;3;0;2;0;0;0;0;24.856742067279495;49;0;89;0;0;2;10253.0;03;1;6;Hauptstrecke;H222;85;Warm (20° bis 31,99° C);Tag;Klar;Pennsylvania;Sommer;Kollision;Flagging, Fixed, Hand and Radio Signals;Human Factors;Güterzug, Güterzug;738065.3192735794;Signifikant;False
4154;1111KC013;2011;11;14;1925677.0;1925677.0;187012.0;1738665.0;4;0;0;0;0;0;0;0;17.0;151;22;78;0;0;10;24057.0;01;1;5;Hauptstrecke;T207;40;Moderat (0° bis 19,99° C);Abend;Klar;Kansas;Herbst;Entgleisung;Rail, Joint Bar and Rail Anchoring;Track, Roadbed and Structures;Güterzug, Güterzug;1409822.8274397834;Signifikant;False
4155;1111LA003;2011;11;4;26182.0;26182.0;2970.0;23212.0;3;0;0;0;0;0;0;0;3.9542723449729715;75;6;28;0;0;1;6932.0;01;7;1;Depot;H307;64;Moderat (0° bis 19,99° C);Abend;Wolkig;Kalifornien;Herbst;Entgleisung;General Switching Rules;Human Factors;Depot/Rangieren, EinzelneWagen;19009.656574457273;Nicht Signifikant;False
4156;1111LV013;2011;11;21;32692.0;32692.0;100.0;32592.0;6;0;0;0;0;0;0;0;6.0;4;4;5;0;0;3;7000.0;04;7;1;Depot;H702;65;Moderat (0° bis 19,99° C);Tag;Klar;Louisiana;Herbst;Kollision;Switches, Use of;Human Factors;Depot/Rangieren, Depot/Rangieren;24291.871006093028;Nicht Signifikant;False
4157;1111NP019;2011;11;28;42525.0;42525.0;555.0;41970.0;2;0;0;0;0;0;0;0;9.926406551346263;2;2;0;0;0;0;120.0;01;7;1;Depot;M411;42;Moderat (0° bis 19,99° C);Abend;Klar;Nebraska;Herbst;Entgleisung;Unusual Operational Situations;Miscellaneous Causes;Depot/Rangieren, EinzelneWagen;31858.705424033564;Nicht Signifikant;False
4158;11120402;2011;12;4;95100.0;95100.0;0.0;95100.0;5;0;0;0;0;0;0;0;5.0;25;0;43;0;0;0;4222.911199486635;04;1;X;Depot;H302;41;Moderat (0° bis 19,99° C);Abend;Regen;Oklahoma;Herbst;Kollision;General Switching Rules;Human Factors;Güterzug, Güterzug;70627.55291496472;Nicht Signifikant;False
4159;11123101;2011;12;31;20154.0;20154.0;0.0;20154.0;6;0;0;0;0;0;0;0;2.958916643910756;198;0;0;0;0;0;22593.75000397585;04;1;1;Depot;H307;43;Moderat (0° bis 19,99° C);Abend;Wolkig;Missouri;Winter;Kollision;General Switching Rules;Human Factors;Güterzug, Güterzug;15577.770334681678;Nicht Signifikant;False