index;INCDTNO;YEAR4;MONTH;DAY;ACCDMG;INFRASTRUCTURE_DMG;TRKDMG;EQPDMG;LOCOMOTIVES1;LOCOMOTIVES2;RREMPKLD;RREMPINJ;PASSKLD;PASSINJ;OTHERKLD;OTHERINJ;SPEED;LOADF1;LOADF2;EMPTYF1;EMPTYP1;LOADP1;EMPTYF2;TONS;TYPE;TYPEQ;TRKCLAS;TYPTRK;ACCAUSE;TEMP;TEMP_CLUSTER;VISIBLTY;WEATHER;STATE;Jahreszeit;ACCIDENT_TYPE;ACCCAUSE_LVL1;ACCCAUSE_LVL2;EQUIPMENT_TYPE;ACCDMG_EUR;ACCTYPE;SPD_TOO_HIGH
4160;1112CB008;2012;11;17;218673.0;218673.0;87098.0;131575.0;6;1;0;0;0;0;0;0;13.0;116;0;84;0;0;4;9770.0;04;1;2;Hauptstrecke;H221;61;Moderat (0° bis 19,99° C);Tag;Klar;Iowa;Herbst;Kollision;Flagging, Fixed, Hand and Radio Signals;Human Factors;Güterzug, Güterzug;171499.2680121301;Signifikant;False
4161;1112FW008;2012;11;11;43433.0;43433.0;22878.0;20555.0;4;0;0;0;0;0;0;0;5.5;42;1;76;0;0;1;28653.0;04;7;1;Depot;H702;78;Warm (20° bis 31,99° C);Tag;Wolkig;Texas;Herbst;Kollision;Switches, Use of;Human Factors;Depot/Rangieren, Depot/Rangieren;34141.86144010062;Nicht Signifikant;False
4162;1112HO039;2012;11;26;25786.0;25786.0;33.0;25753.0;4;0;0;0;0;0;0;0;9.926406551346263;1;0;2;0;0;0;223.0;05;7;1;Depot;S016;72;Warm (20° bis 31,99° C);Abenddämmerung;Wolkig;Texas;Herbst;Kollision;SIGNAL AND COMMUNICATION;Signal and Communication;Depot/Rangieren, EinzelneWagen;19890.465905584697;Nicht Signifikant;False
4163;1112LA018;2012;11;26;28116.0;28116.0;2970.0;25146.0;6;1;0;0;0;0;0;0;9.926406551346263;68;0;47;0;0;4;10644.0;01;7;1;Depot;H503;54;Moderat (0° bis 19,99° C);Abend;Nebel;Kalifornien;Herbst;Entgleisung;Train Handling/Train Makeup;Human Factors;Depot/Rangieren, Depot/Rangieren;21687.750694230177;Nicht Signifikant;False
4164;1112LK016;2012;11;20;15479.0;15479.0;0.0;15479.0;5;0;0;0;0;0;0;0;4.0;76;0;45;0;0;0;10320.0;05;7;1;Depot;H602;65;Moderat (0° bis 19,99° C);Tag;Klar;Arkansas;Herbst;Kollision;Speed;Human Factors;Depot/Rangieren, Güterzug;12084.471855726442;Nicht Signifikant;False
4165;1112LV009;2012;11;12;12011.0;12011.0;9462.0;2549.0;3;0;0;0;0;0;0;0;7.935695149221832;8;0;14;0;0;2;1554.8164184217308;01;7;1;Depot;H312;70;Warm (20° bis 31,99° C);Abend;Klar;Louisiana;Herbst;Entgleisung;General Switching Rules;Human Factors;Depot/Rangieren, EinzelneWagen;9431.4880251276;Nicht Signifikant;False
4166;1112LV026;2012;11;29;22060.0;22060.0;20162.0;1898.0;3;0;0;0;0;0;0;0;4.949628046035187;23;1;25;0;0;5;4003.8164184217308;01;7;1;Depot;H312;35;Moderat (0° bis 19,99° C);Abend;Klar;Louisiana;Herbst;Entgleisung;General Switching Rules;Human Factors;Depot/Rangieren, EinzelneWagen;16977.06633830999;Nicht Signifikant;False
4167;1112NP002;2012;11;5;133064.0;133064.0;0.0;133064.0;8;0;0;0;0;0;0;0;5.0;135;0;142;0;0;0;22429.0;04;1;2;Industriestrecke;H022;60;Moderat (0° bis 19,99° C);Tag;Klar;Wyoming;Herbst;Kollision;Brakes, Use of;Human Factors;Güterzug, Güterzug;104143.38264068247;Nicht Signifikant;False
4168;1112WH002;2012;11;8;20274.0;20274.0;0.0;20274.0;2;0;0;0;0;0;0;0;6.940339448159618;143;2;6;0;0;0;7993.0;05;7;1;Depot;H601;68;Warm (20° bis 31,99° C);Tag;Wolkig;Kansas;Herbst;Kollision;Speed;Human Factors;Depot/Rangieren, EinzelneWagen;15918.655778894472;Nicht Signifikant;False
4169;111394001;1994;11;13;71000.0;71000.0;0.0;71000.0;2;0;0;0;0;0;0;0;4.949628046035187;0;0;1;2;0;0;138.76921219471643;03;5;1;Depot;M599;65;Moderat (0° bis 19,99° C);Tag;Klar;Pennsylvania;Herbst;Kollision;Other Miscellaneous;Miscellaneous Causes;EinzelneWagen, Personenzug;60225.63406565442;Nicht Signifikant;False
4170;1113DV005;2013;11;8;62949.0;62949.0;100.0;62849.0;2;0;0;0;0;0;0;0;2.5;8;3;0;0;0;0;1029.0;01;7;1;Depot;H318;40;Moderat (0° bis 19,99° C);Abend;Wolkig;Colorado;Herbst;Entgleisung;General Switching Rules;Human Factors;Depot/Rangieren, EinzelneWagen;46868.43868662051;Nicht Signifikant;False
4171;1113KC013;2013;11;22;11512.0;11512.0;0.0;11512.0;2;0;0;0;0;0;0;0;4.0;20;0;42;0;0;0;3757.0;05;7;X;Depot;H318;25;Kalt (-30° - 0,01° C);Abend;Wolkig;Kansas;Herbst;Kollision;General Switching Rules;Human Factors;Depot/Rangieren, EinzelneWagen;8516.05267051339;Nicht Signifikant;False
4172;1113LK022;2013;11;28;113061.0;113061.0;55825.0;57236.0;3;0;0;0;0;0;0;0;7.935695149221832;80;8;0;0;0;0;10234.647398120595;01;5;1;Depot;T111;23;Kalt (-30° - 0,01° C);Abend;Wolkig;Arkansas;Herbst;Entgleisung;Track Geometry;Track, Roadbed and Structures;EinzelneWagen, Güterzug;83182.01883460859;Nicht Signifikant;False
4173;1113LV012;2013;11;23;149811.0;149811.0;2243.0;147568.0;6;1;0;0;0;0;0;0;8.0;50;0;46;0;0;5;7942.0;04;1;1;Depot;H306;50;Moderat (0° bis 19,99° C);Abend;Regen;Louisiana;Herbst;Kollision;General Switching Rules;Human Factors;Güterzug, Güterzug;110834.27866831074;Nicht Signifikant;False
4174;1113RS019;2013;11;20;296524.0;296524.0;158764.0;137760.0;3;0;0;0;0;0;0;0;6.940339448159618;142;8;10;0;0;0;14506.0;01;6;1;Depot;T314;63;Moderat (0° bis 19,99° C);Tag;Wolkig;Kalifornien;Herbst;Entgleisung;Frogs, Switches and Track Appliances;Track, Roadbed and Structures;EinzelneWagen, Güterzug;219208.9894285503;Signifikant;False
4175;1113SA021;2013;11;23;15056.0;15056.0;1320.0;13736.0;6;1;0;0;0;0;0;0;7.620700566856033;0;0;0;0;0;0;104.66992077400664;01;8;1;Depot;H399;44;Moderat (0° bis 19,99° C);Abend;Regen;Texas;Herbst;Entgleisung;General Switching Rules;Human Factors;Lokomotive, Lokomotive, Lokomotive;11138.840937114674;Nicht Signifikant;False
4176;1113UT005;2013;11;11;53768.0;53768.0;500.0;53268.0;5;0;0;0;0;0;0;0;3.0;31;0;110;0;0;3;13154.0;04;7;1;Depot;H607;60;Moderat (0° bis 19,99° C);Abend;Wolkig;Utah;Herbst;Kollision;Speed;Human Factors;Depot/Rangieren, Güterzug;40143.347767657164;Nicht Signifikant;False
4177;1114HO007;2014;11;10;59394.0;59394.0;3073.0;56321.0;3;0;0;0;0;0;0;0;9.901875401795017;108;3;6;0;0;0;13099.647398120595;03;7;1;Depot;E30C;68;Warm (20° bis 31,99° C);Abenddämmerung;Klar;Texas;Herbst;Kollision;Coupler and Draft System;Mechanical and Electrical Failures;Depot/Rangieren, EinzelneWagen, EinzelneWagen;47568.476693897166;Nicht Signifikant;False
4178;1114LK011;2014;11;15;352343.0;352343.0;95636.0;256707.0;7;0;0;0;0;0;0;0;6.0;103;0;107;0;0;7;19395.0;01;7;3;Depot;M405;27;Kalt (-30° - 0,01° C);Abend;Klar;Arkansas;Herbst;Entgleisung;Unusual Operational Situations;Miscellaneous Causes;Depot/Rangieren, Güterzug;282870.10276172124;Signifikant;False
4179;1114NP007;2014;11;8;13135.0;13135.0;1120.0;12015.0;2;0;0;0;0;0;0;0;0.9682052417863254;1;1;0;0;0;0;156.88997359133555;04;5;1;Depot;H302;36;Moderat (0° bis 19,99° C);Abend;Wolkig;Nebraska;Herbst;Kollision;General Switching Rules;Human Factors;EinzelneWagen, Lokomotive;10572.279459111398;Nicht Signifikant;False
4180;1114NP031;2014;11;23;64184.0;64184.0;56199.0;7985.0;1;0;0;0;0;0;0;0;3.9542723449729715;36;1;0;0;0;0;3238.0;01;7;1;Depot;H704;33;Moderat (0° bis 19,99° C);Tag;Klar;Nebraska;Herbst;Entgleisung;Switches, Use of;Human Factors;Depot/Rangieren, EinzelneWagen;51702.91606251007;Nicht Signifikant;False
4181;1114NP035;2014;11;28;12831.0;12831.0;100.0;12731.0;2;0;0;0;0;0;0;0;2.958916643910756;1;0;1;0;0;1;151.0;01;7;1;Depot;M411;67;Moderat (0° bis 19,99° C);Morgendämmerung;Wolkig;Nebraska;Herbst;Entgleisung;Unusual Operational Situations;Miscellaneous Causes;Depot/Rangieren, EinzelneWagen;10278.779139629896;Nicht Signifikant;False
4182;1114SA012;2014;11;7;50000.0;50000.0;0.0;50000.0;0;0;0;0;0;0;0;0;10.921762252408477;0;0;2;0;0;0;130.67276760464793;09;A;5;Hauptstrecke;H606;63;Moderat (0° bis 19,99° C);Tag;Wolkig;Texas;Herbst;Kollision;Speed;Human Factors;Wartungszug, Wartungszug;40345.35624949568;Nicht Signifikant;False
4183;1114ST002;2014;11;1;237633.0;237633.0;33834.0;203799.0;6;1;0;0;0;0;0;0;21.870674964092846;92;1;74;0;0;0;9814.0;03;1;4;Hauptstrecke;H605;72;Warm (20° bis 31,99° C);Tag;Klar;Kalifornien;Herbst;Kollision;Speed;Human Factors;Güterzug, Güterzug;189898.77733677844;Signifikant;False
4184;1115FW006;2015;11;7;23578.0;23578.0;5440.0;18138.0;3;0;0;0;0;0;0;0;4.949628046035187;85;5;0;0;0;0;3986.2216434131788;01;6;1;Industriestrecke;T202;63;Moderat (0° bis 19,99° C);Tag;Klar;Oklahoma;Herbst;Entgleisung;Rail, Joint Bar and Rail Anchoring;Track, Roadbed and Structures;EinzelneWagen, Güterzug;21761.629337927643;Nicht Signifikant;False
4185;1115HO019;2015;11;8;16448.0;16448.0;1219.0;15229.0;2;0;0;0;0;0;0;0;3.9542723449729715;85;0;30;0;0;1;13541.816418421731;01;5;1;Depot;H302;60;Moderat (0° bis 19,99° C);Abend;Wolkig;Texas;Herbst;Entgleisung;General Switching Rules;Human Factors;EinzelneWagen, Güterzug;15222.112537018756;Nicht Signifikant;False
4186;1115NP019;2015;11;28;24703.0;24703.0;600.0;24103.0;3;0;0;0;0;0;0;0;3.9542723449729715;2;2;4;0;0;0;385.0;01;7;1;Depot;S007;27;Kalt (-30° - 0,01° C);Tag;Wolkig;Nebraska;Herbst;Entgleisung;SIGNAL AND COMMUNICATION;Signal and Communication;Depot/Rangieren, EinzelneWagen;23349.506915781843;Nicht Signifikant;False
4187;1115PR006;2015;11;8;14863.0;14863.0;300.0;14563.0;3;0;0;0;0;0;0;0;7.935695149221832;0;0;0;0;0;0;69.7799471826711;04;8;1;Depot;H301;42;Moderat (0° bis 19,99° C);Abend;Klar;Illinois;Herbst;Kollision;General Switching Rules;Human Factors;Lokomotive, Lokomotive;13755.244323790721;Nicht Signifikant;False
4188;1115SA010;2015;11;16;13867.0;13867.0;2135.0;11732.0;1;0;0;0;0;0;0;0;9.926406551346263;0;0;43;0;0;1;2245.0;01;7;3;Industriestrecke;H306;77;Warm (20° bis 31,99° C);Abend;Wolkig;Texas;Herbst;Entgleisung;General Switching Rules;Human Factors;Depot/Rangieren, EinzelneWagen;12932.015294227362;Nicht Signifikant;False
4189;1116FW005;2016;11;8;53107.0;53107.0;0.0;53107.0;0;0;0;1;0;0;0;0;20.875319263030633;0;0;2;0;0;0;130.67276760464793;09;A;4;Hauptstrecke;H605;64;Moderat (0° bis 19,99° C);Tag;Regen;Texas;Herbst;Kollision;Speed;Human Factors;Wartungszug, Wartungszug;48112.88276861751;Signifikant;False
4190;1116LK007;2016;11;11;78359.0;78359.0;0.0;78359.0;2;0;0;0;0;0;0;0;2.958916643910756;3;0;21;0;0;0;1473.0;05;7;1;Depot;H302;55;Moderat (0° bis 19,99° C);Abend;Klar;Arkansas;Herbst;Kollision;General Switching Rules;Human Factors;Depot/Rangieren, Depot/Rangieren;71862.61922230374;Nicht Signifikant;False
4191;1116ST002;2016;11;7;56424.0;56424.0;3070.0;53354.0;2;0;0;0;0;0;0;0;4.5;9;3;0;0;0;0;984.2564391184076;01;7;1;Depot;H318;72;Warm (20° bis 31,99° C);Abend;Klar;Arizona;Herbst;Entgleisung;General Switching Rules;Human Factors;Depot/Rangieren, EinzelneWagen;51007.0511661544;Nicht Signifikant;False
4192;1117HO007;2017;11;4;84492.0;84492.0;83873.0;619.0;1;0;0;0;0;0;0;0;3.0;0;0;3;0;0;1;128.81641842173087;01;5;1;Depot;T403;85;Warm (20° bis 31,99° C);Tag;Klar;Texas;Herbst;Entgleisung;Other Way and Structure;Track, Roadbed and Structures;EinzelneWagen, Güterzug;72620.90304836122;Nicht Signifikant;False
4193;1117KC020;2017;11;20;121046.0;121046.0;9925.0;111121.0;2;0;0;0;0;0;0;0;3.9542723449729715;13;3;0;0;0;0;815.2564391184076;01;7;1;Depot;H312;38;Moderat (0° bis 19,99° C);Abend;Klar;Kansas;Herbst;Entgleisung;General Switching Rules;Human Factors;Depot/Rangieren, EinzelneWagen;102746.79568797216;Nicht Signifikant;False
4194;1117TC011;2017;11;14;24685.0;24685.0;4798.0;19887.0;4;0;0;0;0;0;0;0;4.949628046035187;81;4;11;0;0;0;17015.761307107983;01;7;1;Depot;H702;45;Moderat (0° bis 19,99° C);Abend;Wolkig;Minnesota;Herbst;Entgleisung;Switches, Use of;Human Factors;Depot/Rangieren, EinzelneWagen;21017.454235845038;Nicht Signifikant;False
4195;11183;2005;2;20;72077.0;72077.0;0.0;72077.0;1;0;0;0;0;0;0;0;1.9635609428485408;69;5;76;0;0;4;10336.934759203321;05;7;1;Depot;H399;20;Kalt (-30° - 0,01° C);Abend;Schnee;Illinois;Winter;Kollision;General Switching Rules;Human Factors;Depot/Rangieren, EinzelneWagen;55232.82842473625;Nicht Signifikant;False
4196;111852;1985;6;24;11550.0;11550.0;450.0;11100.0;3;2;0;0;0;0;0;0;12.0;49;0;94;0;0;3;6615.0;04;7;X;Depot;H302;72;Warm (20° bis 31,99° C);Abend;Klar;Iowa;Sommer;Kollision;General Switching Rules;Human Factors;Depot/Rangieren, Güterzug;9797.268640257867;Nicht Signifikant;True
4197;1118DV002;2018;11;10;329316.0;329316.0;40297.0;289019.0;2;0;0;0;0;0;0;0;8.931050850284048;64;0;121;0;0;20;5300.0;01;7;1;Depot;H019;46;Moderat (0° bis 19,99° C);Tag;Wolkig;Wyoming;Herbst;Entgleisung;Brakes, Use of;Human Factors;Depot/Rangieren, EinzelneWagen;290940.895838855;Signifikant;False
4198;1118PR017;2018;11;20;18488.0;18488.0;6600.0;11888.0;3;0;0;0;0;0;0;0;3.9542723449729715;43;8;50;0;0;0;7469.0;01;7;1;Depot;T207;28;Kalt (-30° - 0,01° C);Abenddämmerung;Klar;Iowa;Herbst;Entgleisung;Rail, Joint Bar and Rail Anchoring;Track, Roadbed and Structures;Depot/Rangieren, EinzelneWagen;16187.724367393399;Nicht Signifikant;False
4199;1118PR022;2018;11;25;11848.0;11848.0;1320.0;10528.0;3;0;0;0;0;0;0;0;3.9542723449729715;9;1;15;0;0;1;1027.0;01;7;1;Depot;H302;31;Kalt (-30° - 0,01° C);Tag;Schnee;Illinois;Herbst;Entgleisung;General Switching Rules;Human Factors;Depot/Rangieren, EinzelneWagen;10430.189565115325;Nicht Signifikant;False
4200;111909;2009;11;19;34937.0;34937.0;1674.0;30000.0;1;0;0;0;0;0;2;1;39.96820524178632;0;0;0;0;3;0;195.30129329442204;07;3;4;Hauptstrecke;M303;81;Warm (20° bis 31,99° C);Tag;Klar;Florida;Herbst;Bahnübergang;Loading Procedures;Loading;Nahverkehrszug, NaN;23506.021664536096;Schwer;False
4201;111989;1989;11;19;9693.0;9693.0;143.0;9550.0;6;1;0;0;0;0;0;0;2.0;25;1;50;0;0;0;3784.8899735913355;04;1;1;Depot;H305;45;Moderat (0° bis 19,99° C);Morgendämmerung;Klar;Illinois;Herbst;Kollision;General Switching Rules;Human Factors;Güterzug, Lokomotive;8222.071422512512;Nicht Signifikant;False
4202;1119LA016;2019;11;13;19580.0;19580.0;0.0;16330.0;3;0;0;0;0;0;0;0;9.926406551346263;95;2;53;0;0;6;12289.0;01;6;1;Depot;T399;59;Moderat (0° bis 19,99° C);Abend;Wolkig;Kalifornien;Herbst;Entgleisung;Frogs, Switches and Track Appliances;Track, Roadbed and Structures;EinzelneWagen, Güterzug;17790.296202071597;Nicht Signifikant;False
4203;112015;2014;9;2;15557.0;15557.0;3057.0;12500.0;4;0;0;0;0;0;0;0;5.944983747097401;24;1;1;0;0;0;2850.013587093676;04;7;1;Depot;H99D;72;Warm (20° bis 31,99° C);Abenddämmerung;Wolkig;Georgia;Sommer;Kollision;Miscellaneous;Human Factors;Depot/Rangieren, Depot/Rangieren;11861.990087685856;Nicht Signifikant;False
4204;112017;2014;9;1;112250.0;112250.0;0.0;112250.0;2;0;0;0;0;0;0;0;5.5;62;0;82;0;0;0;9619.345905297749;05;7;1;Depot;H020;72;Warm (20° bis 31,99° C);Abend;Wolkig;Pennsylvania;Sommer;Kollision;Brakes, Use of;Human Factors;Depot/Rangieren, EinzelneWagen;85471.71248001218;Nicht Signifikant;False
4205;112165;2014;9;14;23020.0;23020.0;600.0;22420.0;2;0;0;0;0;0;0;0;8.5;29;2;48;0;0;2;4872.351099893052;01;7;1;Depot;H702;47;Moderat (0° bis 19,99° C);Abend;Klar;Ohio;Sommer;Entgleisung;Switches, Use of;Human Factors;Depot/Rangieren, Depot/Rangieren;17820.555827935903;Nicht Signifikant;False
4206;112176;2014;9;13;34159.0;34159.0;0.0;34159.0;1;0;0;0;0;0;0;0;5.944983747097401;12;1;0;0;0;0;1444.647398120594;01;5;1;Industriestrecke;H306;62;Moderat (0° bis 19,99° C);Abend;Klar;Pennsylvania;Sommer;Entgleisung;General Switching Rules;Human Factors;EinzelneWagen, Güterzug;26429.989941454103;Nicht Signifikant;False
4207;11232016A;2016;11;23;84000.0;84000.0;69000.0;15000.0;1;0;0;0;0;0;0;0;7.935695149221832;5;1;0;0;0;0;658.176110826777;01;7;1;Industriestrecke;T210;42;Moderat (0° bis 19,99° C);Abend;Regen;Washington;Herbst;Entgleisung;Rail, Joint Bar and Rail Anchoring;Track, Roadbed and Structures;Depot/Rangieren, EinzelneWagen;79230.33389926428;Nicht Signifikant;False
4208;112362;2014;9;28;15600.0;15600.0;0.0;15600.0;5;0;0;0;0;0;0;0;3.0;144;0;111;0;0;1;19831.880647435013;01;7;X;Depot;M408;66;Moderat (0° bis 19,99° C);Abend;Klar;Pennsylvania;Herbst;Entgleisung;Unusual Operational Situations;Miscellaneous Causes;Depot/Rangieren, Depot/Rangieren;12272.512718309119;Nicht Signifikant;False
4209;112363;2014;9;28;16200.0;16200.0;2000.0;14200.0;3;0;0;0;0;0;0;0;1.9635609428485408;18;2;86;0;0;0;4775.022948849954;01;7;X;Depot;H316;65;Moderat (0° bis 19,99° C);Abend;Klar;Pennsylvania;Herbst;Entgleisung;General Switching Rules;Human Factors;Depot/Rangieren, EinzelneWagen;12744.532438244085;Nicht Signifikant;False
4210;1124061;2006;11;24;25000.0;25000.0;0.0;25000.0;2;0;0;0;0;0;0;0;3.9542723449729715;8;2;0;0;0;0;1019.057425412366;04;1;1;Depot;H210;70;Warm (20° bis 31,99° C);Tag;Klar;Kalifornien;Herbst;Kollision;Flagging, Fixed, Hand and Radio Signals;Human Factors;Güterzug, Güterzug;19116.0727940052;Nicht Signifikant;False
4211;112485;2014;10;6;67500.0;67500.0;0.0;67500.0;3;0;0;0;0;0;0;0;4.949628046035187;0;0;14;0;0;0;496.029690136509;04;7;1;Depot;H302;55;Moderat (0° bis 19,99° C);Abend;Wolkig;Pennsylvania;Herbst;Kollision;General Switching Rules;Human Factors;Depot/Rangieren, EinzelneWagen;53720.65260644648;Nicht Signifikant;False
4212;11272;2005;6;21;14600.0;14600.0;2600.0;12000.0;2;0;0;0;0;0;0;0;3.9542723449729715;57;1;20;0;0;0;6434.889973591336;05;7;1;Depot;H307;75;Warm (20° bis 31,99° C);Abend;Klar;Illinois;Sommer;Kollision;General Switching Rules;Human Factors;Depot/Rangieren, Lokomotive;12074.098577571947;Nicht Signifikant;False
4213;112747;2014;10;23;111890.0;111890.0;1640.0;110250.0;1;0;0;0;0;0;0;0;8.908067800378731;27;4;68;0;0;7;5335.272683738301;01;7;1;Depot;H306;58;Moderat (0° bis 19,99° C);Abend;Klar;Pennsylvania;Herbst;Entgleisung;General Switching Rules;Human Factors;Depot/Rangieren, EinzelneWagen, EinzelneWagen;88317.94143184151;Nicht Signifikant;False
4214;113440;2014;12;13;23797.0;23797.0;0.0;23797.0;2;0;0;0;0;0;0;0;6.940339448159618;19;0;25;0;0;0;2992.3312685132923;05;7;1;Depot;H020;35;Moderat (0° bis 19,99° C);Abend;Wolkig;Michigan;Herbst;Kollision;Brakes, Use of;Human Factors;Depot/Rangieren, EinzelneWagen;19126.34624658415;Nicht Signifikant;False
4215;113466;2014;12;16;77000.0;77000.0;0.0;77000.0;3;0;0;0;0;0;0;0;5.944983747097401;106;4;116;0;0;3;17924.113661924213;01;1;1;Industriestrecke;T309;43;Moderat (0° bis 19,99° C);Abenddämmerung;Regen;Pennsylvania;Herbst;Entgleisung;Frogs, Switches and Track Appliances;Track, Roadbed and Structures;Güterzug, Güterzug;61418.20212171971;Nicht Signifikant;False
4216;113847;2015;1;13;17253.0;17253.0;150.0;17103.0;2;0;0;0;0;0;0;0;0.9682052417863254;2;2;0;0;0;0;336.5128782368152;05;7;1;Depot;S006;23;Kalt (-30° - 0,01° C);Tag;Wolkig;New Jersey;Winter;Kollision;SIGNAL AND COMMUNICATION;Signal and Communication;Depot/Rangieren, EinzelneWagen;14643.524019691054;Nicht Signifikant;False
4217;114011;2015;1;23;48079.0;48079.0;2010.0;46069.0;2;0;0;0;0;0;0;0;9.926406551346263;28;1;26;0;0;0;4066.2035404854205;05;7;1;Depot;T306;39;Moderat (0° bis 19,99° C);Tag;Klar;New Jersey;Winter;Kollision;Frogs, Switches and Track Appliances;Track, Roadbed and Structures;Depot/Rangieren, EinzelneWagen;42935.34559742812;Nicht Signifikant;False
4218;114129;2015;2;2;82713.0;82713.0;960.0;81753.0;6;0;0;0;0;0;0;0;2.0;62;0;66;0;0;2;9281.320919095104;01;7;1;Depot;H306;30;Kalt (-30° - 0,01° C);Abend;Eisregen;Pennsylvania;Winter;Entgleisung;General Switching Rules;Human Factors;Depot/Rangieren, Güterzug;73132.62599469496;Nicht Signifikant;False
4219;114278;2015;2;9;147374.0;147374.0;372.0;147002.0;4;0;0;0;0;0;0;0;6.940339448159618;40;0;28;0;0;1;5672.0;04;1;1;Depot;H210;33;Moderat (0° bis 19,99° C);Abenddämmerung;Wolkig;Maryland;Winter;Kollision;Flagging, Fixed, Hand and Radio Signals;Human Factors;Güterzug, Güterzug;130708.64745011088;Nicht Signifikant;False
4220;114279;2015;2;9;13805.0;13805.0;5389.0;8416.0;4;1;0;0;0;0;0;0;4.0;62;0;106;0;0;0;10350.05975036147;01;7;1;Depot;H399;46;Moderat (0° bis 19,99° C);Abenddämmerung;Wolkig;Tennessee;Winter;Entgleisung;General Switching Rules;Human Factors;Depot/Rangieren, Depot/Rangieren;12243.90243902439;Nicht Signifikant;False
4221;114308;2015;2;11;15653.0;15653.0;2800.0;12853.0;1;0;0;0;0;0;0;0;8.931050850284048;7;0;11;0;0;2;1203.9525004471666;05;7;1;Depot;H306;21;Kalt (-30° - 0,01° C);Abend;Klar;New Jersey;Winter;Kollision;General Switching Rules;Human Factors;Depot/Rangieren, EinzelneWagen;13835.071592716988;Nicht Signifikant;False
4222;114609;2015;2;28;45266.0;45266.0;25537.0;19729.0;2;0;0;0;0;0;0;0;8.931050850284048;83;0;38;0;0;1;10670.089805748092;01;7;1;Depot;S006;25;Kalt (-30° - 0,01° C);Abenddämmerung;Klar;New Jersey;Winter;Entgleisung;SIGNAL AND COMMUNICATION;Signal and Communication;Depot/Rangieren, EinzelneWagen;40287.77405286735;Nicht Signifikant;False
4223;114726;2015;3;7;23349.0;23349.0;4799.0;18550.0;2;0;0;0;0;0;0;0;6.940339448159618;12;0;8;0;0;4;1684.3604616993077;01;7;1;Depot;H601;48;Moderat (0° bis 19,99° C);Abenddämmerung;Klar;Georgia;Winter;Entgleisung;Speed;Human Factors;Depot/Rangieren, EinzelneWagen;21364.91185262002;Nicht Signifikant;False
4224;114839;2015;3;15;104002.0;104002.0;2879.0;101123.0;1;0;0;0;0;0;0;0;6.940339448159618;7;2;11;0;0;2;1190.182883948803;01;6;X;Depot;H306;40;Moderat (0° bis 19,99° C);Morgendämmerung;Wolkig;Pennsylvania;Winter;Entgleisung;General Switching Rules;Human Factors;EinzelneWagen, Güterzug;98468.09316417345;Nicht Signifikant;False
4225;114883;2010;2;22;71050.0;71050.0;0.0;71050.0;0;0;0;1;0;0;0;0;1.9635609428485408;0;0;2;0;0;0;130.67276760464793;03;A;4;Hauptstrecke;H402;35;Moderat (0° bis 19,99° C);Abend;Klar;Massachusetts;Winter;Kollision;Main Track Authority;Human Factors;Wartungszug, Wartungszug;52142.96198444151;Signifikant;False
4226;115;1995;4;17;85300.0;85300.0;4000.0;81300.0;4;0;0;0;0;0;0;0;5.5;34;1;84;0;0;1;7629.0;05;7;1;Depot;H306;56;Moderat (0° bis 19,99° C);Tag;Klar;Montana;Frühling;Kollision;General Switching Rules;Human Factors;Depot/Rangieren, Güterzug;72355.5857154975;Nicht Signifikant;False
4227;115003;2015;3;27;24108.0;24108.0;16208.0;7900.0;5;0;0;0;0;0;0;0;8.931050850284048;154;6;49;0;0;0;20759.0684641118;01;6;1;Depot;T207;42;Moderat (0° bis 19,99° C);Morgendämmerung;Klar;Tennessee;Frühling;Entgleisung;Rail, Joint Bar and Rail Anchoring;Track, Roadbed and Structures;EinzelneWagen, Güterzug;22207.074428887252;Nicht Signifikant;False
4228;115026;2015;3;28;51400.0;51400.0;1500.0;49900.0;2;0;0;0;0;0;0;0;3.0;15;1;42;0;0;4;3080.419723458503;01;7;1;Depot;H316;27;Kalt (-30° - 0,01° C);Abenddämmerung;Klar;Indiana;Frühling;Entgleisung;General Switching Rules;Human Factors;Depot/Rangieren, Depot/Rangieren;47363.086279448355;Nicht Signifikant;False
4229;115073;2015;3;31;252727.0;252727.0;164034.0;88693.0;6;2;0;0;0;0;0;0;4.5;91;4;145;0;0;9;15640.57106542358;04;7;1;Depot;H306;72;Warm (20° bis 31,99° C);Abend;Klar;Alabama;Frühling;Kollision;General Switching Rules;Human Factors;Depot/Rangieren, Güterzug;234898.2247420764;Signifikant;False
4230;115089;2015;4;1;47850.0;47850.0;4050.0;43800.0;6;0;0;0;0;0;0;0;3.5;31;0;29;0;0;2;4580.929802796143;01;7;1;Depot;H306;77;Warm (20° bis 31,99° C);Tag;Klar;Georgia;Frühling;Entgleisung;General Switching Rules;Human Factors;Depot/Rangieren, Güterzug;44490.934449093445;Nicht Signifikant;False