index;INCDTNO;YEAR4;MONTH;DAY;ACCDMG;INFRASTRUCTURE_DMG;TRKDMG;EQPDMG;LOCOMOTIVES1;LOCOMOTIVES2;RREMPKLD;RREMPINJ;PASSKLD;PASSINJ;OTHERKLD;OTHERINJ;SPEED;LOADF1;LOADF2;EMPTYF1;EMPTYP1;LOADP1;EMPTYF2;TONS;TYPE;TYPEQ;TRKCLAS;TYPTRK;ACCAUSE;TEMP;TEMP_CLUSTER;VISIBLTY;WEATHER;STATE;Jahreszeit;ACCIDENT_TYPE;ACCCAUSE_LVL1;ACCCAUSE_LVL2;EQUIPMENT_TYPE;ACCDMG_EUR;ACCTYPE;SPD_TOO_HIGH
4231;115184;2015;4;9;20175.0;20175.0;1275.0;18900.0;5;0;0;0;0;0;0;0;9.926406551346263;32;1;47;0;0;0;5160.6078530332115;01;7;1;Depot;H021;64;Moderat (0° bis 19,99° C);Abend;Klar;Alabama;Frühling;Entgleisung;Brakes, Use of;Human Factors;Depot/Rangieren, Depot/Rangieren;18725.63578986449;Nicht Signifikant;False
4232;115319;2015;4;18;19500.0;19500.0;0.0;19500.0;2;0;0;0;0;0;0;0;4.0;19;0;24;0;0;3;2966.3249621605246;04;7;1;Depot;H399;65;Moderat (0° bis 19,99° C);Abenddämmerung;Klar;Ohio;Frühling;Kollision;General Switching Rules;Human Factors;Depot/Rangieren, Depot/Rangieren;18082.903156007542;Nicht Signifikant;False
4233;116292;2015;6;29;30308.0;30308.0;6308.0;24000.0;2;0;0;0;0;0;0;0;4.949628046035187;13;0;33;0;0;1;2554.838037645056;01;7;1;Depot;H306;90;Heiß (>= 32° C);Tag;Klar;Mississippi;Sommer;Entgleisung;General Switching Rules;Human Factors;Depot/Rangieren, EinzelneWagen;27223.569567951137;Nicht Signifikant;False
4234;116333;2015;7;2;12921.0;12921.0;3795.0;9126.0;2;0;0;0;0;0;0;0;7.935695149221832;7;2;16;0;0;3;1396.882668117143;01;7;1;Depot;H703;65;Moderat (0° bis 19,99° C);Abend;Klar;Pennsylvania;Sommer;Entgleisung;Switches, Use of;Human Factors;Depot/Rangieren, EinzelneWagen;11676.30580155431;Nicht Signifikant;False
4235;116523;2015;7;14;1946689.0;1946689.0;318685.0;1628004.0;4;2;0;2;0;0;0;0;29.83352057259057;26;3;71;0;0;15;9108.0;03;1;4;Hauptstrecke;H222;83;Warm (20° bis 31,99° C);Tag;Klar;Virginia;Sommer;Kollision;Flagging, Fixed, Hand and Radio Signals;Human Factors;Güterzug, Güterzug;1764743.9035445563;Signifikant;False
4236;116614;2015;7;20;70063.0;70063.0;3000.0;67063.0;1;0;0;0;0;0;0;0;5.0;19;4;19;0;0;0;2888.0889712386165;01;7;1;Depot;T305;88;Warm (20° bis 31,99° C);Abend;Klar;New Jersey;Sommer;Entgleisung;Frogs, Switches and Track Appliances;Track, Roadbed and Structures;Depot/Rangieren, EinzelneWagen;64562.29266494656;Nicht Signifikant;False
4237;116852;2015;8;7;4605468.0;4605468.0;171325.0;4434143.0;3;3;0;4;0;0;0;0;30.5;36;7;1;0;0;0;5656.0;02;1;4;Hauptstrecke;H404;94;Heiß (>= 32° C);Tag;Klar;Georgia;Sommer;Kollision;Main Track Authority;Human Factors;Güterzug, Güterzug;4209366.60268714;Schwer;False
4238;116938;2015;8;13;145414.0;145414.0;750.0;144664.0;2;0;0;0;0;0;0;0;10.0;8;2;0;0;0;0;1019.057425412366;05;7;1;Depot;S006;85;Warm (20° bis 31,99° C);Tag;Klar;New Jersey;Sommer;Kollision;SIGNAL AND COMMUNICATION;Signal and Communication;Depot/Rangieren, EinzelneWagen;130897.47051939869;Nicht Signifikant;False
4239;117192;2015;8;30;21638.0;21638.0;2000.0;19638.0;2;0;0;0;0;0;0;0;3.9542723449729715;20;1;0;0;0;0;2491.4642188839202;01;5;1;Depot;H306;70;Warm (20° bis 31,99° C);Tag;Klar;Pennsylvania;Sommer;Entgleisung;General Switching Rules;Human Factors;EinzelneWagen, Güterzug;19263.457771974598;Nicht Signifikant;False
4240;117534;2015;9;25;37713.0;37713.0;2750.0;34963.0;5;0;0;0;0;0;0;0;7.623796766147888;11;0;29;0;0;6;2247.8276944309555;05;7;1;Depot;H702;58;Moderat (0° bis 19,99° C);Abend;Klar;New Jersey;Herbst;Kollision;Switches, Use of;Human Factors;Depot/Rangieren, Depot/Rangieren, EinzelneWagen;33820.28517621738;Nicht Signifikant;False
4241;117833;2015;10;18;125377.0;125377.0;1000.0;124377.0;2;0;0;0;0;0;0;0;3.9390297932972955;70;1;27;0;0;0;9296.070607815629;05;6;1;Depot;H306;36;Moderat (0° bis 19,99° C);Abend;Klar;Pennsylvania;Herbst;Kollision;General Switching Rules;Human Factors;EinzelneWagen, EinzelneWagen, Güterzug;110542.23241050962;Nicht Signifikant;False
4242;117840;2010;11;14;19630.0;19630.0;0.0;19630.0;2;0;0;0;0;0;0;0;3.9542723449729715;0;0;0;6;0;0;185.4085115858419;05;7;1;Depot;H302;63;Moderat (0° bis 19,99° C);Abend;Klar;Kalifornien;Herbst;Kollision;General Switching Rules;Human Factors;Depot/Rangieren, Depot/Rangieren;14376.38844811171;Nicht Signifikant;False
4243;118303;2015;11;20;11762.0;11762.0;1000.0;10762.0;1;0;0;0;0;0;0;0;3.9542723449729715;14;0;12;0;0;0;2027.7408131241507;05;7;1;Industriestrecke;H306;53;Moderat (0° bis 19,99° C);Tag;Klar;Pennsylvania;Herbst;Kollision;General Switching Rules;Human Factors;Depot/Rangieren, EinzelneWagen;11004.865269461077;Nicht Signifikant;False
4244;118320;2015;11;22;66625.0;66625.0;5000.0;61625.0;3;0;0;0;0;0;0;0;3.9542723449729715;37;5;30;0;0;9;182.0;01;7;1;Depot;T210;25;Kalt (-30° - 0,01° C);Abenddämmerung;Klar;Ohio;Herbst;Entgleisung;Rail, Joint Bar and Rail Anchoring;Track, Roadbed and Structures;Depot/Rangieren, EinzelneWagen;62558.6854460094;Nicht Signifikant;False
4245;118466;2015;12;4;24000.0;24000.0;0.0;24000.0;0;0;0;3;0;0;0;0;8.5;0;0;2;0;0;1;132.15280222405482;09;A;2;Hauptstrecke;H997;50;Moderat (0° bis 19,99° C);Tag;Klar;Virginia;Herbst;Kollision;Miscellaneous;Human Factors;Wartungszug, Wartungszug;22014.30930104568;Signifikant;False
4246;118505;2015;12;8;29900.0;29900.0;1000.0;28900.0;1;0;0;0;0;0;0;0;2.0;5;0;4;0;0;2;763.312779911731;05;7;1;Depot;H301;40;Moderat (0° bis 19,99° C);Abend;Klar;New Jersey;Herbst;Kollision;General Switching Rules;Human Factors;Depot/Rangieren, EinzelneWagen;27494.252873563222;Nicht Signifikant;False
4247;118505604;1985;11;12;110400.0;110400.0;1200.0;109200.0;1;0;0;2;0;0;0;0;9.926406551346263;8;1;5;0;0;4;1039.9196717083694;03;6;1;Depot;H025;70;Warm (20° bis 31,99° C);Tag;Wolkig;South Carolina;Herbst;Kollision;Brakes, Use of;Human Factors;EinzelneWagen, Güterzug;93646.61973025702;Signifikant;False
4248;118509601;1985;11;8;2464570.0;2464570.0;25000.0;2439575.0;8;4;0;2;0;0;0;0;20.0;105;8;56;0;0;0;12533.0;04;1;4;Hauptstrecke;H215;45;Moderat (0° bis 19,99° C);Tag;Klar;Georgia;Herbst;Kollision;Flagging, Fixed, Hand and Radio Signals;Human Factors;Güterzug, Güterzug;2090567.4781576043;Schwer;False
4249;118510604;1985;11;15;47710.0;47710.0;100.0;47610.0;4;0;0;1;0;0;0;0;19.879963561968417;70;1;0;0;0;0;8082.0;03;4;2;Hauptstrecke;H603;65;Moderat (0° bis 19,99° C);Tag;Nebel;North Carolina;Herbst;Kollision;Speed;Human Factors;Arbeitszug, Güterzug;40469.929595385525;Signifikant;False
4250;1185CA202;1985;11;18;17000.0;17000.0;0.0;17000.0;0;0;0;0;0;0;0;0;4.949628046035187;3;3;0;0;0;0;469.8793437638873;04;5;1;Industriestrecke;E08C;75;Warm (20° bis 31,99° C);Tag;Klar;Kalifornien;Herbst;Kollision;Brakes;Mechanical and Electrical Failures;EinzelneWagen, EinzelneWagen;14420.222241072186;Nicht Signifikant;False
4251;1185OR207;1985;11;11;30301.0;30301.0;301.0;30000.0;3;0;0;0;0;0;0;0;7.0;85;0;55;0;0;2;8460.0;04;1;1;Depot;H702;30;Kalt (-30° - 0,01° C);Abend;Klar;Oregon;Herbst;Kollision;Switches, Use of;Human Factors;Güterzug, Güterzug;25702.773772160486;Nicht Signifikant;False
4252;1185UT202;1985;11;17;20750.0;20750.0;1550.0;19200.0;1;0;0;0;0;0;0;0;4.949628046035187;8;4;4;0;0;4;1185.9812867295745;04;6;1;Depot;H306;35;Moderat (0° bis 19,99° C);Tag;Klar;Utah;Herbst;Kollision;General Switching Rules;Human Factors;EinzelneWagen, Güterzug;17601.153617779284;Nicht Signifikant;False
4253;118608601;1986;11;3;19000.0;19000.0;500.0;18500.0;4;0;0;0;0;0;0;0;5.944983747097401;79;1;78;0;0;4;11859.256439118408;01;5;1;Depot;H503;55;Moderat (0° bis 19,99° C);Abend;Klar;Alabama;Herbst;Entgleisung;Train Handling/Train Makeup;Human Factors;EinzelneWagen, Güterzug;16116.718975315971;Nicht Signifikant;False
4254;118608609;1986;11;17;11000.0;11000.0;0.0;11000.0;2;0;0;0;0;0;0;0;4.5;9;2;0;0;0;0;1132.8148499416245;04;7;1;Depot;H306;60;Moderat (0° bis 19,99° C);Abend;Regen;Alabama;Herbst;Kollision;General Switching Rules;Human Factors;Depot/Rangieren, Depot/Rangieren;9330.732038340826;Nicht Signifikant;False
4255;118609607;1986;11;23;35000.0;35000.0;0.0;35000.0;8;0;0;0;0;0;0;0;2.0;7;0;3;0;0;0;833.8899735913355;04;1;1;Depot;H702;50;Moderat (0° bis 19,99° C);Abend;Wolkig;Tennessee;Herbst;Kollision;Switches, Use of;Human Factors;Güterzug, Lokomotive;29688.692849266263;Nicht Signifikant;False
4256;1186KA202;1986;11;10;13350.0;13350.0;150.0;13200.0;2;0;0;0;0;0;0;0;2.958916643910756;30;1;35;0;0;1;4569.21611606224;04;7;1;Depot;T306;45;Moderat (0° bis 19,99° C);Tag;Regen;Missouri;Herbst;Kollision;Frogs, Switches and Track Appliances;Track, Roadbed and Structures;Depot/Rangieren, EinzelneWagen;11324.115701077275;Nicht Signifikant;False
4257;1186NE025;1986;11;15;44430.0;44430.0;1680.0;42750.0;9;0;0;1;0;0;0;0;5.0;19;0;255;0;0;7;4685.0;04;1;1;Depot;H306;30;Kalt (-30° - 0,01° C);Abenddämmerung;Klar;Missouri;Herbst;Kollision;General Switching Rules;Human Factors;Güterzug, Güterzug;37687.674951225716;Signifikant;False
4258;1186TX204;1986;11;5;8050.0;8050.0;0.0;8050.0;0;0;0;0;0;0;0;0;2.958916643910756;14;0;7;0;0;1;1876.9887966886156;04;6;1;Depot;H999;60;Moderat (0° bis 19,99° C);Abend;Klar;Texas;Herbst;Kollision;Miscellaneous;Human Factors;EinzelneWagen, EinzelneWagen;6828.39935533124;Nicht Signifikant;False
4259;118701031;1987;11;10;19700.0;19700.0;2200.0;17500.0;3;0;0;0;0;0;0;0;5.0;61;2;1;0;0;0;10705.0;04;1;1;Depot;M503;44;Moderat (0° bis 19,99° C);Abend;Regen;Georgia;Herbst;Kollision;Other Miscellaneous;Miscellaneous Causes;Güterzug, Güterzug;16710.492832301297;Nicht Signifikant;False
4260;118701032;1987;11;14;6300.0;6300.0;0.0;6300.0;3;0;0;0;0;0;0;0;5.0;6;0;72;0;0;0;2700.0;04;1;1;Nebenstrecke;H018;39;Moderat (0° bis 19,99° C);Morgendämmerung;Klar;Georgia;Herbst;Kollision;Brakes, Use of;Human Factors;Güterzug, Güterzug;5343.964712867927;Nicht Signifikant;False
4261;118722064;1987;11;11;8220.0;8220.0;0.0;8220.0;7;1;0;1;0;0;0;0;4.949628046035187;0;0;0;0;0;0;69.7799471826711;02;8;1;Depot;H601;35;Moderat (0° bis 19,99° C);Tag;Klar;West Virginia;Herbst;Kollision;Speed;Human Factors;Lokomotive, Lokomotive;6972.6015777419625;Signifikant;False
4262;118723046;1987;11;25;42100.0;42100.0;500.0;41600.0;2;0;0;0;0;0;0;0;4.0;27;1;1;0;0;0;3191.2858606814516;05;7;1;Depot;H313;46;Moderat (0° bis 19,99° C);Abend;Wolkig;Ohio;Herbst;Kollision;General Switching Rules;Human Factors;Depot/Rangieren, Depot/Rangieren;35711.25625583171;Nicht Signifikant;False
4263;118729;2015;12;29;35198.0;35198.0;1000.0;34198.0;3;0;0;0;0;0;0;0;3.5;17;1;6;0;0;0;2205.9436664438094;05;7;1;Depot;H021;47;Moderat (0° bis 19,99° C);Abend;Regen;Pennsylvania;Winter;Kollision;Brakes, Use of;Human Factors;Depot/Rangieren, EinzelneWagen;32138.422205989777;Nicht Signifikant;False
4264;1187ID012;1987;11;8;919426.0;919426.0;8926.0;910500.0;5;3;1;11;0;0;0;0;27.5;84;2;0;0;0;0;5368.0;02;1;4;Hauptstrecke;H215;25;Kalt (-30° - 0,01° C);Abend;Nebel;Wyoming;Herbst;Kollision;Flagging, Fixed, Hand and Radio Signals;Human Factors;Güterzug, Güterzug;779901.6031894138;Schwer;False
4265;1187IL209;1987;11;26;31350.0;31350.0;10000.0;21350.0;6;0;0;0;0;0;0;0;11.917117953470694;128;7;78;0;0;0;14739.0;05;1;4;Hauptstrecke;H503;45;Moderat (0° bis 19,99° C);Tag;Wolkig;Illinois;Herbst;Kollision;Train Handling/Train Makeup;Human Factors;Güterzug, Güterzug;26592.58630927135;Nicht Signifikant;False
4266;1187LA200;1987;11;20;16750.0;16750.0;750.0;16000.0;2;0;0;0;0;0;0;0;15.0;90;1;8;0;0;0;14351.0;01;7;1;Depot;H702;65;Moderat (0° bis 19,99° C);Abenddämmerung;Klar;Louisiana;Herbst;Entgleisung;Switches, Use of;Human Factors;Depot/Rangieren, Depot/Rangieren;14208.160149291713;Nicht Signifikant;True
4267;118801046;1988;11;11;34145.0;34145.0;2000.0;32145.0;3;0;0;0;0;0;0;0;5.0;62;4;40;0;0;2;6315.742863252126;01;6;1;Depot;H505;65;Moderat (0° bis 19,99° C);Abend;Klar;Georgia;Herbst;Entgleisung;Train Handling/Train Makeup;Human Factors;EinzelneWagen, Güterzug;28963.440495377046;Nicht Signifikant;False
4268;118801047;1988;11;14;14300.0;14300.0;1000.0;13300.0;1;0;0;0;0;0;0;0;6.0;7;0;19;0;0;2;1447.5237821350743;04;7;1;Depot;H314;65;Moderat (0° bis 19,99° C);Tag;Klar;Georgia;Herbst;Kollision;General Switching Rules;Human Factors;Depot/Rangieren, EinzelneWagen;12129.951649843073;Nicht Signifikant;False
4269;118812026;1988;11;21;26000.0;26000.0;0.0;26000.0;4;0;0;0;0;0;0;0;5.0;23;0;24;0;0;1;3418.3945910387447;04;7;1;Depot;M407;65;Moderat (0° bis 19,99° C);Abend;Wolkig;Georgia;Herbst;Kollision;Unusual Operational Situations;Miscellaneous Causes;Depot/Rangieren, Depot/Rangieren;22054.457545169225;Nicht Signifikant;False
4270;118812027;1988;11;19;13850.0;13850.0;0.0;13850.0;4;0;0;0;0;0;0;0;5.0;34;2;19;0;0;3;4559.672361040087;04;7;2;Depot;H306;70;Warm (20° bis 31,99° C);Abend;Klar;Florida;Herbst;Kollision;General Switching Rules;Human Factors;Depot/Rangieren, Depot/Rangieren;11748.239884638222;Nicht Signifikant;False
4271;118852;2016;1;9;11960.0;11960.0;0.0;11960.0;2;0;0;2;0;0;0;0;5.5;0;0;0;0;0;0;69.7799471826711;04;7;1;Depot;H607;45;Moderat (0° bis 19,99° C);Abenddämmerung;Klar;Ohio;Winter;Kollision;Speed;Human Factors;Depot/Rangieren, Depot/Rangieren;11002.759889604416;Signifikant;False
4272;118866;2016;1;9;121784.0;121784.0;5000.0;116784.0;3;0;0;0;0;0;0;0;4.5;26;2;23;0;0;0;3766.958501791752;05;7;1;Depot;H316;42;Moderat (0° bis 19,99° C);Abend;Regen;New Jersey;Winter;Kollision;General Switching Rules;Human Factors;Depot/Rangieren, Depot/Rangieren;112036.79852805888;Nicht Signifikant;False
4273;1188FW211;1988;11;18;56442.0;56442.0;2442.0;54000.0;3;3;0;0;0;0;0;0;82.58737272888798;0;0;27;0;0;2;894.7930921181721;02;6;1;Nebenstrecke;H999;60;Moderat (0° bis 19,99° C);Abend;Wolkig;Texas;Herbst;Kollision;Miscellaneous;Human Factors;EinzelneWagen, Lokomotive;47876.8343370939;Nicht Signifikant;True
4274;1188NP204;1988;11;26;35146.0;35146.0;5296.0;29850.0;4;0;0;0;0;0;0;0;6.5;32;5;1;0;0;0;3838.5091473189987;04;1;1;Depot;H999;19;Kalt (-30° - 0,01° C);Abend;Schnee;Nebraska;Herbst;Kollision;Miscellaneous;Human Factors;Güterzug, Güterzug;29812.53711086606;Nicht Signifikant;False
4275;1188SA009;1988;11;18;1773000.0;1773000.0;653000.0;1120000.0;3;1;0;2;0;0;0;0;24.856742067279495;121;68;41;0;0;25;15560.970750192118;02;6;4;Hauptstrecke;H020;58;Moderat (0° bis 19,99° C);Abend;Nebel;Texas;Herbst;Kollision;Brakes, Use of;Human Factors;EinzelneWagen, Güterzug;1503944.3549071166;Signifikant;False
4276;118903031;1989;11;28;45750.0;45750.0;0.0;45750.0;6;0;0;0;0;0;0;0;10.0;122;0;55;0;0;2;17397.0;04;1;5;Hauptstrecke;H999;45;Moderat (0° bis 19,99° C);Abend;Wolkig;Tennessee;Herbst;Kollision;Miscellaneous;Human Factors;Güterzug, Güterzug;38807.362795826615;Nicht Signifikant;False
4277;118922021;1989;11;19;48800.0;48800.0;1700.0;47100.0;2;0;0;0;0;0;0;0;2.0;0;0;103;0;0;6;7196.0;05;7;1;Depot;H704;30;Kalt (-30° - 0,01° C);Tag;Wolkig;Maryland;Herbst;Kollision;Switches, Use of;Human Factors;Depot/Rangieren, Depot/Rangieren;41394.52031554839;Nicht Signifikant;False
4278;118923014;1989;11;9;13800.0;13800.0;300.0;13500.0;2;0;0;0;0;0;0;0;1.9635609428485408;80;2;19;0;0;0;11608.688816181464;04;7;1;Depot;H020;42;Moderat (0° bis 19,99° C);Abend;Wolkig;Ohio;Herbst;Kollision;Brakes, Use of;Human Factors;Depot/Rangieren, EinzelneWagen;11705.827466282128;Nicht Signifikant;False
4279;118927032;1989;11;27;10500.0;10500.0;500.0;10000.0;6;0;0;0;0;0;0;0;5.0;177;2;0;0;0;0;22469.0;04;7;1;Depot;H702;60;Moderat (0° bis 19,99° C);Abend;Regen;Kentucky;Herbst;Kollision;Switches, Use of;Human Factors;Depot/Rangieren, Güterzug;8906.607854779879;Nicht Signifikant;False
4280;1189CA013;1989;11;27;17000.0;17000.0;0.0;17000.0;4;0;0;2;0;0;0;0;7.5;0;0;110;0;0;0;3576.8899735913355;02;1;1;Hauptstrecke;H305;60;Moderat (0° bis 19,99° C);Tag;Klar;Kalifornien;Herbst;Kollision;General Switching Rules;Human Factors;Güterzug, Lokomotive;14420.222241072186;Signifikant;False
4281;1189CR205;1989;11;2;31552.0;31552.0;750.0;30802.0;5;1;0;0;0;0;0;0;9.926406551346263;104;1;20;0;0;1;9205.0;04;1;1;Depot;T314;53;Moderat (0° bis 19,99° C);Abend;Klar;Washington;Herbst;Kollision;Frogs, Switches and Track Appliances;Track, Roadbed and Structures;Güterzug, Güterzug;26763.932479429976;Nicht Signifikant;False
4282;1189CR220;1989;11;21;36250.0;36250.0;29000.0;7250.0;2;0;0;0;0;0;0;0;6.940339448159618;113;5;25;0;0;2;15098.371666043737;01;6;1;Depot;T110;45;Moderat (0° bis 19,99° C);Abend;Wolkig;Oregon;Herbst;Entgleisung;Track Geometry;Track, Roadbed and Structures;EinzelneWagen, Güterzug;30749.00330816863;Nicht Signifikant;False
4283;1189ID206;1989;11;20;8500.0;8500.0;0.0;8500.0;2;0;0;0;0;0;0;0;4.949628046035187;6;2;62;0;0;1;2418.0;01;1;1;Depot;H401;40;Moderat (0° bis 19,99° C);Abend;Klar;Idaho;Herbst;Entgleisung;Main Track Authority;Human Factors;Güterzug, Güterzug;7210.111120536093;Nicht Signifikant;False
4284;1189NA005;1989;11;27;41795.0;41795.0;0.0;41795.0;10;1;0;4;0;0;0;0;23.81518182162304;43;0;29;0;0;0;5945.779947182671;03;1;2;Hauptstrecke;H204;27;Kalt (-30° - 0,01° C);Abend;Klar;Oregon;Herbst;Kollision;Flagging, Fixed, Hand and Radio Signals;Human Factors;Güterzug, Lokomotive, Lokomotive;35452.54050385953;Signifikant;False
4285;1189NL206;1989;11;13;70952.0;70952.0;0.0;70952.0;4;0;0;0;0;0;0;0;9.0;24;0;18;0;0;2;3350.95358892148;04;7;1;Depot;H306;50;Moderat (0° bis 19,99° C);Abend;Klar;Arkansas;Herbst;Kollision;General Switching Rules;Human Factors;Depot/Rangieren, Depot/Rangieren;60184.91814403257;Nicht Signifikant;False
4286;1189PL204;1989;11;2;11000.0;11000.0;0.0;11000.0;3;0;0;0;0;0;0;0;19.879963561968417;79;0;10;0;0;0;6287.91967170837;02;6;4;Hauptstrecke;H018;60;Moderat (0° bis 19,99° C);Abend;Klar;Texas;Herbst;Kollision;Brakes, Use of;Human Factors;EinzelneWagen, Güterzug;9330.732038340826;Nicht Signifikant;False
4287;119001010;1990;11;9;184300.0;184300.0;1200.0;183100.0;0;0;0;0;0;0;0;0;1.0;8;1;43;0;0;11;2324.92440430053;04;6;1;Depot;M599;40;Moderat (0° bis 19,99° C);Tag;Regen;Georgia;Herbst;Kollision;Other Miscellaneous;Miscellaneous Causes;EinzelneWagen, EinzelneWagen;156332.17406056492;Signifikant;False
4288;119001062;1990;11;29;18400.0;18400.0;0.0;18400.0;2;0;0;0;0;0;0;0;2.0;83;0;39;0;0;11;10715.336562153148;04;7;1;Depot;H020;70;Warm (20° bis 31,99° C);Abend;Klar;Georgia;Herbst;Kollision;Brakes, Use of;Human Factors;Depot/Rangieren, Depot/Rangieren;15607.769955042835;Nicht Signifikant;False
4289;119012041;1990;11;27;44800.0;44800.0;800.0;44000.0;2;0;0;0;0;0;0;0;1.9635609428485408;0;0;6;0;0;5;259.85858154563607;04;7;1;Depot;H306;55;Moderat (0° bis 19,99° C);Abend;Klar;Florida;Herbst;Kollision;General Switching Rules;Human Factors;Depot/Rangieren, EinzelneWagen;38001.52684706082;Nicht Signifikant;False
4290;1190CH215;1990;11;21;686213.0;686213.0;175000.0;511213.0;4;0;0;0;0;0;0;0;37.5;97;11;31;0;0;8;9140.0;01;1;5;Hauptstrecke;E53C;45;Moderat (0° bis 19,99° C);Morgendämmerung;Klar;Wyoming;Herbst;Entgleisung;Axles and Journal Bearings;Mechanical and Electrical Failures;Güterzug, Güterzug;582079.0567478157;Signifikant;False
4291;1190ID001;1990;11;10;41357.0;41357.0;100.0;41257.0;2;1;0;0;0;0;0;0;19.879963561968417;0;0;31;0;0;1;1015.0986983427189;04;6;1;Hauptstrecke;H603;45;Moderat (0° bis 19,99° C);Abend;Klar;Idaho;Herbst;Kollision;Speed;Human Factors;EinzelneWagen, Lokomotive;35081.00771906014;Nicht Signifikant;True
4292;1190NL207;1990;11;20;41500.0;41500.0;0.0;41500.0;5;0;0;1;0;0;0;0;5.0;165;2;0;0;0;0;18878.973076505947;04;7;1;Depot;H306;60;Moderat (0° bis 19,99° C);Abend;Klar;Arkansas;Herbst;Kollision;General Switching Rules;Human Factors;Depot/Rangieren, Güterzug;35202.30723555857;Signifikant;False
4293;119105019;1991;11;15;13300.0;13300.0;2000.0;11300.0;5;0;0;0;0;0;0;0;5.0;38;8;64;0;0;3;6058.816418421731;01;1;1;Depot;M203;75;Warm (20° bis 31,99° C);Tag;Klar;South Carolina;Herbst;Entgleisung;Loading Procedures;Loading;Güterzug, Güterzug;11281.70328272118;Nicht Signifikant;False
4294;119108039;1991;11;26;13050.0;13050.0;150.0;12900.0;4;0;0;0;0;0;0;0;1.9635609428485408;107;2;48;0;0;0;13929.768431625971;01;7;1;Depot;H704;35;Moderat (0° bis 19,99° C);Abend;Klar;Alabama;Herbst;Entgleisung;Switches, Use of;Human Factors;Depot/Rangieren, Güterzug;11069.641190940707;Nicht Signifikant;False
4295;119127005;1991;11;7;12300.0;12300.0;100.0;12200.0;3;0;0;1;0;0;0;0;3.0;0;0;21;0;0;2;400.0;04;1;1;Industriestrecke;M501;48;Moderat (0° bis 19,99° C);Tag;Wolkig;Virginia;Herbst;Kollision;Other Miscellaneous;Miscellaneous Causes;Güterzug, Güterzug;10433.454915599286;Signifikant;False
4296;1191AR001;1991;11;2;152058.0;152058.0;46678.0;105380.0;2;0;0;0;0;0;0;0;4.949628046035187;138;7;0;0;0;0;16419.06327881279;01;7;1;Depot;T110;38;Moderat (0° bis 19,99° C);Tag;Klar;Arkansas;Herbst;Entgleisung;Track Geometry;Track, Roadbed and Structures;Depot/Rangieren, EinzelneWagen;128982.95020782085;Nicht Signifikant;False
4297;1191CH005;1991;11;6;581375.0;581375.0;36375.0;545000.0;7;2;0;0;0;0;0;0;41.77778898533715;15;0;31;0;0;0;4941.889973591336;02;1;4;Hauptstrecke;H017;25;Kalt (-30° - 0,01° C);Abend;Klar;Colorado;Herbst;Kollision;Brakes, Use of;Human Factors;Güterzug, Lokomotive;493150.3944354907;Signifikant;False
4298;1191NP012;1991;11;16;36893.0;36893.0;10193.0;26700.0;4;0;0;0;0;0;0;0;6.5;14;3;61;0;0;3;3582.8821403142447;04;1;1;Depot;H702;35;Moderat (0° bis 19,99° C);Abend;Regen;Nebraska;Herbst;Kollision;Switches, Use of;Human Factors;Güterzug, Güterzug;31294.42700822801;Nicht Signifikant;False
4299;1191UT019;1991;11;17;9000.0;9000.0;0.0;9000.0;3;0;0;0;0;0;0;0;9.5;27;0;68;0;0;0;5211.586303819862;03;1;3;Hauptstrecke;H017;30;Kalt (-30° - 0,01° C);Tag;Eisregen;Utah;Herbst;Kollision;Brakes, Use of;Human Factors;Güterzug, Lokomotive;7634.235304097039;Nicht Signifikant;False
4300;119203014;1992;11;29;12000.0;12000.0;500.0;11500.0;3;0;0;0;0;0;0;0;4.949628046035187;0;0;1;0;0;1;101.7063920130664;04;5;1;Depot;H307;38;Moderat (0° bis 19,99° C);Abend;Wolkig;Tennessee;Herbst;Kollision;General Switching Rules;Human Factors;EinzelneWagen, Lokomotive;10178.980405462718;Nicht Signifikant;False
4301;119221;2016;2;3;110798.0;110798.0;19000.0;91798.0;3;1;0;0;0;0;0;0;11.0;90;3;62;0;0;3;13136.0;01;1;2;Depot;H607;60;Moderat (0° bis 19,99° C);Abend;Regen;Georgia;Winter;Entgleisung;Speed;Human Factors;Güterzug, Güterzug;101342.72386353243;Nicht Signifikant;False
4302;119222029;1992;11;22;805400.0;805400.0;8200.0;797200.0;5;3;0;0;0;0;0;0;15.898540757719555;230;6;0;0;0;0;19316.0;03;1;3;Hauptstrecke;H215;45;Moderat (0° bis 19,99° C);Tag;Klar;Maryland;Herbst;Kollision;Flagging, Fixed, Hand and Radio Signals;Human Factors;Güterzug, Güterzug;683179.2348799729;Signifikant;False
4303;119227020;1992;11;21;96700.0;96700.0;10000.0;86700.0;8;0;0;0;0;0;0;0;5.944983747097401;139;5;0;0;0;0;18452.889973591336;03;1;1;Depot;H306;50;Moderat (0° bis 19,99° C);Morgendämmerung;Klar;Virginia;Herbst;Kollision;General Switching Rules;Human Factors;Güterzug, Lokomotive;82025.61710068707;Nicht Signifikant;False
4304;119227025;1992;11;20;8800.0;8800.0;200.0;8600.0;1;0;0;0;0;0;0;0;3.9542723449729715;1;1;12;0;0;1;569.983369861011;04;7;1;Depot;H302;45;Moderat (0° bis 19,99° C);Abend;Wolkig;Virginia;Herbst;Kollision;General Switching Rules;Human Factors;Depot/Rangieren, EinzelneWagen;7464.585630672661;Nicht Signifikant;False