index;INCDTNO;YEAR4;MONTH;DAY;ACCDMG;INFRASTRUCTURE_DMG;TRKDMG;EQPDMG;LOCOMOTIVES1;LOCOMOTIVES2;RREMPKLD;RREMPINJ;PASSKLD;PASSINJ;OTHERKLD;OTHERINJ;SPEED;LOADF1;LOADF2;EMPTYF1;EMPTYP1;LOADP1;EMPTYF2;TONS;TYPE;TYPEQ;TRKCLAS;TYPTRK;ACCAUSE;TEMP;TEMP_CLUSTER;VISIBLTY;WEATHER;STATE;Jahreszeit;ACCIDENT_TYPE;ACCCAUSE_LVL1;ACCCAUSE_LVL2;EQUIPMENT_TYPE;ACCDMG_EUR;ACCTYPE;SPD_TOO_HIGH
4305;1192CR001;1992;11;1;100333.0;100333.0;38844.0;61489.0;5;1;0;1;0;0;0;0;19.879963561968417;56;0;75;0;0;15;7047.0;03;1;3;Hauptstrecke;H699;48;Moderat (0° bis 19,99° C);Tag;Regen;Oregon;Herbst;Kollision;Speed;Human Factors;Güterzug, Güterzug;85107.30341844092;Signifikant;False
4306;1192ID020;1992;11;24;10000.0;10000.0;0.0;10000.0;2;0;0;0;0;0;0;0;3.5;21;0;11;0;0;0;3103.0;01;7;5;Depot;H207;30;Kalt (-30° - 0,01° C);Tag;Klar;Idaho;Herbst;Entgleisung;Flagging, Fixed, Hand and Radio Signals;Human Factors;Depot/Rangieren, Güterzug;8482.483671218932;Nicht Signifikant;False
4307;1192RR006;1992;11;10;21120.0;21120.0;1400.0;19720.0;3;0;0;0;0;0;0;0;2.958916643910756;24;0;20;0;0;3;3737.2628286327194;01;6;1;Depot;H702;64;Moderat (0° bis 19,99° C);Morgendämmerung;Wolkig;Texas;Herbst;Entgleisung;Switches, Use of;Human Factors;EinzelneWagen, Güterzug;17915.005513614386;Nicht Signifikant;False
4308;119303006;1993;11;8;111000.0;111000.0;0.0;111000.0;5;0;0;0;0;0;0;0;9.0;29;0;181;0;0;1;7748.243811569251;01;1;1;Hauptstrecke;T102;38;Moderat (0° bis 19,99° C);Abend;Klar;Kentucky;Herbst;Entgleisung;Track Geometry;Track, Roadbed and Structures;Güterzug, Güterzug;94155.56875053015;Nicht Signifikant;False
4309;119316;2016;2;11;12030.0;12030.0;0.0;12030.0;6;0;0;0;0;0;0;0;4.949628046035187;33;0;11;0;0;0;4617.889973591336;04;1;1;Depot;H307;20;Kalt (-30° - 0,01° C);Morgendämmerung;Klar;Kentucky;Winter;Kollision;General Switching Rules;Human Factors;Güterzug, Lokomotive;10601.921212655327;Nicht Signifikant;False
4310;119321026;1993;11;19;14000.0;14000.0;500.0;13500.0;3;2;0;0;0;0;0;0;6.0;0;0;0;6;0;0;185.4085115858419;04;8;1;Depot;H306;50;Moderat (0° bis 19,99° C);Tag;Wolkig;Kentucky;Herbst;Kollision;General Switching Rules;Human Factors;Lokomotive, Personenzug;11875.477139706505;Nicht Signifikant;False
4311;119323002;1993;11;3;35000.0;35000.0;3500.0;31500.0;3;0;0;0;0;0;0;0;9.0;34;3;55;0;0;3;5277.8295633572325;01;6;1;Depot;T207;45;Moderat (0° bis 19,99° C);Tag;Wolkig;Ohio;Herbst;Entgleisung;Rail, Joint Bar and Rail Anchoring;Track, Roadbed and Structures;EinzelneWagen, Güterzug;29688.692849266263;Nicht Signifikant;False
4312;1193CH010;1993;11;20;42000.0;42000.0;0.0;42000.0;6;1;0;1;0;0;0;0;11.917117953470694;152;3;0;0;0;0;13664.0;03;1;5;Hauptstrecke;H605;10;Kalt (-30° - 0,01° C);Abend;Wolkig;Wyoming;Herbst;Kollision;Speed;Human Factors;Güterzug, Güterzug;35626.431419119515;Signifikant;False
4313;1193FW021;1993;11;24;24075.0;24075.0;1050.0;23025.0;2;0;0;0;0;0;0;0;9.926406551346263;14;0;97;0;0;12;4892.595752912916;01;6;1;Depot;T220;64;Moderat (0° bis 19,99° C);Abend;Wolkig;Texas;Herbst;Entgleisung;Rail, Joint Bar and Rail Anchoring;Track, Roadbed and Structures;EinzelneWagen, Güterzug;20421.57943845958;Nicht Signifikant;False
4314;1193ID009;1993;11;20;13000.0;13000.0;4000.0;9000.0;5;0;0;0;0;0;0;0;23.86138636621728;64;3;0;0;0;0;4932.889973591336;01;1;2;Hauptstrecke;S099;30;Kalt (-30° - 0,01° C);Tag;Wolkig;Oregon;Herbst;Entgleisung;other software/programming deficiencies, etc.);Signal and Communication;Güterzug, Lokomotive;11027.228772584613;Nicht Signifikant;False
4315;1193VB009;1993;11;7;43585.0;43585.0;6085.0;37500.0;3;0;0;0;0;0;0;0;4.949628046035187;115;3;26;0;0;8;14323.527273868953;01;6;2;Depot;T210;30;Kalt (-30° - 0,01° C);Abend;Klar;Kansas;Herbst;Entgleisung;Rail, Joint Bar and Rail Anchoring;Track, Roadbed and Structures;EinzelneWagen, Güterzug;36970.90508100772;Nicht Signifikant;False
4316;119402;2016;2;17;239406.0;239406.0;15000.0;224406.0;4;1;0;1;0;0;0;0;11.5;133;3;89;0;0;0;23281.0;01;1;2;Depot;H999;19;Kalt (-30° - 0,01° C);Abend;Klar;Indiana;Winter;Entgleisung;Miscellaneous;Human Factors;Güterzug, Güterzug;214983.83620689658;Signifikant;False
4317;119406003;1994;11;5;22000.0;22000.0;2000.0;20000.0;1;0;0;0;0;0;0;0;10.0;15;0;28;0;0;0;2628.640801029224;04;6;1;Depot;M407;65;Moderat (0° bis 19,99° C);Abend;Wolkig;Georgia;Herbst;Kollision;Unusual Operational Situations;Miscellaneous Causes;EinzelneWagen, Güterzug;18661.464076681652;Nicht Signifikant;False
4318;119421004;1994;11;9;17300.0;17300.0;0.0;17300.0;1;0;0;0;0;0;0;0;8.0;1;0;24;0;0;1;263.54021854257087;04;6;1;Depot;M199;50;Moderat (0° bis 19,99° C);Abend;Regen;Illinois;Herbst;Kollision;Environmental Conditions;Environmental Conditions;EinzelneWagen, Güterzug;14674.696751208754;Nicht Signifikant;False
4319;119479;2011;4;18;28141.0;28141.0;2000.0;26141.0;2;0;0;0;0;0;0;0;2.0;0;0;0;11;0;0;279.2475519231421;04;7;1;Depot;E09C;78;Warm (20° bis 31,99° C);Abend;Klar;Florida;Frühling;Kollision;Brakes;Mechanical and Electrical Failures;Depot/Rangieren, EinzelneWagen;19713.485113835377;Nicht Signifikant;False
4320;1194HO004;1994;11;3;19625.0;19625.0;0.0;19625.0;2;0;0;0;0;0;0;0;3.9542723449729715;44;0;81;0;0;3;7545.705957418327;01;6;1;Depot;H306;87;Warm (20° bis 31,99° C);Tag;Klar;Texas;Herbst;Entgleisung;General Switching Rules;Human Factors;EinzelneWagen, Güterzug;16646.874204767155;Nicht Signifikant;False
4321;1194ST015;1994;11;24;15150.0;15150.0;0.0;12150.0;4;2;0;0;0;0;0;0;7.5;37;0;38;0;0;0;5817.0;04;7;1;Depot;H602;50;Moderat (0° bis 19,99° C);Abend;Wolkig;Texas;Herbst;Kollision;Speed;Human Factors;Depot/Rangieren, Depot/Rangieren;12850.962761896682;Nicht Signifikant;False
4322;1194VB021;1994;11;23;8000.0;8000.0;0.0;8000.0;2;0;0;0;0;0;0;0;3.9542723449729715;31;2;13;0;0;0;3887.0986196454764;04;7;1;Depot;H212;61;Moderat (0° bis 19,99° C);Tag;Klar;Oklahoma;Herbst;Kollision;Flagging, Fixed, Hand and Radio Signals;Human Factors;Depot/Rangieren, EinzelneWagen;6785.986936975146;Nicht Signifikant;False
4323;1194WT010;1994;11;10;94100.0;94100.0;47000.0;47100.0;7;0;0;0;0;0;0;0;4.949628046035187;158;8;0;0;0;0;18200.325350788018;01;7;1;Depot;H306;38;Moderat (0° bis 19,99° C);Tag;Klar;Idaho;Herbst;Entgleisung;General Switching Rules;Human Factors;Depot/Rangieren, Depot/Rangieren;79820.17134617016;Nicht Signifikant;False
4324;1195;2009;9;23;9828.0;9828.0;0.0;9828.0;1;0;0;0;0;0;0;0;9.926406551346263;1;0;1;0;0;0;213.98378192291796;04;7;1;Depot;H306;72;Warm (20° bis 31,99° C);Tag;Wolkig;Illinois;Herbst;Kollision;General Switching Rules;Human Factors;Depot/Rangieren, EinzelneWagen;6648.176960021647;Nicht Signifikant;False
4325;119505002;1995;11;3;51200.0;51200.0;8000.0;43200.0;3;0;0;0;0;0;0;0;5.0;27;9;4;0;0;4;3445.417557774553;04;7;1;Depot;H020;70;Warm (20° bis 31,99° C);Abenddämmerung;Regen;South Carolina;Herbst;Kollision;Brakes, Use of;Human Factors;Depot/Rangieren, Depot/Rangieren;43430.316396640934;Nicht Signifikant;False
4326;119507032;1995;11;30;54600.0;54600.0;600.0;54000.0;4;0;0;1;0;0;0;0;5.0;41;0;47;0;0;5;6172.215805895759;04;7;1;Depot;H307;40;Moderat (0° bis 19,99° C);Abend;Wolkig;Kentucky;Herbst;Kollision;General Switching Rules;Human Factors;Depot/Rangieren, Depot/Rangieren;46314.36084485537;Signifikant;False
4327;119523003;1995;11;7;10650.0;10650.0;200.0;10450.0;2;0;0;0;0;0;0;0;3.0;43;2;5;0;0;0;5152.799334991355;04;7;1;Depot;H306;40;Moderat (0° bis 19,99° C);Abend;Klar;Michigan;Herbst;Kollision;General Switching Rules;Human Factors;Depot/Rangieren, Depot/Rangieren;9033.845109848164;Nicht Signifikant;False
4328;119528003;1995;11;8;10200.0;10200.0;0.0;10200.0;4;2;0;0;0;0;0;0;3.0;0;0;0;0;0;0;69.7799471826711;04;8;1;Depot;H017;18;Kalt (-30° - 0,01° C);Abend;Schnee;West Virginia;Herbst;Kollision;Brakes, Use of;Human Factors;Lokomotive, Lokomotive;8652.133344643311;Nicht Signifikant;False
4329;1195CE007;1995;11;18;2721050.0;2721050.0;91050.0;2630000.0;6;3;1;2;0;0;0;0;49.740634593834876;131;25;0;0;0;0;8145.0;03;1;5;Hauptstrecke;M505;60;Moderat (0° bis 19,99° C);Tag;Klar;Wyoming;Herbst;Kollision;Other Miscellaneous;Miscellaneous Causes;Güterzug, Güterzug;2308126.2193570277;Schwer;False
4330;1195CT103;1995;11;8;45000.0;45000.0;12000.0;33000.0;3;1;0;0;0;0;0;0;2.958916643910756;5;1;0;0;0;0;1522.8899735913355;01;1;1;Depot;H999;20;Kalt (-30° - 0,01° C);Tag;Wolkig;Illinois;Herbst;Entgleisung;Miscellaneous;Human Factors;Güterzug, Lokomotive;38171.1765204852;Nicht Signifikant;False
4331;1195ST010;1995;11;24;9214.0;9214.0;2500.0;6714.0;2;0;0;0;0;0;0;0;3.9542723449729715;6;1;62;0;0;5;2548.595752912917;01;7;1;Depot;H301;55;Moderat (0° bis 19,99° C);Tag;Klar;Texas;Herbst;Entgleisung;General Switching Rules;Human Factors;Depot/Rangieren, EinzelneWagen;7815.760454661125;Nicht Signifikant;False
4332;1195WT012;1995;11;19;8032.0;8032.0;200.0;7832.0;3;0;0;1;0;0;0;0;10.921762252408477;28;2;40;0;0;3;4948.830170792707;01;7;1;Depot;H306;45;Moderat (0° bis 19,99° C);Abend;Klar;Utah;Herbst;Entgleisung;General Switching Rules;Human Factors;Depot/Rangieren, EinzelneWagen;6813.130884723047;Signifikant;True
4333;1196;2009;9;24;19471.0;19471.0;0.0;19471.0;1;0;0;0;0;0;0;0;2.5;8;0;42;0;0;0;11290.306292357265;05;7;1;Depot;H018;66;Moderat (0° bis 19,99° C);Abenddämmerung;Wolkig;Illinois;Herbst;Kollision;Brakes, Use of;Human Factors;Depot/Rangieren, EinzelneWagen;13184.58829902492;Nicht Signifikant;False
4334;119606013;1996;11;18;33000.0;33000.0;1000.0;32000.0;2;0;0;0;0;0;0;0;4.0;37;0;23;0;0;5;4986.472262715003;04;7;1;Depot;H525;65;Moderat (0° bis 19,99° C);Tag;Klar;Florida;Herbst;Kollision;Train Handling/Train Makeup;Human Factors;Depot/Rangieren, Depot/Rangieren;27992.196115022478;Nicht Signifikant;False
4335;119606021;1996;11;27;30950.0;30950.0;500.0;30450.0;3;0;0;0;0;0;0;0;6.0;11;1;20;0;0;9;1962.9691737967582;04;7;1;Depot;H702;38;Moderat (0° bis 19,99° C);Abend;Klar;South Carolina;Herbst;Kollision;Switches, Use of;Human Factors;Depot/Rangieren, Depot/Rangieren;26253.286962422597;Nicht Signifikant;False
4336;119607001;1996;11;1;26900.0;26900.0;16000.0;10900.0;4;0;0;0;0;0;0;0;1.0;143;6;27;0;0;0;20422.0;04;7;1;Depot;H702;40;Moderat (0° bis 19,99° C);Tag;Wolkig;Kentucky;Herbst;Kollision;Switches, Use of;Human Factors;Depot/Rangieren, Güterzug;22817.881075578927;Nicht Signifikant;False
4337;119607036;1996;11;21;90600.0;90600.0;500.0;90100.0;3;1;0;0;0;0;0;0;6.0;18;0;89;0;0;3;4831.584201345513;04;7;1;Depot;H210;45;Moderat (0° bis 19,99° C);Abend;Klar;Kentucky;Herbst;Kollision;Flagging, Fixed, Hand and Radio Signals;Human Factors;Depot/Rangieren, Depot/Rangieren;76851.30206124352;Nicht Signifikant;False
4338;119694;2016;3;12;12012.0;12012.0;600.0;11412.0;2;0;0;0;0;0;0;0;3.9542723449729715;0;0;134;0;0;4;4155.519053932747;01;5;1;Depot;H702;57;Moderat (0° bis 19,99° C);Abend;Klar;Virginia;Winter;Entgleisung;Switches, Use of;Human Factors;EinzelneWagen, Güterzug;10821.946605003151;Nicht Signifikant;False
4339;1196FW021;1996;11;30;59992.0;59992.0;150.0;59842.0;4;0;0;0;0;0;0;0;3.5;32;1;35;0;0;6;2365.0;04;7;1;Depot;H306;62;Moderat (0° bis 19,99° C);Tag;Klar;Texas;Herbst;Kollision;General Switching Rules;Human Factors;Depot/Rangieren, Depot/Rangieren;50888.11604037662;Nicht Signifikant;False
4340;1196LK003;1996;11;10;15790.0;15790.0;500.0;15290.0;3;0;0;0;0;0;0;0;4.932837394713583;79;5;30;0;0;0;10102.943969904147;01;7;1;Depot;H514;46;Moderat (0° bis 19,99° C);Abend;Klar;Arkansas;Herbst;Entgleisung;Train Handling/Train Makeup;Human Factors;Depot/Rangieren, EinzelneWagen, EinzelneWagen;13393.841716854695;Nicht Signifikant;False
4341;1196PC020;1996;11;30;29551.0;29551.0;0.0;29551.0;2;0;0;0;0;0;0;0;9.926406551346263;17;1;12;0;0;0;1295.2564391184076;01;5;1;Depot;S007;48;Moderat (0° bis 19,99° C);Tag;Wolkig;Oregon;Herbst;Entgleisung;SIGNAL AND COMMUNICATION;Signal and Communication;EinzelneWagen, Güterzug;25066.587496819066;Nicht Signifikant;False
4342;1196PR001;1996;11;3;35000.0;35000.0;0.0;35000.0;2;0;0;0;0;0;0;0;3.9542723449729715;59;0;0;0;0;0;6781.467994408921;04;1;1;Depot;H305;25;Kalt (-30° - 0,01° C);Abend;Klar;Illinois;Herbst;Kollision;General Switching Rules;Human Factors;Güterzug, Güterzug;29688.692849266263;Nicht Signifikant;False
4343;119701004;1997;11;2;50000.0;50000.0;0.0;50000.0;3;1;0;1;0;0;0;0;13.0;2;0;0;0;0;0;297.294796241188;03;1;3;Hauptstrecke;H215;60;Moderat (0° bis 19,99° C);Tag;Klar;Alabama;Herbst;Kollision;Flagging, Fixed, Hand and Radio Signals;Human Factors;Güterzug, Güterzug;42412.41835609466;Signifikant;False
4344;119722027;1997;11;25;75500.0;75500.0;500.0;75000.0;2;1;0;0;0;0;0;0;5.0;5;0;0;0;0;0;638.5670698289634;04;7;1;Depot;H401;27;Kalt (-30° - 0,01° C);Tag;Wolkig;Ohio;Herbst;Kollision;Main Track Authority;Human Factors;Depot/Rangieren, Depot/Rangieren;64042.75171770294;Nicht Signifikant;False
4345;119727011;1997;11;12;33891.0;33891.0;15000.0;18891.0;3;2;0;0;0;0;0;0;15.0;6;5;0;0;0;0;850.3696993472898;04;7;1;Depot;H017;54;Moderat (0° bis 19,99° C);Abend;Wolkig;Virginia;Herbst;Kollision;Brakes, Use of;Human Factors;Depot/Rangieren, Lokomotive;28747.985410128083;Nicht Signifikant;True
4346;119747;2016;3;16;32538.0;32538.0;450.0;32088.0;1;0;0;0;0;0;0;0;3.9542723449729715;1;0;22;0;0;6;862.2386040701161;01;7;1;Depot;T207;58;Moderat (0° bis 19,99° C);Abend;Klar;West Virginia;Winter;Entgleisung;Rail, Joint Bar and Rail Anchoring;Track, Roadbed and Structures;Depot/Rangieren, EinzelneWagen;29408.89370932755;Nicht Signifikant;False
4347;1197ET017;1997;11;29;388530.0;388530.0;60000.0;328530.0;8;0;0;0;0;0;0;0;6.333333333333333;97;3;67;0;0;8;11010.0;04;7;1;Depot;H702;50;Moderat (0° bis 19,99° C);Tag;Klar;Texas;Herbst;Kollision;Switches, Use of;Human Factors;Depot/Rangieren, Güterzug, Güterzug;329569.9380778692;Signifikant;False
4348;1197LK007;1997;11;10;16900.0;16900.0;0.0;16900.0;1;0;0;0;0;0;0;0;3.9542723449729715;39;2;19;0;0;1;3430.046024987627;01;7;1;Depot;S007;46;Moderat (0° bis 19,99° C);Tag;Regen;Arkansas;Herbst;Entgleisung;SIGNAL AND COMMUNICATION;Signal and Communication;Depot/Rangieren, EinzelneWagen;14335.397404359996;Nicht Signifikant;False
4349;1197LK016;1997;11;24;19549.0;19549.0;1000.0;18549.0;2;0;0;0;0;0;0;0;2.958916643910756;17;7;0;0;0;0;1248.2564391184076;01;7;1;Depot;H503;38;Moderat (0° bis 19,99° C);Abend;Nebel;Arkansas;Herbst;Entgleisung;Train Handling/Train Makeup;Human Factors;Depot/Rangieren, EinzelneWagen;16582.40732886589;Nicht Signifikant;False
4350;1197SA003;1997;11;20;17000.0;17000.0;17000.0;0.0;3;0;0;0;0;0;0;0;9.926406551346263;40;0;10;0;0;0;4476.336383802324;04;7;1;Depot;H702;65;Moderat (0° bis 19,99° C);Abend;Nebel;Texas;Herbst;Kollision;Switches, Use of;Human Factors;Depot/Rangieren, EinzelneWagen;14420.222241072186;Nicht Signifikant;False
4351;119806034;1998;11;9;128911.0;128911.0;3000.0;125911.0;2;0;0;0;0;0;0;0;10.0;18;3;64;0;0;6;3500.0;04;1;1;Depot;T220;75;Warm (20° bis 31,99° C);Abend;Klar;Georgia;Herbst;Kollision;Rail, Joint Bar and Rail Anchoring;Track, Roadbed and Structures;Güterzug, Güterzug;109348.54525405038;Nicht Signifikant;False
4352;119835;2016;3;23;52287.0;52287.0;500.0;51787.0;8;0;0;0;0;0;0;0;13.907829355595124;104;1;10;0;0;4;13241.0;03;1;3;Hauptstrecke;H222;49;Moderat (0° bis 19,99° C);Abend;Wolkig;Virginia;Frühling;Kollision;Flagging, Fixed, Hand and Radio Signals;Human Factors;Güterzug, Güterzug;46806.015576045116;Nicht Signifikant;False
4353;1198CT004;1998;11;28;34306.0;34306.0;5000.0;29306.0;5;0;0;0;0;0;0;0;2.958916643910756;111;4;0;0;0;0;2989.9196717083696;04;7;1;Depot;H212;48;Moderat (0° bis 19,99° C);Abend;Klar;Illinois;Herbst;Kollision;Flagging, Fixed, Hand and Radio Signals;Human Factors;Depot/Rangieren, Depot/Rangieren;29100.00848248367;Nicht Signifikant;False
4354;1198FW019;1998;11;14;70600.0;70600.0;600.0;70000.0;4;2;0;2;0;0;0;0;8.5;3;0;4;0;0;0;431.88997359133555;02;7;1;Depot;H602;82;Warm (20° bis 31,99° C);Tag;Wolkig;Texas;Herbst;Kollision;Speed;Human Factors;Depot/Rangieren, Lokomotive;59886.334718805665;Signifikant;False
4355;1198KC006;1998;11;15;21136.0;21136.0;3000.0;18136.0;6;0;0;0;0;0;0;0;7.935695149221832;42;0;22;0;0;7;5210.0;03;1;4;Hauptstrecke;H999;55;Moderat (0° bis 19,99° C);Tag;Klar;Missouri;Herbst;Kollision;Miscellaneous;Human Factors;Güterzug, Güterzug;17928.577487488335;Nicht Signifikant;False
4356;1198KC014;1998;11;24;94434.0;94434.0;20000.0;74434.0;5;0;0;0;0;0;0;0;12.5;2;1;223;0;0;7;7554.0;04;1;3;Hauptstrecke;H216;49;Moderat (0° bis 19,99° C);Tag;Klar;Missouri;Herbst;Kollision;Flagging, Fixed, Hand and Radio Signals;Human Factors;Güterzug, Güterzug;80103.48630078886;Nicht Signifikant;False
4357;1198LV022;1998;11;24;18499.0;18499.0;0.0;18499.0;2;0;0;0;0;0;0;0;2.958916643910756;7;0;0;0;0;0;310.0;04;7;1;Depot;H399;78;Warm (20° bis 31,99° C);Tag;Klar;Louisiana;Herbst;Kollision;General Switching Rules;Human Factors;Depot/Rangieren, Depot/Rangieren;15691.746543387902;Nicht Signifikant;False
4358;1198PD019;1998;11;15;17800.0;17800.0;0.0;17800.0;3;0;0;0;0;0;0;0;3.5;26;1;29;0;0;2;1230.0;04;7;1;Depot;H302;52;Moderat (0° bis 19,99° C);Tag;Wolkig;Oregon;Herbst;Kollision;General Switching Rules;Human Factors;Depot/Rangieren, Depot/Rangieren;15098.8209347697;Nicht Signifikant;False
4359;1198PR005;1998;11;7;8060.0;8060.0;0.0;8060.0;2;0;0;0;0;0;0;0;6.940339448159618;3;1;0;0;0;0;288.25643911840757;04;7;1;Depot;H302;45;Moderat (0° bis 19,99° C);Tag;Wolkig;Wisconsion;Herbst;Kollision;General Switching Rules;Human Factors;Depot/Rangieren, EinzelneWagen;6836.88183900246;Nicht Signifikant;False
4360;11993RQ;1993;2;6;42883.0;42883.0;2779.0;40104.0;2;0;0;0;0;0;0;0;3.0;17;1;0;0;0;0;2023.2652051778787;04;7;1;Depot;E08C;0;Kalt (-30° - 0,01° C);Tag;Wolkig;Iowa;Winter;Kollision;Brakes;Mechanical and Electrical Failures;Depot/Rangieren, EinzelneWagen;36375.43472728815;Nicht Signifikant;False
4361;11994RQ;1994;1;3;19000.0;19000.0;0.0;19000.0;4;0;0;0;0;0;0;0;2.0;42;4;0;0;0;0;4926.027941402781;04;7;1;Depot;H021;5;Kalt (-30° - 0,01° C);Abend;Wolkig;Iowa;Winter;Kollision;Brakes, Use of;Human Factors;Depot/Rangieren, Depot/Rangieren;16116.718975315971;Nicht Signifikant;False
4362;1199EP005;1999;11;13;71673.0;71673.0;5000.0;66673.0;6;1;0;1;0;0;0;0;14.903185056657339;130;4;0;0;0;0;9444.0;02;1;4;Hauptstrecke;H215;45;Moderat (0° bis 19,99° C);Abend;Klar;Kansas;Herbst;Kollision;Flagging, Fixed, Hand and Radio Signals;Human Factors;Güterzug, Güterzug;69547.17469353431;Signifikant;False
4363;1199LA059;1999;11;10;50000.0;50000.0;0.0;50000.0;5;0;0;0;0;0;0;0;4.949628046035187;50;0;0;0;0;0;5757.651173645595;02;7;1;Depot;H702;70;Warm (20° bis 31,99° C);Tag;Klar;Kalifornien;Herbst;Kollision;Switches, Use of;Human Factors;Depot/Rangieren, Lokomotive;48067.67929244376;Nicht Signifikant;False
4364;1199LK017;1999;11;14;129654.0;129654.0;31000.0;98654.0;3;0;0;0;0;0;0;0;3.5;34;5;6;0;0;0;5006.0;04;7;1;Depot;H306;71;Warm (20° bis 31,99° C);Abenddämmerung;Klar;Arkansas;Herbst;Kollision;General Switching Rules;Human Factors;Depot/Rangieren, Depot/Rangieren;125836.94597217729;Nicht Signifikant;False
4365;1199LV014;1999;11;26;116226.0;116226.0;75000.0;41226.0;2;0;0;0;0;0;0;0;9.926406551346263;68;3;59;0;0;7;9539.67561443529;01;7;1;Depot;T210;45;Moderat (0° bis 19,99° C);Tag;Klar;Louisiana;Herbst;Entgleisung;Rail, Joint Bar and Rail Anchoring;Track, Roadbed and Structures;Depot/Rangieren, EinzelneWagen;115063.85506385507;Nicht Signifikant;False
4366;1199TC006;1999;11;17;3239670.0;3239670.0;170200.0;3069470.0;6;6;1;1;0;0;1;0;48.74527889277266;91;26;110;0;0;4;14781.0;02;1;4;Hauptstrecke;H404;41;Moderat (0° bis 19,99° C);Abend;Klar;Iowa;Herbst;Kollision;Main Track Authority;Human Factors;Güterzug, Güterzug;3112672.943889316;Schwer;False
4367;1200;2009;10;2;11004.0;11004.0;0.0;11004.0;2;0;0;0;0;0;0;0;3.0;23;0;19;0;0;0;3261.8899735913355;05;1;X;Depot;H602;54;Moderat (0° bis 19,99° C);Tag;Klar;Illinois;Herbst;Kollision;Speed;Human Factors;Güterzug, Lokomotive;7569.649858980532;Nicht Signifikant;False
4368;120004009;2000;12;13;167410.0;167410.0;0.0;167410.0;4;0;0;0;0;0;0;0;1.0;59;24;0;0;0;0;11023.685146241065;05;1;1;Industriestrecke;H704;25;Kalt (-30° - 0,01° C);Tag;Wolkig;Kentucky;Herbst;Kollision;Switches, Use of;Human Factors;Güterzug, Güterzug;191369.45587562872;Signifikant;False
4369;120033016;2000;12;23;73251.0;73251.0;3500.0;69751.0;2;0;0;0;0;0;0;0;5.0;30;1;48;0;0;12;4981.299829618566;04;7;1;Depot;H313;25;Kalt (-30° - 0,01° C);Abend;Klar;Maryland;Winter;Kollision;General Switching Rules;Human Factors;Depot/Rangieren, Güterzug;79156.04063107845;Nicht Signifikant;False
4370;120068;2016;4;9;41720.0;41720.0;1520.0;40200.0;5;1;0;0;0;0;0;0;5.0;42;0;43;0;0;4;6162.707554961657;01;7;1;Depot;H607;60;Moderat (0° bis 19,99° C);Morgendämmerung;Klar;Georgia;Frühling;Entgleisung;Speed;Human Factors;Depot/Rangieren, Depot/Rangieren;36686.59866338375;Nicht Signifikant;False
4371;1200CB001;2000;12;2;9061.0;9061.0;500.0;8561.0;4;0;0;0;0;0;0;0;3.5;29;0;30;0;0;1;4644.0;04;7;1;Depot;H306;24;Kalt (-30° - 0,01° C);Abend;Schnee;Iowa;Herbst;Kollision;General Switching Rules;Human Factors;Depot/Rangieren, Depot/Rangieren;10305.178557889149;Nicht Signifikant;False
4372;1200DV013;2000;12;19;74917.0;74917.0;6000.0;68917.0;5;0;0;0;0;0;0;0;3.0;77;2;11;0;0;1;9830.0;01;1;1;Depot;H306;40;Moderat (0° bis 19,99° C);Tag;Klar;Colorado;Herbst;Entgleisung;General Switching Rules;Human Factors;Güterzug, Güterzug;84148.0399865214;Nicht Signifikant;False
4373;1200HO040;2000;12;30;560263.0;560263.0;247251.0;313012.0;2;0;0;0;0;0;0;0;43.768500387461586;61;16;25;0;0;2;8363.989370172552;01;6;4;Hauptstrecke;T220;34;Moderat (0° bis 19,99° C);Abend;Klar;Texas;Winter;Entgleisung;Rail, Joint Bar and Rail Anchoring;Track, Roadbed and Structures;EinzelneWagen, Güterzug;600206.759869302;Signifikant;False
4374;1200KC012;2000;12;18;38000.0;38000.0;200.0;37800.0;4;0;0;0;0;0;0;0;17.889252159843984;21;0;92;0;0;3;5504.0;03;1;4;Hauptstrecke;H605;16;Kalt (-30° - 0,01° C);Tag;Schnee;Nebraska;Herbst;Kollision;Speed;Human Factors;Güterzug, Güterzug;42382.33325897837;Nicht Signifikant;False
4375;1200LK002;2000;12;1;47179.0;47179.0;6210.0;40969.0;0;0;0;0;0;0;0;0;9.926406551346263;25;1;10;0;0;0;2484.0;04;6;1;Depot;S007;44;Moderat (0° bis 19,99° C);Tag;Wolkig;Arkansas;Herbst;Kollision;SIGNAL AND COMMUNICATION;Signal and Communication;EinzelneWagen, EinzelneWagen;54011.44819690898;Nicht Signifikant;False
4376;1200SL003;2000;12;9;14937.0;14937.0;500.0;14437.0;5;0;0;0;0;0;0;0;7.0;63;3;9;0;0;0;7336.0;01;1;1;Depot;H602;39;Moderat (0° bis 19,99° C);Abend;Wolkig;Illinois;Herbst;Entgleisung;Speed;Human Factors;Güterzug, Güterzug;16850.041362713393;Nicht Signifikant;False
4377;120105030;2001;12;27;7200.0;7200.0;0.0;7200.0;1;0;0;0;0;0;0;0;2.0;6;0;9;0;0;0;1045.336383802324;05;5;1;Industriestrecke;H306;40;Moderat (0° bis 19,99° C);Tag;Klar;South Carolina;Winter;Kollision;General Switching Rules;Human Factors;EinzelneWagen, Güterzug;8160.489629377763;Nicht Signifikant;False