index;INCDTNO;YEAR4;MONTH;DAY;ACCDMG;INFRASTRUCTURE_DMG;TRKDMG;EQPDMG;LOCOMOTIVES1;LOCOMOTIVES2;RREMPKLD;RREMPINJ;PASSKLD;PASSINJ;OTHERKLD;OTHERINJ;SPEED;LOADF1;LOADF2;EMPTYF1;EMPTYP1;LOADP1;EMPTYF2;TONS;TYPE;TYPEQ;TRKCLAS;TYPTRK;ACCAUSE;TEMP;TEMP_CLUSTER;VISIBLTY;WEATHER;STATE;Jahreszeit;ACCIDENT_TYPE;ACCCAUSE_LVL1;ACCCAUSE_LVL2;EQUIPMENT_TYPE;ACCDMG_EUR;ACCTYPE;SPD_TOO_HIGH
4378;120112004;2001;12;7;90572.0;90572.0;300.0;90272.0;3;0;0;0;0;0;0;0;8.0;19;0;41;0;0;3;3505.8164184217308;04;7;1;Depot;H020;70;Warm (20° bis 31,99° C);Abend;Klar;Florida;Herbst;Kollision;Brakes, Use of;Human Factors;Depot/Rangieren, Güterzug;101640.66883626978;Nicht Signifikant;False
4379;120112011;2001;12;26;25260.0;25260.0;0.0;25260.0;1;0;0;0;0;0;0;0;4.0;19;1;0;0;0;0;1968.2564391184076;04;5;1;Depot;H020;60;Moderat (0° bis 19,99° C);Abend;Klar;Florida;Winter;Kollision;Brakes, Use of;Human Factors;EinzelneWagen, Güterzug;28656.78414763273;Nicht Signifikant;False
4380;120130004;2001;12;7;16300.0;16300.0;7300.0;9000.0;3;0;0;0;0;0;0;0;8.0;95;2;0;0;0;0;15298.464325937644;03;6;1;Depot;H307;30;Kalt (-30° - 0,01° C);Tag;Klar;New York;Herbst;Kollision;General Switching Rules;Human Factors;EinzelneWagen, Güterzug;18291.998653349794;Nicht Signifikant;False
4381;120130010;2001;12;7;132236.0;132236.0;3000.0;129236.0;3;2;0;0;0;0;0;0;6.0;21;0;4;0;0;0;2580.471503141053;04;7;1;Depot;H699;50;Moderat (0° bis 19,99° C);Abend;Wolkig;New York;Herbst;Kollision;Speed;Human Factors;Depot/Rangieren, Depot/Rangieren;148396.36404443946;Nicht Signifikant;False
4382;120131014;2001;12;10;7655.0;7655.0;0.0;7655.0;0;0;0;0;0;0;0;0;4.0;10;0;2;0;0;0;1268.2470128972327;04;6;1;Depot;M407;35;Moderat (0° bis 19,99° C);Abend;Klar;Indiana;Herbst;Kollision;Unusual Operational Situations;Miscellaneous Causes;EinzelneWagen, EinzelneWagen;8649.717514124293;Nicht Signifikant;False
4383;120133004;2001;12;29;46288.0;46288.0;0.0;46288.0;2;0;0;0;0;0;0;0;10.0;89;0;64;0;0;0;11966.668053624167;04;7;1;Depot;H401;35;Moderat (0° bis 19,99° C);Tag;Schnee;Maryland;Winter;Kollision;Main Track Authority;Human Factors;Depot/Rangieren, Güterzug;52255.58816888688;Nicht Signifikant;False
4384;120161;2016;4;16;30929.0;30929.0;0.0;30929.0;6;0;0;0;0;0;0;0;0.9682052417863254;31;0;21;0;0;0;5764.0;04;1;1;Depot;H307;65;Moderat (0° bis 19,99° C);Tag;Wolkig;Georgia;Frühling;Kollision;General Switching Rules;Human Factors;Güterzug, Güterzug;27391.804924130596;Nicht Signifikant;False
4385;120187103;1987;1;28;7500.0;7500.0;500.0;7000.0;2;0;0;0;0;0;0;0;2.958916643910756;33;1;1;0;0;0;4355.336383802324;01;7;1;Depot;H302;35;Moderat (0° bis 19,99° C);Abend;Klar;Kansas;Winter;Entgleisung;General Switching Rules;Human Factors;Depot/Rangieren, EinzelneWagen;6361.8627534142;Nicht Signifikant;False
4386;120194105;1994;1;15;33000.0;33000.0;0.0;33000.0;3;0;0;0;0;0;0;0;14.903185056657339;37;0;28;0;0;0;5131.304140672911;03;6;2;Hauptstrecke;H404;45;Moderat (0° bis 19,99° C);Tag;Nebel;Kalifornien;Winter;Kollision;Main Track Authority;Human Factors;EinzelneWagen, Lokomotive;27992.196115022478;Nicht Signifikant;False
4387;1201LK016;2001;12;13;6983.0;6983.0;400.0;6583.0;4;0;0;0;0;0;0;0;4.0;29;0;22;0;0;1;3219.0;04;7;1;Depot;H210;55;Moderat (0° bis 19,99° C);Tag;Regen;Louisiana;Herbst;Kollision;Flagging, Fixed, Hand and Radio Signals;Human Factors;Depot/Rangieren, Depot/Rangieren;7780.50139275766;Nicht Signifikant;False
4388;1201LK019;2001;12;14;132865.0;132865.0;2544.0;130321.0;6;0;0;0;0;0;0;0;1.9635609428485408;85;2;42;0;0;8;13304.523829225436;01;7;1;Depot;H305;48;Moderat (0° bis 19,99° C);Tag;Wolkig;Arkansas;Herbst;Entgleisung;General Switching Rules;Human Factors;Depot/Rangieren, Güterzug;147365.79414374445;Nicht Signifikant;False
4389;1201PD039;2001;12;21;8325.0;8325.0;300.0;8025.0;5;0;0;0;0;0;0;0;3.0;76;0;54;0;0;0;9053.0;04;7;1;Industriestrecke;H306;38;Moderat (0° bis 19,99° C);Abend;Wolkig;Oregon;Winter;Kollision;General Switching Rules;Human Factors;Depot/Rangieren, Güterzug;9308.956725930895;Nicht Signifikant;False
4390;1201PD042;2001;12;23;16236.0;16236.0;9766.0;6470.0;2;0;0;0;0;0;0;0;4.949628046035187;9;0;39;0;0;2;2324.0;01;7;1;Depot;H312;38;Moderat (0° bis 19,99° C);Abend;Wolkig;Oregon;Winter;Entgleisung;General Switching Rules;Human Factors;Depot/Rangieren, EinzelneWagen;18353.36674328347;Nicht Signifikant;False
4391;1201SA011;2001;12;15;8228.0;8228.0;0.0;8228.0;5;0;0;0;0;0;0;0;4.5;25;1;13;0;0;1;3415.0;04;7;1;Depot;H702;65;Moderat (0° bis 19,99° C);Abend;Regen;Texas;Herbst;Kollision;Switches, Use of;Human Factors;Depot/Rangieren, Güterzug;9114.877589453861;Nicht Signifikant;False
4392;1201SL005;2001;12;13;8063350.0;8063350.0;553488.0;7509870.0;9;6;0;3;0;0;0;0;39.999923191710444;268;61;113;0;0;14;41342.22797706489;03;6;5;Hauptstrecke;H215;36;Moderat (0° bis 19,99° C);Abend;Regen;Missouri;Herbst;Kollision;Flagging, Fixed, Hand and Radio Signals;Human Factors;EinzelneWagen, Güterzug, Güterzug, Güterzug;8984233.983286908;Schwer;False
4393;120202;2002;12;2;20000.0;20000.0;0.0;20000.0;2;0;0;0;0;0;0;0;2.958916643910756;18;0;16;0;0;1;2606.036186704545;04;7;2;Depot;H401;30;Kalt (-30° - 0,01° C);Abend;Klar;Illinois;Herbst;Kollision;Main Track Authority;Human Factors;Depot/Rangieren, Lokomotive;20261.37169486374;Nicht Signifikant;False
4394;120204009;2002;12;13;281924.0;281924.0;35000.0;246924.0;9;0;0;0;0;0;0;0;10.0;115;0;47;0;0;6;15196.910324425771;03;1;3;Hauptstrecke;H215;35;Moderat (0° bis 19,99° C);Abend;Klar;Kentucky;Herbst;Kollision;Flagging, Fixed, Hand and Radio Signals;Human Factors;Güterzug, Güterzug;275828.19684962335;Signifikant;False
4395;120205020;2002;12;12;20578.0;20578.0;0.0;20578.0;1;0;0;0;0;0;0;0;5.0;7;1;1;0;0;0;916.1373700962824;04;7;1;Depot;H020;34;Moderat (0° bis 19,99° C);Abend;Wolkig;Virginia;Herbst;Kollision;Brakes, Use of;Human Factors;Depot/Rangieren, EinzelneWagen;20261.91413942497;Nicht Signifikant;False
4396;120207001;2002;12;5;73000.0;73000.0;0.0;73000.0;5;0;0;0;0;0;0;0;19.0;0;0;0;0;0;0;69.7799471826711;02;8;1;Depot;H017;25;Kalt (-30° - 0,01° C);Tag;Wolkig;Kentucky;Herbst;Kollision;Brakes, Use of;Human Factors;Lokomotive, Lokomotive;73065.75918326493;Nicht Signifikant;True
4397;12022102;2012;2;21;59876.0;59876.0;0.0;59876.0;2;0;0;0;0;0;0;0;2.0;8;1;0;0;0;0;1348.2564391184076;01;7;2;Industriestrecke;H021;60;Moderat (0° bis 19,99° C);Abend;Klar;Texas;Winter;Entgleisung;Brakes, Use of;Human Factors;Depot/Rangieren, EinzelneWagen;45285.13084253517;Nicht Signifikant;False
4398;120277;2016;4;27;65457.0;65457.0;9414.0;56043.0;2;0;0;0;0;0;0;0;6.940339448159618;17;1;2;0;0;0;2308.336383802324;01;5;1;Depot;H306;62;Moderat (0° bis 19,99° C);Morgendämmerung;Klar;Ohio;Frühling;Entgleisung;General Switching Rules;Human Factors;EinzelneWagen, Güterzug;57911.17402459524;Nicht Signifikant;False
4399;120287101;1987;2;6;38100.0;38100.0;5600.0;32500.0;3;0;0;0;0;0;0;0;9.926406551346263;91;5;81;0;0;7;13748.350952218878;04;6;1;Depot;H306;36;Moderat (0° bis 19,99° C);Abend;Klar;Kansas;Winter;Kollision;General Switching Rules;Human Factors;EinzelneWagen, Güterzug;32318.262787344134;Nicht Signifikant;False
4400;1202FW005;2002;12;8;197090.0;197090.0;2000.0;195090.0;4;0;0;0;0;0;0;0;4.5;28;1;47;0;0;0;3736.0;04;7;X;Depot;H306;47;Moderat (0° bis 19,99° C);Abend;Regen;Texas;Herbst;Kollision;General Switching Rules;Human Factors;Depot/Rangieren, Depot/Rangieren;195836.6454689984;Signifikant;False
4401;1202FW017;2002;12;13;31599.0;31599.0;2780.0;28819.0;2;0;0;0;0;0;0;0;6.940339448159618;5;0;82;0;0;13;3327.595752912917;01;6;1;Depot;M503;50;Moderat (0° bis 19,99° C);Abend;Klar;Texas;Herbst;Entgleisung;Other Miscellaneous;Miscellaneous Causes;EinzelneWagen, Güterzug;30915.761667155857;Nicht Signifikant;False
4402;1202FW025;2002;12;17;63047.0;63047.0;5000.0;58047.0;4;1;0;0;0;0;0;0;8.0;107;3;16;0;0;0;8660.0;04;1;4;Hauptstrecke;H702;68;Warm (20° bis 31,99° C);Tag;Wolkig;Texas;Herbst;Kollision;Switches, Use of;Human Factors;Güterzug, Güterzug;61169.108372950424;Nicht Signifikant;False
4403;1202HO025;2002;12;17;40355.0;40355.0;1000.0;39355.0;4;3;0;0;0;0;0;0;4.949628046035187;0;0;0;0;0;0;69.7799471826711;04;8;1;Depot;H605;70;Warm (20° bis 31,99° C);Tag;Wolkig;Texas;Herbst;Kollision;Speed;Human Factors;Lokomotive, Lokomotive;39153.00281362181;Nicht Signifikant;False
4404;1202KC007;2002;12;7;17320.0;17320.0;2000.0;15320.0;4;0;0;0;0;0;0;0;8.0;0;0;105;0;0;4;2646.8899735913355;04;1;1;Depot;H307;34;Moderat (0° bis 19,99° C);Abend;Klar;Missouri;Herbst;Kollision;General Switching Rules;Human Factors;Güterzug, Lokomotive;17259.591429995016;Nicht Signifikant;False
4405;1202KC009;2002;12;6;13290.0;13290.0;0.0;13290.0;3;0;0;0;0;0;0;0;4.5;15;0;31;0;0;1;3807.0;01;7;1;Depot;M408;33;Moderat (0° bis 19,99° C);Abend;Klar;Missouri;Herbst;Entgleisung;Unusual Operational Situations;Miscellaneous Causes;Depot/Rangieren, Depot/Rangieren;13282.030781531083;Nicht Signifikant;False
4406;1202RS022;2002;12;20;11305.0;11305.0;8000.0;3305.0;5;0;0;0;0;0;0;0;11.5;70;1;75;0;0;0;9033.0;01;1;3;Hauptstrecke;H519;23;Kalt (-30° - 0,01° C);Abend;Schnee;Kalifornien;Herbst;Entgleisung;Train Handling/Train Makeup;Human Factors;Güterzug, Güterzug;11023.890784982934;Nicht Signifikant;False
4407;1202UT012;2002;12;14;190013.0;190013.0;79333.0;110680.0;5;4;0;0;0;0;0;0;7.0;43;0;12;0;0;0;3640.0;04;7;1;Depot;H401;40;Moderat (0° bis 19,99° C);Abend;Klar;Utah;Herbst;Kollision;Main Track Authority;Human Factors;Depot/Rangieren, Depot/Rangieren;185959.09179878645;Signifikant;False
4408;1202WH016;2002;12;19;86261.0;86261.0;0.0;86261.0;3;0;0;0;0;0;0;0;9.926406551346263;63;2;33;0;0;4;8796.0;04;7;1;Depot;H021;40;Moderat (0° bis 19,99° C);Abend;Klar;Kansas;Herbst;Kollision;Brakes, Use of;Human Factors;Depot/Rangieren, Güterzug;83968.6556994062;Nicht Signifikant;False
4409;12031101;2012;3;11;452175.0;452175.0;130461.0;321714.0;6;3;0;2;0;0;0;0;15.898540757719555;156;3;15;0;0;0;20125.0;03;1;3;Hauptstrecke;H404;70;Warm (20° bis 31,99° C);Abend;Nebel;Texas;Winter;Kollision;Main Track Authority;Human Factors;Güterzug, Güterzug;344042.4560602602;Signifikant;False
4410;12031202;2012;3;12;80430.0;80430.0;66000.0;14430.0;4;0;0;0;0;0;0;0;4.949628046035187;124;3;5;0;0;0;14846.0;04;7;X;Nebenstrecke;H307;60;Moderat (0° bis 19,99° C);Abend;Nebel;Texas;Winter;Kollision;General Switching Rules;Human Factors;Depot/Rangieren, Güterzug;61308.02652641207;Nicht Signifikant;False
4411;12032701;2012;3;27;40181.0;40181.0;0.0;40181.0;10;4;0;0;0;0;0;0;6.940339448159618;0;0;37;0;0;2;1150.8899735913355;04;7;2;Depot;H601;70;Warm (20° bis 31,99° C);Tag;Klar;Texas;Frühling;Kollision;Speed;Human Factors;Depot/Rangieren, Lokomotive;30136.503412585316;Nicht Signifikant;False
4412;120386102;1986;3;14;13500.0;13500.0;100.0;13400.0;1;0;0;0;0;0;0;0;6.940339448159618;14;1;9;0;0;0;1920.162247179111;04;7;1;Depot;M407;50;Moderat (0° bis 19,99° C);Tag;Klar;Kansas;Winter;Kollision;Unusual Operational Situations;Miscellaneous Causes;Depot/Rangieren, EinzelneWagen;11451.352956145558;Nicht Signifikant;False
4413;120392;1992;3;22;14847.0;14847.0;300.0;14547.0;1;0;0;0;0;0;0;0;3.9542723449729715;31;1;35;0;0;0;4681.493505972092;04;7;1;Depot;H020;31;Kalt (-30° - 0,01° C);Tag;Klar;Illinois;Frühling;Kollision;Brakes, Use of;Human Factors;Depot/Rangieren, EinzelneWagen;12593.943506658748;Nicht Signifikant;False
4414;120396103;1996;3;17;27600.0;27600.0;0.0;27600.0;4;0;0;0;0;0;0;0;4.949628046035187;46;0;1;0;0;0;3709.0;04;7;X;Depot;H399;65;Moderat (0° bis 19,99° C);Tag;Klar;Kalifornien;Winter;Kollision;General Switching Rules;Human Factors;Depot/Rangieren, Güterzug;23411.654932564255;Nicht Signifikant;False
4415;120397R005;1997;12;3;29504.0;29504.0;0.0;29504.0;10;0;0;0;0;0;0;0;10.0;0;0;0;0;0;0;69.7799471826711;05;2;1;Hauptstrecke;E79L;30;Kalt (-30° - 0,01° C);Tag;Klar;Pennsylvania;Herbst;Kollision;Locomotives;Mechanical and Electrical Failures;Personenzug, Personenzug;25026.719823564337;Nicht Signifikant;False
4416;1203LA010;2003;12;8;61901.0;61901.0;5300.0;56601.0;4;2;0;2;0;0;0;0;7.5;65;0;4;0;0;0;6175.0;04;7;1;Depot;H607;70;Warm (20° bis 31,99° C);Abend;Klar;Kalifornien;Herbst;Kollision;Speed;Human Factors;Depot/Rangieren, Güterzug;50663.77475855296;Signifikant;False
4417;1203LK024;2003;12;23;37546.0;37546.0;17922.0;19624.0;4;0;0;0;0;0;0;0;5.944983747097401;13;0;27;0;0;2;1768.0;04;7;1;Depot;H306;47;Moderat (0° bis 19,99° C);Tag;Klar;Arkansas;Winter;Kollision;General Switching Rules;Human Factors;Depot/Rangieren, Depot/Rangieren;30298.579728857327;Nicht Signifikant;False
4418;1203NP008;2003;12;15;11400.0;11400.0;0.0;11400.0;4;1;0;0;0;0;0;0;4.0;2;0;34;0;0;1;1647.0;04;7;1;Depot;H306;32;Moderat (0° bis 19,99° C);Abend;Klar;Nebraska;Herbst;Kollision;General Switching Rules;Human Factors;Depot/Rangieren, Depot/Rangieren;9321.340964840556;Nicht Signifikant;False
4419;1203PD028;2003;12;24;8975.0;8975.0;627.0;8348.0;2;0;0;0;0;0;0;0;9.926406551346263;10;0;22;0;0;2;1948.0;01;7;1;Depot;H312;26;Kalt (-30° - 0,01° C);Abend;Regen;Idaho;Winter;Entgleisung;General Switching Rules;Human Factors;Depot/Rangieren, EinzelneWagen;7233.819617957605;Nicht Signifikant;False
4420;1203RS001;2003;12;3;76112.0;76112.0;22000.0;54112.0;3;1;0;0;0;0;0;0;7.0;36;0;3;0;0;3;7433.0;04;7;2;Depot;H306;45;Moderat (0° bis 19,99° C);Abend;Nebel;Kalifornien;Herbst;Kollision;General Switching Rules;Human Factors;Depot/Rangieren, Depot/Rangieren;62892.08395306561;Nicht Signifikant;False
4421;1203SA013;2003;12;22;8230.0;8230.0;4098.0;4132.0;2;0;0;0;0;0;0;0;8.931050850284048;18;4;1;0;0;0;438.25643911840757;01;7;1;Depot;H507;65;Moderat (0° bis 19,99° C);Abend;Wolkig;Texas;Winter;Entgleisung;Train Handling/Train Makeup;Human Factors;Depot/Rangieren, EinzelneWagen;6618.948045681196;Nicht Signifikant;False
4422;1203WH005;2003;12;3;207694.0;207694.0;167864.0;39830.0;5;0;0;0;0;0;0;0;7.935695149221832;136;8;75;0;0;5;18958.0;01;7;1;Depot;T210;60;Moderat (0° bis 19,99° C);Tag;Wolkig;Arkansas;Herbst;Entgleisung;Rail, Joint Bar and Rail Anchoring;Track, Roadbed and Structures;Depot/Rangieren, Depot/Rangieren;171619.56701371676;Signifikant;False
4423;120488102;1988;4;30;9000.0;9000.0;0.0;9000.0;7;0;0;0;0;0;0;0;9.926406551346263;61;0;36;0;0;0;6880.677096237628;04;6;1;Depot;H601;75;Warm (20° bis 31,99° C);Tag;Klar;Kansas;Frühling;Kollision;Speed;Human Factors;EinzelneWagen, Güterzug;7634.235304097039;Nicht Signifikant;False
4424;1204HO034;2004;12;27;12718.0;12718.0;975.0;11743.0;4;0;0;0;0;0;0;0;3.9542723449729715;66;1;20;0;0;1;8727.0;04;7;1;Depot;H306;38;Moderat (0° bis 19,99° C);Abend;Klar;Texas;Winter;Kollision;General Switching Rules;Human Factors;Depot/Rangieren, Depot/Rangieren;9401.936867006727;Nicht Signifikant;False
4425;1204KC001;2004;12;5;62187.0;62187.0;0.0;62187.0;4;0;0;0;0;0;0;0;3.9542723449729715;17;0;146;0;0;2;3234.0;04;7;1;Depot;H306;38;Moderat (0° bis 19,99° C);Abend;Wolkig;Missouri;Herbst;Kollision;General Switching Rules;Human Factors;Depot/Rangieren, Depot/Rangieren;46442.86781179986;Nicht Signifikant;False
4426;1204LA013;2004;12;10;2502920.0;2502920.0;88441.0;2414479.0;5;5;1;4;0;0;0;0;16.5;116;7;0;0;0;0;6470.0;02;1;5;Hauptstrecke;H221;65;Moderat (0° bis 19,99° C);Tag;Klar;Kalifornien;Herbst;Kollision;Flagging, Fixed, Hand and Radio Signals;Human Factors;Güterzug, Güterzug;1897445.227806838;Schwer;False
4427;1204LK016;2004;12;14;48159.0;48159.0;17109.0;31050.0;3;1;0;0;0;0;0;0;4.949628046035187;21;0;54;0;0;3;4558.889973591336;01;7;1;Depot;T202;40;Moderat (0° bis 19,99° C);Abend;Klar;Arkansas;Herbst;Entgleisung;Rail, Joint Bar and Rail Anchoring;Track, Roadbed and Structures;Depot/Rangieren, Lokomotive;36163.55034917774;Nicht Signifikant;False
4428;1204LV019;2004;12;15;16400.0;16400.0;0.0;16400.0;4;0;0;0;0;0;0;0;4.5;15;0;47;0;0;8;3754.0;04;7;1;Depot;H305;51;Moderat (0° bis 19,99° C);Abend;Wolkig;Louisiana;Herbst;Kollision;General Switching Rules;Human Factors;Depot/Rangieren, Depot/Rangieren;12254.352536800418;Nicht Signifikant;False
4429;1204NP017;2004;12;18;38799.0;38799.0;28487.0;10312.0;4;1;0;0;0;0;0;0;5.0;13;1;107;0;0;5;4971.0;04;7;2;Depot;H306;35;Moderat (0° bis 19,99° C);Abenddämmerung;Wolkig;Nebraska;Herbst;Kollision;General Switching Rules;Human Factors;Depot/Rangieren, Depot/Rangieren;29167.79431664411;Nicht Signifikant;False
4430;1204NP027;2004;12;29;24085.0;24085.0;20408.0;3677.0;0;0;0;0;0;0;0;0;4.0;0;0;4;0;0;2;127.26282863271928;01;6;2;Depot;T305;18;Kalt (-30° - 0,01° C);Abend;Klar;Nebraska;Winter;Entgleisung;Frogs, Switches and Track Appliances;Track, Roadbed and Structures;EinzelneWagen, EinzelneWagen;17699.147560258672;Nicht Signifikant;False
4431;1204PR034;2004;12;31;67845.0;67845.0;13895.0;53950.0;2;0;0;0;0;0;0;0;5.944983747097401;31;3;69;0;0;1;4689.0;04;7;1;Depot;H306;44;Moderat (0° bis 19,99° C);Abend;Wolkig;Illinois;Winter;Kollision;General Switching Rules;Human Factors;Depot/Rangieren, Depot/Rangieren;49809.11827325453;Nicht Signifikant;False
4432;12052202;2012;5;22;103801.0;103801.0;300.0;103501.0;2;0;0;0;0;0;0;0;3.9390297932972955;28;0;82;0;0;1;6453.175100342965;01;7;1;Depot;E30C;80;Warm (20° bis 31,99° C);Tag;Klar;Mississippi;Frühling;Entgleisung;Coupler and Draft System;Mechanical and Electrical Failures;Depot/Rangieren, EinzelneWagen, EinzelneWagen;81297.77568922307;Nicht Signifikant;False
4433;120560;2016;5;18;45414.0;45414.0;40500.0;4914.0;4;1;0;0;0;0;0;0;7.0;163;0;26;0;0;0;17900.214384420316;01;7;1;Depot;M405;51;Moderat (0° bis 19,99° C);Abend;Wolkig;Pennsylvania;Frühling;Entgleisung;Unusual Operational Situations;Miscellaneous Causes;Depot/Rangieren, Güterzug;40264.20781984219;Nicht Signifikant;False
4434;1205CB009;2005;12;9;83798.0;83798.0;37945.0;45853.0;7;2;0;0;0;0;0;0;12.5;75;0;147;0;0;0;11215.0;04;1;3;Hauptstrecke;H221;5;Kalt (-30° - 0,01° C);Abend;Wolkig;Nebraska;Herbst;Kollision;Flagging, Fixed, Hand and Radio Signals;Human Factors;Güterzug, Güterzug;71105.64276622825;Nicht Signifikant;False
4435;1205DV015;2005;12;15;34109.0;34109.0;0.0;34109.0;3;1;0;0;0;0;0;0;1.9635609428485408;31;3;24;0;0;5;4534.889973591336;01;7;1;Depot;H702;5;Kalt (-30° - 0,01° C);Abend;Klar;Wyoming;Herbst;Entgleisung;Switches, Use of;Human Factors;Depot/Rangieren, Lokomotive;28426.53554462872;Nicht Signifikant;False
4436;1205LK021;2005;12;11;40434.0;40434.0;18530.0;21904.0;3;0;0;0;0;0;0;0;5.944983747097401;30;3;37;0;0;1;5117.0;01;7;1;Depot;T204;48;Moderat (0° bis 19,99° C);Abend;Klar;Arkansas;Herbst;Entgleisung;Rail, Joint Bar and Rail Anchoring;Track, Roadbed and Structures;Depot/Rangieren, EinzelneWagen;34040.12908657219;Nicht Signifikant;False
4437;1205NP002;2005;12;3;7653.0;7653.0;1200.0;6453.0;15;1;0;0;0;0;0;0;3.0;0;0;0;0;0;0;69.7799471826711;04;8;2;Depot;H307;20;Kalt (-30° - 0,01° C);Abend;Schnee;Nebraska;Herbst;Kollision;General Switching Rules;Human Factors;Lokomotive, Lokomotive;6529.6777679815705;Nicht Signifikant;False
4438;1205PR026;2005;12;28;9142.0;9142.0;230.0;8912.0;2;0;0;0;0;0;0;0;7.5;0;0;29;0;0;4;800.0;04;7;1;Depot;H306;35;Moderat (0° bis 19,99° C);Abend;Regen;Illinois;Winter;Kollision;General Switching Rules;Human Factors;Depot/Rangieren, Depot/Rangieren;7672.037596508896;Nicht Signifikant;False
4439;1205RS023;2005;12;15;87458.0;87458.0;0.0;87458.0;7;1;0;0;0;0;0;0;15.5;41;3;9;0;0;0;4838.889973591336;04;1;3;Hauptstrecke;H220;50;Moderat (0° bis 19,99° C);Abend;Nebel;Kalifornien;Herbst;Kollision;Flagging, Fixed, Hand and Radio Signals;Human Factors;Güterzug, Lokomotive;72887.74064505375;Nicht Signifikant;False
4440;1205RS030;2005;12;17;147788.0;147788.0;206.0;147582.0;3;0;0;0;0;0;0;0;2.958916643910756;74;8;46;0;0;0;9830.0;01;7;1;Depot;H702;22;Kalt (-30° - 0,01° C);Abend;Wolkig;Nevada;Herbst;Entgleisung;Switches, Use of;Human Factors;Depot/Rangieren, EinzelneWagen;123351.97395876805;Nicht Signifikant;False
4441;1205WH009;2005;12;22;708698.0;708698.0;0.0;708698.0;6;0;0;0;0;0;0;0;7.5;118;0;131;0;0;0;19125.0;04;1;4;Hauptstrecke;H401;45;Moderat (0° bis 19,99° C);Abend;Wolkig;Kansas;Winter;Kollision;Main Track Authority;Human Factors;Güterzug, Güterzug;599473.8622906446;Signifikant;False
4442;12062;2008;2;16;11770.0;11770.0;0.0;11770.0;0;0;0;0;0;0;0;0;6.940339448159618;1;0;1;0;0;0;213.98378192291796;04;5;1;Depot;T306;10;Kalt (-30° - 0,01° C);Abend;Klar;Illinois;Winter;Kollision;Frogs, Switches and Track Appliances;Track, Roadbed and Structures;EinzelneWagen, EinzelneWagen;8027.919243361222;Nicht Signifikant;False
4443;1206252;2012;6;25;201000.0;201000.0;1000.0;200000.0;0;0;0;0;0;0;0;0;5.944983747097401;22;0;160;0;0;4;7449.789059062132;04;6;2;Depot;E04C;70;Warm (20° bis 31,99° C);Tag;Wolkig;Maine;Sommer;Kollision;Brakes;Mechanical and Electrical Failures;EinzelneWagen, EinzelneWagen;160954.51633568227;Signifikant;False
4444;120695100;1995;6;2;32020.0;32020.0;4100.0;27920.0;5;0;0;0;0;0;0;0;1.9635609428485408;16;0;38;0;0;9;3874.331267480248;01;6;X;Depot;H505;65;Moderat (0° bis 19,99° C);Abend;Klar;Kalifornien;Frühling;Entgleisung;Train Handling/Train Makeup;Human Factors;EinzelneWagen, Güterzug;27160.912715243023;Nicht Signifikant;False
4445;1206DV042;2006;12;31;37828.0;37828.0;0.0;37828.0;5;0;0;0;0;0;0;0;5.0;110;0;68;0;0;0;15264.0;04;7;1;Depot;H301;35;Moderat (0° bis 19,99° C);Tag;Wolkig;Wyoming;Winter;Kollision;General Switching Rules;Human Factors;Depot/Rangieren, Depot/Rangieren;28614.220877458396;Nicht Signifikant;False
4446;1206EP010;2006;12;29;10912.0;10912.0;50.0;10862.0;4;0;0;0;0;0;0;0;4.0;48;0;28;0;0;0;7647.0;06;7;1;Depot;H307;45;Moderat (0° bis 19,99° C);Abend;Klar;Texas;Winter;Kollision;General Switching Rules;Human Factors;Depot/Rangieren, EinzelneWagen;8285.49734244495;Nicht Signifikant;False
4447;1206FW003;2006;12;6;40113.0;40113.0;3220.0;36893.0;4;1;0;0;0;0;0;0;3.9542723449729715;56;0;25;0;0;0;7362.366777065645;01;7;1;Depot;H306;60;Moderat (0° bis 19,99° C);Tag;Klar;Texas;Herbst;Entgleisung;General Switching Rules;Human Factors;Depot/Rangieren, Depot/Rangieren;30219.22555371403;Nicht Signifikant;False
4448;1206HO053;2006;12;31;32366.0;32366.0;1634.0;30732.0;4;1;0;0;0;0;0;0;4.949628046035187;29;0;45;0;0;1;5252.889973591336;04;7;1;Depot;S008;62;Moderat (0° bis 19,99° C);Tag;Klar;Texas;Winter;Kollision;SIGNAL AND COMMUNICATION;Signal and Communication;Depot/Rangieren, Lokomotive;24482.602118003026;Nicht Signifikant;False
4449;1206KC001;2006;12;1;41788.0;41788.0;10000.0;31788.0;2;0;0;0;0;0;0;0;9.926406551346263;34;2;44;0;0;1;5740.0;01;7;1;Depot;T220;11;Kalt (-30° - 0,01° C);Abend;Klar;Kansas;Herbst;Entgleisung;Rail, Joint Bar and Rail Anchoring;Track, Roadbed and Structures;Depot/Rangieren, EinzelneWagen;31552.40108728481;Nicht Signifikant;False
4450;1206SA006;2006;12;6;21037.0;21037.0;1690.0;19347.0;3;0;0;0;0;0;0;0;3.9542723449729715;35;3;4;0;0;0;4302.889973591336;04;7;1;Depot;H997;58;Moderat (0° bis 19,99° C);Tag;Wolkig;Texas;Herbst;Kollision;Miscellaneous;Human Factors;Depot/Rangieren, Lokomotive;15848.274822962183;Nicht Signifikant;False