index;INCDTNO;YEAR4;MONTH;DAY;ACCDMG;INFRASTRUCTURE_DMG;TRKDMG;EQPDMG;LOCOMOTIVES1;LOCOMOTIVES2;RREMPKLD;RREMPINJ;PASSKLD;PASSINJ;OTHERKLD;OTHERINJ;SPEED;LOADF1;LOADF2;EMPTYF1;EMPTYP1;LOADP1;EMPTYF2;TONS;TYPE;TYPEQ;TRKCLAS;TYPTRK;ACCAUSE;TEMP;TEMP_CLUSTER;VISIBLTY;WEATHER;STATE;Jahreszeit;ACCIDENT_TYPE;ACCCAUSE_LVL1;ACCCAUSE_LVL2;EQUIPMENT_TYPE;ACCDMG_EUR;ACCTYPE;SPD_TOO_HIGH
4451;1206WH002;2006;12;1;41673.0;41673.0;5000.0;36673.0;2;0;0;0;0;0;0;0;4.949628046035187;20;0;20;0;0;4;2729.0;01;7;1;Industriestrecke;T319;20;Kalt (-30° - 0,01° C);Tag;Klar;Oklahoma;Herbst;Entgleisung;Frogs, Switches and Track Appliances;Track, Roadbed and Structures;Depot/Rangieren, EinzelneWagen;31465.569314406523;Nicht Signifikant;False
4452;1206WH013;2006;12;22;401935.0;401935.0;21810.0;380125.0;4;2;0;2;0;0;0;0;24.856742067279495;6;0;104;0;0;1;3860.0;05;1;4;Hauptstrecke;H401;40;Moderat (0° bis 19,99° C);Abend;Wolkig;Kansas;Winter;Kollision;Main Track Authority;Human Factors;Güterzug, Güterzug;304680.86719223775;Signifikant;False
4453;12071601;2012;7;16;49230.5;49230.5;0.0;98461.0;5;0;0;0;0;0;0;0;4.451950195504079;54;0;42;0;0;0;7585.0;04;7;1;Hauptstrecke;H302;75;Warm (20° bis 31,99° C);Tag;Klar;Mississippi;Sommer;Kollision;General Switching Rules;Human Factors;Depot/Rangieren, Depot/Rangieren, EinzelneWagen, EinzelneWagen;40429.08762420958;Nicht Signifikant;False
4454;120787101;1987;7;13;155192.0;155192.0;35992.0;119200.0;8;0;0;0;0;0;0;0;12.5;135;9;0;0;0;0;8347.0;04;1;2;Depot;T102;72;Warm (20° bis 31,99° C);Abend;Klar;Kansas;Sommer;Kollision;Track Geometry;Track, Roadbed and Structures;Güterzug, Güterzug;131641.36059038085;Nicht Signifikant;False
4455;120787102;1987;7;23;85825.0;85825.0;500.0;85325.0;3;1;2;2;0;0;0;0;65.66632581083033;40;0;1;0;0;0;3071.336383802324;02;5;5;Hauptstrecke;H999;95;Heiß (>= 32° C);Tag;Klar;Kansas;Sommer;Kollision;Miscellaneous;Human Factors;EinzelneWagen, Güterzug;72800.91610823649;Schwer;False
4456;120787103;1987;7;3;9000.0;9000.0;0.0;9000.0;3;0;0;0;0;0;0;0;1.9635609428485408;44;0;16;0;0;0;5716.0;04;7;1;Depot;M407;70;Warm (20° bis 31,99° C);Tag;Klar;Kansas;Sommer;Kollision;Unusual Operational Situations;Miscellaneous Causes;Depot/Rangieren, Güterzug;7634.235304097039;Nicht Signifikant;False
4457;120787104;1987;7;19;8320.0;8320.0;220.0;8100.0;2;0;0;0;0;0;0;0;3.0;33;0;47;0;0;2;4735.0;04;7;1;Depot;M407;94;Heiß (>= 32° C);Tag;Klar;Kansas;Sommer;Kollision;Unusual Operational Situations;Miscellaneous Causes;Depot/Rangieren, Depot/Rangieren;7057.426414454152;Nicht Signifikant;False
4458;120794105;1994;7;18;20300.0;20300.0;300.0;20000.0;3;0;0;0;0;0;0;0;3.0;53;0;67;0;0;1;10827.0;04;7;1;Depot;H306;103;Heiß (>= 32° C);Tag;Klar;Kalifornien;Sommer;Kollision;General Switching Rules;Human Factors;Depot/Rangieren, Güterzug;17219.441852574433;Nicht Signifikant;False
4459;120794108;1994;7;29;9420.0;9420.0;2100.0;7320.0;5;0;0;0;0;0;0;0;3.9542723449729715;92;2;17;0;0;1;8037.0;01;7;1;Depot;T399;90;Heiß (>= 32° C);Abend;Klar;Kalifornien;Sommer;Entgleisung;Frogs, Switches and Track Appliances;Track, Roadbed and Structures;Depot/Rangieren, Güterzug;7990.499618288234;Nicht Signifikant;False
4460;120794110;1994;7;27;273000.0;273000.0;0.0;198000.0;10;4;0;0;0;0;0;0;20.0;97;3;23;0;0;0;8913.0;04;1;X;Nebenstrecke;H104;75;Warm (20° bis 31,99° C);Abend;Wolkig;Kalifornien;Sommer;Kollision;Employee Physical Condition;Human Factors;Güterzug, Güterzug;231571.80422427686;Signifikant;True
4461;1207DV012;2007;12;11;2576102.0;2576102.0;118152.0;2457950.0;7;1;0;0;0;0;0;0;42.0;106;25;0;0;1;0;9969.492034348334;01;1;4;Hauptstrecke;T299;16;Kalt (-30° - 0,01° C);Tag;Schnee;Colorado;Herbst;Entgleisung;Rail, Joint Bar and Rail Anchoring;Track, Roadbed and Structures;Güterzug, Nahverkehrszug;1755794.7110141765;Signifikant;False
4462;1207UT001;2007;12;1;18401.0;18401.0;0.0;18401.0;4;0;0;0;0;0;0;0;5.0;19;0;8;0;0;0;2733.8899735913355;04;7;1;Depot;H307;29;Kalt (-30° - 0,01° C);Tag;Schnee;Utah;Herbst;Kollision;General Switching Rules;Human Factors;Depot/Rangieren, Lokomotive;12492.758214899972;Nicht Signifikant;False
4463;12083005;2012;8;30;10713.0;10713.0;1713.0;9000.0;1;0;0;0;0;0;0;0;3.0;4;1;1;0;0;0;535.4048226498525;04;7;X;Depot;H020;82;Warm (20° bis 31,99° C);Abend;Regen;Texas;Sommer;Kollision;Brakes, Use of;Human Factors;Depot/Rangieren, EinzelneWagen;8540.338010204081;Nicht Signifikant;False
4464;120887101;1987;8;2;33890.0;33890.0;3340.0;30550.0;2;0;0;0;0;0;0;0;9.926406551346263;81;0;32;0;0;0;10145.0;04;7;1;Depot;M407;101;Heiß (>= 32° C);Tag;Klar;Kansas;Sommer;Kollision;Unusual Operational Situations;Miscellaneous Causes;Depot/Rangieren, Depot/Rangieren;28747.137161760962;Nicht Signifikant;False
4465;120894104;1994;8;23;8500.0;8500.0;0.0;8500.0;3;0;0;0;0;0;0;0;8.931050850284048;14;1;35;0;0;1;4250.0;04;7;1;Depot;H306;85;Warm (20° bis 31,99° C);Tag;Klar;Kalifornien;Sommer;Kollision;General Switching Rules;Human Factors;Depot/Rangieren, Güterzug;7210.111120536093;Nicht Signifikant;False
4466;120894107;1994;8;28;18550.0;18550.0;550.0;18000.0;6;1;0;0;0;0;0;0;7.5;4;0;6;0;0;0;1034.8899735913355;04;7;1;Depot;H399;75;Warm (20° bis 31,99° C);Tag;Klar;Kalifornien;Sommer;Kollision;General Switching Rules;Human Factors;Depot/Rangieren, Lokomotive;15735.00721011112;Nicht Signifikant;False
4467;1208NP007;2008;12;14;45893.0;45893.0;36203.0;9690.0;2;0;0;0;0;0;0;0;7.935695149221832;3;2;0;0;0;0;311.25643911840757;09;7;2;Depot;M409;-6;Kalt (-30° - 0,01° C);Abenddämmerung;Wolkig;Nebraska;Herbst;Kollision;Unusual Operational Situations;Miscellaneous Causes;Depot/Rangieren, EinzelneWagen;34112.73538156591;Nicht Signifikant;False
4468;1208PR024;2008;12;14;14639.0;14639.0;304.0;14335.0;2;1;0;0;0;0;0;0;2.945222191881008;21;0;18;0;0;5;3964.8899735913355;01;7;1;Depot;H306;28;Kalt (-30° - 0,01° C);Abend;Schnee;Wisconsion;Herbst;Entgleisung;General Switching Rules;Human Factors;Depot/Rangieren, EinzelneWagen, Lokomotive;10881.31813676908;Nicht Signifikant;False
4469;120991A;1991;12;9;12850.0;12850.0;0.0;12850.0;6;0;0;0;0;0;0;0;3.5;43;1;31;0;0;0;4640.0;05;1;1;Depot;H310;45;Moderat (0° bis 19,99° C);Tag;Klar;Illinois;Herbst;Kollision;General Switching Rules;Human Factors;Güterzug, Güterzug;10899.991517516328;Nicht Signifikant;False
4470;1209CB031;2009;12;29;20203.0;20203.0;0.0;20203.0;4;0;0;0;0;0;0;0;6.5;40;0;45;0;0;2;6638.0;01;7;1;Depot;H602;15;Kalt (-30° - 0,01° C);Abend;Wolkig;Iowa;Winter;Entgleisung;Speed;Human Factors;Depot/Rangieren, Güterzug;13997.782858726529;Nicht Signifikant;False
4471;1209HO005;2009;12;4;25338.0;25338.0;15478.0;9860.0;2;0;0;0;0;0;0;0;3.9542723449729715;49;2;141;0;0;3;10000.0;01;7;1;Depot;H514;35;Moderat (0° bis 19,99° C);Tag;Schnee;Texas;Herbst;Entgleisung;Train Handling/Train Makeup;Human Factors;Depot/Rangieren, EinzelneWagen;16815.768516060525;Nicht Signifikant;False
4472;1209HO027;2009;12;18;62353.0;62353.0;34118.0;28235.0;3;0;0;0;0;0;0;0;9.926406551346263;44;7;0;0;0;0;5622.0;01;7;1;Depot;T220;52;Moderat (0° bis 19,99° C);Abend;Wolkig;Texas;Herbst;Entgleisung;Rail, Joint Bar and Rail Anchoring;Track, Roadbed and Structures;Depot/Rangieren, EinzelneWagen;43490.9674269373;Nicht Signifikant;False
4473;1209HO034;2009;12;21;169937.0;169937.0;0.0;169937.0;4;0;0;0;0;0;0;0;7.935695149221832;6;2;63;0;0;0;2939.8899735913355;04;1;1;Depot;H307;65;Moderat (0° bis 19,99° C);Abend;Klar;Texas;Winter;Kollision;General Switching Rules;Human Factors;Güterzug, Lokomotive;118274.6380846325;Nicht Signifikant;False
4474;1209HO042;2009;12;30;39821.0;39821.0;2820.0;37001.0;1;0;0;0;0;0;0;0;4.949628046035187;41;1;0;0;0;0;5853.0;01;7;1;Industriestrecke;M501;60;Moderat (0° bis 19,99° C);Abend;Wolkig;Texas;Winter;Entgleisung;Other Miscellaneous;Miscellaneous Causes;Depot/Rangieren, EinzelneWagen;27773.05063467708;Nicht Signifikant;False
4475;1209UT006;2009;12;15;19620.0;19620.0;7515.0;12105.0;4;3;0;0;0;0;0;0;4.0;21;0;12;0;0;0;3113.8899735913355;04;7;1;Depot;H993;30;Kalt (-30° - 0,01° C);Tag;Wolkig;Utah;Herbst;Kollision;Miscellaneous;Human Factors;Depot/Rangieren, Lokomotive;13492.882195172271;Nicht Signifikant;False
4476;12100101;2012;10;1;21267.0;21267.0;250.0;21017.0;4;0;0;1;0;0;0;0;1.0;0;0;20;0;0;0;752.0;04;7;X;Depot;H318;62;Moderat (0° bis 19,99° C);Abend;Regen;Louisiana;Herbst;Kollision;General Switching Rules;Human Factors;Depot/Rangieren, Depot/Rangieren;16515.492738992;Signifikant;False
4477;121031;2016;6;28;20454.0;20454.0;2260.0;18194.0;4;0;0;0;0;0;0;0;4.0;56;1;1;0;0;0;6490.251172029947;05;7;1;Depot;H318;72;Warm (20° bis 31,99° C);Abend;Regen;New Jersey;Sommer;Kollision;General Switching Rules;Human Factors;Depot/Rangieren, Depot/Rangieren;18471.958818748306;Nicht Signifikant;False
4478;121085101;1985;10;13;10000.0;10000.0;0.0;10000.0;1;0;0;0;0;0;0;0;2.0;48;0;55;0;0;0;7787.647398120594;04;7;1;Depot;H702;50;Moderat (0° bis 19,99° C);Abend;Klar;Kansas;Herbst;Kollision;Switches, Use of;Human Factors;Depot/Rangieren, EinzelneWagen;8482.483671218932;Nicht Signifikant;False
4479;121087102;1987;10;26;12375.0;12375.0;0.0;12375.0;3;0;0;0;0;0;0;0;29.77802743012076;61;0;46;0;0;2;5245.121405007312;01;6;X;Hauptstrecke;H018;50;Moderat (0° bis 19,99° C);Abend;Regen;Kansas;Herbst;Entgleisung;Brakes, Use of;Human Factors;EinzelneWagen, EinzelneWagen, Güterzug;10497.073543133429;Nicht Signifikant;True
4480;1210HO012;2010;12;8;11860.0;11860.0;1110.0;10750.0;3;1;0;0;0;0;0;0;5.0;0;0;98;0;0;2;2393.8899735913355;04;1;1;Depot;H306;40;Moderat (0° bis 19,99° C);Abend;Wolkig;Texas;Herbst;Kollision;General Switching Rules;Human Factors;Güterzug, Lokomotive;8984.848484848484;Nicht Signifikant;False
4481;1210HO028;2010;12;21;36457.0;36457.0;519.0;35938.0;4;0;0;0;0;0;0;0;7.0;19;2;12;0;0;4;2812.0;05;7;1;Depot;S007;74;Warm (20° bis 31,99° C);Abend;Klar;Texas;Winter;Kollision;SIGNAL AND COMMUNICATION;Signal and Communication;Depot/Rangieren, Depot/Rangieren;27713.41695172938;Nicht Signifikant;False
4482;1210LK010;2010;12;10;81592.0;81592.0;0.0;81592.0;4;1;0;0;0;0;0;0;6.940339448159618;139;2;22;0;0;1;11750.0;01;7;1;Depot;S011;43;Moderat (0° bis 19,99° C);Abend;Wolkig;Arkansas;Herbst;Entgleisung;SIGNAL AND COMMUNICATION;Signal and Communication;Depot/Rangieren, Güterzug;61606.76532769556;Nicht Signifikant;False
4483;1210LK027;2010;12;30;20856.0;20856.0;0.0;20856.0;2;0;0;0;0;0;0;0;5.944983747097401;6;1;1;0;0;0;649.0;05;7;1;Industriestrecke;H302;61;Moderat (0° bis 19,99° C);Tag;Wolkig;Arkansas;Winter;Kollision;General Switching Rules;Human Factors;Depot/Rangieren, EinzelneWagen;15704.819277108432;Nicht Signifikant;False
4484;1210LV011;2010;12;15;13227.0;13227.0;0.0;13227.0;2;0;0;0;0;0;0;0;4.949628046035187;31;0;66;0;0;0;5703.0;05;7;1;Depot;H307;60;Moderat (0° bis 19,99° C);Tag;Klar;Louisiana;Herbst;Kollision;General Switching Rules;Human Factors;Depot/Rangieren, EinzelneWagen;9900.449101796406;Nicht Signifikant;False
4485;1210PR024;2010;12;28;12939.0;12939.0;2214.0;10725.0;1;0;0;0;0;0;0;0;4.949628046035187;0;0;46;0;0;1;2068.0;01;7;1;Depot;H307;28;Kalt (-30° - 0,01° C);Tag;Klar;Illinois;Winter;Entgleisung;General Switching Rules;Human Factors;Depot/Rangieren, EinzelneWagen;9805.987116331944;Nicht Signifikant;False
4486;1210SL004;2010;12;9;70228.0;70228.0;200.0;70028.0;4;0;0;0;0;0;0;0;3.9542723449729715;136;0;0;0;0;0;19522.889973591336;05;1;1;Industriestrecke;H302;35;Moderat (0° bis 19,99° C);Tag;Wolkig;Illinois;Herbst;Kollision;General Switching Rules;Human Factors;Güterzug, Lokomotive;53146.66263054337;Nicht Signifikant;False
4487;12111601;2012;11;16;58899.0;58899.0;0.0;58899.0;2;0;0;0;0;0;0;0;2.958916643910756;20;0;0;0;0;0;2507.4642188839202;05;7;1;Industriestrecke;H318;75;Warm (20° bis 31,99° C);Tag;Klar;Texas;Herbst;Kollision;General Switching Rules;Human Factors;Depot/Rangieren, EinzelneWagen;46213.41702628482;Nicht Signifikant;False
4488;1211HO023;2011;12;17;22962.0;22962.0;500.0;22462.0;2;0;0;0;0;0;0;0;4.949628046035187;0;0;52;0;0;7;2551.0;01;7;1;Industriestrecke;M501;55;Moderat (0° bis 19,99° C);Abend;Klar;Texas;Herbst;Entgleisung;Other Miscellaneous;Miscellaneous Causes;Depot/Rangieren, EinzelneWagen;17587.765210508845;Nicht Signifikant;False
4489;1211NP002;2011;12;1;18095.0;18095.0;0.0;18095.0;2;0;0;0;0;0;0;0;6.940339448159618;2;1;0;0;0;0;177.0;01;7;1;Depot;M411;12;Kalt (-30° - 0,01° C);Abend;Klar;Nebraska;Herbst;Entgleisung;Unusual Operational Situations;Miscellaneous Causes;Depot/Rangieren, EinzelneWagen;13411.651348947526;Nicht Signifikant;False
4490;1211SL005;2011;12;14;23575.0;23575.0;1828.0;21747.0;4;0;0;0;0;0;0;0;4.949628046035187;108;1;71;0;0;0;13658.0;04;7;1;Depot;H306;50;Moderat (0° bis 19,99° C);Tag;Wolkig;Illinois;Herbst;Kollision;General Switching Rules;Human Factors;Depot/Rangieren, Güterzug;18144.38543831294;Nicht Signifikant;False
4491;1211UT003;2011;12;8;10453.0;10453.0;100.0;10353.0;3;0;0;0;0;0;0;0;5.944983747097401;64;1;40;0;0;1;9368.0;01;7;1;Depot;H307;8;Kalt (-30° - 0,01° C);Abend;Klar;Nevada;Herbst;Entgleisung;General Switching Rules;Human Factors;Depot/Rangieren, EinzelneWagen;7794.929157345265;Nicht Signifikant;False
4492;1211UT005;2011;12;19;136029.0;136029.0;9474.0;126555.0;6;2;0;0;0;0;0;0;6.940339448159618;10;0;7;0;0;0;1934.8899735913355;04;7;1;Depot;H302;25;Kalt (-30° - 0,01° C);Abend;Wolkig;Utah;Herbst;Kollision;General Switching Rules;Human Factors;Depot/Rangieren, Lokomotive;104324.7181532326;Nicht Signifikant;False
4493;121213;2016;7;11;63200.0;63200.0;0.0;63200.0;2;0;0;0;0;0;0;0;3.9542723449729715;34;0;2;0;0;0;3978.336383802324;09;4;1;Hauptstrecke;H306;84;Warm (20° bis 31,99° C);Tag;Klar;North Carolina;Sommer;Kollision;General Switching Rules;Human Factors;Arbeitszug, Wartungszug;57199.74658340121;Nicht Signifikant;False
4494;12121702;2012;12;17;41940.0;41940.0;4440.0;37500.0;4;1;0;0;0;0;0;0;0.9682052417863254;68;1;107;0;0;0;11590.0;04;7;1;Depot;H607;55;Moderat (0° bis 19,99° C);Morgendämmerung;Klar;Louisiana;Herbst;Kollision;Speed;Human Factors;Depot/Rangieren, Depot/Rangieren;31869.3009118541;Nicht Signifikant;False
4495;12123;2008;5;9;136497.0;136497.0;625.0;135872.0;0;0;0;0;0;0;0;0;2.0;3;0;4;0;0;2;535.797930853214;04;6;1;Depot;T202;38;Moderat (0° bis 19,99° C);Abend;Klar;Illinois;Frühling;Kollision;Rail, Joint Bar and Rail Anchoring;Track, Roadbed and Structures;EinzelneWagen, EinzelneWagen;88301.85017466683;Nicht Signifikant;False
4496;121283;2016;7;16;51800.0;51800.0;300.0;51500.0;2;0;0;0;0;0;0;0;6.940339448159618;6;1;42;0;0;0;2050.682764217549;01;7;1;Depot;H306;62;Moderat (0° bis 19,99° C);Abend;Wolkig;New York;Sommer;Entgleisung;General Switching Rules;Human Factors;Depot/Rangieren, EinzelneWagen;46654.057461947225;Nicht Signifikant;False
4497;1212FW018;2012;12;27;312543.0;312543.0;5640.0;306903.0;4;0;0;0;0;0;0;0;10.0;61;5;2;0;0;0;7371.0;04;7;1;Depot;H703;44;Moderat (0° bis 19,99° C);Abend;Wolkig;Texas;Winter;Kollision;Switches, Use of;Human Factors;Depot/Rangieren, Depot/Rangieren;235597.01492537314;Signifikant;False
4498;1212LV017;2012;12;26;10875.0;10875.0;0.0;10875.0;3;0;0;0;0;0;0;0;3.9542723449729715;17;0;0;0;0;0;2021.8899735913355;05;7;1;Depot;H307;50;Moderat (0° bis 19,99° C);Morgendämmerung;Klar;Louisiana;Winter;Kollision;General Switching Rules;Human Factors;Depot/Rangieren, Lokomotive;8207.547169811322;Nicht Signifikant;False
4499;1212TC008;2012;12;23;36791.0;36791.0;26370.0;10421.0;2;0;0;0;0;0;0;0;4.949628046035187;50;1;49;0;0;2;7882.0;01;7;1;Depot;T220;19;Kalt (-30° - 0,01° C);Abend;Klar;Iowa;Winter;Entgleisung;Rail, Joint Bar and Rail Anchoring;Track, Roadbed and Structures;Depot/Rangieren, EinzelneWagen;27840.332954975405;Nicht Signifikant;False
4500;1212WH001;2012;12;12;32716.0;32716.0;0.0;25216.0;3;0;0;0;0;0;0;0;8.931050850284048;26;3;14;0;0;0;3965.0;01;7;X;Depot;T220;44;Moderat (0° bis 19,99° C);Abend;Klar;Kansas;Herbst;Entgleisung;Rail, Joint Bar and Rail Anchoring;Track, Roadbed and Structures;Depot/Rangieren, EinzelneWagen;25088.957055214723;Nicht Signifikant;False
4501;1213ES001;2013;12;8;70000.0;70000.0;0.0;70000.0;0;0;0;2;0;0;0;0;29.77802743012076;0;0;3;0;0;1;197.48918602637877;01;A;4;Hauptstrecke;H993;36;Moderat (0° bis 19,99° C);Abend;Wolkig;Texas;Herbst;Entgleisung;Miscellaneous;Human Factors;Wartungszug, Wartungszug, Wartungszug;51088.67534363216;Signifikant;False
4502;1213LK005;2013;12;2;105243.0;105243.0;12869.0;92374.0;2;2;0;0;0;0;0;0;6.0;9;0;16;0;0;0;2072.8899735913355;05;7;1;Depot;H702;60;Moderat (0° bis 19,99° C);Tag;Wolkig;Arkansas;Herbst;Kollision;Switches, Use of;Human Factors;Depot/Rangieren, Lokomotive;77750.44326241135;Nicht Signifikant;False
4503;1213LK014;2013;12;12;10379.0;10379.0;33.0;10346.0;4;0;0;0;0;0;0;0;0.9682052417863254;92;0;113;0;0;0;16186.0;04;7;1;Depot;H307;42;Moderat (0° bis 19,99° C);Tag;Klar;Arkansas;Herbst;Kollision;General Switching Rules;Human Factors;Depot/Rangieren, Güterzug;7534.664246823957;Nicht Signifikant;False
4504;1213NP033;2013;12;29;21850.0;21850.0;16700.0;5150.0;2;0;0;0;0;0;0;0;1.9635609428485408;0;0;3;0;0;1;107.0;01;7;1;Depot;E09C;23;Kalt (-30° - 0,01° C);Abend;Klar;Nebraska;Winter;Entgleisung;Brakes;Mechanical and Electrical Failures;Depot/Rangieren, EinzelneWagen;15840.985983566941;Nicht Signifikant;False
4505;121404;2016;7;26;18857.0;18857.0;0.0;18857.0;4;0;0;0;0;0;0;0;5.944983747097401;94;1;17;0;0;0;11434.83948371526;01;6;1;Depot;H307;76;Warm (20° bis 31,99° C);Tag;Klar;Indiana;Sommer;Entgleisung;General Switching Rules;Human Factors;EinzelneWagen, Güterzug;17147.403837410206;Nicht Signifikant;False
4506;121420;2011;10;12;440811.0;440811.0;0.0;440811.0;3;2;0;6;0;20;0;0;14.903185056657339;0;0;0;0;15;0;697.3866777414258;03;2;2;Nebenstrecke;H221;65;Moderat (0° bis 19,99° C);Abend;Klar;Kalifornien;Herbst;Kollision;Flagging, Fixed, Hand and Radio Signals;Human Factors;Personenzug, Personenzug;320217.20180154004;Schwer;False
4507;121475;2016;7;30;26267.0;26267.0;250.0;26017.0;2;0;0;0;0;0;0;0;4.5;23;0;46;0;0;1;4088.21561568049;01;7;1;Depot;S016;76;Warm (20° bis 31,99° C);Abend;Klar;Georgia;Sommer;Entgleisung;SIGNAL AND COMMUNICATION;Signal and Communication;Depot/Rangieren, Depot/Rangieren;23600.179694519316;Nicht Signifikant;False
4508;1214CB005;2014;12;4;58623.0;58623.0;0.0;58623.0;5;1;0;0;0;0;0;0;8.931050850284048;24;0;72;0;0;0;5251.0;03;7;1;Depot;H702;24;Kalt (-30° - 0,01° C);Abend;Wolkig;Iowa;Herbst;Kollision;Switches, Use of;Human Factors;Depot/Rangieren, Güterzug;47618.390057672;Nicht Signifikant;False
4509;1214CB011;2014;12;17;24653.0;24653.0;1056.0;23597.0;2;0;0;0;0;0;0;0;6.0;35;3;9;0;0;0;6665.0;04;7;1;Depot;H602;23;Kalt (-30° - 0,01° C);Abend;Klar;Iowa;Herbst;Kollision;Speed;Human Factors;Depot/Rangieren, Depot/Rangieren;19804.78791773779;Nicht Signifikant;False
4510;1214FW033;2014;12;29;17671.0;17671.0;0.0;17671.0;10;0;0;0;0;0;0;0;1.5;65;0;74;0;0;0;8178.0;04;1;1;Depot;H991;41;Moderat (0° bis 19,99° C);Abend;Klar;Texas;Winter;Kollision;Miscellaneous;Human Factors;Güterzug, Güterzug;14487.988849717143;Nicht Signifikant;False
4511;1214HO021;2014;12;11;13151.0;13151.0;57.0;13094.0;2;0;0;0;0;0;0;0;4.932837394713583;1;0;2;0;0;1;244.98378192291796;09;7;1;Depot;M202;68;Warm (20° bis 31,99° C);Tag;Klar;Texas;Herbst;Kollision;Loading Procedures;Loading;Depot/Rangieren, EinzelneWagen, EinzelneWagen;10581.750885098167;Nicht Signifikant;False
4512;1214LV018;2014;12;28;256992.0;256992.0;252067.0;4925.0;4;0;0;0;0;0;0;0;4.949628046035187;35;1;85;0;0;0;7357.889973591336;01;1;1;Depot;T207;50;Moderat (0° bis 19,99° C);Abend;Regen;Louisiana;Winter;Entgleisung;Rail, Joint Bar and Rail Anchoring;Track, Roadbed and Structures;Güterzug, Lokomotive;210625.01024472603;Signifikant;False
4513;1215PR007;2015;12;14;30230.0;30230.0;9248.0;20982.0;2;1;0;0;0;0;0;0;4.949628046035187;38;2;0;0;0;0;2274.8899735913355;01;1;1;Depot;T308;50;Moderat (0° bis 19,99° C);Abenddämmerung;Regen;Illinois;Herbst;Entgleisung;Frogs, Switches and Track Appliances;Track, Roadbed and Structures;Güterzug, Lokomotive;27524.35582263498;Nicht Signifikant;False
4514;1215SA003;2015;12;2;20330.0;20330.0;0.0;20330.0;4;0;0;0;0;0;0;0;14.903185056657339;80;0;1;0;0;0;5897.336383802324;09;1;4;Hauptstrecke;H404;65;Moderat (0° bis 19,99° C);Tag;Wolkig;Texas;Herbst;Kollision;Main Track Authority;Human Factors;Güterzug, Wartungszug;19157.55748209574;Nicht Signifikant;False
4515;1215WH003;2015;12;13;17301.0;17301.0;11080.0;6221.0;3;1;0;0;0;0;0;0;1.9635609428485408;33;0;9;0;0;2;4650.889973591336;01;7;1;Depot;H020;45;Moderat (0° bis 19,99° C);Abend;Regen;Oklahoma;Herbst;Entgleisung;Brakes, Use of;Human Factors;Depot/Rangieren, Lokomotive;15768.319358366753;Nicht Signifikant;False
4516;121630;2016;8;9;68000.0;68000.0;0.0;68000.0;0;0;0;0;0;0;0;0;11.917117953470694;0;0;2;0;0;0;130.67276760464793;09;A;2;Hauptstrecke;H997;90;Heiß (>= 32° C);Abenddämmerung;Klar;West Virginia;Sommer;Kollision;Miscellaneous;Human Factors;Wartungszug, Wartungszug;61382.921104892586;Nicht Signifikant;False
4517;1216HO014;2016;12;8;743411.0;743411.0;57.0;743354.0;3;0;0;0;0;0;0;0;9.926406551346263;128;8;50;0;0;3;17864.0;01;7;1;Depot;H306;55;Moderat (0° bis 19,99° C);Abend;Regen;Texas;Herbst;Entgleisung;General Switching Rules;Human Factors;Depot/Rangieren, EinzelneWagen;690774.0196989407;Signifikant;False
4518;1216LK025;2016;12;28;18824.0;18824.0;0.0;18824.0;4;0;0;0;0;0;0;0;5.0;22;0;16;0;0;2;3297.0;01;7;1;Depot;H307;65;Moderat (0° bis 19,99° C);Abenddämmerung;Klar;Louisiana;Winter;Entgleisung;General Switching Rules;Human Factors;Depot/Rangieren, Depot/Rangieren;18098.2597827132;Nicht Signifikant;False
4519;1216PR012;2016;12;13;61267.0;61267.0;0.0;61267.0;1;0;0;0;0;0;0;0;7.0;5;1;0;0;0;0;484.88997359133555;01;6;1;Depot;H607;10;Kalt (-30° - 0,01° C);Abend;Wolkig;Illinois;Herbst;Entgleisung;Speed;Human Factors;EinzelneWagen, Lokomotive;57744.580584354386;Nicht Signifikant;False
4520;1216RS002;2016;12;3;20708.0;20708.0;500.0;20208.0;5;1;0;0;0;0;0;0;9.926406551346263;0;0;0;0;0;0;69.7799471826711;04;8;1;Depot;H607;39;Moderat (0° bis 19,99° C);Abend;Klar;Kalifornien;Herbst;Kollision;Speed;Human Factors;Lokomotive, Lokomotive;19422.247233164508;Nicht Signifikant;False
4521;1216SL002;2016;12;5;130100.0;130100.0;0.0;130100.0;2;0;0;0;0;0;0;0;4.932837394713583;61;0;2;0;0;0;7566.6727676046485;09;4;1;Nebenstrecke;H307;46;Moderat (0° bis 19,99° C);Tag;Klar;Illinois;Herbst;Kollision;General Switching Rules;Human Factors;Arbeitszug, Wartungszug, Wartungszug;121566.06241823958;Nicht Signifikant;False
4522;121778;2016;8;22;11302.0;11302.0;0.0;11302.0;3;0;0;0;0;0;0;0;1.5;0;0;3;0;0;0;161.11917781563636;05;7;1;Depot;H316;77;Warm (20° bis 31,99° C);Abend;Klar;Alabama;Sommer;Kollision;General Switching Rules;Human Factors;Depot/Rangieren, EinzelneWagen;9996.462055545728;Nicht Signifikant;False
4523;1217DV001;2017;12;4;123173.0;123173.0;22450.0;100723.0;1;0;0;0;0;0;0;0;3.9542723449729715;13;0;15;0;0;8;2085.1892734631147;01;7;1;Depot;T220;26;Kalt (-30° - 0,01° C);Tag;Klar;Wyoming;Herbst;Entgleisung;Rail, Joint Bar and Rail Anchoring;Track, Roadbed and Structures;Depot/Rangieren, EinzelneWagen;103812.05225453012;Nicht Signifikant;False