index;INCDTNO;YEAR4;MONTH;DAY;ACCDMG;INFRASTRUCTURE_DMG;TRKDMG;EQPDMG;LOCOMOTIVES1;LOCOMOTIVES2;RREMPKLD;RREMPINJ;PASSKLD;PASSINJ;OTHERKLD;OTHERINJ;SPEED;LOADF1;LOADF2;EMPTYF1;EMPTYP1;LOADP1;EMPTYF2;TONS;TYPE;TYPEQ;TRKCLAS;TYPTRK;ACCAUSE;TEMP;TEMP_CLUSTER;VISIBLTY;WEATHER;STATE;Jahreszeit;ACCIDENT_TYPE;ACCCAUSE_LVL1;ACCCAUSE_LVL2;EQUIPMENT_TYPE;ACCDMG_EUR;ACCTYPE;SPD_TOO_HIGH
4524;1217HO009;2017;12;11;25145.0;25145.0;6698.0;18447.0;1;0;0;0;0;0;0;0;7.935695149221832;3;1;11;0;0;1;804.2564391184076;01;7;1;Depot;S007;46;Moderat (0° bis 19,99° C);Abend;Klar;Texas;Herbst;Entgleisung;SIGNAL AND COMMUNICATION;Signal and Communication;Depot/Rangieren, EinzelneWagen;21316.547982366905;Nicht Signifikant;False
4525;1217LK017;2017;12;13;12490.0;12490.0;265.0;12225.0;5;0;0;0;0;0;0;0;7.935695149221832;46;0;55;0;0;2;7705.889973591336;05;7;1;Depot;H702;40;Moderat (0° bis 19,99° C);Morgendämmerung;Klar;Arkansas;Herbst;Kollision;Switches, Use of;Human Factors;Depot/Rangieren, Lokomotive;10642.467620995229;Nicht Signifikant;False
4526;1217TC001;2017;12;1;14464.0;14464.0;7352.0;7112.0;2;0;0;0;0;0;0;0;3.9542723449729715;21;4;3;0;0;0;2889.989370172552;01;7;1;Depot;H312;30;Kalt (-30° - 0,01° C);Abend;Wolkig;Iowa;Herbst;Entgleisung;General Switching Rules;Human Factors;Depot/Rangieren, EinzelneWagen;12169.962137147666;Nicht Signifikant;False
4527;121894;2016;8;30;60030.0;60030.0;0.0;60030.0;4;0;0;0;0;0;0;0;30.828876273652785;67;0;4;0;0;0;8539.336383802323;09;1;4;Hauptstrecke;H405;85;Warm (20° bis 31,99° C);Tag;Klar;Georgia;Sommer;Kollision;Main Track Authority;Human Factors;Güterzug, Wartungszug;53751.79083094556;Nicht Signifikant;False
4528;1218MA028;2018;12;10;15333.0;15333.0;132.0;15201.0;2;0;0;0;0;0;0;0;3.9542723449729715;1;0;1;0;0;0;153.0;09;7;1;Depot;M201;33;Moderat (0° bis 19,99° C);Abenddämmerung;Wolkig;Arkansas;Herbst;Kollision;Loading Procedures;Loading;Depot/Rangieren, EinzelneWagen;13420.568927789933;Nicht Signifikant;False
4529;1219GC009;2019;12;11;60335.0;60335.0;4890.0;55445.0;5;0;0;0;0;0;0;0;2.5;98;2;7;0;0;0;13414.0;01;1;1;Depot;H607;44;Moderat (0° bis 19,99° C);Abend;Klar;Texas;Herbst;Entgleisung;Speed;Human Factors;Güterzug, Lokomotive;54478.55530474041;Nicht Signifikant;False
4530;1219SX017;2019;12;21;256320.0;256320.0;3020.0;253300.0;3;0;0;0;0;0;0;0;9.926406551346263;43;3;118;0;0;1;7527.0;01;6;1;Depot;H306;43;Moderat (0° bis 19,99° C);Abend;Wolkig;Texas;Winter;Entgleisung;General Switching Rules;Human Factors;EinzelneWagen, Güterzug;231134.08879136734;Signifikant;False
4531;122209;2009;12;22;47000.0;47000.0;0.0;47000.0;1;0;0;0;0;0;0;0;36.80101048002608;0;0;0;2;0;0;154.88997359133555;07;3;3;Hauptstrecke;M302;40;Moderat (0° bis 19,99° C);Tag;Klar;Tennessee;Winter;Bahnübergang;Loading Procedures;Loading;Nahverkehrszug, NaN;32915.470271027385;Nicht Signifikant;False
4532;122352;2016;10;7;27822.0;27822.0;0.0;27822.0;1;0;0;0;0;0;0;0;7.935695149221832;1;0;2;0;0;0;244.4301921339064;04;5;4;Hauptstrecke;H302;72;Warm (20° bis 31,99° C);Abenddämmerung;Klar;Pennsylvania;Herbst;Kollision;General Switching Rules;Human Factors;EinzelneWagen, Güterzug;24974.865350089764;Nicht Signifikant;False
4533;1224;1986;11;24;39072.0;39072.0;2127.0;36945.0;1;0;0;0;0;0;0;0;14.903185056657339;13;1;1;0;0;1;1712.182883948803;04;7;1;Nebenstrecke;M599;50;Moderat (0° bis 19,99° C);Tag;Regen;West Virginia;Herbst;Kollision;Other Miscellaneous;Miscellaneous Causes;Depot/Rangieren, EinzelneWagen;33142.76020018661;Nicht Signifikant;True
4534;122407;2016;10;13;186548.0;186548.0;26201.0;160347.0;5;0;0;0;0;0;0;0;8.931050850284048;26;2;0;0;0;0;5580.889973591336;01;1;1;Depot;T110;72;Warm (20° bis 31,99° C);Tag;Wolkig;Pennsylvania;Herbst;Entgleisung;Track Geometry;Track, Roadbed and Structures;Güterzug, Lokomotive;169005.2545751042;Signifikant;False
4535;122497;1997;12;24;168974.0;168974.0;2039.0;166935.0;6;0;0;0;0;0;0;0;6.0;75;4;23;0;0;8;9392.1306626763;01;7;1;Depot;H306;38;Moderat (0° bis 19,99° C);Abend;Wolkig;Illinois;Winter;Entgleisung;General Switching Rules;Human Factors;Depot/Rangieren, Depot/Rangieren;143331.91958605478;Nicht Signifikant;False
4536;1226;2015;10;23;42345.0;42345.0;0.0;42345.0;0;0;0;0;0;0;0;0;13.333333333333334;0;0;3;0;0;3;75.0;09;A;2;Hauptstrecke;H607;50;Moderat (0° bis 19,99° C);Tag;Wolkig;Vermont;Herbst;Kollision;Speed;Human Factors;Wartungszug, Wartungszug, Wartungszug;38203.717069649945;Nicht Signifikant;False
4537;122688;2016;11;6;71062.0;71062.0;0.0;71062.0;2;0;0;0;0;0;0;0;2.958916643910756;58;0;20;0;0;0;7276.6387740994305;05;7;1;Depot;S016;52;Moderat (0° bis 19,99° C);Abenddämmerung;Klar;New Jersey;Herbst;Kollision;SIGNAL AND COMMUNICATION;Signal and Communication;Depot/Rangieren, EinzelneWagen;64179.78745822922;Nicht Signifikant;False
4538;122707A;2007;12;27;18052.0;18052.0;52.0;18000.0;4;0;0;0;0;0;0;0;6.940339448159618;0;0;0;0;0;0;69.7799471826711;04;7;2;Depot;H607;45;Moderat (0° bis 19,99° C);Abend;Wolkig;Illinois;Winter;Kollision;Speed;Human Factors;Depot/Rangieren, Lokomotive;12435.93276384679;Nicht Signifikant;False
4539;122745;2016;11;12;320685.0;320685.0;97843.0;222842.0;4;1;0;0;0;0;0;0;4.0;32;6;35;0;0;1;4894.776170109826;04;7;1;Depot;H020;52;Moderat (0° bis 19,99° C);Abenddämmerung;Klar;New Jersey;Herbst;Kollision;Brakes, Use of;Human Factors;Depot/Rangieren, Depot/Rangieren;295244.74451434705;Signifikant;False
4540;122796;1996;12;27;14350.0;14350.0;0.0;14350.0;2;0;0;0;0;0;0;0;5.0;16;1;1;0;0;0;1635.647398120594;05;7;1;Depot;M599;38;Moderat (0° bis 19,99° C);Tag;Wolkig;Illinois;Winter;Kollision;Other Miscellaneous;Miscellaneous Causes;Depot/Rangieren, EinzelneWagen;12172.364068199167;Nicht Signifikant;False
4541;122833;2016;11;21;238108.0;238108.0;205193.0;32915.0;7;0;0;0;0;0;0;0;9.926406551346263;180;2;3;0;0;0;23980.0;01;1;3;Hauptstrecke;M105;37;Moderat (0° bis 19,99° C);Morgendämmerung;Wolkig;Pennsylvania;Herbst;Entgleisung;Environmental Conditions;Environmental Conditions;Güterzug, Güterzug;223975.1669645377;Signifikant;False
4542;122858;2016;11;22;44453.0;44453.0;300.0;44153.0;2;0;0;0;0;0;0;0;5.0;25;1;36;0;0;2;4032.3554382463435;01;7;1;Depot;H210;42;Moderat (0° bis 19,99° C);Abenddämmerung;Wolkig;Illinois;Herbst;Entgleisung;Flagging, Fixed, Hand and Radio Signals;Human Factors;Depot/Rangieren, Depot/Rangieren;41869.64302533672;Nicht Signifikant;False
4543;122890;2016;11;26;11609.0;11609.0;2741.0;8868.0;2;1;0;0;0;0;0;0;5.5;13;0;1;0;0;0;1579.0728762740198;04;7;2;Depot;H607;72;Warm (20° bis 31,99° C);Morgendämmerung;Klar;Georgia;Herbst;Kollision;Speed;Human Factors;Depot/Rangieren, Depot/Rangieren;10961.538461538463;Nicht Signifikant;False
4544;122903;2003;12;29;22408.0;22408.0;408.0;22000.0;4;0;0;0;0;0;0;0;4.0;48;0;42;0;0;3;6813.325657306812;04;7;3;Depot;H607;48;Moderat (0° bis 19,99° C);Abend;Regen;Illinois;Winter;Kollision;Speed;Human Factors;Depot/Rangieren, Depot/Rangieren;17927.834226738138;Nicht Signifikant;False
4545;123181;2016;12;15;106692.0;106692.0;8382.0;98310.0;1;0;0;0;0;0;0;0;2.0;7;3;8;0;0;1;828.2564391184076;01;5;1;Nebenstrecke;M105;12;Kalt (-30° - 0,01° C);Tag;Schnee;Pennsylvania;Herbst;Entgleisung;Environmental Conditions;Environmental Conditions;EinzelneWagen, Güterzug;102401.38209041175;Nicht Signifikant;False
4546;123403;2017;1;3;16634.0;16634.0;2214.0;14420.0;3;0;0;0;0;0;0;0;3.9542723449729715;24;1;38;0;0;1;4292.9312658646;01;7;1;Depot;H702;72;Warm (20° bis 31,99° C);Abend;Regen;Ohio;Winter;Entgleisung;Switches, Use of;Human Factors;Depot/Rangieren, Güterzug;16017.332691381802;Nicht Signifikant;False
4547;123700;2017;1;25;70005.0;70005.0;54899.0;15106.0;6;2;0;0;0;0;0;0;9.0;16;3;28;0;0;1;2802.70538317133;01;7;1;Depot;H706;72;Warm (20° bis 31,99° C);Abenddämmerung;Klar;Alabama;Winter;Entgleisung;Switches, Use of;Human Factors;Depot/Rangieren, Lokomotive;65163.36218933258;Nicht Signifikant;False
4548;124554;2017;4;1;67973.0;67973.0;7943.0;60030.0;7;0;0;0;0;0;0;0;10.921762252408477;60;1;14;0;0;0;10963.0;03;1;3;Hauptstrecke;H222;42;Moderat (0° bis 19,99° C);Abend;Wolkig;Indiana;Frühling;Kollision;Flagging, Fixed, Hand and Radio Signals;Human Factors;Güterzug, Güterzug;63639.17236213837;Nicht Signifikant;False
4549;12485;1985;1;24;72202.0;72202.0;1402.0;70800.0;4;0;0;0;0;0;0;0;6.940339448159618;86;6;56;0;0;6;8164.355595119105;03;7;1;Depot;H306;10;Kalt (-30° - 0,01° C);Abend;Wolkig;Illinois;Winter;Kollision;General Switching Rules;Human Factors;Depot/Rangieren, Güterzug;61245.228602934934;Nicht Signifikant;False
4550;124956;2017;5;5;50877.0;50877.0;19156.0;31721.0;3;0;0;0;0;0;0;0;1.951414590464721;29;1;72;0;0;10;5630.186154505551;01;7;1;Depot;E29C;60;Moderat (0° bis 19,99° C);Tag;Wolkig;Pennsylvania;Frühling;Entgleisung;Body;Mechanical and Electrical Failures;Depot/Rangieren, EinzelneWagen, EinzelneWagen;46416.385366298695;Nicht Signifikant;False
4551;125074;2017;5;16;71754.0;71754.0;0.0;71754.0;2;0;0;0;0;0;0;0;4.0;33;0;88;0;0;1;6504.539089834589;01;7;1;Depot;H305;60;Moderat (0° bis 19,99° C);Abend;Klar;Indiana;Frühling;Entgleisung;General Switching Rules;Human Factors;Depot/Rangieren, Depot/Rangieren;64882.900804774385;Nicht Signifikant;False
4552;125145;2017;5;21;146285.0;146285.0;0.0;146285.0;2;0;0;0;0;0;0;0;1.9635609428485408;66;1;130;0;0;3;11559.852438398259;04;6;1;Industriestrecke;H022;60;Moderat (0° bis 19,99° C);Morgendämmerung;Klar;Pennsylvania;Frühling;Kollision;Brakes, Use of;Human Factors;EinzelneWagen, Güterzug;130359.4237338482;Nicht Signifikant;False
4553;125148;2017;5;21;43285.0;43285.0;12166.0;31119.0;3;0;0;0;0;0;0;0;7.935695149221832;66;3;1;0;0;0;4789.336383802324;01;1;1;Depot;T319;65;Moderat (0° bis 19,99° C);Tag;Wolkig;Virginia;Frühling;Entgleisung;Frogs, Switches and Track Appliances;Track, Roadbed and Structures;Güterzug, Güterzug;38572.701618892024;Nicht Signifikant;False
4554;125661;2017;7;2;12700.0;12700.0;0.0;12700.0;6;0;0;0;0;0;0;0;4.0;16;0;12;0;0;0;2255.2556621826675;05;7;1;Depot;H306;85;Warm (20° bis 31,99° C);Abenddämmerung;Klar;Alabama;Sommer;Kollision;General Switching Rules;Human Factors;Depot/Rangieren, Lokomotive;11156.661786237188;Nicht Signifikant;False
4555;125695;2017;7;5;17925.0;17925.0;0.0;17925.0;3;0;0;0;0;0;0;0;1.9635609428485408;19;1;52;0;0;0;3833.993385207793;05;7;1;Depot;M407;89;Warm (20° bis 31,99° C);Tag;Klar;Alabama;Sommer;Kollision;Unusual Operational Situations;Miscellaneous Causes;Depot/Rangieren, EinzelneWagen;15822.226145290846;Nicht Signifikant;False
4556;125793;2017;7;12;23199.0;23199.0;3189.0;20010.0;5;0;0;0;0;0;0;0;4.0;41;0;82;0;0;3;7234.880094041539;01;7;1;Depot;M407;81;Warm (20° bis 31,99° C);Tag;Klar;Alabama;Sommer;Entgleisung;Unusual Operational Situations;Miscellaneous Causes;Depot/Rangieren, Güterzug;20262.905057210235;Nicht Signifikant;False
4557;126153;2017;8;10;21703.0;21703.0;6440.0;15263.0;6;0;0;0;0;0;0;0;14.903185056657339;168;0;40;0;0;1;24117.0;01;1;2;Nebenstrecke;T314;73;Warm (20° bis 31,99° C);Abend;Klar;Alabama;Sommer;Entgleisung;Frogs, Switches and Track Appliances;Track, Roadbed and Structures;Güterzug, Güterzug;18498.977156495057;Nicht Signifikant;False
4558;12643;2010;8;29;12528.0;12528.0;2850.0;9678.0;2;0;0;0;0;0;0;0;6.0;56;6;8;0;0;0;6801.421248495934;04;1;1;Depot;T305;91;Heiß (>= 32° C);Tag;Klar;Illinois;Sommer;Kollision;Frogs, Switches and Track Appliances;Track, Roadbed and Structures;Güterzug, Güterzug;9861.202214467505;Nicht Signifikant;False
4559;126448;2017;8;30;56245.0;56245.0;2500.0;53745.0;2;0;0;0;0;0;0;0;3.5;29;3;38;0;0;1;2598.6229046454796;05;6;1;Depot;S016;75;Warm (20° bis 31,99° C);Tag;Klar;New Jersey;Sommer;Kollision;SIGNAL AND COMMUNICATION;Signal and Communication;EinzelneWagen, Güterzug;47201.242027526016;Nicht Signifikant;False
4560;12655;2010;9;18;45154.0;45154.0;1986.0;43168.0;2;0;0;0;0;0;0;0;3.9542723449729715;22;1;26;0;0;2;3386.619062548684;01;5;1;Depot;T305;68;Warm (20° bis 31,99° C);Tag;Regen;Illinois;Sommer;Entgleisung;Frogs, Switches and Track Appliances;Track, Roadbed and Structures;EinzelneWagen, Güterzug;34561.922743277035;Nicht Signifikant;False
4561;126727;2017;9;21;75960.0;75960.0;500.0;75460.0;3;1;0;0;0;0;0;0;1.0;79;0;71;0;0;1;11628.545928454554;01;7;2;Depot;H306;86;Warm (20° bis 31,99° C);Abenddämmerung;Klar;Ohio;Sommer;Entgleisung;General Switching Rules;Human Factors;Depot/Rangieren, Güterzug;63805.123897522055;Nicht Signifikant;False
4562;126759;2017;9;24;25199.0;25199.0;19699.0;5500.0;3;0;0;0;0;0;0;0;3.9542723449729715;7;5;9;0;0;7;1248.5050581112923;01;6;1;Depot;H312;80;Warm (20° bis 31,99° C);Tag;Klar;Alabama;Herbst;Entgleisung;General Switching Rules;Human Factors;EinzelneWagen, Güterzug;21178.596442078724;Nicht Signifikant;False
4563;126894;2017;10;4;34855.0;34855.0;26933.0;7922.0;2;1;0;0;0;0;0;0;4.949628046035187;0;0;15;0;0;7;536.8363426833456;01;7;1;Depot;H306;68;Warm (20° bis 31,99° C);Tag;Klar;Pennsylvania;Herbst;Entgleisung;General Switching Rules;Human Factors;Depot/Rangieren, EinzelneWagen;29570.713497921435;Nicht Signifikant;False
4564;126934;2017;10;8;28983.0;28983.0;20582.0;8401.0;1;0;0;0;0;0;0;0;7.935695149221832;13;0;42;0;0;7;2837.735937260393;01;7;1;Depot;H305;70;Warm (20° bis 31,99° C);Abend;Regen;Tennessee;Herbst;Entgleisung;General Switching Rules;Human Factors;Depot/Rangieren, EinzelneWagen;24702.122219381232;Nicht Signifikant;False
4565;1271;2001;4;28;155000.0;155000.0;5000.0;150000.0;2;2;0;0;0;0;0;0;5.0;28;1;6;0;0;0;3457.2753362656526;02;1;X;Depot;H209;65;Moderat (0° bis 19,99° C);Tag;Klar;Maryland;Frühling;Kollision;Flagging, Fixed, Hand and Radio Signals;Human Factors;Güterzug, Güterzug;172721.1945620682;Signifikant;False
4566;127263;2017;11;1;295632.0;295632.0;78304.0;217328.0;4;0;0;0;0;0;0;0;10.0;45;4;21;0;0;8;5918.515106376568;01;7;2;Depot;H306;65;Moderat (0° bis 19,99° C);Tag;Klar;North Carolina;Herbst;Entgleisung;General Switching Rules;Human Factors;Depot/Rangieren, Depot/Rangieren;254591.8015845677;Signifikant;False
4567;127398;2017;11;13;100342.0;100342.0;0.0;40140.0;4;0;0;0;0;0;0;0;5.944983747097401;35;2;24;0;0;0;6255.61791411101;04;1;1;Industriestrecke;H607;50;Moderat (0° bis 19,99° C);Tag;Klar;Virginia;Herbst;Kollision;Speed;Human Factors;Güterzug, Güterzug;86086.13589567605;Nicht Signifikant;False
4568;127406;2017;11;14;55353.0;55353.0;2350.0;53003.0;4;0;0;0;0;0;0;0;7.5;83;0;2;0;0;1;9574.019038152508;01;7;1;Depot;H704;34;Moderat (0° bis 19,99° C);Abend;Wolkig;Pennsylvania;Herbst;Entgleisung;Switches, Use of;Human Factors;Depot/Rangieren, Depot/Rangieren;47128.99106002554;Nicht Signifikant;False
4569;127780;2017;12;15;35024.0;35024.0;1000.0;34024.0;3;0;0;0;0;0;0;0;3.9542723449729715;35;0;57;0;0;4;5792.6553262106845;01;7;1;Depot;E39C;17;Kalt (-30° - 0,01° C);Abend;Klar;Ohio;Herbst;Entgleisung;Coupler and Draft System;Mechanical and Electrical Failures;Depot/Rangieren, Depot/Rangieren;29666.27138743012;Nicht Signifikant;False
4570;127835;2017;12;19;31131.0;31131.0;150.0;30981.0;2;0;0;0;0;0;0;0;4.949628046035187;31;1;0;0;0;0;3615.8691485874974;01;7;1;Depot;H306;42;Moderat (0° bis 19,99° C);Abenddämmerung;Wolkig;Michigan;Herbst;Entgleisung;General Switching Rules;Human Factors;Depot/Rangieren, EinzelneWagen;26330.880487185994;Nicht Signifikant;False
4571;128026;2018;1;6;86775.0;86775.0;43061.0;43714.0;2;0;0;1;0;0;0;0;5.944983747097401;28;7;20;0;0;3;4414.7028493293965;01;6;1;Depot;E30C;18;Kalt (-30° - 0,01° C);Abenddämmerung;Klar;Tennessee;Winter;Entgleisung;Coupler and Draft System;Mechanical and Electrical Failures;EinzelneWagen, Güterzug;72186.17419515847;Signifikant;False
4572;128226;2018;1;21;21118.0;21118.0;900.0;20218.0;1;0;0;0;0;0;0;0;4.0;36;1;11;0;0;2;4522.526852793476;01;7;1;Depot;M407;32;Moderat (0° bis 19,99° C);Abend;Klar;Ohio;Winter;Entgleisung;Unusual Operational Situations;Miscellaneous Causes;Depot/Rangieren, EinzelneWagen;17247.161952467806;Nicht Signifikant;False
4573;128235;2013;5;14;59300.0;59300.0;0.0;59300.0;5;0;0;2;0;0;0;0;1.9635609428485408;0;0;0;12;0;0;301.0370759890127;04;7;1;Depot;H302;60;Moderat (0° bis 19,99° C);Tag;Klar;Massachusetts;Frühling;Kollision;General Switching Rules;Human Factors;Depot/Rangieren, Depot/Rangieren;45696.23179471372;Signifikant;False
4574;128351;2018;2;1;80865.0;80865.0;6500.0;74365.0;2;0;0;0;0;0;0;0;6.940339448159618;28;0;68;0;0;4;6097.3522005708555;01;6;1;Depot;H306;36;Moderat (0° bis 19,99° C);Abend;Wolkig;Michigan;Winter;Entgleisung;General Switching Rules;Human Factors;EinzelneWagen, Güterzug;64904.88803274741;Nicht Signifikant;False
4575;128505613;1985;12;15;27800.0;27800.0;1200.0;26600.0;2;1;0;1;0;0;0;0;4.949628046035187;14;3;3;0;0;0;1812.5502442186958;04;7;1;Depot;H018;40;Moderat (0° bis 19,99° C);Tag;Klar;South Carolina;Herbst;Kollision;Brakes, Use of;Human Factors;Depot/Rangieren, EinzelneWagen;23581.304605988633;Signifikant;False
4576;128509601;1985;12;3;231577.0;231577.0;2000.0;229577.0;6;1;0;2;0;0;0;0;24.856742067279495;135;2;32;0;0;0;17677.0;03;1;3;Hauptstrecke;H215;40;Moderat (0° bis 19,99° C);Tag;Klar;Georgia;Herbst;Kollision;Flagging, Fixed, Hand and Radio Signals;Human Factors;Güterzug, Güterzug;196434.81211298666;Signifikant;False
4577;128511;1985;12;17;12500.0;12500.0;1000.0;11500.0;1;0;0;0;0;0;0;0;2.958916643910756;18;2;1;0;0;0;2187.078080915939;01;7;1;Industriestrecke;T314;-6;Kalt (-30° - 0,01° C);Abend;Klar;Indiana;Herbst;Entgleisung;Frogs, Switches and Track Appliances;Track, Roadbed and Structures;Depot/Rangieren, EinzelneWagen;10603.104589023666;Nicht Signifikant;False
4578;128512610;1985;12;15;11550.0;11550.0;500.0;11050.0;3;1;0;0;0;0;0;0;5.0;0;0;0;0;0;0;69.7799471826711;05;8;1;Depot;H401;55;Moderat (0° bis 19,99° C);Abend;Klar;Florida;Herbst;Kollision;Main Track Authority;Human Factors;Lokomotive, Lokomotive;9797.268640257867;Nicht Signifikant;False
4579;128560;2018;2;17;105320.0;105320.0;45320.0;60000.0;6;0;0;0;0;0;0;0;9.0;4;4;0;0;0;0;603.2458092909593;01;7;1;Depot;M407;72;Warm (20° bis 31,99° C);Morgendämmerung;Klar;Alabama;Winter;Entgleisung;Unusual Operational Situations;Miscellaneous Causes;Depot/Rangieren, Depot/Rangieren;84621.56516149768;Nicht Signifikant;False
4580;1285NE202;1985;12;5;10900.0;10900.0;1200.0;9700.0;1;0;0;0;0;0;0;0;2.0;4;4;0;0;0;0;603.2458092909593;06;7;1;Depot;H301;20;Kalt (-30° - 0,01° C);Abend;Wolkig;Iowa;Herbst;Kollision;General Switching Rules;Human Factors;Depot/Rangieren, EinzelneWagen;9245.907201628637;Nicht Signifikant;False
4581;1285NP201;1985;12;29;47990.0;47990.0;1700.0;46290.0;2;1;0;0;0;0;0;0;2.0;85;2;36;0;0;4;10880.37002023848;04;6;2;Depot;H306;24;Kalt (-30° - 0,01° C);Tag;Klar;Nebraska;Winter;Kollision;General Switching Rules;Human Factors;EinzelneWagen, EinzelneWagen;40707.43913817966;Nicht Signifikant;False
4582;1285UT201;1985;12;29;70268.0;70268.0;0.0;70268.0;2;1;0;0;0;0;0;0;20.0;6;2;2;0;0;0;852.4353967758259;02;7;1;Depot;M503;28;Kalt (-30° - 0,01° C);Tag;Wolkig;Utah;Winter;Kollision;Other Miscellaneous;Miscellaneous Causes;Depot/Rangieren, EinzelneWagen;59604.716260921195;Nicht Signifikant;True
4583;128604607;1986;12;11;10050.0;10050.0;0.0;10050.0;4;0;0;0;0;0;0;0;2.958916643910756;27;0;106;0;0;0;6055.336383802324;02;4;4;Hauptstrecke;H402;30;Kalt (-30° - 0,01° C);Tag;Klar;Indiana;Herbst;Kollision;Main Track Authority;Human Factors;Arbeitszug, Güterzug;8524.896089575028;Nicht Signifikant;False
4584;1286IL201;1986;12;26;75265.0;75265.0;0.0;75000.0;5;0;0;0;0;0;0;0;5.0;82;5;154;0;0;5;14551.0;01;1;4;Hauptstrecke;H503;32;Moderat (0° bis 19,99° C);Tag;Klar;Illinois;Winter;Entgleisung;Train Handling/Train Makeup;Human Factors;Güterzug, Güterzug;63843.4133514293;Nicht Signifikant;False
4585;1286LA201;1986;12;1;13600.0;13600.0;0.0;13600.0;2;0;0;0;0;0;0;0;5.5;44;3;43;0;0;1;6762.459880530629;04;1;1;Depot;H306;50;Moderat (0° bis 19,99° C);Abend;Wolkig;Louisiana;Herbst;Kollision;General Switching Rules;Human Factors;Güterzug, Güterzug;11536.177792857748;Nicht Signifikant;False
4586;128701037;1987;12;18;30050.0;30050.0;50.0;30000.0;6;0;0;0;0;0;0;0;4.0;26;0;16;0;0;1;3516.0955829386135;04;7;1;Hauptstrecke;H306;30;Kalt (-30° - 0,01° C);Abend;Klar;Tennessee;Herbst;Kollision;General Switching Rules;Human Factors;Depot/Rangieren, Depot/Rangieren;25489.86343201289;Nicht Signifikant;False
4587;128705056;1987;12;15;17800.0;17800.0;1800.0;16000.0;2;0;0;0;0;0;0;0;4.0;6;0;40;0;0;4;1976.1010412753863;05;7;1;Depot;H301;45;Moderat (0° bis 19,99° C);Abend;Klar;North Carolina;Herbst;Kollision;General Switching Rules;Human Factors;Depot/Rangieren, Depot/Rangieren;15098.8209347697;Nicht Signifikant;False
4588;128721011;1987;12;2;8800.0;8800.0;0.0;8800.0;4;0;0;0;0;0;0;0;5.0;0;0;0;0;0;0;69.7799471826711;05;8;1;Depot;H401;33;Moderat (0° bis 19,99° C);Abend;Klar;Illinois;Herbst;Kollision;Main Track Authority;Human Factors;Lokomotive, Lokomotive;7464.585630672661;Nicht Signifikant;False
4589;128770;2018;3;8;13000.0;13000.0;0.0;13000.0;0;0;0;1;0;0;0;0;14.903185056657339;0;0;2;0;0;1;132.15280222405482;09;A;3;Hauptstrecke;H997;65;Moderat (0° bis 19,99° C);Tag;Klar;Alabama;Winter;Kollision;Miscellaneous;Human Factors;Wartungszug, Wartungszug;10466.146042991708;Signifikant;False
4590;1287FR211;1987;12;22;14000.0;14000.0;14000.0;0.0;4;0;0;0;0;0;0;0;3.9542723449729715;13;2;23;0;0;0;2288.111982911392;04;6;2;Depot;H302;34;Moderat (0° bis 19,99° C);Tag;Schnee;Utah;Winter;Kollision;General Switching Rules;Human Factors;EinzelneWagen, Güterzug;11875.477139706505;Nicht Signifikant;False
4591;1287ID204;1987;12;8;56800.0;56800.0;0.0;56800.0;1;0;0;0;0;0;0;0;7.935695149221832;13;1;8;0;0;8;1823.6470657040074;02;5;1;Depot;H306;26;Kalt (-30° - 0,01° C);Abend;Klar;Idaho;Herbst;Kollision;General Switching Rules;Human Factors;EinzelneWagen, Güterzug;48180.50725252354;Nicht Signifikant;False
4592;1287LA202;1987;12;10;7785.0;7785.0;0.0;7785.0;4;0;0;0;0;0;0;0;1.9635609428485408;29;0;20;0;0;0;3967.0;04;7;1;Depot;H301;45;Moderat (0° bis 19,99° C);Morgendämmerung;Nebel;Louisiana;Herbst;Kollision;General Switching Rules;Human Factors;Depot/Rangieren, Depot/Rangieren;6603.613538043939;Nicht Signifikant;False
4593;128801039;1988;12;9;35900.0;35900.0;2000.0;33900.0;4;0;0;0;0;0;0;0;6.0;79;5;48;0;0;5;10163.460273858655;01;6;1;Depot;T220;32;Moderat (0° bis 19,99° C);Abend;Schnee;Tennessee;Herbst;Entgleisung;Rail, Joint Bar and Rail Anchoring;Track, Roadbed and Structures;EinzelneWagen, Güterzug;30452.11637967597;Nicht Signifikant;False
4594;128801043;1988;12;4;49500.0;49500.0;500.0;49000.0;5;0;0;0;0;0;0;0;5.0;59;2;50;0;0;0;8234.0;04;1;1;Depot;H212;45;Moderat (0° bis 19,99° C);Abend;Klar;Georgia;Herbst;Kollision;Flagging, Fixed, Hand and Radio Signals;Human Factors;Güterzug, Güterzug;41988.294172533715;Nicht Signifikant;False