index;INCDTNO;YEAR4;MONTH;DAY;ACCDMG;INFRASTRUCTURE_DMG;TRKDMG;EQPDMG;LOCOMOTIVES1;LOCOMOTIVES2;RREMPKLD;RREMPINJ;PASSKLD;PASSINJ;OTHERKLD;OTHERINJ;SPEED;LOADF1;LOADF2;EMPTYF1;EMPTYP1;LOADP1;EMPTYF2;TONS;TYPE;TYPEQ;TRKCLAS;TYPTRK;ACCAUSE;TEMP;TEMP_CLUSTER;VISIBLTY;WEATHER;STATE;Jahreszeit;ACCIDENT_TYPE;ACCCAUSE_LVL1;ACCCAUSE_LVL2;EQUIPMENT_TYPE;ACCDMG_EUR;ACCTYPE;SPD_TOO_HIGH
4595;128803019;1988;12;18;29700.0;29700.0;0.0;29700.0;4;0;0;0;0;0;0;0;10.0;3;0;38;0;0;2;1134.8899735913355;04;1;1;Depot;H017;35;Moderat (0° bis 19,99° C);Abend;Klar;Kentucky;Herbst;Kollision;Brakes, Use of;Human Factors;Güterzug, Lokomotive;25192.97650352023;Nicht Signifikant;False
4596;128803031;1988;12;21;57100.0;57100.0;3600.0;53500.0;4;0;0;0;0;0;0;0;12.0;179;2;1;0;0;0;22053.0581812246;01;6;2;Depot;T221;52;Moderat (0° bis 19,99° C);Abenddämmerung;Wolkig;Kentucky;Winter;Entgleisung;Rail, Joint Bar and Rail Anchoring;Track, Roadbed and Structures;EinzelneWagen, Güterzug;48434.98176266011;Nicht Signifikant;False
4597;128808051;1988;12;28;8500.0;8500.0;0.0;8500.0;1;0;0;0;0;0;0;0;5.0;4;0;2;0;0;2;588.6625349604957;04;7;1;Depot;H302;30;Kalt (-30° - 0,01° C);Abend;Klar;Tennessee;Winter;Kollision;General Switching Rules;Human Factors;Depot/Rangieren, EinzelneWagen;7210.111120536093;Nicht Signifikant;False
4598;128812024;1988;12;13;11500.0;11500.0;0.0;11500.0;5;0;0;2;0;0;0;0;8.0;1;0;0;0;0;0;2080.0;02;7;2;Depot;H699;55;Moderat (0° bis 19,99° C);Tag;Klar;Florida;Herbst;Kollision;Speed;Human Factors;Depot/Rangieren, Güterzug;9754.856221901773;Signifikant;False
4599;128812048;1988;12;30;8700.0;8700.0;0.0;8700.0;1;0;0;0;0;0;0;0;1.0;26;1;0;0;0;0;3047.082025941205;04;7;2;Depot;M407;62;Moderat (0° bis 19,99° C);Tag;Nebel;Georgia;Winter;Kollision;Unusual Operational Situations;Miscellaneous Causes;Depot/Rangieren, EinzelneWagen;7379.760793960471;Nicht Signifikant;False
4600;128812049;1988;12;30;12500.0;12500.0;0.0;12500.0;1;0;0;0;0;0;0;0;1.0;11;0;4;0;0;0;1442.897257848468;04;7;2;Depot;M407;62;Moderat (0° bis 19,99° C);Tag;Nebel;Georgia;Winter;Kollision;Unusual Operational Situations;Miscellaneous Causes;Depot/Rangieren, EinzelneWagen;10603.104589023666;Nicht Signifikant;False
4601;128822041;1988;12;9;35900.0;35900.0;400.0;35500.0;2;0;0;0;0;0;0;0;2.0;69;2;80;0;0;6;10402.853346292646;04;7;1;Depot;H210;41;Moderat (0° bis 19,99° C);Abend;Wolkig;Maryland;Herbst;Kollision;Flagging, Fixed, Hand and Radio Signals;Human Factors;Depot/Rangieren, Depot/Rangieren;30452.11637967597;Nicht Signifikant;False
4602;128827015;1988;12;9;12100.0;12100.0;50.0;12050.0;4;0;0;0;0;0;0;0;0.0;23;2;0;0;0;0;2334.8899735913355;04;1;1;Industriestrecke;H999;28;Kalt (-30° - 0,01° C);Tag;Wolkig;West Virginia;Herbst;Kollision;Miscellaneous;Human Factors;Güterzug, Lokomotive;10263.805242174909;Nicht Signifikant;False
4603;128827017;1988;12;14;141500.0;141500.0;3500.0;138000.0;2;0;0;0;0;0;0;0;5.0;52;3;87;0;0;11;8709.11121486702;04;7;1;Depot;E33C;35;Moderat (0° bis 19,99° C);Abend;Klar;Kentucky;Herbst;Kollision;Coupler and Draft System;Mechanical and Electrical Failures;Depot/Rangieren, EinzelneWagen;120027.1439477479;Nicht Signifikant;False
4604;12889;1989;1;28;34047.0;34047.0;247.0;33800.0;2;0;0;0;0;0;0;0;6.5;21;1;50;0;0;0;4000.6154138443335;04;5;1;Depot;M407;42;Moderat (0° bis 19,99° C);Tag;Klar;Illinois;Winter;Kollision;Unusual Operational Situations;Miscellaneous Causes;EinzelneWagen, Güterzug;28880.3121553991;Nicht Signifikant;False
4605;128890;2018;3;18;4036661.0;4036661.0;442379.0;3594282.0;8;6;0;3;0;0;0;0;31.824231974715;104;6;101;0;0;7;10341.0;02;1;4;Hauptstrecke;H221;40;Moderat (0° bis 19,99° C);Abend;Klar;Kentucky;Winter;Kollision;Flagging, Fixed, Hand and Radio Signals;Human Factors;Güterzug, Güterzug;3280149.2456458732;Schwer;False
4606;128893;2018;3;17;11458.0;11458.0;550.0;10908.0;3;0;0;0;0;0;0;0;2.958916643910756;17;1;3;0;0;0;2114.604435810844;05;7;1;Depot;H018;45;Moderat (0° bis 19,99° C);Abenddämmerung;Klar;Pennsylvania;Winter;Kollision;Brakes, Use of;Human Factors;Depot/Rangieren, EinzelneWagen;9312.671019479289;Nicht Signifikant;False
4607;1288KC207;1988;12;10;18100.0;18100.0;1200.0;16900.0;6;3;0;0;0;0;0;0;4.0;118;4;40;0;0;2;17654.889973591336;04;7;1;Depot;H401;20;Kalt (-30° - 0,01° C);Tag;Klar;Kansas;Herbst;Kollision;Main Track Authority;Human Factors;Depot/Rangieren, Güterzug, Güterzug;15353.295444906267;Nicht Signifikant;False
4608;1288NP205;1988;12;17;10141.0;10141.0;1041.0;9100.0;4;0;0;0;0;0;0;0;2.0;53;2;41;0;0;0;34816.19279224186;04;1;2;Depot;H799;21;Kalt (-30° - 0,01° C);Abend;Klar;Nebraska;Herbst;Kollision;Switches, Use of;Human Factors;Güterzug, Güterzug;8602.08669098312;Nicht Signifikant;False
4609;1288SP202;1988;12;15;5200.0;5200.0;0.0;5200.0;1;0;0;0;0;0;0;0;4.949628046035187;6;1;12;0;0;0;1137.2904578878965;04;7;1;Industriestrecke;H302;20;Kalt (-30° - 0,01° C);Abend;Klar;Oregon;Herbst;Kollision;General Switching Rules;Human Factors;Depot/Rangieren, EinzelneWagen;4410.891509033845;Nicht Signifikant;False
4610;128901019;1989;12;15;26800.0;26800.0;200.0;26600.0;1;0;0;0;0;0;0;0;9.926406551346263;6;0;31;0;0;10;1707.8341103206267;02;7;1;Depot;H307;38;Moderat (0° bis 19,99° C);Tag;Wolkig;Georgia;Herbst;Kollision;General Switching Rules;Human Factors;Depot/Rangieren, EinzelneWagen;22733.05623886674;Nicht Signifikant;False
4611;128903023;1989;12;20;17600.0;17600.0;0.0;17600.0;8;0;0;0;0;0;0;0;4.0;0;0;0;0;0;0;69.7799471826711;02;8;1;Depot;H702;15;Kalt (-30° - 0,01° C);Abend;Wolkig;Kentucky;Herbst;Kollision;Switches, Use of;Human Factors;Lokomotive, Lokomotive;14929.171261345322;Nicht Signifikant;False
4612;128908045;1989;12;24;60300.0;60300.0;36200.0;24100.0;2;0;0;0;0;0;0;0;5.5;67;0;128;0;0;11;11665.972302763703;04;7;1;Depot;H018;20;Kalt (-30° - 0,01° C);Tag;Klar;Alabama;Winter;Kollision;Brakes, Use of;Human Factors;Depot/Rangieren, EinzelneWagen;51149.37653745016;Nicht Signifikant;False
4613;128927011;1989;12;15;20000.0;20000.0;0.0;20000.0;2;0;0;0;0;0;0;0;5.0;121;0;45;0;0;1;15613.85371162773;04;7;1;Depot;H306;36;Moderat (0° bis 19,99° C);Tag;Klar;Virginia;Herbst;Kollision;General Switching Rules;Human Factors;Depot/Rangieren, EinzelneWagen;16964.967342437863;Nicht Signifikant;False
4614;128927020;1989;12;22;8200.0;8200.0;200.0;8000.0;9;0;0;0;0;0;0;0;3.0;48;2;0;0;0;0;5569.3544065827045;04;7;1;Depot;H306;-7;Kalt (-30° - 0,01° C);Tag;Klar;Kentucky;Winter;Kollision;General Switching Rules;Human Factors;Depot/Rangieren, EinzelneWagen;6955.636610399524;Nicht Signifikant;False
4615;1289CA006;1989;12;19;36000.0;36000.0;6000.0;30000.0;4;1;0;1;0;0;0;0;5.0;18;3;7;0;0;3;1704.0;04;1;1;Depot;H305;54;Moderat (0° bis 19,99° C);Abend;Wolkig;Kalifornien;Herbst;Kollision;General Switching Rules;Human Factors;Güterzug, Güterzug;30536.941216388157;Signifikant;False
4616;1289GR205;1989;12;18;65200.0;65200.0;200.0;65000.0;3;0;0;0;0;0;0;0;8.931050850284048;22;0;27;0;0;6;3503.376504778779;03;6;1;Depot;H306;1;Kalt (-30° - 0,01° C);Abend;Klar;Wyoming;Herbst;Kollision;General Switching Rules;Human Factors;EinzelneWagen, Güterzug;55305.79353634744;Nicht Signifikant;False
4617;1289GR209;1989;12;29;28000.0;28000.0;0.0;28000.0;1;0;0;0;0;0;0;0;3.0;19;2;0;0;0;0;2270.3890952342094;02;7;1;Depot;H021;32;Moderat (0° bis 19,99° C);Tag;Klar;Wyoming;Winter;Kollision;Brakes, Use of;Human Factors;Depot/Rangieren, EinzelneWagen;23750.95427941301;Nicht Signifikant;False
4618;1289ID207;1989;12;19;20500.0;20500.0;0.0;20500.0;2;0;0;0;0;0;0;0;3.9542723449729715;6;2;0;0;0;0;612.2564391184076;04;5;1;Hauptstrecke;H018;15;Kalt (-30° - 0,01° C);Tag;Wolkig;Idaho;Herbst;Kollision;Brakes, Use of;Human Factors;EinzelneWagen, Güterzug;17389.09152599881;Nicht Signifikant;False
4619;1289LU201;1989;12;1;51488.0;51488.0;1000.0;50488.0;4;0;0;0;0;0;0;0;4.949628046035187;44;1;42;0;0;2;6376.424965568185;04;6;1;Depot;H401;65;Moderat (0° bis 19,99° C);Abenddämmerung;Klar;Louisiana;Herbst;Kollision;Main Track Authority;Human Factors;EinzelneWagen, Lokomotive;43674.61192637204;Nicht Signifikant;False
4620;1289NL206;1989;12;23;22950.0;22950.0;12950.0;10000.0;0;0;0;0;0;0;0;0;0.0;3;0;2;0;0;1;473.42507581183025;04;6;1;Depot;H601;4;Kalt (-30° - 0,01° C);Abend;Klar;Arkansas;Winter;Kollision;Speed;Human Factors;EinzelneWagen, EinzelneWagen;19467.30002544745;Nicht Signifikant;False
4621;1290;2010;4;7;35385.0;35385.0;0.0;35385.0;4;0;0;0;0;0;0;0;3.0;0;0;3;0;0;0;161.11917781563636;05;7;1;Depot;M407;46;Moderat (0° bis 19,99° C);Tag;Klar;Illinois;Frühling;Kollision;Unusual Operational Situations;Miscellaneous Causes;Depot/Rangieren, Depot/Rangieren;26525.487256371813;Nicht Signifikant;False
4622;129008040;1990;12;21;8175.0;8175.0;50.0;8125.0;2;0;0;0;0;0;0;0;4.0;19;1;45;0;0;0;3620.8685137308744;05;7;1;Depot;H301;50;Moderat (0° bis 19,99° C);Abend;Wolkig;Alabama;Winter;Kollision;General Switching Rules;Human Factors;Depot/Rangieren, Depot/Rangieren;6934.430401221477;Nicht Signifikant;False
4623;129012020;1990;12;12;242499.0;242499.0;10000.0;232499.0;3;0;0;0;0;0;0;0;34.81029907790165;21;7;49;0;0;2;4374.256439118408;03;5;3;Hauptstrecke;H999;60;Moderat (0° bis 19,99° C);Tag;Klar;Georgia;Herbst;Kollision;Miscellaneous;Human Factors;EinzelneWagen, Güterzug;205699.380778692;Signifikant;False
4624;129022030;1990;12;26;30000.0;30000.0;500.0;29500.0;2;0;0;0;0;0;0;0;6.0;1;1;130;0;0;0;4161.179740138237;04;6;1;Depot;H020;26;Kalt (-30° - 0,01° C);Tag;Klar;West Virginia;Winter;Kollision;Brakes, Use of;Human Factors;EinzelneWagen, Güterzug;25447.4510136568;Nicht Signifikant;False
4625;129027047;1990;12;29;11002.0;11002.0;1001.0;10001.0;4;0;0;0;0;0;0;0;4.0;135;2;58;0;0;2;17235.102202104335;04;7;1;Depot;H020;40;Moderat (0° bis 19,99° C);Tag;Klar;Virginia;Winter;Kollision;Brakes, Use of;Human Factors;Depot/Rangieren, Depot/Rangieren;9332.428535075069;Nicht Signifikant;False
4626;1290GR205;1990;12;21;18000.0;18000.0;0.0;18000.0;1;0;0;0;0;0;0;0;1.9635609428485408;9;2;4;0;0;4;1260.5206292632058;05;6;2;Industriestrecke;H025;-20;Kalt (-30° - 0,01° C);Abend;Wolkig;Wyoming;Winter;Kollision;Brakes, Use of;Human Factors;EinzelneWagen, Güterzug;15268.470608194079;Nicht Signifikant;False
4627;1290LU208;1990;12;17;8500.0;8500.0;0.0;8500.0;2;0;0;0;0;0;0;0;4.949628046035187;28;0;33;0;0;0;4259.719370964526;04;7;1;Depot;H306;60;Moderat (0° bis 19,99° C);Abend;Wolkig;Louisiana;Herbst;Kollision;General Switching Rules;Human Factors;Depot/Rangieren, EinzelneWagen;7210.111120536093;Nicht Signifikant;False
4628;1290NL212;1990;12;30;20800.0;20800.0;0.0;20800.0;2;0;0;0;0;0;0;0;4.0;20;2;8;0;0;5;2635.1179745484096;01;7;1;Depot;H306;35;Moderat (0° bis 19,99° C);Tag;Regen;Arkansas;Winter;Entgleisung;General Switching Rules;Human Factors;Depot/Rangieren, Depot/Rangieren;17643.56603613538;Nicht Signifikant;False
4629;1290RR205;1990;12;16;56645.0;56645.0;5600.0;51045.0;3;0;0;0;0;0;0;0;11.917117953470694;82;5;49;0;0;0;10760.782400685286;01;6;1;Depot;T220;52;Moderat (0° bis 19,99° C);Tag;Regen;Arkansas;Herbst;Entgleisung;Rail, Joint Bar and Rail Anchoring;Track, Roadbed and Structures;EinzelneWagen, Güterzug;48049.02875561964;Nicht Signifikant;True
4630;1290UT214;1990;12;22;5850.0;5850.0;0.0;5850.0;2;0;0;0;0;0;0;0;3.9542723449729715;0;0;15;0;0;7;536.8363426833457;01;7;1;Depot;T299;-9;Kalt (-30° - 0,01° C);Abend;Klar;Utah;Winter;Entgleisung;Rail, Joint Bar and Rail Anchoring;Track, Roadbed and Structures;Depot/Rangieren, EinzelneWagen;4962.252947663075;Nicht Signifikant;False
4631;1291013;1991;7;27;213657.0;213657.0;0.0;213657.0;7;0;0;0;0;0;0;0;7.935695149221832;0;0;0;7;0;0;204.67993898637036;02;2;1;Depot;H999;85;Warm (20° bis 31,99° C);Abend;Wolkig;Pennsylvania;Sommer;Kollision;Miscellaneous;Human Factors;Personenzug, Personenzug;181234.20137416234;Signifikant;False
4632;129108014;1991;12;20;817050.0;817050.0;10000.0;807050.0;5;5;0;0;0;0;0;0;26.0;87;3;11;0;0;0;10388.989370172552;04;6;4;Hauptstrecke;H018;33;Moderat (0° bis 19,99° C);Abend;Klar;Florida;Herbst;Kollision;Brakes, Use of;Human Factors;EinzelneWagen, Güterzug;693061.3283569429;Signifikant;False
4633;129141;2018;4;13;21500.0;21500.0;2400.0;19100.0;4;0;0;0;0;0;0;0;3.5;92;3;65;0;0;0;12573.306790582137;01;7;1;Depot;H99E;48;Moderat (0° bis 19,99° C);Abend;Klar;Ohio;Frühling;Entgleisung;Miscellaneous;Human Factors;Depot/Rangieren, Depot/Rangieren;17455.54924088658;Nicht Signifikant;False
4634;129162;2018;4;14;40000.0;40000.0;0.0;40000.0;2;0;0;0;0;0;0;0;4.949628046035187;26;0;7;0;0;1;3242.077891039717;05;7;1;Depot;H318;36;Moderat (0° bis 19,99° C);Abenddämmerung;Regen;Michigan;Frühling;Kollision;General Switching Rules;Human Factors;Depot/Rangieren, EinzelneWagen;32428.926602529456;Nicht Signifikant;False
4635;1291LU018;1991;12;19;21000.0;21000.0;0.0;21000.0;2;0;0;0;0;0;0;0;3.9542723449729715;1;1;0;0;0;0;203.14641270974315;04;5;2;Industriestrecke;H021;50;Moderat (0° bis 19,99° C);Abend;Klar;Louisiana;Herbst;Kollision;Brakes, Use of;Human Factors;EinzelneWagen, Lokomotive;17813.215709559758;Nicht Signifikant;False
4636;1291RR005;1991;12;17;164000.0;164000.0;150000.0;14000.0;7;0;0;0;0;0;0;0;30.828876273652785;22;0;105;0;0;3;7363.0;01;1;4;Hauptstrecke;H699;70;Warm (20° bis 31,99° C);Tag;Wolkig;Arkansas;Herbst;Entgleisung;Speed;Human Factors;Güterzug, Güterzug;139112.73220799048;Nicht Signifikant;False
4637;1291UT017;1991;12;16;171600.0;171600.0;18000.0;73600.0;3;2;0;2;0;0;0;0;8.926406551346263;99;0;4;0;0;2;3000.635683674103;02;6;1;Depot;H306;20;Kalt (-30° - 0,01° C);Abend;Klar;Utah;Herbst;Kollision;General Switching Rules;Human Factors;EinzelneWagen, Güterzug;145559.41979811687;Signifikant;False
4638;129201018;1992;12;11;192700.0;192700.0;1700.0;191000.0;2;0;0;2;0;0;0;0;2.0;51;2;9;0;0;0;5688.62290464548;02;6;3;Hauptstrecke;H020;48;Moderat (0° bis 19,99° C);Tag;Klar;Alabama;Herbst;Kollision;Brakes, Use of;Human Factors;EinzelneWagen, Güterzug;163457.46034438882;Signifikant;False
4639;129201039;1992;12;14;12310.0;12310.0;0.0;12310.0;2;0;0;0;0;0;0;0;4.0;12;0;8;0;0;1;1679.920357841087;04;7;1;Depot;H301;70;Warm (20° bis 31,99° C);Abend;Klar;Florida;Herbst;Kollision;General Switching Rules;Human Factors;Depot/Rangieren, Depot/Rangieren;10441.937399270506;Nicht Signifikant;False
4640;129223039;1992;12;28;9350.0;9350.0;1500.0;7850.0;2;0;0;0;0;0;0;0;4.0;13;0;45;0;0;6;3348.8164184217308;01;5;2;Depot;H522;36;Moderat (0° bis 19,99° C);Abend;Wolkig;Ohio;Winter;Entgleisung;Train Handling/Train Makeup;Human Factors;EinzelneWagen, Güterzug;7931.1222325897015;Nicht Signifikant;False
4641;129230;2018;4;20;16275.0;16275.0;550.0;15725.0;1;1;0;0;0;0;0;0;0.0;4;0;0;0;0;0;524.8096452997049;05;7;1;Depot;H305;48;Moderat (0° bis 19,99° C);Tag;Klar;New Jersey;Frühling;Kollision;General Switching Rules;Human Factors;Depot/Rangieren, EinzelneWagen;13222.032659029977;Nicht Signifikant;False
4642;1292ID004;1992;12;3;71400.0;71400.0;1400.0;70000.0;1;0;0;2;0;0;0;0;24.856742067279495;6;0;3;0;0;0;876.2292042243008;01;6;3;Hauptstrecke;H510;25;Kalt (-30° - 0,01° C);Tag;Klar;Idaho;Herbst;Entgleisung;Train Handling/Train Makeup;Human Factors;EinzelneWagen, Güterzug;60564.933412503175;Signifikant;False
4643;1292ID009;1992;12;15;169413.0;169413.0;19213.0;150200.0;5;0;0;1;0;0;0;0;31.78707758321272;91;10;33;0;0;12;10806.338616165043;01;6;1;Depot;H508;35;Moderat (0° bis 19,99° C);Abenddämmerung;Wolkig;Idaho;Herbst;Entgleisung;Train Handling/Train Makeup;Human Factors;EinzelneWagen, EinzelneWagen, Güterzug, Güterzug;143704.3006192213;Signifikant;True
4644;1292ID015;1992;12;19;39000.0;39000.0;0.0;39000.0;6;1;0;0;0;0;0;0;19.879963561968417;113;1;91;0;0;0;15848.0;01;1;4;Hauptstrecke;H306;25;Kalt (-30° - 0,01° C);Abend;Wolkig;Idaho;Herbst;Entgleisung;General Switching Rules;Human Factors;Güterzug, Güterzug;33081.68631775384;Nicht Signifikant;False
4645;1292ID029;1992;12;30;13150.0;13150.0;150.0;13000.0;5;0;0;0;0;0;0;0;2.5;79;1;0;0;0;0;9000.0;01;7;1;Depot;H306;20;Kalt (-30° - 0,01° C);Tag;Schnee;Idaho;Winter;Entgleisung;General Switching Rules;Human Factors;Depot/Rangieren, Güterzug;11154.466027652896;Nicht Signifikant;False
4646;1292RR008;1992;12;10;15140.0;15140.0;6140.0;9000.0;3;0;0;0;0;0;0;0;5.944983747097401;16;0;82;0;0;6;4632.647398120594;01;5;1;Depot;T311;40;Moderat (0° bis 19,99° C);Abend;Wolkig;Arkansas;Herbst;Entgleisung;Frogs, Switches and Track Appliances;Track, Roadbed and Structures;EinzelneWagen, Güterzug;12842.480278225465;Nicht Signifikant;False
4647;1292SL005;1992;12;8;123599.0;123599.0;0.0;123599.0;4;0;0;0;0;0;0;0;49.740634593834876;52;0;3;0;0;0;5073.336383802324;09;5;4;Hauptstrecke;H405;38;Moderat (0° bis 19,99° C);Tag;Wolkig;Illinois;Herbst;Kollision;Main Track Authority;Human Factors;EinzelneWagen, Güterzug;104842.64992789888;Nicht Signifikant;False
4648;129321025;1993;12;28;8450.0;8450.0;0.0;8450.0;0;0;0;0;0;0;0;0;2.0;33;0;75;0;0;3;6111.695826330553;04;6;1;Depot;H020;14;Kalt (-30° - 0,01° C);Abend;Klar;Indiana;Winter;Kollision;Brakes, Use of;Human Factors;EinzelneWagen, EinzelneWagen;7167.698702179998;Nicht Signifikant;False
4649;129322019;1993;12;29;26000.0;26000.0;0.0;26000.0;8;0;0;0;0;0;0;0;5.0;53;2;22;0;0;1;6652.467858901004;04;1;1;Nebenstrecke;H499;20;Kalt (-30° - 0,01° C);Tag;Wolkig;Maryland;Winter;Kollision;Main Track Authority;Human Factors;Güterzug, Güterzug;22054.457545169225;Nicht Signifikant;False
4650;129323017;1993;12;19;23000.0;23000.0;1000.0;22000.0;1;1;0;0;0;0;0;0;5.0;27;0;23;0;0;0;3841.4978443253835;01;7;1;Depot;T314;45;Moderat (0° bis 19,99° C);Tag;Wolkig;Ohio;Herbst;Entgleisung;Frogs, Switches and Track Appliances;Track, Roadbed and Structures;Depot/Rangieren, EinzelneWagen;19509.712443803546;Nicht Signifikant;False
4651;129378;2018;5;6;257392.0;257392.0;5888.0;251504.0;6;2;0;0;0;0;0;0;7.5;12;2;25;0;0;0;2235.2473788041107;01;7;1;Depot;H399;63;Moderat (0° bis 19,99° C);Abend;Klar;Alabama;Frühling;Entgleisung;General Switching Rules;Human Factors;Depot/Rangieren, Depot/Rangieren;215854.4153411791;Signifikant;False
4652;1293FW007;1993;12;20;22500.0;22500.0;2500.0;20000.0;9;5;0;0;0;0;0;0;17.889252159843984;26;0;105;0;0;0;6207.0;04;7;1;Depot;H605;42;Moderat (0° bis 19,99° C);Abend;Klar;Texas;Herbst;Kollision;Speed;Human Factors;Depot/Rangieren, Güterzug;19085.5882602426;Nicht Signifikant;True
4653;1293RR002;1993;12;2;12740.0;12740.0;240.0;12500.0;5;0;0;0;0;0;0;0;8.931050850284048;66;0;98;0;0;2;10740.875204030403;04;6;1;Depot;H306;50;Moderat (0° bis 19,99° C);Abend;Wolkig;Louisiana;Herbst;Kollision;General Switching Rules;Human Factors;EinzelneWagen, Güterzug;10806.68419713292;Nicht Signifikant;False
4654;1293SL012;1993;12;12;18903.0;18903.0;0.0;18903.0;7;0;0;0;0;0;0;0;2.0;120;1;93;0;0;0;14014.0;01;1;1;Depot;H503;45;Moderat (0° bis 19,99° C);Tag;Wolkig;Missouri;Herbst;Entgleisung;Train Handling/Train Makeup;Human Factors;Güterzug, Güterzug;16034.438883705148;Nicht Signifikant;False
4655;1293VB002;1993;12;4;33000.0;33000.0;1000.0;32000.0;2;0;0;0;0;0;0;0;9.926406551346263;59;0;28;0;0;0;6829.907272162205;01;6;1;Depot;E30C;55;Moderat (0° bis 19,99° C);Tag;Klar;Oklahoma;Herbst;Entgleisung;Coupler and Draft System;Mechanical and Electrical Failures;EinzelneWagen, Güterzug;27992.196115022478;Nicht Signifikant;False
4656;129403002;1994;12;10;42200.0;42200.0;1200.0;41000.0;3;3;0;0;0;0;0;0;1.0;98;19;0;0;0;0;11590.579330008459;04;7;1;Depot;H099;33;Moderat (0° bis 19,99° C);Abend;Regen;Kentucky;Herbst;Kollision;Brakes, Use of;Human Factors;Depot/Rangieren, Depot/Rangieren;35796.08109254389;Nicht Signifikant;False
4657;129415;1994;12;23;23461.0;23461.0;800.0;22661.0;2;0;0;0;0;0;0;0;2.958916643910756;34;3;74;0;0;1;6250.87389440345;04;7;1;Depot;H302;40;Moderat (0° bis 19,99° C);Abend;Klar;Illinois;Winter;Kollision;General Switching Rules;Human Factors;Depot/Rangieren, EinzelneWagen;19900.754941046736;Nicht Signifikant;False
4658;129419;2018;5;10;117683.0;117683.0;80655.0;37028.0;5;2;0;0;0;0;0;0;7.5;56;4;41;0;0;0;7738.889973591336;01;7;1;Depot;H305;88;Warm (20° bis 31,99° C);Tag;Klar;Alabama;Frühling;Entgleisung;General Switching Rules;Human Factors;Depot/Rangieren, Güterzug;99076.44384576529;Nicht Signifikant;False
4659;129421;1994;12;27;33641.0;33641.0;4000.0;29641.0;4;0;0;0;0;0;0;0;3.5;16;2;105;0;0;4;4881.0;04;7;1;Depot;H204;42;Moderat (0° bis 19,99° C);Abend;Klar;Indiana;Winter;Kollision;Flagging, Fixed, Hand and Radio Signals;Human Factors;Depot/Rangieren, Depot/Rangieren;28535.92331834761;Nicht Signifikant;False
4660;1294KC011;1994;12;14;17650.0;17650.0;0.0;17650.0;0;0;0;0;0;0;0;0;2.958916643910756;1;0;2;0;0;0;244.43019213390642;04;6;1;Nebenstrecke;S007;30;Kalt (-30° - 0,01° C);Abend;Wolkig;Missouri;Herbst;Kollision;SIGNAL AND COMMUNICATION;Signal and Communication;EinzelneWagen, EinzelneWagen;14971.583679701416;Nicht Signifikant;False
4661;1294SA001;1994;12;1;57680.0;57680.0;1680.0;56000.0;7;0;0;0;0;0;0;0;8.5;137;6;29;0;0;0;14535.0;04;1;4;Hauptstrecke;H599;0;Kalt (-30° - 0,01° C);Abend;Klar;Texas;Herbst;Kollision;Train Handling/Train Makeup;Human Factors;Güterzug, Güterzug;48926.965815590804;Nicht Signifikant;False
4662;1294SL024;1994;12;24;11250.0;11250.0;5000.0;6250.0;2;0;0;1;0;0;0;0;5.0;16;3;17;0;0;1;1366.0;01;7;1;Depot;H306;45;Moderat (0° bis 19,99° C);Abend;Klar;Tennessee;Winter;Entgleisung;General Switching Rules;Human Factors;Depot/Rangieren, Depot/Rangieren;9542.7941301213;Signifikant;False
4663;1294VB005;1994;12;2;10500.0;10500.0;0.0;10500.0;1;0;0;0;0;0;0;0;2.958916643910756;2;0;0;0;0;0;243.647398120594;04;7;1;Depot;H018;65;Moderat (0° bis 19,99° C);Tag;Klar;Oklahoma;Herbst;Kollision;Brakes, Use of;Human Factors;Depot/Rangieren, EinzelneWagen;8906.607854779879;Nicht Signifikant;False
4664;1294WT012;1994;12;12;8750.0;8750.0;1650.0;7100.0;2;0;0;0;0;0;0;0;5.0;25;0;18;0;0;2;3698.8164184217308;01;5;3;Hauptstrecke;H018;20;Kalt (-30° - 0,01° C);Tag;Klar;Idaho;Herbst;Entgleisung;Brakes, Use of;Human Factors;EinzelneWagen, Güterzug;7422.173212316566;Nicht Signifikant;False
4665;129529;1995;12;20;22950.0;22950.0;450.0;22500.0;3;0;0;0;0;0;0;0;3.0;75;2;82;0;0;1;11138.890540793142;05;7;1;Depot;H306;28;Kalt (-30° - 0,01° C);Abend;Klar;Illinois;Herbst;Kollision;General Switching Rules;Human Factors;Depot/Rangieren, Depot/Rangieren;19467.30002544745;Nicht Signifikant;False
4666;129529;2018;5;14;39000.0;39000.0;0.0;39000.0;2;0;0;0;0;0;0;0;4.949628046035187;27;0;84;0;0;0;6351.728690131977;04;6;3;Hauptstrecke;H302;55;Moderat (0° bis 19,99° C);Morgendämmerung;Klar;Pennsylvania;Frühling;Kollision;General Switching Rules;Human Factors;EinzelneWagen, Güterzug;32532.53253253253;Nicht Signifikant;False
4667;1295FW007;1995;12;22;26000.0;26000.0;10000.0;16000.0;5;0;0;0;0;0;0;0;4.0;21;2;9;0;0;1;1600.0;04;7;1;Depot;H210;43;Moderat (0° bis 19,99° C);Tag;Klar;Texas;Winter;Kollision;Flagging, Fixed, Hand and Radio Signals;Human Factors;Depot/Rangieren, Güterzug;22054.457545169225;Nicht Signifikant;False
4668;129606013;1996;12;17;24880.0;24880.0;0.0;24880.0;2;0;0;0;0;0;0;0;2.0;15;0;7;0;0;0;1989.266186598467;05;7;1;Depot;H020;60;Moderat (0° bis 19,99° C);Tag;Wolkig;Florida;Herbst;Kollision;Brakes, Use of;Human Factors;Depot/Rangieren, Depot/Rangieren;21104.419373992703;Nicht Signifikant;False