index;INCDTNO;YEAR4;MONTH;DAY;ACCDMG;INFRASTRUCTURE_DMG;TRKDMG;EQPDMG;LOCOMOTIVES1;LOCOMOTIVES2;RREMPKLD;RREMPINJ;PASSKLD;PASSINJ;OTHERKLD;OTHERINJ;SPEED;LOADF1;LOADF2;EMPTYF1;EMPTYP1;LOADP1;EMPTYF2;TONS;TYPE;TYPEQ;TRKCLAS;TYPTRK;ACCAUSE;TEMP;TEMP_CLUSTER;VISIBLTY;WEATHER;STATE;Jahreszeit;ACCIDENT_TYPE;ACCCAUSE_LVL1;ACCCAUSE_LVL2;EQUIPMENT_TYPE;ACCDMG_EUR;ACCTYPE;SPD_TOO_HIGH
4669;129606014;1996;12;19;12700.0;12700.0;200.0;12500.0;2;0;0;0;0;0;0;0;5.0;19;0;2;0;0;1;2293.5438682799654;04;7;1;Depot;H401;40;Moderat (0° bis 19,99° C);Abend;Klar;Florida;Herbst;Kollision;Main Track Authority;Human Factors;Depot/Rangieren, Depot/Rangieren;10772.754262448045;Nicht Signifikant;False
4670;129610;2018;5;25;19291.0;19291.0;0.0;19291.0;4;0;0;0;0;0;0;0;3.9542723449729715;10;2;2;0;0;0;1307.46509489286;01;7;1;Depot;H306;82;Warm (20° bis 31,99° C);Abenddämmerung;Klar;Indiana;Frühling;Entgleisung;General Switching Rules;Human Factors;Depot/Rangieren, Depot/Rangieren;16523.340471092077;Nicht Signifikant;False
4671;129621;1996;12;19;14087.0;14087.0;392.0;13695.0;2;0;0;0;0;0;0;0;4.949628046035187;41;0;100;0;0;3;7782.915477839331;04;7;1;Depot;H306;11;Kalt (-30° - 0,01° C);Abend;Klar;Indiana;Herbst;Kollision;General Switching Rules;Human Factors;Depot/Rangieren, EinzelneWagen;11949.27474764611;Nicht Signifikant;False
4672;1296CB007;1996;12;13;992050.0;992050.0;90000.0;902050.0;6;2;0;0;0;0;0;0;20.875319263030633;0;0;222;0;0;9;6594.0;01;1;4;Hauptstrecke;H215;35;Moderat (0° bis 19,99° C);Abend;Wolkig;Nebraska;Herbst;Entgleisung;Flagging, Fixed, Hand and Radio Signals;Human Factors;Güterzug, Güterzug;841504.7926032742;Signifikant;False
4673;1296HO012;1996;12;9;47109.0;47109.0;36600.0;10509.0;2;0;0;0;0;0;0;0;4.949628046035187;60;2;38;0;0;7;7193.192159403594;01;6;1;Depot;H501;40;Moderat (0° bis 19,99° C);Abend;Klar;Louisiana;Herbst;Entgleisung;Train Handling/Train Makeup;Human Factors;EinzelneWagen, Güterzug;39960.13232674527;Nicht Signifikant;False
4674;129722003;1997;12;3;16400.0;16400.0;0.0;16400.0;3;0;0;0;0;0;0;0;3.0;7;0;31;0;0;0;1809.9206354281216;04;7;1;Depot;M201;30;Kalt (-30° - 0,01° C);Abend;Wolkig;Pennsylvania;Herbst;Kollision;Loading Procedures;Loading;Depot/Rangieren, Depot/Rangieren;13911.273220799048;Nicht Signifikant;False
4675;1297ET011;1997;12;27;31705.0;31705.0;2160.0;29545.0;5;2;0;0;0;0;0;0;4.966418697356791;33;0;49;0;0;2;5353.499099816782;01;6;1;Depot;H999;45;Moderat (0° bis 19,99° C);Abend;Wolkig;Texas;Winter;Entgleisung;Miscellaneous;Human Factors;EinzelneWagen, Güterzug, Lokomotive;26893.714479599625;Nicht Signifikant;False
4676;1297HO004;1997;12;13;82000.0;82000.0;0.0;82000.0;1;0;0;0;0;0;0;0;3.9542723449729715;0;0;7;0;0;7;8117.669308082522;01;7;1;Depot;H504;42;Moderat (0° bis 19,99° C);Abend;Wolkig;Texas;Herbst;Entgleisung;Train Handling/Train Makeup;Human Factors;Depot/Rangieren, EinzelneWagen;69556.36610399524;Nicht Signifikant;False
4677;1297KC011;1997;12;29;9415.0;9415.0;0.0;9415.0;4;0;0;0;0;0;0;0;1.9635609428485408;63;2;56;0;0;1;8770.567629467334;04;7;1;Nebenstrecke;H306;38;Moderat (0° bis 19,99° C);Tag;Wolkig;Kansas;Winter;Kollision;General Switching Rules;Human Factors;Depot/Rangieren, Depot/Rangieren;7986.258376452625;Nicht Signifikant;False
4678;1297LK022;1997;12;27;9000.0;9000.0;0.0;9000.0;1;0;0;0;0;0;0;0;2.958916643910756;0;0;18;0;0;3;595.336383802324;01;7;1;Depot;H314;38;Moderat (0° bis 19,99° C);Abend;Klar;Arkansas;Winter;Entgleisung;General Switching Rules;Human Factors;Depot/Rangieren, EinzelneWagen;7634.235304097039;Nicht Signifikant;False
4679;12980;2012;5;10;151145.0;151145.0;0.0;151145.0;2;0;0;1;0;0;0;0;9.926406551346263;4;1;4;0;0;4;672.1244656190997;04;1;1;Depot;H401;55;Moderat (0° bis 19,99° C);Abend;Klar;Illinois;Frühling;Kollision;Main Track Authority;Human Factors;Güterzug, Güterzug;116615.23030630352;Signifikant;False
4680;129801022;1998;12;14;238364.0;238364.0;1000.0;237364.0;5;1;0;0;0;0;0;0;15.0;70;3;50;0;0;1;9147.0;04;1;4;Hauptstrecke;H215;57;Moderat (0° bis 19,99° C);Abend;Klar;Mississippi;Herbst;Kollision;Flagging, Fixed, Hand and Radio Signals;Human Factors;Güterzug, Güterzug;202191.87378064296;Signifikant;False
4681;129806012;1998;12;12;70733.0;70733.0;8000.0;62733.0;5;2;0;0;0;0;0;0;25.0;24;3;72;0;0;4;4504.0;04;1;2;Hauptstrecke;M501;75;Warm (20° bis 31,99° C);Tag;Klar;Georgia;Herbst;Kollision;Other Miscellaneous;Miscellaneous Causes;Güterzug, Güterzug;59999.151751632875;Nicht Signifikant;False
4682;129807037;1998;12;14;20493.0;20493.0;800.0;19693.0;2;0;0;0;0;0;0;0;5.0;9;1;67;0;0;4;3159.0354315576624;04;7;1;Depot;H306;45;Moderat (0° bis 19,99° C);Abend;Klar;Kentucky;Herbst;Kollision;General Switching Rules;Human Factors;Depot/Rangieren, Depot/Rangieren;17383.153787428957;Nicht Signifikant;False
4683;12983;2012;5;21;29998.0;29998.0;4250.0;25748.0;2;0;0;0;0;0;0;0;3.5;12;0;40;0;0;2;2655.685519212123;04;7;1;Depot;H017;70;Warm (20° bis 31,99° C);Abend;Regen;Illinois;Frühling;Kollision;Brakes, Use of;Human Factors;Depot/Rangieren, Lokomotive;23527.843137254902;Nicht Signifikant;False
4684;1298ET020;1998;12;18;135512.0;135512.0;10000.0;125512.0;3;0;0;0;0;0;0;0;4.932837394713582;20;0;74;0;0;12;5323.191505825834;01;6;1;Depot;H021;45;Moderat (0° bis 19,99° C);Abend;Klar;Texas;Herbst;Entgleisung;Brakes, Use of;Human Factors;EinzelneWagen, EinzelneWagen, Güterzug;114947.83272542199;Nicht Signifikant;False
4685;129905001;1999;12;2;476000.0;476000.0;0.0;476000.0;2;0;0;0;0;0;0;0;9.0;17;0;0;0;0;0;1700.0;04;1;1;Depot;H401;50;Moderat (0° bis 19,99° C);Tag;Klar;South Carolina;Herbst;Kollision;Main Track Authority;Human Factors;Güterzug, Güterzug;473302.1775877498;Signifikant;False
4686;129921041;1999;12;28;60320.0;60320.0;876.0;59444.0;6;0;0;0;0;0;0;0;5.0;134;2;86;0;0;1;13187.0;05;1;1;Depot;H305;41;Moderat (0° bis 19,99° C);Abend;Klar;Tennessee;Winter;Kollision;General Switching Rules;Human Factors;Güterzug, Güterzug;59787.887798592536;Nicht Signifikant;False
4687;1299CB024;1999;12;27;110748.0;110748.0;4600.0;106148.0;2;0;0;0;0;0;0;0;7.0;0;0;8;0;0;7;358.6014447977622;01;7;1;Depot;H601;36;Moderat (0° bis 19,99° C);Abend;Wolkig;Iowa;Winter;Entgleisung;Speed;Human Factors;Depot/Rangieren, EinzelneWagen, EinzelneWagen;109283.59976317346;Nicht Signifikant;False
4688;1299ET001;1999;12;2;225728.0;225728.0;109000.0;116728.0;6;0;0;0;0;0;0;0;11.917117953470694;171;6;1;0;0;0;11134.0;03;1;2;Hauptstrecke;H605;70;Warm (20° bis 31,99° C);Tag;Klar;Texas;Herbst;Kollision;Speed;Human Factors;Güterzug, Güterzug;224448.6427364025;Signifikant;False
4689;1299PD017;1999;12;10;8069.0;8069.0;200.0;7869.0;1;0;0;0;0;0;0;0;2.958916643910756;28;0;17;0;0;2;2250.0;01;7;1;Depot;H702;41;Moderat (0° bis 19,99° C);Abend;Wolkig;Washington;Herbst;Entgleisung;Switches, Use of;Human Factors;Depot/Rangieren, EinzelneWagen;7956.808993195938;Nicht Signifikant;False
4690;130133;2018;7;8;14015.0;14015.0;0.0;14015.0;1;0;0;0;0;0;0;0;2.958916643910756;1;0;1;0;0;0;213.98378192291796;05;5;1;Industriestrecke;H302;80;Warm (20° bis 31,99° C);Tag;Klar;Pennsylvania;Sommer;Kollision;General Switching Rules;Human Factors;EinzelneWagen, Güterzug;11910.090079882159;Nicht Signifikant;False
4691;130394113;1994;3;29;10000.0;10000.0;0.0;10000.0;4;0;0;0;0;0;0;0;3.0;0;0;204;0;0;8;6410.343953589781;04;7;1;Depot;H399;40;Moderat (0° bis 19,99° C);Tag;Regen;Kansas;Frühling;Kollision;General Switching Rules;Human Factors;Depot/Rangieren, Depot/Rangieren;8482.483671218932;Nicht Signifikant;False
4692;130444;2018;8;3;44114.0;44114.0;8816.0;35298.0;1;0;0;0;0;0;0;0;3.9542723449729715;4;3;8;0;0;4;833.1281884586807;01;7;1;Depot;T110;68;Warm (20° bis 31,99° C);Morgendämmerung;Wolkig;West Virginia;Sommer;Entgleisung;Track Geometry;Track, Roadbed and Structures;Depot/Rangieren, EinzelneWagen;38068.69175008629;Nicht Signifikant;False
4693;130596106;1996;5;12;9000.0;9000.0;0.0;9000.0;0;0;0;0;0;0;0;0;3.0;1;0;1;0;0;1;215.46381654232488;09;5;1;Depot;M408;57;Moderat (0° bis 19,99° C);Abend;Regen;Kansas;Frühling;Kollision;Unusual Operational Situations;Miscellaneous Causes;EinzelneWagen, EinzelneWagen;7634.235304097039;Nicht Signifikant;False
4694;13073001;2013;7;30;1230986.0;1230986.0;139196.0;1091790.0;4;2;0;2;0;0;0;0;21.870674964092846;121;4;53;0;0;0;17612.0;03;1;3;Hauptstrecke;H222;73;Warm (20° bis 31,99° C);Tag;Klar;Louisiana;Sommer;Kollision;Flagging, Fixed, Hand and Radio Signals;Human Factors;Güterzug, Güterzug;926668.172237278;Signifikant;False
4695;130787;2018;8;31;145510.0;145510.0;91706.0;53804.0;2;0;0;0;0;0;0;0;5.944983747097401;83;8;6;0;0;0;11601.256439118408;01;5;1;Depot;H702;72;Warm (20° bis 31,99° C);Abend;Klar;New York;Sommer;Entgleisung;Switches, Use of;Human Factors;EinzelneWagen, Güterzug;124890.5673332761;Nicht Signifikant;False
4696;130806;2018;9;3;14000.0;14000.0;10000.0;4000.0;6;0;0;0;0;0;0;0;14.903185056657339;88;0;32;0;0;1;11056.198467128454;01;7;1;Nebenstrecke;M407;82;Warm (20° bis 31,99° C);Abenddämmerung;Klar;Alabama;Sommer;Entgleisung;Unusual Operational Situations;Miscellaneous Causes;Depot/Rangieren, EinzelneWagen;12059.608924110604;Nicht Signifikant;True
4697;130875;2018;9;10;37761.0;37761.0;13761.0;24000.0;6;0;0;0;0;0;0;0;12.5;10;0;8;0;0;3;1455.365578021384;01;7;1;Depot;M407;72;Warm (20° bis 31,99° C);Abend;Klar;Alabama;Sommer;Entgleisung;Unusual Operational Situations;Miscellaneous Causes;Depot/Rangieren, Depot/Rangieren;32634.171635986517;Nicht Signifikant;True
4698;130895108;1995;8;19;13500.0;13500.0;1500.0;12000.0;1;0;0;0;0;0;0;0;5.0;16;2;0;0;0;0;1929.116821646434;01;7;X;Depot;M408;75;Warm (20° bis 31,99° C);Abend;Klar;Kansas;Sommer;Entgleisung;Unusual Operational Situations;Miscellaneous Causes;Depot/Rangieren, EinzelneWagen;11451.352956145558;Nicht Signifikant;False
4699;13090501;2013;9;5;39329.0;39329.0;0.0;39329.0;4;0;0;0;0;0;0;0;2.5;13;0;18;0;0;1;2446.8899735913355;04;7;1;Industriestrecke;H607;87;Warm (20° bis 31,99° C);Morgendämmerung;Klar;Mississippi;Sommer;Kollision;Speed;Human Factors;Depot/Rangieren, Lokomotive;29790.183305559764;Nicht Signifikant;False
4700;130995103;1995;9;10;9040.0;9040.0;1000.0;8040.0;1;0;0;0;0;0;0;0;3.9542723449729715;36;3;34;0;0;1;5260.532335022429;01;7;X;Depot;T311;64;Moderat (0° bis 19,99° C);Tag;Klar;Kansas;Sommer;Entgleisung;Frogs, Switches and Track Appliances;Track, Roadbed and Structures;Depot/Rangieren, EinzelneWagen;7668.165238781915;Nicht Signifikant;False
4701;131077;2018;9;25;24121.0;24121.0;17519.0;6602.0;3;0;0;0;0;0;0;0;6.940339448159618;28;0;33;0;0;4;4231.823091020423;01;7;1;Depot;H305;72;Warm (20° bis 31,99° C);Abend;Klar;Virginia;Herbst;Entgleisung;General Switching Rules;Human Factors;Depot/Rangieren, Güterzug;20481.44688800204;Nicht Signifikant;False
4702;131119;2020;2;24;15250.0;15250.0;0.0;15250.0;0;0;0;0;0;0;0;0;2.958916643910756;0;0;0;4;0;0;146.86565678478496;04;D;4;Depot;M405;38;Moderat (0° bis 19,99° C);Abend;Klar;Colorado;Winter;Kollision;Unusual Operational Situations;Miscellaneous Causes;Personenzug, Personenzug;14096.8755777408;Nicht Signifikant;False
4703;131138;2018;9;29;70073.0;70073.0;0.0;70073.0;2;0;0;0;0;0;0;0;8.954033900189366;8;1;1;0;0;0;1064.7847682168763;01;7;1;Depot;S007;66;Moderat (0° bis 19,99° C);Morgendämmerung;Klar;New Jersey;Herbst;Entgleisung;SIGNAL AND COMMUNICATION;Signal and Communication;Depot/Rangieren, EinzelneWagen, EinzelneWagen;60480.75263248748;Nicht Signifikant;False
4704;131205;2018;10;5;23888.0;23888.0;3888.0;20000.0;3;0;0;0;0;0;0;0;4.949628046035187;18;0;7;0;0;1;165.33638380232395;09;1;4;Hauptstrecke;H997;75;Warm (20° bis 31,99° C);Tag;Klar;South Carolina;Herbst;Kollision;Miscellaneous;Human Factors;Güterzug, Wartungszug;20761.34190856944;Nicht Signifikant;False
4705;13122701;2013;12;27;52700.0;52700.0;0.0;52700.0;2;0;0;0;0;0;0;0;4.949628046035187;31;0;48;0;0;1;5452.0;04;7;1;Depot;H699;50;Moderat (0° bis 19,99° C);Abend;Klar;Texas;Winter;Kollision;Speed;Human Factors;Depot/Rangieren, Depot/Rangieren;38149.703199652526;Nicht Signifikant;False
4706;13123;2012;8;27;200000.0;200000.0;0.0;200000.0;5;0;0;0;0;0;0;0;4.949628046035187;0;0;0;0;0;0;69.7799471826711;04;2;1;Depot;H307;80;Warm (20° bis 31,99° C);Tag;Wolkig;Pennsylvania;Sommer;Kollision;General Switching Rules;Human Factors;Personenzug, Personenzug;159616.91939345573;Signifikant;False
4707;131337;2018;10;15;62324.0;62324.0;3292.0;59032.0;7;0;0;0;0;0;0;0;13.907829355595124;12;0;30;0;0;2;2652.8899735913355;03;1;4;Hauptstrecke;H222;58;Moderat (0° bis 19,99° C);Morgendämmerung;Regen;Pennsylvania;Herbst;Kollision;Flagging, Fixed, Hand and Radio Signals;Human Factors;Güterzug, Lokomotive;53815.73266557293;Nicht Signifikant;False
4708;131385;2018;10;20;23177.0;23177.0;10802.0;12375.0;2;0;0;0;0;0;0;0;7.935695149221832;20;0;2;0;0;1;3132.9196717083696;01;6;1;Depot;H306;62;Moderat (0° bis 19,99° C);Tag;Klar;New Jersey;Herbst;Entgleisung;General Switching Rules;Human Factors;EinzelneWagen, Güterzug;20192.542254748216;Nicht Signifikant;False
4709;131495;2018;10;30;57544.0;57544.0;200.0;57344.0;2;0;0;0;0;0;0;0;3.5;37;2;14;0;0;0;4744.272479714699;05;7;1;Depot;H702;49;Moderat (0° bis 19,99° C);Tag;Wolkig;Michigan;Herbst;Kollision;Switches, Use of;Human Factors;Depot/Rangieren, Depot/Rangieren;50601.477312697854;Nicht Signifikant;False
4710;131828;2018;11;27;151543.0;151543.0;2624.0;148919.0;5;0;0;0;0;0;0;0;5.333333333333333;115;0;19;0;0;6;15051.374543309692;01;7;1;Depot;T207;51;Moderat (0° bis 19,99° C);Tag;Wolkig;Virginia;Herbst;Entgleisung;Rail, Joint Bar and Rail Anchoring;Track, Roadbed and Structures;Depot/Rangieren, Depot/Rangieren, Güterzug;133777.36581920902;Nicht Signifikant;False
4711;132085;2018;12;16;28092.0;28092.0;0.0;28092.0;4;0;0;0;0;0;0;0;2.958916643910756;47;0;19;0;0;0;5619.599614776638;06;7;1;Depot;M507;41;Moderat (0° bis 19,99° C);Tag;Wolkig;New Jersey;Herbst;Kollision;Other Miscellaneous;Miscellaneous Causes;Depot/Rangieren, Güterzug;24811.140224335384;Nicht Signifikant;False
4712;132261;2019;1;2;15678.0;15678.0;10248.0;5430.0;2;0;0;0;0;0;0;0;4.0;46;1;46;0;0;0;6722.765386231842;04;7;1;Depot;H607;32;Moderat (0° bis 19,99° C);Abenddämmerung;Klar;Ohio;Winter;Kollision;Speed;Human Factors;Depot/Rangieren, Depot/Rangieren;13756.251645169783;Nicht Signifikant;False
4713;132349;2019;1;8;30157.0;30157.0;0.0;30157.0;2;0;0;0;0;0;0;0;7.935695149221832;43;0;17;0;0;0;5478.938175527588;05;7;1;Depot;M204;31;Kalt (-30° - 0,01° C);Morgendämmerung;Eisregen;New Jersey;Winter;Kollision;Loading Procedures;Loading;Depot/Rangieren, EinzelneWagen;26361.01398601399;Nicht Signifikant;False
4714;1333;2010;7;4;26535.0;26535.0;157.0;26378.0;2;0;0;0;0;0;0;0;5.944983747097401;160;1;0;0;0;0;18290.57691286184;04;7;1;Depot;H306;85;Warm (20° bis 31,99° C);Tag;Klar;Indiana;Sommer;Kollision;General Switching Rules;Human Factors;Depot/Rangieren, Güterzug;21165.913320925287;Nicht Signifikant;False
4715;133780;2019;5;1;29930.0;29930.0;0.0;29930.0;1;0;0;0;0;0;0;0;2.958916643910756;6;0;9;0;0;0;1026.3421862571176;05;7;1;Depot;H318;55;Moderat (0° bis 19,99° C);Abend;Klar;Pennsylvania;Frühling;Kollision;General Switching Rules;Human Factors;Depot/Rangieren, EinzelneWagen;26687.47213553277;Nicht Signifikant;False
4716;134295;2014;9;3;20000.0;20000.0;0.0;20000.0;0;0;0;2;0;0;0;0;9.926406551346263;0;0;2;0;0;0;130.67276760464793;09;A;4;Depot;H402;86;Warm (20° bis 31,99° C);Morgendämmerung;Klar;New York;Sommer;Kollision;Main Track Authority;Human Factors;Wartungszug, Wartungszug;15207.96897574329;Signifikant;False
4717;134743;2019;7;17;84586.0;84586.0;44551.0;40035.0;5;0;0;0;0;0;0;0;0.0;43;4;16;0;0;7;1601.9478880230647;01;6;1;Depot;H503;74;Warm (20° bis 31,99° C);Abend;Regen;Michigan;Sommer;Entgleisung;Train Handling/Train Makeup;Human Factors;EinzelneWagen, Güterzug;75422.20240748997;Nicht Signifikant;False
4718;135191;2019;8;22;12823.0;12823.0;0.0;12823.0;7;0;0;0;0;0;0;0;46.0;134;0;69;0;0;0;13161.0;07;1;4;Hauptstrecke;M308;71;Warm (20° bis 31,99° C);Abend;Klar;Pennsylvania;Sommer;Bahnübergang;Loading Procedures;Loading;Güterzug, Güterzug;11569.97202923396;Nicht Signifikant;False
4719;135328;2019;8;30;35374.0;35374.0;0.0;35374.0;1;0;0;0;0;0;0;0;4.949628046035187;6;0;1;0;0;0;782.7709045692103;05;6;4;Hauptstrecke;H302;84;Warm (20° bis 31,99° C);Tag;Klar;New Jersey;Sommer;Kollision;General Switching Rules;Human Factors;EinzelneWagen, Güterzug;32053.28017397608;Nicht Signifikant;False
4720;135421;2019;9;7;131151.0;131151.0;0.0;131151.0;2;0;0;0;0;0;0;0;3.9542723449729715;0;0;22;0;0;0;739.6009718244163;05;7;1;Depot;H020;70;Warm (20° bis 31,99° C);Abenddämmerung;Klar;Michigan;Sommer;Kollision;Brakes, Use of;Human Factors;Depot/Rangieren, EinzelneWagen;118914.6794813673;Nicht Signifikant;False
4721;135691;2019;10;2;122108.0;122108.0;76833.0;45275.0;3;2;0;0;0;0;0;0;6.0;32;3;15;0;0;1;4227.020842896616;04;7;1;Depot;H306;70;Warm (20° bis 31,99° C);Tag;Regen;Indiana;Herbst;Kollision;General Switching Rules;Human Factors;Depot/Rangieren, Depot/Rangieren;111769.33638443936;Nicht Signifikant;False
4722;135750;2019;10;8;188196.0;188196.0;0.0;188196.0;5;0;0;1;0;0;0;0;15.0;113;3;73;0;0;0;11157.0;03;1;4;Hauptstrecke;H221;48;Moderat (0° bis 19,99° C);Abend;Klar;Ohio;Herbst;Kollision;Flagging, Fixed, Hand and Radio Signals;Human Factors;Güterzug, Güterzug;171305.29765155652;Signifikant;False
4723;135813;2019;10;12;86100.0;86100.0;0.0;86100.0;1;0;0;0;0;0;0;0;1.9635609428485408;20;3;8;0;0;0;1374.4048226498526;01;6;1;Industriestrecke;T314;70;Warm (20° bis 31,99° C);Tag;Wolkig;Alabama;Herbst;Entgleisung;Frogs, Switches and Track Appliances;Track, Roadbed and Structures;EinzelneWagen, Güterzug;77996.19530754596;Nicht Signifikant;False
4724;135850;2019;10;16;13872.0;13872.0;0.0;13872.0;2;0;0;0;0;0;0;0;1.9635609428485408;5;0;3;0;0;0;729.9063004619286;05;7;1;Depot;S016;55;Moderat (0° bis 19,99° C);Abend;Klar;New Jersey;Herbst;Kollision;SIGNAL AND COMMUNICATION;Signal and Communication;Depot/Rangieren, EinzelneWagen;12582.312925170068;Nicht Signifikant;False
4725;136019;2015;1;22;43993.0;43993.0;0.0;43993.0;2;0;0;0;0;0;0;0;69.5;0;0;0;0;10;0;488.18443422184095;09;B;4;Hauptstrecke;M404;45;Moderat (0° bis 19,99° C);Abend;Wolkig;Kalifornien;Winter;Kollision;Unusual Operational Situations;Miscellaneous Causes;Personenzug, Personenzug;37866.242038216566;Nicht Signifikant;False
4726;136152;2019;11;8;1495922.0;1495922.0;328510.0;1167412.0;9;2;0;0;0;0;0;0;23.895206113644093;98;11;105;0;0;0;90.0;03;1;4;Hauptstrecke;H222;36;Moderat (0° bis 19,99° C);Tag;Klar;Pennsylvania;Herbst;Kollision;Flagging, Fixed, Hand and Radio Signals;Human Factors;Güterzug, Güterzug, Güterzug;1355738.6260648905;Signifikant;False
4727;136546;2019;12;17;215585.0;215585.0;66324.0;149261.0;4;0;0;0;0;0;0;0;9.5;49;4;28;0;0;0;6388.535593914979;05;7;2;Depot;H399;32;Moderat (0° bis 19,99° C);Tag;Wolkig;Indiana;Herbst;Kollision;General Switching Rules;Human Factors;Depot/Rangieren, Güterzug;193141.910051962;Signifikant;False
4728;136739;2020;1;4;15753.0;15753.0;1466.0;14287.0;4;1;0;0;0;0;0;0;3.0;16;0;11;0;0;0;2224.8092519716793;04;7;1;Depot;H306;41;Moderat (0° bis 19,99° C);Abenddämmerung;Regen;Tennessee;Winter;Kollision;General Switching Rules;Human Factors;Depot/Rangieren, Depot/Rangieren;14112.219302436695;Nicht Signifikant;False
4729;137;1986;12;9;65000.0;65000.0;0.0;65000.0;9;0;0;1;0;0;0;0;4.949628046035187;0;0;0;0;0;0;69.7799471826711;04;2;1;Depot;T313;50;Moderat (0° bis 19,99° C);Abend;Wolkig;Connecticut;Herbst;Kollision;Frogs, Switches and Track Appliances;Track, Roadbed and Structures;Personenzug, Personenzug;55136.14386292306;Signifikant;False
4730;137062;2020;2;6;74127.0;74127.0;16745.0;57382.0;3;0;0;0;0;0;0;0;5.0;121;3;42;0;0;1;5489.459968850472;01;7;1;Depot;T221;25;Kalt (-30° - 0,01° C);Morgendämmerung;Schnee;Michigan;Winter;Entgleisung;Rail, Joint Bar and Rail Anchoring;Track, Roadbed and Structures;Depot/Rangieren, Güterzug;67369.80823411797;Nicht Signifikant;False
4731;137241;2020;2;20;42101.0;42101.0;0.0;42101.0;0;0;0;0;0;0;0;0;4.949628046035187;0;0;2;0;0;0;130.67276760464793;09;A;4;Hauptstrecke;H997;44;Moderat (0° bis 19,99° C);Tag;Regen;Alabama;Winter;Kollision;Miscellaneous;Human Factors;Wartungszug, Wartungszug;39018.53568118629;Nicht Signifikant;False
4732;137274;2020;2;24;32498.0;32498.0;6032.0;26466.0;4;0;0;0;0;0;0;0;8.0;151;0;26;0;0;1;20349.889973591336;01;1;3;Hauptstrecke;E05C;20;Kalt (-30° - 0,01° C);Abend;Wolkig;Pennsylvania;Winter;Entgleisung;Brakes;Mechanical and Electrical Failures;Güterzug, Lokomotive;30040.672952486595;Nicht Signifikant;False
4733;1378;2011;9;24;35000.0;35000.0;0.0;35000.0;2;1;0;0;0;0;0;0;2.958916643910756;0;0;0;11;0;0;281.7656485884842;05;7;1;Depot;H305;70;Warm (20° bis 31,99° C);Tag;Klar;Massachusetts;Herbst;Kollision;General Switching Rules;Human Factors;Depot/Rangieren, Depot/Rangieren;26015.85728444004;Nicht Signifikant;False
4734;137920;2015;6;22;140000.0;140000.0;0.0;140000.0;0;0;0;1;0;0;0;0;28.838164871528356;0;0;2;0;0;0;130.67276760464793;09;A;2;Hauptstrecke;H699;73;Warm (20° bis 31,99° C);Abend;Klar;Maryland;Sommer;Kollision;Speed;Human Factors;Wartungszug, Wartungszug;123402.37990304099;Signifikant;True
4735;140185101;1985;1;13;1066500.0;1066500.0;3000.0;1063500.0;7;4;0;3;0;0;0;0;25.852097768341707;107;9;3;0;0;0;13256.0;03;1;2;Hauptstrecke;H603;18;Kalt (-30° - 0,01° C);Morgendämmerung;Klar;Kansas;Winter;Kollision;Speed;Human Factors;Güterzug, Güterzug;904656.8835354991;Signifikant;True
4736;140185102;1985;1;16;17190.0;17190.0;0.0;17190.0;3;0;0;0;0;0;0;0;2.958916643910756;48;1;34;0;0;2;5373.0;04;7;2;Depot;H702;43;Moderat (0° bis 19,99° C);Abend;Klar;Oklahoma;Winter;Kollision;Switches, Use of;Human Factors;Depot/Rangieren, Güterzug;14581.389430825346;Nicht Signifikant;False
4737;140186101;1986;1;16;13300.0;13300.0;2150.0;11150.0;2;0;0;0;0;0;0;0;3.5;20;2;17;0;0;3;2056.9190510363596;04;7;2;Depot;H208;47;Moderat (0° bis 19,99° C);Abend;Nebel;Oklahoma;Winter;Kollision;Flagging, Fixed, Hand and Radio Signals;Human Factors;Depot/Rangieren, Depot/Rangieren;11281.70328272118;Nicht Signifikant;False
4738;140193104;1993;1;20;6500.0;6500.0;0.0;6500.0;7;1;0;0;0;0;0;0;4.949628046035187;0;0;0;0;0;0;69.7799471826711;04;8;1;Depot;H306;50;Moderat (0° bis 19,99° C);Abend;Regen;Kalifornien;Winter;Kollision;General Switching Rules;Human Factors;Lokomotive, Lokomotive;5513.614386292306;Nicht Signifikant;False
4739;140485101;1985;4;19;21700.0;21700.0;200.0;21500.0;1;0;0;0;0;0;0;0;3.9542723449729715;16;3;3;0;0;3;1733.6693080825214;04;7;2;Depot;H702;70;Warm (20° bis 31,99° C);Abend;Klar;Kansas;Frühling;Kollision;Switches, Use of;Human Factors;Depot/Rangieren, EinzelneWagen;18406.989566545082;Nicht Signifikant;False
4740;140687101;1987;6;1;17700.0;17700.0;200.0;17500.0;6;1;0;0;0;0;0;0;4.949628046035187;0;0;66;0;0;4;2082.8899735913355;01;1;1;Depot;H704;82;Warm (20° bis 31,99° C);Abend;Klar;Oklahoma;Frühling;Entgleisung;Switches, Use of;Human Factors;Güterzug, Lokomotive;15013.99609805751;Nicht Signifikant;False