index;INCDTNO;YEAR4;MONTH;DAY;ACCDMG;INFRASTRUCTURE_DMG;TRKDMG;EQPDMG;LOCOMOTIVES1;LOCOMOTIVES2;RREMPKLD;RREMPINJ;PASSKLD;PASSINJ;OTHERKLD;OTHERINJ;SPEED;LOADF1;LOADF2;EMPTYF1;EMPTYP1;LOADP1;EMPTYF2;TONS;TYPE;TYPEQ;TRKCLAS;TYPTRK;ACCAUSE;TEMP;TEMP_CLUSTER;VISIBLTY;WEATHER;STATE;Jahreszeit;ACCIDENT_TYPE;ACCCAUSE_LVL1;ACCCAUSE_LVL2;EQUIPMENT_TYPE;ACCDMG_EUR;ACCTYPE;SPD_TOO_HIGH
4741;140785102;1985;7;10;93000.0;93000.0;1500.0;91500.0;5;0;0;0;0;0;0;0;9.926406551346263;89;2;21;0;0;4;11296.595752912917;04;7;1;Depot;H018;74;Warm (20° bis 31,99° C);Tag;Klar;Kansas;Sommer;Kollision;Brakes, Use of;Human Factors;Depot/Rangieren, EinzelneWagen;78887.09814233608;Nicht Signifikant;False
4742;140785103;1985;7;25;16500.0;16500.0;3000.0;13500.0;1;0;0;0;0;0;0;0;2.0;39;2;10;0;0;2;5525.742863252126;04;7;1;Depot;H018;70;Warm (20° bis 31,99° C);Morgendämmerung;Wolkig;Kansas;Sommer;Kollision;Brakes, Use of;Human Factors;Depot/Rangieren, EinzelneWagen;13996.098057511239;Nicht Signifikant;False
4743;140786101;1986;7;10;274161.0;274161.0;0.0;274161.0;2;0;0;0;0;0;0;0;34.81029907790165;1;0;0;0;0;0;183.53737171192955;02;4;4;Hauptstrecke;H999;80;Warm (20° bis 31,99° C);Tag;Klar;Oklahoma;Sommer;Kollision;Miscellaneous;Human Factors;Arbeitszug, EinzelneWagen;232556.62057850536;Signifikant;False
4744;14095J;1990;7;11;15300.0;15300.0;0.0;15300.0;1;0;0;0;0;0;0;0;6.940339448159618;0;0;0;6;0;0;185.4085115858419;04;6;1;Depot;H702;75;Warm (20° bis 31,99° C);Tag;Klar;Illinois;Sommer;Kollision;Switches, Use of;Human Factors;EinzelneWagen, Lokomotive;12978.200016964967;Nicht Signifikant;False
4745;141086101;1986;10;2;38900.0;38900.0;500.0;38400.0;5;0;0;0;0;0;0;0;4.949628046035187;123;5;208;0;0;4;21900.0;04;7;1;Depot;H306;60;Moderat (0° bis 19,99° C);Abend;Wolkig;Kansas;Herbst;Kollision;General Switching Rules;Human Factors;Depot/Rangieren, Depot/Rangieren;32996.86148104165;Nicht Signifikant;False
4746;141186102;1986;11;17;136500.0;136500.0;0.0;136500.0;8;3;0;1;0;0;0;0;17.889252159843984;31;3;0;0;0;0;3655.0872305831244;03;6;X;Depot;H306;45;Moderat (0° bis 19,99° C);Abend;Wolkig;Oklahoma;Herbst;Kollision;General Switching Rules;Human Factors;EinzelneWagen, Lokomotive;115785.90211213843;Signifikant;True
4747;141195103;1995;11;26;17000.0;17000.0;0.0;17000.0;4;0;0;0;0;0;0;0;7.935695149221832;3;1;0;0;0;0;376.88997359133555;01;7;X;Depot;H307;65;Moderat (0° bis 19,99° C);Abend;Klar;Kalifornien;Herbst;Entgleisung;General Switching Rules;Human Factors;Depot/Rangieren, Lokomotive;14420.222241072186;Nicht Signifikant;False
4748;141287103;1987;12;22;38800.0;38800.0;900.0;37900.0;1;0;0;0;0;0;0;0;4.949628046035187;5;2;12;0;0;2;1023.7428632521262;01;7;1;Depot;T207;45;Moderat (0° bis 19,99° C);Abend;Klar;Oklahoma;Winter;Entgleisung;Rail, Joint Bar and Rail Anchoring;Track, Roadbed and Structures;Depot/Rangieren, EinzelneWagen;32912.036644329455;Nicht Signifikant;False
4749;14328;2019;12;26;29632.0;29632.0;0.0;29632.0;1;0;0;0;0;0;0;0;0.0;8;0;0;0;0;0;979.8393434167389;05;7;1;Industriestrecke;H302;50;Moderat (0° bis 19,99° C);Tag;Klar;Illinois;Winter;Kollision;General Switching Rules;Human Factors;Depot/Rangieren, EinzelneWagen;26626.72976696819;Nicht Signifikant;False
4750;1461;2011;2;9;32302.0;32302.0;0.0;32302.0;2;0;0;0;0;0;0;0;5.0;19;0;62;0;0;0;4219.0;04;7;1;Depot;H307;12;Kalt (-30° - 0,01° C);Tag;Klar;Indiana;Winter;Kollision;General Switching Rules;Human Factors;Depot/Rangieren, Güterzug;23669.670989961163;Nicht Signifikant;False
4751;148762;2017;8;2;116780.0;116780.0;6045.0;110735.0;4;1;0;0;0;0;0;0;14.903185056657339;0;0;0;6;0;0;185.4085115858419;04;7;1;Depot;H199;81;Warm (20° bis 31,99° C);Abend;Klar;District of Columbia;Sommer;Kollision;Employee Physical Condition;Human Factors;Depot/Rangieren, Lokomotive;98723.47620255304;Nicht Signifikant;True
4752;1492;1992;9;5;9880.0;9880.0;480.0;9400.0;4;0;0;0;0;0;0;0;3.9542723449729715;2;2;0;0;0;0;336.5128782368152;04;6;1;Depot;H306;67;Moderat (0° bis 19,99° C);Abend;Wolkig;Iowa;Sommer;Kollision;General Switching Rules;Human Factors;EinzelneWagen, Lokomotive;8380.693867164306;Nicht Signifikant;False
4753;150013;2015;1;30;307126.0;307126.0;8279.0;298847.0;5;1;0;0;0;0;0;0;15.898540757719555;133;7;9;0;0;0;18760.0;03;1;3;Hauptstrecke;H607;25;Kalt (-30° - 0,01° C);Tag;Schnee;Ohio;Winter;Kollision;Speed;Human Factors;Güterzug, Güterzug;271672.71118973906;Signifikant;False
4754;150185102;1985;1;19;41415.0;41415.0;1000.0;40415.0;5;0;0;0;0;0;0;0;5.5;1;0;121;0;0;6;3358.280520531615;04;6;2;Depot;H021;28;Kalt (-30° - 0,01° C);Abend;Klar;Colorado;Winter;Kollision;Brakes, Use of;Human Factors;EinzelneWagen, Güterzug;35130.20612435321;Nicht Signifikant;False
4755;150294102;1994;2;7;17000.0;17000.0;0.0;17000.0;7;0;0;0;0;0;0;0;7.935695149221832;1;0;3;0;0;0;234.88997359133555;04;7;1;Depot;H307;51;Moderat (0° bis 19,99° C);Abend;Regen;Kalifornien;Winter;Kollision;General Switching Rules;Human Factors;Depot/Rangieren, Lokomotive;14420.222241072186;Nicht Signifikant;False
4756;15031002;2015;3;10;12000.0;12000.0;0.0;12000.0;0;0;0;0;0;0;0;0;1.9635609428485408;0;0;2;0;0;0;130.67276760464793;09;A;4;Nebenstrecke;H997;70;Warm (20° bis 31,99° C);Tag;Wolkig;Texas;Winter;Kollision;Miscellaneous;Human Factors;Wartungszug, Wartungszug;11175.265412553546;Nicht Signifikant;False
4757;150338;2017;10;26;58225.0;58225.0;0.0;58225.0;0;0;0;0;0;0;0;0;5.944983747097401;0;0;2;0;0;0;130.67276760464793;09;A;4;Hauptstrecke;H605;56;Moderat (0° bis 19,99° C);Tag;Regen;New York;Herbst;Kollision;Speed;Human Factors;Wartungszug, Wartungszug;49540.54284012593;Nicht Signifikant;False
4758;15040601;2015;4;6;132000.0;132000.0;75000.0;57000.0;2;0;0;0;0;0;0;0;8.931050850284048;55;7;1;0;0;1;490.88997359133555;01;1;1;Hauptstrecke;M203;68;Warm (20° bis 31,99° C);Tag;Klar;Pennsylvania;Frühling;Entgleisung;Loading Procedures;Loading;Güterzug, NaN;121730.79051237597;Nicht Signifikant;False
4759;150488102;1988;4;17;14150.0;14150.0;1550.0;12600.0;6;0;0;0;0;0;0;0;7.5;119;0;11;0;0;0;4935.0;04;7;X;Depot;H999;58;Moderat (0° bis 19,99° C);Abend;Klar;Colorado;Frühling;Kollision;Miscellaneous;Human Factors;Depot/Rangieren, Güterzug;12002.71439477479;Nicht Signifikant;False
4760;150595102;1995;5;17;25780.0;25780.0;200.0;25580.0;2;1;0;0;0;0;0;0;6.940339448159618;15;1;73;0;0;0;3877.860382528026;04;7;X;Depot;H699;65;Moderat (0° bis 19,99° C);Abend;Klar;Kalifornien;Frühling;Kollision;Speed;Human Factors;Depot/Rangieren, Güterzug;21867.84290440241;Nicht Signifikant;False
4761;15061904;2015;6;19;15000.0;15000.0;0.0;15000.0;0;0;0;0;0;0;0;0;4.949628046035187;0;0;2;0;0;0;130.67276760464793;09;A;X;Depot;H999;95;Heiß (>= 32° C);Tag;Wolkig;Texas;Frühling;Kollision;Miscellaneous;Human Factors;Wartungszug, Wartungszug;13275.511107177628;Nicht Signifikant;False
4762;15070301;2015;7;3;116614.0;116614.0;7850.0;108764.0;4;0;0;2;0;0;0;0;21.870674964092846;104;0;32;0;0;0;15015.0;03;1;4;Hauptstrecke;H605;78;Warm (20° bis 31,99° C);Tag;Klar;Louisiana;Sommer;Kollision;Speed;Human Factors;Güterzug, Güterzug;105095.52992069215;Signifikant;False
4763;15091003;2015;9;10;72536.0;72536.0;0.0;72536.0;0;0;0;0;0;0;0;0;19.879963561968417;0;0;2;0;0;0;130.67276760464793;09;A;3;Hauptstrecke;H099;88;Warm (20° bis 31,99° C);Tag;Klar;Missouri;Sommer;Kollision;Brakes, Use of;Human Factors;Wartungszug, Wartungszug;64851.13991953509;Nicht Signifikant;False
4764;150985102;1985;9;11;36500.0;36500.0;5000.0;31500.0;7;0;0;0;0;0;0;0;9.926406551346263;51;1;28;0;0;6;6423.816418421731;01;6;1;Depot;T210;70;Warm (20° bis 31,99° C);Abend;Klar;Colorado;Sommer;Entgleisung;Rail, Joint Bar and Rail Anchoring;Track, Roadbed and Structures;EinzelneWagen, Güterzug;30961.065399949104;Nicht Signifikant;False
4765;15120703;2015;12;7;42035.0;42035.0;10535.0;31500.0;6;2;0;0;0;0;0;0;3.0;180;0;0;0;0;0;25386.0;04;7;1;Depot;H401;51;Moderat (0° bis 19,99° C);Abend;Klar;Missouri;Herbst;Kollision;Main Track Authority;Human Factors;Depot/Rangieren, Depot/Rangieren;38888.88888888889;Nicht Signifikant;False
4766;152;2005;7;13;55550.0;55550.0;550.0;55000.0;5;1;0;0;0;0;0;0;1.9635609428485408;38;0;93;0;0;0;7490.0;04;7;1;Depot;H306;80;Warm (20° bis 31,99° C);Tag;Klar;Massachusetts;Sommer;Kollision;General Switching Rules;Human Factors;Depot/Rangieren, Güterzug;45592.58043335522;Nicht Signifikant;False
4767;152571;1999;6;8;63516.0;63516.0;840.0;62676.0;4;0;0;0;0;0;0;0;9.926406551346263;85;7;72;0;0;1;10930.0;04;7;1;Depot;H702;66;Moderat (0° bis 19,99° C);Abend;Klar;Minnesota;Frühling;Kollision;Switches, Use of;Human Factors;Depot/Rangieren, Güterzug;61161.290322580644;Nicht Signifikant;False
4768;1530;2011;6;23;53257.0;53257.0;127.0;53130.0;2;0;0;0;0;0;0;0;2.0;33;0;0;0;0;0;2806.0;05;7;X;Depot;H702;65;Moderat (0° bis 19,99° C);Abend;Wolkig;Indiana;Sommer;Kollision;Switches, Use of;Human Factors;Depot/Rangieren, Depot/Rangieren;37473.262032085564;Nicht Signifikant;False
4769;1536;2011;7;2;16868.0;16868.0;120.0;16748.0;0;0;0;0;0;0;0;0;3.0;18;0;4;0;0;0;1909.0;05;6;X;Depot;H302;87;Warm (20° bis 31,99° C);Tag;Klar;Illinois;Sommer;Kollision;General Switching Rules;Human Factors;EinzelneWagen, EinzelneWagen;11639.525255313276;Nicht Signifikant;False
4770;155101;1999;11;9;47311.0;47311.0;34680.0;12631.0;2;0;0;0;0;0;0;0;6.940339448159618;56;2;44;0;0;4;8156.553420288747;01;7;1;Depot;T319;60;Moderat (0° bis 19,99° C);Tag;Klar;Wisconsion;Herbst;Entgleisung;Frogs, Switches and Track Appliances;Track, Roadbed and Structures;Depot/Rangieren, EinzelneWagen;45386.60782808903;Nicht Signifikant;False
4771;1575;2011;9;15;43028.0;43028.0;3923.0;39105.0;3;0;0;0;0;0;0;0;2.0;8;0;27;0;0;1;1944.8899735913355;04;7;X;Depot;H306;63;Moderat (0° bis 19,99° C);Tag;Wolkig;Illinois;Sommer;Kollision;General Switching Rules;Human Factors;Depot/Rangieren, Lokomotive;31191.01123595506;Nicht Signifikant;False
4772;1586029;1986;12;10;351000.0;351000.0;0.0;351000.0;5;0;0;6;0;29;0;0;22.866030665155062;0;0;0;0;0;0;69.7799471826711;03;2;2;Hauptstrecke;T499;30;Kalt (-30° - 0,01° C);Abend;Klar;Pennsylvania;Herbst;Kollision;Other Way and Structure;Track, Roadbed and Structures;Personenzug, Personenzug;297735.1768597845;Schwer;False
4773;158717;2019;4;29;52121.0;52121.0;11625.0;40496.0;3;1;0;0;0;0;0;0;3.5;0;0;0;0;0;0;69.7799471826711;04;8;1;Depot;H306;61;Moderat (0° bis 19,99° C);Tag;Klar;Pennsylvania;Frühling;Kollision;General Switching Rules;Human Factors;Lokomotive, Lokomotive;46745.291479820626;Nicht Signifikant;False
4774;1590;2011;10;12;44404.0;44404.0;230.0;44174.0;0;0;0;0;0;0;0;0;5.944983747097401;0;0;4;0;0;0;191.56558802662477;05;6;1;Depot;H316;55;Moderat (0° bis 19,99° C);Abend;Klar;Illinois;Herbst;Kollision;General Switching Rules;Human Factors;EinzelneWagen, EinzelneWagen;32256.283597268633;Nicht Signifikant;False
4775;159F120721;2007;12;23;9000.0;9000.0;0.0;9000.0;2;0;0;0;0;0;0;0;5.5;3;0;1;0;0;0;441.4986309814349;02;7;1;Industriestrecke;M599;20;Kalt (-30° - 0,01° C);Abend;Wolkig;Indiana;Winter;Kollision;Other Miscellaneous;Miscellaneous Causes;Depot/Rangieren, Depot/Rangieren;6253.474152306838;Nicht Signifikant;False
4776;16011401;2016;1;14;1209836.5;1209836.5;524705.0;1894968.0;5;0;0;0;0;0;0;0;3.5;109;7;4;0;0;0;15578.0;01;7;X;Depot;T110;34;Moderat (0° bis 19,99° C);Tag;Wolkig;Washington;Winter;Entgleisung;Track Geometry;Track, Roadbed and Structures;Depot/Rangieren, Güterzug;1110655.0078031765;Signifikant;False
4777;160719;2000;9;5;42800.0;42800.0;6300.0;36500.0;2;0;0;0;0;0;0;0;2.958916643910756;28;3;0;0;0;0;3313.814956995349;01;6;1;Depot;M405;62;Moderat (0° bis 19,99° C);Tag;Klar;Wisconsion;Sommer;Entgleisung;Unusual Operational Situations;Miscellaneous Causes;EinzelneWagen, Güterzug;48165.653837497186;Nicht Signifikant;False
4778;1612;2011;11;22;11099.0;11099.0;1407.0;9692.0;0;0;0;0;0;0;0;0;4.0;5;5;1;0;0;1;803.4286932397622;01;6;1;Depot;M411;45;Moderat (0° bis 19,99° C);Abend;Regen;Illinois;Herbst;Entgleisung;Unusual Operational Situations;Miscellaneous Causes;EinzelneWagen, EinzelneWagen, EinzelneWagen;8200.221647580347;Nicht Signifikant;False
4779;162161;2019;12;2;12658.0;12658.0;0.0;12658.0;2;0;0;0;0;0;0;0;4.949628046035187;0;0;0;12;0;0;298.5189793236706;04;7;1;Depot;H212;28;Kalt (-30° - 0,01° C);Abend;Schnee;New York;Herbst;Kollision;Flagging, Fixed, Hand and Radio Signals;Human Factors;Depot/Rangieren, Depot/Rangieren;11483.26226979951;Nicht Signifikant;False
4780;164309;2020;4;27;206000.0;206000.0;0.0;206000.0;0;0;0;6;0;0;0;0;9.926406551346263;0;0;2;0;0;0;130.67276760464793;09;A;5;Hauptstrecke;H104;41;Moderat (0° bis 19,99° C);Tag;Wolkig;Rhode Island;Frühling;Kollision;Employee Physical Condition;Human Factors;Wartungszug, Wartungszug;189826.7600442315;Schwer;False
4781;165059;2001;4;9;425245.0;425245.0;33245.0;392000.0;6;2;0;1;0;0;0;0;21.870674964092846;113;4;26;0;0;4;11617.0;02;1;3;Hauptstrecke;H216;35;Moderat (0° bis 19,99° C);Morgendämmerung;Nebel;New York;Frühling;Kollision;Flagging, Fixed, Hand and Radio Signals;Human Factors;Güterzug, Güterzug;471551.3417609226;Signifikant;False
4782;166369;2001;6;17;87000.0;87000.0;0.0;87000.0;3;1;0;0;0;0;0;0;8.931050850284048;10;1;13;0;0;0;1627.3158353524755;01;6;1;Depot;H605;72;Warm (20° bis 31,99° C);Tag;Klar;New York;Frühling;Entgleisung;Speed;Human Factors;EinzelneWagen, Güterzug;101068.77323420075;Nicht Signifikant;False
4783;166468;2001;6;17;10950.0;10950.0;2750.0;8200.0;2;0;0;0;0;0;0;0;6.940339448159618;60;4;10;0;0;0;7278.125685039318;01;6;1;Depot;T001;67;Moderat (0° bis 19,99° C);Tag;Klar;Minnesota;Frühling;Entgleisung;Roadbed;Track, Roadbed and Structures;EinzelneWagen, Güterzug;12720.724907063199;Nicht Signifikant;False
4784;166X7;1985;4;29;21247.0;21247.0;3322.0;17925.0;5;0;0;0;0;0;0;0;4.949628046035187;75;4;50;0;0;1;10783.690518760164;01;6;1;Depot;T314;72;Warm (20° bis 31,99° C);Tag;Klar;Pennsylvania;Frühling;Entgleisung;Frogs, Switches and Track Appliances;Track, Roadbed and Structures;EinzelneWagen, Güterzug;18022.733056238867;Nicht Signifikant;False
4785;17040601;2017;4;6;101000.0;101000.0;3000.0;98000.0;1;0;0;0;0;0;0;0;2.958916643910756;42;3;0;0;0;0;490.88997359133555;01;1;1;Nebenstrecke;T210;45;Moderat (0° bis 19,99° C);Tag;Regen;Pennsylvania;Frühling;Entgleisung;Rail, Joint Bar and Rail Anchoring;Track, Roadbed and Structures;Güterzug, NaN;94693.41833864617;Nicht Signifikant;False
4786;17060704;2017;6;7;808309.0;808309.0;115000.0;693309.0;2;0;0;0;0;0;0;0;5.917475620646102;72;10;57;0;0;9;11350.499590151918;01;7;X;Depot;T201;84;Warm (20° bis 31,99° C);Tag;Klar;Texas;Frühling;Entgleisung;Rail, Joint Bar and Rail Anchoring;Track, Roadbed and Structures;Depot/Rangieren, EinzelneWagen, EinzelneWagen, EinzelneWagen;720610.680217527;Signifikant;False
4787;17091404;2017;9;14;433256.0;433256.0;36538.0;396718.0;4;2;0;2;0;0;0;0;13.907829355595124;158;0;19;0;0;1;21847.0;03;1;3;Hauptstrecke;H221;75;Warm (20° bis 31,99° C);Abend;Klar;Texas;Sommer;Kollision;Flagging, Fixed, Hand and Radio Signals;Human Factors;Güterzug, Güterzug;364540.1766933109;Signifikant;False
4788;172347;2002;4;22;47000.0;47000.0;0.0;47000.0;1;0;0;0;0;0;0;0;4.949628046035187;9;0;0;0;0;0;1162.4048226498526;04;7;1;Depot;H018;28;Kalt (-30° - 0,01° C);Abenddämmerung;Eisregen;New York;Frühling;Kollision;Brakes, Use of;Human Factors;Depot/Rangieren, EinzelneWagen;52916.00990767845;Nicht Signifikant;False
4789;1728;2001;8;29;19566.0;19566.0;0.0;19566.0;2;0;0;0;0;0;0;0;17.889252159843984;26;0;45;0;0;0;4397.561444437871;03;1;1;Hauptstrecke;H605;62;Moderat (0° bis 19,99° C);Abend;Klar;Illinois;Sommer;Kollision;Speed;Human Factors;Güterzug, Lokomotive;21449.24358693269;Nicht Signifikant;True
4790;174;1995;6;23;130000.0;130000.0;10000.0;120000.0;6;0;0;0;0;0;0;0;4.949628046035187;101;6;41;0;0;1;14187.017629452355;04;6;1;Depot;H020;60;Moderat (0° bis 19,99° C);Tag;Klar;Montana;Sommer;Kollision;Brakes, Use of;Human Factors;EinzelneWagen, Güterzug;110272.28772584612;Nicht Signifikant;False
4791;17444K;1991;11;25;50000.0;50000.0;0.0;50000.0;3;0;0;0;0;0;0;0;4.949628046035187;0;0;0;0;0;0;69.7799471826711;05;7;1;Depot;H302;25;Kalt (-30° - 0,01° C);Tag;Klar;Illinois;Herbst;Kollision;General Switching Rules;Human Factors;Depot/Rangieren, Depot/Rangieren;42412.41835609466;Nicht Signifikant;False
4792;175568;2002;10;16;53840.0;53840.0;3150.0;50690.0;2;0;0;0;0;0;0;0;4.949628046035187;0;0;49;0;0;7;1539.8004859122082;01;6;1;Depot;H702;45;Moderat (0° bis 19,99° C);Abenddämmerung;Wolkig;Minnesota;Herbst;Entgleisung;Switches, Use of;Human Factors;EinzelneWagen, Güterzug;54810.13946859412;Nicht Signifikant;False
4793;175747;2002;10;25;12011.0;12011.0;0.0;12011.0;3;0;0;0;0;0;0;0;5.944983747097401;92;0;6;0;0;0;10718.141465140383;04;1;1;Depot;H702;42;Moderat (0° bis 19,99° C);Tag;Wolkig;Wisconsion;Herbst;Kollision;Switches, Use of;Human Factors;Güterzug, Lokomotive;12302.570931066271;Nicht Signifikant;False
4794;178424;2003;3;25;19884.0;19884.0;5196.0;14688.0;1;0;0;0;0;0;0;0;9.926406551346263;22;1;65;0;0;0;4798.157408444069;01;6;1;Depot;T221;34;Moderat (0° bis 19,99° C);Abend;Klar;Minnesota;Frühling;Entgleisung;Rail, Joint Bar and Rail Anchoring;Track, Roadbed and Structures;EinzelneWagen, Güterzug;18598.82143859321;Nicht Signifikant;False
4795;178506;2003;3;31;59997.0;59997.0;13000.0;46997.0;4;0;0;0;0;0;0;0;3.931408517459457;91;4;147;0;0;5;15797.461382062658;01;6;1;Depot;M503;44;Moderat (0° bis 19,99° C);Tag;Klar;Wisconsion;Frühling;Entgleisung;Other Miscellaneous;Miscellaneous Causes;EinzelneWagen, EinzelneWagen, EinzelneWagen, Güterzug;55068.37999082148;Nicht Signifikant;False
4796;178585;2003;4;5;662726.0;662726.0;208647.0;454079.0;1;0;0;0;0;0;0;0;41.77778898533715;36;19;49;0;0;17;5459.595752912916;01;6;1;Depot;E47C;35;Moderat (0° bis 19,99° C);Tag;Wolkig;Minnesota;Frühling;Entgleisung;Truck Components;Mechanical and Electrical Failures;EinzelneWagen, Güterzug;620878.7708450439;Signifikant;True
4797;18021201;2018;2;12;22062.0;22062.0;0.0;22062.0;1;0;0;0;0;0;0;0;2.0;11;0;34;0;0;0;2610.2976430718295;04;7;1;Depot;H318;38;Moderat (0° bis 19,99° C);Abend;Klar;Louisiana;Winter;Kollision;General Switching Rules;Human Factors;Depot/Rangieren, EinzelneWagen;17990.70374296665;Nicht Signifikant;False
4798;180520;2003;4;3;25500.0;25500.0;1500.0;24000.0;2;1;0;1;0;0;0;0;6.5;32;1;18;0;0;0;4223.0;04;7;1;Depot;H605;72;Warm (20° bis 31,99° C);Tag;Klar;Tennessee;Frühling;Kollision;Speed;Human Factors;Depot/Rangieren, Depot/Rangieren;23827.32199588862;Signifikant;False
4799;180621;2019;1;6;42251.0;42251.0;11086.0;31165.0;4;1;0;0;0;0;0;1;4.5;80;3;28;0;0;2;10084.660587663282;01;7;2;Hauptstrecke;H019;68;Warm (20° bis 31,99° C);Tag;Klar;Louisiana;Winter;Entgleisung;Brakes, Use of;Human Factors;Depot/Rangieren, Lokomotive;36961.77062374245;Signifikant;False
4800;18072502;2018;7;25;42356.0;42356.0;12356.0;30000.0;2;0;0;0;0;0;0;0;5.944983747097401;1;1;15;0;0;3;735.2564391184076;01;7;1;Depot;H702;85;Warm (20° bis 31,99° C);Tag;Klar;Illinois;Sommer;Entgleisung;Switches, Use of;Human Factors;Depot/Rangieren, EinzelneWagen;36232.67750213858;Nicht Signifikant;False
4801;180735;2019;1;12;18895.0;18895.0;0.0;18895.0;0;0;0;0;0;0;0;0;9.0;1;0;1;0;0;0;213.98378192291796;04;5;X;Depot;H302;5;Kalt (-30° - 0,01° C);Abend;Klar;New York;Winter;Kollision;General Switching Rules;Human Factors;EinzelneWagen, EinzelneWagen;16414.73373295109;Nicht Signifikant;False
4802;180793;2019;1;16;31755.0;31755.0;0.0;31755.0;3;0;0;0;0;0;0;0;3.9542723449729715;87;0;102;0;0;0;13417.0;04;1;1;Depot;H306;30;Kalt (-30° - 0,01° C);Tag;Wolkig;Ohio;Winter;Kollision;General Switching Rules;Human Factors;Güterzug, Güterzug;27882.16700324875;Nicht Signifikant;False
4803;180819;2003;8;16;52804.0;52804.0;14700.0;38104.0;8;1;0;0;0;0;0;0;6.5;42;6;9;0;0;1;5454.889973591336;04;1;1;Depot;H702;80;Warm (20° bis 31,99° C);Abend;Klar;Minnesota;Sommer;Kollision;Switches, Use of;Human Factors;Güterzug, Lokomotive;47031.648951962474;Nicht Signifikant;False
4804;180934;2019;1;23;22906.0;22906.0;750.0;22156.0;0;0;0;0;0;0;0;0;5.944983747097401;4;2;0;0;0;0;564.0277272953322;01;6;X;Depot;S007;28;Kalt (-30° - 0,01° C);Tag;Klar;New York;Winter;Entgleisung;SIGNAL AND COMMUNICATION;Signal and Communication;EinzelneWagen, EinzelneWagen;20151.315210697634;Nicht Signifikant;False
4805;181006;2019;1;27;14267.0;14267.0;0.0;14267.0;3;0;0;0;0;0;0;0;1.9635609428485408;217;0;0;0;0;0;24755.14107003176;04;7;1;Depot;H307;39;Moderat (0° bis 19,99° C);Tag;Klar;Maryland;Winter;Kollision;General Switching Rules;Human Factors;Depot/Rangieren, EinzelneWagen;12521.502545199228;Nicht Signifikant;False
4806;181142;2019;2;3;111091.0;111091.0;16070.0;95021.0;4;2;0;0;0;0;0;0;6.940339448159618;22;0;7;0;0;1;2787.0481929226835;04;7;1;Depot;H305;42;Moderat (0° bis 19,99° C);Morgendämmerung;Wolkig;New York;Winter;Kollision;General Switching Rules;Human Factors;Depot/Rangieren, Lokomotive;96991.64750734845;Nicht Signifikant;False
4807;18120401;2018;12;4;36999.0;36999.0;1999.0;35000.0;1;0;0;0;0;0;0;0;3.9542723449729715;25;0;32;0;0;2;4132.782794013312;01;7;1;Depot;M411;40;Moderat (0° bis 19,99° C);Abend;Klar;Louisiana;Herbst;Entgleisung;Unusual Operational Situations;Miscellaneous Causes;Depot/Rangieren, EinzelneWagen;32429.660794109914;Nicht Signifikant;False
4808;181304;2003;9;13;68000.0;68000.0;25500.0;42500.0;4;0;0;0;0;0;0;0;6.940339448159618;63;7;7;0;0;1;8439.494879687662;01;6;1;Industriestrecke;T311;75;Warm (20° bis 31,99° C);Tag;Wolkig;North Dakota;Sommer;Entgleisung;Frogs, Switches and Track Appliances;Track, Roadbed and Structures;EinzelneWagen, Güterzug;60669.14498141264;Nicht Signifikant;False
4809;181372;2019;2;15;457184.0;457184.0;137643.0;319541.0;4;0;0;0;0;0;0;0;9.0;164;6;31;0;0;0;22593.070983345107;04;7;1;Depot;T207;40;Moderat (0° bis 19,99° C);Abend;Wolkig;Ohio;Winter;Kollision;Rail, Joint Bar and Rail Anchoring;Track, Roadbed and Structures;Depot/Rangieren, Güterzug;406024.86678508;Signifikant;False
4810;181423;2003;9;18;9164.0;9164.0;1390.0;7774.0;5;0;0;1;0;0;0;0;1.9635609428485408;138;0;94;0;0;0;19869.0;02;1;4;Hauptstrecke;H101;60;Moderat (0° bis 19,99° C);Abend;Wolkig;Minnesota;Sommer;Kollision;Employee Physical Condition;Human Factors;Güterzug, Güterzug;8116.917626217892;Signifikant;False
4811;181740;2019;3;9;79682.0;79682.0;400.0;79282.0;4;1;0;0;0;0;0;0;5.0;106;0;44;0;0;0;12034.889973591336;04;1;1;Depot;H017;30;Kalt (-30° - 0,01° C);Morgendämmerung;Wolkig;Ohio;Winter;Kollision;Brakes, Use of;Human Factors;Güterzug, Lokomotive;70958.79838518167;Nicht Signifikant;False
4812;181828;2019;3;13;11315.0;11315.0;97.0;11218.0;0;0;0;0;0;0;0;0;6.0;1;0;1;0;0;0;213.98378192291796;04;5;1;Depot;H318;60;Moderat (0° bis 19,99° C);Tag;Klar;South Carolina;Winter;Kollision;General Switching Rules;Human Factors;EinzelneWagen, EinzelneWagen;10010.616650446784;Nicht Signifikant;False