index;INCDTNO;YEAR4;MONTH;DAY;ACCDMG;INFRASTRUCTURE_DMG;TRKDMG;EQPDMG;LOCOMOTIVES1;LOCOMOTIVES2;RREMPKLD;RREMPINJ;PASSKLD;PASSINJ;OTHERKLD;OTHERINJ;SPEED;LOADF1;LOADF2;EMPTYF1;EMPTYP1;LOADP1;EMPTYF2;TONS;TYPE;TYPEQ;TRKCLAS;TYPTRK;ACCAUSE;TEMP;TEMP_CLUSTER;VISIBLTY;WEATHER;STATE;Jahreszeit;ACCIDENT_TYPE;ACCCAUSE_LVL1;ACCCAUSE_LVL2;EQUIPMENT_TYPE;ACCDMG_EUR;ACCTYPE;SPD_TOO_HIGH
4813;181988;2019;3;27;27207.0;27207.0;0.0;27207.0;4;0;0;0;0;0;0;0;40.0;40;0;52;0;0;0;7094.0;05;1;4;Hauptstrecke;E89C;25;Kalt (-30° - 0,01° C);Abend;Klar;New York;Frühling;Kollision;Doors;Mechanical and Electrical Failures;Güterzug, Güterzug;24160.376520735277;Nicht Signifikant;False
4814;182;1995;6;21;58900.0;58900.0;5800.0;53100.0;2;0;0;0;0;0;0;0;3.5;85;0;63;0;0;1;8416.0;04;7;1;Depot;H301;60;Moderat (0° bis 19,99° C);Abend;Klar;Montana;Sommer;Kollision;General Switching Rules;Human Factors;Depot/Rangieren, Depot/Rangieren;49961.82882347951;Nicht Signifikant;False
4815;182232;2003;4;18;43200.0;43200.0;500.0;42700.0;2;2;0;0;0;0;0;0;9.926406551346263;6;1;121;0;0;5;4627.951564098586;01;7;1;Depot;T319;70;Warm (20° bis 31,99° C);Abenddämmerung;Klar;Louisiana;Frühling;Entgleisung;Frogs, Switches and Track Appliances;Track, Roadbed and Structures;Depot/Rangieren, EinzelneWagen;39523.5219849591;Nicht Signifikant;False
4816;182313;2019;4;11;47597.0;47597.0;200.0;47397.0;2;0;0;0;0;0;0;0;5.5;15;0;44;0;0;1;3117.263399024446;01;7;1;Depot;M408;70;Warm (20° bis 31,99° C);Tag;Klar;Indiana;Frühling;Entgleisung;Unusual Operational Situations;Miscellaneous Causes;Depot/Rangieren, EinzelneWagen;42255.859375;Nicht Signifikant;False
4817;182352;2019;4;14;43105.0;43105.0;636.0;42469.0;2;0;0;0;0;0;0;0;4.5;39;0;9;0;0;2;4783.297264961461;04;7;1;Depot;S007;70;Warm (20° bis 31,99° C);Morgendämmerung;Wolkig;Georgia;Frühling;Kollision;SIGNAL AND COMMUNICATION;Signal and Communication;Depot/Rangieren, Depot/Rangieren;38093.20411229269;Nicht Signifikant;False
4818;182899;2019;5;11;22785.0;22785.0;0.0;22785.0;2;0;0;0;0;0;0;0;10.0;17;0;21;0;0;1;2644.510813230229;04;7;1;Depot;M408;60;Moderat (0° bis 19,99° C);Tag;Regen;Indiana;Frühling;Kollision;Unusual Operational Situations;Miscellaneous Causes;Depot/Rangieren, EinzelneWagen;20280.3738317757;Nicht Signifikant;False
4819;182962;2019;5;14;28006.0;28006.0;13152.0;14854.0;5;1;0;0;0;0;0;0;8.5;58;2;82;0;0;10;8369.328683967062;04;7;1;Depot;H607;43;Moderat (0° bis 19,99° C);Abend;Klar;Ohio;Frühling;Kollision;Speed;Human Factors;Depot/Rangieren, Güterzug;24947.443434883306;Nicht Signifikant;False
4820;183443;2019;6;9;209239.0;209239.0;500.0;208739.0;2;0;0;0;0;0;0;0;4.0;41;3;21;0;0;2;5434.99615954528;01;7;1;Depot;M408;67;Moderat (0° bis 19,99° C);Abend;Klar;Indiana;Frühling;Entgleisung;Unusual Operational Situations;Miscellaneous Causes;Depot/Rangieren, EinzelneWagen;185303.9114391144;Signifikant;False
4821;183732;2019;6;22;159966.0;159966.0;250.0;159716.0;4;0;0;0;0;0;0;0;5.0;0;0;39;0;0;3;1261.6300492694402;04;7;X;Depot;H306;75;Warm (20° bis 31,99° C);Tag;Klar;New York;Sommer;Kollision;General Switching Rules;Human Factors;Depot/Rangieren, Lokomotive;141038.6175277729;Nicht Signifikant;False
4822;183938;2004;2;3;6793.0;6793.0;80.0;6713.0;3;0;0;0;0;0;0;0;4.949628046035187;22;0;146;0;0;4;7806.581579792767;01;6;1;Depot;E07C;20;Kalt (-30° - 0,01° C);Morgendämmerung;Wolkig;Wisconsion;Winter;Entgleisung;Brakes;Mechanical and Electrical Failures;EinzelneWagen, Güterzug;5397.695669447756;Nicht Signifikant;False
4823;184040;2019;7;10;143401.0;143401.0;612.0;142789.0;4;1;0;1;0;0;0;0;8.0;43;1;11;0;0;0;5315.868755259472;04;7;1;Depot;H306;85;Warm (20° bis 31,99° C);Abend;Klar;Indiana;Sommer;Kollision;General Switching Rules;Human Factors;Depot/Rangieren, Lokomotive;127808.37789661318;Signifikant;False
4824;184564;2019;8;3;14835.0;14835.0;64.0;14771.0;5;0;0;0;0;0;0;0;21.870674964092846;68;0;75;0;0;0;67.88997359133555;03;1;3;Hauptstrecke;H607;86;Warm (20° bis 31,99° C);Abenddämmerung;Klar;Georgia;Sommer;Kollision;Speed;Human Factors;Güterzug, Lokomotive;13327.244415164398;Nicht Signifikant;False
4825;184659;2019;8;10;65550.0;65550.0;128.0;65422.0;4;0;0;0;0;0;0;0;2.0;0;0;215;0;0;3;3925.0;04;1;1;Depot;H999;90;Heiß (>= 32° C);Abenddämmerung;Klar;Tennessee;Sommer;Kollision;Miscellaneous;Human Factors;Güterzug, Güterzug;58544.20958618637;Nicht Signifikant;False
4826;184670;2019;8;12;4545778.0;4545778.0;158590.0;4387188.0;4;1;0;1;0;0;0;0;16.0;256;23;0;0;0;0;32524.0;04;1;4;Hauptstrecke;H221;65;Moderat (0° bis 19,99° C);Abend;Wolkig;Ohio;Sommer;Kollision;Flagging, Fixed, Hand and Radio Signals;Human Factors;Güterzug, Güterzug;4060905.84241558;Schwer;False
4827;184790;2019;8;17;19472.0;19472.0;472.0;19000.0;2;0;0;0;0;0;0;0;9.926406551346263;14;2;6;0;0;0;1774.7517211476643;04;7;1;Depot;H306;78;Warm (20° bis 31,99° C);Abend;Wolkig;Florida;Sommer;Kollision;General Switching Rules;Human Factors;Depot/Rangieren, Güterzug;17566.080288678393;Nicht Signifikant;False
4828;185052;2019;8;28;32381.0;32381.0;0.0;32381.0;1;0;0;0;0;0;0;0;6.940339448159618;1;0;28;0;0;0;1036.0368576196054;04;7;1;Depot;H316;84;Warm (20° bis 31,99° C);Tag;Klar;Ohio;Sommer;Kollision;General Switching Rules;Human Factors;Depot/Rangieren, EinzelneWagen;29216.818550933862;Nicht Signifikant;False
4829;185200;2019;9;6;24176.0;24176.0;196.0;23980.0;1;0;0;0;0;0;0;0;3.5;16;1;1;0;0;0;1939.9541908596086;04;7;1;Depot;H310;90;Heiß (>= 32° C);Tag;Klar;Georgia;Sommer;Kollision;General Switching Rules;Human Factors;Depot/Rangieren, EinzelneWagen;21924.367461684957;Nicht Signifikant;False
4830;185377;2019;9;17;27437.0;27437.0;3478.0;23959.0;5;0;0;0;0;0;0;0;6.5;58;5;11;0;0;0;4703.132433930117;04;7;1;Depot;H306;93;Heiß (>= 32° C);Tag;Wolkig;Tennessee;Sommer;Kollision;General Switching Rules;Human Factors;Depot/Rangieren, Güterzug;24883.910756393976;Nicht Signifikant;False
4831;185392;2004;4;29;9245.0;9245.0;0.0;9245.0;4;0;0;0;0;0;0;0;4.949628046035187;1;0;15;0;0;0;640.2335248767558;04;7;1;Depot;H995;45;Moderat (0° bis 19,99° C);Abend;Wolkig;Minnesota;Frühling;Kollision;Miscellaneous;Human Factors;Depot/Rangieren, Lokomotive;7817.520717064095;Nicht Signifikant;False
4832;185626;2019;9;28;11037.0;11037.0;114.0;10923.0;3;0;0;0;0;0;0;0;4.0;48;0;39;0;0;1;6719.026357435034;04;7;1;Depot;H306;62;Moderat (0° bis 19,99° C);Abend;Klar;New York;Herbst;Kollision;General Switching Rules;Human Factors;Depot/Rangieren, Depot/Rangieren;10107.451387404988;Nicht Signifikant;False
4833;185889;2019;10;10;25069.0;25069.0;48.0;25021.0;1;0;0;0;0;0;0;0;6.5;33;0;73;0;0;0;6046.362902050355;04;7;1;Depot;M408;88;Warm (20° bis 31,99° C);Abenddämmerung;Klar;Tennessee;Herbst;Kollision;Unusual Operational Situations;Miscellaneous Causes;Depot/Rangieren, EinzelneWagen;22728.01450589302;Nicht Signifikant;False
4834;185933;2019;10;12;11280.0;11280.0;48.0;11232.0;2;0;0;0;0;0;0;0;4.5;2;0;0;0;0;0;297.294796241188;04;7;1;Depot;H017;75;Warm (20° bis 31,99° C);Abend;Klar;Alabama;Herbst;Kollision;Brakes, Use of;Human Factors;Depot/Rangieren, Lokomotive;10218.31687652867;Nicht Signifikant;False
4835;186177;2019;10;23;18606.0;18606.0;0.0;18606.0;0;0;0;0;0;0;0;0;15.0;0;0;2;0;0;0;130.67276760464793;09;A;3;Hauptstrecke;M501;49;Moderat (0° bis 19,99° C);Tag;Klar;Kentucky;Herbst;Kollision;Other Miscellaneous;Miscellaneous Causes;Wartungszug, Wartungszug;16727.50157331655;Nicht Signifikant;False
4836;186715;2019;11;21;16885.0;16885.0;97.0;16788.0;5;0;0;0;0;0;1;0;32.819587675777214;137;0;146;0;0;0;17548.0;07;1;4;Hauptstrecke;M308;53;Moderat (0° bis 19,99° C);Abend;Klar;Georgia;Herbst;Bahnübergang;Loading Procedures;Loading;Güterzug, Güterzug;15224.055540528356;Schwer;False
4837;186835;2019;11;29;154996.0;154996.0;447.0;154549.0;7;4;0;0;0;0;0;0;6.5;2;0;58;0;0;0;1834.8899735913355;04;1;1;Depot;H607;70;Warm (20° bis 31,99° C);Tag;Klar;Georgia;Herbst;Kollision;Speed;Human Factors;Güterzug, Lokomotive;141136.40502640684;Nicht Signifikant;False
4838;187005;2019;12;8;126943.0;126943.0;6725.0;120218.0;5;1;0;0;0;0;0;0;5.0;139;5;93;0;0;0;18315.136920283883;05;7;1;Depot;H307;55;Moderat (0° bis 19,99° C);Tag;Wolkig;Indiana;Herbst;Kollision;General Switching Rules;Human Factors;Depot/Rangieren, Güterzug;114555.7093009265;Nicht Signifikant;False
4839;187135;2019;12;14;60520.0;60520.0;250.0;60270.0;3;0;0;0;0;0;0;0;2.0;29;0;2;0;0;0;3429.638078953144;04;7;1;Depot;H306;42;Moderat (0° bis 19,99° C);Tag;Wolkig;Indiana;Herbst;Kollision;General Switching Rules;Human Factors;Depot/Rangieren, Depot/Rangieren;54206.72359228518;Nicht Signifikant;False
4840;187621;2020;1;1;135451.0;135451.0;12100.0;123351.0;4;1;0;0;0;0;0;0;6.5;37;3;13;0;0;0;1514.8899735913355;04;1;1;Depot;H306;31;Kalt (-30° - 0,01° C);Tag;Wolkig;Ohio;Winter;Kollision;General Switching Rules;Human Factors;Güterzug, Lokomotive;120792.7943996076;Nicht Signifikant;False
4841;187791;2020;1;11;27982.0;27982.0;32.0;27950.0;0;0;0;0;0;0;0;0;0.0;0;0;18;0;0;18;644.4559541297867;01;6;1;Depot;M105;60;Moderat (0° bis 19,99° C);Tag;Regen;Kentucky;Winter;Entgleisung;Environmental Conditions;Environmental Conditions;EinzelneWagen, EinzelneWagen;25202.95424522637;Nicht Signifikant;False
4842;187913;2004;10;6;243025.0;243025.0;52000.0;191025.0;4;0;0;0;0;0;0;0;4.949628046035187;89;2;115;0;0;15;13756.946505837073;01;1;1;Nebenstrecke;H519;60;Moderat (0° bis 19,99° C);Tag;Klar;Minnesota;Herbst;Entgleisung;Train Handling/Train Makeup;Human Factors;Güterzug, Güterzug;197870.8679368181;Signifikant;False
4843;18814;1988;1;12;10000.0;10000.0;0.0;10000.0;2;0;0;0;0;0;0;0;3.0;0;0;12;0;0;0;435.1368697145321;04;7;1;Depot;H401;23;Kalt (-30° - 0,01° C);Abend;Wolkig;Illinois;Winter;Kollision;Main Track Authority;Human Factors;Depot/Rangieren, EinzelneWagen;8482.483671218932;Nicht Signifikant;False
4844;18815;1988;1;26;14800.0;14800.0;800.0;14000.0;3;1;0;0;0;0;0;0;3.0;0;0;2;0;0;0;130.67276760464793;03;7;1;Depot;H401;15;Kalt (-30° - 0,01° C);Tag;Wolkig;Indiana;Winter;Kollision;Main Track Authority;Human Factors;Depot/Rangieren, Lokomotive;12554.07583340402;Nicht Signifikant;False
4845;188237;2004;10;28;20895.0;20895.0;0.0;20895.0;1;0;0;0;0;0;0;0;5.0;29;0;25;0;0;0;4129.9055138058775;04;7;1;Depot;M599;55;Moderat (0° bis 19,99° C);Abend;Regen;Minnesota;Herbst;Kollision;Other Miscellaneous;Miscellaneous Causes;Depot/Rangieren, EinzelneWagen;16438.51781921171;Nicht Signifikant;False
4846;188392;2003;6;8;23565.0;23565.0;100.0;23465.0;2;0;0;0;0;0;0;0;2.958916643910756;25;3;2;0;0;2;1776.7428632521262;01;6;1;Depot;T202;60;Moderat (0° bis 19,99° C);Abend;Klar;Illinois;Frühling;Entgleisung;Rail, Joint Bar and Rail Anchoring;Track, Roadbed and Structures;EinzelneWagen, Güterzug;20046.788600595486;Nicht Signifikant;False
4847;188525;2020;2;19;453680.0;453680.0;111000.0;342680.0;1;0;0;0;0;0;0;0;5.926644996129869;94;10;94;0;0;17;13881.081384865267;01;7;1;Depot;T207;25;Kalt (-30° - 0,01° C);Tag;Klar;Ohio;Winter;Entgleisung;Rail, Joint Bar and Rail Anchoring;Track, Roadbed and Structures;Depot/Rangieren, EinzelneWagen, EinzelneWagen;420074.07407407404;Signifikant;False
4848;188697;2020;2;26;51922.0;51922.0;112.0;51810.0;2;0;0;0;0;0;0;0;4.0;38;0;10;0;0;0;4697.026181404377;04;7;1;Depot;H020;33;Moderat (0° bis 19,99° C);Morgendämmerung;Wolkig;New York;Winter;Kollision;Brakes, Use of;Human Factors;Depot/Rangieren, EinzelneWagen;47744.36781609196;Nicht Signifikant;False
4849;189059;2020;3;11;131309.0;131309.0;1586.0;129723.0;2;1;0;0;0;0;0;0;5.5;172;4;18;0;0;0;20262.528514004174;04;7;1;Depot;H702;49;Moderat (0° bis 19,99° C);Abend;Wolkig;Indiana;Winter;Kollision;Switches, Use of;Human Factors;Depot/Rangieren, Depot/Rangieren;115833.62738179252;Nicht Signifikant;False
4850;189137;2020;3;16;19154.0;19154.0;0.0;19154.0;1;0;0;0;0;0;0;0;8.931050850284048;0;0;3;0;0;0;161.11917781563636;04;7;1;Depot;S014;40;Moderat (0° bis 19,99° C);Abend;Klar;Ohio;Winter;Kollision;SIGNAL AND COMMUNICATION;Signal and Communication;Depot/Rangieren, EinzelneWagen;17167.69740969795;Nicht Signifikant;False
4851;189214;2020;3;19;11692.0;11692.0;0.0;11692.0;1;0;0;0;0;0;0;0;7.0;0;0;2;0;0;0;130.67276760464793;04;7;1;Depot;H995;39;Moderat (0° bis 19,99° C);Morgendämmerung;Regen;New York;Winter;Kollision;Miscellaneous;Human Factors;Depot/Rangieren, EinzelneWagen;10824.9236181835;Nicht Signifikant;False
4852;189460;2020;4;2;220667.0;220667.0;38038.0;182629.0;1;0;0;0;0;0;0;0;7.935695149221832;78;7;14;0;0;0;9506.372090403365;01;7;1;Depot;T210;52;Moderat (0° bis 19,99° C);Tag;Klar;Tennessee;Frühling;Entgleisung;Rail, Joint Bar and Rail Anchoring;Track, Roadbed and Structures;Depot/Rangieren, EinzelneWagen;202335.41169998166;Signifikant;False
4853;190037;2003;6;20;16650.0;16650.0;1500.0;15150.0;3;0;0;0;0;0;0;0;9.926406551346263;34;4;0;0;0;0;4015.9685451687137;01;7;1;Depot;T199;75;Warm (20° bis 31,99° C);Tag;Klar;Ohio;Frühling;Entgleisung;Track Geometry;Track, Roadbed and Structures;Depot/Rangieren, EinzelneWagen;14285.714285714286;Nicht Signifikant;False
4854;190046;2019;5;25;44273.0;44273.0;1799.0;42474.0;2;0;0;0;0;0;0;0;4.0;0;0;144;0;0;5;4130.0;04;7;1;Depot;H702;73;Warm (20° bis 31,99° C);Morgendämmerung;Klar;Ohio;Frühling;Kollision;Switches, Use of;Human Factors;Depot/Rangieren, Lokomotive;39562.43297986417;Nicht Signifikant;False
4855;19011001;2019;1;10;17300.0;17300.0;0.0;17300.0;2;0;0;0;0;0;0;0;3.9542723449729715;78;0;51;0;0;0;11011.0;05;7;1;Depot;H307;35;Moderat (0° bis 19,99° C);Abend;Wolkig;Missouri;Winter;Kollision;General Switching Rules;Human Factors;Depot/Rangieren, EinzelneWagen;14997.832683138275;Nicht Signifikant;False
4856;19011401;2019;1;14;27616.5;27616.5;12248.0;42985.0;1;0;0;1;0;0;0;0;9.5;33;6;3;0;0;0;4144.2938051002875;01;7;1;Depot;T110;30;Kalt (-30° - 0,01° C);Tag;Wolkig;Washington;Winter;Entgleisung;Track Geometry;Track, Roadbed and Structures;Depot/Rangieren, EinzelneWagen;24083.456876253596;Signifikant;False
4857;19030203;2019;3;2;52150.0;52150.0;0.0;51650.0;2;0;0;0;0;0;0;0;4.949628046035187;0;0;5;0;0;3;671.0;01;6;1;Depot;H307;65;Moderat (0° bis 19,99° C);Abend;Wolkig;Louisiana;Winter;Entgleisung;General Switching Rules;Human Factors;EinzelneWagen, Güterzug;45875.72940796997;Nicht Signifikant;False
4858;19051701;2019;5;17;128269.0;128269.0;101984.0;26285.0;3;0;0;0;0;0;0;0;3.9542723449729715;38;3;37;0;0;0;6046.0;01;6;1;Depot;H306;72;Warm (20° bis 31,99° C);Abend;Klar;Oklahoma;Frühling;Entgleisung;General Switching Rules;Human Factors;EinzelneWagen, Güterzug;114812.92517006803;Nicht Signifikant;False
4859;19070401;2019;7;4;34972.0;34972.0;1772.0;33200.0;2;0;0;0;0;0;0;0;5.944983747097401;3;0;14;0;0;1;896.0;01;7;2;Industriestrecke;H306;90;Heiß (>= 32° C);Abend;Klar;Louisiana;Sommer;Entgleisung;General Switching Rules;Human Factors;Depot/Rangieren, EinzelneWagen;30981.57335223246;Nicht Signifikant;False
4860;190819003;2019;8;19;56751.0;56751.0;0.0;56751.0;0;0;0;2;0;0;0;0;11.917117953470694;0;0;2;0;0;0;130.67276760464793;09;A;2;Hauptstrecke;H104;96;Heiß (>= 32° C);Tag;Klar;Alabama;Sommer;Kollision;Employee Physical Condition;Human Factors;Wartungszug, Wartungszug;51113.21264523102;Signifikant;False
4861;19082603;2019;8;26;21000.0;21000.0;0.0;21000.0;0;0;0;1;0;0;0;0;15.898540757719555;0;0;2;0;0;0;130.67276760464793;09;A;3;Hauptstrecke;M401;82;Warm (20° bis 31,99° C);Tag;Wolkig;Arkansas;Sommer;Kollision;Unusual Operational Situations;Miscellaneous Causes;Wartungszug, Wartungszug;18891.68765743073;Signifikant;False
4862;19098;2019;4;9;149849.0;149849.0;0.0;71709.0;2;0;0;2;0;0;0;0;27.5;0;0;0;4;4;0;324.4709669881919;04;B;1;Hauptstrecke;H221;40;Moderat (0° bis 19,99° C);Abend;Klar;Massachusetts;Frühling;Kollision;Flagging, Fixed, Hand and Radio Signals;Human Factors;Personenzug, Personenzug;132880.1986343886;Signifikant;True
4863;192420;2005;7;23;594100.0;594100.0;439100.0;155000.0;6;0;0;0;0;0;0;0;45.75921178958602;40;16;74;0;0;0;7581.889973591336;01;1;4;Hauptstrecke;E39C;85;Warm (20° bis 31,99° C);Tag;Klar;Minnesota;Sommer;Entgleisung;Coupler and Draft System;Mechanical and Electrical Failures;Güterzug, Lokomotive;490302.88025088725;Signifikant;False
4864;193736;2005;10;21;13244.0;13244.0;1200.0;12044.0;2;0;0;0;0;0;0;0;6.940339448159618;18;3;3;0;0;1;1922.8164184217308;01;7;1;Depot;T220;40;Moderat (0° bis 19,99° C);Tag;Nebel;New York;Herbst;Entgleisung;Rail, Joint Bar and Rail Anchoring;Track, Roadbed and Structures;Depot/Rangieren, EinzelneWagen;11025.641025641025;Nicht Signifikant;False
4865;1955;2015;1;29;16391.0;16391.0;0.0;16391.0;2;0;0;0;0;0;0;0;2.0;0;0;0;7;0;0;204.67993898637036;04;7;1;Depot;H999;28;Kalt (-30° - 0,01° C);Tag;Klar;Massachusetts;Winter;Kollision;Miscellaneous;Human Factors;Depot/Rangieren, Personenzug;14486.080424215643;Nicht Signifikant;False
4866;19692;1985;2;1;10102.0;10102.0;1117.0;8985.0;4;0;0;0;0;0;0;0;4.949628046035187;10;0;75;0;0;3;4116.949369825404;04;6;1;Depot;H025;15;Kalt (-30° - 0,01° C);Tag;Schnee;Vermont;Winter;Kollision;Brakes, Use of;Human Factors;EinzelneWagen, Güterzug;8569.005004665365;Nicht Signifikant;False
4867;197825;2006;8;20;12944.0;12944.0;2835.0;10109.0;2;2;0;0;0;0;0;0;3.0;34;0;11;0;0;1;4714.0;04;7;1;Depot;H607;80;Warm (20° bis 31,99° C);Tag;Klar;Minnesota;Sommer;Kollision;Speed;Human Factors;Depot/Rangieren, Depot/Rangieren;10049.689440993789;Nicht Signifikant;False
4868;1998080;1998;3;5;300000.0;300000.0;0.0;300000.0;4;0;0;0;0;0;0;0;37.5;40;0;11;0;0;0;3052.0;05;1;2;Nebenstrecke;T499;25;Kalt (-30° - 0,01° C);Abend;Wolkig;Montana;Winter;Kollision;Other Way and Structure;Track, Roadbed and Structures;Güterzug, Güterzug;254474.510136568;Signifikant;True
4869;1999;2014;8;3;13822.0;13822.0;0.0;13822.0;2;0;0;0;0;0;0;0;6.0;117;0;0;0;0;0;9035.06317175907;04;7;1;Depot;H306;82;Warm (20° bis 31,99° C);Tag;Klar;Indiana;Sommer;Kollision;General Switching Rules;Human Factors;Depot/Rangieren, Depot/Rangieren;10304.928054872138;Nicht Signifikant;False
4870;1999213;1999;9;30;1325405.0;1325405.0;475475.0;2175340.0;6;0;0;0;0;0;0;0;60.0;126;30;104;0;0;62;18886.0;01;1;4;Hauptstrecke;E4TC;62;Moderat (0° bis 19,99° C);Tag;Wolkig;Montana;Herbst;Entgleisung;Truck Components;Mechanical and Electrical Failures;Güterzug, Güterzug;1242761.3689639007;Signifikant;False
4871;1999298;1999;10;30;20200.0;20200.0;200.0;20000.0;6;0;0;0;0;0;0;0;4.949628046035187;0;0;108;0;0;3;2090.0;04;7;1;Depot;H702;65;Moderat (0° bis 19,99° C);Abend;Klar;Iowa;Herbst;Kollision;Switches, Use of;Human Factors;Depot/Rangieren, Güterzug;19251.540758625073;Nicht Signifikant;False
4872;1999330;1999;12;2;13000.0;13000.0;0.0;13000.0;4;0;0;2;0;0;0;0;14.903185056657339;112;0;14;0;0;0;15014.889973591336;03;1;2;Hauptstrecke;H702;36;Moderat (0° bis 19,99° C);Abend;Wolkig;Iowa;Herbst;Kollision;Switches, Use of;Human Factors;Güterzug, Lokomotive;12926.319976136025;Signifikant;False
4873;19F071202;2012;7;24;44801.0;44801.0;2605.0;42196.0;3;3;0;0;0;0;0;0;3.5;2;1;3;0;0;1;409.72310249137377;04;7;1;Industriestrecke;H307;77;Warm (20° bis 31,99° C);Tag;Regen;Indiana;Sommer;Kollision;General Switching Rules;Human Factors;Depot/Rangieren, Depot/Rangieren;37059.31011663495;Nicht Signifikant;False
4874;1AWV0002;1985;1;2;98450.0;98450.0;550.0;97900.0;1;0;0;0;0;0;0;0;4.949628046035187;14;4;24;0;0;1;789.9196717083694;03;7;1;Depot;H305;40;Moderat (0° bis 19,99° C);Abend;Klar;Kentucky;Winter;Kollision;General Switching Rules;Human Factors;Depot/Rangieren, EinzelneWagen;83510.05174315038;Nicht Signifikant;False
4875;1AWV0103;1985;1;28;10000.0;10000.0;6000.0;4000.0;3;0;0;0;0;0;0;0;7.935695149221832;37;5;46;0;0;2;4938.384912535616;01;6;3;Hauptstrecke;T314;28;Kalt (-30° - 0,01° C);Abend;Wolkig;West Virginia;Winter;Entgleisung;Frogs, Switches and Track Appliances;Track, Roadbed and Structures;EinzelneWagen, Güterzug;8482.483671218932;Nicht Signifikant;False
4876;20000303D;2000;3;22;23500.0;23500.0;2500.0;21000.0;2;0;0;0;0;0;0;0;9.926406551346263;9;2;3;0;0;0;1224.1540805745897;04;5;1;Depot;H018;60;Moderat (0° bis 19,99° C);Tag;Wolkig;Kentucky;Frühling;Kollision;Brakes, Use of;Human Factors;EinzelneWagen, Güterzug;24471.51931688014;Nicht Signifikant;False
4877;20000501D;2000;5;8;11767.0;11767.0;500.0;11267.0;0;0;0;0;0;0;0;0;4.0;9;0;11;0;0;1;1429.9873148862769;04;6;1;Depot;H018;70;Warm (20° bis 31,99° C);Tag;Klar;Kentucky;Frühling;Kollision;Brakes, Use of;Human Factors;EinzelneWagen, EinzelneWagen;13144.548704200179;Nicht Signifikant;False
4878;20001;1992;7;16;12690.0;12690.0;3390.0;9300.0;4;2;0;0;0;0;0;0;5.944983747097401;29;2;0;0;0;0;2934.8899735913355;05;1;1;Depot;H305;73;Warm (20° bis 31,99° C);Tag;Klar;Pennsylvania;Sommer;Kollision;General Switching Rules;Human Factors;Güterzug, Lokomotive;10764.271778776825;Nicht Signifikant;False
4879;20001;1992;12;2;146500.0;146500.0;0.0;146500.0;3;1;0;2;0;0;0;0;39.78707758321272;155;1;9;0;0;1;17420.0;03;1;3;Hauptstrecke;H204;30;Kalt (-30° - 0,01° C);Abend;Klar;Pennsylvania;Herbst;Kollision;Flagging, Fixed, Hand and Radio Signals;Human Factors;Güterzug, Güterzug;124268.38578335736;Signifikant;False
4880;20001;1993;2;14;75977.0;75977.0;18375.0;57602.0;10;0;0;0;0;0;0;0;37.79636618108829;143;5;1;0;0;1;18672.0;01;1;3;Hauptstrecke;E21C;28;Kalt (-30° - 0,01° C);Tag;Klar;Ohio;Winter;Entgleisung;Body;Mechanical and Electrical Failures;Güterzug, Güterzug;64447.36618882008;Nicht Signifikant;False
4881;20001;1993;3;9;9446.0;9446.0;2746.0;6700.0;4;0;0;0;0;0;0;0;4.0;49;3;50;0;0;5;7017.0;04;7;1;Depot;H702;25;Kalt (-30° - 0,01° C);Abend;Klar;Ohio;Winter;Kollision;Switches, Use of;Human Factors;Depot/Rangieren, Güterzug;8012.554075833404;Nicht Signifikant;False
4882;20001;1993;4;10;6300.0;6300.0;0.0;6300.0;2;1;0;1;0;0;0;0;5.0;3;0;0;0;0;0;373.647398120594;04;7;1;Depot;T305;52;Moderat (0° bis 19,99° C);Tag;Regen;Pennsylvania;Frühling;Kollision;Frogs, Switches and Track Appliances;Track, Roadbed and Structures;Depot/Rangieren, EinzelneWagen;5343.964712867927;Signifikant;False
4883;20002;1993;5;10;18500.0;18500.0;500.0;18000.0;0;0;0;0;0;0;0;0;0.0;0;0;10;0;0;10;389.04439548662424;01;6;2;Depot;T109;72;Warm (20° bis 31,99° C);Tag;Klar;Pennsylvania;Frühling;Entgleisung;Track Geometry;Track, Roadbed and Structures;EinzelneWagen, EinzelneWagen;15692.594791755026;Nicht Signifikant;False
4884;20002;1993;6;21;24576.0;24576.0;1676.0;22900.0;2;0;0;1;0;0;0;0;3.9542723449729715;85;2;2;0;0;1;9840.75196920665;01;7;2;Depot;H302;72;Warm (20° bis 31,99° C);Tag;Wolkig;Ohio;Sommer;Entgleisung;General Switching Rules;Human Factors;Depot/Rangieren, EinzelneWagen;20846.551870387648;Signifikant;False
4885;2000282;2000;11;20;147700.0;147700.0;40000.0;107700.0;6;0;0;1;0;0;0;0;16.5;134;2;2;0;0;0;7954.0;04;1;4;Nebenstrecke;H204;14;Kalt (-30° - 0,01° C);Tag;Klar;Missouri;Herbst;Kollision;Flagging, Fixed, Hand and Radio Signals;Human Factors;Güterzug, Güterzug;174010.36757775684;Signifikant;False