index;INCDTNO;YEAR4;MONTH;DAY;ACCDMG;INFRASTRUCTURE_DMG;TRKDMG;EQPDMG;LOCOMOTIVES1;LOCOMOTIVES2;RREMPKLD;RREMPINJ;PASSKLD;PASSINJ;OTHERKLD;OTHERINJ;SPEED;LOADF1;LOADF2;EMPTYF1;EMPTYP1;LOADP1;EMPTYF2;TONS;TYPE;TYPEQ;TRKCLAS;TYPTRK;ACCAUSE;TEMP;TEMP_CLUSTER;VISIBLTY;WEATHER;STATE;Jahreszeit;ACCIDENT_TYPE;ACCCAUSE_LVL1;ACCCAUSE_LVL2;EQUIPMENT_TYPE;ACCDMG_EUR;ACCTYPE;SPD_TOO_HIGH
4886;20003;1992;12;8;11389.0;11389.0;1289.0;10100.0;2;0;0;0;0;0;0;0;9.926406551346263;26;3;53;0;0;4;3700.182883948803;01;7;1;Depot;H505;40;Moderat (0° bis 19,99° C);Abend;Klar;Pennsylvania;Herbst;Entgleisung;Train Handling/Train Makeup;Human Factors;Depot/Rangieren, EinzelneWagen;9660.700653151242;Nicht Signifikant;False
4887;20003;1994;11;9;100500.0;100500.0;0.0;100500.0;3;2;0;0;0;0;0;0;24.856742067279495;0;0;0;0;0;0;69.7799471826711;02;8;1;Industriestrecke;M599;45;Moderat (0° bis 19,99° C);Tag;Klar;Pennsylvania;Herbst;Kollision;Other Miscellaneous;Miscellaneous Causes;Lokomotive, Lokomotive;85248.96089575026;Nicht Signifikant;True
4888;20003;1995;4;8;80000.0;80000.0;23000.0;57000.0;6;1;0;2;0;0;0;0;42.5;166;0;52;0;0;4;17346.0;04;1;3;Hauptstrecke;M505;30;Kalt (-30° - 0,01° C);Tag;Klar;Ohio;Frühling;Kollision;Other Miscellaneous;Miscellaneous Causes;Güterzug, Güterzug;67859.86936975145;Signifikant;True
4889;20004;1992;12;12;586788.0;586788.0;75218.0;511570.0;5;0;0;0;0;0;0;0;38.5;99;10;109;0;0;14;14840.0;01;1;4;Hauptstrecke;E62C;34;Moderat (0° bis 19,99° C);Abend;Wolkig;Ohio;Herbst;Entgleisung;Wheels;Mechanical and Electrical Failures;Güterzug, Güterzug;497741.9628467215;Signifikant;False
4890;20004;1994;7;29;52361.0;52361.0;6111.0;46250.0;3;0;0;0;0;0;0;0;4.299752030690125;23;0;91;0;0;8;5375.6328368434615;04;7;1;Depot;H799;75;Warm (20° bis 31,99° C);Tag;Klar;Pennsylvania;Sommer;Kollision;Switches, Use of;Human Factors;Depot/Rangieren, EinzelneWagen, Lokomotive;44415.13275086945;Nicht Signifikant;False
4891;20004;1995;3;31;45450.0;45450.0;0.0;45450.0;2;0;0;0;0;0;0;0;8.931050850284048;121;1;1;0;0;0;7343.914681173899;02;6;1;Nebenstrecke;H601;40;Moderat (0° bis 19,99° C);Tag;Klar;Ohio;Frühling;Kollision;Speed;Human Factors;EinzelneWagen, Güterzug;38552.888285690045;Nicht Signifikant;False
4892;20004;1996;4;29;9150.0;9150.0;150.0;9000.0;12;0;0;0;0;0;0;0;2.958916643910756;0;0;114;0;0;0;3796.8899735913355;04;1;1;Industriestrecke;H306;70;Warm (20° bis 31,99° C);Abend;Klar;Pennsylvania;Frühling;Kollision;General Switching Rules;Human Factors;Güterzug, Lokomotive;7761.472559165323;Nicht Signifikant;False
4893;20006;1993;4;30;26800.0;26800.0;15000.0;11800.0;2;0;0;0;0;0;0;0;4.949628046035187;75;7;0;0;0;0;8231.795995759487;01;7;2;Depot;T311;65;Moderat (0° bis 19,99° C);Tag;Klar;Pennsylvania;Frühling;Entgleisung;Frogs, Switches and Track Appliances;Track, Roadbed and Structures;Depot/Rangieren, EinzelneWagen;22733.05623886674;Nicht Signifikant;False
4894;20006;1994;11;21;9518.0;9518.0;518.0;9000.0;4;0;0;0;0;0;0;0;2.958916643910756;0;0;94;0;0;1;9434.889973591336;01;1;1;Industriestrecke;H306;45;Moderat (0° bis 19,99° C);Abend;Klar;Pennsylvania;Herbst;Entgleisung;General Switching Rules;Human Factors;Güterzug, Lokomotive;8073.62795826618;Nicht Signifikant;False
4895;2001020501;2001;2;5;468000.0;468000.0;3000.0;465000.0;2;0;0;0;0;0;0;0;4.0;0;0;0;7;0;0;203.4208906536993;04;7;1;Depot;H018;28;Kalt (-30° - 0,01° C);Abend;Wolkig;Connecticut;Winter;Kollision;Brakes, Use of;Human Factors;Depot/Rangieren, Depot/Rangieren;496551.724137931;Signifikant;False
4896;2001046;2001;2;23;9550.0;9550.0;100.0;9450.0;4;0;0;0;0;0;0;0;4.0;53;1;19;0;0;0;6536.0;04;7;1;Depot;H702;30;Kalt (-30° - 0,01° C);Abend;Wolkig;Montana;Winter;Kollision;Switches, Use of;Human Factors;Depot/Rangieren, Güterzug;10536.187113857017;Nicht Signifikant;False
4897;20010503D;2001;5;9;115250.0;115250.0;250.0;115000.0;6;0;0;0;0;0;0;0;12.91247365453291;14;0;0;0;0;0;1662.3838905922896;03;6;1;Industriestrecke;H017;61;Moderat (0° bis 19,99° C);Tag;Klar;Kentucky;Frühling;Kollision;Brakes, Use of;Human Factors;EinzelneWagen, Lokomotive;130565.31097768211;Nicht Signifikant;True
4898;2001052;2001;2;17;20000.0;20000.0;0.0;20000.0;4;2;0;0;0;0;0;0;1.9635609428485408;6;0;8;0;0;0;868.8899735913355;04;7;1;Depot;H605;30;Kalt (-30° - 0,01° C);Tag;Klar;Montana;Winter;Kollision;Speed;Human Factors;Depot/Rangieren, Lokomotive;21866.686103720982;Nicht Signifikant;False
4899;2002082602;2002;8;26;16787.0;16787.0;1242.0;15545.0;1;0;0;0;0;0;0;0;8.0;0;0;0;10;0;0;259.97612452261365;03;7;1;Depot;H509;70;Warm (20° bis 31,99° C);Abend;Klar;Connecticut;Sommer;Kollision;Train Handling/Train Makeup;Human Factors;Depot/Rangieren, EinzelneWagen;17304.40160808164;Nicht Signifikant;False
4900;2002091317;2002;9;13;13135.0;13135.0;0.0;13135.0;2;0;0;0;0;0;0;0;15.5;0;0;0;0;6;0;320.822639406173;04;2;3;Hauptstrecke;H302;70;Warm (20° bis 31,99° C);Tag;Klar;Connecticut;Sommer;Kollision;General Switching Rules;Human Factors;Personenzug, Personenzug;13389.398572884811;Nicht Signifikant;False
4901;200210624;2002;10;27;103800.0;103800.0;0.0;102900.0;18;0;0;0;0;0;0;0;78.75;0;0;0;0;25;0;1185.5711119632667;09;3;6;Hauptstrecke;T499;55;Moderat (0° bis 19,99° C);Morgendämmerung;Klar;New Jersey;Herbst;Kollision;Other Way and Structure;Track, Roadbed and Structures;Nahverkehrszug, Nahverkehrszug, Nahverkehrszug, Nahverkehrszug;106450.6204491847;Nicht Signifikant;False
4902;20021402;2020;2;14;20176.0;20176.0;16028.0;24500.0;8;0;0;0;0;0;0;0;3.3121368278575503;42;1;66;0;0;1;7505.675614435289;04;6;2;Hauptstrecke;H306;41;Moderat (0° bis 19,99° C);Abend;Klar;Texas;Winter;Kollision;General Switching Rules;Human Factors;EinzelneWagen, Güterzug, Güterzug;18609.112709832134;Nicht Signifikant;False
4903;200285101;1985;2;6;12650.0;12650.0;0.0;12650.0;1;0;0;0;0;0;0;0;4.949628046035187;6;0;0;0;0;0;788.6473981205941;05;7;1;Depot;M404;24;Kalt (-30° - 0,01° C);Abend;Klar;Texas;Winter;Kollision;Unusual Operational Situations;Miscellaneous Causes;Depot/Rangieren, EinzelneWagen;10730.34184409195;Nicht Signifikant;False
4904;200288104;1988;2;21;8000.0;8000.0;0.0;8000.0;4;0;0;0;0;0;0;0;4.5;31;0;50;0;0;0;5079.0;04;7;1;Depot;H702;60;Moderat (0° bis 19,99° C);Tag;Klar;Kansas;Winter;Kollision;Switches, Use of;Human Factors;Depot/Rangieren, Güterzug;6785.986936975146;Nicht Signifikant;False
4905;2003020113;2003;2;1;88790.0;88790.0;0.0;88790.0;2;0;0;0;0;0;0;0;9.926406551346263;0;0;0;0;0;0;69.7799471826711;02;8;1;Depot;H017;20;Kalt (-30° - 0,01° C);Abend;Klar;New York;Winter;Kollision;Brakes, Use of;Human Factors;Lokomotive, Lokomotive;82312.04227310653;Nicht Signifikant;False
4906;2003056;2003;5;4;22800.0;22800.0;2800.0;20000.0;5;0;0;0;0;0;0;0;2.958916643910756;25;3;0;0;0;0;2835.8899735913355;02;7;1;Depot;H306;40;Moderat (0° bis 19,99° C);Tag;Wolkig;Montana;Frühling;Kollision;General Switching Rules;Human Factors;Depot/Rangieren, Lokomotive;20311.80400890869;Nicht Signifikant;False
4907;2003062804;2003;6;28;110000.0;110000.0;0.0;110000.0;1;0;0;0;0;0;0;0;9.926406551346263;0;0;0;3;0;0;127.5942293842565;05;7;2;Depot;H607;67;Moderat (0° bis 19,99° C);Abend;Wolkig;Connecticut;Sommer;Kollision;Speed;Human Factors;Depot/Rangieren, EinzelneWagen;96341.92625463464;Nicht Signifikant;False
4908;2003081501;2003;8;15;135572.0;135572.0;5572.0;130000.0;8;0;0;10;0;0;0;0;11.917117953470694;0;0;0;6;0;0;184.14946325317084;03;2;4;Hauptstrecke;H607;80;Warm (20° bis 31,99° C);Abend;Klar;New York;Sommer;Kollision;Speed;Human Factors;Personenzug, Personenzug;120540.58860140482;Schwer;False
4909;20030902;2020;3;9;11448.0;11448.0;1448.0;10000.0;2;0;0;0;0;0;0;0;2.958916643910756;2;0;19;0;0;3;880.0;01;6;X;Industriestrecke;H306;48;Moderat (0° bis 19,99° C);Abend;Wolkig;Louisiana;Winter;Entgleisung;General Switching Rules;Human Factors;EinzelneWagen, Güterzug;9993.016759776538;Nicht Signifikant;False
4910;200312843;2003;11;18;100000.0;100000.0;0.0;100000.0;0;0;0;0;0;0;0;0;5.833333333333333;4;0;2;0;0;2;728.2224293258378;03;A;3;Hauptstrecke;H607;45;Moderat (0° bis 19,99° C);Abend;Wolkig;New Jersey;Herbst;Kollision;Speed;Human Factors;Wartungszug, Wartungszug, Wartungszug, Wartungszug, Wartungszug, Wartungszug;84904.05841399218;Nicht Signifikant;False
4911;200388101;1988;3;19;6900.0;6900.0;0.0;6900.0;3;0;0;0;0;0;0;0;5.0;3;0;7;0;0;0;635.336383802324;01;7;1;Depot;H018;40;Moderat (0° bis 19,99° C);Abend;Klar;Kansas;Winter;Entgleisung;Brakes, Use of;Human Factors;Depot/Rangieren, EinzelneWagen;5852.913733141064;Nicht Signifikant;False
4912;200401D;2004;11;19;8500.0;8500.0;1500.0;7000.0;2;0;0;0;0;0;0;0;4.949628046035187;20;1;26;0;0;0;1068.2564391184076;04;5;2;Hauptstrecke;H021;40;Moderat (0° bis 19,99° C);Tag;Klar;Washington;Herbst;Kollision;Brakes, Use of;Human Factors;EinzelneWagen, Güterzug;6528.4178187403995;Nicht Signifikant;False
4913;2004030114;2004;3;1;16107.0;16107.0;0.0;16107.0;2;0;0;0;0;0;0;0;59.69419160445703;10;0;1;0;8;0;1572.5241923175802;05;1;3;Hauptstrecke;M404;57;Moderat (0° bis 19,99° C);Tag;Wolkig;Connecticut;Winter;Kollision;Unusual Operational Situations;Miscellaneous Causes;Güterzug, Personenzug;12902.114706824736;Nicht Signifikant;True
4914;200403157;2004;3;11;12100.0;12100.0;600.0;11500.0;2;0;0;0;0;0;0;0;8.0;0;0;0;5;0;0;166.13708418531343;04;8;1;Hauptstrecke;H221;50;Moderat (0° bis 19,99° C);Tag;Klar;New Jersey;Winter;Kollision;Flagging, Fixed, Hand and Radio Signals;Human Factors;Lokomotive, Nahverkehrszug;9872.715404699738;Nicht Signifikant;False
4915;2004082905;2004;8;29;20000.0;20000.0;0.0;20000.0;1;0;0;0;0;0;0;0;5.0;0;0;0;11;0;0;281.7656485884842;05;7;1;Depot;H302;70;Warm (20° bis 31,99° C);Tag;Klar;New York;Sommer;Kollision;General Switching Rules;Human Factors;Depot/Rangieren, EinzelneWagen;16584.206307526467;Nicht Signifikant;False
4916;200408515;2004;8;23;109094.0;109094.0;94.0;109000.0;3;0;0;0;0;0;0;0;4.949628046035187;0;0;0;16;0;0;378.12278559112656;04;7;1;Depot;H607;65;Moderat (0° bis 19,99° C);Tag;Klar;New Jersey;Sommer;Kollision;Speed;Human Factors;Depot/Rangieren, Lokomotive;89056.32653061223;Nicht Signifikant;False
4917;2004094;2004;6;20;53835.0;53835.0;30000.0;23835.0;4;0;0;0;0;0;0;0;4.949628046035187;31;3;55;0;0;2;6874.0;05;7;1;Depot;H306;50;Moderat (0° bis 19,99° C);Abend;Wolkig;Montana;Frühling;Kollision;General Switching Rules;Human Factors;Depot/Rangieren, Depot/Rangieren;44533.44730601666;Nicht Signifikant;False
4918;2004121;2004;7;28;52300.0;52300.0;0.0;52300.0;4;0;0;0;0;0;0;0;9.926406551346263;51;1;68;0;0;4;8377.0;04;7;1;Depot;H020;60;Moderat (0° bis 19,99° C);Abend;Klar;Montana;Sommer;Kollision;Brakes, Use of;Human Factors;Depot/Rangieren, Güterzug;43460.19611101878;Nicht Signifikant;False
4919;2004210;2004;12;11;160000.0;160000.0;10000.0;150000.0;5;0;0;0;0;0;0;0;12.91247365453291;63;5;113;0;0;7;11302.0;01;1;1;Hauptstrecke;T314;50;Moderat (0° bis 19,99° C);Tag;Wolkig;Montana;Herbst;Entgleisung;Frogs, Switches and Track Appliances;Track, Roadbed and Structures;Güterzug, Güterzug;121059.26860025222;Nicht Signifikant;True
4920;20042906;2020;4;29;349929.0;349929.0;243721.0;106208.0;2;1;0;0;0;0;0;0;4.0;14;4;14;0;0;1;2334.8899735913355;01;7;2;Depot;H607;75;Warm (20° bis 31,99° C);Tag;Klar;Louisiana;Frühling;Entgleisung;Speed;Human Factors;Depot/Rangieren, Lokomotive;322753.1820697288;Signifikant;False
4921;200487102;1987;4;9;40900.0;40900.0;300.0;40600.0;4;0;0;0;0;0;0;0;3.9542723449729715;60;1;58;0;0;0;8156.229204224301;04;6;1;Depot;H306;38;Moderat (0° bis 19,99° C);Tag;Klar;Texas;Frühling;Kollision;General Switching Rules;Human Factors;EinzelneWagen, Güterzug;34693.358215285436;Nicht Signifikant;False
4922;2004OCT33D;2004;10;25;27000.0;27000.0;1000.0;26000.0;1;0;0;0;0;0;0;0;4.949628046035187;30;0;5;0;0;2;3637.694803354181;05;5;1;Depot;M503;67;Moderat (0° bis 19,99° C);Tag;Klar;Kentucky;Herbst;Kollision;Other Miscellaneous;Miscellaneous Causes;EinzelneWagen, Güterzug;21106.941838649156;Nicht Signifikant;False
4923;2005023;2005;2;13;153000.0;153000.0;50000.0;103000.0;5;2;0;0;0;0;0;0;22.866030665155062;78;1;87;0;0;3;10597.0;03;1;2;Hauptstrecke;H605;35;Moderat (0° bis 19,99° C);Abend;Wolkig;Montana;Winter;Kollision;Speed;Human Factors;Güterzug, Güterzug;118332.51695068191;Nicht Signifikant;False
4924;2005031103;2005;3;11;20000.0;20000.0;0.0;20000.0;1;0;0;0;0;0;0;0;5.0;0;0;0;8;0;0;223.95136638689883;04;7;1;Depot;H020;27;Kalt (-30° - 0,01° C);Morgendämmerung;Wolkig;New York;Winter;Kollision;Brakes, Use of;Human Factors;Depot/Rangieren, EinzelneWagen;14907.573047107931;Nicht Signifikant;False
4925;200510587;2005;10;4;35525.0;35525.0;3525.0;32000.0;2;2;0;1;0;0;0;0;3.5;0;0;0;5;0;0;164.87803585264237;04;7;1;Depot;H607;60;Moderat (0° bis 19,99° C);Abend;Klar;New Jersey;Herbst;Kollision;Speed;Human Factors;Depot/Rangieren, Lokomotive;29757.915898810523;Signifikant;False
4926;2005112003;2005;11;20;50000.0;50000.0;0.0;50000.0;1;0;0;0;0;0;0;0;9.926406551346263;0;0;0;12;0;0;301.0370759890127;04;7;1;Depot;H302;42;Moderat (0° bis 19,99° C);Abend;Klar;Connecticut;Herbst;Kollision;General Switching Rules;Human Factors;Depot/Rangieren, EinzelneWagen;42491.714115747425;Nicht Signifikant;False
4927;2005118;2005;7;12;32000.0;32000.0;0.0;32000.0;2;0;0;0;0;0;0;0;5.5;4;0;46;0;0;3;2182.0;04;7;1;Depot;S103;85;Warm (20° bis 31,99° C);Tag;Klar;Montana;Sommer;Kollision;other software/programming deficiencies, etc.);Signal and Communication;Depot/Rangieren, Depot/Rangieren;26302.811112937696;Nicht Signifikant;False
4928;2005180;2005;6;22;653614.0;653614.0;77402.0;576212.0;3;3;0;1;0;0;0;0;39.78707758321272;60;14;12;0;0;0;8903.0;04;6;1;Industriestrecke;M502;65;Moderat (0° bis 19,99° C);Abend;Klar;Missouri;Sommer;Kollision;Other Miscellaneous;Miscellaneous Causes;EinzelneWagen, Güterzug;539686.235653538;Signifikant;True
4929;2005288;2005;9;24;36622.0;36622.0;8429.0;28193.0;4;0;0;0;0;0;0;0;7.935695149221832;41;4;2;0;0;0;5390.0;01;6;1;Depot;T220;64;Moderat (0° bis 19,99° C);Abend;Regen;Iowa;Herbst;Entgleisung;Rail, Joint Bar and Rail Anchoring;Track, Roadbed and Structures;EinzelneWagen, Güterzug;30293.65538919679;Nicht Signifikant;False
4930;2005294;2005;10;7;16179.0;16179.0;1395.0;14784.0;1;0;0;0;0;0;0;0;5.0;2;1;14;0;0;2;699.0;01;7;1;Depot;H310;48;Moderat (0° bis 19,99° C);Abend;Wolkig;Iowa;Herbst;Entgleisung;General Switching Rules;Human Factors;Depot/Rangieren, EinzelneWagen;13322.628458498024;Nicht Signifikant;False
4931;200587102;1987;5;14;24500.0;24500.0;9500.0;15000.0;2;0;0;0;0;0;0;0;7.935695149221832;70;11;13;0;0;0;8721.355835699624;01;6;1;Depot;T314;70;Warm (20° bis 31,99° C);Tag;Regen;Texas;Frühling;Entgleisung;Frogs, Switches and Track Appliances;Track, Roadbed and Structures;EinzelneWagen, Güterzug;20782.084994486384;Nicht Signifikant;False
4932;20059;1985;1;2;200100.0;200100.0;100.0;200000.0;6;0;0;0;0;0;0;0;3.0;0;0;0;0;15;0;697.3866777414258;04;7;1;Depot;H403;15;Kalt (-30° - 0,01° C);Tag;Klar;Illinois;Winter;Kollision;Main Track Authority;Human Factors;Depot/Rangieren, Depot/Rangieren;169734.49826109083;Signifikant;False
4933;2005OCT01D;2005;10;13;17400.0;17400.0;1500.0;15900.0;5;0;0;0;0;0;0;0;6.5;12;0;42;0;0;5;2721.0184434923203;04;6;1;Nebenstrecke;E08C;55;Moderat (0° bis 19,99° C);Abend;Wolkig;Kentucky;Herbst;Kollision;Brakes;Mechanical and Electrical Failures;EinzelneWagen, Güterzug;14524.207011686143;Nicht Signifikant;False
4934;2006006;2006;1;15;35500.0;35500.0;500.0;35000.0;2;0;0;0;0;0;0;0;4.5;23;0;46;0;0;3;4590.0;04;7;1;Depot;H399;32;Moderat (0° bis 19,99° C);Abend;Wolkig;Montana;Winter;Kollision;General Switching Rules;Human Factors;Depot/Rangieren, Güterzug;29368.77809337341;Nicht Signifikant;False
4935;2006042;2006;3;13;22700.0;22700.0;0.0;22700.0;2;0;0;0;0;0;0;0;5.5;6;1;0;0;0;0;814.8899735913355;04;7;1;Depot;H306;30;Kalt (-30° - 0,01° C);Abenddämmerung;Klar;Montana;Winter;Kollision;General Switching Rules;Human Factors;Depot/Rangieren, Lokomotive;19040.42945814461;Nicht Signifikant;False
4936;20060503;2006;5;9;27000.0;27000.0;2500.0;24500.0;2;0;0;0;0;0;0;0;2.958916643910756;53;3;40;0;0;0;7375.6069786663475;04;7;1;Depot;H702;85;Warm (20° bis 31,99° C);Tag;Klar;Texas;Frühling;Kollision;Switches, Use of;Human Factors;Depot/Rangieren, Depot/Rangieren;21264.86571631094;Nicht Signifikant;False
4937;20060510;2006;5;7;12406.0;12406.0;0.0;12406.0;2;0;0;0;0;0;0;0;1.9635609428485408;35;0;20;0;0;0;7000.0;04;6;1;Depot;H309;82;Warm (20° bis 31,99° C);Tag;Wolkig;Texas;Frühling;Kollision;General Switching Rules;Human Factors;EinzelneWagen, Güterzug;9742.931937172774;Nicht Signifikant;False
4938;2006056;2006;4;9;28220.0;28220.0;6115.0;22105.0;2;0;0;0;0;0;0;0;5.944983747097401;41;0;6;0;0;4;5417.0;01;6;1;Nebenstrecke;T106;55;Moderat (0° bis 19,99° C);Abend;Klar;South Dakota;Frühling;Entgleisung;Track Geometry;Track, Roadbed and Structures;EinzelneWagen, Güterzug;23272.947191906977;Nicht Signifikant;False
4939;2006062;2006;4;11;17000.0;17000.0;0.0;17000.0;0;0;0;0;0;0;0;0;2.958916643910756;1;0;2;0;0;0;244.43019213390642;03;A;1;Industriestrecke;H997;55;Moderat (0° bis 19,99° C);Tag;Wolkig;Montana;Frühling;Kollision;Miscellaneous;Human Factors;Wartungszug, Wartungszug;14043.783560512185;Nicht Signifikant;False
4940;2006062710;2006;6;27;13062.0;13062.0;3500.0;9562.0;6;2;0;0;0;0;0;0;9.926406551346263;0;0;0;8;0;0;221.4332697215567;02;7;1;Depot;H702;79;Warm (20° bis 31,99° C);Tag;Wolkig;New York;Sommer;Kollision;Switches, Use of;Human Factors;Depot/Rangieren, EinzelneWagen;10393.888756266413;Nicht Signifikant;False
4941;2006064;2006;4;14;10000.0;10000.0;0.0;10000.0;0;0;0;0;0;0;0;0;6.5;0;0;2;0;0;0;130.67276760464793;03;A;1;Nebenstrecke;H997;50;Moderat (0° bis 19,99° C);Tag;Wolkig;Idaho;Frühling;Kollision;Miscellaneous;Human Factors;Wartungszug, Wartungszug;8247.014580721778;Nicht Signifikant;False
4942;2006077;2006;5;3;48000.0;48000.0;18000.0;30000.0;4;1;0;0;0;0;0;0;3.0;0;0;0;0;0;0;69.7799471826711;04;8;1;Depot;H995;35;Moderat (0° bis 19,99° C);Abend;Klar;Montana;Frühling;Kollision;Miscellaneous;Human Factors;Lokomotive, Lokomotive;38028.838535889714;Nicht Signifikant;False
4943;2006081521;2006;8;15;100000.0;100000.0;0.0;100000.0;2;0;0;0;0;0;0;0;5.944983747097401;0;0;0;16;0;0;378.12278559112656;04;2;1;Depot;H999;67;Moderat (0° bis 19,99° C);Abend;Klar;New York;Sommer;Kollision;Miscellaneous;Human Factors;Personenzug, Personenzug;78585.46168958744;Nicht Signifikant;False
4944;2006096;2006;5;29;16000.0;16000.0;1000.0;15000.0;3;0;0;0;0;0;0;0;2.0;30;1;75;0;0;0;22648.0;04;1;1;Depot;H995;65;Moderat (0° bis 19,99° C);Tag;Wolkig;Montana;Frühling;Kollision;Miscellaneous;Human Factors;Güterzug, Güterzug;12541.15065057219;Nicht Signifikant;False
4945;20061;1985;1;7;45300.0;45300.0;20000.0;25300.0;3;0;0;0;0;0;0;0;9.926406551346263;27;4;47;0;0;2;4562.675614435289;01;6;1;Industriestrecke;T001;25;Kalt (-30° - 0,01° C);Abend;Klar;Mississippi;Winter;Entgleisung;Roadbed;Track, Roadbed and Structures;EinzelneWagen, Güterzug;38425.65103062176;Nicht Signifikant;False
4946;2006141;2006;8;12;47440.0;47440.0;1940.0;45500.0;3;0;0;0;0;0;0;0;6.920452597546157;56;0;28;0;0;1;8120.0;01;7;1;Hauptstrecke;H306;72;Warm (20° bis 31,99° C);Tag;Wolkig;Minnesota;Sommer;Entgleisung;General Switching Rules;Human Factors;Depot/Rangieren, EinzelneWagen, EinzelneWagen;37190.34179993728;Nicht Signifikant;False
4947;2006170;2006;6;5;89881.0;89881.0;2255.0;87626.0;6;0;0;0;0;0;0;0;3.9542723449729715;51;0;100;0;0;4;11223.0;01;1;1;Hauptstrecke;H702;70;Warm (20° bis 31,99° C);Abend;Klar;Iowa;Frühling;Entgleisung;Switches, Use of;Human Factors;Güterzug, Güterzug;69363.32767402376;Nicht Signifikant;False
4948;2006177;2006;9;9;8800.0;8800.0;0.0;8800.0;2;0;0;0;0;0;0;0;2.5;25;0;45;0;0;2;877.0;04;7;1;Depot;H301;68;Warm (20° bis 31,99° C);Tag;Klar;Montana;Sommer;Kollision;General Switching Rules;Human Factors;Depot/Rangieren, Depot/Rangieren;6922.0482970187995;Nicht Signifikant;False
4949;2006230;2006;7;20;33851.0;33851.0;585.0;33266.0;0;0;0;0;0;0;0;0;3.9542723449729715;20;0;63;0;0;1;4458.0;04;6;1;Depot;H020;82;Warm (20° bis 31,99° C);Tag;Wolkig;Iowa;Sommer;Kollision;Brakes, Use of;Human Factors;EinzelneWagen, EinzelneWagen;26774.49972316697;Nicht Signifikant;False
4950;2006AUG1D;2006;8;10;1061000.0;1061000.0;1000.0;1060000.0;8;3;0;3;0;0;0;0;19.879963561968417;35;4;74;0;0;0;6382.760325311115;03;1;3;Hauptstrecke;H605;80;Warm (20° bis 31,99° C);Tag;Klar;Kentucky;Sommer;Kollision;Speed;Human Factors;Güterzug, Güterzug;825231.3914599051;Signifikant;False
4951;2007000080;2007;10;9;27500.0;27500.0;2500.0;25000.0;4;1;0;0;0;0;0;0;11.0;20;0;3;0;0;0;2657.8899735913355;04;7;1;Depot;H607;80;Warm (20° bis 31,99° C);Tag;Klar;Texas;Herbst;Kollision;Speed;Human Factors;Depot/Rangieren, Depot/Rangieren;19591.08071525255;Nicht Signifikant;True
4952;2007000084;2007;10;19;18000.0;18000.0;0.0;18000.0;1;0;0;0;0;0;0;0;4.949628046035187;32;0;13;0;0;1;3015.008766059471;04;7;1;Depot;H306;85;Warm (20° bis 31,99° C);Tag;Wolkig;Texas;Herbst;Kollision;General Switching Rules;Human Factors;Depot/Rangieren, EinzelneWagen;12597.984322508399;Nicht Signifikant;False
4953;2007071221;2007;7;12;388216.0;388216.0;0.0;388216.0;2;0;0;2;0;0;0;0;10.921762252408477;0;0;0;7;0;0;202.16184232102825;04;7;1;Depot;H017;78;Warm (20° bis 31,99° C);Abend;Klar;New York;Sommer;Kollision;Brakes, Use of;Human Factors;Depot/Rangieren, Lokomotive;281560.7774876704;Signifikant;True
4954;2007200;2007;12;11;14500.0;14500.0;0.0;14500.0;1;0;0;0;0;0;0;0;9.926406551346263;6;0;0;0;0;0;675.0;05;7;1;Depot;H995;30;Kalt (-30° - 0,01° C);Tag;Klar;Montana;Herbst;Kollision;Miscellaneous;Human Factors;Depot/Rangieren, EinzelneWagen;9882.769901853871;Nicht Signifikant;False
4955;2007315;2007;11;9;198768.0;198768.0;31129.0;167639.0;4;0;0;0;0;0;0;0;5.0;115;1;69;0;0;5;16367.0;04;1;3;Hauptstrecke;H211;50;Moderat (0° bis 19,99° C);Tag;Klar;Iowa;Herbst;Kollision;Flagging, Fixed, Hand and Radio Signals;Human Factors;Güterzug, Güterzug;135372.88020159368;Nicht Signifikant;False
4956;20078;1985;2;8;40500.0;40500.0;500.0;40000.0;4;0;0;0;0;0;0;0;5.944983747097401;27;4;33;0;0;1;4225.878145045929;04;7;1;Depot;H306;15;Kalt (-30° - 0,01° C);Abend;Klar;Mississippi;Winter;Kollision;General Switching Rules;Human Factors;Depot/Rangieren, Depot/Rangieren;34354.058868436674;Nicht Signifikant;False
4957;2008000005;2008;1;16;28000.0;28000.0;0.0;28000.0;0;0;0;0;0;0;0;0;3.0;0;0;12;0;0;0;617.5684348572661;04;6;1;Depot;H021;52;Moderat (0° bis 19,99° C);Abend;Wolkig;Texas;Winter;Kollision;Brakes, Use of;Human Factors;EinzelneWagen, EinzelneWagen;18929.150892374255;Nicht Signifikant;False
4958;2008000072;2008;10;15;25000.0;25000.0;0.0;25000.0;1;0;0;0;0;0;0;0;0.9682052417863254;17;0;6;0;0;0;2648.647398120594;04;5;1;Depot;H018;75;Warm (20° bis 31,99° C);Abend;Wolkig;Texas;Herbst;Kollision;Brakes, Use of;Human Factors;EinzelneWagen, Güterzug;18348.623853211007;Nicht Signifikant;False
4959;2008007;2008;1;10;30772.0;30772.0;1187.0;29585.0;3;0;0;0;0;0;0;0;3.9542723449729715;29;2;45;0;0;0;5136.0;01;7;1;Depot;H307;35;Moderat (0° bis 19,99° C);Tag;Klar;Iowa;Winter;Entgleisung;General Switching Rules;Human Factors;Depot/Rangieren, Güterzug;20987.58695948711;Nicht Signifikant;False