index;INCDTNO;YEAR4;MONTH;DAY;ACCDMG;INFRASTRUCTURE_DMG;TRKDMG;EQPDMG;LOCOMOTIVES1;LOCOMOTIVES2;RREMPKLD;RREMPINJ;PASSKLD;PASSINJ;OTHERKLD;OTHERINJ;SPEED;LOADF1;LOADF2;EMPTYF1;EMPTYP1;LOADP1;EMPTYF2;TONS;TYPE;TYPEQ;TRKCLAS;TYPTRK;ACCAUSE;TEMP;TEMP_CLUSTER;VISIBLTY;WEATHER;STATE;Jahreszeit;ACCIDENT_TYPE;ACCCAUSE_LVL1;ACCCAUSE_LVL2;EQUIPMENT_TYPE;ACCDMG_EUR;ACCTYPE;SPD_TOO_HIGH
4960;2008019;2008;1;27;52500.0;52500.0;0.0;52500.0;6;0;0;0;0;0;0;0;13.907829355595124;150;1;14;0;0;4;21115.0;02;1;2;Depot;H020;35;Moderat (0° bis 19,99° C);Abend;Wolkig;Montana;Winter;Kollision;Brakes, Use of;Human Factors;Güterzug, Güterzug;35621.39545403144;Nicht Signifikant;False
4961;2008078;2008;6;12;24500.0;24500.0;1500.0;23000.0;1;0;0;0;0;0;0;0;3.5;14;1;6;0;0;0;1610.0;01;5;2;Hauptstrecke;H018;75;Warm (20° bis 31,99° C);Tag;Klar;Minnesota;Frühling;Entgleisung;Brakes, Use of;Human Factors;EinzelneWagen, Güterzug;15891.548290847764;Nicht Signifikant;False
4962;2008110;2008;6;15;61000.0;61000.0;5000.0;56000.0;5;0;0;0;0;0;0;0;4.949628046035187;62;1;108;0;0;1;10766.0;03;1;1;Depot;H306;74;Warm (20° bis 31,99° C);Tag;Klar;Montana;Frühling;Kollision;General Switching Rules;Human Factors;Güterzug, Güterzug;39564.145803606174;Nicht Signifikant;False
4963;20081122;2008;11;22;15484.0;15484.0;1299.0;14185.0;0;0;0;0;0;0;0;0;4.0;17;2;42;0;0;0;3321.623475037206;04;5;1;Depot;H018;45;Moderat (0° bis 19,99° C);Morgendämmerung;Klar;Alabama;Herbst;Kollision;Brakes, Use of;Human Factors;EinzelneWagen, EinzelneWagen;12231.613871553835;Nicht Signifikant;False
4964;2008129;2008;7;12;13042.0;13042.0;0.0;13042.0;5;1;0;0;0;0;0;0;10.0;23;0;112;0;0;0;5883.0;04;7;1;Depot;H607;50;Moderat (0° bis 19,99° C);Abend;Klar;Montana;Sommer;Kollision;Speed;Human Factors;Depot/Rangieren, Güterzug;8234.105688490436;Nicht Signifikant;False
4965;2008140;2008;10;22;31010.0;31010.0;250.0;30760.0;2;0;0;0;0;0;0;0;2.958916643910756;25;0;92;0;0;1;6010.0;01;7;1;Depot;H312;40;Moderat (0° bis 19,99° C);Abend;Klar;South Dakota;Herbst;Entgleisung;General Switching Rules;Human Factors;Depot/Rangieren, EinzelneWagen;24145.448882659814;Nicht Signifikant;False
4966;2008182;2008;7;7;61818.0;61818.0;2000.0;59818.0;2;0;0;0;0;0;0;0;6.0;25;1;8;0;0;0;3490.0;01;7;1;Depot;H306;73;Warm (20° bis 31,99° C);Tag;Wolkig;Iowa;Sommer;Entgleisung;General Switching Rules;Human Factors;Depot/Rangieren, Güterzug;39497.79566800844;Nicht Signifikant;False
4967;200887102;1987;8;20;27377.0;27377.0;0.0;27377.0;2;0;0;0;0;0;0;0;2.0;25;0;3;0;0;0;3260.0;04;7;1;Depot;H020;93;Heiß (>= 32° C);Tag;Klar;Texas;Sommer;Kollision;Brakes, Use of;Human Factors;Depot/Rangieren, Depot/Rangieren;23222.49554669607;Nicht Signifikant;False
4968;2008APR1D;2008;4;7;77939.0;77939.0;7939.0;70000.0;7;1;0;0;0;0;0;0;5.944983747097401;153;2;11;0;0;0;17848.79449447572;04;7;1;Industriestrecke;H702;50;Moderat (0° bis 19,99° C);Abend;Klar;Kentucky;Frühling;Kollision;Switches, Use of;Human Factors;Depot/Rangieren, Güterzug;49664.81870897853;Nicht Signifikant;False
4969;20090;1985;4;3;11250.0;11250.0;1500.0;9750.0;0;0;0;0;0;0;0;0;7.935695149221832;7;1;24;0;0;2;1619.3648741878299;04;6;1;Depot;H022;78;Warm (20° bis 31,99° C);Tag;Klar;Louisiana;Frühling;Kollision;Brakes, Use of;Human Factors;EinzelneWagen, EinzelneWagen;9542.7941301213;Nicht Signifikant;False
4970;2009000006;2009;2;1;38640.0;38640.0;12000.0;26640.0;2;0;0;0;0;0;0;0;5.944983747097401;11;0;11;0;0;0;1748.647398120594;05;7;1;Depot;H996;70;Warm (20° bis 31,99° C);Tag;Klar;Texas;Winter;Kollision;Miscellaneous;Human Factors;Depot/Rangieren, EinzelneWagen;30237.89649415693;Nicht Signifikant;False
4971;2009000015;2009;4;26;51750.0;51750.0;0.0;51750.0;1;0;0;0;0;0;0;0;5.0;6;0;6;0;0;0;1211.647398120594;05;5;1;Depot;H318;65;Moderat (0° bis 19,99° C);Abend;Wolkig;Texas;Frühling;Kollision;General Switching Rules;Human Factors;EinzelneWagen, Güterzug;39321.71622511524;Nicht Signifikant;False
4972;2009064;2009;4;28;14311.0;14311.0;1200.0;13111.0;6;2;0;0;0;0;0;0;7.5;0;0;10;0;0;1;300.0;03;7;1;Depot;H306;45;Moderat (0° bis 19,99° C);Abend;Wolkig;Montana;Frühling;Kollision;General Switching Rules;Human Factors;Depot/Rangieren, Depot/Rangieren;11015.240147783252;Nicht Signifikant;False
4973;2009163;2009;7;13;26652.0;26652.0;12902.0;13750.0;2;0;0;0;0;0;0;0;7.935695149221832;26;5;25;0;0;1;3760.0;01;6;1;Depot;T201;77;Warm (20° bis 31,99° C);Abend;Klar;Iowa;Sommer;Entgleisung;Rail, Joint Bar and Rail Anchoring;Track, Roadbed and Structures;EinzelneWagen, Güterzug;19071.198568872987;Nicht Signifikant;False
4974;2009214;2009;9;12;77878.0;77878.0;2378.0;75500.0;3;2;0;0;0;0;0;0;6.940339448159618;18;0;25;0;0;1;3090.0;01;6;X;Hauptstrecke;T314;51;Moderat (0° bis 19,99° C);Morgendämmerung;Regen;Wyoming;Sommer;Entgleisung;Frogs, Switches and Track Appliances;Track, Roadbed and Structures;EinzelneWagen, Güterzug;53403.27778920661;Nicht Signifikant;False
4975;20093;1985;4;7;21200.0;21200.0;600.0;20600.0;2;0;0;0;0;0;0;0;1.9635609428485408;91;2;54;0;0;2;12107.989881973008;04;7;1;Depot;H305;65;Moderat (0° bis 19,99° C);Abend;Wolkig;Louisiana;Frühling;Kollision;General Switching Rules;Human Factors;Depot/Rangieren, EinzelneWagen;17982.865382984135;Nicht Signifikant;False
4976;20094;1985;4;7;36600.0;36600.0;0.0;36600.0;3;1;0;0;0;0;0;0;19.879963561968417;39;1;0;0;0;0;3280.256439118408;03;5;2;Nebenstrecke;H306;43;Moderat (0° bis 19,99° C);Abend;Regen;Illinois;Frühling;Kollision;General Switching Rules;Human Factors;EinzelneWagen, Güterzug;31045.890236661293;Nicht Signifikant;False
4977;20098;1985;5;3;50070.0;50070.0;2500.0;47570.0;2;0;0;0;0;0;0;0;24.856742067279495;17;2;16;0;0;6;2325.4060638716714;02;6;1;Depot;H018;78;Warm (20° bis 31,99° C);Tag;Klar;Mississippi;Frühling;Kollision;Brakes, Use of;Human Factors;EinzelneWagen, Güterzug;42471.7957417932;Nicht Signifikant;True
4978;2009OCT01;2009;10;11;18974.0;18974.0;0.0;18974.0;5;0;0;0;0;0;0;0;2.0;22;0;14;0;0;0;3314.8899735913355;04;1;1;Depot;H017;75;Warm (20° bis 31,99° C);Tag;Klar;Arizona;Herbst;Kollision;Brakes, Use of;Human Factors;Güterzug, Lokomotive;12855.013550135502;Nicht Signifikant;False
4979;2010000028;2010;6;28;18400.0;18400.0;0.0;18400.0;2;0;0;0;0;0;0;0;5.944983747097401;44;0;83;0;0;0;7523.064865650499;04;6;1;Depot;H318;94;Heiß (>= 32° C);Abenddämmerung;Wolkig;Texas;Sommer;Kollision;General Switching Rules;Human Factors;EinzelneWagen, Güterzug;14912.067428478807;Nicht Signifikant;False
4980;2010000049;2010;10;8;25850.0;25850.0;0.0;25850.0;0;0;0;0;0;0;0;0;5.0;16;0;21;0;0;3;3036.0;05;6;1;Depot;H018;75;Warm (20° bis 31,99° C);Abend;Klar;Texas;Herbst;Kollision;Brakes, Use of;Human Factors;EinzelneWagen, EinzelneWagen;18631.973475565806;Nicht Signifikant;False
4981;2010031928;2010;3;19;250000.0;250000.0;0.0;250000.0;2;0;0;0;0;0;0;0;29.83352057259057;0;0;0;8;2;0;306.37321546206175;04;2;X;Hauptstrecke;H401;50;Moderat (0° bis 19,99° C);Abend;Klar;Connecticut;Winter;Kollision;Main Track Authority;Human Factors;Personenzug, Personenzug;184529.08178328903;Signifikant;True
4982;2010050505;2010;5;5;355000.0;355000.0;0.0;355000.0;2;0;0;0;0;0;0;0;2.958916643910756;0;0;0;9;0;0;243.2227937874273;04;2;X;Depot;H607;69;Warm (20° bis 31,99° C);Morgendämmerung;Klar;Connecticut;Frühling;Kollision;Speed;Human Factors;Personenzug, Personenzug;274682.76075518416;Signifikant;True
4983;2010051417;2010;5;14;10000.0;10000.0;0.0;10000.0;0;0;0;0;0;0;0;0;2.958916643910756;0;0;2;0;0;0;130.67276760464793;09;A;5;Hauptstrecke;H099;72;Warm (20° bis 31,99° C);Tag;Klar;New York;Frühling;Kollision;Brakes, Use of;Human Factors;Wartungszug, Wartungszug;8005.123278898494;Nicht Signifikant;False
4984;2010071006;2010;7;10;35348.0;35348.0;2000.0;33348.0;2;0;0;0;0;0;0;0;50.0;0;0;0;0;16;0;739.2271264453428;09;2;4;Hauptstrecke;T404;79;Warm (20° bis 31,99° C);Tag;Wolkig;Connecticut;Sommer;Kollision;Other Way and Structure;Track, Roadbed and Structures;Personenzug, Personenzug;28019.869999471543;Nicht Signifikant;False
4985;20101;2010;6;19;110000.0;110000.0;30000.0;80000.0;2;1;0;0;0;0;0;0;16.89389645878177;0;0;0;0;3;0;263.88997359133555;01;2;2;Hauptstrecke;T110;92;Heiß (>= 32° C);Tag;Klar;Tennessee;Frühling;Entgleisung;Track Geometry;Track, Roadbed and Structures;Personenzug, NaN;88864.95220142722;Nicht Signifikant;False
4986;2010106;2010;10;24;65000.0;65000.0;0.0;65000.0;2;1;0;0;0;0;0;0;3.9542723449729715;17;0;12;0;0;0;2343.0;04;7;1;Depot;H702;50;Moderat (0° bis 19,99° C);Abend;Regen;Montana;Herbst;Kollision;Switches, Use of;Human Factors;Depot/Rangieren, Depot/Rangieren;46432.99361843985;Nicht Signifikant;False
4987;20110055;2011;5;25;20000.0;20000.0;0.0;20000.0;0;0;0;0;0;0;0;0;19.879963561968417;2;0;0;0;0;0;297.294796241188;02;A;2;Hauptstrecke;H402;85;Warm (20° bis 31,99° C);Tag;Klar;Alaska;Frühling;Kollision;Main Track Authority;Human Factors;Wartungszug, Wartungszug;14215.651432226881;Nicht Signifikant;False
4988;2011021;2011;2;16;32500.0;32500.0;5000.0;27500.0;4;0;0;0;0;0;0;0;5.5;1;0;28;0;0;0;1211.8899735913355;04;7;1;Depot;H207;57;Moderat (0° bis 19,99° C);Tag;Klar;Montana;Winter;Kollision;Flagging, Fixed, Hand and Radio Signals;Human Factors;Depot/Rangieren, Lokomotive;24056.25462620281;Nicht Signifikant;False
4989;2011060301;2011;6;3;42600.0;42600.0;0.0;42600.0;2;0;0;0;0;0;0;0;5.0;1;0;4;0;0;0;305.3230125558832;02;7;1;Hauptstrecke;H021;90;Heiß (>= 32° C);Tag;Klar;North Carolina;Frühling;Kollision;Brakes, Use of;Human Factors;Depot/Rangieren, Depot/Rangieren;29403.644395361676;Nicht Signifikant;False
4990;20111;1985;8;8;29950.0;29950.0;5525.0;24425.0;1;0;0;0;0;0;0;0;7.914260198962443;13;3;21;0;0;5;2075.9005634678424;01;7;1;Hauptstrecke;H704;86;Warm (20° bis 31,99° C);Tag;Klar;Louisiana;Sommer;Entgleisung;Switches, Use of;Human Factors;Depot/Rangieren, EinzelneWagen, EinzelneWagen;25405.038595300703;Nicht Signifikant;False
4991;2011120;2011;9;5;13000.0;13000.0;0.0;13000.0;0;0;0;0;0;0;0;0;4.5;4;0;2;0;0;0;607.0;04;6;1;Depot;H021;52;Moderat (0° bis 19,99° C);Abend;Klar;Montana;Sommer;Kollision;Brakes, Use of;Human Factors;EinzelneWagen, EinzelneWagen;9202.888291094436;Nicht Signifikant;False
4992;20113;1985;8;22;26900.0;26900.0;0.0;26900.0;1;0;0;0;0;0;0;0;1.9635609428485408;69;11;15;0;0;6;9295.58810894025;04;6;3;Nebenstrecke;H999;77;Warm (20° bis 31,99° C);Abend;Regen;Kentucky;Sommer;Kollision;Miscellaneous;Human Factors;EinzelneWagen, Güterzug;22817.881075578927;Nicht Signifikant;False
4993;20115;1985;8;31;36925.0;36925.0;200.0;36725.0;5;0;0;0;0;0;0;0;1.9635609428485408;31;3;40;0;0;4;2361.0;04;1;1;Depot;H018;75;Warm (20° bis 31,99° C);Abend;Klar;Illinois;Sommer;Kollision;Brakes, Use of;Human Factors;Güterzug, Güterzug;31321.57095597591;Nicht Signifikant;False
4994;20116;1985;9;3;15370.0;15370.0;4500.0;10870.0;6;0;0;0;0;0;0;0;7.935695149221832;95;7;1;0;0;0;14234.889973591336;01;7;3;Hauptstrecke;E66C;75;Warm (20° bis 31,99° C);Abend;Klar;Kentucky;Sommer;Entgleisung;Wheels;Mechanical and Electrical Failures;Depot/Rangieren, Güterzug;13037.577402663499;Nicht Signifikant;False
4995;20120;1985;9;20;11910.0;11910.0;4110.0;7800.0;5;0;0;0;0;0;0;0;4.5;74;5;50;0;0;1;10082.100967736442;01;7;4;Hauptstrecke;H505;70;Warm (20° bis 31,99° C);Abend;Klar;Mississippi;Sommer;Entgleisung;Train Handling/Train Makeup;Human Factors;Depot/Rangieren, Güterzug;10102.63805242175;Nicht Signifikant;False
4996;2012043;2012;3;19;226000.0;226000.0;20000.0;206000.0;2;0;0;0;0;0;0;0;10.0;20;0;84;0;0;14;5452.0;04;6;1;Depot;H020;31;Kalt (-30° - 0,01° C);Morgendämmerung;Schnee;Montana;Winter;Kollision;Brakes, Use of;Human Factors;EinzelneWagen, Güterzug;171863.11787072243;Signifikant;False
4997;20121;1985;9;26;30800.0;30800.0;3500.0;27300.0;5;0;0;1;0;0;0;0;2.972611095940504;78;2;88;0;0;3;11935.770894848898;04;7;1;Depot;H306;78;Warm (20° bis 31,99° C);Abend;Klar;Mississippi;Herbst;Kollision;General Switching Rules;Human Factors;Depot/Rangieren, EinzelneWagen, Güterzug;26126.049707354312;Signifikant;False
4998;201242;2012;10;13;18000.0;18000.0;0.0;18000.0;6;0;0;0;0;0;0;0;3.9542723449729715;7;0;6;0;0;0;2000.0;04;7;1;Industriestrecke;H211;40;Moderat (0° bis 19,99° C);Tag;Klar;Ohio;Herbst;Kollision;Flagging, Fixed, Hand and Radio Signals;Human Factors;Depot/Rangieren, Depot/Rangieren;13877.823751638354;Nicht Signifikant;False
4999;20125;1985;10;13;7500.0;7500.0;0.0;7500.0;5;0;0;0;0;0;0;0;1.9635609428485408;69;0;41;0;0;0;9069.198719451215;04;6;1;Depot;H306;70;Warm (20° bis 31,99° C);Tag;Klar;Mississippi;Herbst;Kollision;General Switching Rules;Human Factors;EinzelneWagen, Güterzug;6361.8627534142;Nicht Signifikant;False
5000;20128;1985;10;28;105700.0;105700.0;25000.0;80700.0;9;5;0;0;0;0;0;0;3.5;120;2;96;0;0;7;25151.0;04;1;4;Hauptstrecke;H017;48;Moderat (0° bis 19,99° C);Morgendämmerung;Wolkig;Illinois;Herbst;Kollision;Brakes, Use of;Human Factors;Güterzug, Güterzug;89659.85240478412;Nicht Signifikant;False
5001;201304180;2013;4;6;20470.0;20470.0;2037.0;18433.0;2;0;0;1;0;0;0;0;7.935695149221832;0;0;0;5;6;0;413.40263141080214;02;3;1;Hauptstrecke;H221;38;Moderat (0° bis 19,99° C);Abend;Klar;New Jersey;Frühling;Kollision;Flagging, Fixed, Hand and Radio Signals;Human Factors;Nahverkehrszug, Personenzug;15782.169566446508;Signifikant;False
5002;2013051720;2013;5;17;18100000.0;18100000.0;100000.0;18000000.0;0;0;0;9;0;123;0;0;48.5;0;0;0;0;16;0;854.0816349230731;01;D;4;Hauptstrecke;T213;70;Warm (20° bis 31,99° C);Tag;Klar;Connecticut;Frühling;Entgleisung;Rail, Joint Bar and Rail Anchoring;Track, Roadbed and Structures;Personenzug, Personenzug;14064806.900303055;Schwer;False
5003;2013053;2013;4;30;403500.0;403500.0;3500.0;400000.0;6;0;0;0;0;0;0;0;15.898540757719555;126;0;52;0;0;12;15903.0;01;1;2;Hauptstrecke;H503;29;Kalt (-30° - 0,01° C);Abend;Eisregen;Montana;Frühling;Entgleisung;Train Handling/Train Makeup;Human Factors;Güterzug, Güterzug;308675.03059975524;Signifikant;False
5004;2013082313;2013;8;23;41000.0;41000.0;0.0;41000.0;0;0;0;0;0;0;0;0;9.926406551346263;0;0;2;0;0;0;130.67276760464793;09;A;4;Hauptstrecke;H099;76;Warm (20° bis 31,99° C);Tag;Klar;New York;Sommer;Kollision;Brakes, Use of;Human Factors;Wartungszug, Wartungszug;30700.11231748409;Nicht Signifikant;False
5005;2013101625;2013;10;16;61047.0;61047.0;0.0;61047.0;1;0;0;0;0;0;0;0;11.917117953470694;0;0;0;9;0;0;243.2227937874273;04;6;1;Depot;H302;55;Moderat (0° bis 19,99° C);Abend;Wolkig;New York;Herbst;Kollision;General Switching Rules;Human Factors;EinzelneWagen, Nahverkehrszug;45016.59169677752;Nicht Signifikant;True
5006;20131109;2013;11;9;87285.0;87285.0;1759.0;85526.0;2;0;0;0;0;0;0;0;3.0;9;3;13;0;0;2;1551.187292921101;05;7;1;Depot;H020;42;Moderat (0° bis 19,99° C);Abend;Klar;Kansas;Herbst;Kollision;Brakes, Use of;Human Factors;Depot/Rangieren, EinzelneWagen;65047.44634340223;Nicht Signifikant;False
5007;20137;1985;12;17;18850.0;18850.0;4000.0;14850.0;1;0;0;0;0;0;0;0;3.9542723449729715;43;1;30;0;0;1;5895.830583887659;04;7;1;Depot;H306;65;Moderat (0° bis 19,99° C);Tag;Klar;Louisiana;Herbst;Kollision;General Switching Rules;Human Factors;Depot/Rangieren, EinzelneWagen;15989.481720247688;Nicht Signifikant;False
5008;20140;1986;1;5;12300.0;12300.0;0.0;12300.0;2;0;0;0;0;0;0;0;4.949628046035187;25;5;34;0;0;5;3542.5575815411034;01;7;1;Depot;T221;40;Moderat (0° bis 19,99° C);Tag;Klar;Alabama;Winter;Entgleisung;Rail, Joint Bar and Rail Anchoring;Track, Roadbed and Structures;Depot/Rangieren, EinzelneWagen;10433.454915599286;Nicht Signifikant;False
5009;2014000001;2014;1;2;80000.0;80000.0;5000.0;75000.0;2;0;0;0;0;0;0;0;9.926406551346263;64;1;100;0;0;2;11753.0;04;6;1;Depot;H702;66;Moderat (0° bis 19,99° C);Abend;Regen;Texas;Winter;Kollision;Switches, Use of;Human Factors;EinzelneWagen, Güterzug;58573.72968223752;Nicht Signifikant;False
5010;201404259;2014;4;11;263805.0;263805.0;0.0;263805.0;2;0;0;3;0;0;0;0;10.0;0;0;0;3;5;0;336.7964729038414;04;4;1;Hauptstrecke;H221;67;Moderat (0° bis 19,99° C);Abenddämmerung;Klar;New Jersey;Frühling;Kollision;Flagging, Fixed, Hand and Radio Signals;Human Factors;Arbeitszug, Nahverkehrszug;190170.84775086504;Signifikant;False
5011;2014066;2014;5;3;120000.0;120000.0;0.0;120000.0;1;0;0;0;0;0;0;0;4.949628046035187;16;2;10;0;0;0;2087.0;04;7;1;Depot;H018;44;Moderat (0° bis 19,99° C);Abend;Klar;Montana;Frühling;Kollision;Brakes, Use of;Human Factors;Depot/Rangieren, EinzelneWagen;86542.6222414539;Nicht Signifikant;False
5012;2014079;2014;6;10;200500.0;200500.0;0.0;200500.0;4;0;0;0;0;0;0;0;17.889252159843984;0;0;126;0;0;0;3565.336383802324;02;1;4;Hauptstrecke;H499;71;Warm (20° bis 31,99° C);Tag;Klar;Montana;Frühling;Kollision;Main Track Authority;Human Factors;Güterzug, Wartungszug;148003.247951576;Nicht Signifikant;False
5013;2014090;2014;7;1;60000.0;60000.0;0.0;60000.0;2;0;0;0;0;0;0;0;7.935695149221832;21;0;2;0;0;0;2722.0;05;6;1;Depot;H307;50;Moderat (0° bis 19,99° C);Abend;Klar;Montana;Sommer;Kollision;General Switching Rules;Human Factors;EinzelneWagen, Lokomotive;43834.01519579194;Nicht Signifikant;False
5014;2014155;2014;11;9;200500.0;200500.0;500.0;200000.0;4;1;0;0;0;0;0;0;7.935695149221832;68;2;55;0;0;0;7683.0;03;7;1;Depot;H306;40;Moderat (0° bis 19,99° C);Abenddämmerung;Regen;Montana;Herbst;Kollision;General Switching Rules;Human Factors;Depot/Rangieren, Güterzug;160979.52629466078;Signifikant;False
5015;2014163;2014;11;13;1500000.0;1500000.0;200000.0;1300000.0;7;3;0;1;0;0;0;0;24.5;108;0;108;0;0;11;18701.0;04;1;4;Hauptstrecke;H221;8;Kalt (-30° - 0,01° C);Abend;Klar;Montana;Herbst;Kollision;Flagging, Fixed, Hand and Radio Signals;Human Factors;Güterzug, Güterzug;1204238.9210019268;Signifikant;False
5016;2016005;2016;1;21;166250.0;166250.0;0.0;138250.0;5;0;0;0;0;0;0;0;4.0;83;2;12;0;0;4;11662.0;01;7;1;Depot;T314;28;Kalt (-30° - 0,01° C);Tag;Klar;Illinois;Winter;Entgleisung;Frogs, Switches and Track Appliances;Track, Roadbed and Structures;Depot/Rangieren, Güterzug;152620.94923345267;Signifikant;False
5017;20160102A;2016;1;2;46724.0;46724.0;11779.0;34945.0;2;0;0;0;0;0;0;0;9.926406551346263;0;0;0;10;0;0;261.2351728552847;02;3;1;Depot;H307;46;Moderat (0° bis 19,99° C);Tag;Klar;Kalifornien;Winter;Kollision;General Switching Rules;Human Factors;Nahverkehrszug, Personenzug;42895.57034656874;Nicht Signifikant;False
5018;20161024TN;2016;10;24;57000.0;57000.0;2000.0;55000.0;1;0;0;0;0;0;0;0;2.958916643910756;0;0;29;0;0;4;1195.0;01;7;1;Depot;H704;80;Warm (20° bis 31,99° C);Abenddämmerung;Wolkig;Tennessee;Herbst;Entgleisung;Switches, Use of;Human Factors;Depot/Rangieren, EinzelneWagen;52336.79184647874;Nicht Signifikant;False
5019;201699;2003;10;19;40300.0;40300.0;300.0;40000.0;4;1;0;1;0;0;0;0;16.89389645878177;72;1;62;0;0;1;10125.889973591336;04;1;1;Hauptstrecke;H603;75;Warm (20° bis 31,99° C);Tag;Klar;Illinois;Herbst;Kollision;Speed;Human Factors;Güterzug, Lokomotive;34704.4808680426;Signifikant;True
5020;2017005;2017;1;7;15800.0;15800.0;0.0;15800.0;10;0;0;0;0;0;0;0;5.5;0;0;0;0;0;0;69.7799471826711;03;8;1;Depot;H307;18;Kalt (-30° - 0,01° C);Abend;Schnee;Montana;Winter;Kollision;General Switching Rules;Human Factors;Lokomotive, Lokomotive;14955.512084306178;Nicht Signifikant;False
5021;20178;1986;10;26;12075.0;12075.0;2500.0;9575.0;6;0;0;0;0;0;0;0;4.949628046035187;235;5;0;0;0;0;21460.0;01;1;1;Depot;T199;60;Moderat (0° bis 19,99° C);Tag;Wolkig;Mississippi;Herbst;Entgleisung;Track Geometry;Track, Roadbed and Structures;Güterzug, Güterzug;10242.59903299686;Nicht Signifikant;False
5022;2018028;2018;2;23;23000.0;23000.0;0.0;23000.0;2;0;0;1;0;0;0;0;7.935695149221832;0;0;124;0;0;1;2654.8899735913355;04;1;X;Depot;H607;0;Kalt (-30° - 0,01° C);Abend;Klar;Montana;Winter;Kollision;Speed;Human Factors;Güterzug, Lokomotive;18700.7073745833;Signifikant;False
5023;201808406;2018;8;11;117596.0;117596.0;10989.0;106607.0;2;1;0;0;0;0;0;0;6.940339448159618;0;0;0;4;0;0;144.34756011944285;01;7;1;Depot;H704;70;Warm (20° bis 31,99° C);Abend;Klar;New Jersey;Sommer;Entgleisung;Switches, Use of;Human Factors;Depot/Rangieren, Depot/Rangieren;102808.68424887076;Nicht Signifikant;False
5024;20182;1986;12;4;17600.0;17600.0;500.0;17100.0;5;3;0;0;0;0;0;0;4.0;7;0;129;10;0;0;7650.0;04;7;1;Depot;H603;43;Moderat (0° bis 19,99° C);Abend;Klar;Tennessee;Herbst;Kollision;Speed;Human Factors;Depot/Rangieren, Güterzug;14929.171261345322;Nicht Signifikant;False
5025;20184;1986;12;23;25800.0;25800.0;300.0;25500.0;4;0;0;0;0;0;0;0;4.949628046035187;28;2;38;0;0;0;4695.782794013312;04;6;1;Depot;H702;38;Moderat (0° bis 19,99° C);Abend;Regen;Mississippi;Winter;Kollision;Switches, Use of;Human Factors;EinzelneWagen, Güterzug;21884.807871744844;Nicht Signifikant;False
5026;20190;1987;2;28;23500.0;23500.0;1500.0;22000.0;5;1;0;0;0;0;0;0;4.949628046035187;18;2;70;0;0;6;4690.30212548536;04;7;1;Depot;M199;58;Moderat (0° bis 19,99° C);Abend;Regen;Mississippi;Winter;Kollision;Environmental Conditions;Environmental Conditions;Depot/Rangieren, EinzelneWagen;19933.83662736449;Nicht Signifikant;False
5027;2019056;2019;4;26;13500.0;13500.0;0.0;13500.0;8;0;0;0;0;0;0;0;7.935695149221832;0;0;0;0;0;0;69.7799471826711;03;8;1;Depot;H702;40;Moderat (0° bis 19,99° C);Abend;Klar;Montana;Frühling;Kollision;Switches, Use of;Human Factors;Lokomotive, Lokomotive;12126.111560226354;Nicht Signifikant;False
5028;2019102;2019;9;7;160000.0;160000.0;0.0;160000.0;3;0;0;0;0;0;0;0;11.917117953470694;2;0;109;0;0;0;5281.889973591336;04;1;1;Depot;H607;55;Moderat (0° bis 19,99° C);Abend;Wolkig;Montana;Sommer;Kollision;Speed;Human Factors;Güterzug, Lokomotive;145072.08269108713;Nicht Signifikant;True
5029;201911592;2019;10;29;173829.0;173829.0;1549.0;172280.0;3;0;0;0;0;0;0;0;8.931050850284048;0;0;0;8;0;0;222.69231805422777;03;8;1;Depot;H306;59;Moderat (0° bis 19,99° C);Tag;Klar;New Jersey;Herbst;Kollision;General Switching Rules;Human Factors;Lokomotive, Nahverkehrszug;156673.27625056333;Signifikant;False
5030;2019156;2019;10;14;21084.0;21084.0;0.0;21084.0;0;0;0;1;0;0;0;0;9.936919901153939;0;0;10;0;0;1;550.17395186864;03;A;3;Hauptstrecke;H607;60;Moderat (0° bis 19,99° C);Tag;Klar;Connecticut;Herbst;Kollision;Speed;Human Factors;Wartungszug, Wartungszug, Wartungszug, Wartungszug, Wartungszug, Wartungszug, Wartungszug;19113.407669295622;Signifikant;False
5031;201973;2019;6;20;14904.0;14904.0;0.0;14904.0;0;0;0;0;0;0;0;0;38.79172188215051;0;0;1;0;8;0;434.94994702499537;09;D;4;Hauptstrecke;H999;70;Warm (20° bis 31,99° C);Morgendämmerung;Klar;Connecticut;Frühling;Kollision;Miscellaneous;Human Factors;Personenzug, Wartungszug;13181.215176439373;Nicht Signifikant;False
5032;20201;1987;6;16;249700.0;249700.0;100000.0;149700.0;4;0;0;0;0;0;0;0;21.870674964092846;99;17;12;0;0;5;13550.647069220231;01;6;1;Nebenstrecke;H503;94;Heiß (>= 32° C);Tag;Klar;Illinois;Frühling;Entgleisung;Train Handling/Train Makeup;Human Factors;EinzelneWagen, Güterzug;211807.61727033675;Signifikant;True