index;INCDTNO;YEAR4;MONTH;DAY;ACCDMG;INFRASTRUCTURE_DMG;TRKDMG;EQPDMG;LOCOMOTIVES1;LOCOMOTIVES2;RREMPKLD;RREMPINJ;PASSKLD;PASSINJ;OTHERKLD;OTHERINJ;SPEED;LOADF1;LOADF2;EMPTYF1;EMPTYP1;LOADP1;EMPTYF2;TONS;TYPE;TYPEQ;TRKCLAS;TYPTRK;ACCAUSE;TEMP;TEMP_CLUSTER;VISIBLTY;WEATHER;STATE;Jahreszeit;ACCIDENT_TYPE;ACCCAUSE_LVL1;ACCCAUSE_LVL2;EQUIPMENT_TYPE;ACCDMG_EUR;ACCTYPE;SPD_TOO_HIGH
5033;20216MBT01;1992;2;16;448833.0;448833.0;7333.0;441500.0;2;0;0;3;0;10;0;0;50.5;0;0;0;2;8;0;443.0463916150639;07;2;3;Hauptstrecke;M399;47;Moderat (0° bis 19,99° C);Tag;Wolkig;Massachusetts;Winter;Bahnübergang;Loading Procedures;Loading;Personenzug, Personenzug;380721.8593604207;Schwer;False
5034;20244;1988;4;11;7786.0;;;;0;0;0;0;0;0;0;0;78.21189984927825;0;0;0;0;0;0;69.7799471826711;07;;4;Hauptstrecke;M399;60;Moderat (0° bis 19,99° C);Abend;Klar;Illinois;Frühling;Bahnübergang;Loading Procedures;Loading;NaN, NaN;6604.4617864110605;Nicht Signifikant;
5035;20260;1988;12;3;17122.0;17122.0;8564.0;8558.0;3;0;0;0;0;0;0;0;0.0;65;0;37;0;0;1;8179.940896570624;04;6;1;Nebenstrecke;H021;50;Moderat (0° bis 19,99° C);Abend;Klar;Mississippi;Herbst;Kollision;Brakes, Use of;Human Factors;EinzelneWagen, Güterzug;14523.708541861057;Nicht Signifikant;False
5036;20268;1989;2;4;808700.0;808700.0;2000.0;806700.0;13;8;0;2;0;0;0;0;18.58664237464561;267;6;58;0;0;0;34395.0;03;1;3;Hauptstrecke;H999;10;Kalt (-30° - 0,01° C);Abend;Schnee;Illinois;Winter;Kollision;Miscellaneous;Human Factors;Güterzug, Güterzug, Güterzug;685978.454491475;Signifikant;False
5037;20305;1989;8;29;973500.0;973500.0;1500.0;972000.0;5;5;1;1;0;0;0;0;44.763856088523795;13;4;0;0;0;0;1194.8899735913355;02;1;4;Hauptstrecke;M503;75;Warm (20° bis 31,99° C);Abend;Wolkig;Illinois;Sommer;Kollision;Other Miscellaneous;Miscellaneous Causes;Güterzug, Lokomotive;825769.7853931631;Schwer;False
5038;20313;1989;9;20;421974.0;421974.0;0.0;421974.0;7;2;0;6;0;0;0;0;10.0;78;4;68;0;0;0;10878.0;02;1;4;Hauptstrecke;H305;85;Warm (20° bis 31,99° C);Tag;Klar;Mississippi;Sommer;Kollision;General Switching Rules;Human Factors;Güterzug, Güterzug;357938.7564678938;Schwer;False
5039;20322;1989;11;27;892500.0;892500.0;3500.0;889000.0;7;5;0;3;0;0;0;0;10.0;139;0;29;0;0;0;18125.0;02;1;4;Hauptstrecke;H405;70;Warm (20° bis 31,99° C);Abend;Klar;Mississippi;Herbst;Kollision;Main Track Authority;Human Factors;Güterzug, Güterzug;757061.6676562898;Signifikant;False
5040;20397;1990;11;18;47450.0;47450.0;500.0;46950.0;4;2;0;2;0;0;0;0;7.617604367564176;0;0;25;0;0;3;1139.8899735913355;02;7;X;Depot;H299;50;Moderat (0° bis 19,99° C);Abend;Klar;Tennessee;Herbst;Kollision;Flagging, Fixed, Hand and Radio Signals;Human Factors;Depot/Rangieren, Depot/Rangieren, Depot/Rangieren;40249.385019933834;Signifikant;False
5041;20404;1991;1;23;30400.0;30400.0;400.0;30000.0;4;0;0;0;0;0;0;0;6.940339448159618;41;0;43;0;0;0;5734.889973591336;04;1;2;Depot;H702;35;Moderat (0° bis 19,99° C);Abend;Klar;Kentucky;Winter;Kollision;Switches, Use of;Human Factors;Güterzug, Lokomotive;25786.750360505554;Nicht Signifikant;False
5042;20405;1991;2;5;17350.0;17350.0;500.0;16850.0;2;0;0;0;0;0;0;0;3.9542723449729715;53;2;13;0;0;0;6428.404822649853;01;6;X;Depot;T212;70;Warm (20° bis 31,99° C);Tag;Wolkig;Mississippi;Winter;Entgleisung;Rail, Joint Bar and Rail Anchoring;Track, Roadbed and Structures;EinzelneWagen, Güterzug;14717.109169564848;Nicht Signifikant;False
5043;20411;1991;3;8;29000.0;29000.0;0.0;29000.0;2;0;0;0;0;0;0;0;4.949628046035187;20;2;7;0;0;1;2598.7514258597935;04;7;1;Industriestrecke;H020;20;Kalt (-30° - 0,01° C);Abend;Wolkig;Illinois;Winter;Kollision;Brakes, Use of;Human Factors;Depot/Rangieren, EinzelneWagen;24599.202646534904;Nicht Signifikant;False
5044;20418;1991;3;27;38500.0;38500.0;2000.0;36500.0;2;0;0;0;0;0;0;0;6.940339448159618;101;3;16;0;0;0;12329.004863999315;01;6;X;Depot;T101;62;Moderat (0° bis 19,99° C);Abend;Wolkig;Louisiana;Frühling;Entgleisung;Track Geometry;Track, Roadbed and Structures;EinzelneWagen, Güterzug;32657.56213419289;Nicht Signifikant;False
5045;20441;1991;6;18;21000.0;21000.0;0.0;21000.0;1;0;0;0;0;0;0;0;4.949628046035187;0;0;29;0;0;2;955.6859125401489;01;7;1;Depot;H312;78;Warm (20° bis 31,99° C);Abend;Klar;Tennessee;Frühling;Entgleisung;General Switching Rules;Human Factors;Depot/Rangieren, EinzelneWagen;17813.215709559758;Nicht Signifikant;False
5046;20452;1991;7;14;18000.0;18000.0;0.0;18000.0;2;0;0;0;0;0;0;0;3.0;30;0;50;0;0;0;5004.823193609846;04;7;X;Depot;H020;94;Heiß (>= 32° C);Tag;Wolkig;Tennessee;Sommer;Kollision;Brakes, Use of;Human Factors;Depot/Rangieren, Depot/Rangieren;15268.470608194079;Nicht Signifikant;False
5047;20468;1991;9;19;26100.0;26100.0;100.0;26000.0;0;0;0;0;0;0;0;0;0.0;26;1;12;0;0;0;3412.4389484730664;04;6;1;Depot;H020;65;Moderat (0° bis 19,99° C);Tag;Klar;Tennessee;Sommer;Kollision;Brakes, Use of;Human Factors;EinzelneWagen, EinzelneWagen;22139.282381881414;Nicht Signifikant;False
5048;204683;2007;12;23;573927.0;573927.0;115000.0;458927.0;3;0;0;0;0;0;0;0;45.75921178958602;117;40;9;0;0;6;17077.78787320667;01;6;1;Nebenstrecke;T201;4;Kalt (-30° - 0,01° C);Abend;Schnee;North Dakota;Winter;Entgleisung;Rail, Joint Bar and Rail Anchoring;Track, Roadbed and Structures;EinzelneWagen, Güterzug;398781.96220122295;Signifikant;True
5049;20470;1991;10;1;66100.0;66100.0;1100.0;65000.0;2;0;0;0;0;0;0;0;3.9542723449729715;33;3;3;0;0;1;3488.590553429297;04;6;1;Depot;H020;65;Moderat (0° bis 19,99° C);Abend;Klar;Illinois;Herbst;Kollision;Brakes, Use of;Human Factors;EinzelneWagen, Güterzug;56069.21706675714;Nicht Signifikant;False
5050;20489;1992;1;2;244500.0;244500.0;8000.0;236500.0;2;0;0;0;0;0;0;0;19.879963561968417;97;14;1;0;0;0;12529.336383802323;01;5;X;Depot;T220;37;Moderat (0° bis 19,99° C);Tag;Regen;Tennessee;Winter;Entgleisung;Rail, Joint Bar and Rail Anchoring;Track, Roadbed and Structures;EinzelneWagen, Güterzug;207396.7257613029;Signifikant;True
5051;20514;1992;3;22;293000.0;293000.0;3000.0;290000.0;6;3;1;0;0;0;0;0;14.5;52;0;22;0;0;3;4788.0;02;1;4;Hauptstrecke;H212;45;Moderat (0° bis 19,99° C);Abend;Wolkig;Kentucky;Frühling;Kollision;Flagging, Fixed, Hand and Radio Signals;Human Factors;Güterzug, Güterzug;248536.7715667147;Schwer;False
5052;20528;1992;6;11;612819.0;612819.0;50000.0;562819.0;7;7;0;2;0;0;0;0;23.86138636621728;183;9;92;0;0;12;24928.0;02;1;4;Hauptstrecke;H008;84;Warm (20° bis 31,99° C);Abenddämmerung;Wolkig;Mississippi;Frühling;Kollision;Brakes, Use of;Human Factors;Güterzug, Güterzug;519822.7160912715;Signifikant;False
5053;20535;1992;8;4;13700.0;13700.0;0.0;13700.0;4;0;0;0;0;0;0;0;3.9542723449729715;44;0;27;0;0;0;5897.15970216673;06;7;1;Depot;E39C;80;Warm (20° bis 31,99° C);Tag;Wolkig;Tennessee;Sommer;Kollision;Coupler and Draft System;Mechanical and Electrical Failures;Depot/Rangieren, Depot/Rangieren;11621.002629569937;Nicht Signifikant;False
5054;20547;1992;9;19;95958.0;95958.0;750.0;95208.0;6;0;0;0;0;0;0;0;9.901875401795017;186;1;206;0;0;2;28751.592462837503;01;6;2;Depot;M503;78;Warm (20° bis 31,99° C);Tag;Regen;Mississippi;Sommer;Entgleisung;Other Miscellaneous;Miscellaneous Causes;EinzelneWagen, Güterzug, Güterzug;81396.21681228263;Nicht Signifikant;False
5055;20553;1992;10;20;67800.0;67800.0;2500.0;65300.0;2;0;0;0;0;0;0;0;3.9390297932972955;15;0;31;0;0;8;3092.403128721187;01;6;1;Industriestrecke;T101;55;Moderat (0° bis 19,99° C);Abend;Klar;Louisiana;Herbst;Entgleisung;Track Geometry;Track, Roadbed and Structures;EinzelneWagen, EinzelneWagen, Güterzug;57511.23929086436;Nicht Signifikant;False
5056;20558;1992;11;17;20100.0;20100.0;0.0;18000.0;1;0;0;0;0;0;0;0;3.9542723449729715;33;4;0;0;0;0;3902.211120639455;01;7;1;Depot;T314;55;Moderat (0° bis 19,99° C);Tag;Klar;Tennessee;Herbst;Entgleisung;Frogs, Switches and Track Appliances;Track, Roadbed and Structures;Depot/Rangieren, EinzelneWagen;17049.792179150056;Nicht Signifikant;False
5057;20564;1992;12;28;11800.0;11800.0;300.0;11500.0;2;0;0;0;0;0;0;0;14.0;2;1;0;0;0;0;316.90383723900163;04;6;X;Nebenstrecke;E0HC;50;Moderat (0° bis 19,99° C);Abenddämmerung;Wolkig;Mississippi;Winter;Kollision;Brakes;Mechanical and Electrical Failures;EinzelneWagen, Lokomotive;10009.330732038341;Nicht Signifikant;True
5058;20571;1993;2;4;16400.0;16400.0;0.0;16400.0;2;0;0;0;0;0;0;0;3.0;13;0;99;0;0;0;4805.610592810128;04;6;X;Depot;H020;50;Moderat (0° bis 19,99° C);Abend;Wolkig;Louisiana;Winter;Kollision;Brakes, Use of;Human Factors;EinzelneWagen, Güterzug;13911.273220799048;Nicht Signifikant;False
5059;20574;1993;2;13;10000.0;10000.0;1000.0;9000.0;2;0;0;0;0;0;0;0;2.958916643910756;4;3;6;0;0;6;775.1954372755176;01;6;1;Depot;E31C;30;Kalt (-30° - 0,01° C);Abend;Klar;Illinois;Winter;Entgleisung;Coupler and Draft System;Mechanical and Electrical Failures;EinzelneWagen, Güterzug;8482.483671218932;Nicht Signifikant;False
5060;20583;1993;3;19;13350.0;13350.0;0.0;13350.0;1;0;0;0;0;0;0;0;3.0;1;0;3;0;0;0;268.647398120594;04;7;X;Depot;H021;40;Moderat (0° bis 19,99° C);Abend;Regen;Tennessee;Winter;Kollision;Brakes, Use of;Human Factors;Depot/Rangieren, EinzelneWagen;11324.115701077275;Nicht Signifikant;False
5061;20588;1993;4;17;12250.0;12250.0;0.0;12250.0;2;0;0;0;0;0;0;0;5.0;33;0;3;0;0;0;3915.114187281166;04;7;1;Depot;H306;40;Moderat (0° bis 19,99° C);Abend;Klar;Tennessee;Frühling;Kollision;General Switching Rules;Human Factors;Depot/Rangieren, Depot/Rangieren;10391.042497243192;Nicht Signifikant;False
5062;20600;1993;7;2;86650.0;86650.0;1200.0;85450.0;4;0;0;0;0;0;0;0;3.5;66;0;47;0;0;2;9168.0;04;1;1;Depot;H306;82;Warm (20° bis 31,99° C);Abend;Klar;Louisiana;Sommer;Kollision;General Switching Rules;Human Factors;Güterzug, Güterzug;73500.72101111205;Nicht Signifikant;False
5063;20601;1993;7;9;25200.0;25200.0;0.0;22000.0;4;0;0;0;0;0;0;0;3.9542723449729715;35;2;0;0;0;0;4090.5078877023448;01;7;1;Depot;T399;95;Heiß (>= 32° C);Tag;Klar;Tennessee;Sommer;Entgleisung;Frogs, Switches and Track Appliances;Track, Roadbed and Structures;Depot/Rangieren, Lokomotive;21375.85885147171;Nicht Signifikant;False
5064;20610;1993;8;12;94020.0;94020.0;2000.0;92020.0;5;0;0;0;0;0;0;0;6.0;82;3;30;0;0;4;10376.028326382588;01;7;1;Depot;T311;85;Warm (20° bis 31,99° C);Abend;Klar;Tennessee;Sommer;Entgleisung;Frogs, Switches and Track Appliances;Track, Roadbed and Structures;Depot/Rangieren, Depot/Rangieren;79752.3114768004;Nicht Signifikant;False
5065;20618;1993;9;23;74550.0;74550.0;500.0;74050.0;4;0;0;0;0;0;0;0;7.617604367564176;150;0;74;0;0;1;20889.645699020886;04;6;1;Depot;H020;84;Warm (20° bis 31,99° C);Tag;Klar;Louisiana;Herbst;Kollision;Brakes, Use of;Human Factors;EinzelneWagen, Güterzug, Güterzug;63236.91576893714;Nicht Signifikant;False
5066;20619;1993;9;28;60308.0;60308.0;5000.0;55308.0;2;0;0;0;0;0;0;0;5.5;13;1;14;0;0;4;2176.256439118408;04;7;2;Depot;H702;51;Moderat (0° bis 19,99° C);Abend;Klar;Mississippi;Herbst;Kollision;Switches, Use of;Human Factors;Depot/Rangieren, EinzelneWagen;51156.16252438714;Nicht Signifikant;False
5067;20622;1993;10;11;13800.0;13800.0;300.0;13500.0;2;0;0;0;0;0;0;0;1.9635609428485408;67;0;80;0;0;2;10113.253578768505;04;6;2;Hauptstrecke;H008;47;Moderat (0° bis 19,99° C);Tag;Wolkig;Kentucky;Herbst;Kollision;Brakes, Use of;Human Factors;EinzelneWagen, Güterzug;11705.827466282128;Nicht Signifikant;False
5068;20624;1993;10;23;10500.0;10500.0;0.0;10500.0;2;0;0;0;0;0;0;0;3.5;29;1;20;0;0;0;4099.267658680494;06;6;4;Hauptstrecke;H008;59;Moderat (0° bis 19,99° C);Abend;Klar;Mississippi;Herbst;Kollision;Brakes, Use of;Human Factors;EinzelneWagen, Güterzug;8906.607854779879;Nicht Signifikant;False
5069;20629;1993;11;16;21500.0;21500.0;300.0;21200.0;2;0;0;0;0;0;0;0;2.0;19;1;18;0;0;0;2798.815438034187;04;7;1;Depot;H401;45;Moderat (0° bis 19,99° C);Abend;Wolkig;Tennessee;Herbst;Kollision;Main Track Authority;Human Factors;Depot/Rangieren, Depot/Rangieren;18237.339893120705;Nicht Signifikant;False
5070;20649;1994;2;26;10000.0;10000.0;0.0;10000.0;1;0;0;0;0;0;0;0;3.9542723449729715;1;1;1;0;0;0;165.33638380232395;05;7;1;Depot;H399;40;Moderat (0° bis 19,99° C);Abend;Klar;Tennessee;Winter;Kollision;General Switching Rules;Human Factors;Depot/Rangieren, EinzelneWagen;8482.483671218932;Nicht Signifikant;False
5071;20651;1994;2;26;1248580.0;1248580.0;2000.0;1246578.0;4;4;1;3;0;0;0;0;29.5;120;0;113;0;0;22;16316.0;02;1;4;Hauptstrecke;H404;50;Moderat (0° bis 19,99° C);Tag;Klar;Mississippi;Winter;Kollision;Main Track Authority;Human Factors;Güterzug, Güterzug;1059105.9462210534;Schwer;False
5072;20656;1994;3;29;20469.0;20469.0;0.0;16100.0;1;0;0;0;0;0;0;0;0.9682052417863254;69;1;5;0;0;0;7878.127558527607;04;7;1;Depot;H306;40;Moderat (0° bis 19,99° C);Abend;Klar;Alabama;Frühling;Kollision;General Switching Rules;Human Factors;Depot/Rangieren, EinzelneWagen;17362.795826618032;Nicht Signifikant;False
5073;20673;1994;5;2;18500.0;18500.0;500.0;18000.0;4;0;0;0;0;0;0;0;4.0;30;3;13;0;0;0;3501.0;04;1;1;Depot;H306;34;Moderat (0° bis 19,99° C);Abend;Wolkig;Illinois;Frühling;Kollision;General Switching Rules;Human Factors;Güterzug, Güterzug;15692.594791755026;Nicht Signifikant;False
5074;20687;1994;7;21;53725.0;53725.0;650.0;53075.0;2;0;0;0;0;0;0;0;4.949628046035187;86;2;39;0;0;1;8557.347691684254;04;6;1;Depot;H020;80;Warm (20° bis 31,99° C);Tag;Klar;Mississippi;Sommer;Kollision;Brakes, Use of;Human Factors;EinzelneWagen, Güterzug;45572.143523623716;Nicht Signifikant;False
5075;207554;2008;7;22;8726.0;8726.0;1380.0;7346.0;2;0;0;0;0;0;0;0;7.914260198962443;1;0;15;0;0;3;679.5636023263121;01;6;1;Depot;H303;80;Warm (20° bis 31,99° C);Tag;Klar;North Dakota;Sommer;Entgleisung;General Switching Rules;Human Factors;EinzelneWagen, EinzelneWagen, Güterzug;5481.500094227024;Nicht Signifikant;False
5076;20768;1995;10;25;85249.0;85249.0;0.0;85249.0;2;0;0;0;0;0;0;0;6.5;0;0;125;0;0;23;3977.683184222747;04;6;4;Industriestrecke;H018;41;Moderat (0° bis 19,99° C);Abend;Klar;Mississippi;Herbst;Kollision;Brakes, Use of;Human Factors;EinzelneWagen, Güterzug;72312.32504877428;Nicht Signifikant;False
5077;20801;1996;3;14;6650.0;6650.0;350.0;6300.0;0;0;0;0;0;0;0;0;2.958916643910756;37;1;37;0;0;1;5426.4109081890265;04;6;1;Depot;H020;47;Moderat (0° bis 19,99° C);Abend;Klar;Illinois;Winter;Kollision;Brakes, Use of;Human Factors;EinzelneWagen, EinzelneWagen;5640.85164136059;Nicht Signifikant;False
5078;20802;1996;3;14;105000.0;105000.0;500.0;104500.0;2;0;0;0;0;0;0;0;1.9635609428485408;92;1;133;0;0;4;13357.748114338145;04;6;1;Depot;H999;60;Moderat (0° bis 19,99° C);Abend;Wolkig;Mississippi;Winter;Kollision;Miscellaneous;Human Factors;EinzelneWagen, Güterzug;89066.0785477988;Nicht Signifikant;False
5079;20807;1996;4;14;76000.0;76000.0;14000.0;62000.0;3;0;0;0;0;0;0;0;7.935695149221832;123;4;58;0;0;1;17751.261800448072;01;6;1;Depot;T310;62;Moderat (0° bis 19,99° C);Abend;Wolkig;Louisiana;Frühling;Entgleisung;Frogs, Switches and Track Appliances;Track, Roadbed and Structures;EinzelneWagen, Güterzug;64466.875901263884;Nicht Signifikant;False
5080;20815;1996;5;18;62850.0;62850.0;2500.0;60350.0;4;0;0;0;0;0;0;0;4.5;52;0;41;0;0;11;9432.522197743312;04;6;1;Depot;H702;65;Moderat (0° bis 19,99° C);Abend;Klar;Illinois;Frühling;Kollision;Switches, Use of;Human Factors;EinzelneWagen, Güterzug;53312.40987361099;Nicht Signifikant;False
5081;20822;1996;8;8;37000.0;37000.0;0.0;37000.0;4;0;0;0;0;0;0;0;2.5;34;0;56;0;0;0;5989.0;04;1;1;Depot;H307;70;Warm (20° bis 31,99° C);Tag;Klar;Illinois;Sommer;Kollision;General Switching Rules;Human Factors;Güterzug, Güterzug;31385.18958351005;Nicht Signifikant;False
5082;20825;1996;7;16;10000.0;10000.0;0.0;10000.0;3;0;0;0;0;0;0;0;4.949628046035187;20;0;105;0;0;0;6042.444470615727;04;6;2;Hauptstrecke;H702;85;Warm (20° bis 31,99° C);Tag;Klar;Illinois;Sommer;Kollision;Switches, Use of;Human Factors;EinzelneWagen, Güterzug;8482.483671218932;Nicht Signifikant;False
5083;20829;1996;9;4;44350.0;44350.0;0.0;44350.0;4;0;0;0;0;0;0;0;5.0;75;0;107;0;0;4;10819.0;04;1;1;Depot;H306;85;Warm (20° bis 31,99° C);Tag;Klar;Louisiana;Sommer;Kollision;General Switching Rules;Human Factors;Güterzug, Güterzug;37619.815081855966;Nicht Signifikant;False
5084;20855;1996;11;17;25250.0;25250.0;0.0;25250.0;4;0;0;0;0;0;0;0;3.9542723449729715;24;0;16;0;0;0;3436.8899735913355;04;1;1;Depot;H605;50;Moderat (0° bis 19,99° C);Abend;Regen;Illinois;Herbst;Kollision;Speed;Human Factors;Güterzug, Lokomotive;21418.271269827805;Nicht Signifikant;False
5085;209549;2008;12;17;1539834.0;1539834.0;598828.0;941006.0;5;2;0;1;0;0;0;0;33.5;19;13;96;0;0;13;5011.0;04;1;4;Hauptstrecke;H221;10;Kalt (-30° - 0,01° C);Abend;Schnee;Minnesota;Herbst;Kollision;Flagging, Fixed, Hand and Radio Signals;Human Factors;Güterzug, Güterzug;1095265.6661213457;Signifikant;False
5086;20D;1986;2;13;27920.0;27920.0;8920.0;19000.0;0;0;0;0;0;0;0;0;6.0;2;2;0;0;0;0;336.5128782368152;01;5;2;Depot;T101;18;Kalt (-30° - 0,01° C);Abend;Klar;Virginia;Winter;Entgleisung;Track Geometry;Track, Roadbed and Structures;EinzelneWagen, EinzelneWagen;23683.09441004326;Nicht Signifikant;False
5087;21018MWDBB;1992;10;18;6696.0;6696.0;3000.0;3696.0;3;1;0;0;0;0;0;0;3.0;0;0;0;0;0;0;69.7799471826711;04;7;1;Depot;H399;40;Moderat (0° bis 19,99° C);Abend;Klar;Illinois;Herbst;Kollision;General Switching Rules;Human Factors;Depot/Rangieren, Depot/Rangieren;5679.871066248197;Nicht Signifikant;False
5088;2105;2015;5;29;33403.0;33403.0;0.0;33403.0;2;0;0;0;0;0;0;0;5.0;74;0;0;0;0;0;5515.0;04;7;1;Depot;H305;82;Warm (20° bis 31,99° C);Tag;Klar;Indiana;Frühling;Kollision;General Switching Rules;Human Factors;Depot/Rangieren, Depot/Rangieren;30449.40747493163;Nicht Signifikant;False
5089;210785101;1985;7;16;15421.0;15421.0;500.0;14921.0;3;0;0;0;0;0;0;0;10.0;7;0;50;0;0;5;3776.6166860035246;06;6;1;Hauptstrecke;H702;86;Warm (20° bis 31,99° C);Tag;Klar;New Mexico;Sommer;Kollision;Switches, Use of;Human Factors;EinzelneWagen, Güterzug;13080.838069386717;Nicht Signifikant;False
5090;210785102;1985;7;31;679955.0;679955.0;99955.0;580000.0;9;5;0;2;0;0;0;0;31.5;106;4;0;0;0;0;7751.0;04;1;3;Hauptstrecke;H204;75;Warm (20° bis 31,99° C);Tag;Klar;New Mexico;Sommer;Kollision;Flagging, Fixed, Hand and Radio Signals;Human Factors;Güterzug, Güterzug;576770.7184663669;Signifikant;False
5091;211;2011;4;12;18083.0;18083.0;0.0;18083.0;0;0;0;0;0;0;0;0;14.903185056657339;0;0;2;0;0;0;130.67276760464793;09;A;2;Hauptstrecke;H997;37;Moderat (0° bis 19,99° C);Tag;Klar;Tennessee;Frühling;Kollision;Miscellaneous;Human Factors;Wartungszug, Wartungszug;12496.89011748445;Nicht Signifikant;False
5092;21101MWDCC;1992;11;1;30000.0;30000.0;0.0;30000.0;3;0;0;0;0;0;0;0;4.0;0;0;0;0;12;0;571.8653316296749;04;2;1;Depot;H603;32;Moderat (0° bis 19,99° C);Tag;Wolkig;Illinois;Herbst;Kollision;Speed;Human Factors;Personenzug, Personenzug;25447.4510136568;Nicht Signifikant;False
5093;211186101;1986;11;20;112700.0;112700.0;4200.0;108500.0;14;3;0;1;0;0;0;0;11.0;123;4;101;0;0;3;19530.0;05;1;1;Nebenstrecke;H702;48;Moderat (0° bis 19,99° C);Abend;Klar;New Mexico;Herbst;Kollision;Switches, Use of;Human Factors;Güterzug, Güterzug;95597.59097463737;Signifikant;True
5094;211259;2009;5;4;16233.0;16233.0;120.0;16113.0;4;0;0;0;0;0;0;0;5.944983747097401;43;0;24;0;0;0;6449.889973591336;04;1;1;Depot;H599;50;Moderat (0° bis 19,99° C);Abend;Klar;Illinois;Frühling;Kollision;Train Handling/Train Makeup;Human Factors;Güterzug, Lokomotive;12276.33668607729;Nicht Signifikant;False
5095;211764;2009;6;9;16482.0;16482.0;7584.0;8898.0;2;0;0;0;0;0;0;0;3.0;3;0;27;0;0;4;1110.0;01;7;1;Depot;T399;65;Moderat (0° bis 19,99° C);Abend;Klar;Illinois;Frühling;Entgleisung;Frogs, Switches and Track Appliances;Track, Roadbed and Structures;Depot/Rangieren, Depot/Rangieren;11807.436062755212;Nicht Signifikant;False
5096;212490;2009;7;29;200931.0;200931.0;3805.0;197126.0;3;1;0;1;0;0;0;0;5.0;16;0;6;0;0;0;1138.0;04;7;1;Depot;H399;75;Warm (20° bis 31,99° C);Morgendämmerung;Klar;Illinois;Sommer;Kollision;General Switching Rules;Human Factors;Depot/Rangieren, Depot/Rangieren;142463.84004537718;Signifikant;False
5097;212578;2009;8;1;9581.0;9581.0;0.0;9581.0;2;0;0;0;0;0;0;0;4.949628046035187;0;0;0;0;0;0;69.7799471826711;03;8;1;Depot;H995;70;Warm (20° bis 31,99° C);Morgendämmerung;Klar;Illinois;Sommer;Kollision;Miscellaneous;Human Factors;Lokomotive, Lokomotive;6750.510815190588;Nicht Signifikant;False
5098;2126;2015;8;5;219170.0;219170.0;5726.0;213444.0;2;0;0;0;0;0;0;0;9.0;69;1;0;0;0;0;7938.65128069932;04;7;1;Depot;H306;85;Warm (20° bis 31,99° C);Tag;Klar;Indiana;Sommer;Kollision;General Switching Rules;Human Factors;Depot/Rangieren, Depot/Rangieren;201387.48506845537;Signifikant;False
5099;213738;2009;11;1;1625065.0;1625065.0;256952.0;687295.0;7;0;0;0;0;0;0;0;23.86138636621728;105;14;91;0;0;4;16910.0;01;1;2;Hauptstrecke;E23C;50;Moderat (0° bis 19,99° C);Tag;Klar;Illinois;Herbst;Entgleisung;Body;Mechanical and Electrical Failures;Güterzug, Güterzug;1099403.5269709544;Signifikant;False
5100;214348;2004;3;15;9500.0;9500.0;0.0;9500.0;4;0;0;0;0;0;0;0;3.0;94;0;34;0;0;0;11684.0;04;1;1;Depot;H310;36;Moderat (0° bis 19,99° C);Tag;Schnee;Illinois;Winter;Kollision;General Switching Rules;Human Factors;Güterzug, Güterzug;7737.416517348102;Nicht Signifikant;False
5101;2153;2015;10;11;37901.0;37901.0;1313.0;36588.0;2;0;0;0;0;0;0;0;3.0;62;2;0;0;0;0;5044.830684410992;04;7;1;Depot;H702;48;Moderat (0° bis 19,99° C);Abend;Klar;Indiana;Herbst;Kollision;Switches, Use of;Human Factors;Depot/Rangieren, Depot/Rangieren;33336.16746804269;Nicht Signifikant;False
5102;2165;2015;12;10;540865.0;540865.0;2323.0;538542.0;2;0;0;0;0;0;0;0;4.0;5;0;27;0;0;6;1880.0;04;7;1;Depot;H318;53;Moderat (0° bis 19,99° C);Abend;Klar;Indiana;Herbst;Kollision;General Switching Rules;Human Factors;Depot/Rangieren, Depot/Rangieren;494256.6023942246;Signifikant;False
5103;2181;2016;2;8;25890.0;25890.0;0.0;25890.0;3;0;0;1;0;0;0;0;7.935695149221832;0;0;0;0;0;0;69.7799471826711;03;8;1;Depot;H607;32;Moderat (0° bis 19,99° C);Abend;Klar;Indiana;Winter;Kollision;Speed;Human Factors;Lokomotive, Lokomotive;23322.22322313305;Signifikant;False
5104;2192;2016;3;11;46108.0;46108.0;0.0;46108.0;2;0;0;0;0;0;0;0;5.0;86;0;0;0;0;0;11510.0;04;7;1;Depot;H306;40;Moderat (0° bis 19,99° C);Abend;Klar;Indiana;Winter;Kollision;General Switching Rules;Human Factors;Depot/Rangieren, Depot/Rangieren;41576.19477006312;Nicht Signifikant;False
5105;219870;2010;5;15;373557.0;373557.0;2950.0;370607.0;6;0;0;0;0;0;0;0;5.944983747097401;184;7;32;0;0;0;24485.0;04;1;1;Depot;H702;55;Moderat (0° bis 19,99° C);Tag;Klar;Minnesota;Frühling;Kollision;Switches, Use of;Human Factors;Güterzug, Güterzug;300182.4123429673;Signifikant;False
5106;220285101;1985;2;3;50000.0;50000.0;9000.0;41000.0;10;0;0;0;0;0;0;0;9.926406551346263;46;1;35;0;0;3;5072.889973591336;01;1;1;Depot;H503;8;Kalt (-30° - 0,01° C);Abend;Klar;Texas;Winter;Entgleisung;Train Handling/Train Makeup;Human Factors;Güterzug, Lokomotive;42412.41835609466;Nicht Signifikant;False