index;INCDTNO;YEAR4;MONTH;DAY;ACCDMG;INFRASTRUCTURE_DMG;TRKDMG;EQPDMG;LOCOMOTIVES1;LOCOMOTIVES2;RREMPKLD;RREMPINJ;PASSKLD;PASSINJ;OTHERKLD;OTHERINJ;SPEED;LOADF1;LOADF2;EMPTYF1;EMPTYP1;LOADP1;EMPTYF2;TONS;TYPE;TYPEQ;TRKCLAS;TYPTRK;ACCAUSE;TEMP;TEMP_CLUSTER;VISIBLTY;WEATHER;STATE;Jahreszeit;ACCIDENT_TYPE;ACCCAUSE_LVL1;ACCCAUSE_LVL2;EQUIPMENT_TYPE;ACCDMG_EUR;ACCTYPE;SPD_TOO_HIGH
5107;220287102;1987;2;5;39957.0;39957.0;32300.0;7657.0;2;0;0;0;0;0;0;0;6.940339448159618;2;0;25;0;0;4;1258.6533755729988;04;7;1;Depot;H021;45;Moderat (0° bis 19,99° C);Abend;Regen;Texas;Winter;Kollision;Brakes, Use of;Human Factors;Depot/Rangieren, EinzelneWagen;33893.46000508949;Nicht Signifikant;False
5108;220386103;1986;3;29;9200.0;9200.0;100.0;9100.0;1;0;0;0;0;0;0;0;4.949628046035187;0;0;5;0;0;1;185.78279401331238;05;7;1;Depot;H020;72;Warm (20° bis 31,99° C);Tag;Wolkig;Oklahoma;Frühling;Kollision;Brakes, Use of;Human Factors;Depot/Rangieren, EinzelneWagen;7803.884977521418;Nicht Signifikant;False
5109;220588101;1988;5;11;8700.0;8700.0;500.0;8200.0;2;0;0;0;0;0;0;0;4.949628046035187;5;1;26;0;0;1;1280.1669514392802;01;7;1;Depot;H702;65;Moderat (0° bis 19,99° C);Morgendämmerung;Wolkig;Texas;Frühling;Entgleisung;Switches, Use of;Human Factors;Depot/Rangieren, EinzelneWagen;7379.760793960471;Nicht Signifikant;False
5110;220685101;1985;6;8;23550.0;23550.0;11700.0;350.0;0;0;0;0;0;0;0;0;5.889967494194804;0;0;1;0;0;0;100.22635739365951;01;5;1;Depot;H503;85;Warm (20° bis 31,99° C);Abend;Klar;Texas;Frühling;Entgleisung;Train Handling/Train Makeup;Human Factors;EinzelneWagen, NaN;19976.249045720586;Nicht Signifikant;False
5111;220887101;1987;8;1;13635.0;13635.0;60.0;13575.0;1;0;0;0;0;0;0;0;4.949628046035187;8;0;10;0;0;0;1253.336383802324;04;7;1;Depot;H020;97;Heiß (>= 32° C);Abend;Klar;Texas;Sommer;Kollision;Brakes, Use of;Human Factors;Depot/Rangieren, EinzelneWagen;11565.866485707014;Nicht Signifikant;False
5112;220887102;1987;8;3;11238.0;11238.0;0.0;11238.0;0;0;0;0;0;0;0;0;2.958916643910756;6;5;0;0;0;0;850.36969934729;05;5;1;Depot;H306;85;Warm (20° bis 31,99° C);Abend;Klar;Texas;Sommer;Kollision;General Switching Rules;Human Factors;EinzelneWagen, EinzelneWagen;9532.615149715837;Nicht Signifikant;False
5113;221257;2010;8;11;121848.0;121848.0;1952.0;119896.0;4;0;0;0;0;0;0;0;6.5;66;0;11;0;0;2;8085.66647026545;01;7;1;Depot;E32C;72;Warm (20° bis 31,99° C);Tag;Klar;New York;Sommer;Entgleisung;Coupler and Draft System;Mechanical and Electrical Failures;Depot/Rangieren, Güterzug;93614.01352181929;Nicht Signifikant;False
5114;22185;1985;2;21;21900.0;21900.0;0.0;21900.0;5;0;0;0;0;0;0;0;6.0;39;2;54;0;0;0;5493.936970279239;04;7;1;Depot;H307;40;Moderat (0° bis 19,99° C);Tag;Regen;Illinois;Winter;Kollision;General Switching Rules;Human Factors;Depot/Rangieren, Güterzug;18576.639239969463;Nicht Signifikant;False
5115;221939;2010;9;25;63996.0;63996.0;2627.0;61369.0;4;0;0;0;0;0;0;0;4.0;99;1;31;0;0;0;11887.0;03;7;1;Depot;H306;65;Moderat (0° bis 19,99° C);Abend;Klar;New York;Herbst;Kollision;General Switching Rules;Human Factors;Depot/Rangieren, Güterzug;47638.520135976774;Nicht Signifikant;False
5116;222658;2010;11;4;35000.0;35000.0;0.0;35000.0;0;0;0;0;0;0;0;0;2.958916643910756;0;0;3;0;0;0;161.11917781563636;09;A;3;Hauptstrecke;H997;29;Kalt (-30° - 0,01° C);Tag;Regen;Illinois;Herbst;Kollision;Miscellaneous;Human Factors;Wartungszug, Wartungszug;24571.749508565008;Nicht Signifikant;False
5117;223638;2011;1;12;436551.0;436551.0;47410.0;389141.0;2;0;0;0;0;0;0;0;24.856742067279495;56;17;0;0;0;0;7316.62290464548;01;6;1;Industriestrecke;T220;-1;Kalt (-30° - 0,01° C);Abend;Klar;Minnesota;Winter;Entgleisung;Rail, Joint Bar and Rail Anchoring;Track, Roadbed and Structures;EinzelneWagen, Güterzug;336507.361442997;Signifikant;True
5118;224410;2011;2;18;60585.0;60585.0;0.0;60585.0;3;0;0;2;0;0;0;0;26.847453469403924;75;0;0;0;0;0;9784.889973591336;02;1;3;Hauptstrecke;H607;30;Kalt (-30° - 0,01° C);Abend;Klar;Iowa;Winter;Kollision;Speed;Human Factors;Güterzug, Lokomotive;44459.52887649519;Signifikant;False
5119;22505;2005;2;25;158250.0;158250.0;163000.0;153500.0;4;0;0;0;0;0;0;0;8.5;50;11;0;0;0;0;5095.771288176925;01;1;2;Hauptstrecke;T220;32;Moderat (0° bis 19,99° C);Tag;Wolkig;Maryland;Winter;Entgleisung;Rail, Joint Bar and Rail Anchoring;Track, Roadbed and Structures;Güterzug, Güterzug;120205.08925180402;Nicht Signifikant;False
5120;22595;1995;2;25;20000.0;20000.0;0.0;20000.0;3;0;0;0;0;0;0;0;13.907829355595124;45;0;0;0;0;0;5188.864050999302;06;6;2;Hauptstrecke;H601;50;Moderat (0° bis 19,99° C);Tag;Klar;Kansas;Winter;Kollision;Speed;Human Factors;EinzelneWagen, Lokomotive;16964.967342437863;Nicht Signifikant;False
5121;226372;2011;5;31;34521.0;34521.0;4260.0;30261.0;2;0;0;0;0;0;0;0;6.940339448159618;0;0;46;0;0;10;1588.568434857266;01;6;1;Nebenstrecke;T102;66;Moderat (0° bis 19,99° C);Tag;Klar;South Dakota;Frühling;Entgleisung;Track Geometry;Track, Roadbed and Structures;EinzelneWagen, Güterzug;23997.91449426486;Nicht Signifikant;False
5122;227291;2011;7;22;27253.0;27253.0;6500.0;20753.0;8;1;0;0;0;0;0;0;3.9542723449729715;116;6;53;0;0;0;16670.0;01;1;1;Depot;H702;80;Warm (20° bis 31,99° C);Abend;Klar;Iowa;Sommer;Entgleisung;Switches, Use of;Human Factors;Güterzug, Güterzug;18937.530400945034;Nicht Signifikant;False
5123;2273;1992;4;5;8536.0;8536.0;0.0;8536.0;1;0;0;0;0;0;0;0;7.5;2;0;12;5;0;1;760.4888903950982;04;7;X;Depot;M599;50;Moderat (0° bis 19,99° C);Tag;Klar;Missouri;Frühling;Kollision;Other Miscellaneous;Miscellaneous Causes;Depot/Rangieren, EinzelneWagen;7240.64806175248;Nicht Signifikant;False
5124;22889;1989;2;28;8690.0;8690.0;90.0;8600.0;2;0;0;0;0;0;0;0;8.0;21;1;30;0;0;0;3391.687209624565;05;5;1;Depot;M407;28;Kalt (-30° - 0,01° C);Abend;Klar;Illinois;Winter;Kollision;Unusual Operational Situations;Miscellaneous Causes;EinzelneWagen, Güterzug;7371.278310289253;Nicht Signifikant;False
5125;229206;2011;11;19;12050.0;12050.0;0.0;12050.0;4;0;0;0;0;0;0;0;6.940339448159618;14;0;0;0;0;0;1854.8899735913355;02;7;1;Industriestrecke;H607;23;Kalt (-30° - 0,01° C);Tag;Klar;South Dakota;Herbst;Kollision;Speed;Human Factors;Depot/Rangieren, Lokomotive;8901.748337847821;Nicht Signifikant;False
5126;22D;1986;2;16;19012.0;19012.0;8812.0;10200.0;0;0;0;0;0;0;0;0;9.926406551346263;2;2;0;0;0;0;336.5128782368152;01;5;2;Depot;T101;28;Kalt (-30° - 0,01° C);Abend;Wolkig;Virginia;Winter;Entgleisung;Track Geometry;Track, Roadbed and Structures;EinzelneWagen, EinzelneWagen;16126.897955721435;Nicht Signifikant;False
5127;230286102;1986;2;25;11000.0;11000.0;0.0;11000.0;4;0;0;0;0;0;0;0;3.5;4;0;34;0;0;0;1910.0;04;7;1;Depot;H401;50;Moderat (0° bis 19,99° C);Tag;Klar;Texas;Winter;Kollision;Main Track Authority;Human Factors;Depot/Rangieren, Depot/Rangieren;9330.732038340826;Nicht Signifikant;False
5128;230385101;1985;3;27;17500.0;17500.0;5500.0;12000.0;5;0;0;1;0;0;0;0;6.940339448159618;32;6;27;0;0;0;5018.256439118408;04;5;1;Nebenstrecke;E64C;59;Moderat (0° bis 19,99° C);Tag;Klar;Texas;Frühling;Kollision;Wheels;Mechanical and Electrical Failures;EinzelneWagen, Güterzug;14844.346424633131;Signifikant;False
5129;230487101;1987;4;4;738726.0;738726.0;48000.0;690726.0;12;5;0;2;0;0;0;0;38.5;68;7;43;0;0;0;7041.0;04;1;X;Hauptstrecke;H204;60;Moderat (0° bis 19,99° C);Tag;Klar;Texas;Frühling;Kollision;Flagging, Fixed, Hand and Radio Signals;Human Factors;Güterzug, Güterzug;626623.1232504877;Signifikant;True
5130;231883;2012;5;29;16600.0;16600.0;900.0;15700.0;3;0;0;0;0;0;0;0;6.5;25;0;40;0;0;2;4450.0;04;7;1;Industriestrecke;H306;75;Warm (20° bis 31,99° C);Abend;Klar;Iowa;Frühling;Kollision;General Switching Rules;Human Factors;Depot/Rangieren, Güterzug;13255.609678192126;Nicht Signifikant;False
5131;232081;2012;6;13;23475.0;23475.0;15000.0;8475.0;2;0;0;0;0;0;0;0;5.944983747097401;4;1;25;0;0;5;1312.9791146692635;01;7;1;Depot;H312;73;Warm (20° bis 31,99° C);Tag;Klar;Iowa;Frühling;Entgleisung;General Switching Rules;Human Factors;Depot/Rangieren, EinzelneWagen;18729.05696505505;Nicht Signifikant;False
5132;232290;2012;6;27;19493.0;19493.0;264.0;19229.0;3;0;0;0;0;0;0;0;4.5;42;0;1;0;0;0;5443.677096237628;04;6;3;Hauptstrecke;H018;95;Heiß (>= 32° C);Tag;Klar;Iowa;Sommer;Kollision;Brakes, Use of;Human Factors;EinzelneWagen, Güterzug;15621.89453438051;Nicht Signifikant;False
5133;232521;2012;7;12;86561.0;86561.0;29000.0;57561.0;3;0;0;0;0;0;0;0;9.926406551346263;35;0;8;0;0;4;4838.782794013312;01;1;X;Hauptstrecke;T101;92;Heiß (>= 32° C);Tag;Klar;South Dakota;Sommer;Entgleisung;Track Geometry;Track, Roadbed and Structures;Güterzug, Wartungszug;71079.8160617507;Nicht Signifikant;True
5134;235;1993;8;4;78275.0;78275.0;0.0;78275.0;3;0;0;0;0;0;0;0;6.0;41;0;61;0;0;0;1330.0;05;7;1;Depot;H399;65;Moderat (0° bis 19,99° C);Abend;Klar;Montana;Sommer;Kollision;General Switching Rules;Human Factors;Depot/Rangieren, Güterzug;66396.6409364662;Nicht Signifikant;False
5135;235442;2013;1;29;21682.0;21682.0;2228.0;19454.0;2;0;0;0;0;0;0;0;5.944983747097401;34;4;10;0;0;0;4495.240817114413;01;6;1;Depot;T207;45;Moderat (0° bis 19,99° C);Abend;Wolkig;Iowa;Winter;Entgleisung;Rail, Joint Bar and Rail Anchoring;Track, Roadbed and Structures;EinzelneWagen, Güterzug;16140.84716742351;Nicht Signifikant;False
5136;236078;2013;3;12;10291.0;10291.0;675.0;9616.0;0;0;0;0;0;0;0;0;3.9542723449729715;39;1;11;0;0;0;4860.839057142438;04;5;1;Depot;H020;34;Moderat (0° bis 19,99° C);Tag;Klar;Illinois;Winter;Kollision;Brakes, Use of;Human Factors;EinzelneWagen, EinzelneWagen;7884.011338389643;Nicht Signifikant;False
5137;238666;2013;9;29;67469.0;67469.0;12186.0;55283.0;4;0;0;0;0;0;0;0;6.5;67;4;69;0;0;0;10780.0;01;1;1;Depot;H703;75;Warm (20° bis 31,99° C);Tag;Klar;Illinois;Herbst;Entgleisung;Switches, Use of;Human Factors;Güterzug, Güterzug;49919.106222408554;Nicht Signifikant;False
5138;2389;1989;11;1;460000.0;460000.0;40000.0;420000.0;3;3;0;1;0;0;0;0;22.0;50;10;84;0;0;2;9195.348500553177;03;6;1;Depot;H104;38;Moderat (0° bis 19,99° C);Abend;Klar;Iowa;Herbst;Kollision;Employee Physical Condition;Human Factors;EinzelneWagen, Güterzug;390194.2488760709;Signifikant;True
5139;240190103;1990;1;17;16770.0;16770.0;9400.0;7370.0;3;0;0;0;0;0;0;0;4.949628046035187;71;5;28;0;6;0;7673.12126380088;04;6;1;Depot;H702;45;Moderat (0° bis 19,99° C);Abend;Wolkig;Kansas;Winter;Kollision;Switches, Use of;Human Factors;EinzelneWagen, Güterzug;14225.12511663415;Nicht Signifikant;False
5140;240390101;1990;3;5;12900.0;12900.0;0.0;12900.0;0;0;0;0;0;0;0;0;13.907829355595124;2;0;1;0;0;0;327.74120645217647;04;6;1;Depot;H602;65;Moderat (0° bis 19,99° C);Tag;Klar;Kansas;Winter;Kollision;Speed;Human Factors;EinzelneWagen, EinzelneWagen;10942.403935872422;Nicht Signifikant;True
5141;240489101;1989;4;22;38410.0;38410.0;200.0;38210.0;1;0;0;0;0;0;0;0;11.666666666666666;33;9;7;0;0;1;3400.5632131235407;04;7;2;Depot;H314;78;Warm (20° bis 31,99° C);Tag;Klar;Kansas;Frühling;Kollision;General Switching Rules;Human Factors;Depot/Rangieren, EinzelneWagen, EinzelneWagen;32581.219781151918;Nicht Signifikant;False
5142;240490102;1990;4;14;60450.0;60450.0;4000.0;56450.0;5;2;0;0;0;0;0;0;4.5;39;3;4;0;0;1;3794.0;04;7;1;Depot;H702;45;Moderat (0° bis 19,99° C);Morgendämmerung;Regen;Illinois;Frühling;Kollision;Switches, Use of;Human Factors;Depot/Rangieren, Güterzug;51276.613792518445;Nicht Signifikant;False
5143;240589101;1989;5;17;27000.0;27000.0;0.0;27000.0;8;1;0;1;0;0;0;0;5.0;0;0;0;0;0;0;69.7799471826711;02;8;1;Depot;H601;65;Moderat (0° bis 19,99° C);Abend;Wolkig;Kansas;Frühling;Kollision;Speed;Human Factors;Lokomotive, Lokomotive;22902.705912291116;Signifikant;False
5144;240590102;1990;5;11;8100.0;8100.0;0.0;8100.0;0;0;0;0;0;0;0;0;10.921762252408477;1;1;1;0;0;1;235.07285754013844;04;5;1;Depot;H699;45;Moderat (0° bis 19,99° C);Morgendämmerung;Klar;Kansas;Frühling;Kollision;Speed;Human Factors;EinzelneWagen, EinzelneWagen;6870.8117736873355;Nicht Signifikant;True
5145;240590104;1990;5;19;9260.0;9260.0;0.0;9260.0;0;0;0;0;0;0;0;0;3.9542723449729715;0;0;2;0;0;0;130.67276760464793;04;5;1;Depot;T305;80;Warm (20° bis 31,99° C);Tag;Klar;Kansas;Frühling;Kollision;Frogs, Switches and Track Appliances;Track, Roadbed and Structures;EinzelneWagen, EinzelneWagen;7854.7798795487315;Nicht Signifikant;False
5146;240688101;1988;6;3;27695.0;27695.0;1200.0;26495.0;1;0;0;0;0;0;0;0;5.926644996129869;43;3;14;0;0;0;4464.218181068827;01;7;1;Depot;H306;70;Warm (20° bis 31,99° C);Abenddämmerung;Klar;Kansas;Frühling;Entgleisung;General Switching Rules;Human Factors;Depot/Rangieren, EinzelneWagen, EinzelneWagen;23492.238527440833;Nicht Signifikant;False
5147;240690104;1990;6;24;20580.0;20580.0;580.0;20000.0;1;0;0;0;0;0;0;0;3.9542723449729715;10;1;55;0;0;0;2901.5157950774324;04;7;1;Depot;H306;85;Warm (20° bis 31,99° C);Tag;Klar;Kansas;Sommer;Kollision;General Switching Rules;Human Factors;Depot/Rangieren, EinzelneWagen;17456.951395368564;Nicht Signifikant;False
5148;2407;2018;3;13;25200.0;25200.0;0.0;25200.0;3;0;0;0;0;0;0;0;8.931050850284048;64;1;44;0;0;1;8540.025259240407;04;7;1;Depot;H607;30;Kalt (-30° - 0,01° C);Morgendämmerung;Klar;Illinois;Winter;Kollision;Speed;Human Factors;Depot/Rangieren, Güterzug;20358.70092098885;Nicht Signifikant;False
5149;240788101;1988;7;4;8500.0;8500.0;0.0;8500.0;5;0;0;0;0;0;0;0;3.5;32;0;1;0;0;0;2324.0;04;7;1;Depot;H306;88;Warm (20° bis 31,99° C);Tag;Klar;Kansas;Sommer;Kollision;General Switching Rules;Human Factors;Depot/Rangieren, Güterzug;7210.111120536093;Nicht Signifikant;False
5150;240789101;1989;7;2;26300.0;26300.0;2200.0;24100.0;1;0;0;0;0;0;0;0;7.935695149221832;24;2;10;0;0;0;2498.647398120594;04;7;1;Depot;T299;85;Warm (20° bis 31,99° C);Tag;Klar;Kansas;Sommer;Kollision;Rail, Joint Bar and Rail Anchoring;Track, Roadbed and Structures;Depot/Rangieren, EinzelneWagen;22308.93205530579;Nicht Signifikant;False
5151;240790102;1990;7;4;6600.0;6600.0;0.0;6600.0;1;0;0;0;0;0;0;0;5.5;57;0;52;0;0;0;7334.647398120594;04;7;1;Depot;H699;87;Warm (20° bis 31,99° C);Abend;Klar;Kansas;Sommer;Kollision;Speed;Human Factors;Depot/Rangieren, EinzelneWagen;5598.439223004495;Nicht Signifikant;False
5152;240790104;1990;7;27;12350.0;12350.0;0.0;12350.0;1;0;0;0;0;0;0;0;10.0;7;0;31;0;0;0;1914.7440532828177;04;7;1;Depot;H313;80;Warm (20° bis 31,99° C);Abend;Klar;Kansas;Sommer;Kollision;General Switching Rules;Human Factors;Depot/Rangieren, EinzelneWagen;10475.867333955382;Nicht Signifikant;False
5153;240888103;1988;8;28;13000.0;13000.0;300.0;12700.0;4;2;0;0;0;0;0;0;6.940339448159618;57;1;34;0;0;1;9015.46421888392;01;6;1;Depot;T314;60;Moderat (0° bis 19,99° C);Abend;Klar;Illinois;Sommer;Entgleisung;Frogs, Switches and Track Appliances;Track, Roadbed and Structures;EinzelneWagen, Güterzug;11027.228772584613;Nicht Signifikant;False
5154;240989102;1989;9;15;10370.0;10370.0;1000.0;9370.0;4;0;0;0;0;0;0;0;5.5;39;5;0;0;0;0;2795.0;04;7;1;Depot;H306;50;Moderat (0° bis 19,99° C);Abend;Klar;Kansas;Sommer;Kollision;General Switching Rules;Human Factors;Depot/Rangieren, Güterzug;8796.335567054033;Nicht Signifikant;False
5155;241088101;1988;10;19;10500.0;10500.0;500.0;10000.0;2;2;0;0;0;0;0;0;9.926406551346263;0;0;15;0;0;2;529.4361695863112;01;6;4;Hauptstrecke;H999;60;Moderat (0° bis 19,99° C);Tag;Klar;Kansas;Herbst;Entgleisung;Miscellaneous;Human Factors;EinzelneWagen, Lokomotive;8906.607854779879;Nicht Signifikant;False
5156;2440596;1996;5;31;16000.0;16000.0;0.0;16000.0;2;0;0;0;0;0;0;0;18.5;31;0;16;0;0;0;1940.8512328608408;04;6;X;Industriestrecke;E24C;80;Warm (20° bis 31,99° C);Abend;Klar;Alabama;Frühling;Kollision;Body;Mechanical and Electrical Failures;EinzelneWagen, Güterzug;13571.973873950292;Nicht Signifikant;True
5157;250190102;1990;1;27;99500.0;99500.0;30000.0;69500.0;3;2;0;1;0;0;0;0;15.898540757719555;42;3;25;0;0;0;5617.12881814426;04;6;1;Depot;H603;40;Moderat (0° bis 19,99° C);Abend;Klar;Texas;Winter;Kollision;Speed;Human Factors;EinzelneWagen, Güterzug;84400.71252862838;Signifikant;True
5158;250390103;1990;3;25;13700.0;13700.0;0.0;13700.0;6;0;0;0;0;0;0;0;4.0;39;0;35;0;0;0;5825.0;04;7;1;Depot;H401;40;Moderat (0° bis 19,99° C);Tag;Wolkig;Kansas;Frühling;Kollision;Main Track Authority;Human Factors;Depot/Rangieren, Güterzug;11621.002629569937;Nicht Signifikant;False
5159;250490101;1990;4;12;31168.0;31168.0;6108.0;25060.0;2;0;0;0;0;0;0;0;3.9542723449729715;5;0;16;0;0;4;1023.6473981205941;04;5;1;Industriestrecke;H702;60;Moderat (0° bis 19,99° C);Abend;Klar;Oklahoma;Frühling;Kollision;Switches, Use of;Human Factors;EinzelneWagen, Güterzug;26438.205106455167;Nicht Signifikant;False
5160;250688105;1988;6;24;65330.0;65330.0;1000.0;64330.0;4;0;0;1;0;0;0;0;7.5;25;4;14;0;0;3;3661.0;04;7;1;Industriestrecke;H702;97;Heiß (>= 32° C);Tag;Klar;Oklahoma;Sommer;Kollision;Switches, Use of;Human Factors;Depot/Rangieren, Depot/Rangieren;55416.06582407329;Signifikant;False
5161;250688107;1988;6;17;16400.0;16400.0;0.0;16400.0;4;0;0;0;0;0;0;0;1.9635609428485408;0;0;0;0;0;0;69.7799471826711;04;8;1;Depot;H702;66;Moderat (0° bis 19,99° C);Abend;Wolkig;Colorado;Frühling;Kollision;Switches, Use of;Human Factors;Lokomotive, Lokomotive;13911.273220799048;Nicht Signifikant;False
5162;250890101;1990;8;14;7000.0;7000.0;0.0;7000.0;2;0;0;1;0;0;0;0;5.944983747097401;11;0;11;0;0;0;1589.336383802324;02;7;1;Depot;H602;90;Heiß (>= 32° C);Tag;Klar;Oklahoma;Sommer;Kollision;Speed;Human Factors;Depot/Rangieren, EinzelneWagen;5937.738569853253;Signifikant;False
5163;250890102;1990;8;21;40500.0;40500.0;2500.0;38000.0;4;1;0;0;0;0;0;0;3.9542723449729715;46;1;64;0;0;1;6795.889973591336;04;7;1;Depot;H306;80;Warm (20° bis 31,99° C);Tag;Klar;Kansas;Sommer;Kollision;General Switching Rules;Human Factors;Depot/Rangieren, Lokomotive;34354.058868436674;Nicht Signifikant;False
5164;250890104;1990;8;27;12600.0;12600.0;0.0;12600.0;1;0;0;0;0;0;0;0;4.0;41;0;16;0;0;0;5100.863934225266;04;7;1;Depot;H020;105;Heiß (>= 32° C);Tag;Klar;Kansas;Sommer;Kollision;Brakes, Use of;Human Factors;Depot/Rangieren, EinzelneWagen;10687.929425735854;Nicht Signifikant;False
5165;250989103;1989;9;19;70500.0;70500.0;6000.0;64500.0;2;0;0;0;0;0;0;0;3.9542723449729715;83;4;105;0;0;3;12783.95077946089;04;7;1;Depot;H306;80;Warm (20° bis 31,99° C);Tag;Klar;Kansas;Sommer;Kollision;General Switching Rules;Human Factors;Depot/Rangieren, EinzelneWagen;59801.50988209347;Nicht Signifikant;False
5166;251188101;1988;11;2;35050.0;35050.0;0.0;35050.0;3;0;0;0;0;0;0;0;39.78707758321272;12;0;6;0;0;0;1057.647398120594;04;5;4;Hauptstrecke;H402;70;Warm (20° bis 31,99° C);Tag;Klar;Colorado;Herbst;Kollision;Main Track Authority;Human Factors;EinzelneWagen, Güterzug;29731.10526762236;Nicht Signifikant;False
5167;251289101;1989;12;11;9360.0;9360.0;0.0;9360.0;2;0;0;1;0;0;0;0;6.940339448159618;3;0;0;0;0;0;348.647398120594;09;5;1;Depot;H306;30;Kalt (-30° - 0,01° C);Tag;Klar;Texas;Herbst;Kollision;General Switching Rules;Human Factors;EinzelneWagen, Güterzug;7939.604716260921;Signifikant;False
5168;26;1995;1;22;16000.0;16000.0;0.0;16000.0;2;0;0;0;0;0;0;0;3.9542723449729715;23;0;30;0;0;0;3614.8899735913355;04;7;1;Depot;H021;16;Kalt (-30° - 0,01° C);Abend;Klar;Montana;Winter;Kollision;Brakes, Use of;Human Factors;Depot/Rangieren, Depot/Rangieren;13571.973873950292;Nicht Signifikant;False
5169;26;1997;6;4;406000.0;406000.0;105000.0;301000.0;3;0;0;0;0;0;0;0;29.83352057259057;60;12;56;0;0;8;9330.0;01;6;2;Hauptstrecke;E39C;80;Warm (20° bis 31,99° C);Tag;Klar;Iowa;Frühling;Entgleisung;Coupler and Draft System;Mechanical and Electrical Failures;EinzelneWagen, Güterzug;344388.83705148863;Signifikant;True
5170;260189101;1989;1;22;30350.0;30350.0;350.0;30000.0;5;0;0;0;0;0;0;0;9.926406551346263;122;2;0;0;0;0;16158.013863647666;03;6;3;Hauptstrecke;H702;34;Moderat (0° bis 19,99° C);Abend;Klar;Texas;Winter;Kollision;Switches, Use of;Human Factors;EinzelneWagen, Güterzug;25744.33794214946;Nicht Signifikant;False
5171;260690104;1990;6;24;40500.0;40500.0;7000.0;33500.0;2;0;0;0;0;0;0;0;4.949628046035187;51;2;91;0;0;4;8573.874684914772;01;6;1;Depot;E86C;90;Heiß (>= 32° C);Abend;Klar;Texas;Sommer;Entgleisung;Doors;Mechanical and Electrical Failures;EinzelneWagen, Güterzug;34354.058868436674;Nicht Signifikant;False
5172;260988103;1988;9;14;6950.0;6950.0;1500.0;5450.0;2;0;0;0;0;0;0;0;3.9542723449729715;59;5;0;0;0;0;6842.89008064506;01;7;1;Industriestrecke;T314;90;Heiß (>= 32° C);Tag;Klar;Texas;Sommer;Entgleisung;Frogs, Switches and Track Appliances;Track, Roadbed and Structures;Depot/Rangieren, EinzelneWagen;5895.326151497158;Nicht Signifikant;False
5173;261088101;1988;10;3;161150.0;161150.0;110500.0;50650.0;5;0;0;0;0;0;0;0;17.889252159843984;116;13;98;0;0;2;18571.598243507015;01;6;2;Depot;E51C;65;Moderat (0° bis 19,99° C);Abend;Klar;Texas;Herbst;Entgleisung;Axles and Journal Bearings;Mechanical and Electrical Failures;EinzelneWagen, Güterzug;136695.2243616931;Nicht Signifikant;False
5174;263098;1988;11;5;30310.0;30310.0;0.0;30310.0;4;1;0;0;0;0;0;0;2.0;0;0;2;0;0;2;133.63283684346172;04;6;2;Depot;T305;60;Moderat (0° bis 19,99° C);Abend;Klar;Florida;Herbst;Kollision;Frogs, Switches and Track Appliances;Track, Roadbed and Structures;EinzelneWagen, Lokomotive;25710.408007464583;Nicht Signifikant;False
5175;2789;2004;9;26;9350.0;9350.0;0.0;9350.0;2;0;0;0;0;0;0;0;2.958916643910756;59;0;0;0;0;0;6781.46799440892;04;7;1;Depot;M599;60;Moderat (0° bis 19,99° C);Abend;Klar;Indiana;Herbst;Kollision;Other Miscellaneous;Miscellaneous Causes;Depot/Rangieren, EinzelneWagen;7618.76307140723;Nicht Signifikant;False
5176;2800;2004;10;5;54848.0;54848.0;2217.0;52631.0;3;0;0;0;0;0;0;0;1.0;16;4;36;0;0;2;3067.365740476458;04;7;1;Depot;H306;61;Moderat (0° bis 19,99° C);Tag;Klar;Illinois;Herbst;Kollision;General Switching Rules;Human Factors;Depot/Rangieren, Depot/Rangieren;44577.37321196359;Nicht Signifikant;False
5177;2816;2004;10;30;16623.0;16623.0;1221.0;15402.0;1;0;0;0;0;0;0;0;3.0;3;0;9;0;0;2;688.0299819081561;04;7;1;Depot;H020;65;Moderat (0° bis 19,99° C);Abend;Regen;Illinois;Herbst;Kollision;Brakes, Use of;Human Factors;Depot/Rangieren, EinzelneWagen;13047.197948825284;Nicht Signifikant;False
5178;286;1986;2;13;18825.0;18825.0;0.0;18825.0;4;0;0;0;0;0;0;0;19.879963561968417;8;0;16;0;0;0;1314.8899735913355;02;7;1;Hauptstrecke;H603;10;Kalt (-30° - 0,01° C);Morgendämmerung;Klar;Iowa;Winter;Kollision;Speed;Human Factors;Depot/Rangieren, Güterzug;15968.27551106964;Nicht Signifikant;True
5179;2875;2004;12;16;41587.0;41587.0;117.0;41470.0;4;0;0;2;0;0;0;0;3.5;18;0;24;0;0;0;2848.1274337730456;04;7;1;Depot;H702;29;Kalt (-30° - 0,01° C);Tag;Klar;Illinois;Herbst;Kollision;Switches, Use of;Human Factors;Depot/Rangieren, Lokomotive;31032.758749347064;Signifikant;False
5180;29D;1986;4;7;9000.0;9000.0;1000.0;8000.0;0;0;0;0;0;0;0;0;14.903185056657339;47;2;18;0;0;0;6003.632365851238;04;6;2;Depot;H699;47;Moderat (0° bis 19,99° C);Abend;Wolkig;Virginia;Frühling;Kollision;Speed;Human Factors;EinzelneWagen, EinzelneWagen;7634.235304097039;Nicht Signifikant;False