index;INCDTNO;YEAR4;MONTH;DAY;ACCDMG;INFRASTRUCTURE_DMG;TRKDMG;EQPDMG;LOCOMOTIVES1;LOCOMOTIVES2;RREMPKLD;RREMPINJ;PASSKLD;PASSINJ;OTHERKLD;OTHERINJ;SPEED;LOADF1;LOADF2;EMPTYF1;EMPTYP1;LOADP1;EMPTYF2;TONS;TYPE;TYPEQ;TRKCLAS;TYPTRK;ACCAUSE;TEMP;TEMP_CLUSTER;VISIBLTY;WEATHER;STATE;Jahreszeit;ACCIDENT_TYPE;ACCCAUSE_LVL1;ACCCAUSE_LVL2;EQUIPMENT_TYPE;ACCDMG_EUR;ACCTYPE;SPD_TOO_HIGH
5181;300;1986;9;26;120000.0;120000.0;0.0;120000.0;12;0;0;0;0;0;0;0;4.949628046035187;0;0;0;0;0;0;69.7799471826711;04;2;1;Depot;E79L;75;Warm (20° bis 31,99° C);Tag;Wolkig;Connecticut;Herbst;Kollision;Locomotives;Mechanical and Electrical Failures;Personenzug, Personenzug;101789.8040546272;Nicht Signifikant;False
5182;30001;1993;1;14;8500.0;8500.0;0.0;8500.0;2;0;0;0;0;0;0;0;2.5;97;0;43;0;0;0;9719.316423445038;05;7;1;Depot;H018;30;Kalt (-30° - 0,01° C);Abend;Klar;Indiana;Winter;Kollision;Brakes, Use of;Human Factors;Depot/Rangieren, EinzelneWagen;7210.111120536093;Nicht Signifikant;False
5183;30001;1993;2;3;9850.0;9850.0;7000.0;2850.0;2;0;0;0;0;0;0;0;2.958916643910756;0;0;33;0;0;2;1684.8899735913355;01;7;1;Depot;H704;30;Kalt (-30° - 0,01° C);Tag;Klar;Michigan;Winter;Entgleisung;Switches, Use of;Human Factors;Depot/Rangieren, Lokomotive;8355.246416150649;Nicht Signifikant;False
5184;30001;1996;7;8;10000.0;10000.0;10000.0;0.0;1;0;0;0;0;0;0;0;14.903185056657339;3;0;1;0;0;0;365.33638380232395;02;4;3;Hauptstrecke;H099;65;Moderat (0° bis 19,99° C);Tag;Wolkig;Ohio;Sommer;Kollision;Brakes, Use of;Human Factors;Arbeitszug, EinzelneWagen;8482.483671218932;Nicht Signifikant;False
5185;30001;1996;9;6;10600.0;10600.0;4500.0;6100.0;4;0;0;0;0;0;0;0;4.0;141;3;93;0;0;0;16840.0;04;7;1;Depot;H307;60;Moderat (0° bis 19,99° C);Abend;Wolkig;Indiana;Sommer;Kollision;General Switching Rules;Human Factors;Depot/Rangieren, Güterzug;8991.432691492068;Nicht Signifikant;False
5186;30001;1996;12;7;103400.0;103400.0;2300.0;101100.0;3;0;0;0;0;0;0;0;27.5;92;0;143;0;0;4;14974.0;05;1;3;Hauptstrecke;H307;35;Moderat (0° bis 19,99° C);Abend;Klar;Ohio;Herbst;Kollision;General Switching Rules;Human Factors;Güterzug, Güterzug;87708.88116040376;Nicht Signifikant;False
5187;30002;1996;12;10;16500.0;16500.0;500.0;16000.0;1;0;0;0;0;0;0;0;3.9542723449729715;6;1;2;0;0;0;832.8263557780123;04;6;1;Depot;H999;35;Moderat (0° bis 19,99° C);Tag;Klar;Illinois;Herbst;Kollision;Miscellaneous;Human Factors;EinzelneWagen, Lokomotive;13996.098057511239;Nicht Signifikant;False
5188;30002DEAR;1997;6;9;8550.0;8550.0;700.0;7850.0;1;0;0;0;0;0;0;0;8.0;45;0;5;0;0;3;3730.0;04;7;1;Depot;E69C;84;Warm (20° bis 31,99° C);Tag;Klar;Indiana;Frühling;Kollision;Wheels;Mechanical and Electrical Failures;Depot/Rangieren, EinzelneWagen;7252.523538892187;Nicht Signifikant;False
5189;30003;1992;12;18;25900.0;25900.0;1700.0;24200.0;4;2;0;0;0;0;0;0;9.5;23;0;20;0;0;0;3100.0;04;7;2;Depot;H104;30;Kalt (-30° - 0,01° C);Abend;Wolkig;Indiana;Herbst;Kollision;Employee Physical Condition;Human Factors;Depot/Rangieren, Depot/Rangieren;21969.632708457037;Nicht Signifikant;False
5190;30003;1994;5;20;24800.0;24800.0;15000.0;9800.0;4;0;0;0;0;0;0;0;6.0;107;0;118;0;0;7;15280.0;01;1;1;Depot;H401;50;Moderat (0° bis 19,99° C);Abend;Klar;Indiana;Frühling;Entgleisung;Main Track Authority;Human Factors;Güterzug, Güterzug;21036.559504622954;Nicht Signifikant;False
5191;30003;1997;1;23;20000.0;20000.0;4500.0;15500.0;6;0;0;0;0;0;0;0;9.926406551346263;151;3;38;0;0;1;17375.0;06;7;1;Depot;E30C;26;Kalt (-30° - 0,01° C);Tag;Wolkig;Indiana;Winter;Kollision;Coupler and Draft System;Mechanical and Electrical Failures;Depot/Rangieren, Güterzug;16964.967342437863;Nicht Signifikant;False
5192;30004;1992;9;14;10750.0;10750.0;0.0;10750.0;2;0;0;0;0;0;0;0;3.9542723449729715;32;0;18;0;0;0;623.6473981205941;04;7;1;Depot;H302;68;Warm (20° bis 31,99° C);Abend;Klar;Illinois;Sommer;Kollision;General Switching Rules;Human Factors;Depot/Rangieren, EinzelneWagen;9118.669946560352;Nicht Signifikant;False
5193;30004;1992;12;30;21000.0;21000.0;1000.0;20000.0;3;1;0;0;0;0;0;0;20.875319263030633;12;0;17;0;0;1;1003.9589817975456;01;7;2;Depot;H699;32;Moderat (0° bis 19,99° C);Abend;Klar;Illinois;Winter;Entgleisung;Speed;Human Factors;Depot/Rangieren, EinzelneWagen;17813.215709559758;Nicht Signifikant;False
5194;30006;1996;6;19;21350.0;21350.0;8300.0;13050.0;7;0;0;0;0;0;0;0;6.0;102;4;0;0;0;0;5401.0;04;1;1;Depot;H699;58;Moderat (0° bis 19,99° C);Tag;Wolkig;Illinois;Frühling;Kollision;Speed;Human Factors;Güterzug, Güterzug;18110.10263805242;Nicht Signifikant;False
5195;300388102;1988;3;30;1069780.0;1069780.0;205000.0;864775.0;9;5;0;1;0;0;0;0;36.0;107;13;0;0;0;0;7944.0;04;1;4;Hauptstrecke;H204;40;Moderat (0° bis 19,99° C);Tag;Klar;Arizona;Frühling;Kollision;Flagging, Fixed, Hand and Radio Signals;Human Factors;Güterzug, Güterzug;907439.1381796589;Signifikant;False
5196;300488102;1988;4;18;27700.0;27700.0;1200.0;26500.0;2;1;0;0;0;0;0;0;3.9542723449729715;1;0;8;0;0;3;431.5487572580576;04;6;5;Hauptstrecke;H021;50;Moderat (0° bis 19,99° C);Tag;Wolkig;New Mexico;Frühling;Kollision;Brakes, Use of;Human Factors;EinzelneWagen, Lokomotive;23496.479769276444;Nicht Signifikant;False
5197;300586101;1986;5;16;13330.0;13330.0;6030.0;7300.0;2;0;0;0;0;0;0;0;9.926406551346263;0;0;41;0;0;9;1265.7827940133125;01;7;1;Depot;T110;60;Moderat (0° bis 19,99° C);Tag;Klar;New Mexico;Frühling;Entgleisung;Track Geometry;Track, Roadbed and Structures;Depot/Rangieren, EinzelneWagen;11307.150733734838;Nicht Signifikant;False
5198;300687101;1987;6;11;11332.0;11332.0;532.0;10800.0;7;0;0;0;0;0;0;0;67.65703721295475;76;0;0;0;0;0;5561.647398120594;11;5;X;Nebenstrecke;M406;80;Warm (20° bis 31,99° C);Tag;Klar;Arizona;Frühling;Fahrzeugbrand / Explosion;Unusual Operational Situations;Miscellaneous Causes;EinzelneWagen, Güterzug;9612.350496225294;Nicht Signifikant;True
5199;300687103;1987;6;28;13000.0;13000.0;5000.0;8000.0;7;0;0;0;0;0;0;0;58.0;111;0;0;0;0;0;6680.0;04;1;5;Hauptstrecke;E49C;60;Moderat (0° bis 19,99° C);Tag;Klar;Arizona;Sommer;Kollision;Truck Components;Mechanical and Electrical Failures;Güterzug, Güterzug;11027.228772584613;Nicht Signifikant;False
5200;301085103;1985;10;16;7650.0;7650.0;650.0;7000.0;3;0;0;0;0;0;0;0;7.935695149221832;4;1;144;0;0;0;4914.942021103374;04;6;1;Nebenstrecke;H306;60;Moderat (0° bis 19,99° C);Tag;Wolkig;Arizona;Herbst;Kollision;General Switching Rules;Human Factors;EinzelneWagen, Güterzug;6489.100008482484;Nicht Signifikant;False
5201;30111;1991;8;14;42000.0;42000.0;2000.0;40000.0;2;0;0;0;0;0;0;0;5.0;30;3;39;0;0;4;4092.273149596715;04;6;1;Depot;H020;75;Warm (20° bis 31,99° C);Abenddämmerung;Klar;Wisconsion;Sommer;Kollision;Brakes, Use of;Human Factors;EinzelneWagen, Güterzug;35626.431419119515;Nicht Signifikant;False
5202;30118MWDAA;1993;1;18;7284.0;7284.0;650.0;6634.0;3;0;0;0;0;0;0;0;1.9635609428485408;0;0;0;0;2;0;153.46084459050508;01;8;1;Depot;H307;35;Moderat (0° bis 19,99° C);Tag;Klar;Illinois;Winter;Entgleisung;General Switching Rules;Human Factors;Lokomotive, Personenzug;6178.641106115871;Nicht Signifikant;False
5203;30315;1985;2;10;5150.0;5150.0;1000.0;4150.0;11;0;0;0;0;0;0;0;0.0;71;0;1;0;0;0;6744.889973591336;04;1;3;Hauptstrecke;H699;20;Kalt (-30° - 0,01° C);Abend;Schnee;Oregon;Winter;Kollision;Speed;Human Factors;Güterzug, Lokomotive;4368.47909067775;Nicht Signifikant;False
5204;30484;1998;9;16;96540.0;96540.0;340.0;96200.0;3;0;0;1;0;0;0;0;24.856742067279495;0;0;51;0;0;4;1628.467006420708;03;6;3;Hauptstrecke;H404;65;Moderat (0° bis 19,99° C);Abend;Nebel;Indiana;Sommer;Kollision;Main Track Authority;Human Factors;EinzelneWagen, Lokomotive;81889.89736194757;Signifikant;False
5205;30565;1998;10;10;7005.0;7005.0;1005.0;6000.0;1;0;0;0;0;0;0;0;4.0;72;2;1;0;0;0;8777.731501937225;01;7;1;Depot;H020;65;Moderat (0° bis 19,99° C);Tag;Klar;Minnesota;Herbst;Entgleisung;Brakes, Use of;Human Factors;Depot/Rangieren, EinzelneWagen;5941.979811688862;Nicht Signifikant;False
5206;306;1996;10;18;40000.0;40000.0;0.0;40000.0;3;0;0;1;0;0;0;0;24.856742067279495;31;0;6;0;0;1;3359.8164184217308;03;5;4;Hauptstrecke;H402;50;Moderat (0° bis 19,99° C);Tag;Wolkig;Montana;Herbst;Kollision;Main Track Authority;Human Factors;EinzelneWagen, Güterzug;33929.93468487573;Signifikant;False
5207;3060;2005;8;10;15164.0;15164.0;12746.0;2418.0;3;0;0;0;0;0;0;0;7.935695149221832;23;1;12;0;0;0;3071.166674885291;01;7;1;Hauptstrecke;H511;85;Warm (20° bis 31,99° C);Tag;Klar;Illinois;Sommer;Entgleisung;Train Handling/Train Makeup;Human Factors;Depot/Rangieren, Lokomotive;12251.757291750828;Nicht Signifikant;False
5208;30643;1998;11;18;10000.0;10000.0;0.0;10000.0;2;0;0;0;0;0;0;0;2.958916643910756;0;0;30;0;0;2;935.336383802324;01;7;1;Industriestrecke;T319;42;Moderat (0° bis 19,99° C);Abend;Wolkig;Wisconsion;Herbst;Entgleisung;Frogs, Switches and Track Appliances;Track, Roadbed and Structures;Depot/Rangieren, EinzelneWagen;8482.483671218932;Nicht Signifikant;False
5209;3096;2005;9;25;60441.0;60441.0;10687.0;49754.0;2;1;0;0;0;0;0;0;7.5;83;4;1;0;0;0;9620.528757313368;04;7;1;Industriestrecke;H699;70;Warm (20° bis 31,99° C);Tag;Wolkig;Indiana;Herbst;Kollision;Speed;Human Factors;Depot/Rangieren, Depot/Rangieren;50116.91542288556;Nicht Signifikant;False
5210;30D;1987;5;11;28000.0;28000.0;6000.0;22000.0;3;0;0;0;0;0;0;0;12.0;93;6;30;0;0;0;2400.0;04;1;2;Depot;H999;47;Moderat (0° bis 19,99° C);Tag;Klar;Virginia;Frühling;Kollision;Miscellaneous;Human Factors;Güterzug, Güterzug, Güterzug;23750.95427941301;Nicht Signifikant;False
5211;31007WAS01;1993;10;7;32890.0;32890.0;4890.0;28000.0;2;0;0;1;0;0;0;0;15.0;0;0;0;13;0;0;314.0132617261859;01;7;1;Depot;H699;65;Moderat (0° bis 19,99° C);Tag;Klar;District of Columbia;Herbst;Entgleisung;Speed;Human Factors;Depot/Rangieren, Depot/Rangieren;27898.888794639068;Signifikant;True
5212;310188105;1988;1;22;1976050.0;1976050.0;37500.0;1938550.0;11;6;1;2;0;0;0;0;45.75921178958602;110;5;15;0;0;1;10321.0;03;1;4;Hauptstrecke;S005;60;Moderat (0° bis 19,99° C);Abend;Klar;Kalifornien;Winter;Kollision;SIGNAL AND COMMUNICATION;Signal and Communication;Güterzug, Güterzug;1676181.1858512172;Schwer;False
5213;310287102;1987;2;24;15150.0;15150.0;0.0;15150.0;6;0;0;0;0;0;0;0;2.958916643910756;21;0;10;0;0;0;2091.647398120594;03;5;1;Hauptstrecke;H402;40;Moderat (0° bis 19,99° C);Tag;Klar;Kalifornien;Winter;Kollision;Main Track Authority;Human Factors;EinzelneWagen, Güterzug;12850.962761896682;Nicht Signifikant;False
5214;310386101;1986;3;6;17100.0;17100.0;3100.0;14000.0;0;0;0;0;0;0;3;0;25.0;2;1;2;0;0;2;380.7567268997923;07;5;1;Hauptstrecke;M399;72;Warm (20° bis 31,99° C);Tag;Klar;Kalifornien;Winter;Bahnübergang;Loading Procedures;Loading;EinzelneWagen, EinzelneWagen;14505.047077784375;Schwer;True
5215;310488102;1988;4;27;27550.0;27550.0;500.0;27050.0;3;0;0;0;0;0;0;0;3.0;2;1;31;0;0;0;1595.2564391184076;04;7;1;Depot;H310;65;Moderat (0° bis 19,99° C);Tag;Klar;Kalifornien;Frühling;Kollision;General Switching Rules;Human Factors;Depot/Rangieren, EinzelneWagen;23369.24251420816;Nicht Signifikant;False
5216;310986103;1986;9;27;9400.0;9400.0;2500.0;6900.0;2;0;0;0;0;0;0;0;4.949628046035187;51;5;0;0;0;0;5476.771395230649;04;7;1;Depot;H021;65;Moderat (0° bis 19,99° C);Tag;Wolkig;Kalifornien;Herbst;Kollision;Brakes, Use of;Human Factors;Depot/Rangieren, EinzelneWagen;7973.534650945797;Nicht Signifikant;False
5217;31226;1986;4;10;42500.0;42500.0;0.0;42500.0;3;0;0;0;0;0;0;0;2.0;36;0;61;0;0;0;6500.0;04;7;1;Depot;H702;41;Moderat (0° bis 19,99° C);Abend;Wolkig;Oregon;Frühling;Kollision;Switches, Use of;Human Factors;Depot/Rangieren, Depot/Rangieren;36050.55560268046;Nicht Signifikant;False
5218;3134;1995;8;8;7430.0;7430.0;0.0;7430.0;0;0;0;0;0;0;0;0;7.0;0;0;2;0;0;0;130.67276760464793;03;5;1;Hauptstrecke;H999;75;Warm (20° bis 31,99° C);Tag;Klar;Michigan;Sommer;Kollision;Miscellaneous;Human Factors;EinzelneWagen, EinzelneWagen;6302.485367715667;Nicht Signifikant;False
5219;315001;2004;10;29;56200.0;56200.0;0.0;56200.0;4;0;0;0;0;0;0;0;28.838164871528356;62;3;104;0;0;0;10715.0;03;1;2;Depot;H403;70;Warm (20° bis 31,99° C);Tag;Wolkig;Kentucky;Herbst;Kollision;Main Track Authority;Human Factors;Güterzug, Güterzug;44123.41995760383;Nicht Signifikant;True
5220;315219;2004;11;2;30000.0;30000.0;500.0;29500.0;3;1;0;0;0;0;0;0;4.0;83;2;0;0;0;0;9300.0;04;7;1;Hauptstrecke;H401;69;Warm (20° bis 31,99° C);Abend;Klar;Louisiana;Herbst;Kollision;Main Track Authority;Human Factors;Depot/Rangieren, Depot/Rangieren;23612.75088547816;Nicht Signifikant;False
5221;31F020821;2008;2;15;32241.0;32241.0;41.0;32200.0;1;0;0;0;0;0;0;0;3.9542723449729715;0;0;8;0;0;0;313.35122887057844;04;6;1;Depot;H599;15;Kalt (-30° - 0,01° C);Tag;Klar;Illinois;Winter;Kollision;Train Handling/Train Makeup;Human Factors;EinzelneWagen, Lokomotive;21971.51424287856;Nicht Signifikant;False
5222;320186104;1986;1;15;14935.0;14935.0;800.0;14135.0;1;0;0;0;0;0;0;0;4.5;0;0;7;0;0;3;287.3449225178107;04;7;1;Depot;H302;50;Moderat (0° bis 19,99° C);Abend;Regen;Kalifornien;Winter;Kollision;General Switching Rules;Human Factors;Depot/Rangieren, EinzelneWagen;12668.589362965477;Nicht Signifikant;False
5223;320287101;1987;2;27;13876.0;13876.0;0.0;13876.0;3;0;0;0;0;0;0;0;5.0;0;0;0;0;0;0;69.7799471826711;04;7;1;Depot;H513;65;Moderat (0° bis 19,99° C);Tag;Klar;Kalifornien;Winter;Kollision;Train Handling/Train Makeup;Human Factors;Depot/Rangieren, Depot/Rangieren;11770.294342183392;Nicht Signifikant;False
5224;320385101;1985;3;15;8750.0;8750.0;0.0;8750.0;2;0;0;0;0;0;0;0;3.0;2;0;0;0;0;0;420.0;05;7;1;Depot;H099;40;Moderat (0° bis 19,99° C);Abend;Klar;Kalifornien;Winter;Kollision;Brakes, Use of;Human Factors;Depot/Rangieren, Depot/Rangieren;7422.173212316566;Nicht Signifikant;False
5225;320488101;1988;4;7;176500.0;176500.0;50000.0;126500.0;8;0;0;0;0;0;0;0;38.79172188215051;8;0;115;0;0;25;4218.0;01;1;3;Hauptstrecke;T108;56;Moderat (0° bis 19,99° C);Abend;Klar;Kalifornien;Frühling;Entgleisung;Track Geometry;Track, Roadbed and Structures;Güterzug, Güterzug;149715.83679701417;Nicht Signifikant;False
5226;320586101;1986;5;14;117500.0;117500.0;0.0;117500.0;11;0;0;0;0;0;0;0;5.0;41;1;0;0;0;0;2464.8899735913355;01;1;3;Depot;H099;60;Moderat (0° bis 19,99° C);Tag;Klar;Kalifornien;Frühling;Entgleisung;Brakes, Use of;Human Factors;Güterzug, Lokomotive;99669.18313682245;Nicht Signifikant;False
5227;320886101;1986;8;27;8000.0;8000.0;0.0;8000.0;1;0;0;1;0;0;0;0;4.949628046035187;4;2;29;0;0;2;1344.182883948803;04;7;1;Depot;H099;90;Heiß (>= 32° C);Tag;Klar;Kalifornien;Sommer;Kollision;Brakes, Use of;Human Factors;Depot/Rangieren, EinzelneWagen;6785.986936975146;Signifikant;False
5228;320985101;1985;9;12;19391.0;19391.0;300.0;19091.0;2;0;0;1;0;0;0;0;3.0;2;0;1;0;0;0;184.88997359133555;04;7;1;Depot;H025;50;Moderat (0° bis 19,99° C);Tag;Klar;Kalifornien;Sommer;Kollision;Brakes, Use of;Human Factors;Depot/Rangieren, Depot/Rangieren;16448.38408686063;Signifikant;False
5229;32488;1988;3;24;11942.0;11942.0;217.0;11725.0;5;0;0;0;0;0;0;0;2.0;25;1;71;0;0;1;5096.4997610115315;01;7;1;Depot;E39C;60;Moderat (0° bis 19,99° C);Tag;Klar;Illinois;Frühling;Entgleisung;Coupler and Draft System;Mechanical and Electrical Failures;Depot/Rangieren, Depot/Rangieren;10129.78200016965;Nicht Signifikant;False
5230;3258;2006;4;18;11617.0;11617.0;0.0;11617.0;2;0;0;0;0;0;0;0;2.5;1;0;8;0;0;1;428.5886880192438;04;7;1;Depot;H314;52;Moderat (0° bis 19,99° C);Abend;Klar;Illinois;Frühling;Kollision;General Switching Rules;Human Factors;Depot/Rangieren, EinzelneWagen;9481.71727064969;Nicht Signifikant;False
5231;32592;1992;3;25;29000.0;29000.0;20000.0;9000.0;4;1;0;0;0;0;0;0;7.935695149221832;50;6;0;0;0;0;6534.889973591336;01;1;X;Hauptstrecke;H503;38;Moderat (0° bis 19,99° C);Tag;Klar;New Hampshire;Frühling;Entgleisung;Train Handling/Train Makeup;Human Factors;Güterzug, NaN;24599.202646534904;Nicht Signifikant;False
5232;32885A;1985;3;28;194682.0;194682.0;2107.0;192575.0;4;0;0;0;0;0;0;0;8.5;75;6;80;0;0;2;8500.0;04;7;X;Depot;H307;50;Moderat (0° bis 19,99° C);Abend;Klar;Illinois;Frühling;Kollision;General Switching Rules;Human Factors;Depot/Rangieren, Güterzug;165138.68860802441;Signifikant;False
5233;330618;1985;1;15;26671.0;26671.0;1171.0;25500.0;1;1;0;0;0;0;0;0;5.0;56;3;84;0;0;0;9056.521301537614;05;6;3;Hauptstrecke;H702;28;Kalt (-30° - 0,01° C);Abend;Klar;Louisiana;Winter;Kollision;Switches, Use of;Human Factors;EinzelneWagen, Güterzug;22623.632199508014;Nicht Signifikant;False
5234;331092;1987;8;15;145600.0;145600.0;600.0;145000.0;7;1;0;0;0;0;0;0;6.0;34;0;137;0;0;4;8045.0;04;1;3;Hauptstrecke;H403;90;Heiß (>= 32° C);Abenddämmerung;Klar;Arkansas;Sommer;Kollision;Main Track Authority;Human Factors;Güterzug, Güterzug;123504.96225294766;Nicht Signifikant;False
5235;336077;1997;2;19;316532.0;316532.0;90000.0;226532.0;4;0;0;0;0;0;0;0;19.879963561968417;58;9;74;0;0;7;8441.35407570122;04;7;4;Nebenstrecke;H020;60;Moderat (0° bis 19,99° C);Morgendämmerung;Klar;Louisiana;Winter;Kollision;Brakes, Use of;Human Factors;Depot/Rangieren, Güterzug;268497.75214182714;Signifikant;False
5236;338958;1986;7;17;5921.0;5921.0;556.0;5365.0;2;0;0;3;0;0;0;0;12.5;35;0;37;0;0;0;4604.647398120594;02;1;2;Hauptstrecke;H603;80;Warm (20° bis 31,99° C);Tag;Klar;Texas;Sommer;Kollision;Speed;Human Factors;Güterzug, Güterzug;5022.47858172873;Signifikant;False
5237;339061;1985;5;9;5865.0;5865.0;208.0;5657.0;6;0;0;1;0;0;0;0;30.0;3;0;1;0;0;0;366.88997359133555;02;4;2;Hauptstrecke;H999;75;Warm (20° bis 31,99° C);Tag;Klar;Texas;Frühling;Kollision;Miscellaneous;Human Factors;Arbeitszug, Güterzug;4974.976673169904;Signifikant;True
5238;339195;1992;1;18;32583.0;32583.0;1204.0;31379.0;3;1;0;0;0;0;0;0;4.0;8;0;33;0;0;3;2012.8817921082034;04;7;3;Depot;H306;34;Moderat (0° bis 19,99° C);Abend;Wolkig;Louisiana;Winter;Kollision;General Switching Rules;Human Factors;Depot/Rangieren, Güterzug;27638.476545932648;Nicht Signifikant;False
5239;339591;1993;3;2;8600.0;8600.0;0.0;8600.0;2;0;0;0;0;0;0;0;4.0;1;0;33;0;0;1;1189.7489432939542;04;7;3;Depot;H306;50;Moderat (0° bis 19,99° C);Abend;Klar;Louisiana;Winter;Kollision;General Switching Rules;Human Factors;Depot/Rangieren, Depot/Rangieren;7294.935957248282;Nicht Signifikant;False
5240;340290103;1990;2;21;43500.0;43500.0;3500.0;40000.0;2;1;0;0;0;0;0;0;3.0;17;3;3;0;0;0;1949.0;04;7;1;Depot;H999;32;Moderat (0° bis 19,99° C);Tag;Wolkig;Texas;Winter;Kollision;Miscellaneous;Human Factors;Depot/Rangieren, Depot/Rangieren;36898.80396980236;Nicht Signifikant;False
5241;340490102;1990;4;21;426100.0;426100.0;31000.0;395100.0;13;4;0;2;0;0;0;0;29.216154649810004;164;6;0;0;0;0;11616.0;03;1;3;Hauptstrecke;H204;38;Moderat (0° bis 19,99° C);Tag;Klar;New Mexico;Frühling;Kollision;Flagging, Fixed, Hand and Radio Signals;Human Factors;Güterzug, Güterzug, Güterzug;361438.62923063873;Signifikant;False
5242;340589103;1989;5;28;659600.0;659600.0;0.0;659600.0;9;0;4;4;0;0;0;0;32.854955522849956;159;1;17;0;0;1;18878.41454167572;03;6;5;Hauptstrecke;M599;60;Moderat (0° bis 19,99° C);Abend;Klar;Texas;Frühling;Kollision;Other Miscellaneous;Miscellaneous Causes;EinzelneWagen, Güterzug, Güterzug;559504.6229536008;Schwer;False
5243;340590103;1990;5;26;16600.0;16600.0;2100.0;14500.0;0;0;0;0;0;0;0;0;2.958916643910756;1;1;2;0;0;2;266.99930237053377;04;6;1;Depot;H021;55;Moderat (0° bis 19,99° C);Abend;Klar;Texas;Frühling;Kollision;Brakes, Use of;Human Factors;EinzelneWagen, EinzelneWagen;14080.922894223428;Nicht Signifikant;False
5244;340688103;1988;6;9;28440.0;28440.0;1550.0;26890.0;3;0;0;0;0;0;0;0;5.944983747097401;206;8;0;0;0;0;25480.068590508436;01;6;1;Depot;T210;90;Heiß (>= 32° C);Tag;Klar;New Mexico;Frühling;Entgleisung;Rail, Joint Bar and Rail Anchoring;Track, Roadbed and Structures;EinzelneWagen, Güterzug;24124.183560946643;Nicht Signifikant;False
5245;340690101;1990;6;1;9750.0;9750.0;0.0;9750.0;2;0;0;0;0;0;0;0;5.0;17;0;13;0;0;1;2400.939531542321;04;6;1;Depot;H021;70;Warm (20° bis 31,99° C);Tag;Wolkig;Texas;Frühling;Kollision;Brakes, Use of;Human Factors;EinzelneWagen, Güterzug;8270.42157943846;Nicht Signifikant;False
5246;340789101;1989;7;11;70000.0;70000.0;0.0;70000.0;0;0;0;3;0;0;0;0;9.926406551346263;2;1;0;0;0;0;316.90383723900163;03;5;X;Nebenstrecke;H104;75;Warm (20° bis 31,99° C);Tag;Klar;New Mexico;Sommer;Kollision;Employee Physical Condition;Human Factors;EinzelneWagen, EinzelneWagen;59377.385698532526;Signifikant;True
5247;340890101;1990;8;6;8800.0;8800.0;0.0;8800.0;2;0;0;0;0;0;0;0;2.958916643910756;3;0;3;0;0;0;552.336383802324;04;5;1;Depot;H018;85;Warm (20° bis 31,99° C);Tag;Regen;New Mexico;Sommer;Kollision;Brakes, Use of;Human Factors;EinzelneWagen, Güterzug;7464.585630672661;Nicht Signifikant;False
5248;340988101;1988;9;2;7084.0;7084.0;3600.0;3484.0;1;0;0;0;0;0;0;0;4.949628046035187;58;5;0;0;0;0;5467.706901408386;01;7;1;Depot;T001;68;Warm (20° bis 31,99° C);Tag;Regen;Texas;Sommer;Entgleisung;Roadbed;Track, Roadbed and Structures;Depot/Rangieren, EinzelneWagen;6008.991432691491;Nicht Signifikant;False
5249;340988102;1988;9;5;14340.0;14340.0;0.0;14340.0;1;0;0;0;0;0;0;0;9.926406551346263;14;2;3;0;0;0;1388.013863647666;04;7;1;Depot;H302;75;Warm (20° bis 31,99° C);Abend;Klar;Texas;Sommer;Kollision;General Switching Rules;Human Factors;Depot/Rangieren, EinzelneWagen;12163.88158452795;Nicht Signifikant;False
5250;340988103;1988;9;9;12700.0;12700.0;0.0;12700.0;1;1;0;0;0;0;0;0;9.926406551346263;0;0;14;0;0;2;498.98975937532276;04;6;2;Depot;H018;62;Moderat (0° bis 19,99° C);Abend;Klar;Texas;Sommer;Kollision;Brakes, Use of;Human Factors;EinzelneWagen, Lokomotive;10772.754262448045;Nicht Signifikant;False
5251;340988104;1988;9;12;9550.0;9550.0;0.0;9550.0;2;0;0;0;0;0;0;0;4.949628046035187;61;2;27;0;0;2;7363.830791464718;01;6;1;Depot;T316;65;Moderat (0° bis 19,99° C);Morgendämmerung;Klar;Texas;Sommer;Entgleisung;Frogs, Switches and Track Appliances;Track, Roadbed and Structures;EinzelneWagen, Güterzug;8100.771906014081;Nicht Signifikant;False
5252;341288101;1988;12;16;10000.0;10000.0;0.0;10000.0;2;0;0;0;0;0;0;0;2.958916643910756;19;0;5;0;0;0;2350.0938083315823;04;7;2;Depot;H307;35;Moderat (0° bis 19,99° C);Abenddämmerung;Klar;Texas;Herbst;Kollision;General Switching Rules;Human Factors;Depot/Rangieren, EinzelneWagen;8482.483671218932;Nicht Signifikant;False
5253;341624;1985;1;19;266432.0;266432.0;586.0;265846.0;4;0;0;0;0;0;0;0;6.5;60;2;11;0;0;0;2200.0;04;7;1;Depot;H401;31;Kalt (-30° - 0,01° C);Abend;Wolkig;Missouri;Winter;Kollision;Main Track Authority;Human Factors;Depot/Rangieren, Depot/Rangieren;226000.50894902027;Signifikant;False
5254;341840;1985;7;23;10049.0;10049.0;109.0;9940.0;3;0;0;0;0;0;0;0;2.958916643910756;63;0;52;0;0;5;8840.603171971226;04;7;1;Depot;H702;85;Warm (20° bis 31,99° C);Tag;Klar;Missouri;Sommer;Kollision;Switches, Use of;Human Factors;Depot/Rangieren, Güterzug;8524.047841207905;Nicht Signifikant;False