index;INCDTNO;YEAR4;MONTH;DAY;ACCDMG;INFRASTRUCTURE_DMG;TRKDMG;EQPDMG;LOCOMOTIVES1;LOCOMOTIVES2;RREMPKLD;RREMPINJ;PASSKLD;PASSINJ;OTHERKLD;OTHERINJ;SPEED;LOADF1;LOADF2;EMPTYF1;EMPTYP1;LOADP1;EMPTYF2;TONS;TYPE;TYPEQ;TRKCLAS;TYPTRK;ACCAUSE;TEMP;TEMP_CLUSTER;VISIBLTY;WEATHER;STATE;Jahreszeit;ACCIDENT_TYPE;ACCCAUSE_LVL1;ACCCAUSE_LVL2;EQUIPMENT_TYPE;ACCDMG_EUR;ACCTYPE;SPD_TOO_HIGH
5255;343538;1985;2;27;7600.0;7600.0;0.0;7600.0;2;0;0;0;0;0;0;0;3.9542723449729715;24;0;23;0;0;3;3504.665674595829;04;7;3;Depot;H702;60;Moderat (0° bis 19,99° C);Abend;Klar;Louisiana;Winter;Kollision;Switches, Use of;Human Factors;Depot/Rangieren, Güterzug;6446.687590126388;Nicht Signifikant;False
5256;343914;1987;1;7;33585.0;33585.0;300.0;33285.0;4;0;0;0;0;0;0;0;9.926406551346263;3;2;8;0;0;1;644.549349475875;01;1;2;Depot;H702;45;Moderat (0° bis 19,99° C);Abend;Klar;Texas;Winter;Entgleisung;Switches, Use of;Human Factors;Güterzug, Güterzug;28488.421409788785;Nicht Signifikant;False
5257;344509;1990;8;9;17200.0;17200.0;0.0;17200.0;4;0;0;0;0;0;0;0;2.958916643910756;71;0;56;0;0;0;9851.556060575374;04;1;3;Hauptstrecke;H999;85;Warm (20° bis 31,99° C);Morgendämmerung;Klar;Louisiana;Sommer;Kollision;Miscellaneous;Human Factors;Güterzug, Güterzug;14589.871914496563;Nicht Signifikant;False
5258;344517;1990;5;17;19845.0;19845.0;786.0;19059.0;2;2;0;0;0;0;0;0;1.9635609428485408;0;0;3;0;0;0;161.11917781563636;04;7;3;Depot;T110;65;Moderat (0° bis 19,99° C);Abend;Klar;Louisiana;Frühling;Kollision;Track Geometry;Track, Roadbed and Structures;Depot/Rangieren, Lokomotive;16833.48884553397;Nicht Signifikant;False
5259;344644;1986;5;23;21500.0;21500.0;0.0;21500.0;2;1;0;0;0;0;0;0;2.958916643910756;22;1;19;0;0;0;3170.5341218329513;04;7;1;Depot;H021;70;Warm (20° bis 31,99° C);Tag;Klar;Louisiana;Frühling;Kollision;Brakes, Use of;Human Factors;Depot/Rangieren, Depot/Rangieren;18237.339893120705;Nicht Signifikant;False
5260;346684;1987;8;22;56650.0;56650.0;1500.0;55150.0;1;0;0;0;0;0;0;0;4.949628046035187;15;2;63;0;0;2;3736.4433096482594;05;7;2;Depot;M501;100;Heiß (>= 32° C);Abenddämmerung;Klar;Texas;Sommer;Kollision;Other Miscellaneous;Miscellaneous Causes;Depot/Rangieren, EinzelneWagen;48053.26999745525;Nicht Signifikant;False
5261;3501;2007;4;14;35795.0;35795.0;6795.0;29000.0;2;0;0;0;0;0;0;0;3.9542723449729715;17;1;0;0;0;0;2023.2652051778787;04;7;2;Depot;H018;50;Moderat (0° bis 19,99° C);Tag;Wolkig;Indiana;Frühling;Kollision;Brakes, Use of;Human Factors;Depot/Rangieren, Depot/Rangieren;26440.39001329591;Nicht Signifikant;False
5262;350590101;1990;5;20;31800.0;31800.0;1800.0;30000.0;0;0;0;0;0;0;0;0;4.0;4;4;0;0;0;0;603.2458092909593;04;6;1;Depot;H018;95;Heiß (>= 32° C);Tag;Klar;Arizona;Frühling;Kollision;Brakes, Use of;Human Factors;EinzelneWagen, EinzelneWagen;26974.298074476206;Nicht Signifikant;False
5263;350688101;1988;6;3;102600.0;102600.0;48000.0;54600.0;8;0;0;0;0;0;0;0;33.81494337683943;64;7;55;0;0;4;7246.0;04;1;3;Hauptstrecke;H513;70;Warm (20° bis 31,99° C);Tag;Klar;Arizona;Frühling;Kollision;Train Handling/Train Makeup;Human Factors;Güterzug, Güterzug;87030.28246670625;Nicht Signifikant;False
5264;350989101;1989;9;24;530450.0;530450.0;17700.0;512750.0;9;4;0;2;0;0;0;0;34.81029907790165;68;4;48;0;0;1;6866.0;03;1;4;Hauptstrecke;H204;45;Moderat (0° bis 19,99° C);Morgendämmerung;Klar;Arizona;Herbst;Kollision;Flagging, Fixed, Hand and Radio Signals;Human Factors;Güterzug, Güterzug;449953.34633980825;Signifikant;False
5265;351188101;1988;11;8;66400.0;66400.0;0.0;66400.0;4;0;0;0;0;0;0;0;31.824231974715;64;0;4;0;0;0;5813.336383802324;04;5;X;Nebenstrecke;E08C;58;Moderat (0° bis 19,99° C);Abend;Klar;Arizona;Herbst;Kollision;Brakes;Mechanical and Electrical Failures;EinzelneWagen, Güterzug;56323.69157689371;Nicht Signifikant;True
5266;3517;2007;5;9;9929.0;9929.0;806.0;9123.0;3;0;0;0;0;0;0;0;6.940339448159618;12;0;73;0;0;0;3657.4569869359275;04;7;1;Depot;H602;75;Warm (20° bis 31,99° C);Tag;Klar;Indiana;Frühling;Kollision;Speed;Human Factors;Depot/Rangieren, Depot/Rangieren;7335.796084226081;Nicht Signifikant;False
5267;360190106;1990;1;23;12200.0;12200.0;4000.0;8200.0;1;0;0;0;0;0;0;0;15.898540757719555;23;2;10;0;0;2;3597.976396109407;01;7;1;Depot;M407;33;Moderat (0° bis 19,99° C);Abend;Klar;Kalifornien;Winter;Entgleisung;Unusual Operational Situations;Miscellaneous Causes;Depot/Rangieren, EinzelneWagen;10348.630078887098;Nicht Signifikant;True
5268;360489102;1989;4;1;182856.0;182856.0;0.0;182856.0;3;0;0;0;0;0;0;0;0.0;0;0;1;0;0;0;100.22635739365951;04;5;1;Industriestrecke;E08L;80;Warm (20° bis 31,99° C);Tag;Klar;Kalifornien;Frühling;Kollision;Brakes;Mechanical and Electrical Failures;EinzelneWagen, Lokomotive;155107.30341844092;Signifikant;False
5269;360489103;1989;4;4;211857.0;211857.0;65000.0;146857.0;9;2;0;3;0;0;0;0;28.0;104;17;0;0;0;0;7632.0;04;1;4;Hauptstrecke;H204;56;Moderat (0° bis 19,99° C);Abend;Klar;Kalifornien;Frühling;Kollision;Flagging, Fixed, Hand and Radio Signals;Human Factors;Güterzug, Güterzug;179707.35431334295;Signifikant;False
5270;360490101;1990;4;17;26000.0;26000.0;0.0;26000.0;4;0;0;0;0;0;0;0;7.935695149221832;61;1;0;0;0;0;5543.647398120594;04;5;1;Depot;H704;65;Moderat (0° bis 19,99° C);Abend;Klar;Kalifornien;Frühling;Kollision;Switches, Use of;Human Factors;EinzelneWagen, Güterzug;22054.457545169225;Nicht Signifikant;False
5271;360688103;1988;6;12;29500.0;29500.0;0.0;29500.0;2;0;0;0;0;0;0;0;9.5;43;2;0;0;0;0;3282.523615117988;04;7;1;Depot;H702;65;Moderat (0° bis 19,99° C);Tag;Wolkig;Kalifornien;Frühling;Kollision;Switches, Use of;Human Factors;Depot/Rangieren, EinzelneWagen;25023.32683009585;Nicht Signifikant;False
5272;360689101;1989;6;1;14500.0;14500.0;0.0;14500.0;2;0;0;0;0;0;0;0;9.926406551346263;11;2;0;0;0;0;1328.3158353524755;04;7;2;Depot;H601;80;Warm (20° bis 31,99° C);Tag;Klar;Kalifornien;Frühling;Kollision;Speed;Human Factors;Depot/Rangieren, EinzelneWagen;12299.601323267452;Nicht Signifikant;False
5273;360689102;1989;6;7;10000.0;10000.0;0.0;10000.0;0;0;0;0;0;0;0;0;14.903185056657339;3;0;0;0;0;0;411.05222077044647;04;5;2;Depot;H601;96;Heiß (>= 32° C);Tag;Klar;Kalifornien;Frühling;Kollision;Speed;Human Factors;EinzelneWagen, EinzelneWagen;8482.483671218932;Nicht Signifikant;False
5274;360689103;1989;6;18;120000.0;120000.0;6000.0;114000.0;6;6;0;0;0;0;0;0;10.921762252408477;37;2;6;0;0;6;4355.0;04;7;2;Depot;H999;68;Warm (20° bis 31,99° C);Abend;Klar;Kalifornien;Frühling;Kollision;Miscellaneous;Human Factors;Depot/Rangieren, Güterzug;101789.8040546272;Nicht Signifikant;False
5275;360690103;1990;6;16;8400.0;8400.0;0.0;8400.0;0;0;0;0;0;0;0;0;9.926406551346263;0;0;3;0;0;0;161.11917781563636;04;6;1;Depot;H302;90;Heiß (>= 32° C);Tag;Klar;Kalifornien;Frühling;Kollision;General Switching Rules;Human Factors;EinzelneWagen, EinzelneWagen;7125.286283823903;Nicht Signifikant;False
5276;360788104;1988;7;11;5600.0;5600.0;0.0;5600.0;2;0;0;0;0;0;0;0;9.926406551346263;21;0;15;0;0;0;2712.647398120594;04;4;1;Depot;H022;90;Heiß (>= 32° C);Abend;Klar;Kalifornien;Sommer;Kollision;Brakes, Use of;Human Factors;Arbeitszug, EinzelneWagen;4750.190855882603;Nicht Signifikant;False
5277;361089102;1989;10;7;40000.0;40000.0;0.0;40000.0;9;1;0;1;0;0;0;0;12.91247365453291;0;0;0;0;0;0;69.7799471826711;03;8;X;Depot;H306;58;Moderat (0° bis 19,99° C);Abend;Klar;Kalifornien;Herbst;Kollision;General Switching Rules;Human Factors;Lokomotive, Lokomotive;33929.93468487573;Signifikant;True
5278;361089103;1989;10;14;20200.0;20200.0;200.0;20000.0;10;2;0;0;0;0;0;0;10.921762252408477;0;0;0;0;0;0;69.7799471826711;02;8;X;Depot;H601;58;Moderat (0° bis 19,99° C);Morgendämmerung;Klar;Kalifornien;Herbst;Kollision;Speed;Human Factors;Lokomotive, Lokomotive;17134.617015862244;Nicht Signifikant;True
5279;3641;2007;11;1;46484.0;46484.0;568.0;45916.0;4;0;0;0;0;0;0;0;4.0;5;1;1;0;0;1;690.1025556571724;01;7;1;Depot;E31C;36;Moderat (0° bis 19,99° C);Abend;Klar;Illinois;Herbst;Entgleisung;Coupler and Draft System;Mechanical and Electrical Failures;Depot/Rangieren, Depot/Rangieren;32229.07855508563;Nicht Signifikant;False
5280;374423;2005;7;10;10892200.0;10892200.0;65000.0;10827200.0;6;6;4;0;0;0;0;0;37.0;64;11;180;0;0;6;13931.0;02;1;3;Hauptstrecke;H221;72;Warm (20° bis 31,99° C);Abend;Klar;Mississippi;Sommer;Kollision;Flagging, Fixed, Hand and Radio Signals;Human Factors;Güterzug, Güterzug;9098062.145005014;Schwer;False
5281;379;1996;12;24;78000.0;78000.0;10000.0;68000.0;5;0;0;0;0;0;0;0;6.940339448159618;81;4;38;0;0;2;9049.0;03;1;2;Nebenstrecke;H605;20;Kalt (-30° - 0,01° C);Tag;Schnee;Montana;Winter;Kollision;Speed;Human Factors;Güterzug, Güterzug;66163.37263550768;Nicht Signifikant;False
5282;37F090921;2009;9;4;10242.0;10242.0;242.0;10000.0;4;0;0;0;0;0;0;0;5.0;31;0;3;0;0;0;3687.599338222649;04;7;1;Depot;H306;51;Moderat (0° bis 19,99° C);Abend;Klar;Indiana;Sommer;Kollision;General Switching Rules;Human Factors;Depot/Rangieren, Depot/Rangieren;7181.320992848128;Nicht Signifikant;False
5283;38;1995;2;3;12000.0;12000.0;0.0;12000.0;5;0;0;0;0;0;0;0;3.0;74;0;19;0;0;1;9328.0;06;7;1;Depot;H310;40;Moderat (0° bis 19,99° C);Tag;Klar;Montana;Winter;Kollision;General Switching Rules;Human Factors;Depot/Rangieren, Güterzug;10178.980405462718;Nicht Signifikant;False
5284;38511;1985;3;21;7244.0;7244.0;144.0;7100.0;2;0;0;0;0;0;0;0;5.0;28;1;56;0;0;3;4984.035950673294;04;7;1;Depot;H204;45;Moderat (0° bis 19,99° C);Abend;Klar;Indiana;Frühling;Kollision;Flagging, Fixed, Hand and Radio Signals;Human Factors;Depot/Rangieren, Depot/Rangieren;6144.711171430995;Nicht Signifikant;False
5285;38514;1985;3;27;19788.0;19788.0;1438.0;18350.0;3;0;0;0;0;0;0;0;6.5;64;0;66;0;0;0;9359.718190980448;04;7;1;Depot;H401;58;Moderat (0° bis 19,99° C);Abend;Wolkig;Illinois;Frühling;Kollision;Main Track Authority;Human Factors;Depot/Rangieren, Güterzug;16785.138688608025;Nicht Signifikant;False
5286;38611;1986;3;11;6501.0;6501.0;0.0;6501.0;1;0;0;0;0;0;0;0;2.0;8;0;1;0;0;0;1010.2857536277273;04;7;1;Industriestrecke;H302;35;Moderat (0° bis 19,99° C);Abend;Wolkig;Indiana;Winter;Kollision;General Switching Rules;Human Factors;Depot/Rangieren, EinzelneWagen;5514.462634659428;Nicht Signifikant;False
5287;387;1987;4;27;6750.0;6750.0;0.0;6750.0;14;0;0;0;0;0;0;0;7.935695149221832;0;0;0;0;0;0;69.7799471826711;03;2;3;Hauptstrecke;H204;50;Moderat (0° bis 19,99° C);Tag;Klar;New Jersey;Frühling;Kollision;Flagging, Fixed, Hand and Radio Signals;Human Factors;Personenzug, Personenzug;5725.676478072779;Nicht Signifikant;False
5288;3994195;1999;5;11;10000.0;10000.0;0.0;10000.0;1;0;0;1;0;0;0;0;0.9682052417863254;0;0;0;9;0;0;243.2227937874273;05;7;1;Depot;H021;60;Moderat (0° bis 19,99° C);Tag;Klar;Illinois;Frühling;Kollision;Brakes, Use of;Human Factors;Depot/Rangieren, EinzelneWagen;9317.927692881103;Signifikant;False
5289;40001;1993;8;17;20000.0;20000.0;0.0;20000.0;4;0;0;0;0;0;0;0;15.898540757719555;50;0;7;0;0;0;5047.889973591336;03;1;1;Hauptstrecke;H699;70;Warm (20° bis 31,99° C);Tag;Klar;Pennsylvania;Sommer;Kollision;Speed;Human Factors;Güterzug, Lokomotive;16964.967342437863;Nicht Signifikant;True
5290;40001;1994;9;12;14100.0;14100.0;2000.0;12100.0;6;1;0;0;0;0;0;0;4.949628046035187;100;1;0;0;0;0;9034.889973591336;04;1;4;Hauptstrecke;H204;70;Warm (20° bis 31,99° C);Tag;Klar;Pennsylvania;Sommer;Kollision;Flagging, Fixed, Hand and Radio Signals;Human Factors;Güterzug, Lokomotive;11960.301976418696;Nicht Signifikant;False
5291;40001;1995;11;13;7000.0;7000.0;0.0;7000.0;9;0;0;0;0;0;0;0;2.5;0;0;105;0;0;0;3184.8899735913355;04;1;1;Industriestrecke;M505;35;Moderat (0° bis 19,99° C);Tag;Schnee;Pennsylvania;Herbst;Kollision;Other Miscellaneous;Miscellaneous Causes;Güterzug, Lokomotive;5937.738569853253;Nicht Signifikant;False
5292;40001;1995;12;8;91900.0;91900.0;2200.0;89700.0;2;1;0;1;0;0;0;0;6.0;2;1;0;0;0;0;316.90383723900163;01;6;1;Hauptstrecke;E09C;35;Moderat (0° bis 19,99° C);Abend;Klar;Pennsylvania;Herbst;Entgleisung;Brakes;Mechanical and Electrical Failures;EinzelneWagen, Lokomotive;77954.02493850199;Signifikant;False
5293;40007;1993;3;30;6500.0;6500.0;0.0;6500.0;3;0;0;0;0;0;0;0;4.949628046035187;8;0;35;0;0;2;2300.0;04;7;1;Industriestrecke;H401;40;Moderat (0° bis 19,99° C);Tag;Klar;Pennsylvania;Frühling;Kollision;Main Track Authority;Human Factors;Depot/Rangieren, Güterzug;5513.614386292306;Nicht Signifikant;False
5294;40314WAS01;1994;3;14;133750.0;133750.0;1250.0;132500.0;2;2;0;2;0;0;0;0;6.5;1;1;0;1;0;0;222.4178401102716;02;7;1;Depot;H403;37;Moderat (0° bis 19,99° C);Tag;Klar;District of Columbia;Winter;Kollision;Main Track Authority;Human Factors;Depot/Rangieren, Depot/Rangieren;113453.21910255322;Signifikant;False
5295;40415BOS02;1994;4;15;37966.0;37966.0;800.0;37166.0;2;0;0;6;0;4;0;0;9.926406551346263;0;0;0;2;4;0;275.684596799396;02;2;5;Hauptstrecke;H499;51;Moderat (0° bis 19,99° C);Tag;Klar;Connecticut;Frühling;Kollision;Main Track Authority;Human Factors;Personenzug, Personenzug;32204.5975061498;Schwer;False
5296;40416WASAA;1994;4;16;285000.0;285000.0;10000.0;275000.0;2;0;0;0;0;0;0;0;0.0;0;0;0;17;0;0;1000.0;05;7;1;Depot;H020;60;Moderat (0° bis 19,99° C);Abend;Regen;District of Columbia;Frühling;Kollision;Brakes, Use of;Human Factors;Depot/Rangieren, Depot/Rangieren;241750.7846297396;Signifikant;False
5297;40427BOSBB;1994;4;27;68500.0;68500.0;0.0;68500.0;1;0;0;0;0;0;0;0;79.60130562570134;0;0;1;1;4;0;286.8595796098559;05;5;5;Hauptstrecke;H402;65;Moderat (0° bis 19,99° C);Tag;Klar;Connecticut;Frühling;Kollision;Main Track Authority;Human Factors;EinzelneWagen, Personenzug;58105.013147849684;Nicht Signifikant;False
5298;405091;1985;3;7;5500.0;5500.0;0.0;5500.0;2;0;0;0;0;0;0;0;2.0;89;0;30;0;0;2;8680.816418421731;04;5;1;Depot;E0HC;45;Moderat (0° bis 19,99° C);Tag;Klar;Wisconsion;Winter;Kollision;Brakes;Mechanical and Electrical Failures;EinzelneWagen, Güterzug;4665.366019170413;Nicht Signifikant;False
5299;40530PHLAA;1994;5;30;38000.0;38000.0;0.0;38000.0;2;0;0;0;0;0;0;0;3.9542723449729715;0;0;0;0;0;0;69.7799471826711;02;8;1;Depot;H992;85;Warm (20° bis 31,99° C);Tag;Klar;Pennsylvania;Frühling;Kollision;Miscellaneous;Human Factors;Lokomotive, Lokomotive;32233.437950631942;Nicht Signifikant;False
5300;40725MWD02;1994;7;25;64807.0;64807.0;0.0;64807.0;2;0;0;2;0;0;0;0;4.949628046035187;0;0;0;0;7;0;362.66308811009;04;2;1;Depot;H401;80;Warm (20° bis 31,99° C);Tag;Klar;Illinois;Sommer;Kollision;Main Track Authority;Human Factors;Personenzug, Personenzug;54972.43192806854;Signifikant;False
5301;408306;2006;3;22;108000.0;108000.0;4000.0;104000.0;2;0;0;0;0;0;0;0;7.935695149221832;39;9;96;0;0;4;8326.626979546372;01;7;1;Depot;T210;72;Warm (20° bis 31,99° C);Tag;Klar;Louisiana;Frühling;Entgleisung;Rail, Joint Bar and Rail Anchoring;Track, Roadbed and Structures;Depot/Rangieren, EinzelneWagen;89485.45861297539;Nicht Signifikant;False
5302;409093;2006;3;30;22500.0;22500.0;500.0;22000.0;2;0;0;0;0;0;0;0;4.949628046035187;54;1;120;0;0;0;12100.0;01;6;1;Depot;H999;47;Moderat (0° bis 19,99° C);Abend;Klar;Illinois;Frühling;Entgleisung;Miscellaneous;Human Factors;EinzelneWagen, Güterzug;18601.190476190477;Nicht Signifikant;False
5303;40D;1986;7;7;4963.0;4963.0;963.0;4000.0;10;1;0;0;0;0;0;0;9.926406551346263;0;0;0;0;0;0;69.7799471826711;04;8;2;Depot;H306;80;Warm (20° bis 31,99° C);Abend;Klar;Virginia;Sommer;Kollision;General Switching Rules;Human Factors;Lokomotive, Lokomotive;4209.856646025956;Nicht Signifikant;False
5304;41017BOSAA;1994;10;17;15750.0;15750.0;0.0;15750.0;2;1;0;0;0;0;0;0;4.949628046035187;0;0;29;0;0;2;955.685912540149;04;6;1;Depot;H399;55;Moderat (0° bis 19,99° C);Abend;Klar;Rhode Island;Herbst;Kollision;General Switching Rules;Human Factors;EinzelneWagen, Lokomotive;13359.911782169818;Nicht Signifikant;False
5305;41025BOSAA;1994;10;25;17850.0;17850.0;2500.0;15350.0;3;1;0;0;0;0;0;0;3.5;0;0;0;0;0;0;69.7799471826711;04;8;1;Depot;H306;50;Moderat (0° bis 19,99° C);Abend;Klar;Connecticut;Herbst;Kollision;General Switching Rules;Human Factors;Lokomotive, Lokomotive;15141.233353125794;Nicht Signifikant;False
5306;411815;2006;4;30;82550.0;82550.0;1500.0;81050.0;6;0;0;0;0;0;0;0;3.5;105;2;33;0;0;2;13200.0;04;7;1;Depot;H307;55;Moderat (0° bis 19,99° C);Abend;Regen;Illinois;Frühling;Kollision;General Switching Rules;Human Factors;Depot/Rangieren, Güterzug;65567.91104050835;Nicht Signifikant;False
5307;412262;1985;6;3;35200.0;35200.0;200.0;35000.0;0;0;0;0;0;0;0;0;4.949628046035187;2;2;0;0;0;0;336.5128782368152;04;5;1;Depot;M407;65;Moderat (0° bis 19,99° C);Abend;Klar;Minnesota;Frühling;Kollision;Unusual Operational Situations;Miscellaneous Causes;EinzelneWagen, EinzelneWagen;29858.342522690644;Nicht Signifikant;False
5308;414242;1985;8;2;5200.0;5200.0;0.0;5200.0;1;1;0;1;0;0;0;0;29.83352057259057;1;0;8;0;0;1;376.8164184217309;04;5;X;Nebenstrecke;H018;75;Warm (20° bis 31,99° C);Tag;Klar;Wisconsion;Sommer;Kollision;Brakes, Use of;Human Factors;EinzelneWagen, Güterzug;4410.891509033845;Signifikant;True
5309;415422;1985;8;16;150050.0;150050.0;0.0;150050.0;0;0;0;0;0;0;0;0;4.949628046035187;1;1;1;0;0;0;233.59282292073158;04;5;1;Nebenstrecke;E08C;65;Moderat (0° bis 19,99° C);Tag;Klar;Minnesota;Sommer;Kollision;Brakes;Mechanical and Electrical Failures;EinzelneWagen, EinzelneWagen;127279.66748664009;Nicht Signifikant;False
5310;42592;1992;4;25;18080.5;18080.5;2000.0;11000.0;3;0;0;0;0;0;0;0;9.0;35;4;3;0;0;2;2520.0;01;7;3;Hauptstrecke;M503;39;Moderat (0° bis 19,99° C);Abenddämmerung;Regen;New York;Frühling;Entgleisung;Other Miscellaneous;Miscellaneous Causes;Depot/Rangieren, Güterzug;15336.75460174739;Nicht Signifikant;False
5311;438054;1985;11;22;7000.0;7000.0;0.0;7000.0;6;3;0;0;0;0;0;0;2.958916643910756;110;0;225;0;0;2;21156.88791722204;01;7;3;Nebenstrecke;T110;60;Moderat (0° bis 19,99° C);Abend;Klar;Louisiana;Herbst;Entgleisung;Track Geometry;Track, Roadbed and Structures;Depot/Rangieren, Güterzug;5937.738569853253;Nicht Signifikant;False
5312;438768;1986;2;9;7875.0;7875.0;259.0;7616.0;2;0;0;0;0;0;0;0;2.958916643910756;1;0;1;0;0;0;213.98378192291796;04;7;1;Depot;H401;15;Kalt (-30° - 0,01° C);Abend;Wolkig;Missouri;Winter;Kollision;Main Track Authority;Human Factors;Depot/Rangieren, Depot/Rangieren;6679.955891084909;Nicht Signifikant;False
5313;438785;1988;3;2;11100.0;11100.0;0.0;11100.0;2;0;0;0;0;0;0;0;3.9542723449729715;1;0;1;0;0;1;215.46381654232488;04;7;3;Depot;H401;40;Moderat (0° bis 19,99° C);Tag;Klar;Missouri;Winter;Kollision;Main Track Authority;Human Factors;Depot/Rangieren, Depot/Rangieren;9415.556875053015;Nicht Signifikant;False
5314;438884;1985;12;14;29355.0;29355.0;0.0;29355.0;4;0;0;0;0;0;0;0;14.903185056657339;0;0;0;0;0;0;69.7799471826711;03;8;1;Depot;E09L;20;Kalt (-30° - 0,01° C);Abend;Klar;Missouri;Herbst;Kollision;Brakes;Mechanical and Electrical Failures;Lokomotive, Lokomotive;24900.330816863177;Nicht Signifikant;True
5315;439683;1990;7;7;20500.0;20500.0;2000.0;18500.0;2;0;0;0;0;0;0;0;2.0;70;4;23;0;0;0;8811.503263074752;01;7;2;Depot;H306;78;Warm (20° bis 31,99° C);Abend;Klar;Texas;Sommer;Entgleisung;General Switching Rules;Human Factors;Depot/Rangieren, Depot/Rangieren;17389.09152599881;Nicht Signifikant;False
5316;440168;1985;12;20;12424.0;12424.0;0.0;12424.0;4;0;0;0;0;0;0;0;2.0;0;0;0;0;0;0;69.7799471826711;04;8;1;Depot;H702;20;Kalt (-30° - 0,01° C);Abend;Klar;Missouri;Herbst;Kollision;Switches, Use of;Human Factors;Lokomotive, Lokomotive;10538.637713122402;Nicht Signifikant;False
5317;440192;1986;3;2;50990.0;50990.0;0.0;50990.0;3;0;0;0;0;0;0;0;2.0;3;0;0;0;0;0;6534.0;04;7;1;Depot;H301;57;Moderat (0° bis 19,99° C);Tag;Klar;Missouri;Winter;Kollision;General Switching Rules;Human Factors;Depot/Rangieren, Depot/Rangieren;43252.184239545335;Nicht Signifikant;False
5318;440194;1986;3;2;19110.0;19110.0;0.0;19110.0;5;0;0;0;0;0;0;0;1.9635609428485408;4;0;2;0;0;0;562.8899735913355;04;7;1;Depot;H702;45;Moderat (0° bis 19,99° C);Abend;Klar;Missouri;Winter;Kollision;Switches, Use of;Human Factors;Depot/Rangieren, Lokomotive;16210.02629569938;Nicht Signifikant;False
5319;440328;1987;6;22;28350.0;28350.0;2681.0;25669.0;5;1;0;0;0;0;0;0;2.0;24;0;99;0;0;0;5947.0;04;7;1;Depot;H401;83;Warm (20° bis 31,99° C);Tag;Wolkig;Missouri;Sommer;Kollision;Main Track Authority;Human Factors;Depot/Rangieren, Güterzug;24047.841207905672;Nicht Signifikant;False
5320;440982;1995;3;25;47332.0;47332.0;371.0;46961.0;3;0;0;0;0;0;0;0;6.5;25;0;100;0;0;1;6244.008131202849;04;7;2;Depot;H306;70;Warm (20° bis 31,99° C);Abenddämmerung;Wolkig;Texas;Frühling;Kollision;General Switching Rules;Human Factors;Depot/Rangieren, Depot/Rangieren;40149.29171261345;Nicht Signifikant;False
5321;441467;1987;3;12;7480.0;7480.0;0.0;7480.0;4;1;0;0;0;0;0;0;14.903185056657339;30;0;80;0;0;0;6313.0;02;7;2;Depot;H404;68;Warm (20° bis 31,99° C);Tag;Klar;Texas;Winter;Kollision;Main Track Authority;Human Factors;Depot/Rangieren, Güterzug;6344.897786071761;Nicht Signifikant;False
5322;443160;1994;2;7;16715.0;16715.0;7500.0;9215.0;4;1;0;0;0;0;0;0;9.926406551346263;62;5;80;0;0;0;5344.0;04;1;3;Hauptstrecke;T314;64;Moderat (0° bis 19,99° C);Tag;Klar;Louisiana;Winter;Kollision;Frogs, Switches and Track Appliances;Track, Roadbed and Structures;Güterzug, Güterzug;14178.471456442445;Nicht Signifikant;False
5323;443572;1998;3;15;16412.0;16412.0;1212.0;15200.0;4;0;0;0;0;0;0;0;4.949628046035187;5;0;3;0;0;0;729.9063004619287;04;1;3;Depot;H702;33;Moderat (0° bis 19,99° C);Abend;Wolkig;Missouri;Winter;Kollision;Switches, Use of;Human Factors;Güterzug, Lokomotive;13921.452201204513;Nicht Signifikant;False
5324;446473;1989;5;4;120650.0;120650.0;3398.0;117252.0;3;0;0;0;0;0;0;0;4.5;56;4;111;0;0;4;9664.04899756864;04;7;3;Depot;H306;65;Moderat (0° bis 19,99° C);Abend;Regen;Louisiana;Frühling;Kollision;General Switching Rules;Human Factors;Depot/Rangieren, Güterzug;102341.16549325643;Nicht Signifikant;False
5325;448057;1996;5;24;9700.0;9700.0;0.0;9700.0;3;0;0;0;0;0;0;0;2.958916643910756;33;0;8;0;0;0;2077.0;04;7;1;Depot;H020;80;Warm (20° bis 31,99° C);Abend;Klar;Louisiana;Frühling;Kollision;Brakes, Use of;Human Factors;Depot/Rangieren, Depot/Rangieren;8228.009161082364;Nicht Signifikant;False
5326;448122;1995;11;20;12100.0;12100.0;100.0;12000.0;2;0;0;0;0;0;0;0;4.0;4;1;9;0;0;0;818.4363781964142;04;7;1;Depot;M505;60;Moderat (0° bis 19,99° C);Abend;Wolkig;Louisiana;Herbst;Kollision;Other Miscellaneous;Miscellaneous Causes;Depot/Rangieren, Depot/Rangieren;10263.805242174909;Nicht Signifikant;False
5327;448212;1996;11;16;51000.0;51000.0;0.0;51000.0;2;0;0;0;0;0;0;0;5.5;37;0;19;0;0;0;4147.0;04;7;1;Depot;H020;60;Moderat (0° bis 19,99° C);Abend;Wolkig;Louisiana;Herbst;Kollision;Brakes, Use of;Human Factors;Depot/Rangieren, Güterzug;43260.66672321656;Nicht Signifikant;False
5328;449205;1994;3;16;54348.0;54348.0;3348.0;51000.0;2;0;0;0;0;0;0;0;6.940339448159618;42;2;43;0;0;3;6141.844533180048;04;7;3;Depot;H306;45;Moderat (0° bis 19,99° C);Morgendämmerung;Klar;Louisiana;Winter;Kollision;General Switching Rules;Human Factors;Depot/Rangieren, Güterzug;46100.60225634065;Nicht Signifikant;False