index;INCDTNO;YEAR4;MONTH;DAY;ACCDMG;INFRASTRUCTURE_DMG;TRKDMG;EQPDMG;LOCOMOTIVES1;LOCOMOTIVES2;RREMPKLD;RREMPINJ;PASSKLD;PASSINJ;OTHERKLD;OTHERINJ;SPEED;LOADF1;LOADF2;EMPTYF1;EMPTYP1;LOADP1;EMPTYF2;TONS;TYPE;TYPEQ;TRKCLAS;TYPTRK;ACCAUSE;TEMP;TEMP_CLUSTER;VISIBLTY;WEATHER;STATE;Jahreszeit;ACCIDENT_TYPE;ACCCAUSE_LVL1;ACCCAUSE_LVL2;EQUIPMENT_TYPE;ACCDMG_EUR;ACCTYPE;SPD_TOO_HIGH
5329;449546;1996;5;27;7500.0;7500.0;0.0;7500.0;2;0;0;0;0;0;0;0;3.9542723449729715;12;0;30;0;0;1;3780.0;04;7;1;Depot;H307;62;Moderat (0° bis 19,99° C);Abend;Regen;Missouri;Frühling;Kollision;General Switching Rules;Human Factors;Depot/Rangieren, Depot/Rangieren;6361.8627534142;Nicht Signifikant;False
5330;449898;1987;11;8;55258.0;55258.0;188.0;55070.0;2;0;0;0;0;0;0;0;3.0;65;1;27;0;0;0;9384.0;04;7;1;Depot;H401;40;Moderat (0° bis 19,99° C);Tag;Wolkig;Missouri;Herbst;Kollision;Main Track Authority;Human Factors;Depot/Rangieren, Depot/Rangieren;46872.508270421575;Nicht Signifikant;False
5331;449962;1996;9;20;15816.0;15816.0;2116.0;13700.0;3;0;0;0;0;0;0;0;4.949628046035187;31;2;17;0;0;2;3643.0;04;7;1;Depot;E46C;78;Warm (20° bis 31,99° C);Tag;Wolkig;Missouri;Sommer;Kollision;Truck Components;Mechanical and Electrical Failures;Depot/Rangieren, Depot/Rangieren;13415.896174399864;Nicht Signifikant;False
5332;450397;1993;2;11;13995.0;13995.0;83.0;13912.0;4;1;0;0;0;0;0;0;1.9635609428485408;0;0;0;0;0;0;69.7799471826711;05;8;1;Depot;H401;39;Moderat (0° bis 19,99° C);Tag;Regen;Missouri;Winter;Kollision;Main Track Authority;Human Factors;Lokomotive, Lokomotive;11871.235897870896;Nicht Signifikant;False
5333;450426;1993;8;6;8500.0;8500.0;0.0;8500.0;3;0;0;0;0;0;0;0;4.0;19;0;55;0;0;0;4268.0;04;7;1;Depot;H401;80;Warm (20° bis 31,99° C);Tag;Klar;Missouri;Sommer;Kollision;Main Track Authority;Human Factors;Depot/Rangieren, Depot/Rangieren;7210.111120536093;Nicht Signifikant;False
5334;450604;1990;7;29;16700.0;16700.0;0.0;16700.0;3;0;0;0;0;0;0;0;5.0;10;0;82;0;0;0;3944.0;04;1;1;Depot;H401;90;Heiß (>= 32° C);Tag;Klar;Missouri;Sommer;Kollision;Main Track Authority;Human Factors;Güterzug, Güterzug;14165.747730935616;Nicht Signifikant;False
5335;450953;1994;1;31;6752.0;6752.0;0.0;6752.0;3;0;0;0;0;0;0;0;7.5;40;0;54;0;0;0;6264.1830797463845;02;5;3;Nebenstrecke;H101;45;Moderat (0° bis 19,99° C);Tag;Klar;Arkansas;Winter;Kollision;Employee Physical Condition;Human Factors;EinzelneWagen, Güterzug;5727.372974807024;Nicht Signifikant;False
5336;451117;1995;2;27;143000.0;143000.0;0.0;143000.0;3;0;0;0;0;0;0;0;17.5;115;0;0;0;0;0;14398.647398120595;05;5;3;Depot;H020;70;Warm (20° bis 31,99° C);Tag;Klar;Oklahoma;Winter;Kollision;Brakes, Use of;Human Factors;EinzelneWagen, Güterzug;121299.51649843073;Nicht Signifikant;False
5337;451205;1991;7;26;26000.0;26000.0;0.0;26000.0;2;0;0;0;0;0;0;0;5.0;53;0;18;0;0;1;6648.438865650569;04;7;3;Industriestrecke;H702;80;Warm (20° bis 31,99° C);Abenddämmerung;Klar;Louisiana;Sommer;Kollision;Switches, Use of;Human Factors;Depot/Rangieren, Güterzug;22054.457545169225;Nicht Signifikant;False
5338;451353;1992;5;22;6775.0;6775.0;0.0;6775.0;2;0;0;0;0;0;0;0;3.9542723449729715;11;0;23;0;0;2;2024.3391210960617;04;7;3;Depot;H999;78;Warm (20° bis 31,99° C);Abend;Klar;Louisiana;Frühling;Kollision;Miscellaneous;Human Factors;Depot/Rangieren, Depot/Rangieren;5746.882687250827;Nicht Signifikant;False
5339;451696;1989;10;26;48500.0;48500.0;3500.0;45000.0;5;0;0;0;0;0;0;0;2.958916643910756;5;1;11;0;0;0;923.8899735913355;04;7;3;Hauptstrecke;H306;70;Warm (20° bis 31,99° C);Abend;Klar;Louisiana;Herbst;Kollision;General Switching Rules;Human Factors;Depot/Rangieren, Lokomotive;41140.04580541182;Nicht Signifikant;False
5340;452154;1995;6;22;8385.0;8385.0;75.0;8310.0;0;0;0;0;0;0;0;0;4.949628046035187;0;0;2;0;0;0;130.67276760464793;02;5;1;Hauptstrecke;H605;90;Heiß (>= 32° C);Tag;Klar;Mississippi;Sommer;Kollision;Speed;Human Factors;EinzelneWagen, EinzelneWagen;7112.562558317075;Nicht Signifikant;False
5341;454060;1995;9;27;21901.0;21901.0;0.0;21901.0;3;0;0;3;0;0;0;0;37.79636618108829;12;0;63;0;0;0;3588.336383802324;09;5;3;Hauptstrecke;H402;70;Warm (20° bis 31,99° C);Tag;Klar;Missouri;Herbst;Kollision;Main Track Authority;Human Factors;EinzelneWagen, Güterzug;18577.487488336585;Signifikant;False
5342;454354;1994;2;10;1208660.0;1208660.0;0.0;1208655.0;4;4;0;5;0;0;0;0;19.0;45;6;50;0;0;3;6341.0;02;1;3;Hauptstrecke;H605;35;Moderat (0° bis 19,99° C);Tag;Klar;Missouri;Winter;Kollision;Speed;Human Factors;Güterzug, Güterzug;1025243.8714055475;Schwer;False
5343;479639;1999;5;28;17000.0;17000.0;0.0;17000.0;2;0;0;0;0;0;0;0;4.5;24;0;21;0;0;0;4443.0;04;1;2;Depot;H020;60;Moderat (0° bis 19,99° C);Abend;Klar;Missouri;Frühling;Kollision;Brakes, Use of;Human Factors;Güterzug, Güterzug;16222.92203454528;Nicht Signifikant;False
5344;480805;1997;6;17;18000.0;18000.0;0.0;18000.0;1;0;0;0;0;0;0;0;4.949628046035187;4;0;3;0;0;0;695.336383802324;04;7;4;Depot;H307;75;Warm (20° bis 31,99° C);Abend;Wolkig;Louisiana;Frühling;Kollision;General Switching Rules;Human Factors;Depot/Rangieren, EinzelneWagen;15268.470608194079;Nicht Signifikant;False
5345;48509;1985;4;18;22595.0;22595.0;10595.0;12000.0;2;1;0;0;0;0;0;0;6.5;0;0;12;0;0;3;439.57697357275276;04;7;1;Industriestrecke;E0HL;80;Warm (20° bis 31,99° C);Abend;Wolkig;Indiana;Frühling;Kollision;Brakes;Mechanical and Electrical Failures;Depot/Rangieren, Lokomotive;19166.171855119177;Nicht Signifikant;False
5346;485429;1998;4;15;26000.0;26000.0;1000.0;25000.0;2;0;0;0;0;0;0;0;2.5;60;0;10;0;0;0;7952.0;04;7;4;Depot;H702;75;Warm (20° bis 31,99° C);Tag;Wolkig;Louisiana;Frühling;Kollision;Switches, Use of;Human Factors;Depot/Rangieren, Depot/Rangieren;22054.457545169225;Nicht Signifikant;False
5347;485651;1998;8;24;35200.0;35200.0;0.0;35200.0;2;0;0;0;0;0;0;0;3.5;39;1;45;0;0;0;5561.0;04;7;4;Depot;H301;98;Heiß (>= 32° C);Tag;Klar;Louisiana;Sommer;Kollision;General Switching Rules;Human Factors;Depot/Rangieren, Güterzug;29858.342522690644;Nicht Signifikant;False
5348;487;1987;4;27;6000.0;6000.0;0.0;6000.0;14;0;0;0;0;5;0;0;7.935695149221832;0;0;0;0;0;0;69.7799471826711;03;2;3;Hauptstrecke;H204;50;Moderat (0° bis 19,99° C);Tag;Klar;New York;Frühling;Kollision;Flagging, Fixed, Hand and Radio Signals;Human Factors;Personenzug, Personenzug;5089.490202731359;Schwer;False
5349;49;1993;2;19;203000.0;203000.0;1000.0;202000.0;13;0;0;0;0;0;0;0;27.5;8;0;38;0;0;3;2097.8899735913355;01;1;3;Hauptstrecke;E67C;20;Kalt (-30° - 0,01° C);Abend;Schnee;Montana;Winter;Entgleisung;Wheels;Mechanical and Electrical Failures;Güterzug, Lokomotive;172194.41852574432;Signifikant;False
5350;494014;1998;12;28;572269.0;572269.0;3269.0;569000.0;2;0;0;0;0;0;0;0;33.81494337683943;54;0;88;0;0;0;9356.0;04;1;1;Nebenstrecke;H306;50;Moderat (0° bis 19,99° C);Abend;Wolkig;Mississippi;Winter;Kollision;General Switching Rules;Human Factors;Güterzug, Güterzug;485426.2448044787;Signifikant;True
5351;500311;1999;9;13;384045.0;384045.0;35217.0;348828.0;7;4;1;1;0;0;0;0;24.856742067279495;238;10;0;0;0;0;32929.0;03;1;3;Hauptstrecke;H605;55;Moderat (0° bis 19,99° C);Morgendämmerung;Klar;Arkansas;Sommer;Kollision;Speed;Human Factors;Güterzug, Güterzug;371345.00096693094;Schwer;False
5352;500951;1998;9;2;76450.0;76450.0;1000.0;75450.0;2;0;0;0;0;0;0;0;9.926406551346263;34;0;38;0;0;7;4181.0;04;7;4;Depot;H306;100;Heiß (>= 32° C);Tag;Klar;Oklahoma;Sommer;Kollision;General Switching Rules;Human Factors;Depot/Rangieren, Depot/Rangieren;64848.58766646874;Nicht Signifikant;False
5353;501526;1994;8;17;16600.0;16600.0;100.0;16500.0;3;0;0;0;0;0;0;0;4.0;49;0;77;0;0;5;7712.742863252126;04;6;3;Depot;H021;84;Warm (20° bis 31,99° C);Abend;Klar;Louisiana;Sommer;Kollision;Brakes, Use of;Human Factors;EinzelneWagen, Güterzug;14080.922894223428;Nicht Signifikant;False
5354;503508;1996;9;12;51235.0;51235.0;100.0;51135.0;5;0;0;0;0;0;0;0;19.879963561968417;60;0;88;0;0;4;10370.0;04;7;2;Depot;H307;79;Warm (20° bis 31,99° C);Tag;Klar;Texas;Sommer;Kollision;General Switching Rules;Human Factors;Depot/Rangieren, Güterzug;43460.0050894902;Nicht Signifikant;False
5355;503670;1999;12;15;30000.0;30000.0;0.0;30000.0;2;0;0;0;0;0;0;0;4.0;25;0;21;0;0;1;3215.336383802324;04;7;4;Depot;H307;40;Moderat (0° bis 19,99° C);Abend;Klar;Louisiana;Herbst;Kollision;General Switching Rules;Human Factors;Depot/Rangieren, Depot/Rangieren;29937.13202275222;Nicht Signifikant;False
5356;505101;1994;3;7;7600.0;7600.0;100.0;7500.0;2;0;0;0;0;0;0;0;3.0;13;0;42;0;0;0;2827.3756949245444;04;7;3;Depot;H301;50;Moderat (0° bis 19,99° C);Abend;Klar;Louisiana;Winter;Kollision;General Switching Rules;Human Factors;Depot/Rangieren, Depot/Rangieren;6446.687590126388;Nicht Signifikant;False
5357;506507;1993;10;28;49800.0;49800.0;2200.0;47600.0;4;0;0;0;0;0;0;0;9.926406551346263;45;8;49;0;0;0;6645.0;01;1;1;Depot;T319;67;Moderat (0° bis 19,99° C);Abend;Klar;Mississippi;Herbst;Entgleisung;Frogs, Switches and Track Appliances;Track, Roadbed and Structures;Güterzug, Güterzug;42242.768682670285;Nicht Signifikant;False
5358;506571;1996;8;1;23645.0;23645.0;1000.0;22645.0;2;0;0;0;0;0;0;0;4.0;26;0;104;0;0;1;6908.0;04;7;1;Depot;E0HC;85;Warm (20° bis 31,99° C);Tag;Regen;Louisiana;Sommer;Kollision;Brakes;Mechanical and Electrical Failures;Depot/Rangieren, Depot/Rangieren;20056.832640597167;Nicht Signifikant;False
5359;507;1987;2;17;25800.0;25800.0;6500.0;19300.0;9;5;0;1;0;8;0;0;19.879963561968417;0;0;0;5;4;0;369.2656184948827;02;2;X;Hauptstrecke;H999;40;Moderat (0° bis 19,99° C);Abend;Klar;New York;Winter;Kollision;Miscellaneous;Human Factors;Personenzug, Personenzug;21884.807871744844;Schwer;True
5360;509823;1995;6;24;11043.0;11043.0;118.0;10925.0;2;0;0;0;0;0;0;0;2.958916643910756;46;0;29;0;0;2;6120.245438552086;04;6;1;Depot;H018;90;Heiß (>= 32° C);Abend;Wolkig;Mississippi;Sommer;Kollision;Brakes, Use of;Human Factors;EinzelneWagen, Güterzug;9367.206718127067;Nicht Signifikant;False
5361;509833;1994;1;27;319750.0;319750.0;85000.0;234750.0;6;0;0;2;0;0;0;0;20.0;47;5;61;0;0;4;7093.889973591336;01;1;2;Hauptstrecke;H018;70;Warm (20° bis 31,99° C);Abend;Regen;Mississippi;Winter;Entgleisung;Brakes, Use of;Human Factors;Güterzug, Lokomotive;271227.41538722534;Signifikant;False
5362;509862;1994;3;13;31276.0;31276.0;776.0;30500.0;4;0;0;0;0;0;0;0;2.5;74;1;50;0;0;1;10031.238948514438;04;7;1;Depot;H306;40;Moderat (0° bis 19,99° C);Abend;Klar;Mississippi;Winter;Kollision;General Switching Rules;Human Factors;Depot/Rangieren, Güterzug;26529.815930104334;Nicht Signifikant;False
5363;51012NEE01;1995;10;12;90000.0;90000.0;0.0;90000.0;0;0;0;8;0;0;0;0;30.828876273652785;2;0;2;0;0;0;358.1876166631649;03;5;4;Hauptstrecke;M505;55;Moderat (0° bis 19,99° C);Tag;Klar;Connecticut;Herbst;Kollision;Other Miscellaneous;Miscellaneous Causes;EinzelneWagen, EinzelneWagen;76342.3530409704;Schwer;False
5364;510243;1996;5;29;37269.0;37269.0;4561.0;32708.0;3;1;0;2;0;0;0;0;23.86138636621728;109;2;48;0;0;3;15680.0;03;1;1;Hauptstrecke;H499;73;Warm (20° bis 31,99° C);Tag;Wolkig;Mississippi;Frühling;Kollision;Main Track Authority;Human Factors;Güterzug, Güterzug;31613.36839426584;Signifikant;True
5365;511750;1995;7;28;9990.0;9990.0;990.0;9000.0;3;0;0;0;0;0;0;0;2.958916643910756;6;1;8;0;0;0;890.0;04;7;1;Depot;H306;80;Warm (20° bis 31,99° C);Abend;Klar;Mississippi;Sommer;Kollision;General Switching Rules;Human Factors;Depot/Rangieren, Depot/Rangieren;8474.001187547714;Nicht Signifikant;False
5366;514826;1996;8;26;972000.0;972000.0;77000.0;895000.0;8;5;0;0;0;0;0;0;13.0;36;0;1;0;0;0;4619.0;04;1;1;Nebenstrecke;H404;95;Heiß (>= 32° C);Tag;Wolkig;Mississippi;Sommer;Kollision;Main Track Authority;Human Factors;Güterzug, Güterzug;824497.4128424802;Signifikant;True
5367;51687;1987;5;16;7185.0;7185.0;85.0;7100.0;3;0;0;0;0;0;0;0;3.0;26;0;25;0;0;1;3790.1132748375085;05;6;1;Depot;H021;85;Warm (20° bis 31,99° C);Tag;Klar;Illinois;Frühling;Kollision;Brakes, Use of;Human Factors;EinzelneWagen, Güterzug;6094.664517770803;Nicht Signifikant;False
5368;517903;1996;2;20;29645.0;29645.0;10055.0;19590.0;2;0;0;0;0;0;0;0;24.856742067279495;11;0;26;0;0;0;2276.336383802324;09;5;1;Hauptstrecke;H402;70;Warm (20° bis 31,99° C);Tag;Klar;Missouri;Winter;Kollision;Main Track Authority;Human Factors;EinzelneWagen, Güterzug;25146.322843328526;Nicht Signifikant;True
5369;520028;1995;5;2;9863.0;9863.0;363.0;9500.0;4;0;0;0;0;0;0;0;4.949628046035187;51;2;37;0;0;1;6769.081515839143;04;6;1;Depot;H306;60;Moderat (0° bis 19,99° C);Abend;Klar;Mississippi;Frühling;Kollision;General Switching Rules;Human Factors;EinzelneWagen, Güterzug;8366.273644923232;Nicht Signifikant;False
5370;520305;1995;11;4;8578.0;8578.0;1878.0;6700.0;2;0;0;0;0;0;0;0;3.9542723449729715;70;1;44;0;0;2;8340.899609794706;04;7;1;Depot;M505;45;Moderat (0° bis 19,99° C);Abend;Klar;Mississippi;Herbst;Kollision;Other Miscellaneous;Miscellaneous Causes;Depot/Rangieren, EinzelneWagen;7276.274493171601;Nicht Signifikant;False
5371;520401;1995;8;4;124494.0;124494.0;8049.0;116445.0;1;0;0;0;0;0;0;0;4.949628046035187;24;1;13;0;0;3;3431.7272225142506;04;6;1;Depot;H306;88;Warm (20° bis 31,99° C);Abend;Wolkig;Mississippi;Sommer;Kollision;General Switching Rules;Human Factors;EinzelneWagen, Güterzug;105601.83221647298;Nicht Signifikant;False
5372;523548;2006;5;31;19450.0;19450.0;450.0;19000.0;4;0;0;1;0;0;0;0;6.0;3;0;9;0;0;2;994.8899735913355;04;7;1;Depot;H307;75;Warm (20° bis 31,99° C);Tag;Wolkig;Michigan;Frühling;Kollision;General Switching Rules;Human Factors;Depot/Rangieren, Lokomotive;15115.013988187753;Signifikant;False
5373;52375;1985;3;10;29700.0;29700.0;2400.0;27300.0;6;0;0;0;0;0;0;0;4.0;73;4;23;0;0;0;8199.889973591336;04;7;1;Depot;H211;46;Moderat (0° bis 19,99° C);Tag;Regen;Kalifornien;Winter;Kollision;Flagging, Fixed, Hand and Radio Signals;Human Factors;Depot/Rangieren, Güterzug;25192.97650352023;Nicht Signifikant;False
5374;524043;2006;5;31;13826.0;13826.0;711.0;13115.0;1;0;0;0;0;0;0;0;10.0;4;1;33;0;0;0;1549.1502232601365;04;7;1;Depot;H018;50;Moderat (0° bis 19,99° C);Abend;Klar;Michigan;Frühling;Kollision;Brakes, Use of;Human Factors;Depot/Rangieren, EinzelneWagen;10744.482437053155;Nicht Signifikant;False
5375;525430;1997;6;12;26090.0;26090.0;448.0;25642.0;2;0;0;0;0;0;0;0;4.949628046035187;54;3;22;0;0;2;7399.184060742959;04;7;4;Depot;H306;90;Heiß (>= 32° C);Abend;Klar;Louisiana;Frühling;Kollision;General Switching Rules;Human Factors;Depot/Rangieren, Depot/Rangieren;22130.799898210196;Nicht Signifikant;False
5376;525733;2006;6;22;82666.0;82666.0;1666.0;81000.0;4;0;0;0;0;0;0;0;6.0;61;4;46;0;0;0;8995.0;04;7;1;Depot;H210;85;Warm (20° bis 31,99° C);Tag;Wolkig;Illinois;Sommer;Kollision;Flagging, Fixed, Hand and Radio Signals;Human Factors;Depot/Rangieren, Güterzug;65701.79621681767;Nicht Signifikant;False
5377;52591;1991;5;25;18400.0;18400.0;0.0;18400.0;2;0;0;0;0;0;0;0;9.926406551346263;20;0;16;0;0;1;2833.551035763062;05;5;X;Depot;M407;74;Warm (20° bis 31,99° C);Abend;Wolkig;Illinois;Frühling;Kollision;Unusual Operational Situations;Miscellaneous Causes;EinzelneWagen, Güterzug;15607.769955042835;Nicht Signifikant;True
5378;526057;1995;8;10;12097.0;12097.0;130.0;11967.0;3;0;0;0;0;0;0;0;2.5;12;0;6;0;0;0;1654.8899735913355;04;7;1;Depot;H212;80;Warm (20° bis 31,99° C);Abend;Klar;Louisiana;Sommer;Kollision;Flagging, Fixed, Hand and Radio Signals;Human Factors;Depot/Rangieren, Lokomotive;10261.260497073543;Nicht Signifikant;False
5379;526260;1995;10;6;48720.0;48720.0;57.0;48663.0;4;0;0;0;0;0;0;0;13.0;85;0;17;0;0;0;10731.0;02;4;2;Hauptstrecke;H999;75;Warm (20° bis 31,99° C);Tag;Klar;Louisiana;Herbst;Kollision;Miscellaneous;Human Factors;Arbeitszug, Güterzug;41326.66044617864;Nicht Signifikant;False
5380;52706;1986;4;30;35881.0;35881.0;0.0;35881.0;11;0;0;0;0;0;0;0;2.5;144;0;6;0;0;0;13096.0;04;1;2;Hauptstrecke;H204;78;Warm (20° bis 31,99° C);Tag;Klar;Kalifornien;Frühling;Kollision;Flagging, Fixed, Hand and Radio Signals;Human Factors;Güterzug, Güterzug;30435.99966070065;Nicht Signifikant;False
5381;528451;1996;11;7;61430.0;61430.0;0.0;61430.0;2;0;0;2;0;0;0;0;22.5;0;0;117;0;0;0;3544.336383802324;02;5;3;Hauptstrecke;H403;70;Warm (20° bis 31,99° C);Tag;Klar;Louisiana;Herbst;Kollision;Main Track Authority;Human Factors;EinzelneWagen, Güterzug;52107.8971922979;Signifikant;False
5382;529669;2006;8;3;132940.0;132940.0;29940.0;103000.0;1;0;0;0;0;0;0;0;7.935695149221832;47;6;10;0;0;0;4406.626349288995;01;6;1;Depot;M202;80;Warm (20° bis 31,99° C);Tag;Regen;Michigan;Sommer;Entgleisung;Loading Procedures;Loading;EinzelneWagen, Güterzug;104013.77044049761;Nicht Signifikant;False
5383;52D;1986;8;20;9907.0;9907.0;532.0;9375.0;2;0;0;0;0;0;0;0;5.0;20;1;17;0;0;0;2882.126452352457;04;7;2;Depot;H999;68;Warm (20° bis 31,99° C);Abend;Wolkig;Virginia;Sommer;Kollision;Miscellaneous;Human Factors;Depot/Rangieren, Depot/Rangieren;8403.596573076597;Nicht Signifikant;False
5384;533813;2006;9;18;19365.0;19365.0;90.0;19275.0;5;0;0;0;0;0;0;0;6.940339448159618;11;0;15;0;0;1;1924.2628286327192;04;7;1;Depot;H702;55;Moderat (0° bis 19,99° C);Abend;Wolkig;Illinois;Sommer;Kollision;Switches, Use of;Human Factors;Depot/Rangieren, Depot/Rangieren;15290.16975917884;Nicht Signifikant;False
5385;536787;2006;10;19;15030.0;15030.0;30.0;15000.0;4;0;0;0;0;0;0;0;6.940339448159618;21;0;15;0;0;0;2915.382015461925;04;7;2;Depot;H317;65;Moderat (0° bis 19,99° C);Abend;Regen;Louisiana;Herbst;Kollision;General Switching Rules;Human Factors;Depot/Rangieren, Depot/Rangieren;11965.607833771197;Nicht Signifikant;False
5386;537275;2006;10;26;115110.0;115110.0;510.0;114600.0;3;0;0;0;0;0;0;0;12.5;35;1;76;0;0;6;6715.0;04;7;1;Depot;H702;32;Moderat (0° bis 19,99° C);Abend;Klar;Wisconsion;Herbst;Kollision;Switches, Use of;Human Factors;Depot/Rangieren, Güterzug;90974.47245712478;Nicht Signifikant;True
5387;53D;1986;8;21;6630.0;6630.0;3130.0;3500.0;0;0;0;0;0;0;0;0;9.926406551346263;51;1;17;0;0;0;6408.6066127594695;05;6;2;Depot;M407;67;Moderat (0° bis 19,99° C);Tag;Regen;Virginia;Sommer;Kollision;Unusual Operational Situations;Miscellaneous Causes;EinzelneWagen, EinzelneWagen;5623.886674018152;Nicht Signifikant;False
5388;53D;1987;7;30;26960.0;26960.0;4660.0;22300.0;4;0;0;0;0;0;0;0;7.935695149221832;103;4;30;0;0;4;4510.0;04;1;2;Depot;H999;80;Warm (20° bis 31,99° C);Tag;Klar;Virginia;Sommer;Kollision;Miscellaneous;Human Factors;Güterzug, Güterzug;22868.77597760624;Nicht Signifikant;False
5389;546645;2007;2;16;21139.0;21139.0;950.0;20189.0;1;0;0;0;0;0;0;0;5.944983747097401;39;3;20;0;0;1;5175.554865656368;01;7;1;Depot;H704;14;Kalt (-30° - 0,01° C);Abenddämmerung;Klar;Michigan;Winter;Entgleisung;Switches, Use of;Human Factors;Depot/Rangieren, EinzelneWagen;16113.27082856925;Nicht Signifikant;False
5390;549405;2007;3;18;110020.0;110020.0;20.0;110000.0;4;0;0;0;0;0;0;0;4.0;15;0;69;0;0;0;4445.0;04;7;1;Depot;H301;65;Moderat (0° bis 19,99° C);Abend;Klar;Tennessee;Winter;Kollision;General Switching Rules;Human Factors;Depot/Rangieren, Depot/Rangieren;82657.58433297438;Nicht Signifikant;False
5391;54F050721;2007;5;15;42805.0;42805.0;3805.0;39000.0;1;0;0;0;0;0;0;0;2.958916643910756;15;0;88;0;0;1;4456.905448307936;04;7;1;Depot;H702;58;Moderat (0° bis 19,99° C);Abenddämmerung;Regen;Indiana;Frühling;Kollision;Switches, Use of;Human Factors;Depot/Rangieren, EinzelneWagen;31618.40744570838;Nicht Signifikant;False
5392;553261;2007;4;24;68840.0;68840.0;3340.0;65500.0;2;0;0;0;0;0;0;0;7.935695149221832;26;3;31;0;0;2;4318.616116644843;01;6;1;Depot;T221;50;Moderat (0° bis 19,99° C);Tag;Klar;Iowa;Frühling;Entgleisung;Rail, Joint Bar and Rail Anchoring;Track, Roadbed and Structures;EinzelneWagen, Güterzug;50684.72978942718;Nicht Signifikant;False
5393;554050015;1985;2;6;14100.0;14100.0;0.0;14100.0;1;0;0;1;0;0;0;0;5.926644996129869;35;1;0;0;0;0;3616.9038372390014;04;6;1;Depot;H307;47;Moderat (0° bis 19,99° C);Tag;Klar;Texas;Winter;Kollision;General Switching Rules;Human Factors;EinzelneWagen, EinzelneWagen, Güterzug;11960.301976418696;Signifikant;False
5394;55785;1985;6;22;373500.0;373500.0;500.0;373000.0;7;0;1;3;0;0;0;0;22.866030665155062;99;1;55;0;0;0;13346.0;03;1;3;Hauptstrecke;H215;53;Moderat (0° bis 19,99° C);Abend;Klar;Nevada;Sommer;Kollision;Flagging, Fixed, Hand and Radio Signals;Human Factors;Güterzug, Güterzug;316820.7651200271;Schwer;False
5395;563186;2007;7;22;10300.0;10300.0;0.0;10300.0;5;0;0;0;0;0;0;0;4.0;23;0;55;0;0;0;4360.753272959979;04;7;1;Depot;H212;90;Heiß (>= 32° C);Tag;Klar;Louisiana;Sommer;Kollision;Flagging, Fixed, Hand and Radio Signals;Human Factors;Depot/Rangieren, Depot/Rangieren;7455.664133188562;Nicht Signifikant;False
5396;566222;2007;8;20;13023.0;13023.0;1334.0;11689.0;1;0;0;0;0;0;0;0;0.0;14;1;1;0;0;1;209.81641842173087;01;7;1;Nebenstrecke;H702;65;Moderat (0° bis 19,99° C);Tag;Regen;Michigan;Sommer;Entgleisung;Switches, Use of;Human Factors;Depot/Rangieren, EinzelneWagen;9663.846838824578;Nicht Signifikant;False
5397;56D;1987;9;13;23500.0;23500.0;0.0;23500.0;1;0;0;0;0;0;0;0;10.0;2;0;2;0;0;1;359.66765128257174;04;7;2;Depot;H999;62;Moderat (0° bis 19,99° C);Tag;Regen;Virginia;Sommer;Kollision;Miscellaneous;Human Factors;Depot/Rangieren, EinzelneWagen;19933.83662736449;Nicht Signifikant;False
5398;570212;2007;9;25;20343.0;20343.0;369.0;19974.0;2;0;0;0;0;0;0;0;1.9635609428485408;14;0;13;0;0;1;2059.667257954546;04;7;1;Depot;H306;72;Warm (20° bis 31,99° C);Abend;Klar;Illinois;Herbst;Kollision;General Switching Rules;Human Factors;Depot/Rangieren, EinzelneWagen;14421.522756273926;Nicht Signifikant;False
5399;570289;2007;9;26;10783.0;10783.0;4319.0;6464.0;5;0;0;0;0;0;0;0;4.949628046035187;200;1;0;0;0;0;22870.0;04;1;1;Depot;H503;65;Moderat (0° bis 19,99° C);Tag;Klar;Illinois;Herbst;Kollision;Train Handling/Train Makeup;Human Factors;Güterzug, Güterzug;7632.9015360656895;Nicht Signifikant;False
5400;573416;2007;10;27;58308.0;58308.0;0.0;58308.0;3;0;0;0;0;0;0;0;3.9542723449729715;72;0;0;0;0;0;8927.246350995742;04;6;1;Industriestrecke;H306;45;Moderat (0° bis 19,99° C);Abend;Wolkig;Michigan;Herbst;Kollision;General Switching Rules;Human Factors;EinzelneWagen, Güterzug;40530.1327648926;Nicht Signifikant;False
5401;574242;2007;11;3;55500.0;55500.0;0.0;55500.0;3;0;0;0;0;0;0;0;4.0;0;0;38;0;0;0;1194.8899735913355;04;1;1;Industriestrecke;H306;45;Moderat (0° bis 19,99° C);Abend;Klar;Mississippi;Herbst;Kollision;General Switching Rules;Human Factors;Güterzug, Lokomotive;38323.435989504214;Nicht Signifikant;False
5402;574321;2007;11;6;219533.0;219533.0;21764.0;197769.0;4;2;0;0;0;0;0;0;14.903185056657339;123;0;42;0;0;8;17035.0;06;7;1;Depot;M599;70;Warm (20° bis 31,99° C);Tag;Klar;Mississippi;Herbst;Kollision;Other Miscellaneous;Miscellaneous Causes;Depot/Rangieren, Güterzug;150912.9030040558;Signifikant;True