index;INCDTNO;YEAR4;MONTH;DAY;ACCDMG;INFRASTRUCTURE_DMG;TRKDMG;EQPDMG;LOCOMOTIVES1;LOCOMOTIVES2;RREMPKLD;RREMPINJ;PASSKLD;PASSINJ;OTHERKLD;OTHERINJ;SPEED;LOADF1;LOADF2;EMPTYF1;EMPTYP1;LOADP1;EMPTYF2;TONS;TYPE;TYPEQ;TRKCLAS;TYPTRK;ACCAUSE;TEMP;TEMP_CLUSTER;VISIBLTY;WEATHER;STATE;Jahreszeit;ACCIDENT_TYPE;ACCCAUSE_LVL1;ACCCAUSE_LVL2;EQUIPMENT_TYPE;ACCDMG_EUR;ACCTYPE;SPD_TOO_HIGH
5403;57F040821;2008;4;11;15513.0;15513.0;113.0;15400.0;2;0;0;0;0;0;0;0;3.0;27;0;8;0;0;0;3384.801691160557;04;7;1;Industriestrecke;H602;50;Moderat (0° bis 19,99° C);Tag;Klar;Indiana;Frühling;Kollision;Speed;Human Factors;Depot/Rangieren, Depot/Rangieren;9797.890481904882;Nicht Signifikant;False
5404;580091;2008;1;5;84004.0;84004.0;160.0;83844.0;5;0;0;0;0;0;0;0;6.5;82;1;21;0;0;0;11370.153311619375;04;7;1;Depot;H020;35;Moderat (0° bis 19,99° C);Tag;Wolkig;Iowa;Winter;Kollision;Brakes, Use of;Human Factors;Depot/Rangieren, Güterzug;57045.974149444286;Nicht Signifikant;False
5405;580163;2001;7;13;24803.0;24803.0;0.0;24803.0;2;0;0;0;0;0;0;0;4.949628046035187;41;0;0;0;0;0;4733.834352882269;05;7;1;Depot;H306;95;Heiß (>= 32° C);Tag;Klar;Texas;Sommer;Kollision;General Switching Rules;Human Factors;Depot/Rangieren, Depot/Rangieren;29046.726782995665;Nicht Signifikant;False
5406;580239;2013;1;29;20000.0;20000.0;0.0;20000.0;1;0;0;0;0;0;0;0;1.9635609428485408;4;0;105;0;0;1;3723.1627520728957;04;7;1;Depot;H607;60;Moderat (0° bis 19,99° C);Abenddämmerung;Klar;Texas;Winter;Kollision;Speed;Human Factors;Depot/Rangieren, EinzelneWagen;14888.706915804363;Nicht Signifikant;False
5407;580242;2013;7;26;103000.0;103000.0;3000.0;100000.0;2;0;0;0;0;0;0;0;3.5;23;0;0;0;0;0;2686.200711355616;04;7;1;Industriestrecke;H022;92;Heiß (>= 32° C);Tag;Klar;Texas;Sommer;Kollision;Brakes, Use of;Human Factors;Depot/Rangieren, Lokomotive;77677.22473604826;Nicht Signifikant;False
5408;580248;2014;10;31;60000.0;60000.0;0.0;60000.0;1;0;0;0;0;0;0;0;3.0;8;0;19;0;0;0;833.0;05;7;1;Depot;H018;65;Moderat (0° bis 19,99° C);Tag;Klar;Texas;Herbst;Kollision;Brakes, Use of;Human Factors;Depot/Rangieren, EinzelneWagen;47908.016608112426;Nicht Signifikant;False
5409;58046;1986;11;6;25000.0;25000.0;0.0;25000.0;1;0;0;2;0;0;0;0;14.903185056657339;2;1;0;0;0;0;316.90383723900163;09;6;1;Nebenstrecke;H402;30;Kalt (-30° - 0,01° C);Abend;Schnee;Utah;Herbst;Kollision;Main Track Authority;Human Factors;EinzelneWagen, Güterzug;21206.20917804733;Signifikant;True
5410;58105985;1985;5;22;5516.0;5516.0;1190.0;4326.0;7;2;0;0;0;0;0;0;3.5;89;0;74;0;0;0;12447.22508589982;04;1;1;Depot;H401;60;Moderat (0° bis 19,99° C);Tag;Klar;Pennsylvania;Frühling;Kollision;Main Track Authority;Human Factors;Güterzug, Güterzug;4678.937993044363;Nicht Signifikant;False
5411;581612;2008;1;19;147849.0;147849.0;2500.0;145349.0;3;0;0;0;0;0;0;0;5.0;32;0;42;0;0;5;4555.816418421731;04;5;1;Depot;H018;0;Kalt (-30° - 0,01° C);Abend;Klar;Illinois;Winter;Kollision;Brakes, Use of;Human Factors;EinzelneWagen, Güterzug;101197.1252566735;Nicht Signifikant;False
5412;583992;2008;2;9;28632.0;28632.0;3590.0;25042.0;2;0;0;0;0;0;0;0;4.5;119;1;0;0;0;0;7441.0;04;7;1;Depot;H607;30;Kalt (-30° - 0,01° C);Tag;Wolkig;Michigan;Winter;Kollision;Speed;Human Factors;Depot/Rangieren, Depot/Rangieren;19715.387440323175;Nicht Signifikant;False
5413;584621;2008;2;15;12500.0;12500.0;0.0;12500.0;3;0;0;0;0;0;0;0;5.0;29;0;5;0;0;0;3014.6368737047947;05;7;1;Depot;H302;25;Kalt (-30° - 0,01° C);Tag;Klar;Iowa;Winter;Kollision;General Switching Rules;Human Factors;Depot/Rangieren, Depot/Rangieren;8518.468038707919;Nicht Signifikant;False
5414;584700;2008;2;15;16584.0;16584.0;5289.0;11295.0;2;0;0;0;0;0;0;0;3.5;45;0;18;0;0;3;5702.434520766887;04;7;1;Depot;M599;40;Moderat (0° bis 19,99° C);Abend;Klar;Tennessee;Winter;Kollision;Other Miscellaneous;Miscellaneous Causes;Depot/Rangieren, EinzelneWagen;11301.621916314569;Nicht Signifikant;False
5415;58520;1985;5;12;6410.0;6410.0;1410.0;5000.0;1;0;0;0;0;0;0;0;2.958916643910756;30;0;4;0;0;4;3610.2084623820065;04;7;1;Depot;H999;75;Warm (20° bis 31,99° C);Tag;Klar;Indiana;Frühling;Kollision;Miscellaneous;Human Factors;Depot/Rangieren, EinzelneWagen;5437.272033251335;Nicht Signifikant;False
5416;58605;1986;5;24;8215.0;8215.0;0.0;8215.0;2;0;0;0;0;0;0;0;2.0;18;18;0;0;0;0;2470.376326669968;01;7;1;Depot;M404;50;Moderat (0° bis 19,99° C);Abend;Klar;Indiana;Frühling;Entgleisung;Unusual Operational Situations;Miscellaneous Causes;Depot/Rangieren, Depot/Rangieren;6968.360335906353;Nicht Signifikant;False
5417;587362;2008;3;9;59220.0;59220.0;8346.0;50874.0;2;0;0;0;0;0;0;0;5.944983747097401;104;1;79;0;0;1;15539.64957506922;01;6;1;Depot;T221;19;Kalt (-30° - 0,01° C);Abend;Schnee;Ohio;Winter;Entgleisung;Rail, Joint Bar and Rail Anchoring;Track, Roadbed and Structures;EinzelneWagen, Güterzug;38540.469010998546;Nicht Signifikant;False
5418;58809;1988;5;29;72898.0;72898.0;34398.0;38500.0;4;0;0;0;0;0;0;0;8.931050850284048;160;7;99;0;0;6;21431.30597745302;01;6;1;Depot;T313;85;Warm (20° bis 31,99° C);Tag;Klar;Indiana;Frühling;Entgleisung;Frogs, Switches and Track Appliances;Track, Roadbed and Structures;EinzelneWagen, Güterzug;61835.60946645177;Nicht Signifikant;False
5419;588960;2008;3;25;24749.0;24749.0;250.0;24499.0;2;0;0;0;0;0;0;0;9.926406551346263;63;0;31;0;0;6;9352.94749469504;01;6;1;Depot;T221;45;Moderat (0° bis 19,99° C);Tag;Klar;Kentucky;Frühling;Entgleisung;Rail, Joint Bar and Rail Anchoring;Track, Roadbed and Structures;EinzelneWagen, Güterzug;15896.332455520585;Nicht Signifikant;False
5420;590323;2008;4;6;48616.0;48616.0;30.0;48586.0;4;1;0;0;0;0;0;0;5.5;55;0;50;0;0;0;8721.0;04;7;1;Depot;H699;50;Moderat (0° bis 19,99° C);Abend;Klar;Tennessee;Frühling;Kollision;Speed;Human Factors;Depot/Rangieren, Depot/Rangieren;30960.34643797232;Nicht Signifikant;False
5421;592;1992;3;5;8092.0;8092.0;500.0;7592.0;1;0;0;0;0;0;0;0;3.9542723449729715;5;1;31;0;0;4;1581.5569290208782;04;7;1;Depot;M105;49;Moderat (0° bis 19,99° C);Abend;Wolkig;Illinois;Winter;Kollision;Environmental Conditions;Environmental Conditions;Depot/Rangieren, EinzelneWagen;6864.025786750361;Nicht Signifikant;False
5422;5F110621;2006;11;21;445000.0;445000.0;20000.0;425000.0;2;2;0;0;0;0;0;0;6.0;3;0;9;0;0;1;686.5499472887492;04;7;1;Industriestrecke;H101;38;Moderat (0° bis 19,99° C);Abend;Klar;Michigan;Herbst;Kollision;Employee Physical Condition;Human Factors;Depot/Rangieren, Depot/Rangieren;347276.4164195411;Signifikant;False
5423;5I;1985;9;9;8200.0;8200.0;0.0;8200.0;0;0;0;0;0;0;0;0;0.0;24;0;9;0;0;0;3073.9758277837705;05;6;2;Depot;H999;68;Warm (20° bis 31,99° C);Tag;Klar;Virginia;Sommer;Kollision;Miscellaneous;Human Factors;EinzelneWagen, EinzelneWagen;6955.636610399524;Nicht Signifikant;False
5424;60706MIDAA;1996;7;6;31344.0;31344.0;0.0;31344.0;3;0;0;0;0;0;0;0;11.917117953470694;0;0;0;0;0;0;69.7799471826711;04;8;1;Depot;M505;80;Warm (20° bis 31,99° C);Tag;Klar;District of Columbia;Sommer;Kollision;Other Miscellaneous;Miscellaneous Causes;Lokomotive, Lokomotive;26587.496819068623;Nicht Signifikant;True
5425;60710MIDAA;1996;7;10;17960.0;17960.0;355.0;17605.0;2;0;0;0;0;0;0;0;94.0;0;0;0;0;15;0;697.3866777414258;09;2;6;Hauptstrecke;T499;85;Warm (20° bis 31,99° C);Tag;Klar;Pennsylvania;Sommer;Kollision;Other Way and Structure;Track, Roadbed and Structures;Personenzug, Personenzug;15234.540673509202;Nicht Signifikant;False
5426;608038;2008;9;13;63161.0;63161.0;3432.0;59729.0;5;3;0;0;0;0;0;0;6.5;16;4;38;0;0;0;4314.889973591336;05;1;1;Depot;E09L;55;Moderat (0° bis 19,99° C);Abend;Regen;Illinois;Sommer;Kollision;Brakes;Mechanical and Electrical Failures;Güterzug, Lokomotive;44813.0454319703;Nicht Signifikant;False
5427;610112;2008;10;4;53447.0;53447.0;1200.0;52247.0;5;2;0;0;0;0;0;0;3.5;94;0;101;0;0;0;13370.94749469504;04;7;1;Depot;H306;70;Warm (20° bis 31,99° C);Abend;Klar;Mississippi;Herbst;Kollision;General Switching Rules;Human Factors;Depot/Rangieren, Güterzug;38821.60670185463;Nicht Signifikant;False
5428;611108;2008;10;14;36300.0;36300.0;800.0;35500.0;3;0;0;0;0;0;0;0;1.0;80;0;38;0;0;3;13704.336383802323;04;5;1;Depot;H018;69;Warm (20° bis 31,99° C);Abend;Klar;Mississippi;Herbst;Kollision;Brakes, Use of;Human Factors;EinzelneWagen, Güterzug;26396.160558464224;Nicht Signifikant;False
5429;612669;2008;10;29;77770.0;77770.0;20.0;77750.0;7;0;0;1;0;0;0;0;7.5;112;0;89;0;0;0;18366.889973591336;05;1;1;Depot;H306;69;Warm (20° bis 31,99° C);Tag;Klar;Tennessee;Herbst;Kollision;General Switching Rules;Human Factors;Güterzug, Lokomotive;60900.548159749414;Signifikant;False
5430;616666;2008;12;11;22620.0;22620.0;120.0;22500.0;5;0;0;0;0;0;0;0;3.9542723449729715;110;0;29;0;0;1;13820.0;01;1;1;Depot;H522;26;Kalt (-30° - 0,01° C);Abend;Wolkig;Illinois;Herbst;Entgleisung;Train Handling/Train Makeup;Human Factors;Güterzug, Güterzug;17116.912599318955;Nicht Signifikant;False
5431;61D;1987;11;2;23325.0;23325.0;7000.0;16325.0;3;0;0;0;0;0;0;0;7.935695149221832;18;1;0;0;0;0;2137.022629707137;04;7;2;Depot;H999;50;Moderat (0° bis 19,99° C);Abend;Klar;Virginia;Herbst;Kollision;Miscellaneous;Human Factors;Depot/Rangieren, EinzelneWagen;19785.39316311816;Nicht Signifikant;False
5432;62;2005;3;30;41100.0;41100.0;1100.0;40000.0;5;0;0;0;0;0;0;0;2.5;61;2;10;0;0;0;7377.073259881734;01;7;1;Depot;H020;40;Moderat (0° bis 19,99° C);Tag;Klar;Maine;Frühling;Entgleisung;Brakes, Use of;Human Factors;Depot/Rangieren, Depot/Rangieren;31754.616394962526;Nicht Signifikant;False
5433;62188;1988;6;21;49513.0;49513.0;2088.0;47425.0;3;0;0;0;0;0;0;0;9.0;55;2;33;0;0;5;7377.788088347167;05;5;X;Depot;M407;82;Warm (20° bis 31,99° C);Tag;Klar;Illinois;Sommer;Kollision;Unusual Operational Situations;Miscellaneous Causes;EinzelneWagen, Güterzug;41999.3214013063;Nicht Signifikant;False
5434;62488;1988;6;24;10860.0;10860.0;210.0;10650.0;5;0;0;0;0;0;0;0;5.0;49;0;25;0;0;2;6408.01407362986;05;1;1;Depot;H306;80;Warm (20° bis 31,99° C);Tag;Klar;Illinois;Sommer;Kollision;General Switching Rules;Human Factors;Güterzug, Güterzug;9211.97726694376;Nicht Signifikant;False
5435;62716;2014;8;19;22825.0;22825.0;0.0;22825.0;4;0;0;0;0;0;0;0;10.0;46;0;0;0;0;0;5373.889973591336;03;1;1;Industriestrecke;H017;71;Warm (20° bis 31,99° C);Tag;Regen;Michigan;Sommer;Kollision;Brakes, Use of;Human Factors;Güterzug, Lokomotive;17092.25700164745;Nicht Signifikant;False
5436;627985;2009;4;2;11632.0;11632.0;80.0;11552.0;5;0;0;0;0;0;0;0;1.5;44;0;63;0;0;0;7766.727449858235;04;7;1;Depot;H607;40;Moderat (0° bis 19,99° C);Abend;Regen;Illinois;Frühling;Kollision;Speed;Human Factors;Depot/Rangieren, Güterzug;8685.782556750299;Nicht Signifikant;False
5437;643463;2009;2;9;30645.0;30645.0;0.0;30645.0;2;0;0;0;0;0;0;0;4.949628046035187;21;0;18;0;0;1;3500.0;04;7;1;Depot;H302;50;Moderat (0° bis 19,99° C);Tag;Klar;Indiana;Winter;Kollision;General Switching Rules;Human Factors;Depot/Rangieren, EinzelneWagen;23558.579335793358;Nicht Signifikant;False
5438;652674;2009;11;12;133231.0;133231.0;100.0;133131.0;4;1;0;0;0;0;0;0;8.0;88;0;57;0;0;0;13156.889973591336;04;1;1;Depot;H307;65;Moderat (0° bis 19,99° C);Abenddämmerung;Klar;Tennessee;Herbst;Kollision;General Switching Rules;Human Factors;Güterzug, Lokomotive;89284.94839833802;Nicht Signifikant;False
5439;65310AP7;1987;4;11;379892.0;379892.0;7791.0;372101.0;4;0;2;0;0;0;0;0;19.879963561968417;89;4;72;0;0;0;3250.0;03;1;4;Hauptstrecke;H215;65;Moderat (0° bis 19,99° C);Tag;Nebel;Florida;Frühling;Kollision;Flagging, Fixed, Hand and Radio Signals;Human Factors;Güterzug, Güterzug;322242.76868267026;Schwer;False
5440;65310MR5;1985;3;28;10320.0;10320.0;0.0;10320.0;1;0;0;0;0;0;0;0;7.935695149221832;0;0;9;0;0;0;343.7976390815669;09;4;1;Nebenstrecke;M599;65;Moderat (0° bis 19,99° C);Tag;Klar;Florida;Frühling;Kollision;Other Miscellaneous;Miscellaneous Causes;Arbeitszug, EinzelneWagen;8753.923148697939;Nicht Signifikant;False
5441;65311FE5;1985;2;12;13522.0;13522.0;2500.0;11022.0;2;0;0;0;0;0;0;0;7.0;93;0;20;0;0;1;11259.628667242883;04;7;1;Depot;H306;55;Moderat (0° bis 19,99° C);Abend;Klar;Florida;Winter;Kollision;General Switching Rules;Human Factors;Depot/Rangieren, Depot/Rangieren;11470.01442022224;Nicht Signifikant;False
5442;65311MR5;1985;3;31;10615.0;10615.0;1250.0;9365.0;2;1;0;0;0;0;0;0;5.0;17;1;22;0;0;0;2693.086229819624;04;7;1;Depot;H104;65;Moderat (0° bis 19,99° C);Abend;Klar;Florida;Frühling;Kollision;Employee Physical Condition;Human Factors;Depot/Rangieren, Depot/Rangieren;9004.156416998896;Nicht Signifikant;False
5443;65330AP6;1996;4;21;15918.0;15918.0;6515.0;9403.0;1;1;0;0;0;0;0;0;4.0;1;0;0;0;0;0;183.53737171192955;04;5;2;Depot;H025;85;Warm (20° bis 31,99° C);Tag;Klar;Florida;Frühling;Kollision;Brakes, Use of;Human Factors;EinzelneWagen, Lokomotive;13502.417507846296;Nicht Signifikant;False
5444;65330DE4;1994;12;30;36711.0;36711.0;0.0;36711.0;4;0;0;0;0;0;0;0;5.5;81;5;0;0;0;0;3915.0;04;7;2;Depot;H307;65;Moderat (0° bis 19,99° C);Tag;Regen;Florida;Winter;Kollision;General Switching Rules;Human Factors;Depot/Rangieren, Depot/Rangieren;31140.045805411824;Nicht Signifikant;False
5445;65330JA1;1991;1;15;8600.0;8600.0;0.0;8600.0;2;0;0;0;0;0;0;0;15.0;50;0;2;0;0;0;2793.0;05;7;2;Depot;M599;65;Moderat (0° bis 19,99° C);Tag;Wolkig;Florida;Winter;Kollision;Other Miscellaneous;Miscellaneous Causes;Depot/Rangieren, Depot/Rangieren;7294.935957248282;Nicht Signifikant;False
5446;65330SE1;1991;9;17;34100.0;34100.0;0.0;34100.0;3;1;0;0;0;0;0;0;6.0;65;0;0;0;0;0;3609.8899735913355;04;1;2;Depot;H401;80;Warm (20° bis 31,99° C);Abend;Klar;Florida;Sommer;Kollision;Main Track Authority;Human Factors;Güterzug, Lokomotive;28925.26931885656;Nicht Signifikant;False
5447;65330SE3;1993;9;22;21470.0;21470.0;2800.0;18670.0;1;0;0;0;0;0;0;0;5.944983747097401;15;2;10;0;0;1;1996.4694235258398;01;7;2;Depot;T314;65;Moderat (0° bis 19,99° C);Abend;Klar;Florida;Sommer;Entgleisung;Frogs, Switches and Track Appliances;Track, Roadbed and Structures;Depot/Rangieren, EinzelneWagen;18211.892442107048;Nicht Signifikant;False
5448;65331JA5;1995;1;14;31356.0;31356.0;1330.0;30026.0;2;1;0;1;0;0;0;0;4.966418697356791;90;4;7;0;0;0;10634.399163875443;04;7;1;Depot;H211;50;Moderat (0° bis 19,99° C);Abend;Regen;Florida;Winter;Kollision;Flagging, Fixed, Hand and Radio Signals;Human Factors;Depot/Rangieren, Depot/Rangieren, EinzelneWagen;26597.675799474084;Signifikant;False
5449;65331JN5;1995;6;19;9589.0;9589.0;1289.0;8300.0;1;0;0;0;0;0;0;0;1.9757072952323604;1;1;2;0;0;2;261.07285754013844;04;7;2;Depot;M105;85;Warm (20° bis 31,99° C);Abend;Regen;Florida;Frühling;Kollision;Environmental Conditions;Environmental Conditions;Depot/Rangieren, EinzelneWagen, EinzelneWagen;8133.853592331834;Nicht Signifikant;False
5450;65331OC5;1995;10;12;9686.0;9686.0;1393.0;8293.0;2;0;0;0;0;0;0;0;9.926406551346263;0;0;43;0;0;2;1152.8899735913355;01;7;3;Hauptstrecke;H401;80;Warm (20° bis 31,99° C);Abenddämmerung;Wolkig;Florida;Herbst;Entgleisung;Main Track Authority;Human Factors;Depot/Rangieren, Lokomotive;8216.133683942659;Nicht Signifikant;False
5451;65332JA8;1998;1;7;15079.0;15079.0;0.0;15079.0;2;0;0;1;0;0;0;0;2.5;24;0;85;0;0;0;4168.0;05;7;2;Industriestrecke;M599;79;Warm (20° bis 31,99° C);Tag;Klar;Florida;Winter;Kollision;Other Miscellaneous;Miscellaneous Causes;Depot/Rangieren, Depot/Rangieren;12790.737127831027;Signifikant;False
5452;65333JU4;1994;7;28;119600.0;119600.0;0.0;119600.0;2;0;0;2;0;0;0;0;14.903185056657339;42;0;17;0;0;0;2752.0;02;7;2;Depot;H699;85;Warm (20° bis 31,99° C);Tag;Klar;Florida;Sommer;Kollision;Speed;Human Factors;Depot/Rangieren, Depot/Rangieren;101450.50470777843;Signifikant;False
5453;65334OC8;1998;10;7;16000.0;16000.0;0.0;16000.0;2;0;0;0;0;0;0;0;4.0;6;0;0;0;0;0;784.8899735913355;02;7;2;Depot;H702;80;Warm (20° bis 31,99° C);Tag;Klar;Florida;Herbst;Kollision;Switches, Use of;Human Factors;Depot/Rangieren, Lokomotive;13571.973873950292;Nicht Signifikant;False
5454;65336AU8;1998;8;16;29621.0;29621.0;10251.0;19370.0;3;0;0;0;0;0;0;0;6.940339448159618;10;0;13;0;0;1;1805.0;04;7;1;Depot;H702;82;Warm (20° bis 31,99° C);Tag;Klar;Florida;Sommer;Kollision;Switches, Use of;Human Factors;Depot/Rangieren, EinzelneWagen;25125.9648825176;Nicht Signifikant;False
5455;65337JU7;1997;7;25;8475.0;8475.0;91.0;8384.0;1;0;0;0;0;0;0;0;3.9542723449729715;1;1;2;0;0;1;107.0;04;7;2;Depot;M503;92;Heiß (>= 32° C);Tag;Klar;Florida;Sommer;Kollision;Other Miscellaneous;Miscellaneous Causes;Depot/Rangieren, EinzelneWagen;7188.904911358045;Nicht Signifikant;False
5456;65337OC8;1998;10;11;9179.0;9179.0;3491.0;5688.0;3;0;0;0;0;0;0;0;3.9542723449729715;82;3;1;0;0;0;6709.0;01;5;2;Depot;T319;80;Warm (20° bis 31,99° C);Abend;Klar;Florida;Herbst;Entgleisung;Frogs, Switches and Track Appliances;Track, Roadbed and Structures;EinzelneWagen, Güterzug;7786.071761811858;Nicht Signifikant;False
5457;660417;2010;2;6;18983.0;18983.0;2344.0;16639.0;2;0;0;0;0;0;0;0;8.931050850284048;2;0;24;0;0;7;1038.3688836407582;01;7;1;Depot;H702;20;Kalt (-30° - 0,01° C);Abend;Schnee;Wisconsion;Winter;Entgleisung;Switches, Use of;Human Factors;Depot/Rangieren, EinzelneWagen;13870.716321211976;Nicht Signifikant;False
5458;660649;2010;2;8;78770.0;78770.0;100.0;78670.0;3;0;0;0;0;0;0;0;3.9542723449729715;66;1;9;0;0;0;8386.0;04;7;1;Depot;H306;20;Kalt (-30° - 0,01° C);Tag;Klar;Illinois;Winter;Kollision;General Switching Rules;Human Factors;Depot/Rangieren, Güterzug;57601.46252285192;Nicht Signifikant;False
5459;66511;1986;5;17;14831.0;14831.0;12831.0;2000.0;6;0;0;0;0;0;0;0;5.0;13;2;13;0;0;2;1986.6079500403214;04;1;1;Depot;M199;78;Warm (20° bis 31,99° C);Tag;Wolkig;Illinois;Frühling;Kollision;Environmental Conditions;Environmental Conditions;Güterzug, Güterzug;12580.371532784799;Nicht Signifikant;False
5460;667580;2010;4;16;47643.0;47643.0;1073.0;46570.0;3;0;0;0;0;0;0;0;6.0;60;3;23;0;0;0;8353.865587169945;04;7;1;Depot;H599;65;Moderat (0° bis 19,99° C);Tag;Klar;Illinois;Frühling;Kollision;Train Handling/Train Makeup;Human Factors;Depot/Rangieren, Depot/Rangieren;35199.85223494644;Nicht Signifikant;False
5461;669015;2010;4;30;25816.0;25816.0;1816.0;24000.0;2;0;0;0;0;0;0;0;4.0;7;1;22;0;0;1;1525.0163268705933;01;7;1;Depot;H704;58;Moderat (0° bis 19,99° C);Tag;Klar;Michigan;Frühling;Entgleisung;Switches, Use of;Human Factors;Depot/Rangieren, Depot/Rangieren;19388.659406684194;Nicht Signifikant;False
5462;67009;1989;1;7;21480.0;21480.0;5480.0;16000.0;6;0;0;0;0;0;0;0;9.0;94;0;0;0;0;0;10762.977852932967;01;7;1;Depot;T306;43;Moderat (0° bis 19,99° C);Abend;Regen;Illinois;Winter;Entgleisung;Frogs, Switches and Track Appliances;Track, Roadbed and Structures;Depot/Rangieren, Depot/Rangieren;18220.374925778266;Nicht Signifikant;False
5463;676202;2010;7;5;31738.0;31738.0;0.0;31738.0;2;0;0;0;0;0;0;0;7.935695149221832;71;0;48;0;0;2;10884.068162293539;01;7;1;Industriestrecke;E85C;80;Warm (20° bis 31,99° C);Abend;Klar;Illinois;Sommer;Entgleisung;Doors;Mechanical and Electrical Failures;Depot/Rangieren, EinzelneWagen;25327.587582794666;Nicht Signifikant;False
5464;67755;1992;11;2;18270.0;18270.0;270.0;18000.0;1;0;0;0;0;0;0;0;4.949628046035187;1;1;0;0;0;0;203.14641270974315;04;7;1;Depot;M599;48;Moderat (0° bis 19,99° C);Abend;Klar;Illinois;Herbst;Kollision;Other Miscellaneous;Miscellaneous Causes;Depot/Rangieren, EinzelneWagen;15497.49766731699;Nicht Signifikant;False
5465;679438;2010;8;3;65500.0;65500.0;500.0;65000.0;1;0;0;0;0;0;0;0;5.944983747097401;17;0;92;0;0;5;6825.0;01;6;1;Hauptstrecke;T311;104;Heiß (>= 32° C);Tag;Klar;Mississippi;Sommer;Entgleisung;Frogs, Switches and Track Appliances;Track, Roadbed and Structures;EinzelneWagen, Güterzug;49542.394675138035;Nicht Signifikant;False
5466;679980;2010;8;9;26819.0;26819.0;8169.0;18650.0;3;0;0;0;0;0;0;0;3.9542723449729715;87;1;38;0;0;5;12309.967353495946;01;6;1;Depot;H503;88;Warm (20° bis 31,99° C);Tag;Klar;Illinois;Sommer;Entgleisung;Train Handling/Train Makeup;Human Factors;EinzelneWagen, Güterzug;20236.172941975405;Nicht Signifikant;False
5467;681869;2010;8;27;31020.0;31020.0;125.0;30895.0;2;0;0;0;0;0;0;0;9.926406551346263;1;0;20;0;0;4;4047.0661613755688;01;6;1;Industriestrecke;T199;80;Warm (20° bis 31,99° C);Tag;Klar;Iowa;Sommer;Entgleisung;Track Geometry;Track, Roadbed and Structures;EinzelneWagen, Güterzug;24400.220246991266;Nicht Signifikant;False
5468;684521;2010;9;22;56370.0;56370.0;0.0;56370.0;3;0;0;0;0;0;0;0;4.0;97;0;43;0;0;4;13489.0;04;7;1;Depot;H307;70;Warm (20° bis 31,99° C);Abenddämmerung;Wolkig;Illinois;Sommer;Kollision;General Switching Rules;Human Factors;Depot/Rangieren, Güterzug;42180.48488476504;Nicht Signifikant;False
5469;68495;2018;9;24;60744.0;60744.0;0.0;60744.0;0;0;0;0;0;0;0;0;7.935695149221832;0;0;0;16;0;0;378.12278559112656;09;D;1;Depot;H607;62;Moderat (0° bis 19,99° C);Tag;Klar;New York;Herbst;Kollision;Speed;Human Factors;Personenzug, Personenzug;51596.02480251423;Nicht Signifikant;False
5470;68515;1985;6;12;13200.0;13200.0;0.0;15900.0;2;0;0;0;0;0;0;0;8.0;44;6;178;0;0;4;10618.14202849049;01;7;1;Depot;T106;58;Moderat (0° bis 19,99° C);Tag;Wolkig;Indiana;Frühling;Entgleisung;Track Geometry;Track, Roadbed and Structures;Depot/Rangieren, Depot/Rangieren;11196.87844600899;Nicht Signifikant;False
5471;685337;2010;9;30;1687165.0;1687165.0;50520.0;1636645.0;6;3;0;5;0;0;0;0;21.5;116;9;118;0;0;5;15112.0;02;1;3;Hauptstrecke;H404;60;Moderat (0° bis 19,99° C);Tag;Klar;Minnesota;Herbst;Kollision;Main Track Authority;Human Factors;Güterzug, Güterzug;1236199.4431418523;Schwer;False
5472;685659;2010;10;4;125556.0;125556.0;21040.0;104516.0;2;0;0;0;0;0;0;0;5.944983747097401;34;3;21;0;0;1;5442.0;01;7;1;Depot;T319;42;Moderat (0° bis 19,99° C);Abend;Klar;Tennessee;Herbst;Entgleisung;Frogs, Switches and Track Appliances;Track, Roadbed and Structures;Depot/Rangieren, EinzelneWagen;91613.27982488142;Nicht Signifikant;False
5473;689625;2010;11;12;12200.0;12200.0;700.0;11500.0;1;0;0;0;0;0;0;0;5.944983747097401;0;0;29;0;0;5;822.1220246462776;01;7;1;Industriestrecke;M504;55;Moderat (0° bis 19,99° C);Abend;Klar;Illinois;Herbst;Entgleisung;Other Miscellaneous;Miscellaneous Causes;Depot/Rangieren, EinzelneWagen;8897.965137480855;Nicht Signifikant;False
5474;692330;2010;12;11;18085.0;18085.0;2435.0;15650.0;4;0;0;0;0;0;0;0;7.935695149221832;26;0;114;0;0;2;6718.0;04;7;1;Depot;H306;10;Kalt (-30° - 0,01° C);Abend;Wolkig;Minnesota;Herbst;Kollision;General Switching Rules;Human Factors;Depot/Rangieren, Depot/Rangieren;13647.339957238082;Nicht Signifikant;False
5475;692950;2010;12;17;27570.0;27570.0;60.0;27510.0;2;0;0;0;0;0;0;0;7.935695149221832;0;0;8;0;0;0;313.35122887057844;04;7;1;Depot;H401;17;Kalt (-30° - 0,01° C);Abend;Klar;Illinois;Herbst;Kollision;Main Track Authority;Human Factors;Depot/Rangieren, Lokomotive;20791.855203619907;Nicht Signifikant;False
5476;69826;2019;5;25;474653.0;474653.0;174653.0;300000.0;4;2;0;1;0;0;0;0;29.83352057259057;0;0;0;13;5;0;528.251698576455;04;2;1;Nebenstrecke;S009;56;Moderat (0° bis 19,99° C);Abend;Klar;New York;Frühling;Kollision;SIGNAL AND COMMUNICATION;Signal and Communication;Personenzug, Personenzug;424150.78041224834;Signifikant;True