index;INCDTNO;YEAR4;MONTH;DAY;ACCDMG;INFRASTRUCTURE_DMG;TRKDMG;EQPDMG;LOCOMOTIVES1;LOCOMOTIVES2;RREMPKLD;RREMPINJ;PASSKLD;PASSINJ;OTHERKLD;OTHERINJ;SPEED;LOADF1;LOADF2;EMPTYF1;EMPTYP1;LOADP1;EMPTYF2;TONS;TYPE;TYPEQ;TRKCLAS;TYPTRK;ACCAUSE;TEMP;TEMP_CLUSTER;VISIBLTY;WEATHER;STATE;Jahreszeit;ACCIDENT_TYPE;ACCCAUSE_LVL1;ACCCAUSE_LVL2;EQUIPMENT_TYPE;ACCDMG_EUR;ACCTYPE;SPD_TOO_HIGH
5477;69D;1986;10;14;31500.0;31500.0;0.0;31500.0;0;0;0;0;0;0;0;0;7.935695149221832;16;1;3;0;0;1;2002.3270459009923;04;6;2;Depot;T305;60;Moderat (0° bis 19,99° C);Morgendämmerung;Regen;Virginia;Herbst;Kollision;Frogs, Switches and Track Appliances;Track, Roadbed and Structures;EinzelneWagen, EinzelneWagen;26719.823564339637;Nicht Signifikant;False
5478;70001;1992;5;21;29500.0;29500.0;2000.0;27500.0;5;0;0;0;0;0;0;0;6.5;18;0;206;0;0;12;9594.239408716072;04;7;1;Depot;H702;45;Moderat (0° bis 19,99° C);Tag;Klar;New York;Frühling;Kollision;Switches, Use of;Human Factors;Depot/Rangieren, Güterzug;25023.32683009585;Nicht Signifikant;False
5479;70001;1993;11;12;36830.0;36830.0;0.0;36830.0;3;0;0;0;0;0;0;0;49.740634593834876;35;0;1;0;0;0;2922.336383802324;02;5;4;Hauptstrecke;H403;28;Kalt (-30° - 0,01° C);Tag;Klar;New York;Herbst;Kollision;Main Track Authority;Human Factors;EinzelneWagen, Güterzug;31240.987361099327;Nicht Signifikant;False
5480;70002;1993;2;4;16400.0;16400.0;2400.0;14000.0;3;0;0;0;0;0;0;0;3.9542723449729715;60;4;40;0;0;2;8194.478060607784;04;7;1;Depot;H210;27;Kalt (-30° - 0,01° C);Tag;Wolkig;New York;Winter;Kollision;Flagging, Fixed, Hand and Radio Signals;Human Factors;Depot/Rangieren, Depot/Rangieren;13911.273220799048;Nicht Signifikant;False
5481;70002;1994;1;31;251832.0;251832.0;21632.0;230200.0;4;3;0;0;0;0;0;0;14.870913408876453;53;4;0;0;0;0;5166.622904645479;03;6;X;Depot;H605;2;Kalt (-30° - 0,01° C);Abend;Klar;New York;Winter;Kollision;Speed;Human Factors;EinzelneWagen, Güterzug, Güterzug;213616.0827890406;Signifikant;True
5482;70002;1995;10;6;19600.0;19600.0;9700.0;9900.0;2;0;0;0;0;0;0;0;5.0;109;2;35;0;0;4;13938.578964770411;01;6;1;Depot;H504;50;Moderat (0° bis 19,99° C);Morgendämmerung;Klar;New York;Herbst;Entgleisung;Train Handling/Train Makeup;Human Factors;EinzelneWagen, Güterzug;16625.66799558911;Nicht Signifikant;False
5483;70002;1996;7;11;54590.0;54590.0;18000.0;36590.0;2;0;0;0;0;0;0;0;9.889609827019395;92;13;41;0;0;3;9078.91511737348;01;6;1;Depot;M505;68;Warm (20° bis 31,99° C);Tag;Klar;New York;Sommer;Entgleisung;Other Miscellaneous;Miscellaneous Causes;EinzelneWagen, EinzelneWagen, EinzelneWagen, Güterzug;46305.87836118415;Nicht Signifikant;False
5484;70002;1996;12;5;7900.0;7900.0;0.0;7900.0;2;0;0;0;0;0;0;0;10.0;137;2;47;0;0;1;14189.0;06;1;1;Depot;M599;30;Kalt (-30° - 0,01° C);Tag;Klar;New York;Herbst;Kollision;Other Miscellaneous;Miscellaneous Causes;Güterzug, Güterzug;6701.162100262956;Nicht Signifikant;False
5485;70003;1994;4;9;45400.0;45400.0;3500.0;41900.0;5;0;0;0;0;0;0;0;31.5;76;2;117;0;0;8;11382.0;01;1;3;Hauptstrecke;M502;45;Moderat (0° bis 19,99° C);Abend;Klar;New York;Frühling;Entgleisung;Other Miscellaneous;Miscellaneous Causes;Güterzug, Güterzug;38510.47586733395;Nicht Signifikant;False
5486;70003;1995;10;15;74750.0;74750.0;29000.0;45750.0;5;2;0;1;0;0;0;0;10.938552903730084;183;10;65;0;0;6;22070.909221766848;01;7;2;Depot;T299;55;Moderat (0° bis 19,99° C);Abend;Regen;New York;Herbst;Entgleisung;Rail, Joint Bar and Rail Anchoring;Track, Roadbed and Structures;Depot/Rangieren, EinzelneWagen, Güterzug;63406.56544236152;Signifikant;False
5487;70003;1996;3;7;11600.0;11600.0;100.0;11500.0;2;0;0;0;0;0;0;0;4.949628046035187;65;3;40;0;0;1;9090.62290464548;04;7;1;Depot;H307;30;Kalt (-30° - 0,01° C);Abend;Wolkig;New York;Winter;Kollision;General Switching Rules;Human Factors;Depot/Rangieren, EinzelneWagen;9839.681058613962;Nicht Signifikant;False
5488;70003;1996;7;28;19900.0;19900.0;1400.0;18500.0;4;1;0;0;0;0;0;0;1.9635609428485408;119;1;118;0;0;2;16873.0;04;7;1;Depot;H204;70;Warm (20° bis 31,99° C);Tag;Klar;New York;Sommer;Kollision;Flagging, Fixed, Hand and Radio Signals;Human Factors;Depot/Rangieren, Güterzug;16880.142505725675;Nicht Signifikant;False
5489;70004;1993;10;12;12350.0;12350.0;3000.0;9350.0;5;0;0;0;0;0;0;0;4.5;99;0;145;0;0;4;78151.96424813845;04;7;1;Depot;H204;60;Moderat (0° bis 19,99° C);Tag;Klar;New York;Herbst;Kollision;Flagging, Fixed, Hand and Radio Signals;Human Factors;Depot/Rangieren, Güterzug;10475.867333955382;Nicht Signifikant;False
5490;70290;1990;7;2;41550.0;41550.0;0.0;41550.0;2;0;0;0;0;0;0;0;5.5;31;0;35;0;0;1;4658.647398120594;04;5;1;Depot;M407;71;Warm (20° bis 31,99° C);Abend;Klar;Illinois;Sommer;Kollision;Unusual Operational Situations;Miscellaneous Causes;EinzelneWagen, Güterzug;35244.71965391467;Nicht Signifikant;False
5491;704147;2011;4;7;99006.0;99006.0;20.0;98986.0;4;0;0;0;0;0;0;0;10.0;88;1;57;0;0;0;13227.050729247796;04;7;1;Depot;H318;58;Moderat (0° bis 19,99° C);Abend;Wolkig;Mississippi;Frühling;Kollision;General Switching Rules;Human Factors;Depot/Rangieren, Güterzug;69317.37030035707;Nicht Signifikant;False
5492;707243;1997;7;31;1312600.0;1312600.0;53000.0;1259600.0;6;4;0;2;0;0;0;0;34.5;152;26;63;0;0;25;18694.0;01;1;3;Hauptstrecke;E53C;70;Warm (20° bis 31,99° C);Abenddämmerung;Klar;Ohio;Sommer;Entgleisung;Axles and Journal Bearings;Mechanical and Electrical Failures;Güterzug, Güterzug;1113410.8066841972;Signifikant;False
5493;708743;1997;8;19;8000.0;8000.0;0.0;8000.0;5;0;0;0;0;0;0;0;2.0;17;0;0;0;0;0;1700.0;04;7;1;Depot;H702;70;Warm (20° bis 31,99° C);Abend;Wolkig;New York;Sommer;Kollision;Switches, Use of;Human Factors;Depot/Rangieren, Depot/Rangieren;6785.986936975146;Nicht Signifikant;False
5494;709142;1997;9;19;7436.0;7436.0;0.0;7436.0;2;0;0;0;0;0;0;0;5.0;68;0;41;0;0;1;7760.0;04;7;1;Depot;H504;70;Warm (20° bis 31,99° C);Abend;Klar;New Jersey;Sommer;Kollision;Train Handling/Train Makeup;Human Factors;Depot/Rangieren, EinzelneWagen;6307.574857918398;Nicht Signifikant;False
5495;709143;1997;9;24;11000.0;11000.0;0.0;11000.0;6;0;0;0;0;0;0;0;2.0;2;0;0;0;0;0;200.0;04;7;1;Depot;M599;70;Warm (20° bis 31,99° C);Tag;Wolkig;New Jersey;Herbst;Kollision;Other Miscellaneous;Miscellaneous Causes;Depot/Rangieren, Depot/Rangieren;9330.732038340826;Nicht Signifikant;False
5496;709144;1997;9;29;384200.0;384200.0;7700.0;376500.0;7;1;1;0;0;0;0;0;27.84280917046614;107;8;31;0;0;0;13305.0;03;1;3;Hauptstrecke;M505;65;Moderat (0° bis 19,99° C);Tag;Klar;Pennsylvania;Herbst;Kollision;Other Miscellaneous;Miscellaneous Causes;Güterzug, Lokomotive;325897.02264823136;Schwer;False
5497;709243;1997;9;28;15000.0;15000.0;7000.0;8000.0;5;4;0;0;0;0;0;0;4.949628046035187;1;0;0;0;0;0;375.0;01;7;1;Depot;H306;65;Moderat (0° bis 19,99° C);Tag;Wolkig;Pennsylvania;Herbst;Entgleisung;General Switching Rules;Human Factors;Depot/Rangieren, Lokomotive;12723.7255068284;Nicht Signifikant;False
5498;709742;1997;9;2;7700.0;7700.0;0.0;7700.0;1;0;0;0;0;0;0;0;5.0;3;0;0;0;0;0;300.0;04;7;1;Depot;H018;85;Warm (20° bis 31,99° C);Tag;Klar;New York;Sommer;Kollision;Brakes, Use of;Human Factors;Depot/Rangieren, EinzelneWagen;6531.512426838578;Nicht Signifikant;False
5499;709842;1997;9;22;11971.0;11971.0;0.0;11971.0;3;0;0;0;0;0;0;0;4.5;19;0;17;0;0;1;2750.0;04;7;1;Depot;H306;55;Moderat (0° bis 19,99° C);Abend;Klar;Ohio;Sommer;Kollision;General Switching Rules;Human Factors;Depot/Rangieren, Güterzug;10154.381202816185;Nicht Signifikant;False
5500;710141;1997;10;7;12577.0;12577.0;500.0;12077.0;6;0;0;0;0;0;0;0;3.0;158;3;64;0;0;0;17800.0;04;7;1;Depot;H399;65;Moderat (0° bis 19,99° C);Abend;Klar;Pennsylvania;Herbst;Kollision;General Switching Rules;Human Factors;Depot/Rangieren, Güterzug;10668.41971329205;Nicht Signifikant;False
5501;710342;1997;10;20;24394.0;24394.0;600.0;23794.0;4;2;0;0;0;0;0;0;5.5;15;1;0;0;0;0;1800.0;05;7;1;Depot;H017;40;Moderat (0° bis 19,99° C);Abend;Klar;Illinois;Herbst;Kollision;Brakes, Use of;Human Factors;Depot/Rangieren, Lokomotive;20692.170667571463;Nicht Signifikant;False
5502;711342;1997;11;21;29900.0;29900.0;1600.0;28300.0;4;0;0;0;0;0;0;0;8.0;40;3;0;0;0;0;5699.0;05;7;2;Depot;H603;33;Moderat (0° bis 19,99° C);Abend;Wolkig;Indiana;Herbst;Kollision;Speed;Human Factors;Depot/Rangieren, Lokomotive;25362.626176944606;Nicht Signifikant;False
5503;716076;2011;7;24;40966.0;40966.0;60.0;40906.0;3;0;0;0;0;0;0;0;3.0;0;0;50;0;0;0;161.88997359133555;04;7;1;Depot;H301;79;Warm (20° bis 31,99° C);Abend;Regen;Louisiana;Sommer;Kollision;General Switching Rules;Human Factors;Depot/Rangieren, Lokomotive;28480.91585363027;Nicht Signifikant;False
5504;717362;2011;8;7;16000.0;16000.0;0.0;16000.0;3;0;0;0;0;0;0;0;6.0;0;0;6;0;0;0;252.4584084486016;04;7;1;Industriestrecke;M501;68;Warm (20° bis 31,99° C);Abend;Klar;Wisconsion;Sommer;Kollision;Other Miscellaneous;Miscellaneous Causes;Depot/Rangieren, Lokomotive;11266.283300082148;Nicht Signifikant;False
5505;724023;2011;10;10;18163.0;18163.0;363.0;17800.0;2;0;0;0;0;0;0;0;3.9542723449729715;22;0;99;0;0;1;5263.0;01;7;1;Depot;H704;70;Warm (20° bis 31,99° C);Tag;Klar;Ohio;Herbst;Entgleisung;Switches, Use of;Human Factors;Depot/Rangieren, EinzelneWagen;13362.02457147061;Nicht Signifikant;False
5506;724392;2011;10;13;35385.0;35385.0;990.0;34395.0;4;0;0;0;0;0;0;0;6.0;81;2;56;0;0;5;7245.0;04;1;1;Depot;H306;59;Moderat (0° bis 19,99° C);Abend;Klar;Michigan;Herbst;Kollision;General Switching Rules;Human Factors;Güterzug, Güterzug;25777.66445690974;Nicht Signifikant;False
5507;735630;2012;2;12;42304.0;42304.0;28304.0;14000.0;3;0;0;0;0;0;0;0;7.935695149221832;2;0;8;0;0;4;507.8164184217309;01;5;1;Depot;T108;43;Moderat (0° bis 19,99° C);Abend;Klar;Louisiana;Winter;Entgleisung;Track Geometry;Track, Roadbed and Structures;EinzelneWagen, Güterzug;31970.174068569417;Nicht Signifikant;False
5508;736840;2012;2;25;134960.0;134960.0;25160.0;109800.0;2;0;0;0;0;0;0;0;6.940339448159618;0;0;106;0;0;2;3300.059498786258;01;7;1;Industriestrecke;M501;35;Moderat (0° bis 19,99° C);Tag;Klar;Illinois;Winter;Entgleisung;Other Miscellaneous;Miscellaneous Causes;Depot/Rangieren, EinzelneWagen;100686.36227991644;Nicht Signifikant;False
5509;740405;2012;3;29;88025.0;88025.0;25.0;88000.0;1;0;0;0;0;0;0;0;3.5;10;0;17;0;0;3;2202.0;04;7;X;Industriestrecke;M504;70;Warm (20° bis 31,99° C);Tag;Klar;Tennessee;Frühling;Kollision;Other Miscellaneous;Miscellaneous Causes;Depot/Rangieren, EinzelneWagen;66323.83966244727;Nicht Signifikant;False
5510;752673;2012;7;22;73000.0;73000.0;600.0;72400.0;4;0;0;1;0;0;0;0;6.0;90;1;132;0;0;0;9866.0;04;7;1;Depot;H599;80;Warm (20° bis 31,99° C);Tag;Klar;Indiana;Sommer;Kollision;Train Handling/Train Makeup;Human Factors;Depot/Rangieren, Güterzug;60148.310903597914;Signifikant;False
5511;75297;1992;4;1;17100.0;17100.0;0.0;17100.0;1;0;0;0;0;0;0;0;0.9682052417863254;10;0;25;0;0;1;2062.66509001949;01;7;1;Depot;E31C;70;Warm (20° bis 31,99° C);Tag;Klar;Georgia;Frühling;Entgleisung;Coupler and Draft System;Mechanical and Electrical Failures;Depot/Rangieren, EinzelneWagen;14505.047077784375;Nicht Signifikant;False
5512;75728;1992;5;20;8200.0;8200.0;0.0;8200.0;6;0;0;0;0;0;0;0;5.5;120;1;90;0;0;1;14874.0;04;7;1;Depot;H307;80;Warm (20° bis 31,99° C);Tag;Klar;Tennessee;Frühling;Kollision;General Switching Rules;Human Factors;Depot/Rangieren, Güterzug;6955.636610399524;Nicht Signifikant;False
5513;75799;1992;5;28;8500.0;8500.0;2000.0;6500.0;1;0;0;0;0;0;0;0;3.9542723449729715;49;1;1;0;0;0;1852.4642188839202;01;6;1;Depot;H702;55;Moderat (0° bis 19,99° C);Tag;Klar;Indiana;Frühling;Entgleisung;Switches, Use of;Human Factors;EinzelneWagen, Güterzug;7210.111120536093;Nicht Signifikant;False
5514;75833;1992;6;1;20000.0;20000.0;0.0;20000.0;0;0;0;0;0;0;0;0;5.944983747097401;0;0;56;0;0;2;1777.7389882368363;01;6;1;Depot;M599;67;Moderat (0° bis 19,99° C);Tag;Klar;Ohio;Frühling;Entgleisung;Other Miscellaneous;Miscellaneous Causes;EinzelneWagen, EinzelneWagen;16964.967342437863;Nicht Signifikant;False
5515;75875;1992;6;5;21100.0;21100.0;500.0;20600.0;4;0;0;0;0;0;0;0;5.5;46;0;33;0;0;3;7044.0;04;7;2;Depot;H705;82;Warm (20° bis 31,99° C);Tag;Klar;Georgia;Frühling;Kollision;Switches, Use of;Human Factors;Depot/Rangieren, Depot/Rangieren;17898.040546271946;Nicht Signifikant;False
5516;75877;1992;6;6;24300.0;24300.0;2000.0;22300.0;5;0;0;1;0;0;0;0;9.926406551346263;63;0;70;0;0;4;8077.0;03;1;4;Hauptstrecke;H405;63;Moderat (0° bis 19,99° C);Abend;Nebel;Georgia;Frühling;Kollision;Main Track Authority;Human Factors;Güterzug, Güterzug;20612.435321062007;Signifikant;False
5517;75F060223;2002;6;18;15785.0;15785.0;0.0;15785.0;3;0;0;0;0;0;0;0;2.0;16;0;5;0;0;0;2042.130790705749;04;7;1;Depot;H702;79;Warm (20° bis 31,99° C);Tag;Klar;Illinois;Frühling;Kollision;Switches, Use of;Human Factors;Depot/Rangieren, Depot/Rangieren;16643.821172501055;Nicht Signifikant;False
5518;761404;2012;10;23;23450.0;23450.0;250.0;23200.0;1;0;0;0;0;0;0;0;7.935695149221832;12;0;4;0;0;2;1559.6147516165402;01;7;1;Depot;H993;50;Moderat (0° bis 19,99° C);Abend;Klar;Illinois;Herbst;Entgleisung;Miscellaneous;Human Factors;Depot/Rangieren, EinzelneWagen;18031.526336024606;Nicht Signifikant;False
5519;76498;1992;8;18;19100.0;19100.0;0.0;19100.0;3;0;0;0;0;0;0;0;3.9542723449729715;9;0;4;0;0;0;894.1904634938062;05;7;1;Depot;H307;78;Warm (20° bis 31,99° C);Tag;Klar;North Carolina;Sommer;Kollision;General Switching Rules;Human Factors;Depot/Rangieren, EinzelneWagen;16201.543812028161;Nicht Signifikant;False
5520;76637;1992;9;5;24500.0;24500.0;2500.0;22000.0;3;0;0;0;0;0;0;0;4.0;60;0;10;0;0;4;5776.0;04;7;1;Depot;H307;75;Warm (20° bis 31,99° C);Abend;Regen;Virginia;Sommer;Kollision;General Switching Rules;Human Factors;Depot/Rangieren, Güterzug;20782.084994486384;Nicht Signifikant;False
5521;768039;2013;1;13;16667.0;16667.0;25.0;16642.0;2;0;0;0;0;0;0;0;0.9682052417863254;61;0;50;0;0;0;8531.303354016858;05;7;1;Depot;H316;32;Moderat (0° bis 19,99° C);Abend;Wolkig;Tennessee;Winter;Kollision;General Switching Rules;Human Factors;Depot/Rangieren, EinzelneWagen;12514.015416958653;Nicht Signifikant;False
5522;768230;2013;1;15;47861.0;47861.0;2390.0;45471.0;4;0;0;0;0;0;0;0;5.5;25;0;14;0;0;3;3344.4054072261915;04;7;1;Depot;H305;6;Kalt (-30° - 0,01° C);Abend;Klar;Indiana;Winter;Kollision;General Switching Rules;Human Factors;Depot/Rangieren, Depot/Rangieren;35912.80858407744;Nicht Signifikant;False
5523;770231;2013;2;8;30412.0;30412.0;1250.0;29162.0;0;0;0;0;0;0;0;0;9.926406551346263;27;2;0;0;0;0;3180.448491468277;04;6;1;Industriestrecke;M504;12;Kalt (-30° - 0,01° C);Abend;Wolkig;Indiana;Winter;Kollision;Other Miscellaneous;Miscellaneous Causes;EinzelneWagen, EinzelneWagen;22739.64408553911;Nicht Signifikant;False
5524;771379;2013;2;21;16398.0;16398.0;100.0;16298.0;4;0;0;0;0;0;0;0;3.9542723449729715;54;0;22;0;0;0;5877.0;04;7;1;Depot;H306;14;Kalt (-30° - 0,01° C);Abend;Wolkig;Illinois;Winter;Kollision;General Switching Rules;Human Factors;Depot/Rangieren, Depot/Rangieren;12435.916881541028;Nicht Signifikant;False
5525;77307;1992;11;20;13025.0;13025.0;0.0;13025.0;2;0;0;0;0;0;0;0;2.958916643910756;25;0;11;0;0;0;7457.0;04;7;1;Depot;H207;52;Moderat (0° bis 19,99° C);Abend;Wolkig;Indiana;Herbst;Kollision;Flagging, Fixed, Hand and Radio Signals;Human Factors;Depot/Rangieren, Güterzug;11048.434981762659;Nicht Signifikant;False
5526;78101;1993;2;19;24917.0;24917.0;117.0;24800.0;3;1;0;0;0;0;0;0;2.6392777626071706;31;0;8;0;0;0;4004.888215235007;04;6;1;Depot;E08L;18;Kalt (-30° - 0,01° C);Abend;Klar;Indiana;Winter;Kollision;Brakes;Mechanical and Electrical Failures;EinzelneWagen, Güterzug, Lokomotive;21135.804563576214;Nicht Signifikant;False
5527;78238;1993;3;3;15000.0;15000.0;0.0;15000.0;0;0;0;0;0;0;0;0;18.8846078609062;5;1;0;0;0;0;658.1761108267771;01;6;1;Depot;M407;36;Moderat (0° bis 19,99° C);Morgendämmerung;Nebel;Ohio;Winter;Entgleisung;Unusual Operational Situations;Miscellaneous Causes;EinzelneWagen, EinzelneWagen;12723.7255068284;Nicht Signifikant;True
5528;783898;2013;6;28;181261.0;181261.0;2455.0;178806.0;4;2;0;0;0;0;0;0;5.5;92;0;124;0;0;4;17253.0;04;7;1;Depot;H702;80;Warm (20° bis 31,99° C);Abend;Klar;Tennessee;Sommer;Kollision;Switches, Use of;Human Factors;Depot/Rangieren, Güterzug;138578.74617737002;Nicht Signifikant;False
5529;78633;1993;4;14;37000.0;37000.0;0.0;37000.0;2;0;0;0;0;0;0;0;7.935695149221832;3;1;0;0;0;0;368.25643911840757;04;7;1;Industriestrecke;H021;50;Moderat (0° bis 19,99° C);Tag;Klar;Georgia;Frühling;Kollision;Brakes, Use of;Human Factors;Depot/Rangieren, EinzelneWagen;31385.18958351005;Nicht Signifikant;False
5530;78796;1993;5;5;30300.0;30300.0;800.0;29500.0;0;0;0;0;0;0;0;0;9.901875401795017;0;0;92;0;0;6;2914.6198679013823;01;6;1;Depot;H018;60;Moderat (0° bis 19,99° C);Tag;Klar;Virginia;Frühling;Entgleisung;Brakes, Use of;Human Factors;EinzelneWagen, EinzelneWagen, EinzelneWagen;25701.925523793365;Nicht Signifikant;False
5531;78969;1993;5;26;7400.0;7400.0;0.0;7400.0;2;0;0;0;0;0;0;0;4.949628046035187;6;0;6;0;0;0;896.6473981205941;05;7;1;Depot;H302;54;Moderat (0° bis 19,99° C);Morgendämmerung;Klar;Illinois;Frühling;Kollision;General Switching Rules;Human Factors;Depot/Rangieren, EinzelneWagen;6277.03791670201;Nicht Signifikant;False
5532;79081;1993;6;7;12200.0;12200.0;200.0;12000.0;2;0;0;0;0;0;0;0;3.5;36;1;6;0;0;0;4699.558410823217;04;7;1;Industriestrecke;H022;90;Heiß (>= 32° C);Tag;Klar;Georgia;Frühling;Kollision;Brakes, Use of;Human Factors;Depot/Rangieren, EinzelneWagen;10348.630078887098;Nicht Signifikant;False
5533;791;1991;7;4;14925.0;14925.0;0.0;14925.0;5;0;0;0;0;0;0;0;2.945222191881008;82;3;37;0;0;5;11570.422580009455;04;6;1;Depot;H018;68;Warm (20° bis 31,99° C);Tag;Wolkig;Iowa;Sommer;Kollision;Brakes, Use of;Human Factors;EinzelneWagen, EinzelneWagen, Güterzug;12660.106879294257;Nicht Signifikant;False
5534;791991;2013;9;18;109483.0;109483.0;2676.0;106807.0;5;0;0;0;0;0;0;0;3.9542723449729715;52;1;97;0;0;6;11300.0;01;7;1;Depot;T208;90;Heiß (>= 32° C);Tag;Klar;Tennessee;Sommer;Entgleisung;Rail, Joint Bar and Rail Anchoring;Track, Roadbed and Structures;Depot/Rangieren, Güterzug;81997.453565009;Nicht Signifikant;False
5535;794285;2013;10;11;272325.0;272325.0;33000.0;239325.0;5;0;0;0;0;0;0;0;2.5;156;6;119;0;0;7;23607.0;01;7;1;Depot;E76L;85;Warm (20° bis 31,99° C);Tag;Klar;Tennessee;Herbst;Entgleisung;Locomotives;Mechanical and Electrical Failures;Depot/Rangieren, Güterzug;200740.82264484742;Signifikant;False
5536;794912;2013;10;17;132556.0;132556.0;11800.0;120756.0;2;0;0;0;0;0;0;0;6.940339448159618;37;0;48;0;0;6;5749.11255260912;01;7;1;Depot;T314;65;Moderat (0° bis 19,99° C);Abend;Klar;Louisiana;Herbst;Entgleisung;Frogs, Switches and Track Appliances;Track, Roadbed and Structures;Depot/Rangieren, EinzelneWagen;97025.32572097788;Nicht Signifikant;False
5537;79548;1993;8;5;7800.0;7800.0;200.0;7600.0;1;0;0;0;0;0;0;1;6.940339448159618;7;0;15;0;0;2;1387.4048226498526;01;6;1;Industriestrecke;M501;80;Warm (20° bis 31,99° C);Tag;Klar;Virginia;Sommer;Entgleisung;Other Miscellaneous;Miscellaneous Causes;EinzelneWagen, Güterzug;6616.337263550768;Signifikant;False
5538;795509;2013;10;26;23574.0;23574.0;0.0;23574.0;2;0;0;0;0;0;0;0;3.5;4;0;4;0;0;0;646.5952861436587;04;7;1;Industriestrecke;H310;61;Moderat (0° bis 19,99° C);Abend;Klar;Louisiana;Herbst;Kollision;General Switching Rules;Human Factors;Depot/Rangieren, EinzelneWagen;17108.22971599981;Nicht Signifikant;False
5539;79652;1993;8;18;36985.0;36985.0;19300.0;17685.0;1;0;0;0;0;0;0;0;4.966418697356791;55;4;19;0;0;1;6769.825184481202;04;7;1;Depot;E08C;75;Warm (20° bis 31,99° C);Abend;Klar;Virginia;Sommer;Kollision;Brakes;Mechanical and Electrical Failures;Depot/Rangieren, EinzelneWagen, EinzelneWagen;31372.465858003223;Nicht Signifikant;False
5540;79833;1993;9;10;9000.0;9000.0;0.0;9000.0;2;0;0;0;0;0;0;0;3.5;9;1;24;0;0;0;1919.2459147026082;04;7;1;Depot;H018;64;Moderat (0° bis 19,99° C);Abend;Klar;Illinois;Sommer;Kollision;Brakes, Use of;Human Factors;Depot/Rangieren, EinzelneWagen;7634.235304097039;Nicht Signifikant;False
5541;798870;2013;12;5;7074132.0;7074132.0;1057623.0;6016509.0;5;0;0;3;0;0;0;0;46.75456749064823;192;94;0;0;0;0;20870.23379653895;01;6;1;Depot;M199;-13;Kalt (-30° - 0,01° C);Tag;Klar;Minnesota;Herbst;Entgleisung;Environmental Conditions;Environmental Conditions;EinzelneWagen, Güterzug;5203863.469177579;Schwer;True
5542;80001;1993;3;5;16075.0;16075.0;3000.0;13075.0;4;1;0;0;0;0;0;0;5.0;67;0;115;0;0;3;11081.0;04;7;1;Depot;H702;30;Kalt (-30° - 0,01° C);Tag;Wolkig;Ohio;Winter;Kollision;Switches, Use of;Human Factors;Depot/Rangieren, Depot/Rangieren;13635.592501484434;Nicht Signifikant;False
5543;80001;1993;9;13;22100.0;22100.0;3400.0;18700.0;4;0;0;0;0;0;0;0;3.5;81;0;13;0;0;4;9492.889973591336;04;7;1;Depot;S012;85;Warm (20° bis 31,99° C);Abend;Wolkig;Indiana;Sommer;Kollision;SIGNAL AND COMMUNICATION;Signal and Communication;Depot/Rangieren, Depot/Rangieren;18746.28891339384;Nicht Signifikant;False
5544;80001;1994;2;14;15000.0;15000.0;0.0;15000.0;6;0;0;0;0;0;0;0;24.856742067279495;24;0;24;0;0;1;3041.8899735913355;03;1;X;Depot;H605;15;Kalt (-30° - 0,01° C);Abend;Wolkig;Ohio;Winter;Kollision;Speed;Human Factors;Güterzug, Lokomotive;12723.7255068284;Nicht Signifikant;True
5545;80001;1994;4;12;19385.0;19385.0;5960.0;13425.0;4;0;0;0;0;0;0;0;5.0;85;1;22;0;0;6;10552.0;01;1;1;Depot;H702;45;Moderat (0° bis 19,99° C);Abend;Klar;Indiana;Frühling;Entgleisung;Switches, Use of;Human Factors;Güterzug, Güterzug;16443.2945966579;Nicht Signifikant;False
5546;80001;1994;5;13;51250.0;51250.0;2650.0;48600.0;4;1;0;0;0;0;0;0;7.5;19;4;0;0;0;0;1890.8899735913355;01;1;1;Depot;H702;70;Warm (20° bis 31,99° C);Tag;Klar;Indiana;Frühling;Entgleisung;Switches, Use of;Human Factors;Güterzug, Lokomotive;43472.728814997026;Nicht Signifikant;False
5547;80001;1994;11;11;45282.0;45282.0;4682.0;40600.0;4;0;0;0;0;0;0;0;9.926406551346263;134;4;4;0;0;0;13717.0;03;1;2;Hauptstrecke;H399;33;Moderat (0° bis 19,99° C);Abend;Klar;Indiana;Herbst;Kollision;General Switching Rules;Human Factors;Güterzug, Güterzug;38410.38256001357;Nicht Signifikant;False
5548;80001;1997;2;20;16600.0;16600.0;250.0;16350.0;3;0;0;0;0;0;0;0;4.949628046035187;41;2;18;0;0;0;5321.087818675687;03;7;1;Depot;H403;20;Kalt (-30° - 0,01° C);Abend;Wolkig;Ohio;Winter;Kollision;Main Track Authority;Human Factors;Depot/Rangieren, Güterzug;14080.922894223428;Nicht Signifikant;False
5549;80002;1992;5;20;42800.0;42800.0;1500.0;41300.0;2;0;0;0;0;0;0;0;3.5;45;1;54;0;0;6;6269.391238570343;04;7;1;Depot;H020;75;Warm (20° bis 31,99° C);Abenddämmerung;Klar;Indiana;Frühling;Kollision;Brakes, Use of;Human Factors;Depot/Rangieren, EinzelneWagen;36305.03011281703;Nicht Signifikant;False