index;INCDTNO;YEAR4;MONTH;DAY;ACCDMG;INFRASTRUCTURE_DMG;TRKDMG;EQPDMG;LOCOMOTIVES1;LOCOMOTIVES2;RREMPKLD;RREMPINJ;PASSKLD;PASSINJ;OTHERKLD;OTHERINJ;SPEED;LOADF1;LOADF2;EMPTYF1;EMPTYP1;LOADP1;EMPTYF2;TONS;TYPE;TYPEQ;TRKCLAS;TYPTRK;ACCAUSE;TEMP;TEMP_CLUSTER;VISIBLTY;WEATHER;STATE;Jahreszeit;ACCIDENT_TYPE;ACCCAUSE_LVL1;ACCCAUSE_LVL2;EQUIPMENT_TYPE;ACCDMG_EUR;ACCTYPE;SPD_TOO_HIGH
5550;80002;1993;1;10;23600.0;23600.0;200.0;23400.0;2;0;0;0;0;0;0;0;4.333333333333333;63;3;19;0;0;3;8197.196747596468;01;6;1;Depot;S099;25;Kalt (-30° - 0,01° C);Abend;Schnee;Indiana;Winter;Entgleisung;other software/programming deficiencies, etc.);Signal and Communication;EinzelneWagen, EinzelneWagen, Güterzug;20018.661464076682;Nicht Signifikant;False
5551;80002;1994;3;28;551055.0;551055.0;39055.0;512000.0;5;2;0;2;0;0;0;0;39.78707758321272;153;18;32;0;0;0;21047.0;03;1;3;Hauptstrecke;H204;40;Moderat (0° bis 19,99° C);Abend;Klar;Ohio;Frühling;Kollision;Flagging, Fixed, Hand and Radio Signals;Human Factors;Güterzug, Güterzug;467431.5039443549;Signifikant;False
5552;80002;1996;1;8;199556.0;199556.0;75000.0;124556.0;4;0;0;0;0;0;0;0;57.0;20;3;31;0;0;18;2782.0;01;1;4;Hauptstrecke;M204;28;Kalt (-30° - 0,01° C);Abend;Klar;Ohio;Winter;Entgleisung;Loading Procedures;Loading;Güterzug, Güterzug;169273.05114937652;Signifikant;False
5553;80002;1996;10;24;9900.0;9900.0;200.0;9700.0;4;2;0;0;0;0;0;0;6.5;0;0;11;0;0;0;364.88997359133555;04;7;1;Depot;H999;65;Moderat (0° bis 19,99° C);Tag;Klar;Illinois;Herbst;Kollision;Miscellaneous;Human Factors;Depot/Rangieren, Lokomotive;8397.658834506743;Nicht Signifikant;False
5554;80002;1996;11;20;32300.0;32300.0;325.0;31975.0;4;1;0;0;0;0;0;0;6.5;20;3;22;0;0;1;4234.889973591336;04;7;2;Depot;H702;35;Moderat (0° bis 19,99° C);Abend;Klar;Indiana;Herbst;Kollision;Switches, Use of;Human Factors;Depot/Rangieren, Lokomotive;27398.422258037153;Nicht Signifikant;False
5555;80003;1996;7;24;24500.0;24500.0;0.0;24500.0;2;0;0;0;0;0;0;0;11.917117953470694;4;1;62;0;0;0;2432.0961193788003;01;6;1;Hauptstrecke;H605;65;Moderat (0° bis 19,99° C);Abend;Klar;Indiana;Sommer;Entgleisung;Speed;Human Factors;EinzelneWagen, Lokomotive;20782.084994486384;Nicht Signifikant;True
5556;80003;1996;9;23;41670.0;41670.0;1000.0;40670.0;2;1;0;0;0;0;0;0;6.0;6;0;30;0;0;6;1600.0;05;7;1;Depot;H302;65;Moderat (0° bis 19,99° C);Tag;Klar;Indiana;Herbst;Kollision;General Switching Rules;Human Factors;Depot/Rangieren, Güterzug;35346.50945796929;Nicht Signifikant;False
5557;80004;1996;9;26;7010.0;7010.0;0.0;7010.0;1;0;0;0;0;0;0;0;2.958916643910756;8;0;0;0;0;0;848.6473981205941;05;7;1;Depot;H302;60;Moderat (0° bis 19,99° C);Abend;Klar;Indiana;Herbst;Kollision;General Switching Rules;Human Factors;Depot/Rangieren, EinzelneWagen;5946.221053524471;Nicht Signifikant;False
5558;80027;1987;7;9;7500.0;7500.0;0.0;7500.0;5;0;1;1;0;0;0;0;4.949628046035187;10;0;2;0;0;0;723.6473981205941;09;4;3;Hauptstrecke;H402;60;Moderat (0° bis 19,99° C);Tag;Klar;Kalifornien;Sommer;Kollision;Main Track Authority;Human Factors;Arbeitszug, Güterzug;6361.8627534142;Schwer;False
5559;80223;1993;10;26;13350.0;13350.0;750.0;12600.0;2;0;0;0;0;0;0;0;2.958916643910756;81;2;0;0;0;0;10032.251448583937;04;6;1;Industriestrecke;H306;65;Moderat (0° bis 19,99° C);Tag;Klar;West Virginia;Herbst;Kollision;General Switching Rules;Human Factors;EinzelneWagen, Güterzug;11324.115701077275;Nicht Signifikant;False
5560;802404;2014;1;18;78517.0;78517.0;5592.0;72925.0;6;0;0;0;0;0;0;0;4.949628046035187;110;2;45;0;0;1;15910.0;01;7;1;Depot;H511;13;Kalt (-30° - 0,01° C);Abend;Klar;Illinois;Winter;Entgleisung;Train Handling/Train Makeup;Human Factors;Depot/Rangieren, Güterzug;57826.63131536308;Nicht Signifikant;False
5561;804241;1998;4;4;45000.0;45000.0;0.0;45000.0;4;0;0;1;0;0;0;0;28.838164871528356;0;0;0;0;0;0;600.0;03;8;3;Hauptstrecke;H401;41;Moderat (0° bis 19,99° C);Tag;Klar;Pennsylvania;Frühling;Kollision;Main Track Authority;Human Factors;Lokomotive, Lokomotive;38171.1765204852;Signifikant;False
5562;804312;2014;2;9;73236.0;73236.0;16698.0;56538.0;5;0;0;0;0;0;0;0;28.838164871528356;189;1;82;0;0;2;26603.0;01;1;4;Hauptstrecke;E09C;10;Kalt (-30° - 0,01° C);Abend;Klar;Illinois;Winter;Entgleisung;Brakes;Mechanical and Electrical Failures;Güterzug, Güterzug;53784.088127294985;Nicht Signifikant;False
5563;805242;1998;5;11;14685.0;14685.0;300.0;14385.0;5;0;0;0;0;0;0;0;3.5;81;0;22;0;0;1;8208.0;05;1;1;Industriestrecke;H399;68;Warm (20° bis 31,99° C);Abenddämmerung;Wolkig;Ohio;Frühling;Kollision;General Switching Rules;Human Factors;Güterzug, Güterzug;12456.527271185003;Nicht Signifikant;False
5564;807742;1998;7;13;19200.0;19200.0;1000.0;18200.0;2;0;0;0;0;0;0;0;4.0;26;1;0;0;0;0;2700.0;04;7;1;Depot;H302;75;Warm (20° bis 31,99° C);Tag;Klar;New York;Sommer;Kollision;General Switching Rules;Human Factors;Depot/Rangieren, Depot/Rangieren;16286.36864874035;Nicht Signifikant;False
5565;810486;2014;4;14;126591.0;126591.0;3992.0;122599.0;4;0;0;0;0;0;0;0;6.5;92;1;155;0;0;5;16629.0;04;7;1;Depot;H706;60;Moderat (0° bis 19,99° C);Abend;Regen;Tennessee;Frühling;Kollision;Switches, Use of;Human Factors;Depot/Rangieren, Güterzug;91553.48231720546;Nicht Signifikant;False
5566;811043;2014;4;19;284371.0;284371.0;1936.0;282435.0;4;2;0;0;0;0;0;0;9.926406551346263;97;2;70;0;0;3;14268.0;02;7;1;Depot;H403;58;Moderat (0° bis 19,99° C);Abend;Klar;Tennessee;Frühling;Kollision;Main Track Authority;Human Factors;Depot/Rangieren, Güterzug;205473.3449905346;Signifikant;False
5567;81112WSD01;1988;11;12;101570.0;101570.0;1570.0;100000.0;0;0;0;1;0;0;0;0;4.949628046035187;0;0;0;0;2;0;166.2224566435862;04;5;1;Depot;H308;55;Moderat (0° bis 19,99° C);Abend;Klar;Kalifornien;Herbst;Kollision;General Switching Rules;Human Factors;EinzelneWagen, EinzelneWagen;86156.5866485707;Signifikant;False
5568;811342;1998;11;16;349639.0;349639.0;24000.0;325639.0;4;0;0;0;0;0;0;0;26.0;68;13;4;0;0;0;7794.0;04;1;2;Hauptstrecke;M503;48;Moderat (0° bis 19,99° C);Abend;Klar;Ohio;Herbst;Kollision;Other Miscellaneous;Miscellaneous Causes;Güterzug, Güterzug;296580.7108321316;Signifikant;True
5569;812243;1998;12;22;14023.0;14023.0;4800.0;9223.0;2;0;0;0;0;0;0;0;4.949628046035187;31;3;0;0;0;0;3134.8899735913355;01;1;1;Depot;T299;25;Kalt (-30° - 0,01° C);Tag;Schnee;Pennsylvania;Winter;Entgleisung;Rail, Joint Bar and Rail Anchoring;Track, Roadbed and Structures;Güterzug, NaN;11894.986852150309;Nicht Signifikant;False
5570;81551;1994;3;3;13100.0;13100.0;0.0;13100.0;2;0;0;0;0;0;0;0;1.9635609428485408;0;0;165;0;0;4;4999.762314540395;01;6;1;Industriestrecke;T217;26;Kalt (-30° - 0,01° C);Morgendämmerung;Schnee;West Virginia;Winter;Entgleisung;Rail, Joint Bar and Rail Anchoring;Track, Roadbed and Structures;EinzelneWagen, Güterzug;11112.053609296801;Nicht Signifikant;False
5571;8186;1986;8;28;43196.0;43196.0;28075.0;15121.0;3;0;0;0;0;0;0;0;7.935695149221832;102;10;1;0;0;0;11296.336383802323;01;5;1;Nebenstrecke;T210;58;Moderat (0° bis 19,99° C);Abend;Regen;West Virginia;Sommer;Entgleisung;Rail, Joint Bar and Rail Anchoring;Track, Roadbed and Structures;EinzelneWagen, Güterzug;36640.9364661973;Nicht Signifikant;False
5572;821179;2014;7;27;61342.0;61342.0;44210.0;17132.0;4;0;0;0;0;0;0;0;4.5;107;4;83;0;0;0;12379.475716642071;01;7;1;Hauptstrecke;H704;71;Warm (20° bis 31,99° C);Abend;Wolkig;Illinois;Sommer;Entgleisung;Switches, Use of;Human Factors;Depot/Rangieren, Güterzug;45657.22224978912;Nicht Signifikant;False
5573;821901;2014;8;2;22593.0;22593.0;9000.0;13593.0;1;0;0;0;0;0;0;0;9.926406551346263;4;1;5;0;0;2;729.528712706183;05;7;1;Industriestrecke;H306;78;Warm (20° bis 31,99° C);Tag;Klar;Michigan;Sommer;Kollision;General Switching Rules;Human Factors;Depot/Rangieren, EinzelneWagen;16855.416293643688;Nicht Signifikant;False
5574;83;1994;4;1;15000.0;15000.0;0.0;15000.0;3;0;0;0;0;0;0;0;1.9635609428485408;5;0;68;0;0;1;943.0;05;7;1;Depot;H306;70;Warm (20° bis 31,99° C);Tag;Klar;Montana;Frühling;Kollision;General Switching Rules;Human Factors;Depot/Rangieren, Depot/Rangieren;12723.7255068284;Nicht Signifikant;False
5575;832092;2014;11;9;133253.0;133253.0;3000.0;130253.0;2;0;0;0;0;0;0;0;5.944983747097401;15;0;48;0;0;8;2822.4996026817116;01;6;1;Depot;T212;48;Moderat (0° bis 19,99° C);Abend;Klar;Mississippi;Herbst;Entgleisung;Rail, Joint Bar and Rail Anchoring;Track, Roadbed and Structures;EinzelneWagen, Güterzug;106987.55519871537;Nicht Signifikant;False
5576;83478;1994;10;18;24800.0;24800.0;6000.0;18800.0;1;0;0;0;0;0;0;0;6.940339448159618;49;0;78;0;0;5;8026.113918670467;01;7;2;Depot;H702;70;Warm (20° bis 31,99° C);Abend;Wolkig;Ohio;Herbst;Entgleisung;Switches, Use of;Human Factors;Depot/Rangieren, EinzelneWagen;21036.559504622954;Nicht Signifikant;False
5577;83494;1994;10;19;10200.0;10200.0;0.0;10200.0;3;0;0;2;0;0;0;0;9.926406551346263;24;0;2;0;0;0;3003.6770962376277;02;4;1;Industriestrecke;H702;60;Moderat (0° bis 19,99° C);Abend;Klar;Indiana;Herbst;Kollision;Switches, Use of;Human Factors;Arbeitszug, Güterzug;8652.133344643311;Signifikant;False
5578;835171;2014;12;13;597122.0;597122.0;13619.0;583503.0;5;1;0;2;0;0;0;0;18.8846078609062;175;3;36;0;0;0;24845.0;03;1;2;Hauptstrecke;H222;38;Moderat (0° bis 19,99° C);Tag;Klar;Illinois;Herbst;Kollision;Flagging, Fixed, Hand and Radio Signals;Human Factors;Güterzug, Güterzug;479924.4494454268;Signifikant;False
5579;84;1985;6;21;10031.0;10031.0;2531.0;7500.0;2;0;0;0;0;0;0;0;7.935695149221832;5;0;31;0;0;3;1586.845890227825;05;7;3;Depot;T314;66;Moderat (0° bis 19,99° C);Abend;Klar;Arkansas;Sommer;Kollision;Frogs, Switches and Track Appliances;Track, Roadbed and Structures;Depot/Rangieren, EinzelneWagen;8508.779370599712;Nicht Signifikant;False
5580;843786;2015;3;14;125430.0;125430.0;250.0;125180.0;3;0;0;0;0;0;0;0;2.958916643910756;57;0;52;0;0;0;9551.44386519861;05;6;2;Nebenstrecke;H301;45;Moderat (0° bis 19,99° C);Abend;Nebel;Illinois;Winter;Kollision;General Switching Rules;Human Factors;EinzelneWagen, Güterzug;118699.72556070787;Nicht Signifikant;False
5581;84575;1985;8;27;10000.0;10000.0;0.0;10000.0;3;0;0;0;0;0;0;0;19.879963561968417;25;1;0;0;0;0;1717.2564391184076;09;5;3;Hauptstrecke;H402;68;Warm (20° bis 31,99° C);Tag;Klar;Kalifornien;Sommer;Kollision;Main Track Authority;Human Factors;EinzelneWagen, Güterzug;8482.483671218932;Nicht Signifikant;False
5582;84920;1995;3;28;32618.0;32618.0;0.0;32618.0;4;0;0;0;0;0;0;0;2.5;19;0;14;0;0;0;2417.560874046144;04;6;1;Depot;H020;70;Warm (20° bis 31,99° C);Abend;Wolkig;Mississippi;Frühling;Kollision;Brakes, Use of;Human Factors;EinzelneWagen, Güterzug;27668.165238781912;Nicht Signifikant;False
5583;85005;1985;1;12;33140.0;33140.0;0.0;32090.0;1;0;0;0;0;0;0;0;5.0;48;13;28;0;0;5;5352.444429668975;04;7;1;Depot;H307;35;Moderat (0° bis 19,99° C);Abend;Regen;Texas;Winter;Kollision;General Switching Rules;Human Factors;Depot/Rangieren, EinzelneWagen;28110.95088641954;Nicht Signifikant;False
5584;850108;1985;1;13;38187.0;38187.0;11187.0;27000.0;3;2;0;0;0;0;0;0;3.0;30;1;14;0;0;1;2569.8899735913355;04;1;1;Depot;H401;10;Kalt (-30° - 0,01° C);Abend;Wolkig;Illinois;Winter;Kollision;Main Track Authority;Human Factors;Güterzug, Lokomotive;32392.060395283737;Nicht Signifikant;False
5585;850114;1985;1;26;29044.0;29044.0;1260.0;27784.0;2;0;0;0;0;0;0;0;5.0;43;6;3;0;0;0;4405.410027291772;04;6;1;Depot;H021;22;Kalt (-30° - 0,01° C);Abend;Klar;Iowa;Winter;Kollision;Brakes, Use of;Human Factors;EinzelneWagen, Güterzug;24636.52557468827;Nicht Signifikant;False
5586;85016;1985;1;26;10675.0;10675.0;250.0;10425.0;2;0;0;0;0;0;0;0;2.958916643910756;0;0;75;0;0;6;2292.760555151022;04;7;1;Depot;H022;23;Kalt (-30° - 0,01° C);Abend;Wolkig;Illinois;Winter;Kollision;Brakes, Use of;Human Factors;Depot/Rangieren, EinzelneWagen;9055.05131902621;Nicht Signifikant;False
5587;850214;1985;2;23;16350.0;16350.0;1900.0;14450.0;1;0;0;0;0;0;0;0;2.5;3;3;2;0;0;2;533.7322334246778;04;7;1;Depot;H020;40;Moderat (0° bis 19,99° C);Abend;Regen;Illinois;Winter;Kollision;Brakes, Use of;Human Factors;Depot/Rangieren, EinzelneWagen;13868.860802442954;Nicht Signifikant;False
5588;85026;1985;2;4;5200.0;5200.0;0.0;5200.0;2;0;0;0;0;0;0;0;0.9682052417863254;18;2;10;0;0;0;2461.095772814835;04;7;1;Industriestrecke;H306;18;Kalt (-30° - 0,01° C);Abend;Wolkig;Kansas;Winter;Kollision;General Switching Rules;Human Factors;Depot/Rangieren, EinzelneWagen;4410.891509033845;Nicht Signifikant;False
5589;850314;1985;3;16;571000.0;571000.0;39000.0;532000.0;3;0;0;0;0;0;0;0;37.79636618108829;56;8;86;0;0;24;8031.466334472603;01;6;1;Nebenstrecke;T220;36;Moderat (0° bis 19,99° C);Abend;Wolkig;Wisconsion;Winter;Entgleisung;Rail, Joint Bar and Rail Anchoring;Track, Roadbed and Structures;EinzelneWagen, Güterzug;484349.817626601;Signifikant;True
5590;850326;1985;3;29;6290.0;6290.0;1000.0;5290.0;0;0;0;0;0;0;0;0;5.944983747097401;80;2;24;0;0;0;9940.305836582696;04;5;1;Depot;H021;32;Moderat (0° bis 19,99° C);Tag;Wolkig;Minnesota;Frühling;Kollision;Brakes, Use of;Human Factors;EinzelneWagen, EinzelneWagen;5335.482229196708;Nicht Signifikant;False
5591;85034;1985;2;18;20300.0;20300.0;0.0;20300.0;2;0;0;0;0;0;0;0;3.9542723449729715;5;2;12;33;0;0;1280.8470778087749;04;6;1;Nebenstrecke;H702;64;Moderat (0° bis 19,99° C);Tag;Wolkig;Texas;Winter;Kollision;Switches, Use of;Human Factors;EinzelneWagen, Güterzug;17219.441852574433;Nicht Signifikant;False
5592;85036;1985;2;20;10000.0;10000.0;0.0;10000.0;2;0;0;0;0;0;0;0;1.9635609428485408;31;0;20;0;0;0;4205.188311809452;05;7;1;Depot;M205;15;Kalt (-30° - 0,01° C);Abend;Klar;Missouri;Winter;Kollision;Loading Procedures;Loading;Depot/Rangieren, EinzelneWagen;8482.483671218932;Nicht Signifikant;False
5593;850407;1985;4;12;14300.0;14300.0;100.0;14200.0;1;0;0;0;0;0;0;0;4.0;17;0;8;0;0;1;2248.707480487379;04;7;1;Depot;H020;55;Moderat (0° bis 19,99° C);Abend;Wolkig;Iowa;Frühling;Kollision;Brakes, Use of;Human Factors;Depot/Rangieren, EinzelneWagen;12129.951649843073;Nicht Signifikant;False
5594;850408;1985;4;12;7330.0;7330.0;1330.0;6000.0;3;0;0;0;0;0;0;0;3.0;51;1;102;0;0;0;8023.098119263726;04;7;1;Depot;H307;63;Moderat (0° bis 19,99° C);Abend;Klar;Illinois;Frühling;Kollision;General Switching Rules;Human Factors;Depot/Rangieren, Güterzug;6217.660531003477;Nicht Signifikant;False
5595;85042;1985;3;1;12350.0;12350.0;0.0;12000.0;2;1;0;0;0;0;0;0;0.0;0;0;0;0;0;0;69.7799471826711;05;7;1;Depot;H702;68;Warm (20° bis 31,99° C);Abend;Klar;Texas;Winter;Kollision;Switches, Use of;Human Factors;Depot/Rangieren, Depot/Rangieren;10475.867333955382;Nicht Signifikant;False
5596;85049;1985;3;3;27600.0;27600.0;100.0;27500.0;3;0;0;0;0;0;0;0;6.5;51;0;35;0;0;3;6483.492435198616;04;7;1;Depot;H702;42;Moderat (0° bis 19,99° C);Abend;Regen;Louisiana;Winter;Kollision;Switches, Use of;Human Factors;Depot/Rangieren, Güterzug;23411.654932564255;Nicht Signifikant;False
5597;85052;1985;3;6;13250.0;13250.0;900.0;12350.0;2;0;0;0;0;0;0;0;4.949628046035187;48;4;4;0;0;0;4571.034626204963;04;6;1;Depot;E64C;65;Moderat (0° bis 19,99° C);Tag;Klar;Texas;Winter;Kollision;Wheels;Mechanical and Electrical Failures;EinzelneWagen, Güterzug;11239.290864365086;Nicht Signifikant;False
5598;85054;1985;3;9;5100.0;5100.0;0.0;5100.0;1;0;0;0;0;0;0;0;1.9635609428485408;14;2;3;0;0;0;1792.941203220882;04;7;1;Depot;H018;37;Moderat (0° bis 19,99° C);Abend;Klar;Missouri;Winter;Kollision;Brakes, Use of;Human Factors;Depot/Rangieren, EinzelneWagen;4326.0666723216555;Nicht Signifikant;False
5599;85056;1985;3;13;10500.0;10500.0;0.0;10500.0;4;0;0;0;0;0;0;0;5.0;57;0;37;0;0;0;7155.715050312071;04;7;1;Depot;H702;48;Moderat (0° bis 19,99° C);Abend;Klar;Texas;Winter;Kollision;Switches, Use of;Human Factors;Depot/Rangieren, Güterzug;8906.607854779879;Nicht Signifikant;False
5600;85062;1985;3;17;24800.0;24800.0;0.0;24800.0;3;0;0;0;0;0;0;0;4.949628046035187;132;0;85;0;0;3;16697.5628336974;04;6;1;Depot;H020;65;Moderat (0° bis 19,99° C);Abend;Klar;Texas;Winter;Kollision;Brakes, Use of;Human Factors;EinzelneWagen, Güterzug;21036.559504622954;Nicht Signifikant;False
5601;85066;1985;3;25;41300.0;41300.0;1500.0;39800.0;3;1;0;0;0;0;0;0;1.9635609428485408;92;0;23;0;0;3;11341.953889706696;04;7;1;Depot;H020;48;Moderat (0° bis 19,99° C);Abend;Klar;Texas;Frühling;Kollision;Brakes, Use of;Human Factors;Depot/Rangieren, EinzelneWagen;35032.65756213419;Nicht Signifikant;False
5602;850713;1985;7;18;13975.0;13975.0;2350.0;11625.0;1;0;0;0;0;0;0;0;4.0;34;1;44;0;0;2;3799.3863253610243;04;6;1;Depot;H021;77;Warm (20° bis 31,99° C);Abend;Klar;Illinois;Sommer;Kollision;Brakes, Use of;Human Factors;EinzelneWagen, Güterzug;11854.270930528459;Nicht Signifikant;False
5603;85074;1985;4;13;33475.0;33475.0;225.0;33250.0;1;0;0;0;0;0;0;0;5.944983747097401;33;0;49;0;0;0;5509.114463835156;04;7;1;Hauptstrecke;H020;68;Warm (20° bis 31,99° C);Tag;Klar;Louisiana;Frühling;Kollision;Brakes, Use of;Human Factors;Depot/Rangieren, EinzelneWagen;28395.114089405375;Nicht Signifikant;False
5604;85078;1985;4;24;10262.0;10262.0;262.0;10000.0;4;2;0;0;0;0;0;0;6.940339448159618;2;0;23;0;0;0;984.8899735913355;04;7;1;Depot;M404;50;Moderat (0° bis 19,99° C);Abend;Wolkig;Kansas;Frühling;Kollision;Unusual Operational Situations;Miscellaneous Causes;Depot/Rangieren, Lokomotive;8704.724743404868;Nicht Signifikant;False
5605;85079;1985;4;25;39100.0;39100.0;0.0;39100.0;2;0;0;0;0;0;0;0;6.0;38;0;42;0;0;6;5545.979929072766;04;7;1;Depot;H307;68;Warm (20° bis 31,99° C);Abend;Wolkig;Louisiana;Frühling;Kollision;General Switching Rules;Human Factors;Depot/Rangieren, Depot/Rangieren;33166.511154466025;Nicht Signifikant;False
5606;850801;1985;8;3;27759.0;27759.0;949.0;26810.0;2;0;0;0;0;0;0;0;5.944983747097401;35;0;74;0;0;2;6236.399832115382;01;6;1;Hauptstrecke;T314;70;Warm (20° bis 31,99° C);Tag;Klar;Minnesota;Sommer;Entgleisung;Frogs, Switches and Track Appliances;Track, Roadbed and Structures;EinzelneWagen, Güterzug;23546.526422936633;Nicht Signifikant;False
5607;85081;1985;4;29;15000.0;15000.0;0.0;15000.0;4;0;0;0;0;0;0;0;7.0;102;4;34;0;0;0;12199.0;04;7;1;Depot;T314;81;Warm (20° bis 31,99° C);Tag;Klar;Louisiana;Frühling;Kollision;Frogs, Switches and Track Appliances;Track, Roadbed and Structures;Depot/Rangieren, Güterzug;12723.7255068284;Nicht Signifikant;False
5608;850820;1985;8;27;5583.0;5583.0;150.0;5433.0;1;0;0;0;0;0;0;0;4.5;0;0;17;0;0;2;590.328990008288;04;7;1;Depot;H020;78;Warm (20° bis 31,99° C);Tag;Klar;Iowa;Sommer;Kollision;Brakes, Use of;Human Factors;Depot/Rangieren, EinzelneWagen;4735.77063364153;Nicht Signifikant;False
5609;850821;1985;8;28;7500.0;7500.0;0.0;7500.0;2;0;0;0;0;0;0;0;1.9635609428485408;0;0;19;0;0;0;648.261741191451;09;7;1;Depot;H305;60;Moderat (0° bis 19,99° C);Abend;Klar;Illinois;Sommer;Kollision;General Switching Rules;Human Factors;Depot/Rangieren, EinzelneWagen;6361.8627534142;Nicht Signifikant;False
5610;850825;1985;8;29;11564.0;11564.0;0.0;11564.0;2;0;0;0;0;0;0;0;3.9542723449729715;30;0;25;0;0;0;4243.662938335136;04;7;1;Depot;H401;73;Warm (20° bis 31,99° C);Abend;Klar;Iowa;Sommer;Kollision;Main Track Authority;Human Factors;Depot/Rangieren, Depot/Rangieren;9809.144117397573;Nicht Signifikant;False
5611;85085;1985;6;3;37898.0;37898.0;0.0;12500.0;1;0;0;0;0;0;0;0;6.426406551346263;10;1;28;0;0;1;2080.942754000152;04;7;X;Hauptstrecke;E30C;60;Moderat (0° bis 19,99° C);Abend;Klar;Missouri;Frühling;Kollision;Coupler and Draft System;Mechanical and Electrical Failures;Depot/Rangieren, NaN;32146.91661718551;Nicht Signifikant;False
5612;85088;1985;6;19;28000.0;28000.0;0.0;28000.0;6;0;0;0;0;0;0;0;39.78707758321272;36;0;40;0;0;0;5302.0;03;1;4;Hauptstrecke;H699;60;Moderat (0° bis 19,99° C);Abend;Wolkig;Texas;Frühling;Kollision;Speed;Human Factors;Güterzug, Güterzug;23750.95427941301;Nicht Signifikant;False
5613;851003;1985;10;9;12225.0;12225.0;0.0;12225.0;1;0;0;0;0;0;0;0;4.0;3;2;0;0;0;0;450.27030276607366;04;7;1;Depot;H305;53;Moderat (0° bis 19,99° C);Abenddämmerung;Klar;Illinois;Herbst;Kollision;General Switching Rules;Human Factors;Depot/Rangieren, EinzelneWagen;10369.836288065146;Nicht Signifikant;False
5614;85105;1985;6;2;9500.0;9500.0;1200.0;8300.0;1;0;0;0;0;0;0;0;4.949628046035187;21;5;21;0;0;0;2170.256439118408;04;7;1;Depot;H312;72;Warm (20° bis 31,99° C);Abend;Klar;Texas;Frühling;Kollision;General Switching Rules;Human Factors;Depot/Rangieren, EinzelneWagen;8058.3594876579855;Nicht Signifikant;False
5615;85123;1985;7;3;16680.0;16680.0;5000.0;11680.0;2;0;0;0;0;0;0;0;2.958916643910756;67;3;0;0;0;0;6941.251341530213;04;7;1;Depot;T199;100;Heiß (>= 32° C);Tag;Klar;Kansas;Sommer;Kollision;Track Geometry;Track, Roadbed and Structures;Depot/Rangieren, EinzelneWagen;14148.782763593179;Nicht Signifikant;False
5616;85126;1985;7;6;35245.0;35245.0;0.0;35245.0;4;0;0;0;0;0;0;0;6.5;130;0;59;0;0;0;14730.0;04;7;2;Depot;H602;85;Warm (20° bis 31,99° C);Tag;Klar;Kansas;Sommer;Kollision;Speed;Human Factors;Depot/Rangieren, Güterzug;29896.51369921113;Nicht Signifikant;False
5617;85127;1985;8;1;41095.0;41095.0;1500.0;39595.0;2;0;0;0;0;0;0;0;5.944983747097401;29;5;21;0;0;0;4047.3712865612774;04;6;1;Depot;H020;78;Warm (20° bis 31,99° C);Abend;Klar;Louisiana;Sommer;Kollision;Brakes, Use of;Human Factors;EinzelneWagen, Güterzug;34858.7666468742;Nicht Signifikant;False
5618;85134;1985;8;18;90200.0;90200.0;1750.0;88450.0;3;0;0;0;0;0;0;0;7.935695149221832;35;3;28;0;0;2;4642.889973591336;01;5;1;Depot;T111;75;Warm (20° bis 31,99° C);Abend;Regen;Missouri;Sommer;Entgleisung;Track Geometry;Track, Roadbed and Structures;EinzelneWagen, Güterzug;76512.00271439477;Nicht Signifikant;False
5619;85135;1985;7;5;5850.0;5850.0;400.0;5450.0;0;0;0;0;0;0;0;0;1.9635609428485408;35;1;24;0;0;2;4804.572761007067;04;6;1;Depot;T306;65;Moderat (0° bis 19,99° C);Tag;Wolkig;Missouri;Sommer;Kollision;Frogs, Switches and Track Appliances;Track, Roadbed and Structures;EinzelneWagen, EinzelneWagen;4962.252947663075;Nicht Signifikant;False
5620;85137;1985;7;11;7300.0;7300.0;0.0;7300.0;0;0;0;0;0;0;0;0;1.9635609428485408;44;2;28;0;0;4;5972.744332850974;04;6;1;Depot;T306;95;Heiß (>= 32° C);Tag;Klar;Missouri;Sommer;Kollision;Frogs, Switches and Track Appliances;Track, Roadbed and Structures;EinzelneWagen, EinzelneWagen;6192.2130799898205;Nicht Signifikant;False
5621;85137;1985;8;4;10250.0;10250.0;250.0;10000.0;0;0;0;0;0;0;0;0;0.0;5;2;0;0;0;0;677.7851518245907;05;6;1;Depot;T305;84;Warm (20° bis 31,99° C);Abend;Klar;Texas;Sommer;Kollision;Frogs, Switches and Track Appliances;Track, Roadbed and Structures;EinzelneWagen, EinzelneWagen;8694.545762999405;Nicht Signifikant;False
5622;85138;1985;8;5;15000.0;15000.0;0.0;15000.0;1;0;0;0;0;0;0;0;24.856742067279495;13;1;0;0;0;0;1568.2355070608448;04;6;4;Hauptstrecke;H699;90;Heiß (>= 32° C);Abenddämmerung;Wolkig;Texas;Sommer;Kollision;Speed;Human Factors;EinzelneWagen, Lokomotive;12723.7255068284;Nicht Signifikant;False
5623;85139;1985;7;28;35500.0;35500.0;200.0;35300.0;3;0;0;0;0;0;0;0;3.9542723449729715;43;5;59;0;0;1;6857.212643997576;04;7;1;Depot;H503;75;Warm (20° bis 31,99° C);Abend;Klar;Missouri;Sommer;Kollision;Train Handling/Train Makeup;Human Factors;Depot/Rangieren, EinzelneWagen;30112.81703282721;Nicht Signifikant;False