index;INCDTNO;YEAR4;MONTH;DAY;ACCDMG;INFRASTRUCTURE_DMG;TRKDMG;EQPDMG;LOCOMOTIVES1;LOCOMOTIVES2;RREMPKLD;RREMPINJ;PASSKLD;PASSINJ;OTHERKLD;OTHERINJ;SPEED;LOADF1;LOADF2;EMPTYF1;EMPTYP1;LOADP1;EMPTYF2;TONS;TYPE;TYPEQ;TRKCLAS;TYPTRK;ACCAUSE;TEMP;TEMP_CLUSTER;VISIBLTY;WEATHER;STATE;Jahreszeit;ACCIDENT_TYPE;ACCCAUSE_LVL1;ACCCAUSE_LVL2;EQUIPMENT_TYPE;ACCDMG_EUR;ACCTYPE;SPD_TOO_HIGH
5624;85139;1985;8;7;34880.0;34880.0;0.0;34880.0;2;0;0;0;0;0;0;0;9.926406551346263;22;2;0;0;0;0;2413.736492471696;04;7;1;Depot;H018;83;Warm (20° bis 31,99° C);Abend;Klar;Texas;Sommer;Kollision;Brakes, Use of;Human Factors;Depot/Rangieren, EinzelneWagen;29586.903045211635;Nicht Signifikant;False
5625;851394;2015;5;27;115473.0;115473.0;25.0;115448.0;4;0;0;0;0;0;0;0;4.5;111;1;20;0;0;2;15097.0;04;1;1;Depot;H307;81;Warm (20° bis 31,99° C);Abend;Wolkig;Louisiana;Frühling;Kollision;General Switching Rules;Human Factors;Güterzug, Güterzug;106299.36481634907;Nicht Signifikant;False
5626;8514;1985;1;21;2436200.0;2436200.0;3201.0;2433000.0;6;2;0;3;0;96;0;0;27.5;0;0;0;0;0;0;69.7799471826711;02;2;3;Hauptstrecke;H404;13;Kalt (-30° - 0,01° C);Abend;Schnee;Indiana;Winter;Kollision;Main Track Authority;Human Factors;Personenzug, Personenzug;2066502.6719823563;Schwer;False
5627;85143;1985;8;29;60220.0;60220.0;75.0;60145.0;3;0;0;0;0;0;0;0;9.926406551346263;51;1;56;0;0;0;5754.528712706183;05;6;1;Depot;H020;88;Warm (20° bis 31,99° C);Abend;Klar;Texas;Sommer;Kollision;Brakes, Use of;Human Factors;EinzelneWagen, Güterzug;51081.51666808041;Nicht Signifikant;False
5628;85144;1985;7;24;6565.0;6565.0;200.0;6365.0;1;0;0;0;0;0;0;0;5.0;12;1;11;0;0;2;2293.2628286327194;04;7;1;Depot;H306;87;Warm (20° bis 31,99° C);Abend;Klar;Texas;Sommer;Kollision;General Switching Rules;Human Factors;Depot/Rangieren, EinzelneWagen;5568.750530155229;Nicht Signifikant;False
5629;85145;1985;7;25;77490.0;77490.0;21500.0;55990.0;3;0;0;0;0;0;0;0;39.78707758321272;42;1;49;0;0;16;7268.97610433776;04;6;1;Depot;E40C;80;Warm (20° bis 31,99° C);Abend;Klar;Texas;Sommer;Kollision;Truck Components;Mechanical and Electrical Failures;EinzelneWagen, Güterzug;65730.7659682755;Nicht Signifikant;True
5630;851525;2015;5;28;323669.0;323669.0;159641.0;164028.0;5;0;0;0;0;0;0;0;7.5;45;4;12;0;0;0;7696.771395230649;04;7;1;Depot;H706;76;Warm (20° bis 31,99° C);Tag;Klar;Mississippi;Frühling;Kollision;Switches, Use of;Human Factors;Depot/Rangieren, Güterzug;297053.046989721;Signifikant;False
5631;85154;1985;9;8;158800.0;158800.0;7000.0;151800.0;3;0;0;0;0;0;0;0;7.935695149221832;18;4;4;0;0;0;2996.6756144352894;01;6;1;Depot;H799;93;Heiß (>= 32° C);Tag;Klar;Illinois;Sommer;Entgleisung;Switches, Use of;Human Factors;EinzelneWagen, Güterzug;134701.84069895666;Nicht Signifikant;False
5632;85161;1985;9;19;15300.0;15300.0;800.0;14500.0;3;0;0;0;0;0;0;0;4.949628046035187;9;0;8;0;0;2;11400.0;04;7;1;Nebenstrecke;H306;72;Warm (20° bis 31,99° C);Abend;Klar;Louisiana;Sommer;Kollision;General Switching Rules;Human Factors;Depot/Rangieren, Depot/Rangieren;12978.200016964967;Nicht Signifikant;False
5633;85163;1985;9;20;13800.0;13800.0;0.0;13800.0;2;0;0;0;0;0;0;0;0.9682052417863254;7;0;63;0;0;2;3065.336383802324;04;7;1;Depot;H306;95;Heiß (>= 32° C);Abenddämmerung;Klar;Texas;Sommer;Kollision;General Switching Rules;Human Factors;Depot/Rangieren, EinzelneWagen;11705.827466282128;Nicht Signifikant;False
5634;85164;1985;9;21;8350.0;8350.0;1750.0;6600.0;2;0;0;0;0;0;0;0;4.949628046035187;9;0;5;9;0;0;1390.9388454096038;04;7;1;Depot;M503;75;Warm (20° bis 31,99° C);Tag;Klar;Missouri;Sommer;Kollision;Other Miscellaneous;Miscellaneous Causes;Depot/Rangieren, EinzelneWagen;7082.873865467808;Nicht Signifikant;False
5635;85180;1985;10;9;10300.0;10300.0;0.0;10300.0;2;0;0;0;0;0;0;0;2.5;0;0;2;0;0;2;133.63283684346172;04;7;1;Depot;H702;55;Moderat (0° bis 19,99° C);Abend;Wolkig;Kansas;Herbst;Kollision;Switches, Use of;Human Factors;Depot/Rangieren, Lokomotive;8736.9581813555;Nicht Signifikant;False
5636;85182;1985;10;10;14800.0;14800.0;300.0;14500.0;4;0;0;0;0;0;0;0;3.0;19;2;6;0;0;0;8810.927339573216;04;7;1;Depot;H306;69;Warm (20° bis 31,99° C);Abend;Klar;Louisiana;Herbst;Kollision;General Switching Rules;Human Factors;Depot/Rangieren, Güterzug;12554.07583340402;Nicht Signifikant;False
5637;85194;1985;11;23;19100.0;19100.0;100.0;19000.0;2;0;0;0;0;0;0;0;4.949628046035187;54;2;1;0;0;0;5065.336383802324;01;7;1;Depot;T314;68;Warm (20° bis 31,99° C);Abend;Wolkig;Louisiana;Herbst;Entgleisung;Frogs, Switches and Track Appliances;Track, Roadbed and Structures;Depot/Rangieren, EinzelneWagen;16201.543812028161;Nicht Signifikant;False
5638;85197;1985;10;14;5500.0;5500.0;300.0;5200.0;0;0;0;0;0;0;0;0;1.9635609428485408;11;1;4;0;0;0;1462.5062988462814;04;6;1;Depot;T306;60;Moderat (0° bis 19,99° C);Tag;Klar;Missouri;Herbst;Kollision;Frogs, Switches and Track Appliances;Track, Roadbed and Structures;EinzelneWagen, EinzelneWagen;4665.366019170413;Nicht Signifikant;False
5639;85198;1985;11;2;24900.0;24900.0;500.0;24400.0;2;1;0;0;0;0;0;0;4.0;24;1;29;0;0;2;3705.4731422401655;04;7;1;Depot;H209;60;Moderat (0° bis 19,99° C);Tag;Klar;Missouri;Herbst;Kollision;Flagging, Fixed, Hand and Radio Signals;Human Factors;Depot/Rangieren, Depot/Rangieren;21121.384341335142;Nicht Signifikant;False
5640;85199;1985;11;7;28000.0;28000.0;0.0;28000.0;1;0;0;0;0;0;0;0;2.958916643910756;15;3;3;0;0;0;1926.307668747954;04;7;1;Depot;T306;50;Moderat (0° bis 19,99° C);Abend;Wolkig;Missouri;Herbst;Kollision;Frogs, Switches and Track Appliances;Track, Roadbed and Structures;Depot/Rangieren, EinzelneWagen;23750.95427941301;Nicht Signifikant;False
5641;85202;1985;11;25;21600.0;21600.0;2500.0;19100.0;7;2;0;0;0;0;0;0;17.852336213125312;23;2;86;0;0;1;4880.0;01;1;2;Nebenstrecke;H018;71;Warm (20° bis 31,99° C);Tag;Wolkig;Texas;Herbst;Entgleisung;Brakes, Use of;Human Factors;Güterzug, Güterzug, Güterzug;18322.164729832893;Nicht Signifikant;False
5642;85212;1985;11;6;9000.0;9000.0;0.0;9000.0;4;1;0;0;0;0;0;0;4.5;27;1;0;0;0;0;3160.8394504704634;04;7;1;Depot;H401;38;Moderat (0° bis 19,99° C);Abend;Klar;Kansas;Herbst;Kollision;Main Track Authority;Human Factors;Depot/Rangieren, Depot/Rangieren;7634.235304097039;Nicht Signifikant;False
5643;85213;1985;11;8;6200.0;6200.0;200.0;6000.0;2;0;0;0;0;0;0;0;5.5;28;0;48;0;0;1;4717.89555874876;04;7;1;Depot;S012;55;Moderat (0° bis 19,99° C);Tag;Klar;Kansas;Herbst;Kollision;SIGNAL AND COMMUNICATION;Signal and Communication;Depot/Rangieren, Depot/Rangieren;5259.139876155738;Nicht Signifikant;False
5644;85214;1985;12;20;6850.0;6850.0;600.0;6250.0;1;0;0;0;0;0;0;0;2.958916643910756;3;3;18;0;0;3;1022.3548314198995;04;7;1;Depot;H702;10;Kalt (-30° - 0,01° C);Abend;Wolkig;Kansas;Herbst;Kollision;Switches, Use of;Human Factors;Depot/Rangieren, EinzelneWagen;5810.501314784969;Nicht Signifikant;False
5645;85215;1985;12;24;18750.0;18750.0;100.0;18650.0;3;0;0;0;0;0;0;0;2.958916643910756;46;0;10;0;0;2;4940.082093885091;04;6;1;Depot;H302;50;Moderat (0° bis 19,99° C);Abend;Nebel;Louisiana;Winter;Kollision;General Switching Rules;Human Factors;EinzelneWagen, Güterzug;15904.6568835355;Nicht Signifikant;False
5646;85216;1985;12;26;10000.0;10000.0;0.0;10000.0;1;0;0;0;0;0;0;0;2.958916643910756;4;1;2;0;0;0;3768.256439118408;04;7;1;Depot;H306;40;Moderat (0° bis 19,99° C);Tag;Klar;Louisiana;Winter;Kollision;General Switching Rules;Human Factors;Depot/Rangieren, EinzelneWagen;8482.483671218932;Nicht Signifikant;False
5647;85217;1985;11;16;8700.0;8700.0;200.0;8500.0;1;0;0;0;0;0;0;0;2.958916643910756;46;0;33;0;0;1;6308.8330471105855;04;7;1;Depot;T306;40;Moderat (0° bis 19,99° C);Abend;Wolkig;Missouri;Herbst;Kollision;Frogs, Switches and Track Appliances;Track, Roadbed and Structures;Depot/Rangieren, EinzelneWagen;7379.760793960471;Nicht Signifikant;False
5648;85219;1985;12;24;6900.0;6900.0;100.0;6800.0;1;0;0;0;0;0;0;0;2.958916643910756;55;0;29;0;0;1;7210.864227029959;04;7;1;Depot;T306;15;Kalt (-30° - 0,01° C);Abend;Klar;Missouri;Winter;Kollision;Frogs, Switches and Track Appliances;Track, Roadbed and Structures;Depot/Rangieren, EinzelneWagen;5852.913733141064;Nicht Signifikant;False
5649;854;1985;5;29;8349.0;8349.0;3530.0;4819.0;1;0;0;0;0;0;0;0;4.949628046035187;2;1;88;0;0;5;3003.588108903017;04;6;1;Depot;H021;45;Moderat (0° bis 19,99° C);Abend;Regen;Minnesota;Frühling;Kollision;Brakes, Use of;Human Factors;EinzelneWagen, Güterzug;7082.025617100687;Nicht Signifikant;False
5650;860109;1986;1;15;6500.0;6500.0;0.0;6500.0;6;1;0;0;0;0;0;0;1.9635609428485408;35;1;13;0;0;0;4466.70217944738;04;7;1;Depot;H307;32;Moderat (0° bis 19,99° C);Abenddämmerung;Klar;Wisconsion;Winter;Kollision;General Switching Rules;Human Factors;Depot/Rangieren, Depot/Rangieren;5513.614386292306;Nicht Signifikant;False
5651;86012101;1986;1;21;50000.0;50000.0;0.0;50000.0;5;0;0;0;0;0;0;0;50.0;0;0;38;0;0;0;1174.8899735913355;03;1;1;Hauptstrecke;H017;37;Moderat (0° bis 19,99° C);Tag;Wolkig;Kansas;Winter;Kollision;Brakes, Use of;Human Factors;Güterzug, Lokomotive;42412.41835609466;Nicht Signifikant;True
5652;860201;1986;2;2;11950.0;11950.0;1200.0;10750.0;3;1;0;0;0;0;0;0;5.0;71;0;34;0;0;1;8027.885945743572;04;7;1;Depot;H702;39;Moderat (0° bis 19,99° C);Tag;Wolkig;Iowa;Winter;Kollision;Switches, Use of;Human Factors;Depot/Rangieren, Güterzug;10136.567987106624;Nicht Signifikant;False
5653;860210;1986;2;26;6050.0;6050.0;0.0;6050.0;2;0;0;0;0;0;0;0;2.958916643910756;26;3;30;0;0;0;3999.692414266485;04;7;1;Depot;H018;25;Kalt (-30° - 0,01° C);Tag;Wolkig;Illinois;Winter;Kollision;Brakes, Use of;Human Factors;Depot/Rangieren, Lokomotive;5131.9026210874545;Nicht Signifikant;False
5654;860311;1986;3;18;7300.0;7300.0;6000.0;1300.0;8;1;0;0;0;0;0;0;4.949628046035187;79;3;6;0;0;6;10320.0;03;1;1;Depot;H305;35;Moderat (0° bis 19,99° C);Abend;Regen;Iowa;Winter;Kollision;General Switching Rules;Human Factors;Güterzug, Güterzug;6192.2130799898205;Nicht Signifikant;False
5655;860315;1986;3;20;5600.0;5600.0;50.0;5550.0;2;0;0;0;0;0;0;0;2.958916643910756;0;0;108;0;0;4;3363.9123884470478;05;7;1;Depot;H306;20;Kalt (-30° - 0,01° C);Tag;Klar;Wisconsion;Winter;Kollision;General Switching Rules;Human Factors;Depot/Rangieren, EinzelneWagen;4750.190855882603;Nicht Signifikant;False
5656;860317;1986;3;23;47181.0;47181.0;4100.0;43081.0;1;0;0;0;0;0;0;0;4.5;37;2;9;0;0;3;3559.6229046454796;04;7;1;Depot;H308;47;Moderat (0° bis 19,99° C);Abend;Klar;Illinois;Frühling;Kollision;General Switching Rules;Human Factors;Depot/Rangieren, EinzelneWagen;40021.206209178046;Nicht Signifikant;False
5657;860402;1986;4;4;16320.0;16320.0;1320.0;15000.0;5;2;0;0;0;0;0;0;2.958916643910756;16;1;0;0;0;0;990.0;04;7;1;Depot;H307;40;Moderat (0° bis 19,99° C);Abend;Wolkig;Illinois;Frühling;Kollision;General Switching Rules;Human Factors;Depot/Rangieren, Güterzug;13843.413351429297;Nicht Signifikant;False
5658;860402D;1986;4;8;12514.0;12514.0;1025.0;11489.0;1;0;0;0;0;0;0;0;4.0;10;2;3;0;0;1;1339.3915397232552;04;7;1;Depot;H020;46;Moderat (0° bis 19,99° C);Abend;Klar;Pennsylvania;Frühling;Kollision;Brakes, Use of;Human Factors;Depot/Rangieren, EinzelneWagen;10614.980066163373;Nicht Signifikant;False
5659;860404;1986;4;12;5800.0;5800.0;4500.0;1300.0;2;1;0;0;0;0;0;0;3.0;24;0;23;0;0;1;3604.8899735913355;04;7;1;Depot;H018;44;Moderat (0° bis 19,99° C);Tag;Wolkig;Iowa;Frühling;Kollision;Brakes, Use of;Human Factors;Depot/Rangieren, Lokomotive;4919.840529306981;Nicht Signifikant;False
5660;860412;1986;4;18;13320.0;13320.0;1500.0;11820.0;1;1;0;0;0;0;0;0;3.5;11;2;19;0;0;0;1927.0990129735019;01;7;1;Depot;H021;48;Moderat (0° bis 19,99° C);Tag;Wolkig;Iowa;Frühling;Entgleisung;Brakes, Use of;Human Factors;Depot/Rangieren, EinzelneWagen;11298.668250063618;Nicht Signifikant;False
5661;860501;1986;5;1;7140.0;7140.0;200.0;6940.0;3;0;0;0;0;0;0;0;5.944983747097401;0;0;1;0;0;1;101.7063920130664;05;5;1;Depot;H307;56;Moderat (0° bis 19,99° C);Tag;Wolkig;Illinois;Frühling;Kollision;General Switching Rules;Human Factors;EinzelneWagen, Lokomotive;6056.493341250318;Nicht Signifikant;False
5662;860522;1986;5;31;7619.0;7619.0;750.0;6869.0;1;0;0;0;0;0;0;0;3.0;0;0;96;0;0;5;3000.0355005345937;04;7;1;Depot;H020;75;Warm (20° bis 31,99° C);Tag;Klar;Iowa;Frühling;Kollision;Brakes, Use of;Human Factors;Depot/Rangieren, EinzelneWagen;6462.804309101704;Nicht Signifikant;False
5663;860523;1986;5;7;5637.0;5637.0;2300.0;3337.0;1;1;0;0;0;0;0;0;2.0;15;1;11;0;0;0;2130.6608684402345;04;7;1;Depot;H020;65;Moderat (0° bis 19,99° C);Abend;Wolkig;Illinois;Frühling;Kollision;Brakes, Use of;Human Factors;Depot/Rangieren, EinzelneWagen;4781.576045466112;Nicht Signifikant;False
5664;860601;1986;6;5;7600.0;7600.0;0.0;7600.0;0;0;0;0;0;0;0;0;5.5;0;0;2;0;0;0;130.67276760464793;03;5;4;Hauptstrecke;H402;80;Warm (20° bis 31,99° C);Tag;Wolkig;Iowa;Frühling;Kollision;Main Track Authority;Human Factors;EinzelneWagen, EinzelneWagen;6446.687590126388;Nicht Signifikant;False
5665;860613;1986;6;27;13900.0;13900.0;100.0;13800.0;2;0;0;0;0;0;0;0;2.958916643910756;34;1;17;0;0;0;4474.730395762076;04;7;1;Depot;H306;85;Warm (20° bis 31,99° C);Abend;Wolkig;Minnesota;Sommer;Kollision;General Switching Rules;Human Factors;Depot/Rangieren, EinzelneWagen;11790.652302994316;Nicht Signifikant;False
5666;860717;1986;7;25;12425.0;12425.0;450.0;11975.0;4;0;0;0;0;0;0;0;10.0;0;0;2;0;0;0;130.67276760464793;04;6;1;Depot;H999;70;Warm (20° bis 31,99° C);Abend;Regen;Iowa;Sommer;Kollision;Miscellaneous;Human Factors;EinzelneWagen, Lokomotive;10539.485961489523;Nicht Signifikant;False
5667;860718;1986;7;28;10224.0;10224.0;1100.0;9124.0;5;0;0;0;0;0;0;0;2.958916643910756;59;0;13;0;0;1;4511.019859833952;04;7;1;Depot;H209;76;Warm (20° bis 31,99° C);Abend;Wolkig;Illinois;Sommer;Kollision;Flagging, Fixed, Hand and Radio Signals;Human Factors;Depot/Rangieren, Güterzug;8672.491305454236;Nicht Signifikant;False
5668;860805;1986;8;9;10590.0;10590.0;1500.0;9090.0;2;0;0;0;0;0;0;0;3.0;3;0;37;0;0;4;1543.4895370546456;04;7;1;Depot;H307;65;Moderat (0° bis 19,99° C);Tag;Wolkig;Wisconsion;Sommer;Kollision;General Switching Rules;Human Factors;Depot/Rangieren, EinzelneWagen;8982.95020782085;Nicht Signifikant;False
5669;860808;1986;8;15;6200.0;6200.0;0.0;6200.0;0;0;0;0;0;0;0;0;1.9635609428485408;0;0;2;0;0;0;130.67276760464793;03;5;1;Depot;H699;68;Warm (20° bis 31,99° C);Tag;Regen;Illinois;Sommer;Kollision;Speed;Human Factors;EinzelneWagen, EinzelneWagen;5259.139876155738;Nicht Signifikant;False
5670;86082501;1986;8;25;1355000.0;1355000.0;25000.0;1330000.0;2;2;2;0;0;0;0;0;32.5;49;30;8;0;0;7;6687.056816410057;02;6;2;Hauptstrecke;H999;65;Moderat (0° bis 19,99° C);Abend;Wolkig;Colorado;Sommer;Kollision;Miscellaneous;Human Factors;EinzelneWagen, Güterzug;1149376.5374501653;Schwer;True
5671;860911;1986;9;14;11720.0;11720.0;350.0;11370.0;3;0;0;0;0;0;0;0;3.5;23;0;47;0;0;1;4610.0;04;7;1;Depot;H999;68;Warm (20° bis 31,99° C);Tag;Klar;Illinois;Sommer;Kollision;Miscellaneous;Human Factors;Depot/Rangieren, Depot/Rangieren;9941.47086266859;Nicht Signifikant;False
5672;860922;1986;9;30;11936.0;11936.0;150.0;11786.0;2;1;0;0;0;0;0;0;3.0;2;0;7;0;0;2;490.0820938850914;04;7;1;Depot;M501;60;Moderat (0° bis 19,99° C);Tag;Klar;Minnesota;Herbst;Kollision;Other Miscellaneous;Miscellaneous Causes;Depot/Rangieren, EinzelneWagen;10124.692509966917;Nicht Signifikant;False
5673;861001;1986;10;2;10520.0;10520.0;0.0;10520.0;2;0;0;0;0;0;0;0;0.9682052417863254;39;0;5;0;0;0;4552.642407586123;04;7;1;Depot;H021;58;Moderat (0° bis 19,99° C);Tag;Wolkig;Iowa;Herbst;Kollision;Brakes, Use of;Human Factors;Depot/Rangieren, Depot/Rangieren;8923.572822122316;Nicht Signifikant;False
5674;861015;1986;10;10;5750.0;5750.0;1000.0;4750.0;2;0;0;0;0;0;0;0;5.0;37;2;17;0;0;0;4835.6117103476645;04;7;1;Depot;H601;5;Kalt (-30° - 0,01° C);Abend;Klar;Illinois;Herbst;Kollision;Speed;Human Factors;Depot/Rangieren, Depot/Rangieren;4877.428110950887;Nicht Signifikant;False
5675;861024;1986;10;22;13500.0;13500.0;0.0;13500.0;0;0;0;0;0;0;0;0;5.0;0;0;2;0;0;0;130.67276760464793;02;5;3;Hauptstrecke;H402;55;Moderat (0° bis 19,99° C);Tag;Nebel;Wisconsion;Herbst;Kollision;Main Track Authority;Human Factors;EinzelneWagen, EinzelneWagen;11451.352956145558;Nicht Signifikant;False
5676;861103;1986;11;6;27450.0;27450.0;10000.0;17450.0;4;0;0;0;0;0;0;0;5.0;2;0;5;0;0;3;405.8164184217309;03;5;1;Depot;H306;32;Moderat (0° bis 19,99° C);Abend;Klar;Wisconsion;Herbst;Kollision;General Switching Rules;Human Factors;EinzelneWagen, Güterzug;23284.41767749597;Nicht Signifikant;False
5677;861111;1986;11;29;22092.0;22092.0;3000.0;19092.0;5;1;0;0;0;0;0;0;4.0;81;3;9;0;0;0;9440.0;04;7;1;Depot;H401;30;Kalt (-30° - 0,01° C);Tag;Klar;Minnesota;Herbst;Kollision;Main Track Authority;Human Factors;Depot/Rangieren, Güterzug;18739.502926456866;Nicht Signifikant;False
5678;861208;1986;12;12;10506.0;10506.0;50.0;10456.0;4;1;0;0;0;0;0;0;1.0;14;1;9;0;0;0;1537.8899735913355;04;7;1;Depot;H307;1;Kalt (-30° - 0,01° C);Abend;Wolkig;Minnesota;Herbst;Kollision;General Switching Rules;Human Factors;Depot/Rangieren, Depot/Rangieren;8911.697344982611;Nicht Signifikant;False
5679;861210;1986;12;13;66874.0;66874.0;600.0;66274.0;2;0;0;0;0;0;0;0;5.944983747097401;0;0;119;0;0;1;4012.925357389127;04;7;1;Industriestrecke;H702;4;Kalt (-30° - 0,01° C);Tag;Wolkig;Iowa;Herbst;Kollision;Switches, Use of;Human Factors;Depot/Rangieren, EinzelneWagen;56725.76130290949;Nicht Signifikant;False
5680;861211;1986;12;15;16000.0;16000.0;0.0;16000.0;1;0;0;0;0;0;0;0;0.9682052417863254;0;0;113;0;0;3;3453.7418350674775;04;7;1;Depot;H999;32;Moderat (0° bis 19,99° C);Tag;Klar;Iowa;Herbst;Kollision;Miscellaneous;Human Factors;Depot/Rangieren, EinzelneWagen;13571.973873950292;Nicht Signifikant;False
5681;861214;1986;12;20;37655.0;37655.0;1200.0;36455.0;4;0;0;0;0;0;0;0;3.0;23;0;80;0;0;4;5127.833666712317;04;7;1;Depot;H702;30;Kalt (-30° - 0,01° C);Abend;Klar;Illinois;Herbst;Kollision;Switches, Use of;Human Factors;Depot/Rangieren, Depot/Rangieren;31940.79226397489;Nicht Signifikant;False
5682;861218;1986;12;23;5321.0;5321.0;0.0;5321.0;0;0;0;0;0;0;0;0;2.958916643910756;1;1;11;0;0;2;541.0169942694296;04;5;1;Industriestrecke;M504;32;Moderat (0° bis 19,99° C);Tag;Wolkig;Minnesota;Winter;Kollision;Other Miscellaneous;Miscellaneous Causes;EinzelneWagen, EinzelneWagen;4513.529561455594;Nicht Signifikant;False
5683;861220;1986;12;31;6310.0;6310.0;400.0;5910.0;1;0;0;0;0;0;0;0;1.9635609428485408;20;1;2;0;0;2;2428.3903684264446;05;7;1;Depot;H306;33;Moderat (0° bis 19,99° C);Abend;Wolkig;Wisconsion;Winter;Kollision;General Switching Rules;Human Factors;Depot/Rangieren, EinzelneWagen;5352.447196539147;Nicht Signifikant;False
5684;870115;1987;1;31;10800.0;10800.0;0.0;10800.0;4;0;0;0;0;0;0;0;5.0;74;0;58;0;0;0;9245.0;04;7;1;Depot;H307;25;Kalt (-30° - 0,01° C);Abend;Klar;Iowa;Winter;Kollision;General Switching Rules;Human Factors;Depot/Rangieren, Depot/Rangieren;9161.082364916447;Nicht Signifikant;False
5685;870204;1987;2;17;19641.0;19641.0;6370.0;13271.0;2;0;0;0;0;0;0;0;2.0;11;1;11;0;0;0;1269.647398120594;01;7;1;Depot;H021;28;Kalt (-30° - 0,01° C);Tag;Wolkig;Iowa;Winter;Entgleisung;Brakes, Use of;Human Factors;Depot/Rangieren, EinzelneWagen;16660.446178641105;Nicht Signifikant;False
5686;870308;1987;3;21;105205.0;105205.0;4700.0;100505.0;2;1;0;0;0;0;0;0;7.935695149221832;110;3;41;0;0;3;15228.632896100082;04;7;2;Industriestrecke;M501;31;Kalt (-30° - 0,01° C);Abend;Klar;Wisconsion;Frühling;Kollision;Other Miscellaneous;Miscellaneous Causes;Depot/Rangieren, Güterzug;89239.96946305878;Nicht Signifikant;False
5687;870313;1987;3;28;9390.0;9390.0;200.0;9190.0;1;0;0;0;0;0;0;0;3.0;18;9;13;0;0;4;2695.6184289101225;04;7;1;Depot;H020;38;Moderat (0° bis 19,99° C);Abend;Wolkig;Illinois;Frühling;Kollision;Brakes, Use of;Human Factors;Depot/Rangieren, EinzelneWagen;7965.052167274577;Nicht Signifikant;False
5688;870407;1987;4;10;6185.0;6185.0;1090.0;5095.0;4;0;0;0;0;0;0;0;3.0;9;0;33;0;0;2;1925.0;04;7;1;Depot;H020;65;Moderat (0° bis 19,99° C);Abend;Klar;Illinois;Frühling;Kollision;Brakes, Use of;Human Factors;Depot/Rangieren, Depot/Rangieren;5246.41615064891;Nicht Signifikant;False
5689;870505;1987;5;13;792549.0;792549.0;35000.0;757549.0;6;3;0;4;0;0;0;0;40.0;79;10;147;0;0;11;14088.0;02;1;2;Hauptstrecke;H205;50;Moderat (0° bis 19,99° C);Abend;Klar;Iowa;Frühling;Kollision;Flagging, Fixed, Hand and Radio Signals;Human Factors;Güterzug, Güterzug;672278.3951140894;Signifikant;True
5690;870506;1987;5;12;27011.0;27011.0;1200.0;25811.0;2;0;0;0;0;0;0;0;5.944983747097401;61;0;91;0;0;4;15347.506567052053;04;6;1;Depot;H307;60;Moderat (0° bis 19,99° C);Tag;Klar;Iowa;Frühling;Kollision;General Switching Rules;Human Factors;EinzelneWagen, Güterzug;22912.03664432946;Nicht Signifikant;False
5691;870603;1987;6;3;54130.0;54130.0;4680.0;49450.0;6;0;0;0;0;0;0;0;3.0;62;2;67;0;0;3;9152.0;04;7;1;Depot;H307;70;Warm (20° bis 31,99° C);Tag;Klar;Illinois;Frühling;Kollision;General Switching Rules;Human Factors;Depot/Rangieren, Güterzug;45915.68411230808;Nicht Signifikant;False
5692;870608;1987;6;14;25000.0;25000.0;0.0;25000.0;6;1;0;0;0;0;0;0;4.949628046035187;0;0;0;0;0;0;69.7799471826711;03;8;1;Depot;H212;86;Warm (20° bis 31,99° C);Tag;Klar;Iowa;Frühling;Kollision;Flagging, Fixed, Hand and Radio Signals;Human Factors;Lokomotive, Lokomotive;21206.20917804733;Nicht Signifikant;False
5693;870610;1987;6;15;12113.0;12113.0;400.0;11713.0;1;0;0;0;0;0;0;0;3.9542723449729715;36;3;44;0;0;1;4323.52690655275;04;7;1;Depot;H307;65;Moderat (0° bis 19,99° C);Abend;Klar;Wisconsion;Frühling;Kollision;General Switching Rules;Human Factors;Depot/Rangieren, EinzelneWagen;10274.832470947493;Nicht Signifikant;False
5694;870654;2015;11;7;142268.0;142268.0;10484.0;131784.0;3;0;0;0;0;0;0;0;2.0;64;1;46;0;0;5;9698.0;01;7;1;Depot;T202;42;Moderat (0° bis 19,99° C);Abend;Klar;Tennessee;Herbst;Entgleisung;Rail, Joint Bar and Rail Anchoring;Track, Roadbed and Structures;Depot/Rangieren, Güterzug;131308.1466896382;Nicht Signifikant;False
5695;870705D;1987;7;1;50000.0;50000.0;2500.0;47500.0;8;0;0;0;0;0;0;0;6.940339448159618;77;4;61;0;0;1;8270.0;01;1;1;Hauptstrecke;T109;95;Heiß (>= 32° C);Tag;Klar;Mississippi;Sommer;Entgleisung;Track Geometry;Track, Roadbed and Structures;Güterzug, Güterzug;42412.41835609466;Nicht Signifikant;False
5696;870706D;1987;7;20;25750.0;25750.0;250.0;25500.0;0;0;0;0;0;0;0;0;3.9542723449729715;6;0;23;0;0;2;1455.5519984497691;04;6;1;Depot;H018;86;Warm (20° bis 31,99° C);Abend;Klar;Mississippi;Sommer;Kollision;Brakes, Use of;Human Factors;EinzelneWagen, EinzelneWagen;21842.39545338875;Nicht Signifikant;False
5697;870708;1987;7;13;50537.0;50537.0;7740.0;42797.0;2;0;0;0;0;0;0;0;7.914260198962443;94;12;61;0;0;2;12172.57962864028;01;6;1;Depot;H505;75;Warm (20° bis 31,99° C);Tag;Klar;Wisconsion;Sommer;Entgleisung;Train Handling/Train Makeup;Human Factors;EinzelneWagen, EinzelneWagen, Güterzug;42867.92772923912;Nicht Signifikant;False