index;INCDTNO;YEAR4;MONTH;DAY;ACCDMG;INFRASTRUCTURE_DMG;TRKDMG;EQPDMG;LOCOMOTIVES1;LOCOMOTIVES2;RREMPKLD;RREMPINJ;PASSKLD;PASSINJ;OTHERKLD;OTHERINJ;SPEED;LOADF1;LOADF2;EMPTYF1;EMPTYP1;LOADP1;EMPTYF2;TONS;TYPE;TYPEQ;TRKCLAS;TYPTRK;ACCAUSE;TEMP;TEMP_CLUSTER;VISIBLTY;WEATHER;STATE;Jahreszeit;ACCIDENT_TYPE;ACCCAUSE_LVL1;ACCCAUSE_LVL2;EQUIPMENT_TYPE;ACCDMG_EUR;ACCTYPE;SPD_TOO_HIGH
5698;870718;1987;7;31;6413.0;6413.0;450.0;5963.0;4;0;0;0;0;0;0;0;0.9682052417863254;23;0;23;0;0;3;3007.0;04;7;1;Depot;H301;80;Warm (20° bis 31,99° C);Abend;Klar;Minnesota;Sommer;Kollision;General Switching Rules;Human Factors;Depot/Rangieren, Depot/Rangieren;5439.8167783527015;Nicht Signifikant;False
5699;871004;1987;10;4;11900.0;11900.0;0.0;11900.0;5;2;0;0;0;0;0;0;2.5;14;0;2;0;0;0;1833.8899735913355;05;7;1;Depot;H212;47;Moderat (0° bis 19,99° C);Abend;Klar;Minnesota;Herbst;Kollision;Flagging, Fixed, Hand and Radio Signals;Human Factors;Depot/Rangieren, Lokomotive;10094.15556875053;Nicht Signifikant;False
5700;871008;1987;10;12;158160.0;158160.0;0.0;158160.0;4;0;0;0;0;0;0;0;16.0;33;0;94;0;1;0;61195.18953387067;04;7;1;Depot;H401;32;Moderat (0° bis 19,99° C);Abend;Klar;Iowa;Herbst;Kollision;Main Track Authority;Human Factors;Depot/Rangieren, Güterzug;134158.96174399863;Nicht Signifikant;True
5701;871106;1987;11;4;32100.0;32100.0;16100.0;16000.0;3;0;0;0;0;0;0;0;3.5;82;5;47;0;0;2;8165.0;04;7;1;Depot;H401;40;Moderat (0° bis 19,99° C);Abend;Klar;Wisconsion;Herbst;Kollision;Main Track Authority;Human Factors;Depot/Rangieren, Güterzug;27228.772584612772;Nicht Signifikant;False
5702;871115;1987;11;24;19058.0;19058.0;300.0;18758.0;2;0;0;0;0;0;0;0;4.949628046035187;52;0;10;0;0;1;3851.295097026405;04;7;1;Depot;H020;40;Moderat (0° bis 19,99° C);Abend;Regen;Illinois;Herbst;Kollision;Brakes, Use of;Human Factors;Depot/Rangieren, EinzelneWagen;16165.917380609042;Nicht Signifikant;False
5703;871202;1987;12;2;13974.0;13974.0;0.0;13974.0;2;0;0;0;0;0;0;0;3.9542723449729715;7;2;14;0;0;1;1119.2564391184076;04;7;1;Depot;H018;25;Kalt (-30° - 0,01° C);Abend;Wolkig;Minnesota;Herbst;Kollision;Brakes, Use of;Human Factors;Depot/Rangieren, EinzelneWagen;11853.422682161336;Nicht Signifikant;False
5704;871400;2015;11;15;25954.0;25954.0;3058.0;22896.0;4;0;0;0;0;0;0;0;14.903185056657339;98;1;43;0;0;0;13846.0;04;7;1;Depot;H318;54;Moderat (0° bis 19,99° C);Tag;Klar;Wisconsion;Herbst;Kollision;General Switching Rules;Human Factors;Depot/Rangieren, Güterzug;24173.238124805957;Nicht Signifikant;True
5705;8746A;1987;4;1;87714.0;87714.0;714.0;87000.0;5;0;1;0;0;2;0;0;9.926406551346263;0;0;30;0;0;1;984.6522881317305;02;6;1;Nebenstrecke;S009;50;Moderat (0° bis 19,99° C);Tag;Regen;Illinois;Frühling;Kollision;SIGNAL AND COMMUNICATION;Signal and Communication;EinzelneWagen, Personenzug;74403.25727372975;Schwer;False
5706;880105;1988;1;10;34099.0;34099.0;0.0;34099.0;5;1;0;0;0;0;0;0;3.0;22;0;24;0;0;0;2584.0;04;7;1;Depot;H702;20;Kalt (-30° - 0,01° C);Tag;Klar;Iowa;Winter;Kollision;Switches, Use of;Human Factors;Depot/Rangieren, Güterzug;28924.42107048944;Nicht Signifikant;False
5707;880110;1988;1;30;16028.0;16028.0;700.0;15328.0;2;0;0;0;0;0;0;0;4.0;27;4;1;0;0;1;1982.0;04;7;1;Depot;H307;40;Moderat (0° bis 19,99° C);Abend;Wolkig;Illinois;Winter;Kollision;General Switching Rules;Human Factors;Depot/Rangieren, Depot/Rangieren;13595.724828229704;Nicht Signifikant;False
5708;880208;1988;2;24;26926.0;26926.0;175.0;26751.0;2;0;0;0;0;0;0;0;0.9682052417863254;16;0;23;0;0;2;1904.3660819193578;04;6;1;Depot;H307;10;Kalt (-30° - 0,01° C);Abend;Klar;Wisconsion;Winter;Kollision;General Switching Rules;Human Factors;EinzelneWagen, Güterzug;22839.9355331241;Nicht Signifikant;False
5709;880211;1988;2;28;48048.0;48048.0;1000.0;47048.0;2;0;0;0;0;0;0;0;3.9542723449729715;28;0;1;0;0;1;3016.8164184217308;04;7;1;Depot;H018;50;Moderat (0° bis 19,99° C);Tag;Klar;Iowa;Winter;Kollision;Brakes, Use of;Human Factors;Depot/Rangieren, EinzelneWagen;40756.63754347272;Nicht Signifikant;False
5710;880307;1988;3;21;194500.0;194500.0;1500.0;193000.0;5;1;0;8;0;0;0;0;18.5;127;0;4;0;0;0;10083.0;02;7;4;Hauptstrecke;H699;48;Moderat (0° bis 19,99° C);Tag;Klar;Illinois;Frühling;Kollision;Speed;Human Factors;Depot/Rangieren, Güterzug;164984.30740520824;Schwer;False
5711;880319;1988;3;19;36197.0;36197.0;18797.0;17400.0;5;0;0;0;0;0;0;0;4.949628046035187;127;9;3;0;0;0;17259.889973591336;01;1;2;Hauptstrecke;H503;25;Kalt (-30° - 0,01° C);Abend;Klar;New York;Winter;Entgleisung;Train Handling/Train Makeup;Human Factors;Güterzug, NaN;30704.04614471117;Nicht Signifikant;False
5712;880406;1988;4;8;9800.0;9800.0;2100.0;7700.0;5;0;0;0;0;0;0;0;2.0;45;1;36;0;0;2;8027.0;04;7;1;Depot;H307;65;Moderat (0° bis 19,99° C);Tag;Klar;Illinois;Frühling;Kollision;General Switching Rules;Human Factors;Depot/Rangieren, Depot/Rangieren;8312.833997794554;Nicht Signifikant;False
5713;880408;1988;4;12;7556.0;7556.0;0.0;7556.0;2;0;0;0;0;0;0;0;2.5;15;0;11;0;0;0;2012.2795578449077;04;7;1;Depot;H020;72;Warm (20° bis 31,99° C);Tag;Klar;Iowa;Frühling;Kollision;Brakes, Use of;Human Factors;Depot/Rangieren, EinzelneWagen;6409.364661973025;Nicht Signifikant;False
5714;880417;1988;4;28;15586.0;15586.0;0.0;15586.0;4;0;0;0;0;0;0;0;2.0;36;0;81;0;0;0;5793.0;04;7;1;Depot;H401;70;Warm (20° bis 31,99° C);Tag;Klar;Iowa;Frühling;Kollision;Main Track Authority;Human Factors;Depot/Rangieren, Güterzug;13220.799049961828;Nicht Signifikant;False
5715;880502;1988;5;7;6350.0;6350.0;3400.0;2950.0;6;1;0;0;0;0;0;0;1.9635609428485408;4;1;44;0;0;0;1818.0;04;7;1;Depot;H702;61;Moderat (0° bis 19,99° C);Abend;Wolkig;Wisconsion;Frühling;Kollision;Switches, Use of;Human Factors;Depot/Rangieren, Güterzug;5386.377131224022;Nicht Signifikant;False
5716;880507;1988;5;16;62085.0;62085.0;2000.0;60085.0;3;0;0;0;0;0;0;0;2.0;57;48;1;0;0;1;7150.0;04;7;1;Depot;H018;55;Moderat (0° bis 19,99° C);Abend;Klar;Illinois;Frühling;Kollision;Brakes, Use of;Human Factors;Depot/Rangieren, Depot/Rangieren;52663.49987276274;Nicht Signifikant;False
5717;880511;1988;5;25;71800.0;71800.0;22000.0;49800.0;2;1;0;0;0;0;0;0;5.0;0;0;0;15;0;0;356.333261525256;04;2;1;Hauptstrecke;H204;50;Moderat (0° bis 19,99° C);Tag;Klar;Illinois;Frühling;Kollision;Flagging, Fixed, Hand and Radio Signals;Human Factors;Personenzug, Personenzug;60904.23275935194;Nicht Signifikant;False
5718;880703;1988;7;4;22981.0;22981.0;500.0;22481.0;3;0;0;0;0;0;0;0;4.949628046035187;56;4;4;0;0;0;3204.0;04;7;1;Depot;H020;72;Warm (20° bis 31,99° C);Abend;Klar;Illinois;Sommer;Kollision;Brakes, Use of;Human Factors;Depot/Rangieren, Depot/Rangieren;19493.59572482823;Nicht Signifikant;False
5719;880705;1988;7;7;15400.0;15400.0;235.0;15165.0;1;0;0;0;0;0;0;0;3.5;17;2;18;0;0;1;2207.077964141903;04;7;1;Depot;H020;80;Warm (20° bis 31,99° C);Tag;Klar;Illinois;Sommer;Kollision;Brakes, Use of;Human Factors;Depot/Rangieren, EinzelneWagen;13063.024853677156;Nicht Signifikant;False
5720;880706;1988;7;8;7925.0;7925.0;0.0;7925.0;7;0;0;0;0;0;0;0;50.0;71;0;91;0;0;0;9677.0;04;1;4;Hauptstrecke;E89C;78;Warm (20° bis 31,99° C);Abend;Klar;Iowa;Sommer;Kollision;Doors;Mechanical and Electrical Failures;Güterzug, Güterzug;6722.368309441004;Nicht Signifikant;False
5721;880708;1988;7;16;18850.0;18850.0;3000.0;15850.0;1;0;0;0;0;0;0;0;3.0;9;9;3;0;0;3;1296.722301226696;04;6;1;Depot;H601;80;Warm (20° bis 31,99° C);Tag;Wolkig;Illinois;Sommer;Kollision;Speed;Human Factors;EinzelneWagen, Güterzug;15989.481720247688;Nicht Signifikant;False
5722;880714;1988;7;23;12360.0;12360.0;0.0;12360.0;3;0;0;0;0;0;0;0;0.9682052417863254;45;0;168;0;0;2;9039.0;04;7;1;Depot;H306;80;Warm (20° bis 31,99° C);Abend;Klar;Iowa;Sommer;Kollision;General Switching Rules;Human Factors;Depot/Rangieren, Güterzug;10484.3498176266;Nicht Signifikant;False
5723;880802;1988;8;6;6211.0;6211.0;300.0;5911.0;4;0;0;0;0;0;0;0;1.5;16;1;18;0;0;2;2088.0;04;7;1;Depot;H307;65;Moderat (0° bis 19,99° C);Abend;Klar;Minnesota;Sommer;Kollision;General Switching Rules;Human Factors;Depot/Rangieren, Depot/Rangieren;5268.4706081940785;Nicht Signifikant;False
5724;880806;1988;8;16;9306.0;9306.0;3500.0;5806.0;1;0;0;0;0;0;0;0;3.5;37;2;23;0;0;0;4717.637568851082;04;7;1;Depot;H021;78;Warm (20° bis 31,99° C);Abend;Klar;Illinois;Sommer;Kollision;Brakes, Use of;Human Factors;Depot/Rangieren, EinzelneWagen;7893.799304436338;Nicht Signifikant;False
5725;880901;1988;9;6;8889.0;8889.0;0.0;8889.0;1;0;0;0;0;0;0;0;3.5;3;3;1;0;0;1;893.2564391184076;03;7;1;Depot;H301;68;Warm (20° bis 31,99° C);Tag;Klar;Wisconsion;Sommer;Kollision;General Switching Rules;Human Factors;Depot/Rangieren, EinzelneWagen;7540.079735346509;Nicht Signifikant;False
5726;880906;1988;9;16;6650.0;6650.0;150.0;6500.0;2;1;0;0;0;0;0;0;3.9542723449729715;33;0;2;0;0;0;1800.0;04;7;1;Depot;H401;65;Moderat (0° bis 19,99° C);Abend;Klar;Illinois;Sommer;Kollision;Main Track Authority;Human Factors;Depot/Rangieren, Depot/Rangieren;5640.85164136059;Nicht Signifikant;False
5727;881003;1988;10;8;28590.0;28590.0;1450.0;27140.0;1;0;0;0;0;0;0;0;1.9635609428485408;83;1;27;0;0;0;9432.974729589147;04;7;1;Depot;H021;60;Moderat (0° bis 19,99° C);Tag;Wolkig;Illinois;Herbst;Kollision;Brakes, Use of;Human Factors;Depot/Rangieren, EinzelneWagen;24251.42081601493;Nicht Signifikant;False
5728;881004;1988;10;8;15000.0;15000.0;0.0;15000.0;1;0;0;0;0;0;0;0;4.949628046035187;4;0;0;0;0;0;248.647398120594;03;4;3;Depot;H603;60;Moderat (0° bis 19,99° C);Tag;Wolkig;Illinois;Herbst;Kollision;Speed;Human Factors;Arbeitszug, EinzelneWagen;12723.7255068284;Nicht Signifikant;False
5729;881104;1988;11;5;39100.0;39100.0;200.0;38900.0;1;0;0;0;0;0;0;0;3.5;119;1;24;0;0;3;4390.889168201403;04;7;1;Depot;H020;35;Moderat (0° bis 19,99° C);Abend;Regen;Illinois;Herbst;Kollision;Brakes, Use of;Human Factors;Depot/Rangieren, EinzelneWagen;33166.511154466025;Nicht Signifikant;False
5730;881110;1988;11;18;5526.0;5526.0;0.0;5526.0;4;0;0;0;0;0;0;0;2.0;11;0;1;0;0;0;1165.8899735913355;04;7;1;Depot;H401;50;Moderat (0° bis 19,99° C);Tag;Klar;Iowa;Herbst;Kollision;Main Track Authority;Human Factors;Depot/Rangieren, Lokomotive;4687.4204767155825;Nicht Signifikant;False
5731;881204;1988;12;20;18369.0;18369.0;400.0;17969.0;4;0;0;0;0;0;0;0;0.9682052417863254;15;4;10;0;0;0;1998.0;04;7;1;Depot;H020;32;Moderat (0° bis 19,99° C);Abend;Wolkig;Iowa;Herbst;Kollision;Brakes, Use of;Human Factors;Depot/Rangieren, Depot/Rangieren;15581.474255662057;Nicht Signifikant;False
5732;88145;1985;10;10;10000.0;10000.0;0.0;10000.0;0;0;0;0;0;0;0;0;4.949628046035187;2;0;2;0;0;0;358.1876166631649;03;6;1;Depot;H402;68;Warm (20° bis 31,99° C);Tag;Klar;Kalifornien;Herbst;Kollision;Main Track Authority;Human Factors;EinzelneWagen, EinzelneWagen;8482.483671218932;Nicht Signifikant;False
5733;887424;2016;5;5;82965.0;82965.0;250.0;82715.0;3;0;0;0;0;0;0;0;3.9390297932972955;124;0;22;0;0;2;16213.651743004277;04;7;1;Depot;H306;62;Moderat (0° bis 19,99° C);Abend;Klar;Louisiana;Frühling;Kollision;General Switching Rules;Human Factors;Depot/Rangieren, EinzelneWagen, Lokomotive;72528.19302386572;Nicht Signifikant;False
5734;888;1988;9;14;11000.0;11000.0;500.0;10500.0;0;0;0;0;0;0;0;0;0.0;33;3;0;0;0;0;3882.6020796416415;04;6;1;Depot;H018;42;Moderat (0° bis 19,99° C);Abend;Klar;Iowa;Sommer;Kollision;Brakes, Use of;Human Factors;EinzelneWagen, EinzelneWagen;9330.732038340826;Nicht Signifikant;False
5735;890103;1989;1;21;12400.0;12400.0;400.0;12000.0;2;0;0;0;0;0;0;0;1.9635609428485408;24;0;80;0;0;3;5020.032712997806;03;6;1;Hauptstrecke;H704;26;Kalt (-30° - 0,01° C);Abend;Klar;Iowa;Winter;Kollision;Switches, Use of;Human Factors;EinzelneWagen, Güterzug;10518.279752311477;Nicht Signifikant;False
5736;890105;1989;1;27;17375.0;17375.0;600.0;16775.0;2;0;0;0;0;0;0;0;3.0;61;0;36;0;0;7;5350.0;04;7;1;Depot;H301;41;Moderat (0° bis 19,99° C);Tag;Klar;Illinois;Winter;Kollision;General Switching Rules;Human Factors;Depot/Rangieren, Depot/Rangieren;14738.315378742895;Nicht Signifikant;False
5737;890201D;1989;2;9;29500.0;29500.0;500.0;29000.0;6;0;0;0;0;0;0;0;3.5;83;0;72;0;0;1;10007.70805885963;04;7;1;Depot;H702;56;Moderat (0° bis 19,99° C);Tag;Klar;Mississippi;Winter;Kollision;Switches, Use of;Human Factors;Depot/Rangieren, Güterzug;25023.32683009585;Nicht Signifikant;False
5738;890203;1989;2;5;19165.0;19165.0;2500.0;16665.0;2;0;0;0;0;0;0;0;3.5;7;2;6;0;0;1;1047.6072639076042;04;7;1;Depot;H018;-7;Kalt (-30° - 0,01° C);Abend;Klar;Iowa;Winter;Kollision;Brakes, Use of;Human Factors;Depot/Rangieren, EinzelneWagen;16256.679955891084;Nicht Signifikant;False
5739;890209;1989;2;8;21298.0;21298.0;0.0;21298.0;4;0;0;0;0;0;0;0;2.958916643910756;1;0;69;0;0;0;2315.2468961231966;04;6;1;Depot;H020;5;Kalt (-30° - 0,01° C);Abend;Wolkig;Iowa;Winter;Kollision;Brakes, Use of;Human Factors;EinzelneWagen, Güterzug;18065.99372296208;Nicht Signifikant;False
5740;890213;1989;2;19;55574.0;55574.0;0.0;55574.0;2;0;0;0;0;0;0;0;6.940339448159618;9;0;4;0;0;0;943.2976430718293;04;7;1;Depot;H020;15;Kalt (-30° - 0,01° C);Abend;Klar;Iowa;Winter;Kollision;Brakes, Use of;Human Factors;Depot/Rangieren, EinzelneWagen;47140.554754432094;Nicht Signifikant;False
5741;890214;1989;2;24;25492.0;25492.0;0.0;25492.0;2;0;0;0;0;0;0;0;3.0;3;0;48;0;0;0;1897.8899735913355;04;7;1;Depot;H702;10;Kalt (-30° - 0,01° C);Tag;Klar;Illinois;Winter;Kollision;Switches, Use of;Human Factors;Depot/Rangieren, Depot/Rangieren;21623.547374671303;Nicht Signifikant;False
5742;890303;1989;3;7;8500.0;8500.0;2000.0;6500.0;2;1;0;0;0;0;0;0;5.0;23;1;59;0;0;3;4759.0;04;7;1;Depot;H525;20;Kalt (-30° - 0,01° C);Abend;Klar;Illinois;Winter;Kollision;Train Handling/Train Makeup;Human Factors;Depot/Rangieren, Depot/Rangieren;7210.111120536093;Nicht Signifikant;False
5743;890305;1989;3;8;16000.0;16000.0;5500.0;10500.0;6;2;0;1;0;0;0;0;4.949628046035187;0;0;0;0;0;0;69.7799471826711;04;8;1;Depot;H702;42;Moderat (0° bis 19,99° C);Tag;Wolkig;Illinois;Winter;Kollision;Switches, Use of;Human Factors;Lokomotive, Lokomotive;13571.973873950292;Signifikant;False
5744;890314;1989;3;22;42012.0;42012.0;810.0;41202.0;6;0;0;0;0;0;0;0;5.0;50;0;30;0;0;2;5933.0;04;7;1;Depot;M503;42;Moderat (0° bis 19,99° C);Tag;Klar;Illinois;Frühling;Kollision;Other Miscellaneous;Miscellaneous Causes;Depot/Rangieren, Güterzug;35636.61039952498;Nicht Signifikant;False
5745;8904015;1989;4;15;34000.0;34000.0;1000.0;33000.0;2;1;0;0;0;0;0;0;9.926406551346263;35;0;34;0;0;7;5096.827995216172;07;7;1;Depot;M399;75;Warm (20° bis 31,99° C);Tag;Klar;Texas;Frühling;Bahnübergang;Loading Procedures;Loading;Depot/Rangieren, Depot/Rangieren;28840.444482144372;Nicht Signifikant;False
5746;890408;1989;4;19;26027.0;26027.0;300.0;25727.0;2;0;0;0;0;0;0;0;3.5;34;0;36;0;0;1;4863.105990580376;04;6;1;Depot;H020;40;Moderat (0° bis 19,99° C);Abend;Klar;Minnesota;Frühling;Kollision;Brakes, Use of;Human Factors;EinzelneWagen, Güterzug;22077.360251081514;Nicht Signifikant;False
5747;890409;1989;4;22;26390.0;26390.0;4600.0;21790.0;3;0;0;0;0;0;0;0;1.5;27;2;50;0;0;0;5034.725333199273;01;6;1;Depot;T314;50;Moderat (0° bis 19,99° C);Tag;Regen;Iowa;Frühling;Entgleisung;Frogs, Switches and Track Appliances;Track, Roadbed and Structures;EinzelneWagen, Güterzug;22385.274408346762;Nicht Signifikant;False
5748;890410;1989;4;22;46737.0;46737.0;5500.0;41237.0;3;0;0;0;0;0;0;0;2.0;33;1;148;0;0;7;7912.303727577959;04;6;1;Depot;H020;60;Moderat (0° bis 19,99° C);Tag;Wolkig;Minnesota;Frühling;Kollision;Brakes, Use of;Human Factors;EinzelneWagen, Güterzug;39644.58393417593;Nicht Signifikant;False
5749;890604;1989;6;9;8039.0;8039.0;0.0;8039.0;1;0;0;0;0;0;0;0;2.0;2;0;4;0;0;0;276.6756144352892;04;7;1;Depot;H020;80;Warm (20° bis 31,99° C);Tag;Klar;Illinois;Frühling;Kollision;Brakes, Use of;Human Factors;Depot/Rangieren, EinzelneWagen;6819.0686232929;Nicht Signifikant;False
5750;890614;1989;6;21;15970.0;15970.0;2000.0;13970.0;1;0;0;0;0;0;0;0;2.958916643910756;12;0;43;0;0;4;3163.0696943389275;04;7;1;Depot;H301;85;Warm (20° bis 31,99° C);Tag;Klar;Illinois;Sommer;Kollision;General Switching Rules;Human Factors;Depot/Rangieren, EinzelneWagen;13546.526422936635;Nicht Signifikant;False
5751;890615;1989;6;20;6250.0;6250.0;3000.0;3250.0;4;2;0;0;0;0;0;0;4.0;0;0;0;0;0;0;69.7799471826711;04;8;1;Depot;H307;65;Moderat (0° bis 19,99° C);Abend;Nebel;Illinois;Frühling;Kollision;General Switching Rules;Human Factors;Lokomotive, Lokomotive;5301.552294511833;Nicht Signifikant;False
5752;890618;1989;6;17;5615.0;5615.0;225.0;5390.0;2;0;0;0;0;0;0;0;3.5;6;1;49;0;0;1;2094.9751229171716;04;7;1;Depot;H018;75;Warm (20° bis 31,99° C);Tag;Wolkig;Iowa;Frühling;Kollision;Brakes, Use of;Human Factors;Depot/Rangieren, EinzelneWagen;4762.91458138943;Nicht Signifikant;False
5753;890901;1989;9;1;8901.0;8901.0;465.0;8436.0;2;0;0;0;0;0;0;0;4.949628046035187;19;0;105;0;0;2;5431.00415463118;03;7;1;Depot;H307;71;Warm (20° bis 31,99° C);Tag;Klar;Minnesota;Sommer;Kollision;General Switching Rules;Human Factors;Depot/Rangieren, EinzelneWagen;7550.258715751972;Nicht Signifikant;False
5754;890912;1989;9;30;12099.0;12099.0;250.0;11849.0;3;0;0;0;0;0;0;0;3.5;62;0;89;0;0;1;9645.256633882946;04;7;1;Depot;H404;70;Warm (20° bis 31,99° C);Tag;Klar;Illinois;Herbst;Kollision;Main Track Authority;Human Factors;Depot/Rangieren, Güterzug;10262.956993807786;Nicht Signifikant;False
5755;891004;1989;10;10;22513.0;22513.0;2200.0;20313.0;4;1;0;0;0;0;0;0;3.5;19;2;13;0;0;0;1870.8899735913355;04;1;1;Depot;H401;44;Moderat (0° bis 19,99° C);Abend;Klar;Minnesota;Herbst;Kollision;Main Track Authority;Human Factors;Güterzug, Lokomotive;19096.61548901518;Nicht Signifikant;False
5756;891007;1989;10;16;6000.0;6000.0;0.0;6000.0;2;0;0;2;0;0;0;0;2.958916643910756;0;0;0;0;0;0;69.7799471826711;03;4;3;Hauptstrecke;H402;45;Moderat (0° bis 19,99° C);Tag;Klar;Minnesota;Herbst;Kollision;Main Track Authority;Human Factors;Arbeitszug, Arbeitszug;5089.490202731359;Signifikant;False
5757;891008;1989;10;25;11490.0;11490.0;650.0;10840.0;3;0;0;0;0;0;0;0;2.958916643910756;34;0;80;0;0;2;5029.0;04;7;1;Depot;H306;71;Warm (20° bis 31,99° C);Tag;Klar;Minnesota;Herbst;Kollision;General Switching Rules;Human Factors;Depot/Rangieren, Depot/Rangieren;9746.373738230553;Nicht Signifikant;False
5758;891160;2016;6;10;235327.0;235327.0;76921.0;158406.0;5;0;0;0;0;0;0;0;7.935695149221832;155;6;15;0;0;6;14222.0;01;1;2;Depot;H503;89;Warm (20° bis 31,99° C);Tag;Klar;Illinois;Frühling;Entgleisung;Train Handling/Train Makeup;Human Factors;Güterzug, Güterzug;208180.29016277424;Signifikant;False
5759;891203;1989;12;5;7704.0;7704.0;0.0;7704.0;2;0;0;0;0;0;0;0;2.958916643910756;21;0;52;0;0;0;3853.736492471696;04;6;1;Depot;M501;32;Moderat (0° bis 19,99° C);Abend;Wolkig;Minnesota;Herbst;Kollision;Other Miscellaneous;Miscellaneous Causes;EinzelneWagen, Güterzug;6534.9054203070655;Nicht Signifikant;False
5760;891204;1989;12;13;87786.0;87786.0;12500.0;75286.0;5;0;0;0;0;0;0;0;6.0;40;3;100;0;0;2;7786.013816883606;04;7;1;Depot;H702;24;Kalt (-30° - 0,01° C);Tag;Wolkig;Illinois;Herbst;Kollision;Switches, Use of;Human Factors;Depot/Rangieren, Güterzug;74464.33115616252;Nicht Signifikant;False
5761;89318;1989;3;26;874970.0;874970.0;32339.0;842631.0;7;4;0;2;0;0;0;0;29.83352057259057;109;0;75;0;0;6;14074.0;03;1;3;Hauptstrecke;H215;40;Moderat (0° bis 19,99° C);Morgendämmerung;Klar;New York;Frühling;Kollision;Flagging, Fixed, Hand and Radio Signals;Human Factors;Güterzug, Güterzug;742191.873780643;Signifikant;False
5762;8A;1986;8;1;4943.0;4943.0;3551.0;1392.0;4;0;0;0;0;0;0;0;2.958916643910756;2;2;65;0;0;2;1704.8899735913355;01;1;2;Hauptstrecke;M405;62;Moderat (0° bis 19,99° C);Abend;Klar;New York;Sommer;Entgleisung;Unusual Operational Situations;Miscellaneous Causes;Güterzug, NaN;4192.891678683518;Nicht Signifikant;False
5763;900103;1990;1;13;12250.0;12250.0;250.0;12000.0;3;0;0;0;0;0;0;0;6.5;0;0;4;0;0;0;191.56558802662477;04;7;1;Depot;H401;10;Kalt (-30° - 0,01° C);Tag;Wolkig;Minnesota;Winter;Kollision;Main Track Authority;Human Factors;Depot/Rangieren, Lokomotive;10391.042497243192;Nicht Signifikant;False
5764;900104;1990;1;17;41307.0;41307.0;1000.0;40307.0;1;0;0;0;0;0;0;0;6.5;0;0;42;0;9;2;1474.2156239796695;04;7;1;Depot;H020;30;Kalt (-30° - 0,01° C);Abend;Klar;Iowa;Winter;Kollision;Brakes, Use of;Human Factors;Depot/Rangieren, EinzelneWagen;35038.595300704044;Nicht Signifikant;False
5765;900107;1990;1;27;478399.0;478399.0;3000.0;475399.0;7;0;0;8;0;0;0;0;34.78707758321272;0;0;0;17;0;0;464.656063508984;03;8;3;Hauptstrecke;H017;24;Kalt (-30° - 0,01° C);Abend;Klar;Illinois;Winter;Kollision;Brakes, Use of;Human Factors;Lokomotive, Lokomotive, Personenzug, Personenzug;405801.1705827466;Schwer;False
5766;900108;1990;1;27;7380.0;7380.0;250.0;7130.0;2;0;0;0;0;0;0;0;2.5;36;2;40;0;0;0;8941.0;04;7;1;Depot;H401;45;Moderat (0° bis 19,99° C);Tag;Klar;Illinois;Winter;Kollision;Main Track Authority;Human Factors;Depot/Rangieren, Depot/Rangieren;6260.072949359572;Nicht Signifikant;False
5767;900109;1990;1;28;53650.0;53650.0;1100.0;52550.0;2;0;0;0;0;0;0;0;3.0;17;3;2;0;0;1;1888.2564391184076;04;7;1;Depot;H018;20;Kalt (-30° - 0,01° C);Abend;Wolkig;Minnesota;Winter;Kollision;Brakes, Use of;Human Factors;Depot/Rangieren, EinzelneWagen;45508.52489608957;Nicht Signifikant;False
5768;900202;1990;2;4;10800.0;10800.0;500.0;10300.0;1;0;0;0;0;0;0;0;5.0;28;1;14;0;0;2;3789.6475051743187;01;7;1;Depot;T311;25;Kalt (-30° - 0,01° C);Tag;Nebel;Illinois;Winter;Entgleisung;Frogs, Switches and Track Appliances;Track, Roadbed and Structures;Depot/Rangieren, EinzelneWagen;9161.082364916447;Nicht Signifikant;False
5769;900204;1990;2;27;7166.0;7166.0;2700.0;4466.0;1;0;0;1;0;0;0;0;5.944983747097401;5;0;45;0;0;3;2013.0956331816628;02;7;1;Depot;H306;25;Kalt (-30° - 0,01° C);Abend;Klar;Illinois;Winter;Kollision;General Switching Rules;Human Factors;Depot/Rangieren, EinzelneWagen;6078.547798795487;Signifikant;False
5770;900302D;1990;3;24;15200.0;15200.0;1000.0;14200.0;4;0;0;0;0;0;0;0;4.949628046035187;38;0;53;0;0;3;6010.6619243351;04;7;1;Depot;H306;68;Warm (20° bis 31,99° C);Tag;Klar;Louisiana;Frühling;Kollision;General Switching Rules;Human Factors;Depot/Rangieren, EinzelneWagen;12893.375180252777;Nicht Signifikant;False
5771;900303D;1990;3;25;6180.0;6180.0;500.0;5680.0;2;0;0;0;0;0;0;0;1.9635609428485408;14;1;22;0;0;4;2357.7340947094763;01;7;1;Depot;H704;43;Moderat (0° bis 19,99° C);Abend;Klar;Mississippi;Frühling;Entgleisung;Switches, Use of;Human Factors;Depot/Rangieren, Lokomotive;5242.1749088133;Nicht Signifikant;False
5772;900503;1990;5;16;30577.0;30577.0;300.0;30277.0;5;0;0;0;0;0;0;0;4.932837394713583;54;1;19;0;0;1;6673.416140252094;04;7;1;Depot;H999;50;Moderat (0° bis 19,99° C);Abend;Wolkig;Illinois;Frühling;Kollision;Miscellaneous;Human Factors;Depot/Rangieren, Güterzug, Lokomotive;25936.89032148613;Nicht Signifikant;False