index;INCDTNO;YEAR4;MONTH;DAY;ACCDMG;INFRASTRUCTURE_DMG;TRKDMG;EQPDMG;LOCOMOTIVES1;LOCOMOTIVES2;RREMPKLD;RREMPINJ;PASSKLD;PASSINJ;OTHERKLD;OTHERINJ;SPEED;LOADF1;LOADF2;EMPTYF1;EMPTYP1;LOADP1;EMPTYF2;TONS;TYPE;TYPEQ;TRKCLAS;TYPTRK;ACCAUSE;TEMP;TEMP_CLUSTER;VISIBLTY;WEATHER;STATE;Jahreszeit;ACCIDENT_TYPE;ACCCAUSE_LVL1;ACCCAUSE_LVL2;EQUIPMENT_TYPE;ACCDMG_EUR;ACCTYPE;SPD_TOO_HIGH
5773;900602;1990;6;9;13685.0;13685.0;0.0;13685.0;2;0;0;0;0;0;0;0;4.949628046035187;8;0;44;0;0;1;2320.9614273196357;09;7;1;Depot;M201;79;Warm (20° bis 31,99° C);Tag;Klar;Illinois;Frühling;Kollision;Loading Procedures;Loading;Depot/Rangieren, EinzelneWagen;11608.278904063109;Nicht Signifikant;False
5774;900605;1990;6;19;26716.0;26716.0;0.0;26716.0;2;0;0;1;0;0;0;0;1.9635609428485408;90;0;47;0;0;2;11741.889503971204;04;7;1;Depot;H702;68;Warm (20° bis 31,99° C);Abend;Wolkig;Illinois;Frühling;Kollision;Switches, Use of;Human Factors;Depot/Rangieren, Depot/Rangieren;22661.8033760285;Signifikant;False
5775;900702;1990;7;3;18167.0;18167.0;0.0;18167.0;2;0;0;0;0;0;0;0;3.9542723449729715;39;0;45;0;0;0;5876.40796331823;05;7;1;Depot;E81C;75;Warm (20° bis 31,99° C);Abend;Klar;Illinois;Sommer;Kollision;Doors;Mechanical and Electrical Failures;Depot/Rangieren, EinzelneWagen;15410.128085503435;Nicht Signifikant;False
5776;900706;1990;7;10;8540.0;8540.0;650.0;7890.0;1;0;0;0;0;0;0;0;4.0;5;0;0;0;15;0;1278.9354124407994;04;7;1;Depot;H306;80;Warm (20° bis 31,99° C);Tag;Wolkig;Illinois;Sommer;Kollision;General Switching Rules;Human Factors;Depot/Rangieren, EinzelneWagen;7244.041055220969;Nicht Signifikant;False
5777;900706D;1990;7;12;9900.0;9900.0;300.0;9600.0;1;0;0;0;0;0;0;0;3.9542723449729715;17;1;22;0;0;0;2564.8186781928543;05;6;1;Depot;M201;90;Heiß (>= 32° C);Tag;Klar;Mississippi;Sommer;Kollision;Loading Procedures;Loading;EinzelneWagen, Güterzug;8397.658834506743;Nicht Signifikant;False
5778;900709;1990;7;11;8193.0;8193.0;200.0;7993.0;0;0;0;0;0;0;0;0;1.9635609428485408;3;1;23;0;0;0;1130.9286966209936;03;6;1;Industriestrecke;M503;70;Warm (20° bis 31,99° C);Abend;Regen;Minnesota;Sommer;Kollision;Other Miscellaneous;Miscellaneous Causes;EinzelneWagen, EinzelneWagen;6949.698871829672;Nicht Signifikant;False
5779;900711;1990;7;20;8040.0;8040.0;6040.0;2000.0;1;0;0;0;0;0;0;0;2.958916643910756;1;0;0;0;0;0;183.53737171192955;05;5;1;Depot;H307;70;Warm (20° bis 31,99° C);Abend;Regen;Iowa;Sommer;Kollision;General Switching Rules;Human Factors;EinzelneWagen, Lokomotive;6819.916871660022;Nicht Signifikant;False
5780;900712;1990;7;23;25000.0;25000.0;0.0;25000.0;3;1;0;0;0;0;0;0;39.78707758321272;23;0;46;0;0;0;4169.889973591336;02;4;3;Nebenstrecke;H999;65;Moderat (0° bis 19,99° C);Tag;Klar;Iowa;Sommer;Kollision;Miscellaneous;Human Factors;Arbeitszug, Güterzug;21206.20917804733;Nicht Signifikant;False
5781;901004;1990;10;17;26679.0;26679.0;26679.0;0.0;4;0;0;0;0;0;0;0;4.0;41;0;73;0;0;0;6956.422298284424;05;7;1;Depot;H306;60;Moderat (0° bis 19,99° C);Abend;Klar;Iowa;Herbst;Kollision;General Switching Rules;Human Factors;Depot/Rangieren, Depot/Rangieren;22630.41818644499;Nicht Signifikant;False
5782;901005;1990;10;17;9631.0;9631.0;0.0;9631.0;1;0;0;0;0;0;0;0;0.0;5;0;45;0;0;0;2008.6555293234424;04;7;1;Depot;H301;50;Moderat (0° bis 19,99° C);Abend;Wolkig;Iowa;Herbst;Kollision;General Switching Rules;Human Factors;Depot/Rangieren, EinzelneWagen;8169.4800237509535;Nicht Signifikant;False
5783;901009D;1990;10;23;29300.0;29300.0;3000.0;26300.0;2;0;0;0;0;0;0;0;4.949628046035187;35;4;17;0;0;0;4647.314943284775;01;7;1;Depot;T210;68;Warm (20° bis 31,99° C);Abend;Klar;Mississippi;Herbst;Entgleisung;Rail, Joint Bar and Rail Anchoring;Track, Roadbed and Structures;Depot/Rangieren, EinzelneWagen;24853.67715667147;Nicht Signifikant;False
5784;901013;1990;10;31;60085.0;60085.0;5500.0;54585.0;2;0;0;0;0;0;0;0;3.0;27;1;24;0;0;3;3895.993399392406;04;7;1;Depot;H020;61;Moderat (0° bis 19,99° C);Abend;Klar;Illinois;Herbst;Kollision;Brakes, Use of;Human Factors;Depot/Rangieren, EinzelneWagen;50967.00313851896;Nicht Signifikant;False
5785;901014;1990;10;28;14489.0;14489.0;0.0;14489.0;3;0;0;0;0;0;0;0;5.0;0;0;115;0;0;0;3571.1171214463393;04;7;1;Depot;H401;47;Moderat (0° bis 19,99° C);Tag;Klar;Illinois;Herbst;Kollision;Main Track Authority;Human Factors;Depot/Rangieren, Lokomotive;12290.270591229111;Nicht Signifikant;False
5786;901205;1990;12;30;26905.0;26905.0;350.0;26555.0;0;0;0;0;0;0;0;0;2.958916643910756;11;1;18;0;0;1;1890.2360764195262;04;6;1;Depot;M504;5;Kalt (-30° - 0,01° C);Tag;Klar;Minnesota;Winter;Kollision;Other Miscellaneous;Miscellaneous Causes;EinzelneWagen, EinzelneWagen;22822.122317414538;Nicht Signifikant;False
5787;901343;1999;1;17;3305000.0;3305000.0;90000.0;3215000.0;8;3;2;0;0;0;0;0;36.0;99;13;50;0;0;19;10732.0;03;1;3;Hauptstrecke;H204;25;Kalt (-30° - 0,01° C);Abend;Nebel;Ohio;Winter;Kollision;Flagging, Fixed, Hand and Radio Signals;Human Factors;Güterzug, Güterzug, Güterzug;2845050.215208034;Schwer;False
5788;902522;2016;10;1;36157.0;36157.0;500.0;35657.0;5;0;0;0;0;0;0;0;3.5;210;1;14;0;0;0;14672.0;04;1;1;Depot;H503;58;Moderat (0° bis 19,99° C);Abend;Wolkig;Illinois;Herbst;Kollision;Train Handling/Train Makeup;Human Factors;Güterzug, Güterzug;32323.440014303593;Nicht Signifikant;False
5789;90518WSD03;1989;5;18;20000.0;20000.0;0.0;20000.0;2;0;0;0;0;0;0;1;60.0;0;0;0;0;8;0;404.50353681400696;07;2;4;Hauptstrecke;M399;35;Moderat (0° bis 19,99° C);Tag;Schnee;Oregon;Frühling;Bahnübergang;Loading Procedures;Loading;Personenzug, Personenzug;16964.967342437863;Signifikant;False
5790;905341;1999;5;5;1084500.0;1084500.0;302000.0;782503.0;5;2;0;2;0;0;0;0;34.0;67;13;16;0;0;0;5919.0;02;1;5;Hauptstrecke;H204;60;Moderat (0° bis 19,99° C);Abend;Klar;Ohio;Frühling;Kollision;Flagging, Fixed, Hand and Radio Signals;Human Factors;Güterzug, Güterzug;1016686.9785319209;Signifikant;False
5791;90806PHL02;1989;8;6;19835.0;19835.0;0.0;19835.0;0;0;0;1;0;0;0;0;19.879963561968417;0;0;2;0;0;0;130.67276760464793;03;5;6;Hauptstrecke;H513;68;Warm (20° bis 31,99° C);Morgendämmerung;Wolkig;Maryland;Sommer;Kollision;Train Handling/Train Makeup;Human Factors;EinzelneWagen, EinzelneWagen;16825.006361862754;Signifikant;False
5792;90985;1985;9;9;35086.0;35086.0;36.0;35050.0;2;0;0;0;0;0;0;0;6.0;35;0;20;0;0;2;4663.1780791653;05;7;1;Depot;H999;80;Warm (20° bis 31,99° C);Tag;Klar;Illinois;Sommer;Kollision;Miscellaneous;Human Factors;Depot/Rangieren, EinzelneWagen;29761.642208838748;Nicht Signifikant;False
5793;910101;1991;1;2;32000.0;32000.0;0.0;32000.0;5;0;0;0;0;0;0;0;19.879963561968417;42;0;0;0;0;0;4534.889973591336;02;7;3;Hauptstrecke;H306;8;Kalt (-30° - 0,01° C);Abend;Wolkig;Wisconsion;Winter;Kollision;General Switching Rules;Human Factors;Depot/Rangieren, Lokomotive;27143.947747900584;Nicht Signifikant;False
5794;91011001;1991;1;10;12000.0;12000.0;1500.0;10500.0;1;0;0;0;0;0;0;0;4.5;8;1;8;0;0;0;1148.2564391184076;04;5;X;Hauptstrecke;H018;15;Kalt (-30° - 0,01° C);Abend;Klar;Washington;Winter;Kollision;Brakes, Use of;Human Factors;EinzelneWagen, Güterzug;10178.980405462718;Nicht Signifikant;False
5795;91021001;1991;2;10;28100.0;28100.0;14600.0;13500.0;3;0;0;0;0;0;0;0;7.914260198962443;30;1;71;0;0;6;5707.577030346193;01;7;1;Nebenstrecke;H702;32;Moderat (0° bis 19,99° C);Abend;Klar;Washington;Winter;Entgleisung;Switches, Use of;Human Factors;Depot/Rangieren, EinzelneWagen, EinzelneWagen;23835.7791161252;Nicht Signifikant;False
5796;910305;1991;3;3;8530.0;8530.0;1030.0;7500.0;2;1;0;1;0;0;0;0;5.0;0;0;0;0;0;0;69.7799471826711;05;8;1;Depot;H702;34;Moderat (0° bis 19,99° C);Abend;Klar;Illinois;Winter;Kollision;Switches, Use of;Human Factors;Lokomotive, Lokomotive;7235.558571549749;Signifikant;False
5797;910306;1991;3;6;9555.0;9555.0;0.0;9555.0;1;0;0;0;0;0;0;0;4.0;62;0;0;0;0;0;7122.740267996696;04;7;1;Depot;H020;34;Moderat (0° bis 19,99° C);Abenddämmerung;Wolkig;Illinois;Winter;Kollision;Brakes, Use of;Human Factors;Depot/Rangieren, EinzelneWagen;8105.01314784969;Nicht Signifikant;False
5798;910401;1991;4;1;55176.0;55176.0;28500.0;81852.0;4;0;0;1;0;0;0;0;12.5;118;8;35;0;0;3;8138.0;01;1;2;Hauptstrecke;T109;70;Warm (20° bis 31,99° C);Tag;Wolkig;Arkansas;Frühling;Entgleisung;Track Geometry;Track, Roadbed and Structures;Güterzug, Güterzug;46802.95190431758;Signifikant;False
5799;91040294;1991;4;11;10615.0;10615.0;500.0;10115.0;1;0;0;0;0;0;0;0;4.949628046035187;0;0;0;4;0;0;145.6066084521139;03;7;1;Depot;E39C;50;Moderat (0° bis 19,99° C);Abend;Klar;New Jersey;Frühling;Kollision;Coupler and Draft System;Mechanical and Electrical Failures;Depot/Rangieren, EinzelneWagen;9004.156416998896;Nicht Signifikant;False
5800;910405;1991;4;8;31000.0;31000.0;0.0;31000.0;1;0;0;0;0;0;0;0;22.5;3;0;2;0;0;0;422.0938083315824;02;5;3;Hauptstrecke;H402;83;Warm (20° bis 31,99° C);Tag;Klar;Illinois;Frühling;Kollision;Main Track Authority;Human Factors;EinzelneWagen, Güterzug;26295.69938077869;Nicht Signifikant;False
5801;910408;1991;4;22;9600.0;9600.0;0.0;9600.0;4;0;0;0;0;0;0;0;2.958916643910756;0;0;231;0;0;1;17544.0;04;1;1;Depot;H401;48;Moderat (0° bis 19,99° C);Abend;Wolkig;Minnesota;Frühling;Kollision;Main Track Authority;Human Factors;Güterzug, Güterzug;8143.184324370175;Nicht Signifikant;False
5802;910504;1991;5;12;20085.0;20085.0;550.0;19535.0;1;0;0;0;0;0;0;0;5.0;52;0;20;0;0;3;7176.688481783756;04;6;1;Depot;H702;64;Moderat (0° bis 19,99° C);Tag;Wolkig;Minnesota;Frühling;Kollision;Switches, Use of;Human Factors;EinzelneWagen, Güterzug;17037.068453643227;Nicht Signifikant;False
5803;910602;1991;6;17;33773.0;33773.0;0.0;33773.0;3;0;0;0;0;0;0;0;59.69419160445703;49;0;1;0;0;1;3401.8164184217308;03;5;4;Hauptstrecke;H402;60;Moderat (0° bis 19,99° C);Tag;Klar;Iowa;Frühling;Kollision;Main Track Authority;Human Factors;EinzelneWagen, Güterzug;28647.892102807702;Nicht Signifikant;False
5804;910709;1991;7;27;18928.0;18928.0;0.0;18928.0;3;0;0;0;0;0;0;0;3.0;84;0;105;0;0;1;12075.0;04;7;1;Depot;H305;60;Moderat (0° bis 19,99° C);Abend;Klar;Illinois;Sommer;Kollision;General Switching Rules;Human Factors;Depot/Rangieren, Depot/Rangieren;16055.645092883195;Nicht Signifikant;False
5805;910808;1991;8;31;6916.0;6916.0;0.0;6916.0;2;0;0;0;0;0;0;0;4.949628046035187;55;0;64;0;0;0;8552.647398120595;04;5;1;Depot;H021;65;Moderat (0° bis 19,99° C);Tag;Klar;Iowa;Sommer;Kollision;Brakes, Use of;Human Factors;EinzelneWagen, Güterzug;5866.485707015014;Nicht Signifikant;False
5806;91088;1988;9;10;8458.0;8458.0;358.0;8100.0;3;0;0;0;0;0;0;0;5.0;11;1;5;0;0;1;1494.4327436766769;01;5;1;Depot;H313;82;Warm (20° bis 31,99° C);Tag;Klar;Illinois;Sommer;Entgleisung;General Switching Rules;Human Factors;EinzelneWagen, Güterzug;7174.484689116973;Nicht Signifikant;False
5807;910901;1991;9;7;35774.0;35774.0;0.0;35774.0;1;0;0;0;0;0;0;0;4.5;15;0;17;0;0;0;2293.730288708351;05;7;1;Depot;H601;70;Warm (20° bis 31,99° C);Abend;Klar;Illinois;Sommer;Kollision;Speed;Human Factors;Depot/Rangieren, EinzelneWagen;30345.23708541861;Nicht Signifikant;False
5808;911002;1991;10;6;7250.0;7250.0;2500.0;4750.0;2;0;0;0;0;0;0;0;2.958916643910756;19;0;56;0;0;1;3717.647398120594;05;7;1;Depot;H306;45;Moderat (0° bis 19,99° C);Abend;Klar;Wisconsion;Herbst;Kollision;General Switching Rules;Human Factors;Depot/Rangieren, EinzelneWagen;6149.800661633726;Nicht Signifikant;False
5809;911004;1991;10;17;25571.5;25571.5;0.0;51143.0;1;0;0;0;0;0;0;0;3.0;19;2;0;0;0;0;2290.8009862939584;05;7;1;Industriestrecke;H020;75;Warm (20° bis 31,99° C);Tag;Klar;Iowa;Herbst;Kollision;Brakes, Use of;Human Factors;Depot/Rangieren, EinzelneWagen;21690.983119857494;Nicht Signifikant;False
5810;911108;1991;11;25;53000.0;53000.0;0.0;53000.0;3;1;0;0;0;0;0;0;3.9542723449729715;59;0;0;0;0;0;7704.889973591336;02;1;1;Depot;H306;20;Kalt (-30° - 0,01° C);Abend;Wolkig;Iowa;Herbst;Kollision;General Switching Rules;Human Factors;Güterzug, Lokomotive;44957.163457460345;Nicht Signifikant;False
5811;911109;1991;11;7;8099.0;8099.0;250.0;7849.0;2;0;0;0;0;0;0;0;3.9542723449729715;14;3;2;0;0;0;1578.0;04;7;1;Depot;H210;18;Kalt (-30° - 0,01° C);Tag;Wolkig;Iowa;Herbst;Kollision;Flagging, Fixed, Hand and Radio Signals;Human Factors;Depot/Rangieren, Depot/Rangieren;6869.963525320213;Nicht Signifikant;False
5812;911166002;2016;12;13;35000.0;35000.0;10000.0;25000.0;5;0;0;0;0;0;0;0;5.5;0;0;62;0;0;3;2534.8899735913355;04;7;X;Depot;H399;19;Kalt (-30° - 0,01° C);Abend;Klar;Illinois;Herbst;Kollision;General Switching Rules;Human Factors;Depot/Rangieren, Lokomotive;32987.74740810556;Nicht Signifikant;False
5813;911206;1991;12;23;9981.0;9981.0;250.0;9731.0;2;0;0;0;0;0;0;0;3.5;4;0;13;0;0;1;757.9412898986498;04;6;2;Hauptstrecke;H020;27;Kalt (-30° - 0,01° C);Tag;Klar;Wisconsion;Winter;Kollision;Brakes, Use of;Human Factors;EinzelneWagen, Güterzug;8466.366952243616;Nicht Signifikant;False
5814;91287;1987;9;12;22390.0;22390.0;390.0;22000.0;4;0;0;0;0;0;0;0;19.0;203;0;75;0;0;2;21605.0;05;1;2;Hauptstrecke;E69C;70;Warm (20° bis 31,99° C);Tag;Klar;Illinois;Sommer;Kollision;Wheels;Mechanical and Electrical Failures;Güterzug, Güterzug;18992.28093985919;Nicht Signifikant;False
5815;917675;2017;3;30;540031.0;540031.0;342856.0;197175.0;6;0;0;0;0;0;0;0;8.0;132;8;102;0;0;2;20555.0;01;1;4;Nebenstrecke;T001;39;Moderat (0° bis 19,99° C);Abend;Regen;Illinois;Frühling;Entgleisung;Roadbed;Track, Roadbed and Structures;Güterzug, Güterzug;502962.65251001203;Signifikant;False
5816;92;1987;4;27;11979.0;11979.0;5334.0;6645.0;3;0;0;0;0;0;0;0;3.9542723449729715;73;5;0;0;0;0;8472.117142807607;05;6;3;Depot;E64C;65;Moderat (0° bis 19,99° C);Abend;Klar;Oklahoma;Frühling;Kollision;Wheels;Mechanical and Electrical Failures;EinzelneWagen, Güterzug;10161.16718975316;Nicht Signifikant;False
5817;92010036;1991;12;30;7981.0;7981.0;0.0;7981.0;8;0;0;0;0;0;0;0;4.949628046035187;0;0;0;0;0;0;69.7799471826711;04;8;2;Depot;T108;30;Kalt (-30° - 0,01° C);Tag;Klar;New York;Winter;Kollision;Track Geometry;Track, Roadbed and Structures;Lokomotive, Lokomotive;6769.87021799983;Nicht Signifikant;False
5818;920239;1992;10;15;22495.0;22495.0;0.0;22495.0;0;0;0;0;0;0;0;0;29.83352057259057;1;1;3;0;0;0;294.4856433427084;02;6;1;Depot;M502;68;Warm (20° bis 31,99° C);Tag;Klar;Pennsylvania;Herbst;Kollision;Other Miscellaneous;Miscellaneous Causes;EinzelneWagen, EinzelneWagen;19081.34701840699;Nicht Signifikant;True
5819;92085;1985;9;20;6400.0;6400.0;300.0;6100.0;2;0;0;0;0;0;0;0;6.0;21;1;15;0;0;0;2934.991056459739;05;5;1;Depot;M407;65;Moderat (0° bis 19,99° C);Abend;Klar;Illinois;Sommer;Kollision;Unusual Operational Situations;Miscellaneous Causes;EinzelneWagen, Güterzug;5428.789549580117;Nicht Signifikant;False
5820;921033;2017;4;30;4416059.0;4416059.0;353072.0;4062987.0;5;4;0;1;0;0;0;0;32.819587675777214;162;10;99;0;0;6;25249.0;03;1;4;Hauptstrecke;H605;55;Moderat (0° bis 19,99° C);Tag;Regen;Mississippi;Frühling;Kollision;Speed;Human Factors;Güterzug, Güterzug;4043084.4586861986;Schwer;False
5821;927796;2017;6;30;15638.0;15638.0;100.0;15538.0;2;0;0;0;0;0;0;0;4.0;3;0;9;0;0;2;744.1556490546961;04;7;2;Hauptstrecke;H018;80;Warm (20° bis 31,99° C);Abend;Wolkig;Louisiana;Sommer;Kollision;Brakes, Use of;Human Factors;Depot/Rangieren, EinzelneWagen;13703.119523308798;Nicht Signifikant;False
5822;92990;1990;9;29;9400.0;9400.0;0.0;9400.0;5;0;0;0;0;0;0;0;4.0;15;0;35;0;0;0;4575.0;05;1;1;Depot;H310;70;Warm (20° bis 31,99° C);Abend;Klar;Illinois;Herbst;Kollision;General Switching Rules;Human Factors;Güterzug, Güterzug;7973.534650945797;Nicht Signifikant;False
5823;93050328;1993;5;1;22365.0;22365.0;0.0;22365.0;3;0;0;0;0;0;0;0;4.949628046035187;0;0;0;1;0;0;89.05137458319956;02;7;1;Depot;H021;87;Warm (20° bis 31,99° C);Tag;Klar;New Jersey;Frühling;Kollision;Brakes, Use of;Human Factors;Depot/Rangieren, EinzelneWagen;18971.074730681143;Nicht Signifikant;False
5824;93052D;1993;12;14;37500.0;37500.0;1500.0;36000.0;0;0;0;0;0;0;0;0;4.5;0;0;48;0;0;4;1537.1277757877426;04;5;1;Depot;H021;34;Moderat (0° bis 19,99° C);Tag;Schnee;Iowa;Herbst;Kollision;Brakes, Use of;Human Factors;EinzelneWagen, EinzelneWagen;31809.313767071;Nicht Signifikant;False
5825;9308G0605;1993;8;19;8900.0;8900.0;1250.0;7650.0;1;0;0;0;0;0;0;0;6.940339448159618;28;2;11;0;0;1;3696.78780877901;01;7;1;Depot;T314;82;Warm (20° bis 31,99° C);Tag;Wolkig;Iowa;Sommer;Entgleisung;Frogs, Switches and Track Appliances;Track, Roadbed and Structures;Depot/Rangieren, EinzelneWagen;7549.41046738485;Nicht Signifikant;False
5826;93124;1993;12;30;12000.0;12000.0;0.0;12000.0;6;0;0;0;0;0;0;0;11.917117953470694;78;0;8;0;0;0;10740.0;03;1;2;Nebenstrecke;H605;30;Kalt (-30° - 0,01° C);Abend;Schnee;New York;Winter;Kollision;Speed;Human Factors;Güterzug, Güterzug;10178.980405462718;Nicht Signifikant;False
5827;9312G0920;1993;12;2;7090.0;7090.0;895.0;6195.0;0;0;0;0;0;0;0;0;0.0;23;1;15;0;0;3;3166.9460093764765;01;6;1;Depot;T305;36;Moderat (0° bis 19,99° C);Abend;Regen;Illinois;Herbst;Entgleisung;Frogs, Switches and Track Appliances;Track, Roadbed and Structures;EinzelneWagen, EinzelneWagen;6014.0809228942235;Nicht Signifikant;False
5828;931391;2017;8;2;234319.0;234319.0;196119.0;38200.0;4;0;0;0;0;0;0;0;4.949628046035187;80;3;20;0;0;0;10692.46421888392;01;6;1;Depot;T221;80;Warm (20° bis 31,99° C);Tag;Klar;Iowa;Sommer;Entgleisung;Rail, Joint Bar and Rail Anchoring;Track, Roadbed and Structures;EinzelneWagen, Güterzug;198088.5958238228;Signifikant;False
5829;93585;1993;11;11;186000.0;186000.0;17000.0;169000.0;6;0;0;5;0;0;1;0;40.0;80;4;61;0;0;5;7194.0;01;1;4;Hauptstrecke;M401;30;Kalt (-30° - 0,01° C);Abend;Wolkig;Indiana;Herbst;Entgleisung;Unusual Operational Situations;Miscellaneous Causes;Güterzug, Güterzug;157774.19628467216;Schwer;False
5830;937377;2017;9;28;138206.0;138206.0;3006.0;135200.0;4;0;0;0;0;0;0;0;3.9542723449729715;150;0;149;0;0;4;25404.0;04;1;X;Industriestrecke;H307;80;Warm (20° bis 31,99° C);Abend;Klar;Louisiana;Herbst;Kollision;General Switching Rules;Human Factors;Güterzug, Güterzug;117342.50297164205;Nicht Signifikant;False
5831;939713;2017;10;22;37792.0;37792.0;3320.0;34472.0;3;0;0;0;0;0;0;0;3.9542723449729715;85;0;61;0;0;0;12924.139716545173;04;7;1;Depot;M502;70;Warm (20° bis 31,99° C);Abend;Wolkig;Mississippi;Herbst;Kollision;Other Miscellaneous;Miscellaneous Causes;Depot/Rangieren, Güterzug;32119.66683664797;Nicht Signifikant;False
5832;9401;1994;3;8;9250.0;9250.0;2350.0;6900.0;2;0;0;0;0;0;0;0;13.907829355595124;0;0;0;0;0;0;69.7799471826711;03;4;2;Hauptstrecke;H999;53;Moderat (0° bis 19,99° C);Tag;Klar;Florida;Winter;Kollision;Miscellaneous;Human Factors;Arbeitszug, Lokomotive;7846.297395877513;Nicht Signifikant;False
5833;9401;1994;3;9;29070.0;29070.0;0.0;29070.0;0;0;0;0;0;0;0;0;3.0;2;0;2;0;0;2;361.14768590197866;04;5;1;Depot;E08C;50;Moderat (0° bis 19,99° C);Abend;Regen;Georgia;Winter;Kollision;Brakes;Mechanical and Electrical Failures;EinzelneWagen, EinzelneWagen;24658.580032233436;Nicht Signifikant;False
5834;940101;1994;1;13;57800.0;57800.0;0.0;57800.0;1;0;0;0;0;0;0;3;14.666666666666666;3;0;2;0;1;1;582.1528022240548;02;5;1;Hauptstrecke;S013;50;Moderat (0° bis 19,99° C);Tag;Klar;New Mexico;Winter;Kollision;SIGNAL AND COMMUNICATION;Signal and Communication;EinzelneWagen, EinzelneWagen, Personenzug;49028.75561964543;Signifikant;True
5835;9401H0021;1994;1;8;35950.0;35950.0;350.0;35600.0;3;0;0;0;0;0;0;0;4.0;56;3;105;0;0;2;9711.23722415046;04;7;1;Depot;H399;5;Kalt (-30° - 0,01° C);Abenddämmerung;Wolkig;Minnesota;Winter;Kollision;General Switching Rules;Human Factors;Depot/Rangieren, Güterzug;30494.52879803206;Nicht Signifikant;False
5836;9402;1994;7;20;8812.0;8812.0;900.0;7912.0;0;0;0;0;0;0;0;0;4.0;0;0;6;0;0;6;261.33861616504294;02;6;X;Depot;E31C;84;Warm (20° bis 31,99° C);Tag;Klar;Georgia;Sommer;Kollision;Coupler and Draft System;Mechanical and Electrical Failures;EinzelneWagen, EinzelneWagen;7474.764611078123;Nicht Signifikant;False
5837;9403G0203;1994;3;29;36463.0;36463.0;725.0;35738.0;4;0;0;0;0;0;0;0;11.917117953470694;114;0;83;0;0;2;12621.0;03;1;2;Hauptstrecke;H306;30;Kalt (-30° - 0,01° C);Abend;Klar;Iowa;Frühling;Kollision;General Switching Rules;Human Factors;Güterzug, Güterzug;30929.680210365594;Nicht Signifikant;False
5838;9404H0289;1994;4;27;29843.0;29843.0;2593.0;27250.0;1;0;0;0;0;0;0;0;2.958916643910756;77;3;1;0;0;0;10081.404822649853;01;6;1;Depot;T221;50;Moderat (0° bis 19,99° C);Abend;Klar;Minnesota;Frühling;Entgleisung;Rail, Joint Bar and Rail Anchoring;Track, Roadbed and Structures;EinzelneWagen, Güterzug;25314.27602001866;Nicht Signifikant;False
5839;9408G0554;1994;8;8;20000.0;20000.0;0.0;20000.0;0;0;0;0;0;0;0;0;4.0;1;1;1;0;0;1;235.07285754013844;01;5;1;Depot;S099;75;Warm (20° bis 31,99° C);Tag;Klar;Illinois;Sommer;Entgleisung;other software/programming deficiencies, etc.);Signal and Communication;EinzelneWagen, EinzelneWagen;16964.967342437863;Nicht Signifikant;False
5840;94090702;1994;9;14;203000.0;203000.0;23000.0;180000.0;3;1;0;0;0;1;0;0;10.0;0;0;0;0;6;0;333.5842514592541;04;8;1;Hauptstrecke;H216;73;Warm (20° bis 31,99° C);Tag;Wolkig;New Jersey;Sommer;Kollision;Flagging, Fixed, Hand and Radio Signals;Human Factors;Lokomotive, Personenzug;172194.41852574432;Signifikant;False
5841;9409G0581;1994;9;23;26800.0;26800.0;300.0;26500.0;5;0;0;0;0;0;0;0;3.9542723449729715;2;0;188;0;0;3;5902.404822649853;01;6;1;Depot;H306;58;Moderat (0° bis 19,99° C);Abend;Regen;Indiana;Herbst;Entgleisung;General Switching Rules;Human Factors;EinzelneWagen, Güterzug;22733.05623886674;Nicht Signifikant;False
5842;94110836;1994;11;17;100000.0;100000.0;0.0;100000.0;1;0;0;0;0;0;0;0;5.0;0;0;0;6;0;0;185.4085115858419;04;7;1;Depot;H018;45;Moderat (0° bis 19,99° C);Abend;Klar;New Jersey;Herbst;Kollision;Brakes, Use of;Human Factors;Depot/Rangieren, EinzelneWagen;84824.83671218932;Nicht Signifikant;False
5843;9411G0723;1994;11;7;13251.0;13251.0;1056.0;12195.0;2;0;0;0;0;0;0;0;1.9635609428485408;16;2;4;0;0;0;1741.7647087863909;01;7;1;Depot;H312;50;Moderat (0° bis 19,99° C);Abend;Klar;Illinois;Herbst;Entgleisung;General Switching Rules;Human Factors;Depot/Rangieren, EinzelneWagen;11240.139112732208;Nicht Signifikant;False
5844;9411G0724;1994;11;10;17370.0;17370.0;620.0;16750.0;0;0;0;0;0;0;0;0;2.958916643910756;2;1;0;0;0;0;316.90383723900163;01;5;1;Depot;H302;42;Moderat (0° bis 19,99° C);Abend;Klar;Illinois;Herbst;Entgleisung;General Switching Rules;Human Factors;EinzelneWagen, EinzelneWagen;14734.074136907286;Nicht Signifikant;False
5845;9411G0726;1994;11;11;26200.0;26200.0;300.0;25900.0;3;0;0;0;0;0;0;0;3.9542723449729715;19;0;71;0;0;2;4358.713961837759;01;6;1;Depot;H704;40;Moderat (0° bis 19,99° C);Abend;Wolkig;Wisconsion;Herbst;Entgleisung;Switches, Use of;Human Factors;EinzelneWagen, Güterzug;22224.107218593603;Nicht Signifikant;False
5846;9411G0727;1994;11;14;16460.0;16460.0;760.0;15700.0;4;1;0;0;0;0;0;0;0.9682052417863254;35;0;63;0;0;0;5314.0;01;7;1;Depot;H307;50;Moderat (0° bis 19,99° C);Tag;Wolkig;Illinois;Herbst;Entgleisung;General Switching Rules;Human Factors;Depot/Rangieren, Depot/Rangieren;13962.168122826362;Nicht Signifikant;False