index;INCDTNO;YEAR4;MONTH;DAY;ACCDMG;INFRASTRUCTURE_DMG;TRKDMG;EQPDMG;LOCOMOTIVES1;LOCOMOTIVES2;RREMPKLD;RREMPINJ;PASSKLD;PASSINJ;OTHERKLD;OTHERINJ;SPEED;LOADF1;LOADF2;EMPTYF1;EMPTYP1;LOADP1;EMPTYF2;TONS;TYPE;TYPEQ;TRKCLAS;TYPTRK;ACCAUSE;TEMP;TEMP_CLUSTER;VISIBLTY;WEATHER;STATE;Jahreszeit;ACCIDENT_TYPE;ACCCAUSE_LVL1;ACCCAUSE_LVL2;EQUIPMENT_TYPE;ACCDMG_EUR;ACCTYPE;SPD_TOO_HIGH
5847;9412G0800;1994;12;17;26846.0;26846.0;4336.0;22510.0;2;0;0;0;0;0;0;0;3.0;44;3;31;0;0;7;4085.0135534811843;01;7;1;Depot;H312;30;Kalt (-30° - 0,01° C);Abend;Klar;Illinois;Herbst;Entgleisung;General Switching Rules;Human Factors;Depot/Rangieren, EinzelneWagen;22772.075663754345;Nicht Signifikant;False
5848;946003;1994;1;3;16100.0;16100.0;100.0;16000.0;1;0;0;1;0;0;0;0;3.5;36;0;28;0;0;0;5017.546716143652;04;7;1;Industriestrecke;H020;5;Kalt (-30° - 0,01° C);Tag;Wolkig;Iowa;Winter;Kollision;Brakes, Use of;Human Factors;Depot/Rangieren, EinzelneWagen;13656.79871066248;Signifikant;False
5849;949113;2018;2;5;96541.0;96541.0;3800.0;92741.0;4;0;0;0;0;0;0;0;3.9542723449729715;150;4;141;0;0;2;24976.0;01;1;1;Industriestrecke;H703;46;Moderat (0° bis 19,99° C);Abend;Klar;Louisiana;Winter;Entgleisung;Switches, Use of;Human Factors;Güterzug, Güterzug;77605.30546623794;Nicht Signifikant;False
5850;94T008;1994;2;9;13000.0;13000.0;1000.0;12000.0;4;0;0;0;0;0;0;0;3.0;70;2;0;0;0;0;8072.017746226391;04;7;3;Depot;H018;10;Kalt (-30° - 0,01° C);Tag;Klar;Illinois;Winter;Kollision;Brakes, Use of;Human Factors;Depot/Rangieren, Depot/Rangieren;11027.228772584613;Nicht Signifikant;False
5851;9502G0080;1995;2;9;1151600.0;1151600.0;250000.0;901596.0;4;0;0;0;0;0;0;0;46.75456749064823;73;12;104;0;0;56;11858.0;01;1;4;Hauptstrecke;E62C;22;Kalt (-30° - 0,01° C);Abend;Klar;Wisconsion;Winter;Entgleisung;Wheels;Mechanical and Electrical Failures;Güterzug, Güterzug;976842.8195775723;Signifikant;False
5852;9505;1995;2;23;24390.0;24390.0;940.0;23450.0;1;0;0;0;0;0;0;1;3.0;11;0;10;0;0;0;1688.336383802324;02;5;2;Depot;H306;68;Warm (20° bis 31,99° C);Tag;Klar;Florida;Winter;Kollision;General Switching Rules;Human Factors;EinzelneWagen, Güterzug;20688.777674102977;Signifikant;False
5853;95050;1995;8;5;35850.0;35850.0;2000.0;33850.0;1;1;0;1;0;0;0;0;29.83352057259057;1;1;0;0;0;0;203.14641270974315;02;5;1;Hauptstrecke;H999;75;Warm (20° bis 31,99° C);Tag;Regen;Mississippi;Sommer;Kollision;Miscellaneous;Human Factors;EinzelneWagen, Lokomotive;30409.703961319872;Signifikant;True
5854;9505H0379;1995;5;27;532390.0;532390.0;2340.0;530050.0;4;0;0;0;0;0;0;1;22.866030665155062;72;0;82;0;0;6;11117.0;02;1;1;Hauptstrecke;H404;52;Moderat (0° bis 19,99° C);Abend;Regen;North Dakota;Frühling;Kollision;Main Track Authority;Human Factors;Güterzug, Güterzug;451598.94817202474;Signifikant;True
5855;95060287;1995;5;10;6752.0;6752.0;0.0;6752.0;2;0;0;1;0;0;0;0;9.926406551346263;0;0;4;2;4;0;397.4702376433496;04;4;1;Hauptstrecke;H499;55;Moderat (0° bis 19,99° C);Tag;Wolkig;New Jersey;Frühling;Kollision;Main Track Authority;Human Factors;Arbeitszug, Personenzug;5727.372974807024;Signifikant;False
5856;9506G0406;1995;6;7;15750.0;15750.0;1250.0;14500.0;3;0;0;0;0;0;0;0;4.949628046035187;1;0;20;0;0;3;766.8164184217309;01;7;1;Depot;H704;88;Warm (20° bis 31,99° C);Abend;Klar;Indiana;Frühling;Entgleisung;Switches, Use of;Human Factors;Depot/Rangieren, EinzelneWagen;13359.911782169818;Nicht Signifikant;False
5857;950806;1995;8;11;21400.0;21400.0;0.0;21400.0;3;0;0;0;0;0;0;0;4.949628046035187;0;0;24;0;0;0;800.4937922463931;04;7;X;Industriestrecke;H306;90;Heiß (>= 32° C);Tag;Klar;Pennsylvania;Sommer;Kollision;General Switching Rules;Human Factors;Depot/Rangieren, Lokomotive;18152.515056408516;Nicht Signifikant;False
5858;9508G0542;1995;8;5;93294.0;93294.0;1000.0;92294.0;5;1;0;0;0;0;0;0;4.949628046035187;0;0;100;0;0;3;3118.8610721397336;01;6;2;Hauptstrecke;H302;78;Warm (20° bis 31,99° C);Abend;Regen;Indiana;Sommer;Entgleisung;General Switching Rules;Human Factors;EinzelneWagen, Lokomotive;79136.48316226991;Nicht Signifikant;False
5859;9508G0543;1995;8;8;47187.0;47187.0;500.0;46687.0;1;1;0;1;0;0;0;0;4.5;0;0;2;0;0;0;130.67276760464793;01;6;1;Industriestrecke;H020;82;Warm (20° bis 31,99° C);Abenddämmerung;Klar;Iowa;Sommer;Entgleisung;Brakes, Use of;Human Factors;EinzelneWagen, Lokomotive;40026.295699380775;Signifikant;False
5860;9509H0619;1995;9;30;20200.0;20200.0;150.0;20050.0;2;0;0;0;0;0;0;0;3.9542723449729715;1;1;7;0;0;2;405.78279401331235;01;7;1;Depot;M205;57;Moderat (0° bis 19,99° C);Abend;Regen;Wisconsion;Herbst;Entgleisung;Loading Procedures;Loading;Depot/Rangieren, EinzelneWagen;17134.617015862244;Nicht Signifikant;False
5861;95100518;1995;10;15;67900.0;67900.0;2900.0;65000.0;24;2;0;0;0;0;0;0;3.9542723449729715;0;0;0;0;0;0;69.7799471826711;04;2;1;Depot;H599;70;Warm (20° bis 31,99° C);Abend;Regen;New Jersey;Herbst;Kollision;Train Handling/Train Makeup;Human Factors;Personenzug, Personenzug;57596.06412757655;Nicht Signifikant;False
5862;95101301;1995;10;13;28583.0;28583.0;1983.0;26600.0;1;0;0;0;0;0;0;0;9.926406551346263;2;1;7;0;0;0;598.2564391184076;04;7;X;Depot;H021;40;Moderat (0° bis 19,99° C);Abend;Klar;Washington;Herbst;Kollision;Brakes, Use of;Human Factors;Depot/Rangieren, EinzelneWagen;24245.483077445075;Nicht Signifikant;True
5863;95102;1995;10;8;26000.0;26000.0;2000.0;24000.0;5;0;0;0;0;0;0;0;9.926406551346263;98;2;39;0;0;0;10212.0;04;1;X;Depot;T399;55;Moderat (0° bis 19,99° C);Tag;Klar;New York;Herbst;Kollision;Frogs, Switches and Track Appliances;Track, Roadbed and Structures;Güterzug, Güterzug;22054.457545169225;Nicht Signifikant;True
5864;95102801;1995;10;28;8025.0;8025.0;525.0;7500.0;3;0;0;0;0;0;0;0;5.0;51;0;57;0;0;2;7546.5186245835175;04;6;2;Industriestrecke;H306;25;Kalt (-30° - 0,01° C);Abenddämmerung;Klar;Washington;Herbst;Kollision;General Switching Rules;Human Factors;EinzelneWagen, Güterzug;6807.193146153193;Nicht Signifikant;False
5865;95155APL;1995;7;23;8250.0;8250.0;3800.0;4450.0;4;0;0;0;0;0;0;0;2.958916643910756;228;1;0;0;0;0;29544.0;04;1;3;Industriestrecke;H302;80;Warm (20° bis 31,99° C);Abend;Klar;Arkansas;Sommer;Kollision;General Switching Rules;Human Factors;Güterzug, Güterzug;6998.0490287556195;Nicht Signifikant;False
5866;955453;2018;4;11;146091.0;146091.0;915.0;145176.0;2;0;0;0;0;0;0;0;2.0;10;1;0;0;0;0;1226.9632334730693;01;7;1;Depot;S016;56;Moderat (0° bis 19,99° C);Tag;Klar;Indiana;Frühling;Entgleisung;SIGNAL AND COMMUNICATION;Signal and Communication;Depot/Rangieren, EinzelneWagen;117967.53875968992;Nicht Signifikant;False
5867;96020087;1996;2;9;3500000.0;3500000.0;100000.0;3400000.0;2;1;2;3;1;62;0;0;35.5;0;0;0;4;7;0;460.2358284876819;04;2;3;Hauptstrecke;H204;42;Moderat (0° bis 19,99° C);Tag;Wolkig;New Jersey;Winter;Kollision;Flagging, Fixed, Hand and Radio Signals;Human Factors;Personenzug, Personenzug;2968869.2849266264;Schwer;False
5868;96020147;1996;2;8;18187.0;18187.0;1187.0;17000.0;4;0;0;0;0;0;0;0;5.0;50;0;67;0;0;3;8400.0;04;7;1;Depot;H307;35;Moderat (0° bis 19,99° C);Abend;Klar;Illinois;Winter;Kollision;General Switching Rules;Human Factors;Depot/Rangieren, Depot/Rangieren;15427.093052845872;Nicht Signifikant;False
5869;96020164;1996;2;14;2723960.0;2723960.0;311876.0;1212080.0;7;5;0;7;0;0;0;0;46.50913498129646;89;4;82;0;0;2;12261.962831131474;02;6;1;Depot;M505;20;Kalt (-30° - 0,01° C);Abend;Wolkig;Minnesota;Winter;Kollision;Other Miscellaneous;Miscellaneous Causes;EinzelneWagen, Güterzug, Güterzug, Lokomotive, Lokomotive;2310594.622105352;Schwer;True
5870;96040315;1996;4;24;49768.0;49768.0;3768.0;46000.0;4;0;0;0;0;0;0;0;3.5;52;0;59;0;0;3;6190.0;01;7;1;Depot;H504;65;Moderat (0° bis 19,99° C);Tag;Klar;Illinois;Frühling;Entgleisung;Train Handling/Train Makeup;Human Factors;Depot/Rangieren, Depot/Rangieren;42215.624734922385;Nicht Signifikant;False
5871;96060471;1996;6;27;82091.0;82091.0;666.0;81425.0;3;1;0;0;0;0;0;0;5.5;77;0;47;0;0;0;11292.0;04;7;1;Depot;H399;75;Warm (20° bis 31,99° C);Abend;Klar;Minnesota;Sommer;Kollision;General Switching Rules;Human Factors;Depot/Rangieren, Depot/Rangieren;69633.55670540335;Nicht Signifikant;False
5872;96080480;1996;7;18;112000.0;112000.0;0.0;112000.0;15;0;0;0;0;0;0;0;10.0;0;0;0;5;0;0;164.87803585264237;04;2;4;Hauptstrecke;M502;85;Warm (20° bis 31,99° C);Tag;Klar;New Jersey;Sommer;Kollision;Other Miscellaneous;Miscellaneous Causes;Personenzug, Personenzug;95003.81711765204;Nicht Signifikant;False
5873;96090661;1996;9;21;11030.0;11030.0;230.0;10800.0;1;0;0;0;0;0;0;0;2.5;0;0;5;0;0;2;185.78279401331238;01;7;1;Depot;M408;60;Moderat (0° bis 19,99° C);Abend;Wolkig;Illinois;Sommer;Entgleisung;Unusual Operational Situations;Miscellaneous Causes;Depot/Rangieren, EinzelneWagen;9356.179489354483;Nicht Signifikant;False
5874;96120881;1996;12;26;20500.0;20500.0;0.0;20500.0;3;0;0;0;0;0;0;0;2.0;0;0;0;0;0;0;69.7799471826711;04;8;1;Depot;H306;15;Kalt (-30° - 0,01° C);Abend;Wolkig;Wisconsion;Winter;Kollision;General Switching Rules;Human Factors;Lokomotive, Lokomotive;17389.09152599881;Nicht Signifikant;False
5875;962758;2018;6;16;1201869.0;1201869.0;153775.0;1048094.0;4;2;0;4;0;0;0;0;16.0;274;4;0;0;0;0;16074.0;03;1;4;Hauptstrecke;H220;71;Warm (20° bis 31,99° C);Tag;Regen;Wisconsion;Frühling;Kollision;Flagging, Fixed, Hand and Radio Signals;Human Factors;Güterzug, Güterzug;1035945.1228271798;Signifikant;False
5876;963713;2018;6;24;57063.0;57063.0;7063.0;50000.0;5;0;0;0;0;0;0;0;3.9542723449729715;73;2;38;0;0;0;11916.0;03;7;1;Depot;H702;75;Warm (20° bis 31,99° C);Tag;Klar;Wisconsion;Sommer;Kollision;Switches, Use of;Human Factors;Depot/Rangieren, Depot/Rangieren;48844.15658525451;Nicht Signifikant;False
5877;967254;2018;7;24;146099.0;146099.0;3199.0;142900.0;2;0;0;0;0;0;0;0;5.944983747097401;12;1;122;0;0;6;8107.583561976856;04;6;1;Depot;H099;86;Warm (20° bis 31,99° C);Abend;Klar;Tennessee;Sommer;Kollision;Brakes, Use of;Human Factors;EinzelneWagen, Güterzug;124806.93661370236;Nicht Signifikant;False
5878;97010061;1997;1;18;11705.0;11705.0;1080.0;10625.0;1;0;0;0;0;0;0;0;2.958916643910756;57;0;46;0;0;1;10353.509581970058;01;7;1;Depot;M101;20;Kalt (-30° - 0,01° C);Tag;Wolkig;North Dakota;Winter;Entgleisung;Environmental Conditions;Environmental Conditions;Depot/Rangieren, EinzelneWagen;9928.747137161761;Nicht Signifikant;False
5879;97020177;1997;2;13;8245.0;8245.0;145.0;8100.0;7;0;0;0;0;0;0;0;2.958916643910756;8;1;21;0;0;0;1179.8899735913355;04;7;1;Depot;H702;8;Kalt (-30° - 0,01° C);Morgendämmerung;Klar;Minnesota;Winter;Kollision;Switches, Use of;Human Factors;Depot/Rangieren, Lokomotive;6993.80778692001;Nicht Signifikant;False
5880;970517;2018;8;22;40080.0;40080.0;30.0;40050.0;1;0;0;0;0;0;0;0;3.5;0;0;30;0;0;3;987.6123573705443;04;7;1;Depot;H020;65;Moderat (0° bis 19,99° C);Abenddämmerung;Klar;Iowa;Sommer;Kollision;Brakes, Use of;Human Factors;Depot/Rangieren, EinzelneWagen;34504.13223140496;Nicht Signifikant;False
5881;97145;1997;5;14;343000.0;343000.0;30000.0;313000.0;5;2;0;2;0;0;0;0;24.856742067279495;2;0;24;4;0;0;1793.1186677135745;02;1;3;Nebenstrecke;H702;65;Moderat (0° bis 19,99° C);Abend;Klar;Missouri;Frühling;Kollision;Switches, Use of;Human Factors;Güterzug, Personenzug;290949.18992280937;Signifikant;False
5882;977696;2018;11;2;24895.0;24895.0;0.0;24895.0;2;0;0;0;0;0;0;0;4.949628046035187;14;0;0;0;0;0;1662.3838905922898;04;7;X;Industriestrecke;H306;42;Moderat (0° bis 19,99° C);Abend;Klar;Illinois;Herbst;Kollision;General Switching Rules;Human Factors;Depot/Rangieren, EinzelneWagen;21805.202767802402;Nicht Signifikant;False
5883;978717;2018;11;12;48030.0;48030.0;4000.0;44030.0;4;0;0;0;0;0;0;0;3.0;150;5;100;0;0;2;42759.0;01;1;X;Industriestrecke;T111;62;Moderat (0° bis 19,99° C);Tag;Regen;Louisiana;Herbst;Entgleisung;Track Geometry;Track, Roadbed and Structures;Güterzug, Güterzug;42636.48468708389;Nicht Signifikant;False
5884;98;1997;4;8;30150.0;30150.0;150.0;30000.0;4;1;0;0;0;0;0;0;7.5;5;0;2;0;0;0;659.8899735913355;05;7;1;Depot;H307;17;Kalt (-30° - 0,01° C);Abend;Schnee;Montana;Frühling;Kollision;General Switching Rules;Human Factors;Depot/Rangieren, Lokomotive;25574.68826872508;Nicht Signifikant;False
5885;980412363;1998;12;4;50000.0;50000.0;0.0;50000.0;1;0;0;0;0;0;0;0;9.926406551346263;1;1;2;0;0;0;268.25643911840757;02;5;1;Nebenstrecke;H603;69;Warm (20° bis 31,99° C);Tag;Klar;North Carolina;Herbst;Kollision;Speed;Human Factors;EinzelneWagen, Güterzug;42412.41835609466;Nicht Signifikant;False
5886;980501D;1998;5;10;23560.0;23560.0;560.0;23000.0;2;0;0;0;0;0;0;0;4.5;9;1;14;0;0;4;1545.3756903752765;04;6;1;Industriestrecke;H020;65;Moderat (0° bis 19,99° C);Tag;Wolkig;Kentucky;Frühling;Kollision;Brakes, Use of;Human Factors;EinzelneWagen, Güterzug;19984.731529391804;Nicht Signifikant;False
5887;98060201;1998;6;9;12430.0;12430.0;280.0;12150.0;3;0;0;0;0;0;0;0;3.9542723449729715;16;4;0;0;0;0;2080.0;01;7;1;Depot;T299;63;Moderat (0° bis 19,99° C);Tag;Wolkig;North Dakota;Frühling;Entgleisung;Rail, Joint Bar and Rail Anchoring;Track, Roadbed and Structures;Depot/Rangieren, EinzelneWagen;10543.727203325134;Nicht Signifikant;False
5888;980705D;1998;7;23;16000.0;16000.0;0.0;16000.0;1;0;0;0;0;0;0;0;4.949628046035187;10;1;15;0;0;2;1686.6194558767093;04;6;1;Industriestrecke;H020;88;Warm (20° bis 31,99° C);Tag;Wolkig;Kentucky;Sommer;Kollision;Brakes, Use of;Human Factors;EinzelneWagen, Güterzug;13571.973873950292;Nicht Signifikant;False
5889;982198;2018;12;20;26125.0;26125.0;0.0;26125.0;2;0;0;0;0;0;0;0;3.9542723449729715;16;0;1;0;0;0;1920.345149861795;05;6;1;Depot;H702;53;Moderat (0° bis 19,99° C);Abend;Nebel;Louisiana;Herbst;Kollision;Switches, Use of;Human Factors;EinzelneWagen, Lokomotive;22814.601344860712;Nicht Signifikant;False
5890;982959;2018;12;31;996719.0;996719.0;124980.0;871739.0;4;0;0;0;0;0;0;0;3.9542723449729715;166;10;74;0;0;12;24593.0;01;7;1;Depot;T208;51;Moderat (0° bis 19,99° C);Abend;Regen;Tennessee;Winter;Entgleisung;Rail, Joint Bar and Rail Anchoring;Track, Roadbed and Structures;Depot/Rangieren, Güterzug;870496.9432314411;Signifikant;False
5891;984243;2019;1;12;123308.0;123308.0;12943.0;110365.0;2;0;0;0;0;0;0;0;1.9635609428485408;85;0;53;0;0;6;12656.401086573736;01;6;1;Depot;H702;30;Kalt (-30° - 0,01° C);Abend;Wolkig;Illinois;Winter;Entgleisung;Switches, Use of;Human Factors;EinzelneWagen, Güterzug;107121.88341586309;Nicht Signifikant;False
5892;98706;1987;9;24;15000.0;15000.0;0.0;15000.0;2;0;0;0;0;0;0;0;14.903185056657339;0;0;0;0;0;0;69.7799471826711;03;8;3;Depot;H603;55;Moderat (0° bis 19,99° C);Tag;Klar;Indiana;Herbst;Kollision;Speed;Human Factors;Lokomotive, Lokomotive;12723.7255068284;Nicht Signifikant;False
5893;989814;2019;3;3;50550.0;50550.0;0.0;50550.0;1;0;0;0;0;0;0;0;4.949628046035187;0;0;50;0;0;0;2048.282279920988;04;6;1;Industriestrecke;H306;45;Moderat (0° bis 19,99° C);Morgendämmerung;Klar;Louisiana;Winter;Kollision;General Switching Rules;Human Factors;EinzelneWagen, Güterzug;44528.29080658896;Nicht Signifikant;False
5894;99;1988;2;19;47428.0;47428.0;5264.0;42164.0;2;0;0;0;0;0;0;0;9.926406551346263;39;4;28;0;0;0;5437.255153722682;01;6;3;Depot;T001;30;Kalt (-30° - 0,01° C);Abend;Klar;Oklahoma;Winter;Entgleisung;Roadbed;Track, Roadbed and Structures;EinzelneWagen, Güterzug;40230.723555857156;Nicht Signifikant;False
5895;99110;1999;9;3;38250.0;38250.0;0.0;38250.0;4;0;0;0;0;0;0;0;2.5;30;0;28;0;0;0;4335.002168968101;04;7;1;Depot;H305;81;Warm (20° bis 31,99° C);Tag;Klar;Illinois;Sommer;Kollision;General Switching Rules;Human Factors;Depot/Rangieren, Depot/Rangieren;35807.90114210822;Nicht Signifikant;False
5896;993309;2019;4;2;47500.0;47500.0;0.0;47500.0;4;0;0;2;0;0;0;0;19.879963561968417;133;0;183;0;0;0;22726.0;06;1;X;Hauptstrecke;E30C;41;Moderat (0° bis 19,99° C);Abend;Klar;Illinois;Frühling;Kollision;Coupler and Draft System;Mechanical and Electrical Failures;Güterzug, Güterzug;42410.71428571428;Signifikant;True
5897;994929;2019;4;17;12845.0;12845.0;150.0;12695.0;4;1;0;0;0;0;0;0;5.5;120;0;77;0;0;2;18238.0;04;7;1;Depot;H702;64;Moderat (0° bis 19,99° C);Abend;Klar;Louisiana;Frühling;Kollision;Switches, Use of;Human Factors;Depot/Rangieren, Güterzug;11366.250774267763;Nicht Signifikant;False
5898;9963;1999;5;19;7123.0;7123.0;923.0;6200.0;5;0;0;0;0;0;0;0;5.5;6;0;11;0;0;2;1090.1950759179083;04;7;1;Depot;T305;75;Warm (20° bis 31,99° C);Tag;Klar;Illinois;Frühling;Kollision;Frogs, Switches and Track Appliances;Track, Roadbed and Structures;Depot/Rangieren, Depot/Rangieren;6698.326123753997;Nicht Signifikant;False
5899;9993;1999;9;2;43000.0;43000.0;0.0;43000.0;2;0;0;2;0;0;0;0;10.0;12;0;34;0;0;0;2470.046988707379;02;7;1;Hauptstrecke;H605;85;Warm (20° bis 31,99° C);Tag;Wolkig;North Carolina;Sommer;Kollision;Speed;Human Factors;Depot/Rangieren, Lokomotive;40330.14443819171;Signifikant;False
5900;A0438;1988;1;17;20000.0;20000.0;0.0;20000.0;5;0;0;0;0;0;0;0;32.5;0;0;79;0;0;0;7012.336383802324;03;5;3;Hauptstrecke;H402;35;Moderat (0° bis 19,99° C);Tag;Schnee;Kalifornien;Winter;Kollision;Main Track Authority;Human Factors;EinzelneWagen, Güterzug;16964.967342437863;Nicht Signifikant;False
5901;A1064;1994;5;31;35043.0;35043.0;600.0;34443.0;1;0;0;0;0;0;0;0;2.958916643910756;33;3;0;0;0;0;2729.1377537039966;04;7;1;Depot;H702;45;Moderat (0° bis 19,99° C);Abend;Klar;Kalifornien;Frühling;Kollision;Switches, Use of;Human Factors;Depot/Rangieren, EinzelneWagen;29725.167529052505;Nicht Signifikant;False
5902;A130391019;1991;3;22;9600.0;9600.0;50.0;9550.0;2;0;0;0;0;0;0;0;5.944983747097401;118;4;0;0;0;0;12032.820596288326;01;7;1;Depot;T221;65;Moderat (0° bis 19,99° C);Tag;Regen;Virginia;Frühling;Entgleisung;Rail, Joint Bar and Rail Anchoring;Track, Roadbed and Structures;Depot/Rangieren, EinzelneWagen;8143.184324370175;Nicht Signifikant;False
5903;A130391020;1991;3;31;8702.0;8702.0;0.0;8702.0;2;0;0;0;0;0;0;0;9.926406551346263;48;0;0;0;0;0;5530.136324587078;03;6;1;Depot;H601;42;Moderat (0° bis 19,99° C);Abend;Wolkig;Virginia;Frühling;Kollision;Speed;Human Factors;EinzelneWagen, Lokomotive;7381.457290694715;Nicht Signifikant;False
5904;A130690002;1990;6;19;56050.0;56050.0;0.0;56050.0;1;0;0;0;0;0;0;0;10.0;0;0;95;0;0;7;2886.8164184217308;01;7;1;Depot;T299;87;Warm (20° bis 31,99° C);Tag;Wolkig;Virginia;Frühling;Entgleisung;Rail, Joint Bar and Rail Anchoring;Track, Roadbed and Structures;Depot/Rangieren, EinzelneWagen;47544.32097718211;Nicht Signifikant;False
5905;A130790003;1990;7;29;9650.0;9650.0;1000.0;8650.0;2;0;0;0;0;0;0;0;6.940339448159618;61;4;0;0;0;0;6341.251341530213;01;7;2;Depot;T210;85;Warm (20° bis 31,99° C);Tag;Wolkig;Virginia;Sommer;Entgleisung;Rail, Joint Bar and Rail Anchoring;Track, Roadbed and Structures;Depot/Rangieren, EinzelneWagen;8185.596742726269;Nicht Signifikant;False
5906;A130888002;1988;8;12;5450.0;5450.0;0.0;5450.0;1;0;0;0;0;0;0;0;6.0;13;0;22;0;0;1;1643.8181778111039;01;7;1;Depot;M404;87;Warm (20° bis 31,99° C);Abend;Klar;Virginia;Sommer;Entgleisung;Unusual Operational Situations;Miscellaneous Causes;Depot/Rangieren, EinzelneWagen;4622.953600814319;Nicht Signifikant;False
5907;A131089003;1989;10;23;10250.0;10250.0;50.0;10200.0;2;0;0;0;0;0;0;0;5.0;60;3;0;0;0;0;6147.612709469089;01;7;2;Depot;T210;55;Moderat (0° bis 19,99° C);Tag;Wolkig;Virginia;Herbst;Entgleisung;Rail, Joint Bar and Rail Anchoring;Track, Roadbed and Structures;Depot/Rangieren, EinzelneWagen;8694.545762999405;Nicht Signifikant;False
5908;A2007APR1D;2007;4;14;85000.0;85000.0;10000.0;75000.0;4;0;0;0;0;0;0;0;8.5;76;6;0;0;0;0;6439.706901408386;05;6;2;Hauptstrecke;H025;45;Moderat (0° bis 19,99° C);Tag;Regen;West Virginia;Frühling;Kollision;Brakes, Use of;Human Factors;EinzelneWagen, Güterzug;62786.231348795984;Nicht Signifikant;False
5909;A2105;1995;10;25;30200.0;30200.0;200.0;30000.0;2;0;0;1;0;0;0;0;2.958916643910756;20;1;37;0;0;0;3857.8899735913355;04;1;1;Depot;H306;72;Warm (20° bis 31,99° C);Tag;Klar;Kalifornien;Herbst;Kollision;General Switching Rules;Human Factors;Güterzug, Lokomotive;25617.100687081176;Signifikant;False
5910;A2693;1993;12;23;57330.0;57330.0;1500.0;55830.0;1;0;0;0;0;0;0;0;4.949628046035187;67;5;40;0;0;1;8389.627044435281;01;7;1;Depot;T212;45;Moderat (0° bis 19,99° C);Tag;Wolkig;Kalifornien;Winter;Entgleisung;Rail, Joint Bar and Rail Anchoring;Track, Roadbed and Structures;Depot/Rangieren, EinzelneWagen;48630.07888709814;Nicht Signifikant;False
5911;A3539;1989;7;8;563300.0;563300.0;29300.0;534000.0;9;4;0;2;0;0;0;0;29.83352057259057;137;0;0;0;0;0;16641.30075669534;04;1;4;Hauptstrecke;H204;70;Warm (20° bis 31,99° C);Abend;Klar;Kalifornien;Sommer;Kollision;Flagging, Fixed, Hand and Radio Signals;Human Factors;Güterzug, Güterzug;477818.30519976246;Signifikant;False
5912;A3592;1992;10;3;37000.0;37000.0;0.0;37000.0;3;0;0;0;0;0;0;0;4.949628046035187;22;0;48;0;0;0;4540.0;04;7;1;Depot;H401;70;Warm (20° bis 31,99° C);Tag;Klar;Kalifornien;Herbst;Kollision;Main Track Authority;Human Factors;Depot/Rangieren, Depot/Rangieren;31385.18958351005;Nicht Signifikant;False
5913;A3752;1992;10;19;26900.0;26900.0;0.0;26900.0;2;0;0;0;0;0;0;0;4.0;4;1;23;0;0;2;1710.0;04;7;1;Depot;H702;70;Warm (20° bis 31,99° C);Tag;Klar;Kalifornien;Herbst;Kollision;Switches, Use of;Human Factors;Depot/Rangieren, Depot/Rangieren;22817.881075578927;Nicht Signifikant;False
5914;A3882;1992;11;11;42000.0;42000.0;0.0;42000.0;1;0;0;0;0;0;0;0;3.9542723449729715;7;2;0;0;0;0;648.2564391184076;05;7;1;Depot;H018;63;Moderat (0° bis 19,99° C);Abenddämmerung;Klar;Kalifornien;Herbst;Kollision;Brakes, Use of;Human Factors;Depot/Rangieren, EinzelneWagen;35626.431419119515;Nicht Signifikant;False
5915;A3971;1991;10;4;147200.0;147200.0;0.0;147200.0;1;0;0;0;0;0;0;0;10.0;5;0;0;0;0;0;468.647398120594;09;7;3;Hauptstrecke;H999;85;Warm (20° bis 31,99° C);Tag;Klar;Kalifornien;Herbst;Kollision;Miscellaneous;Human Factors;Depot/Rangieren, EinzelneWagen;124862.15964034268;Nicht Signifikant;False
5916;A4805;1985;3;3;159500.0;159500.0;8700.0;150800.0;3;0;0;0;0;0;0;0;3.9542723449729715;72;7;16;0;0;0;7855.458505782015;01;7;1;Depot;E30C;40;Moderat (0° bis 19,99° C);Abend;Klar;Kalifornien;Winter;Entgleisung;Coupler and Draft System;Mechanical and Electrical Failures;Depot/Rangieren, EinzelneWagen;135295.61455594198;Nicht Signifikant;False
5917;A52985;1985;5;29;15000.0;15000.0;14000.0;1000.0;2;0;0;0;0;0;0;0;5.0;18;1;27;0;0;4;2921.7269307426036;04;7;1;Depot;H306;60;Moderat (0° bis 19,99° C);Abenddämmerung;Klar;Pennsylvania;Frühling;Kollision;General Switching Rules;Human Factors;Depot/Rangieren, Depot/Rangieren;12723.7255068284;Nicht Signifikant;False
5918;A5407;1987;5;4;263000.0;263000.0;0.0;263000.0;9;4;0;2;0;0;0;0;10.0;0;0;0;0;0;0;69.7799471826711;02;8;1;Nebenstrecke;H403;85;Warm (20° bis 31,99° C);Tag;Klar;Kalifornien;Frühling;Kollision;Main Track Authority;Human Factors;Lokomotive, Lokomotive;223089.3205530579;Signifikant;False