index;INCDTNO;YEAR4;MONTH;DAY;ACCDMG;INFRASTRUCTURE_DMG;TRKDMG;EQPDMG;LOCOMOTIVES1;LOCOMOTIVES2;RREMPKLD;RREMPINJ;PASSKLD;PASSINJ;OTHERKLD;OTHERINJ;SPEED;LOADF1;LOADF2;EMPTYF1;EMPTYP1;LOADP1;EMPTYF2;TONS;TYPE;TYPEQ;TRKCLAS;TYPTRK;ACCAUSE;TEMP;TEMP_CLUSTER;VISIBLTY;WEATHER;STATE;Jahreszeit;ACCIDENT_TYPE;ACCCAUSE_LVL1;ACCCAUSE_LVL2;EQUIPMENT_TYPE;ACCDMG_EUR;ACCTYPE;SPD_TOO_HIGH
5919;A550392002;1992;3;3;23025.0;23025.0;900.0;22125.0;3;0;0;0;0;0;0;0;1.9757072952323604;21;3;0;0;0;0;1918.8793437638874;04;6;2;Nebenstrecke;H021;65;Moderat (0° bis 19,99° C);Tag;Klar;Virginia;Winter;Kollision;Brakes, Use of;Human Factors;EinzelneWagen, EinzelneWagen, Güterzug;19530.918652981592;Nicht Signifikant;False
5920;A551088017;1988;10;8;423500.0;423500.0;39000.0;384500.0;6;0;0;0;0;0;0;0;22.5;86;15;199;0;0;17;13741.0;01;1;3;Hauptstrecke;M404;37;Moderat (0° bis 19,99° C);Abend;Klar;West Virginia;Herbst;Entgleisung;Unusual Operational Situations;Miscellaneous Causes;Güterzug, Güterzug;359233.1834761218;Signifikant;False
5921;A551189042;1989;11;9;16160.0;16160.0;0.0;16160.0;4;0;0;0;0;0;0;0;4.0;9;0;8;0;0;0;1135.8899735913355;04;7;2;Depot;H401;60;Moderat (0° bis 19,99° C);Tag;Wolkig;North Carolina;Herbst;Kollision;Main Track Authority;Human Factors;Depot/Rangieren, Lokomotive;13707.693612689794;Nicht Signifikant;False
5922;A620389003;1989;3;5;25902.0;25902.0;150.0;25752.0;2;0;0;0;0;0;0;0;0.0;74;3;21;0;0;3;10257.188274341688;01;7;1;Depot;H999;50;Moderat (0° bis 19,99° C);Abend;Regen;Ohio;Winter;Entgleisung;Miscellaneous;Human Factors;Depot/Rangieren, EinzelneWagen, EinzelneWagen;21971.32920519128;Nicht Signifikant;False
5923;A620389005;1989;3;20;21319.0;21319.0;500.0;20819.0;3;2;0;0;0;0;0;0;0.0;15;0;4;0;0;2;2109.635683674103;04;6;2;Industriestrecke;H022;42;Moderat (0° bis 19,99° C);Tag;Regen;West Virginia;Winter;Kollision;Brakes, Use of;Human Factors;EinzelneWagen, Güterzug;18083.80693867164;Nicht Signifikant;False
5924;A620389006;1989;3;27;11000.0;11000.0;0.0;11000.0;7;0;0;0;0;0;0;0;15.0;115;0;152;0;0;0;15240.0;05;1;3;Hauptstrecke;M201;45;Moderat (0° bis 19,99° C);Abend;Klar;West Virginia;Frühling;Kollision;Loading Procedures;Loading;Güterzug, Güterzug;9330.732038340826;Nicht Signifikant;False
5925;A620490004;1990;4;4;8338.0;8338.0;0.0;8338.0;4;0;0;0;0;0;0;0;3.9542723449729715;0;0;45;30;0;4;1961.7737472745184;01;6;2;Nebenstrecke;H999;55;Moderat (0° bis 19,99° C);Tag;Klar;Kentucky;Frühling;Entgleisung;Miscellaneous;Human Factors;EinzelneWagen, Güterzug;7072.694885062346;Nicht Signifikant;False
5926;A620689001;1989;6;22;12716.0;12716.0;200.0;12516.0;5;0;0;0;0;0;0;0;12.5;150;5;172;0;0;2;18760.0;04;1;1;Depot;T222;75;Warm (20° bis 31,99° C);Tag;Wolkig;West Virginia;Sommer;Kollision;Rail, Joint Bar and Rail Anchoring;Track, Roadbed and Structures;Güterzug, Güterzug;10786.326236321995;Nicht Signifikant;True
5927;A620789002;1989;7;15;43000.0;43000.0;3000.0;40000.0;0;0;0;0;0;0;0;0;7.935695149221832;0;0;60;0;0;11;1912.8449406554519;01;6;1;Industriestrecke;H999;85;Warm (20° bis 31,99° C);Tag;Klar;Virginia;Sommer;Entgleisung;Miscellaneous;Human Factors;EinzelneWagen, EinzelneWagen;36474.67978624141;Nicht Signifikant;False
5928;A620790001;1990;7;1;6000.0;6000.0;0.0;6000.0;2;0;0;0;0;0;0;0;1.9635609428485408;0;0;68;0;0;0;2090.51433097593;04;6;2;Industriestrecke;H999;68;Warm (20° bis 31,99° C);Abend;Wolkig;Kentucky;Sommer;Kollision;Miscellaneous;Human Factors;EinzelneWagen, Güterzug;5089.490202731359;Nicht Signifikant;False
5929;A620888001;1988;8;3;11900.0;11900.0;0.0;11900.0;11;9;0;0;0;0;0;0;9.926406551346263;0;0;155;0;0;4;4341.889973591336;03;1;3;Hauptstrecke;H999;85;Warm (20° bis 31,99° C);Tag;Klar;Virginia;Sommer;Kollision;Miscellaneous;Human Factors;Güterzug, Lokomotive;10094.15556875053;Nicht Signifikant;False
5930;A620888002;1988;8;23;10500.0;10500.0;0.0;10500.0;2;0;0;0;0;0;0;0;7.935695149221832;87;1;0;0;0;0;8637.701803820191;04;6;1;Industriestrecke;H513;75;Warm (20° bis 31,99° C);Tag;Klar;West Virginia;Sommer;Kollision;Train Handling/Train Makeup;Human Factors;EinzelneWagen, Güterzug;8906.607854779879;Nicht Signifikant;False
5931;A620988001;1988;9;28;6000.0;6000.0;0.0;6000.0;8;0;0;0;0;0;0;0;9.926406551346263;0;0;0;0;0;0;69.7799471826711;03;8;1;Hauptstrecke;H699;65;Moderat (0° bis 19,99° C);Tag;Klar;West Virginia;Herbst;Kollision;Speed;Human Factors;Lokomotive, Lokomotive;5089.490202731359;Nicht Signifikant;False
5932;A621089003;1989;10;18;30900.0;30900.0;100.0;30800.0;3;0;0;0;0;0;0;0;7.935695149221832;107;4;0;0;0;0;12404.795995759487;01;6;1;Industriestrecke;T314;50;Moderat (0° bis 19,99° C);Tag;Regen;West Virginia;Herbst;Entgleisung;Frogs, Switches and Track Appliances;Track, Roadbed and Structures;EinzelneWagen, Güterzug;26210.8745440665;Nicht Signifikant;False
5933;A621090002;1990;10;25;14500.0;14500.0;4000.0;10500.0;2;0;0;0;0;0;0;0;4.5;34;3;0;0;0;0;4349.528712706183;02;7;1;Depot;H999;54;Moderat (0° bis 19,99° C);Tag;Wolkig;West Virginia;Herbst;Kollision;Miscellaneous;Human Factors;Depot/Rangieren, EinzelneWagen;12299.601323267452;Nicht Signifikant;False
5934;A621091001;1991;10;19;35500.0;35500.0;0.0;35500.0;7;0;0;0;0;0;0;0;12.0;325;6;0;0;0;0;42035.0;04;7;1;Depot;H021;50;Moderat (0° bis 19,99° C);Abend;Klar;West Virginia;Herbst;Kollision;Brakes, Use of;Human Factors;Depot/Rangieren, Güterzug, Güterzug;30112.81703282721;Nicht Signifikant;True
5935;A621091002;1991;10;18;11500.0;11500.0;0.0;11500.0;7;0;0;0;0;0;0;0;4.0;186;0;0;0;0;0;37836.0;04;1;1;Depot;H702;60;Moderat (0° bis 19,99° C);Tag;Klar;West Virginia;Herbst;Kollision;Switches, Use of;Human Factors;Güterzug, Güterzug;9754.856221901773;Nicht Signifikant;False
5936;A621189002;1989;11;10;9600.0;9600.0;0.0;9600.0;3;0;0;0;0;0;0;0;1.5;6;0;170;0;0;2;5580.0;04;7;1;Depot;H999;41;Moderat (0° bis 19,99° C);Abend;Klar;West Virginia;Herbst;Kollision;Miscellaneous;Human Factors;Depot/Rangieren, Depot/Rangieren;8143.184324370175;Nicht Signifikant;False
5937;A621288004;1988;12;17;6000.0;6000.0;2000.0;4000.0;2;0;0;0;0;0;0;0;4.949628046035187;101;0;88;0;0;8;21770.389851046442;01;6;2;Depot;T221;38;Moderat (0° bis 19,99° C);Tag;Klar;Virginia;Herbst;Entgleisung;Rail, Joint Bar and Rail Anchoring;Track, Roadbed and Structures;EinzelneWagen, Güterzug;5089.490202731359;Nicht Signifikant;False
5938;A621289004;1989;12;1;12000.0;12000.0;0.0;12000.0;3;0;0;0;0;0;0;0;0.9682052417863254;25;0;0;0;0;0;3187.4345207668866;04;6;2;Industriestrecke;H022;45;Moderat (0° bis 19,99° C);Abenddämmerung;Klar;West Virginia;Herbst;Kollision;Brakes, Use of;Human Factors;EinzelneWagen, Güterzug;10178.980405462718;Nicht Signifikant;False
5939;A621291001;1991;12;10;7000.0;7000.0;0.0;7000.0;5;4;0;0;0;0;0;0;9.926406551346263;0;0;163;0;0;0;4782.889973591336;04;1;1;Depot;H017;38;Moderat (0° bis 19,99° C);Abend;Klar;West Virginia;Herbst;Kollision;Brakes, Use of;Human Factors;Güterzug, Lokomotive;5937.738569853253;Nicht Signifikant;False
5940;A63;1994;8;3;8171.0;8171.0;0.0;8171.0;0;0;0;0;0;0;0;0;3.0;7;5;7;0;0;0;1177.2519953534675;04;6;1;Hauptstrecke;M599;86;Warm (20° bis 31,99° C);Tag;Regen;Texas;Sommer;Kollision;Other Miscellaneous;Miscellaneous Causes;EinzelneWagen, EinzelneWagen;6931.03740775299;Nicht Signifikant;False
5941;A6677;1987;6;15;1580750.0;1580750.0;250.0;1580500.0;9;3;1;1;0;0;0;0;9.926406551346263;88;0;103;0;0;2;11364.0;02;1;1;Hauptstrecke;H603;80;Warm (20° bis 31,99° C);Abend;Klar;Arizona;Frühling;Kollision;Speed;Human Factors;Güterzug, Güterzug;1340868.6063279328;Schwer;False
5942;A820190003;1990;1;8;11200.0;11200.0;400.0;10800.0;2;0;0;0;0;0;0;0;4.0;2;1;2;0;0;0;190.0;04;7;1;Industriestrecke;H018;40;Moderat (0° bis 19,99° C);Tag;Klar;Ohio;Winter;Kollision;Brakes, Use of;Human Factors;Depot/Rangieren, Depot/Rangieren;9500.381711765205;Nicht Signifikant;False
5943;A820490003;1990;4;21;23800.0;23800.0;1800.0;22000.0;2;0;0;0;0;0;0;0;4.932837394713582;23;3;30;0;0;3;3430.6123573705445;01;6;1;Depot;H299;50;Moderat (0° bis 19,99° C);Abend;Klar;Ohio;Frühling;Entgleisung;Flagging, Fixed, Hand and Radio Signals;Human Factors;EinzelneWagen, EinzelneWagen, Güterzug;20188.31113750106;Nicht Signifikant;False
5944;A91686;1986;9;16;6800.0;6800.0;0.0;6800.0;2;0;0;0;0;0;0;0;4.0;0;0;93;0;0;4;1403.9208104257323;01;7;1;Depot;H306;75;Warm (20° bis 31,99° C);Tag;Klar;Pennsylvania;Sommer;Entgleisung;General Switching Rules;Human Factors;Depot/Rangieren, Depot/Rangieren;5768.088896428874;Nicht Signifikant;False
5945;A920391011;1991;3;16;6500.0;6500.0;0.0;6500.0;1;0;0;0;0;0;0;0;0.0;13;1;12;0;0;0;1933.592429592706;05;7;1;Depot;H999;24;Kalt (-30° - 0,01° C);Abend;Klar;Ohio;Winter;Kollision;Miscellaneous;Human Factors;Depot/Rangieren, EinzelneWagen;5513.614386292306;Nicht Signifikant;False
5946;A920689003;1989;6;28;29650.0;29650.0;750.0;28900.0;2;0;0;0;0;0;0;0;4.949628046035187;64;3;2;0;0;1;8516.816418421731;01;7;1;Industriestrecke;T108;75;Warm (20° bis 31,99° C);Tag;Klar;Indiana;Sommer;Entgleisung;Track Geometry;Track, Roadbed and Structures;Depot/Rangieren, EinzelneWagen;25150.564085164136;Nicht Signifikant;False
5947;A940289004;1989;2;13;9700.0;9700.0;400.0;9300.0;1;0;0;0;0;0;0;0;4.949628046035187;7;1;22;0;0;4;2261.7943881695437;01;7;1;Depot;H601;34;Moderat (0° bis 19,99° C);Tag;Wolkig;Illinois;Winter;Entgleisung;Speed;Human Factors;Depot/Rangieren, EinzelneWagen;8228.009161082364;Nicht Signifikant;False
5948;A940289005;1989;2;27;6500.0;6500.0;0.0;6500.0;1;0;0;0;0;0;0;0;5.944983747097401;29;1;79;0;0;2;5919.291105237079;04;7;2;Depot;H702;18;Kalt (-30° - 0,01° C);Abend;Klar;Illinois;Winter;Kollision;Switches, Use of;Human Factors;Depot/Rangieren, EinzelneWagen;5513.614386292306;Nicht Signifikant;False
5949;A940489002;1989;4;20;6350.0;6350.0;700.0;5650.0;4;1;0;0;0;0;0;0;5.0;10;0;6;0;0;0;1494.8899735913355;04;7;1;Depot;H401;70;Warm (20° bis 31,99° C);Tag;Klar;Missouri;Frühling;Kollision;Main Track Authority;Human Factors;Depot/Rangieren, Lokomotive;5386.377131224022;Nicht Signifikant;False
5950;A940490005;1990;4;28;6250.0;6250.0;0.0;6250.0;6;1;0;0;0;0;0;0;6.940339448159618;0;0;23;0;0;0;1184.8899735913355;04;7;2;Depot;H401;50;Moderat (0° bis 19,99° C);Abend;Regen;Illinois;Frühling;Kollision;Main Track Authority;Human Factors;Depot/Rangieren, Lokomotive;5301.552294511833;Nicht Signifikant;False
5951;A940690001;1990;6;14;7950.0;7950.0;0.0;7950.0;2;0;0;0;0;0;0;0;2.0;7;1;2;0;0;1;1062.4602738586545;01;6;1;Depot;H021;91;Heiß (>= 32° C);Tag;Klar;Illinois;Frühling;Entgleisung;Brakes, Use of;Human Factors;EinzelneWagen, Güterzug;6743.574518619052;Nicht Signifikant;False
5952;A940989004;1989;9;29;20000.0;20000.0;800.0;19200.0;5;0;0;0;0;0;0;0;4.949628046035187;30;0;127;0;0;5;9262.0;01;1;1;Depot;H704;55;Moderat (0° bis 19,99° C);Morgendämmerung;Wolkig;Illinois;Herbst;Entgleisung;Switches, Use of;Human Factors;Güterzug, Güterzug;16964.967342437863;Nicht Signifikant;False
5953;AF10472;2002;10;29;81990.0;81990.0;32890.0;49100.0;1;0;0;0;0;0;0;0;3.0;48;3;18;0;0;0;6136.998831378311;04;7;2;Depot;M599;45;Moderat (0° bis 19,99° C);Abend;Klar;Illinois;Herbst;Kollision;Other Miscellaneous;Miscellaneous Causes;Depot/Rangieren, EinzelneWagen;83492.8716904277;Nicht Signifikant;False
5954;AF10657;2003;7;28;11690.0;11690.0;1190.0;10500.0;1;0;0;0;0;0;0;0;4.0;1;0;12;0;0;0;548.8942942437906;04;7;2;Depot;M408;80;Warm (20° bis 31,99° C);Tag;Klar;Illinois;Sommer;Kollision;Unusual Operational Situations;Miscellaneous Causes;Depot/Rangieren, EinzelneWagen;10174.949952128121;Nicht Signifikant;False
5955;AF10742;2003;11;3;14320.0;14320.0;2320.0;12000.0;2;1;0;0;0;0;0;0;4.949628046035187;11;0;25;0;0;0;2082.2718722792247;04;7;2;Depot;H302;55;Moderat (0° bis 19,99° C);Tag;Regen;Illinois;Herbst;Kollision;General Switching Rules;Human Factors;Depot/Rangieren, Lokomotive;12356.544999568556;Nicht Signifikant;False
5956;AF11667;2006;10;16;9154.0;9154.0;710.0;8444.0;1;0;0;0;0;0;0;0;2.958916643910756;2;1;0;0;0;0;316.90383723900163;01;6;1;Depot;T210;60;Moderat (0° bis 19,99° C);Abend;Regen;Illinois;Herbst;Entgleisung;Rail, Joint Bar and Rail Anchoring;Track, Roadbed and Structures;EinzelneWagen, Wartungszug;7314.422692768677;Nicht Signifikant;False
5957;AF11697;2006;11;30;19108.0;19108.0;0.0;19108.0;1;0;0;0;0;0;0;0;6.940339448159618;4;4;0;0;0;0;603.2458092909593;01;7;1;Hauptstrecke;H018;50;Moderat (0° bis 19,99° C);Abend;Regen;Illinois;Herbst;Entgleisung;Brakes, Use of;Human Factors;Depot/Rangieren, EinzelneWagen;14475.757575757576;Nicht Signifikant;False
5958;AF11749;2007;1;28;15290.0;15290.0;0.0;15290.0;0;0;0;0;0;0;0;0;0.0;2;0;0;0;0;0;297.294796241188;05;5;1;Depot;H316;11;Kalt (-30° - 0,01° C);Tag;Schnee;Illinois;Winter;Kollision;General Switching Rules;Human Factors;EinzelneWagen, EinzelneWagen;11839.558113723771;Nicht Signifikant;False
5959;AF3228;1985;1;24;9350.0;9350.0;0.0;9350.0;2;0;0;0;0;0;0;0;5.944983747097401;76;1;59;0;0;1;10532.771489471852;04;7;2;Depot;H305;20;Kalt (-30° - 0,01° C);Abend;Wolkig;Illinois;Winter;Kollision;General Switching Rules;Human Factors;Depot/Rangieren, EinzelneWagen;7931.1222325897015;Nicht Signifikant;False
5960;AF3655;1985;8;25;53040.0;53040.0;17790.0;35250.0;2;0;0;0;0;0;0;0;7.935695149221832;96;1;98;0;0;2;13996.810012904978;04;7;2;Depot;H302;60;Moderat (0° bis 19,99° C);Morgendämmerung;Wolkig;Illinois;Sommer;Kollision;General Switching Rules;Human Factors;Depot/Rangieren, EinzelneWagen;44991.093392145216;Nicht Signifikant;False
5961;AF3911;1986;3;14;18144.0;18144.0;12984.0;5160.0;4;0;0;0;0;0;0;0;6.0;40;4;118;0;0;4;8297.109635718525;04;7;2;Depot;T309;50;Moderat (0° bis 19,99° C);Tag;Klar;Illinois;Winter;Kollision;Frogs, Switches and Track Appliances;Track, Roadbed and Structures;Depot/Rangieren, Güterzug;15390.618373059631;Nicht Signifikant;False
5962;AF3925;1986;3;23;42900.0;42900.0;0.0;42900.0;4;0;0;0;0;0;0;0;4.5;103;0;17;0;0;0;12304.383647283099;04;7;2;Depot;H401;50;Moderat (0° bis 19,99° C);Abend;Klar;Illinois;Frühling;Kollision;Main Track Authority;Human Factors;Depot/Rangieren, Lokomotive;36389.85494952922;Nicht Signifikant;False
5963;AF4045;1986;6;27;8920.0;8920.0;1420.0;7500.0;2;0;0;0;0;0;0;0;4.0;60;1;36;0;0;0;8010.905227531576;04;6;2;Depot;M407;70;Warm (20° bis 31,99° C);Tag;Regen;Illinois;Sommer;Kollision;Unusual Operational Situations;Miscellaneous Causes;EinzelneWagen, Güterzug;7566.375434727288;Nicht Signifikant;False
5964;AF4410;1987;2;14;9600.0;9600.0;6400.0;3200.0;1;0;0;0;0;0;0;0;3.0;14;0;10;0;0;1;1968.3280273215807;04;7;2;Depot;H018;38;Moderat (0° bis 19,99° C);Abend;Klar;Illinois;Winter;Kollision;Brakes, Use of;Human Factors;Depot/Rangieren, EinzelneWagen;8143.184324370175;Nicht Signifikant;False
5965;AF4663;1987;8;7;28772.0;28772.0;3772.0;25000.0;0;0;0;0;0;0;0;0;8.0;5;4;0;0;0;0;717.0032338202177;01;6;2;Depot;E31C;70;Warm (20° bis 31,99° C);Abend;Klar;Illinois;Sommer;Entgleisung;Coupler and Draft System;Mechanical and Electrical Failures;EinzelneWagen, EinzelneWagen;24405.802018831113;Nicht Signifikant;False
5966;AF4779;1987;10;19;24500.0;24500.0;0.0;24500.0;2;0;0;0;0;0;0;0;5.0;7;0;3;0;0;0;957.4211495204456;04;6;1;Industriestrecke;H301;48;Moderat (0° bis 19,99° C);Abend;Regen;Illinois;Herbst;Kollision;General Switching Rules;Human Factors;EinzelneWagen, Güterzug;20782.084994486384;Nicht Signifikant;False
5967;AF4788;1987;10;28;12500.0;12500.0;0.0;12500.0;1;0;0;0;0;0;0;0;4.949628046035187;0;0;1;0;0;0;100.22635739365951;09;5;1;Industriestrecke;H306;45;Moderat (0° bis 19,99° C);Tag;Klar;Illinois;Herbst;Kollision;General Switching Rules;Human Factors;EinzelneWagen, Lokomotive;10603.104589023666;Nicht Signifikant;False
5968;AF4934;1989;1;25;23389.0;23389.0;845.0;22544.0;2;0;0;0;0;0;0;0;5.0;68;2;50;0;0;2;9369.783476956109;01;7;2;Depot;M101;3;Kalt (-30° - 0,01° C);Abend;Klar;Illinois;Winter;Entgleisung;Environmental Conditions;Environmental Conditions;Depot/Rangieren, EinzelneWagen;19839.68105861396;Nicht Signifikant;False
5969;AF4948;1988;1;29;8290.0;8290.0;0.0;8290.0;1;0;0;1;0;0;0;0;14.903185056657339;1;0;0;0;0;0;183.53737171192955;04;5;2;Depot;M407;25;Kalt (-30° - 0,01° C);Tag;Klar;Illinois;Winter;Kollision;Unusual Operational Situations;Miscellaneous Causes;EinzelneWagen, Lokomotive;7031.978963440495;Signifikant;False
5970;AF4958;1988;2;5;6542.0;6542.0;592.0;5950.0;0;0;0;0;0;0;0;0;9.926406551346263;2;2;1;0;0;1;368.43932306721047;01;5;2;Depot;H312;0;Kalt (-30° - 0,01° C);Tag;Klar;Illinois;Winter;Entgleisung;General Switching Rules;Human Factors;EinzelneWagen, EinzelneWagen;5549.240817711426;Nicht Signifikant;False
5971;AF4982;1988;2;17;39032.0;39032.0;1282.0;37750.0;2;0;0;0;0;0;0;0;9.926406551346263;56;0;64;0;0;3;8393.206078182626;05;7;2;Depot;T220;35;Moderat (0° bis 19,99° C);Abend;Wolkig;Illinois;Winter;Kollision;Rail, Joint Bar and Rail Anchoring;Track, Roadbed and Structures;Depot/Rangieren, EinzelneWagen;33108.83026550174;Nicht Signifikant;False
5972;AF4988;1988;2;18;28300.0;28300.0;0.0;28300.0;2;0;0;0;0;0;0;0;10.0;51;1;13;0;0;0;6286.820971915516;01;7;2;Depot;M407;32;Moderat (0° bis 19,99° C);Abend;Wolkig;Illinois;Winter;Entgleisung;Unusual Operational Situations;Miscellaneous Causes;Depot/Rangieren, EinzelneWagen;24005.42878954958;Nicht Signifikant;False
5973;AF5008;1988;2;24;12244.0;12244.0;1454.0;10790.0;0;0;0;0;0;0;0;0;10.0;2;2;4;0;0;4;464.21865755839644;01;6;2;Depot;H312;20;Kalt (-30° - 0,01° C);Abend;Klar;Illinois;Winter;Entgleisung;General Switching Rules;Human Factors;EinzelneWagen, EinzelneWagen;10385.953007040462;Nicht Signifikant;False
5974;AF5020;1988;3;6;142326.0;142326.0;12076.0;130250.0;4;0;0;0;0;0;0;0;10.0;91;2;69;0;0;11;12578.006346712496;01;7;2;Depot;T202;25;Kalt (-30° - 0,01° C);Tag;Klar;Illinois;Winter;Entgleisung;Rail, Joint Bar and Rail Anchoring;Track, Roadbed and Structures;Depot/Rangieren, Depot/Rangieren;120727.79709899057;Nicht Signifikant;False
5975;AF5025;1988;3;2;7610.0;7610.0;4110.0;3500.0;4;1;0;0;0;0;0;0;10.0;14;2;38;0;0;2;2861.5256298442905;04;7;2;Depot;H401;38;Moderat (0° bis 19,99° C);Abend;Klar;Illinois;Winter;Kollision;Main Track Authority;Human Factors;Depot/Rangieren, Lokomotive;6455.170073797608;Nicht Signifikant;False
5976;AF5068;1988;4;5;45710.0;45710.0;1685.0;44025.0;2;0;0;0;0;0;0;0;11.0;21;1;2;0;0;0;2539.187723716889;04;7;2;Depot;M407;59;Moderat (0° bis 19,99° C);Abend;Klar;Illinois;Frühling;Kollision;Unusual Operational Situations;Miscellaneous Causes;Depot/Rangieren, EinzelneWagen;38773.43286114174;Nicht Signifikant;False
5977;AF5075;1988;4;10;31001.0;31001.0;501.0;30500.0;2;0;0;0;0;0;0;0;10.0;23;0;50;0;0;2;4211.48129114385;04;7;2;Depot;H018;45;Moderat (0° bis 19,99° C);Abend;Klar;Illinois;Frühling;Kollision;Brakes, Use of;Human Factors;Depot/Rangieren, EinzelneWagen;26296.54762914581;Nicht Signifikant;False
5978;AF5163;1988;6;6;22812.0;22812.0;1912.0;20900.0;1;0;0;0;0;0;0;0;10.0;29;0;13;0;0;1;3766.028625893423;04;7;2;Depot;T399;65;Moderat (0° bis 19,99° C);Abend;Klar;Illinois;Frühling;Kollision;Frogs, Switches and Track Appliances;Track, Roadbed and Structures;Depot/Rangieren, EinzelneWagen;19350.24175078463;Nicht Signifikant;False
5979;AF5167;1988;6;11;84649.0;84649.0;4149.0;80500.0;2;0;0;0;0;0;0;0;10.0;41;0;90;0;0;6;7482.891479587668;04;7;2;Depot;H018;50;Moderat (0° bis 19,99° C);Abend;Klar;Illinois;Frühling;Kollision;Brakes, Use of;Human Factors;Depot/Rangieren, EinzelneWagen;71803.37602850114;Nicht Signifikant;False
5980;AF5202;1988;6;29;10883.0;10883.0;533.0;10350.0;2;0;0;0;0;0;0;0;10.0;28;1;18;0;0;0;3822.6322587975133;04;7;2;Depot;T399;62;Moderat (0° bis 19,99° C);Morgendämmerung;Regen;Illinois;Sommer;Kollision;Frogs, Switches and Track Appliances;Track, Roadbed and Structures;Depot/Rangieren, EinzelneWagen;9231.486979387564;Nicht Signifikant;False
5981;AF5258;1988;8;3;17347.0;17347.0;997.0;16350.0;0;0;0;0;0;0;0;0;9.926406551346263;0;0;2;0;0;2;133.63283684346172;01;5;2;Depot;E31C;84;Warm (20° bis 31,99° C);Abend;Klar;Illinois;Sommer;Entgleisung;Coupler and Draft System;Mechanical and Electrical Failures;EinzelneWagen, EinzelneWagen;14714.564424463482;Nicht Signifikant;False
5982;AF5266;1988;8;12;6940.0;6940.0;940.0;6000.0;0;0;0;0;0;0;0;0;9.926406551346263;2;2;1;0;0;1;368.43932306721047;01;5;2;Depot;E31C;80;Warm (20° bis 31,99° C);Abend;Wolkig;Illinois;Sommer;Entgleisung;Coupler and Draft System;Mechanical and Electrical Failures;EinzelneWagen, EinzelneWagen;5886.8436678259395;Nicht Signifikant;False
5983;AF5270;1988;7;31;7650.0;7650.0;950.0;6700.0;0;0;0;0;0;0;0;0;9.950937700897509;3;2;1;0;0;0;515.6066865683977;01;6;2;Depot;E31C;82;Warm (20° bis 31,99° C);Tag;Klar;Illinois;Sommer;Entgleisung;Coupler and Draft System;Mechanical and Electrical Failures;EinzelneWagen, EinzelneWagen, EinzelneWagen;6489.100008482484;Nicht Signifikant;False
5984;AF5289;1988;9;1;14336.0;14336.0;3261.0;11075.0;2;0;0;0;0;0;0;0;4.949628046035187;11;1;13;0;0;2;1739.484059983991;05;7;2;Depot;M404;70;Warm (20° bis 31,99° C);Tag;Klar;Illinois;Sommer;Kollision;Unusual Operational Situations;Miscellaneous Causes;Depot/Rangieren, EinzelneWagen;12160.488591059462;Nicht Signifikant;False
5985;AF5313;1988;9;19;15237.0;15237.0;2531.0;12706.0;2;2;0;0;0;0;0;0;7.5;8;1;0;0;0;0;999.4483844145525;04;7;2;Depot;M407;72;Warm (20° bis 31,99° C);Tag;Regen;Illinois;Sommer;Kollision;Unusual Operational Situations;Miscellaneous Causes;Depot/Rangieren, EinzelneWagen;12924.760369836287;Nicht Signifikant;False
5986;AF5350;1988;10;6;7600.0;7600.0;1000.0;6600.0;2;0;0;0;0;0;0;0;10.0;24;0;55;0;0;1;4475.990732108645;05;7;2;Depot;T399;52;Moderat (0° bis 19,99° C);Abenddämmerung;Klar;Illinois;Herbst;Kollision;Frogs, Switches and Track Appliances;Track, Roadbed and Structures;Depot/Rangieren, EinzelneWagen;6446.687590126388;Nicht Signifikant;False
5987;AF5351;1988;10;14;15900.0;15900.0;0.0;15900.0;0;0;0;0;0;0;0;0;9.950937700897509;3;0;1;0;0;0;476.3886045727704;03;5;2;Depot;S099;60;Moderat (0° bis 19,99° C);Tag;Klar;Illinois;Herbst;Kollision;other software/programming deficiencies, etc.);Signal and Communication;EinzelneWagen, EinzelneWagen, EinzelneWagen;13487.149037238103;Nicht Signifikant;False
5988;AF5370;1988;10;31;5525.0;5525.0;0.0;5525.0;0;0;0;0;0;0;0;0;9.926406551346263;2;0;0;0;0;0;297.294796241188;03;5;2;Depot;S099;38;Moderat (0° bis 19,99° C);Tag;Klar;Illinois;Herbst;Kollision;other software/programming deficiencies, etc.);Signal and Communication;EinzelneWagen, EinzelneWagen;4686.57222834846;Nicht Signifikant;False
5989;AF5418;1988;12;7;8974.0;8974.0;1324.0;7650.0;0;0;0;0;0;0;0;0;7.935695149221832;2;2;0;0;0;0;336.5128782368152;01;5;2;Depot;E31C;28;Kalt (-30° - 0,01° C);Abend;Klar;Illinois;Herbst;Entgleisung;Coupler and Draft System;Mechanical and Electrical Failures;EinzelneWagen, EinzelneWagen;7612.18084655187;Nicht Signifikant;False
5990;AF5458;1989;1;11;72024.0;72024.0;3404.0;68620.0;2;1;0;0;0;0;0;0;19.879963561968417;17;0;50;0;0;2;3528.9367439683;04;6;2;Depot;H702;34;Moderat (0° bis 19,99° C);Abend;Klar;Illinois;Winter;Kollision;Switches, Use of;Human Factors;EinzelneWagen, Lokomotive;61094.24039358724;Nicht Signifikant;False