index;INCDTNO;YEAR4;MONTH;DAY;ACCDMG;INFRASTRUCTURE_DMG;TRKDMG;EQPDMG;LOCOMOTIVES1;LOCOMOTIVES2;RREMPKLD;RREMPINJ;PASSKLD;PASSINJ;OTHERKLD;OTHERINJ;SPEED;LOADF1;LOADF2;EMPTYF1;EMPTYP1;LOADP1;EMPTYF2;TONS;TYPE;TYPEQ;TRKCLAS;TYPTRK;ACCAUSE;TEMP;TEMP_CLUSTER;VISIBLTY;WEATHER;STATE;Jahreszeit;ACCIDENT_TYPE;ACCCAUSE_LVL1;ACCCAUSE_LVL2;EQUIPMENT_TYPE;ACCDMG_EUR;ACCTYPE;SPD_TOO_HIGH
5991;AF5503;1989;2;10;15075.0;15075.0;750.0;14325.0;1;0;0;0;0;0;0;0;9.5;22;1;25;0;0;0;3353.2125830988816;04;7;2;Depot;T305;16;Kalt (-30° - 0,01° C);Abend;Klar;Illinois;Winter;Kollision;Frogs, Switches and Track Appliances;Track, Roadbed and Structures;Depot/Rangieren, EinzelneWagen;12787.34413436254;Nicht Signifikant;False
5992;AF5611;1989;6;1;12095.0;12095.0;0.0;12095.0;1;0;0;0;0;0;0;0;4.949628046035187;0;0;0;0;0;0;69.7799471826711;04;5;2;Depot;H018;54;Moderat (0° bis 19,99° C);Abend;Regen;Illinois;Frühling;Kollision;Brakes, Use of;Human Factors;EinzelneWagen, Lokomotive;10259.564000339298;Nicht Signifikant;False
5993;AF5728;1989;9;24;51959.0;51959.0;0.0;51959.0;0;0;0;0;0;0;0;0;7.935695149221832;1;1;3;0;0;3;298.9257472009291;01;6;2;Depot;M404;44;Moderat (0° bis 19,99° C);Abend;Klar;Illinois;Herbst;Entgleisung;Unusual Operational Situations;Miscellaneous Causes;EinzelneWagen, EinzelneWagen;44074.136907286455;Nicht Signifikant;False
5994;AF5828;1990;2;6;14673.0;14673.0;200.0;14473.0;2;0;0;0;0;0;0;0;5.0;11;1;7;0;0;4;1559.7656679568743;04;7;1;Depot;H306;45;Moderat (0° bis 19,99° C);Tag;Klar;Illinois;Winter;Kollision;General Switching Rules;Human Factors;Depot/Rangieren, Depot/Rangieren;12446.348290779539;Nicht Signifikant;False
5995;AF5939;1990;10;24;25500.0;25500.0;0.0;25500.0;0;0;0;0;0;0;0;0;5.0;2;0;0;0;0;0;297.294796241188;05;5;2;Depot;H302;60;Moderat (0° bis 19,99° C);Tag;Klar;Illinois;Herbst;Kollision;General Switching Rules;Human Factors;EinzelneWagen, EinzelneWagen;21630.33336160828;Nicht Signifikant;False
5996;AF5986;1991;2;18;35323.0;35323.0;300.0;35023.0;0;0;0;0;0;0;0;0;10.0;3;1;0;0;0;0;430.66126176826003;05;6;2;Depot;S099;30;Kalt (-30° - 0,01° C);Abend;Klar;Illinois;Winter;Kollision;other software/programming deficiencies, etc.);Signal and Communication;EinzelneWagen, EinzelneWagen;29962.677071846636;Nicht Signifikant;False
5997;AF5998;1991;3;24;36000.0;36000.0;0.0;36000.0;0;0;0;0;0;0;0;0;9.926406551346263;2;0;0;0;0;0;297.294796241188;05;5;2;Depot;S099;39;Moderat (0° bis 19,99° C);Tag;Klar;Illinois;Frühling;Kollision;other software/programming deficiencies, etc.);Signal and Communication;EinzelneWagen, EinzelneWagen;30536.941216388157;Nicht Signifikant;False
5998;AF6102;1991;10;20;58700.0;58700.0;6000.0;52700.0;1;0;0;0;0;0;0;0;10.0;27;5;14;0;0;0;3665.525357415556;04;6;2;Depot;M407;60;Moderat (0° bis 19,99° C);Tag;Klar;Illinois;Herbst;Kollision;Unusual Operational Situations;Miscellaneous Causes;EinzelneWagen, Güterzug;49792.17915005513;Nicht Signifikant;False
5999;AF6237;1992;5;14;10500.0;10500.0;0.0;10500.0;0;0;0;0;0;0;0;0;5.0;2;0;0;0;0;0;297.294796241188;05;5;2;Depot;S006;72;Warm (20° bis 31,99° C);Tag;Klar;Illinois;Frühling;Kollision;SIGNAL AND COMMUNICATION;Signal and Communication;EinzelneWagen, EinzelneWagen;8906.607854779879;Nicht Signifikant;False
6000;AF6250;1992;6;18;12300.0;12300.0;300.0;12000.0;0;0;0;0;0;0;0;0;4.949628046035187;0;0;2;0;0;2;133.63283684346172;01;5;2;Depot;M405;60;Moderat (0° bis 19,99° C);Tag;Klar;Illinois;Frühling;Entgleisung;Unusual Operational Situations;Miscellaneous Causes;EinzelneWagen, EinzelneWagen;10433.454915599286;Nicht Signifikant;False
6001;AF6261;1992;6;24;10200.0;10200.0;200.0;10000.0;1;0;0;0;0;0;0;0;4.949628046035187;29;2;50;0;0;1;4931.763885695622;05;7;2;Depot;H702;75;Warm (20° bis 31,99° C);Tag;Klar;Illinois;Sommer;Kollision;Switches, Use of;Human Factors;Depot/Rangieren, EinzelneWagen;8652.133344643311;Nicht Signifikant;False
6002;AF6296;1992;7;14;6800.0;6800.0;300.0;6500.0;0;0;0;0;0;0;0;0;4.949628046035187;1;0;2;0;0;1;245.91022675331328;01;6;2;Depot;M405;60;Moderat (0° bis 19,99° C);Abend;Nebel;Illinois;Sommer;Entgleisung;Unusual Operational Situations;Miscellaneous Causes;EinzelneWagen, EinzelneWagen;5768.088896428874;Nicht Signifikant;False
6003;AF6301;1992;8;15;33300.0;33300.0;500.0;32800.0;2;0;0;0;0;0;0;0;7.5;5;1;2;0;0;1;720.5489658681608;04;7;2;Depot;T305;60;Moderat (0° bis 19,99° C);Abend;Klar;Illinois;Sommer;Kollision;Frogs, Switches and Track Appliances;Track, Roadbed and Structures;Depot/Rangieren, EinzelneWagen;28246.670625159044;Nicht Signifikant;False
6004;AF6330;1992;9;26;18500.0;18500.0;4000.0;14500.0;1;0;0;0;0;0;0;0;6.5;19;0;10;0;0;3;2540.075219206687;04;7;2;Depot;S007;60;Moderat (0° bis 19,99° C);Tag;Regen;Illinois;Herbst;Kollision;SIGNAL AND COMMUNICATION;Signal and Communication;Depot/Rangieren, EinzelneWagen;15692.594791755026;Nicht Signifikant;False
6005;AF6387;1992;12;21;7000.0;7000.0;1500.0;5500.0;0;0;0;0;0;0;0;0;4.949628046035187;2;2;0;0;0;0;336.5128782368152;01;5;2;Depot;M405;17;Kalt (-30° - 0,01° C);Tag;Wolkig;Illinois;Winter;Entgleisung;Unusual Operational Situations;Miscellaneous Causes;EinzelneWagen, EinzelneWagen;5937.738569853253;Nicht Signifikant;False
6006;AF6481;1993;3;20;20350.0;20350.0;8000.0;12350.0;2;0;0;0;0;0;0;0;9.5;4;3;18;0;0;3;1136.1122559491578;05;6;2;Depot;T306;35;Moderat (0° bis 19,99° C);Tag;Wolkig;Illinois;Winter;Kollision;Frogs, Switches and Track Appliances;Track, Roadbed and Structures;EinzelneWagen, Güterzug;17261.85427093053;Nicht Signifikant;False
6007;AF6573;1993;6;19;16350.0;16350.0;600.0;15750.0;0;0;0;0;0;0;0;0;4.966418697356791;3;2;1;0;0;1;517.0867211878045;01;5;2;Depot;M405;70;Warm (20° bis 31,99° C);Tag;Wolkig;Illinois;Frühling;Entgleisung;Unusual Operational Situations;Miscellaneous Causes;EinzelneWagen, EinzelneWagen, EinzelneWagen;13868.860802442954;Nicht Signifikant;False
6008;AF6575;1993;6;22;13000.0;13000.0;1000.0;12000.0;3;0;0;0;0;0;0;0;5.0;41;1;44;0;0;1;6094.5654777829795;04;7;2;Depot;H301;78;Warm (20° bis 31,99° C);Tag;Klar;Illinois;Sommer;Kollision;General Switching Rules;Human Factors;Depot/Rangieren, Depot/Rangieren;11027.228772584613;Nicht Signifikant;False
6009;AF6602;1993;7;16;14500.0;14500.0;0.0;14500.0;3;0;0;0;0;0;0;0;3.5;20;0;0;0;0;0;2344.9284377678405;04;7;2;Depot;H702;75;Warm (20° bis 31,99° C);Tag;Klar;Illinois;Sommer;Kollision;Switches, Use of;Human Factors;Depot/Rangieren, Lokomotive;12299.601323267452;Nicht Signifikant;False
6010;AF6733;1993;9;18;9200.0;9200.0;200.0;9000.0;1;0;0;0;0;0;0;0;10.0;11;1;10;0;0;0;1645.184760112212;04;7;2;Depot;H313;65;Moderat (0° bis 19,99° C);Tag;Klar;Illinois;Sommer;Kollision;General Switching Rules;Human Factors;Depot/Rangieren, EinzelneWagen;7803.884977521418;Nicht Signifikant;False
6011;AF6768;1993;10;21;72100.0;72100.0;20000.0;52100.0;3;0;0;0;0;0;0;0;5.0;52;4;21;0;0;2;6705.936870364936;04;7;2;Depot;H305;40;Moderat (0° bis 19,99° C);Abend;Klar;Illinois;Herbst;Kollision;General Switching Rules;Human Factors;Depot/Rangieren, Depot/Rangieren;61158.70726948851;Nicht Signifikant;False
6012;AF6801;1993;11;27;11170.0;11170.0;0.0;11170.0;11;0;0;0;0;0;0;0;7.5;1;0;0;0;0;0;183.53737171192955;04;5;2;Depot;H018;28;Kalt (-30° - 0,01° C);Tag;Klar;Illinois;Herbst;Kollision;Brakes, Use of;Human Factors;EinzelneWagen, Lokomotive;9474.934260751548;Nicht Signifikant;False
6013;AF6878;1994;1;12;6900.0;6900.0;200.0;6700.0;2;0;0;0;0;0;0;0;7.5;21;1;20;0;0;2;3090.183176753495;04;5;2;Depot;S099;30;Kalt (-30° - 0,01° C);Tag;Wolkig;Illinois;Winter;Kollision;other software/programming deficiencies, etc.);Signal and Communication;EinzelneWagen, Güterzug;5852.913733141064;Nicht Signifikant;False
6014;AF6881;1994;1;25;8150.0;8150.0;2000.0;6150.0;1;0;0;0;0;0;0;0;8.0;24;3;11;0;0;0;3193.695771199188;04;7;2;Depot;E39C;30;Kalt (-30° - 0,01° C);Tag;Wolkig;Illinois;Winter;Kollision;Coupler and Draft System;Mechanical and Electrical Failures;Depot/Rangieren, EinzelneWagen;6913.22419204343;Nicht Signifikant;False
6015;AF6941;1994;1;19;10500.0;10500.0;0.0;10500.0;0;0;0;0;0;0;0;0;5.0;1;1;1;0;0;1;235.07285754013844;01;5;2;Depot;M405;-17;Kalt (-30° - 0,01° C);Abend;Wolkig;Illinois;Winter;Entgleisung;Unusual Operational Situations;Miscellaneous Causes;EinzelneWagen, EinzelneWagen;8906.607854779879;Nicht Signifikant;False
6016;AF6946;1994;3;2;30350.0;30350.0;0.0;30350.0;1;0;0;0;0;0;0;0;7.0;4;1;2;0;0;1;606.7915413389023;04;7;2;Depot;T305;38;Moderat (0° bis 19,99° C);Abend;Klar;Illinois;Winter;Kollision;Frogs, Switches and Track Appliances;Track, Roadbed and Structures;Depot/Rangieren, EinzelneWagen;25744.33794214946;Nicht Signifikant;False
6017;AF6987;1994;4;19;20100.0;20100.0;300.0;19800.0;2;0;0;0;0;0;0;0;11.0;5;1;0;0;0;0;658.1761108267771;04;7;2;Depot;M407;59;Moderat (0° bis 19,99° C);Abend;Klar;Illinois;Frühling;Kollision;Unusual Operational Situations;Miscellaneous Causes;Depot/Rangieren, EinzelneWagen;17049.792179150056;Nicht Signifikant;False
6018;AF6993;1994;4;15;12400.0;12400.0;0.0;12400.0;4;0;0;0;0;0;0;0;5.0;45;0;25;0;0;0;5950.024306274013;04;7;2;Depot;H305;45;Moderat (0° bis 19,99° C);Abend;Klar;Illinois;Frühling;Kollision;General Switching Rules;Human Factors;Depot/Rangieren, Depot/Rangieren;10518.279752311477;Nicht Signifikant;False
6019;AF7002;1994;5;12;70715.0;70715.0;0.0;70715.0;4;0;0;0;0;0;0;0;4.949628046035187;0;0;0;0;0;0;69.7799471826711;02;8;2;Depot;H702;57;Moderat (0° bis 19,99° C);Abend;Klar;Illinois;Frühling;Kollision;Switches, Use of;Human Factors;Lokomotive, Lokomotive;59983.88328102468;Nicht Signifikant;False
6020;AF7018;1994;5;21;14150.0;14150.0;0.0;14150.0;0;0;0;0;0;0;0;0;5.944983747097401;3;0;1;0;0;0;441.49863098143487;04;6;2;Depot;T305;62;Moderat (0° bis 19,99° C);Abend;Klar;Illinois;Frühling;Kollision;Frogs, Switches and Track Appliances;Track, Roadbed and Structures;EinzelneWagen, EinzelneWagen;12002.71439477479;Nicht Signifikant;False
6021;AF7022;1994;6;5;17400.0;17400.0;5000.0;12400.0;1;0;0;0;0;0;0;0;5.0;4;1;0;0;0;0;544.4186862975185;04;7;2;Depot;T306;68;Warm (20° bis 31,99° C);Tag;Klar;Illinois;Frühling;Kollision;Frogs, Switches and Track Appliances;Track, Roadbed and Structures;Depot/Rangieren, EinzelneWagen;14759.521587920943;Nicht Signifikant;False
6022;AF7062;1994;8;1;73840.0;73840.0;500.0;73340.0;1;0;0;0;0;0;0;0;7.5;5;3;0;0;0;0;697.3941928224042;04;7;2;Depot;M199;80;Warm (20° bis 31,99° C);Tag;Regen;Illinois;Sommer;Kollision;Environmental Conditions;Environmental Conditions;Depot/Rangieren, EinzelneWagen;62634.659428280596;Nicht Signifikant;False
6023;AF7079;1994;8;5;12400.0;12400.0;0.0;12400.0;5;0;0;0;0;0;0;0;5.0;40;0;0;0;0;0;4620.07692835301;04;7;2;Depot;H307;75;Warm (20° bis 31,99° C);Tag;Klar;Illinois;Sommer;Kollision;General Switching Rules;Human Factors;Depot/Rangieren, Lokomotive;10518.279752311477;Nicht Signifikant;False
6024;AF7111;1994;8;20;45800.0;45800.0;5000.0;40800.0;1;0;0;0;0;0;0;0;10.5;24;4;0;0;0;0;2878.3942998761286;04;7;2;Depot;M407;82;Warm (20° bis 31,99° C);Tag;Klar;Illinois;Sommer;Kollision;Unusual Operational Situations;Miscellaneous Causes;Depot/Rangieren, EinzelneWagen;38849.77521418271;Nicht Signifikant;False
6025;AF7139;1994;9;13;15700.0;15700.0;500.0;15200.0;2;0;0;0;0;0;0;0;8.0;2;1;1;0;0;1;348.83028206939696;04;7;2;Depot;M407;72;Warm (20° bis 31,99° C);Abend;Klar;Illinois;Sommer;Kollision;Unusual Operational Situations;Miscellaneous Causes;Depot/Rangieren, EinzelneWagen;13317.499363813724;Nicht Signifikant;False
6026;AF7146;1994;9;23;9150.0;9150.0;1000.0;8150.0;1;0;0;0;0;0;0;0;5.0;32;1;30;0;0;0;4643.018879446408;04;7;2;Depot;H602;60;Moderat (0° bis 19,99° C);Abend;Klar;Illinois;Herbst;Kollision;Speed;Human Factors;Depot/Rangieren, EinzelneWagen;7761.472559165323;Nicht Signifikant;False
6027;AF7185;1994;11;6;46452.0;46452.0;400.0;46052.0;1;0;0;0;0;0;0;0;5.0;10;1;1;0;0;0;1257.4096436840578;04;7;2;Depot;M407;47;Moderat (0° bis 19,99° C);Abend;Regen;Illinois;Herbst;Kollision;Unusual Operational Situations;Miscellaneous Causes;Depot/Rangieren, EinzelneWagen;39402.83314954618;Nicht Signifikant;False
6028;AF7204;1994;10;26;13000.0;13000.0;0.0;13000.0;1;0;0;0;0;0;0;0;5.0;8;0;5;0;0;0;1132.0713944716808;04;7;2;Depot;H021;62;Moderat (0° bis 19,99° C);Tag;Klar;Illinois;Herbst;Kollision;Brakes, Use of;Human Factors;Depot/Rangieren, EinzelneWagen;11027.228772584613;Nicht Signifikant;False
6029;AF7206;1994;11;27;6700.0;6700.0;300.0;6400.0;2;0;0;0;0;0;0;0;7.0;11;1;10;0;0;0;1645.184760112212;04;7;2;Depot;S007;55;Moderat (0° bis 19,99° C);Abend;Wolkig;Illinois;Herbst;Kollision;SIGNAL AND COMMUNICATION;Signal and Communication;Depot/Rangieren, EinzelneWagen;5683.264059716685;Nicht Signifikant;False
6030;AF7404;1995;5;14;12950.0;12950.0;700.0;12250.0;1;0;0;0;0;0;0;0;7.5;32;2;14;0;0;0;4175.485357068407;04;7;2;Depot;T305;72;Warm (20° bis 31,99° C);Tag;Klar;Illinois;Frühling;Kollision;Frogs, Switches and Track Appliances;Track, Roadbed and Structures;Depot/Rangieren, EinzelneWagen;10984.816354228518;Nicht Signifikant;False
6031;AF7418;1995;5;25;13900.0;13900.0;1000.0;12900.0;2;0;0;0;0;0;0;0;9.0;21;1;20;0;0;0;3087.223107514681;04;7;2;Depot;T305;50;Moderat (0° bis 19,99° C);Tag;Regen;Illinois;Frühling;Kollision;Frogs, Switches and Track Appliances;Track, Roadbed and Structures;Depot/Rangieren, EinzelneWagen;11790.652302994316;Nicht Signifikant;False
6032;AF7576;1995;10;10;12875.0;12875.0;3000.0;9875.0;4;0;0;0;0;0;0;0;3.0;116;5;35;0;0;0;14429.310754950315;04;7;2;Depot;H210;59;Moderat (0° bis 19,99° C);Abend;Klar;Illinois;Herbst;Kollision;Flagging, Fixed, Hand and Radio Signals;Human Factors;Depot/Rangieren, Depot/Rangieren;10921.197726694376;Nicht Signifikant;False
6033;AF7646;1995;12;4;8100.0;8100.0;400.0;7700.0;4;1;0;0;0;0;0;0;4.949628046035187;21;0;18;0;0;0;3006.7212460948904;04;7;2;Depot;H605;33;Moderat (0° bis 19,99° C);Morgendämmerung;Wolkig;Illinois;Herbst;Kollision;Speed;Human Factors;Depot/Rangieren, Lokomotive;6870.8117736873355;Nicht Signifikant;False
6034;AF7653;1995;12;5;7550.0;7550.0;2000.0;5550.0;1;0;0;0;0;0;0;0;4.5;44;1;12;0;0;2;5463.032659238533;04;7;2;Depot;T305;25;Kalt (-30° - 0,01° C);Abend;Klar;Illinois;Herbst;Kollision;Frogs, Switches and Track Appliances;Track, Roadbed and Structures;Depot/Rangieren, EinzelneWagen;6404.275171770294;Nicht Signifikant;False
6035;AF7658;1995;12;27;9468.0;9468.0;2500.0;6968.0;3;0;0;0;0;0;0;0;5.0;37;1;38;0;0;2;5458.337353019422;04;7;2;Depot;H605;25;Kalt (-30° - 0,01° C);Abend;Schnee;Illinois;Winter;Kollision;Speed;Human Factors;Depot/Rangieren, Depot/Rangieren;8031.215539910086;Nicht Signifikant;False
6036;AF7668;1995;12;18;18050.0;18050.0;1000.0;17050.0;1;0;0;0;0;0;0;0;5.0;11;1;10;0;0;1;1646.664794731619;04;7;2;Depot;T305;33;Moderat (0° bis 19,99° C);Tag;Wolkig;Illinois;Herbst;Kollision;Frogs, Switches and Track Appliances;Track, Roadbed and Structures;Depot/Rangieren, EinzelneWagen;15310.883026550173;Nicht Signifikant;False
6037;AF8010;1996;2;26;11150.0;11150.0;100.0;11050.0;4;0;0;0;0;0;0;0;3.0;67;1;33;0;0;0;8715.86796860342;04;7;2;Depot;H306;55;Moderat (0° bis 19,99° C);Tag;Klar;Illinois;Winter;Kollision;General Switching Rules;Human Factors;Depot/Rangieren, Depot/Rangieren;9457.969293409109;Nicht Signifikant;False
6038;AF8015;1996;2;29;59200.0;59200.0;2500.0;56700.0;2;0;0;0;0;0;0;0;5.0;28;1;11;0;0;0;3609.5073873205947;04;7;2;Depot;T305;25;Kalt (-30° - 0,01° C);Abend;Klar;Illinois;Winter;Kollision;Frogs, Switches and Track Appliances;Track, Roadbed and Structures;Depot/Rangieren, EinzelneWagen;50216.30333361608;Nicht Signifikant;False
6039;AF8465;1997;1;2;8510.0;8510.0;0.0;8510.0;1;0;0;0;0;0;0;0;4.949628046035187;0;0;1;0;0;0;100.22635739365951;05;5;2;Depot;H605;35;Moderat (0° bis 19,99° C);Abend;Nebel;Illinois;Winter;Kollision;Speed;Human Factors;EinzelneWagen, Lokomotive;7218.593604207312;Nicht Signifikant;False
6040;AF8489;1997;1;13;28150.0;28150.0;500.0;27650.0;3;0;0;0;0;0;0;0;5.0;31;0;34;0;0;2;4634.398124002104;04;7;2;Depot;H306;10;Kalt (-30° - 0,01° C);Abenddämmerung;Klar;Illinois;Winter;Kollision;General Switching Rules;Human Factors;Depot/Rangieren, Depot/Rangieren;23878.191534481295;Nicht Signifikant;False
6041;AF8591;1997;3;31;20100.0;20100.0;0.0;20100.0;1;0;0;0;0;0;0;0;4.949628046035187;21;0;6;0;0;0;2641.3643235630293;05;7;2;Depot;M404;45;Moderat (0° bis 19,99° C);Abend;Klar;Illinois;Frühling;Kollision;Unusual Operational Situations;Miscellaneous Causes;Depot/Rangieren, EinzelneWagen;17049.792179150056;Nicht Signifikant;False
6042;AF8612;1997;4;14;15550.0;15550.0;1750.0;13800.0;1;0;0;0;0;0;0;0;5.944983747097401;37;3;16;0;0;0;4824.77434113449;01;7;2;Depot;T314;39;Moderat (0° bis 19,99° C);Abend;Klar;Illinois;Frühling;Entgleisung;Frogs, Switches and Track Appliances;Track, Roadbed and Structures;Depot/Rangieren, EinzelneWagen;13190.26210874544;Nicht Signifikant;False
6043;AF8616;1997;4;16;7825.0;7825.0;1250.0;6575.0;1;0;0;0;0;0;0;0;6.0;27;4;9;0;0;2;3496.6443346016144;04;7;2;Depot;T305;38;Moderat (0° bis 19,99° C);Abend;Klar;Illinois;Frühling;Kollision;Frogs, Switches and Track Appliances;Track, Roadbed and Structures;Depot/Rangieren, EinzelneWagen;6637.543472728815;Nicht Signifikant;False
6044;AF8660;1997;5;19;8650.0;8650.0;250.0;8400.0;2;0;0;0;0;0;0;0;4.949628046035187;34;5;0;0;0;0;4035.577586166527;01;7;2;Depot;T311;55;Moderat (0° bis 19,99° C);Morgendämmerung;Klar;Illinois;Frühling;Entgleisung;Frogs, Switches and Track Appliances;Track, Roadbed and Structures;Depot/Rangieren, EinzelneWagen;7337.348375604377;Nicht Signifikant;False
6045;AF8780;1997;10;8;27850.0;27850.0;1500.0;26350.0;3;0;0;0;0;0;0;0;7.935695149221832;58;0;55;0;0;1;8343.743166103432;04;7;2;Depot;H306;75;Warm (20° bis 31,99° C);Tag;Klar;Illinois;Herbst;Kollision;General Switching Rules;Human Factors;Depot/Rangieren, Depot/Rangieren;23623.717024344725;Nicht Signifikant;False
6046;AF8783;1997;10;11;43400.0;43400.0;1000.0;42400.0;2;0;0;0;0;0;0;0;9.926406551346263;123;6;43;0;0;2;15491.753118579662;05;7;2;Depot;T210;75;Warm (20° bis 31,99° C);Tag;Klar;Illinois;Herbst;Kollision;Rail, Joint Bar and Rail Anchoring;Track, Roadbed and Structures;Depot/Rangieren, Depot/Rangieren;36813.979133090164;Nicht Signifikant;False
6047;AF8794;1997;10;24;12500.0;12500.0;1500.0;11000.0;1;0;0;0;0;0;0;0;8.0;30;2;10;0;0;1;3827.6649017853433;04;7;2;Depot;S007;45;Moderat (0° bis 19,99° C);Tag;Regen;Illinois;Herbst;Kollision;SIGNAL AND COMMUNICATION;Signal and Communication;Depot/Rangieren, EinzelneWagen;10603.104589023666;Nicht Signifikant;False
6048;AF9087;1998;8;18;11500.0;11500.0;500.0;11000.0;1;0;0;0;0;0;0;0;6.0;31;1;10;0;0;1;3921.813285316788;04;7;2;Depot;T305;70;Warm (20° bis 31,99° C);Abend;Klar;Illinois;Sommer;Kollision;Frogs, Switches and Track Appliances;Track, Roadbed and Structures;Depot/Rangieren, EinzelneWagen;9754.856221901773;Nicht Signifikant;False
6049;AF9105;1998;9;3;20500.0;20500.0;350.0;20150.0;1;0;0;0;0;0;0;0;5.5;46;2;25;0;0;0;6102.999812798899;04;7;2;Depot;T305;60;Moderat (0° bis 19,99° C);Abend;Regen;Illinois;Sommer;Kollision;Frogs, Switches and Track Appliances;Track, Roadbed and Structures;Depot/Rangieren, EinzelneWagen;17389.09152599881;Nicht Signifikant;False
6050;AF9194;1998;12;3;20100.0;20100.0;2000.0;18100.0;2;0;0;0;0;0;0;0;0.9682052417863254;110;0;48;0;0;7;14054.884577864395;01;7;2;Depot;H507;65;Moderat (0° bis 19,99° C);Abend;Klar;Illinois;Herbst;Entgleisung;Train Handling/Train Makeup;Human Factors;Depot/Rangieren, EinzelneWagen;17049.792179150056;Nicht Signifikant;False
6051;AF9202;1998;12;9;16456.0;16456.0;1000.0;15456.0;3;1;0;0;0;0;0;0;4.5;25;2;4;0;0;0;3074.7192832537135;05;7;2;Depot;T311;37;Moderat (0° bis 19,99° C);Tag;Klar;Illinois;Herbst;Kollision;Frogs, Switches and Track Appliances;Track, Roadbed and Structures;Depot/Rangieren, Depot/Rangieren;13958.775129357875;Nicht Signifikant;False
6052;AF9226;1999;1;5;28922.0;28922.0;1922.0;27000.0;6;1;0;0;0;0;0;0;5.0;0;0;14;0;0;2;498.98975937532276;04;7;2;Depot;H702;20;Kalt (-30° - 0,01° C);Abend;Schnee;Illinois;Winter;Kollision;Switches, Use of;Human Factors;Depot/Rangieren, Lokomotive;24530.958439355385;Nicht Signifikant;False
6053;AF9280;1999;2;11;9120.0;9120.0;120.0;9000.0;2;0;0;0;0;0;0;0;3.5;15;0;27;0;0;0;2598.194390818235;04;7;2;Depot;H702;50;Moderat (0° bis 19,99° C);Abend;Klar;Illinois;Winter;Kollision;Switches, Use of;Human Factors;Depot/Rangieren, Depot/Rangieren;8062.234794908062;Nicht Signifikant;False
6054;AF9297;1999;2;18;16140.0;16140.0;840.0;15300.0;6;0;0;0;0;0;0;0;1.0;70;0;58;0;0;2;9801.651525706908;04;7;2;Depot;H305;40;Moderat (0° bis 19,99° C);Abenddämmerung;Klar;Illinois;Winter;Kollision;General Switching Rules;Human Factors;Depot/Rangieren, Depot/Rangieren;14369.65811965812;Nicht Signifikant;False
6055;AF9313;1999;2;28;11124.0;11124.0;0.0;11124.0;4;0;0;0;0;0;0;0;2.0;72;0;87;0;0;0;10909.152201645273;04;7;2;Depot;H401;40;Moderat (0° bis 19,99° C);Abend;Klar;Illinois;Winter;Kollision;Main Track Authority;Human Factors;Depot/Rangieren, Depot/Rangieren;10115.792664443772;Nicht Signifikant;False
6056;AF9327;1999;3;12;21225.0;21225.0;525.0;20700.0;3;0;0;0;0;0;0;0;5.0;10;0;5;0;0;3;1364.0263473884186;04;7;2;Depot;H601;21;Kalt (-30° - 0,01° C);Abend;Klar;Illinois;Winter;Kollision;Speed;Human Factors;Depot/Rangieren, Depot/Rangieren;19415.477497255764;Nicht Signifikant;False
6057;AF9339;1999;3;23;69960.0;69960.0;4600.0;65360.0;3;0;0;0;0;0;0;0;5.944983747097401;22;4;8;0;0;1;2895.930767124926;01;7;2;Depot;H308;33;Moderat (0° bis 19,99° C);Abend;Klar;Illinois;Frühling;Entgleisung;General Switching Rules;Human Factors;Depot/Rangieren, Lokomotive;64207.04845814979;Nicht Signifikant;False
6058;AF9379;1999;4;16;8598.0;8598.0;448.0;8150.0;1;0;0;0;0;0;0;0;5.944983747097401;42;2;10;0;0;1;5192.7539961364455;01;7;2;Depot;T314;42;Moderat (0° bis 19,99° C);Abend;Klar;Illinois;Frühling;Entgleisung;Frogs, Switches and Track Appliances;Track, Roadbed and Structures;Depot/Rangieren, EinzelneWagen;8059.617547806524;Nicht Signifikant;False
6059;AF9414;1999;5;21;9746.0;9746.0;598.0;9148.0;2;1;0;0;0;0;0;0;2.958916643910756;19;0;20;0;0;0;2840.0992174583503;04;7;2;Depot;H605;65;Moderat (0° bis 19,99° C);Abenddämmerung;Regen;Illinois;Frühling;Kollision;Speed;Human Factors;Depot/Rangieren, Lokomotive;9218.69088157397;Nicht Signifikant;False
6060;AF9506;1999;8;6;21680.0;21680.0;680.0;21000.0;2;0;0;0;0;0;0;0;4.0;25;0;11;0;0;1;3250.1061073544124;04;7;2;Depot;H702;70;Warm (20° bis 31,99° C);Abend;Klar;Illinois;Sommer;Kollision;Switches, Use of;Human Factors;Depot/Rangieren, Depot/Rangieren;20186.219739292363;Nicht Signifikant;False
6061;AF9655;1999;11;20;63700.0;63700.0;1100.0;62600.0;1;0;0;0;0;0;0;0;3.9542723449729715;29;0;57;0;0;1;5105.670675176913;05;7;2;Depot;H312;45;Moderat (0° bis 19,99° C);Abend;Klar;Illinois;Herbst;Kollision;General Switching Rules;Human Factors;Depot/Rangieren, EinzelneWagen;61906.76730700704;Nicht Signifikant;False