index;INCDTNO;YEAR4;MONTH;DAY;ACCDMG;INFRASTRUCTURE_DMG;TRKDMG;EQPDMG;LOCOMOTIVES1;LOCOMOTIVES2;RREMPKLD;RREMPINJ;PASSKLD;PASSINJ;OTHERKLD;OTHERINJ;SPEED;LOADF1;LOADF2;EMPTYF1;EMPTYP1;LOADP1;EMPTYF2;TONS;TYPE;TYPEQ;TRKCLAS;TYPTRK;ACCAUSE;TEMP;TEMP_CLUSTER;VISIBLTY;WEATHER;STATE;Jahreszeit;ACCIDENT_TYPE;ACCCAUSE_LVL1;ACCCAUSE_LVL2;EQUIPMENT_TYPE;ACCDMG_EUR;ACCTYPE;SPD_TOO_HIGH
6062;AF9703;1999;12;26;8560.0;8560.0;2560.0;6000.0;4;0;0;0;0;0;0;0;3.9542723449729715;83;0;109;0;0;2;12833.264965347676;01;7;2;Depot;T311;32;Moderat (0° bis 19,99° C);Tag;Schnee;Illinois;Winter;Entgleisung;Frogs, Switches and Track Appliances;Track, Roadbed and Structures;Depot/Rangieren, EinzelneWagen;8444.590595198948;Nicht Signifikant;False
6063;AF9777;2000;2;25;13260.0;13260.0;2960.0;10300.0;1;0;0;0;0;0;0;0;6.5;7;4;2;0;0;0;1005.4109033007117;04;7;2;Depot;M408;55;Moderat (0° bis 19,99° C);Abend;Regen;Illinois;Winter;Kollision;Unusual Operational Situations;Miscellaneous Causes;Depot/Rangieren, EinzelneWagen;13512.687251605015;Nicht Signifikant;False
6064;AF9811;2000;3;24;71675.0;71675.0;3425.0;68250.0;2;0;0;0;0;0;0;0;7.0;45;2;32;0;0;1;6203.847294365966;04;7;2;Depot;H605;55;Moderat (0° bis 19,99° C);Abend;Wolkig;Illinois;Frühling;Kollision;Speed;Human Factors;Depot/Rangieren, Depot/Rangieren;73777.66340710242;Nicht Signifikant;False
6065;AF9997;2000;9;12;8032.0;8032.0;2182.0;5850.0;1;0;0;0;0;0;0;0;4.5;34;1;23;0;0;1;4658.888891647413;04;7;2;Depot;M408;64;Moderat (0° bis 19,99° C);Tag;Klar;Illinois;Sommer;Kollision;Unusual Operational Situations;Miscellaneous Causes;Depot/Rangieren, EinzelneWagen;9324.355700023218;Nicht Signifikant;False
6066;AGR148217;2017;12;28;140000.0;140000.0;0.0;140000.0;3;0;0;4;0;0;0;0;21.0;0;0;0;0;0;0;69.7799471826711;02;8;3;Hauptstrecke;H607;40;Moderat (0° bis 19,99° C);Tag;Wolkig;Alabama;Winter;Kollision;Speed;Human Factors;Lokomotive, Lokomotive;117311.88201776436;Signifikant;False
6067;AL0096;1994;3;26;19763.0;19763.0;0.0;19763.0;6;0;0;2;0;0;0;0;19.879963561968417;106;0;0;0;0;0;15034.889973591336;03;1;3;Hauptstrecke;H516;42;Moderat (0° bis 19,99° C);Morgendämmerung;Wolkig;Nebraska;Frühling;Kollision;Train Handling/Train Makeup;Human Factors;Güterzug, Lokomotive;16763.932479429976;Signifikant;False
6068;AL0141;1994;4;27;1968800.0;1968800.0;400000.0;1568800.0;5;0;0;0;0;0;0;0;46.75456749064823;116;42;108;0;0;21;8400.0;01;1;4;Hauptstrecke;T220;30;Kalt (-30° - 0,01° C);Abend;Wolkig;Nebraska;Frühling;Entgleisung;Rail, Joint Bar and Rail Anchoring;Track, Roadbed and Structures;Güterzug, Güterzug;1670031.3851895835;Signifikant;False
6069;AL0184;1994;6;8;2431000.0;2431000.0;85000.0;2346000.0;7;4;2;3;0;0;0;0;36.18209645759958;226;29;118;0;0;11;32879.0;03;1;4;Hauptstrecke;M505;50;Moderat (0° bis 19,99° C);Abend;Regen;Nebraska;Frühling;Kollision;Other Miscellaneous;Miscellaneous Causes;Güterzug, Güterzug, Güterzug;2062091.7804733224;Schwer;False
6070;AL0268;1995;8;16;12500.0;12500.0;0.0;12500.0;0;0;0;0;0;0;0;0;4.949628046035187;1;0;1;0;0;0;213.98378192291796;09;5;4;Hauptstrecke;H605;90;Heiß (>= 32° C);Tag;Wolkig;Nebraska;Sommer;Kollision;Speed;Human Factors;EinzelneWagen, EinzelneWagen;10603.104589023666;Nicht Signifikant;False
6071;AL0381;1995;10;14;298000.0;298000.0;55000.0;243000.0;9;4;0;0;0;0;0;0;21.870674964092846;0;0;234;0;0;3;6169.0;03;1;4;Hauptstrecke;H605;45;Moderat (0° bis 19,99° C);Abend;Klar;Nebraska;Herbst;Kollision;Speed;Human Factors;Güterzug, Güterzug;252778.0134023242;Signifikant;False
6072;AL0387;1994;11;4;165250.0;165250.0;19750.0;145500.0;6;0;0;0;0;0;0;0;19.244020443436707;230;5;113;0;0;10;33812.0;03;1;4;Hauptstrecke;H605;28;Kalt (-30° - 0,01° C);Abend;Nebel;Nebraska;Herbst;Kollision;Speed;Human Factors;Güterzug, Güterzug, Güterzug;140173.04266689287;Nicht Signifikant;False
6073;AL0393;1994;12;9;20000.0;20000.0;0.0;20000.0;0;0;0;0;0;0;0;0;14.903185056657339;2;0;0;0;0;0;297.294796241188;09;5;4;Hauptstrecke;H402;35;Moderat (0° bis 19,99° C);Tag;Klar;Nebraska;Herbst;Kollision;Main Track Authority;Human Factors;EinzelneWagen, EinzelneWagen;16964.967342437863;Nicht Signifikant;False
6074;AL0424;1994;12;19;20100.0;20100.0;20000.0;100.0;5;0;0;0;0;0;0;0;25.0;23;0;7;0;0;0;2785.8899735913355;05;1;2;Hauptstrecke;M299;42;Moderat (0° bis 19,99° C);Abend;Klar;Nebraska;Herbst;Kollision;Loading Procedures;Loading;Güterzug, Lokomotive;17049.792179150056;Nicht Signifikant;False
6075;AM0940715;1994;7;15;30000.0;30000.0;0.0;30000.0;3;0;0;0;0;0;0;0;17.889252159843984;2;0;1;0;0;0;99.88997359133555;02;4;1;Depot;H702;86;Warm (20° bis 31,99° C);Tag;Klar;Arkansas;Sommer;Kollision;Switches, Use of;Human Factors;Arbeitszug, Lokomotive;25447.4510136568;Nicht Signifikant;True
6076;AM101614;2014;10;16;327500.0;327500.0;2500.0;325000.0;2;2;0;4;0;39;0;2;24.856742067279495;0;0;0;2;2;0;36.88997359133555;02;8;3;Hauptstrecke;H404;55;Moderat (0° bis 19,99° C);Tag;Klar;Arkansas;Herbst;Kollision;Main Track Authority;Human Factors;Lokomotive, Personenzug;256882.892775904;Schwer;False
6077;AN1090;1985;12;28;11350.0;11350.0;600.0;10750.0;2;0;0;0;0;0;0;0;6.940339448159618;5;1;55;0;0;5;2304.0938083315823;01;6;1;Depot;H702;30;Kalt (-30° - 0,01° C);Abend;Klar;Wyoming;Winter;Entgleisung;Switches, Use of;Human Factors;EinzelneWagen, Güterzug;9627.618966833488;Nicht Signifikant;False
6078;AN22;1985;1;12;287620.0;287620.0;68520.0;219100.0;6;0;0;0;0;0;0;0;39.78707758321272;114;14;114;0;0;6;18324.0;01;1;4;Hauptstrecke;T201;0;Kalt (-30° - 0,01° C);Morgendämmerung;Klar;Nebraska;Winter;Entgleisung;Rail, Joint Bar and Rail Anchoring;Track, Roadbed and Structures;Güterzug, Güterzug;243973.19535159893;Signifikant;False
6079;AN258;1987;5;2;7650.0;7650.0;0.0;7650.0;3;0;0;0;0;0;0;0;10.0;63;0;62;0;0;3;2180.208724751383;04;6;1;Depot;E30C;45;Moderat (0° bis 19,99° C);Tag;Regen;Wyoming;Frühling;Kollision;Coupler and Draft System;Mechanical and Electrical Failures;EinzelneWagen, Güterzug;6489.100008482484;Nicht Signifikant;False
6080;AN405;1985;5;29;10890.0;10890.0;0.0;10890.0;4;0;0;0;0;0;0;0;5.0;0;0;117;0;0;0;3095.6756144352894;04;7;1;Depot;H401;60;Moderat (0° bis 19,99° C);Morgendämmerung;Klar;Nebraska;Frühling;Kollision;Main Track Authority;Human Factors;Depot/Rangieren, Güterzug;9237.424717957418;Nicht Signifikant;False
6081;AN41;1986;1;18;644600.0;644600.0;81800.0;562800.0;5;0;0;0;0;0;0;0;25.0;115;29;0;0;0;0;28448.141134334135;06;6;4;Hauptstrecke;E33C;45;Moderat (0° bis 19,99° C);Tag;Klar;Wyoming;Winter;Kollision;Coupler and Draft System;Mechanical and Electrical Failures;EinzelneWagen, Güterzug;546780.8974467724;Signifikant;False
6082;AN426;1985;6;8;5600.0;5600.0;400.0;5200.0;5;0;0;0;0;0;0;0;14.0;112;2;0;0;0;0;26806.543439219804;06;6;4;Hauptstrecke;E32C;70;Warm (20° bis 31,99° C);Morgendämmerung;Klar;Wyoming;Frühling;Kollision;Coupler and Draft System;Mechanical and Electrical Failures;EinzelneWagen, Güterzug;4750.190855882603;Nicht Signifikant;False
6083;AN499;1985;6;28;5200.0;5200.0;0.0;5200.0;0;0;0;1;0;0;0;0;15.0;2;0;0;0;0;0;297.294796241188;09;5;4;Hauptstrecke;H402;80;Warm (20° bis 31,99° C);Tag;Klar;Nebraska;Sommer;Kollision;Main Track Authority;Human Factors;EinzelneWagen, EinzelneWagen;4410.891509033845;Signifikant;False
6084;AN522;1986;7;12;13500.0;13500.0;0.0;13500.0;2;0;0;0;0;0;0;0;3.5;32;3;8;0;0;0;4012.41593680029;04;7;1;Depot;H401;80;Warm (20° bis 31,99° C);Tag;Klar;Nebraska;Sommer;Kollision;Main Track Authority;Human Factors;Depot/Rangieren, Depot/Rangieren;11451.352956145558;Nicht Signifikant;False
6085;AN95;1985;1;29;8000.0;8000.0;0.0;8000.0;3;0;0;0;0;0;0;0;30.0;25;1;59;0;0;0;4478.256439118408;09;5;4;Hauptstrecke;H402;30;Kalt (-30° - 0,01° C);Tag;Schnee;Wyoming;Winter;Kollision;Main Track Authority;Human Factors;EinzelneWagen, Güterzug;6785.986936975146;Nicht Signifikant;False
6086;AN981;1987;12;10;7500.0;7500.0;0.0;7500.0;3;0;0;0;0;0;0;0;5.0;1;1;230;0;0;0;6872.0;04;1;1;Depot;H702;36;Moderat (0° bis 19,99° C);Abend;Klar;Nebraska;Herbst;Kollision;Switches, Use of;Human Factors;Güterzug, Güterzug;6361.8627534142;Nicht Signifikant;False
6087;AN983;1987;12;16;24000.0;24000.0;0.0;24000.0;2;0;0;0;0;0;0;0;5.0;3;0;3;0;0;0;278.647398120594;04;5;1;Industriestrecke;E08C;0;Kalt (-30° - 0,01° C);Abend;Klar;Nebraska;Herbst;Kollision;Brakes;Mechanical and Electrical Failures;EinzelneWagen, Güterzug;20357.960810925437;Nicht Signifikant;False
6088;AO0001;1995;1;3;39300.0;39300.0;15000.0;24300.0;1;0;0;0;0;0;0;0;3.9542723449729715;11;1;14;0;0;2;1717.162247179111;01;6;1;Depot;H702;20;Kalt (-30° - 0,01° C);Abend;Klar;Colorado;Winter;Entgleisung;Switches, Use of;Human Factors;EinzelneWagen, Güterzug;33336.1608278904;Nicht Signifikant;False
6089;AO0021;1995;3;17;24500.0;24500.0;0.0;24500.0;3;0;0;0;0;0;0;0;4.949628046035187;9;2;15;0;0;2;1376.6229046454796;09;6;1;Depot;H306;70;Warm (20° bis 31,99° C);Tag;Klar;Texas;Winter;Kollision;General Switching Rules;Human Factors;EinzelneWagen, Güterzug;20782.084994486384;Nicht Signifikant;False
6090;AO0138;1994;9;15;30000.0;30000.0;0.0;30000.0;0;0;0;0;0;0;0;1;34.81029907790165;0;0;2;0;0;0;130.67276760464793;09;5;4;Hauptstrecke;H402;85;Warm (20° bis 31,99° C);Tag;Klar;Texas;Sommer;Kollision;Main Track Authority;Human Factors;EinzelneWagen, EinzelneWagen;25447.4510136568;Signifikant;False
6091;AO0200112;2000;2;28;200575.0;200575.0;22000.0;178575.0;2;0;0;0;0;0;0;0;1.9635609428485408;5;5;18;0;0;0;1237.4789471781387;01;6;1;Depot;H310;41;Moderat (0° bis 19,99° C);Abend;Wolkig;Texas;Winter;Entgleisung;General Switching Rules;Human Factors;EinzelneWagen, Güterzug;208086.93847909535;Signifikant;False
6092;AO0213;1993;3;17;70000.0;70000.0;0.0;70000.0;2;1;0;0;0;0;0;0;4.949628046035187;1;0;0;0;0;0;183.53737171192955;09;5;1;Hauptstrecke;H018;28;Kalt (-30° - 0,01° C);Abend;Wolkig;Texas;Winter;Kollision;Brakes, Use of;Human Factors;EinzelneWagen, Lokomotive;59377.385698532526;Nicht Signifikant;False
6093;AO0400108;2000;4;12;32187.0;32187.0;800.0;31387.0;4;0;0;0;0;0;0;0;6.5;32;3;32;0;0;1;4744.609816483419;01;7;1;Depot;H306;45;Moderat (0° bis 19,99° C);Abend;Regen;Texas;Frühling;Entgleisung;General Switching Rules;Human Factors;Depot/Rangieren, Depot/Rangieren;33612.155388471176;Nicht Signifikant;False
6094;AO0799108;1999;7;16;41500.0;41500.0;1500.0;40000.0;7;0;0;0;0;0;0;0;18.5;156;1;29;0;0;0;15648.0;04;1;5;Hauptstrecke;H215;71;Warm (20° bis 31,99° C);Abend;Klar;Kansas;Sommer;Kollision;Flagging, Fixed, Hand and Radio Signals;Human Factors;Güterzug, Güterzug;40678.29837286806;Nicht Signifikant;False
6095;APA851;1985;3;27;15978.0;15978.0;0.0;13179.0;8;0;0;0;0;0;0;0;3.9542723449729715;45;3;32;0;0;0;6221.976300744373;05;7;1;Depot;T110;40;Moderat (0° bis 19,99° C);Abend;Klar;Arizona;Frühling;Kollision;Track Geometry;Track, Roadbed and Structures;Depot/Rangieren, EinzelneWagen;13553.31240987361;Nicht Signifikant;False
6096;APR01001;2001;4;1;48000.0;48000.0;0.0;48000.0;4;0;0;0;0;0;0;0;2.0;14;0;10;0;0;0;1966.8479927021738;04;7;1;Depot;H995;30;Kalt (-30° - 0,01° C);Abend;Klar;Minnesota;Frühling;Kollision;Miscellaneous;Human Factors;Depot/Rangieren, Lokomotive;54595.0864422202;Nicht Signifikant;False
6097;APR0188;1988;4;5;10000.0;10000.0;0.0;10000.0;1;0;0;0;0;0;0;0;3.9542723449729715;8;0;34;0;0;1;2016.497325209752;04;7;1;Depot;H306;68;Warm (20° bis 31,99° C);Abend;Wolkig;Texas;Frühling;Kollision;General Switching Rules;Human Factors;Depot/Rangieren, EinzelneWagen;8482.483671218932;Nicht Signifikant;False
6098;APR0289;1989;4;19;37500.0;37500.0;4500.0;33000.0;1;0;0;0;0;0;0;0;2.958916643910756;29;0;55;0;0;6;5052.178027851971;04;7;1;Depot;H305;82;Warm (20° bis 31,99° C);Tag;Klar;Texas;Frühling;Kollision;General Switching Rules;Human Factors;Depot/Rangieren, EinzelneWagen;31809.313767071;Nicht Signifikant;False
6099;APR0292;1992;4;7;125069.0;125069.0;700.0;124369.0;2;0;0;0;0;0;0;0;7.5;13;0;65;0;0;3;3532.083233635499;04;7;1;Depot;H021;82;Warm (20° bis 31,99° C);Tag;Klar;Texas;Frühling;Kollision;Brakes, Use of;Human Factors;Depot/Rangieren, EinzelneWagen;106089.57502756806;Nicht Signifikant;False
6100;APR0293;1993;4;22;30651.0;30651.0;6164.0;24487.0;3;0;0;0;0;0;0;0;4.0;31;3;24;0;0;2;4388.7611448856605;04;7;1;Depot;H211;80;Warm (20° bis 31,99° C);Tag;Klar;Texas;Frühling;Kollision;Flagging, Fixed, Hand and Radio Signals;Human Factors;Depot/Rangieren, Depot/Rangieren;25999.66070065315;Nicht Signifikant;False
6101;APR9602;1996;4;25;15089.0;15089.0;89.0;15000.0;2;0;0;0;0;0;0;0;1.9635609428485408;7;0;5;0;0;0;1018.3139699424225;04;7;1;Depot;H306;55;Moderat (0° bis 19,99° C);Abend;Wolkig;Texas;Frühling;Kollision;General Switching Rules;Human Factors;Depot/Rangieren, EinzelneWagen;12799.219611502247;Nicht Signifikant;False
6102;AR03120404;2004;3;12;9819.0;9819.0;0.0;9819.0;2;0;0;0;0;0;0;0;3.0;2;1;10;0;0;1;622.8479739682928;01;7;1;Depot;H702;55;Moderat (0° bis 19,99° C);Abend;Klar;Oregon;Winter;Entgleisung;Switches, Use of;Human Factors;Depot/Rangieren, Depot/Rangieren;8025.337147527584;Nicht Signifikant;False
6103;AR03269804;1998;3;26;18800.0;18800.0;300.0;18500.0;2;0;0;0;0;0;0;0;3.9542723449729715;1;0;1;0;0;0;213.98378192291798;03;7;X;Depot;H399;45;Moderat (0° bis 19,99° C);Abend;Wolkig;Oregon;Frühling;Kollision;General Switching Rules;Human Factors;Depot/Rangieren, Lokomotive;15947.069301891594;Nicht Signifikant;False
6104;AR05200502;2005;5;20;27990.0;27990.0;0.0;27990.0;0;0;0;0;0;0;0;0;3.0;23;0;3;0;0;0;2777.5399419885816;04;6;1;Depot;H302;58;Moderat (0° bis 19,99° C);Abend;Regen;Oregon;Frühling;Kollision;General Switching Rules;Human Factors;EinzelneWagen, EinzelneWagen;22201.95129689855;Nicht Signifikant;False
6105;AR07019401;1994;7;1;9500.0;9500.0;0.0;9500.0;2;0;0;0;0;0;0;0;2.0;8;0;24;0;0;0;1710.553188480461;04;7;1;Depot;H702;78;Warm (20° bis 31,99° C);Tag;Klar;Oregon;Sommer;Kollision;Switches, Use of;Human Factors;Depot/Rangieren, Depot/Rangieren;8058.3594876579855;Nicht Signifikant;False
6106;AUG0188;1988;8;1;16000.0;16000.0;1000.0;15000.0;1;0;0;0;0;0;0;0;6.0;15;2;17;0;0;1;2369.318378914721;04;7;1;Depot;H601;90;Heiß (>= 32° C);Tag;Wolkig;Texas;Sommer;Kollision;Speed;Human Factors;Depot/Rangieren, EinzelneWagen, EinzelneWagen;13571.973873950292;Nicht Signifikant;False
6107;AUGUST0286;1986;8;1;5100.0;5100.0;0.0;5100.0;2;0;0;0;0;0;0;0;2.958916643910756;0;0;49;0;0;3;1566.094151379324;04;7;1;Industriestrecke;H306;92;Heiß (>= 32° C);Tag;Klar;Texas;Sommer;Kollision;General Switching Rules;Human Factors;Depot/Rangieren, EinzelneWagen;4326.0666723216555;Nicht Signifikant;False
6108;AUGUST0386;1986;8;26;9750.0;9750.0;1000.0;8750.0;4;0;0;0;0;0;0;0;3.9542723449729715;6;3;0;0;0;0;811.1516173516627;04;7;2;Depot;H025;95;Heiß (>= 32° C);Tag;Wolkig;Texas;Sommer;Kollision;Brakes, Use of;Human Factors;Depot/Rangieren, Depot/Rangieren;8270.42157943846;Nicht Signifikant;False
6109;AX002;1994;1;3;6300.0;6300.0;300.0;6000.0;3;0;0;0;0;0;0;0;2.958916643910756;34;0;97;0;0;2;6893.79424088215;01;7;1;Depot;H306;10;Kalt (-30° - 0,01° C);Abend;Klar;Michigan;Winter;Entgleisung;General Switching Rules;Human Factors;Depot/Rangieren, Güterzug;5343.964712867927;Nicht Signifikant;False
6110;AX04N;1985;1;14;15000.0;15000.0;3100.0;11900.0;2;1;0;0;0;0;0;0;2.958916643910756;105;4;7;0;0;0;8442.0;01;7;1;Depot;T314;20;Kalt (-30° - 0,01° C);Abend;Klar;Missouri;Winter;Entgleisung;Frogs, Switches and Track Appliances;Track, Roadbed and Structures;Depot/Rangieren, Güterzug;12723.7255068284;Nicht Signifikant;False
6111;AX080293;1993;8;29;19650.0;19650.0;650.0;19000.0;1;0;0;0;0;0;0;0;1.9635609428485408;12;0;48;0;0;1;2897.7767662806236;04;7;1;Depot;H306;90;Heiß (>= 32° C);Tag;Wolkig;Texas;Sommer;Kollision;General Switching Rules;Human Factors;Depot/Rangieren, EinzelneWagen;16668.0804139452;Nicht Signifikant;False
6112;AX094;1994;3;12;9520.0;9520.0;120.0;9400.0;2;1;0;2;0;0;0;0;3.0;50;0;0;0;0;0;5757.651173645594;04;7;1;Depot;H702;30;Kalt (-30° - 0,01° C);Abenddämmerung;Klar;Michigan;Winter;Kollision;Switches, Use of;Human Factors;Depot/Rangieren, Depot/Rangieren;8075.324455000424;Signifikant;False
6113;AX104N;1985;11;4;25600.0;25600.0;3100.0;22500.0;6;3;0;0;0;0;0;0;24.856742067279495;115;2;0;0;0;0;14905.0;04;7;1;Nebenstrecke;H302;64;Moderat (0° bis 19,99° C);Tag;Klar;Oklahoma;Herbst;Kollision;General Switching Rules;Human Factors;Depot/Rangieren, Güterzug;21715.158198320467;Nicht Signifikant;True
6114;AX107;1997;3;15;15600.0;15600.0;1200.0;14400.0;2;1;0;0;0;0;0;0;5.944983747097401;68;1;63;0;0;1;9744.497734081739;04;7;1;Depot;H702;10;Kalt (-30° - 0,01° C);Abend;Klar;Michigan;Winter;Kollision;Switches, Use of;Human Factors;Depot/Rangieren, Depot/Rangieren;13232.674527101535;Nicht Signifikant;False
6115;AX10O;1987;2;18;18175.0;18175.0;175.0;18000.0;1;0;0;0;0;0;0;0;3.9542723449729715;1;0;44;0;0;1;1468.647398120594;04;7;1;Depot;T220;34;Moderat (0° bis 19,99° C);Abend;Klar;Oklahoma;Winter;Kollision;Rail, Joint Bar and Rail Anchoring;Track, Roadbed and Structures;Depot/Rangieren, EinzelneWagen;15416.91407244041;Nicht Signifikant;False
6116;AX110S;1985;11;27;13000.0;13000.0;0.0;13000.0;0;0;0;0;0;0;0;0;7.935695149221832;3;3;0;0;0;0;469.8793437638873;04;6;1;Depot;E0HC;40;Moderat (0° bis 19,99° C);Abend;Wolkig;Texas;Herbst;Kollision;Brakes;Mechanical and Electrical Failures;EinzelneWagen, EinzelneWagen;11027.228772584613;Nicht Signifikant;False
6117;AX117N1;1985;12;6;6575.0;6575.0;0.0;6575.0;4;0;0;0;0;0;0;0;3.9542723449729715;12;1;25;0;0;1;2175.3914416831003;04;6;1;Hauptstrecke;H401;46;Moderat (0° bis 19,99° C);Tag;Klar;Missouri;Herbst;Kollision;Main Track Authority;Human Factors;EinzelneWagen, Güterzug;5577.233013826448;Nicht Signifikant;False
6118;AX11N1;1987;3;2;7350.0;7350.0;0.0;7350.0;0;0;0;0;0;0;0;0;2.958916643910756;0;0;5;0;0;0;222.01199823761317;05;6;1;Industriestrecke;H022;50;Moderat (0° bis 19,99° C);Abend;Klar;Oklahoma;Winter;Kollision;Brakes, Use of;Human Factors;EinzelneWagen, EinzelneWagen;6234.625498345916;Nicht Signifikant;False
6119;AX11S1;1988;4;14;13440.0;13440.0;1600.0;11840.0;5;0;0;0;0;0;0;0;4.949628046035187;88;4;12;0;0;0;5005.336383802324;01;7;1;Depot;T215;80;Warm (20° bis 31,99° C);Tag;Klar;Texas;Frühling;Entgleisung;Rail, Joint Bar and Rail Anchoring;Track, Roadbed and Structures;Depot/Rangieren, EinzelneWagen;11400.458054118246;Nicht Signifikant;False
6120;AX13S1;1987;3;5;21300.0;21300.0;2900.0;18400.0;2;0;0;0;0;0;0;0;4.949628046035187;12;3;69;0;0;1;3154.9196717083696;01;7;1;Depot;T101;55;Moderat (0° bis 19,99° C);Tag;Klar;Texas;Winter;Entgleisung;Track Geometry;Track, Roadbed and Structures;Depot/Rangieren, EinzelneWagen;18067.690219696327;Nicht Signifikant;False
6121;AX15S;1986;3;20;9800.0;9800.0;1000.0;8800.0;1;0;0;0;0;0;0;0;4.949628046035187;24;1;60;0;0;3;5313.256439118408;04;7;1;Depot;M503;68;Warm (20° bis 31,99° C);Tag;Klar;Texas;Winter;Kollision;Other Miscellaneous;Miscellaneous Causes;Depot/Rangieren, EinzelneWagen;8312.833997794554;Nicht Signifikant;False
6122;AX16N;1986;4;2;15500.0;15500.0;0.0;15500.0;4;1;0;1;0;0;0;0;21.0;18;0;67;0;0;0;3400.8899735913355;04;7;1;Nebenstrecke;M404;72;Warm (20° bis 31,99° C);Tag;Regen;Oklahoma;Frühling;Kollision;Unusual Operational Situations;Miscellaneous Causes;Depot/Rangieren, Güterzug;13147.849690389345;Signifikant;True
6123;AX18S;1986;4;11;14200.0;14200.0;200.0;14000.0;2;0;0;0;0;0;0;0;5.0;1;0;125;0;0;2;2153.4744002147436;04;7;1;Depot;H018;72;Warm (20° bis 31,99° C);Abend;Wolkig;Texas;Frühling;Kollision;Brakes, Use of;Human Factors;Depot/Rangieren, EinzelneWagen;12045.126813130884;Nicht Signifikant;False
6124;AX199;1994;5;28;42275.0;42275.0;10000.0;32275.0;5;0;0;0;0;0;0;0;5.0;28;1;122;0;0;6;6997.93912845675;02;7;1;Depot;H306;60;Moderat (0° bis 19,99° C);Abenddämmerung;Klar;Michigan;Frühling;Kollision;General Switching Rules;Human Factors;Depot/Rangieren, Depot/Rangieren;35859.69972007804;Nicht Signifikant;False
6125;AX19N;1987;5;1;6100.0;6100.0;600.0;5500.0;2;0;0;0;0;0;0;0;2.958916643910756;46;4;2;0;0;2;2531.5002877813845;01;7;1;Depot;H099;64;Moderat (0° bis 19,99° C);Abend;Klar;Kansas;Frühling;Entgleisung;Brakes, Use of;Human Factors;Depot/Rangieren, EinzelneWagen;5174.315039443549;Nicht Signifikant;False
6126;AX1B86;1986;2;3;18646.0;18646.0;15946.0;2700.0;2;0;0;0;0;0;0;0;2.5;50;0;30;0;0;2;6674.003549214061;05;7;1;Depot;H306;62;Moderat (0° bis 19,99° C);Abend;Wolkig;Texas;Winter;Kollision;General Switching Rules;Human Factors;Depot/Rangieren, EinzelneWagen;15816.439053354821;Nicht Signifikant;False
6127;AX1B91;1991;2;17;24300.0;24300.0;0.0;24300.0;3;0;0;0;0;0;0;0;3.9542723449729715;49;1;17;0;0;3;6185.531867559173;04;7;1;Depot;S012;71;Warm (20° bis 31,99° C);Tag;Wolkig;Texas;Winter;Kollision;SIGNAL AND COMMUNICATION;Signal and Communication;Depot/Rangieren, Depot/Rangieren;20612.435321062007;Nicht Signifikant;False
6128;AX1C85;1985;3;1;12350.0;12350.0;350.0;0.0;0;0;0;0;0;0;0;0;0.0;0;0;0;0;0;0;69.7799471826711;05;;1;Depot;H702;65;Moderat (0° bis 19,99° C);Abend;Klar;Texas;Winter;Kollision;Switches, Use of;Human Factors;NaN, NaN;10475.867333955382;Nicht Signifikant;
6129;AX1E87;1987;5;22;9200.0;9200.0;0.0;9200.0;4;2;0;0;0;0;0;0;5.0;68;0;6;0;0;0;7987.963276438179;04;7;1;Depot;H101;72;Warm (20° bis 31,99° C);Morgendämmerung;Wolkig;Texas;Frühling;Kollision;Employee Physical Condition;Human Factors;Depot/Rangieren, Güterzug;7803.884977521418;Nicht Signifikant;False
6130;AX1G91;1991;7;18;13964.0;13964.0;6464.0;7500.0;3;1;0;0;0;0;0;0;3.9542723449729715;30;2;29;0;0;2;4407.626730413531;01;7;1;Depot;E64C;76;Warm (20° bis 31,99° C);Abend;Wolkig;Texas;Sommer;Entgleisung;Wheels;Mechanical and Electrical Failures;Depot/Rangieren, Lokomotive;11844.940198490118;Nicht Signifikant;False
6131;AX1H88;1988;8;11;14400.0;14400.0;1000.0;13400.0;4;2;0;0;0;0;0;0;5.0;38;0;75;0;0;0;6676.0428451186235;04;7;1;Depot;H401;70;Warm (20° bis 31,99° C);Abend;Klar;Texas;Sommer;Kollision;Main Track Authority;Human Factors;Depot/Rangieren, Depot/Rangieren;12214.776486555264;Nicht Signifikant;False
6132;AX1J87;1987;10;2;6000.0;6000.0;1500.0;4500.0;2;0;0;0;0;0;0;0;2.958916643910756;40;1;44;0;0;3;5983.7681224925345;01;7;1;Depot;H211;78;Warm (20° bis 31,99° C);Abend;Klar;Texas;Herbst;Entgleisung;Flagging, Fixed, Hand and Radio Signals;Human Factors;Depot/Rangieren, Depot/Rangieren;5089.490202731359;Nicht Signifikant;False
6133;AX1K87;1987;11;21;9174.0;9174.0;400.0;8774.0;9;0;0;0;0;0;0;0;2.5;13;2;10;0;0;0;1892.3086501685425;04;7;1;Depot;H702;74;Warm (20° bis 31,99° C);Tag;Wolkig;Texas;Herbst;Kollision;Switches, Use of;Human Factors;Depot/Rangieren, Lokomotive;7781.830519976249;Nicht Signifikant;False
6134;AX1L85;1985;12;14;34725.0;34725.0;525.0;34200.0;4;2;0;0;0;0;0;0;1.9635609428485408;65;1;71;0;0;3;9649.756811420684;05;7;1;Depot;H307;29;Kalt (-30° - 0,01° C);Abend;Klar;Texas;Herbst;Kollision;General Switching Rules;Human Factors;Depot/Rangieren, Depot/Rangieren;29455.424548307743;Nicht Signifikant;False