index;INCDTNO;YEAR4;MONTH;DAY;ACCDMG;INFRASTRUCTURE_DMG;TRKDMG;EQPDMG;LOCOMOTIVES1;LOCOMOTIVES2;RREMPKLD;RREMPINJ;PASSKLD;PASSINJ;OTHERKLD;OTHERINJ;SPEED;LOADF1;LOADF2;EMPTYF1;EMPTYP1;LOADP1;EMPTYF2;TONS;TYPE;TYPEQ;TRKCLAS;TYPTRK;ACCAUSE;TEMP;TEMP_CLUSTER;VISIBLTY;WEATHER;STATE;Jahreszeit;ACCIDENT_TYPE;ACCCAUSE_LVL1;ACCCAUSE_LVL2;EQUIPMENT_TYPE;ACCDMG_EUR;ACCTYPE;SPD_TOO_HIGH
6135;AX205;1994;6;5;38700.0;38700.0;2500.0;36200.0;2;0;0;0;0;0;0;0;5.0;50;2;50;0;0;4;7325.109904668271;01;7;1;Depot;H699;60;Moderat (0° bis 19,99° C);Abend;Klar;Michigan;Frühling;Entgleisung;Speed;Human Factors;Depot/Rangieren, Depot/Rangieren;32827.21180761727;Nicht Signifikant;False
6136;AX223;1996;7;29;30150.0;30150.0;21550.0;8600.0;2;0;0;2;0;0;0;0;0.9682052417863254;43;0;6;0;0;2;5146.987732445529;04;7;1;Depot;H306;65;Moderat (0° bis 19,99° C);Tag;Klar;Michigan;Sommer;Kollision;General Switching Rules;Human Factors;Depot/Rangieren, Depot/Rangieren;25574.68826872508;Signifikant;False
6137;AX22N;1985;2;24;10150.0;10150.0;250.0;9900.0;2;0;0;0;0;0;0;0;4.949628046035187;13;2;24;0;0;8;2030.7428632521262;01;7;1;Depot;T101;40;Moderat (0° bis 19,99° C);Tag;Wolkig;Kansas;Winter;Entgleisung;Track Geometry;Track, Roadbed and Structures;Depot/Rangieren, EinzelneWagen;8609.720926287217;Nicht Signifikant;False
6138;AX24S;1986;5;15;13900.0;13900.0;2070.0;11830.0;3;0;0;0;0;0;0;0;2.958916643910756;31;4;2;0;0;1;2728.256439118408;01;7;1;Depot;H503;73;Warm (20° bis 31,99° C);Abend;Wolkig;Texas;Frühling;Entgleisung;Train Handling/Train Makeup;Human Factors;Depot/Rangieren, EinzelneWagen;11790.652302994316;Nicht Signifikant;False
6139;AX24S1;1988;7;15;12000.0;12000.0;0.0;12000.0;1;0;0;0;0;0;0;0;3.0;9;0;0;0;0;0;974.9493698254033;05;7;1;Depot;H020;80;Warm (20° bis 31,99° C);Tag;Klar;Texas;Sommer;Kollision;Brakes, Use of;Human Factors;Depot/Rangieren, EinzelneWagen;10178.980405462718;Nicht Signifikant;False
6140;AX28S1;1986;6;4;9900.0;9900.0;700.0;9200.0;1;0;0;0;0;0;0;0;9.926406551346263;38;0;35;0;0;1;5409.011336336122;03;7;1;Depot;H601;71;Warm (20° bis 31,99° C);Tag;Wolkig;Texas;Frühling;Kollision;Speed;Human Factors;Depot/Rangieren, EinzelneWagen;8397.658834506743;Nicht Signifikant;False
6141;AX2E87;1987;5;30;6250.0;6250.0;0.0;6250.0;4;0;0;0;0;0;0;0;4.5;11;0;10;0;0;0;1625.5757191143985;04;7;1;Depot;H401;65;Moderat (0° bis 19,99° C);Abend;Wolkig;Texas;Frühling;Kollision;Main Track Authority;Human Factors;Depot/Rangieren, Depot/Rangieren;5301.552294511833;Nicht Signifikant;False
6142;AX2G91;1991;7;22;12050.0;12050.0;0.0;12050.0;2;0;0;0;0;0;0;0;2.958916643910756;48;3;22;0;0;7;6269.144714558111;01;7;1;Depot;E31C;78;Warm (20° bis 31,99° C);Abend;Klar;Texas;Sommer;Entgleisung;Coupler and Draft System;Mechanical and Electrical Failures;Depot/Rangieren, EinzelneWagen;10221.392823818813;Nicht Signifikant;False
6143;AX2H87;1987;8;25;40500.0;40500.0;2000.0;38500.0;4;1;0;0;0;0;0;0;4.0;49;5;49;0;0;0;7233.813054443837;01;4;1;Depot;T101;99;Heiß (>= 32° C);Tag;Klar;Texas;Sommer;Entgleisung;Track Geometry;Track, Roadbed and Structures;Arbeitszug, Depot/Rangieren;34354.058868436674;Nicht Signifikant;False
6144;AX2I89;1989;9;21;43708.0;43708.0;208.0;43500.0;15;3;0;0;0;0;0;0;2.0;0;0;0;0;0;0;69.7799471826711;05;8;1;Depot;H702;75;Warm (20° bis 31,99° C);Abend;Klar;Texas;Sommer;Kollision;Switches, Use of;Human Factors;Lokomotive, Lokomotive;37075.23963016371;Nicht Signifikant;False
6145;AX2J85;1985;10;21;36500.0;36500.0;500.0;36000.0;1;0;0;0;0;0;0;0;2.0;16;0;8;0;0;2;2136.4300905775276;04;7;1;Depot;H018;68;Warm (20° bis 31,99° C);Tag;Regen;Texas;Herbst;Kollision;Brakes, Use of;Human Factors;Depot/Rangieren, EinzelneWagen;30961.065399949104;Nicht Signifikant;False
6146;AX2L85;1985;12;27;48900.0;48900.0;1400.0;47500.0;4;0;0;0;0;0;0;0;3.0;49;1;110;0;0;5;9020.00808641991;05;7;1;Depot;H307;55;Moderat (0° bis 19,99° C);Abend;Regen;Texas;Winter;Kollision;General Switching Rules;Human Factors;Depot/Rangieren, Depot/Rangieren;41479.34515226058;Nicht Signifikant;False
6147;AX30N;1988;8;18;102950.0;102950.0;950.0;102000.0;3;0;0;0;0;0;0;0;0.0;4;2;2;0;0;1;508.647398120594;04;7;1;Industriestrecke;E09C;90;Heiß (>= 32° C);Tag;Wolkig;Oklahoma;Sommer;Kollision;Brakes;Mechanical and Electrical Failures;Depot/Rangieren, EinzelneWagen;87327.16939519891;Nicht Signifikant;False
6148;AX30S1;1986;6;11;19600.0;19600.0;3000.0;16600.0;2;0;0;0;0;0;0;0;2.945222191881008;3;0;23;0;0;3;1017.2947962411881;01;7;1;Depot;H701;68;Warm (20° bis 31,99° C);Abend;Klar;Texas;Frühling;Entgleisung;Switches, Use of;Human Factors;Depot/Rangieren, EinzelneWagen, EinzelneWagen;16625.66799558911;Nicht Signifikant;False
6149;AX31S1;1986;6;17;15500.0;15500.0;4300.0;11200.0;2;0;0;0;0;0;0;0;5.944983747097401;8;1;17;0;0;1;1429.0938083315825;01;7;1;Depot;T110;82;Warm (20° bis 31,99° C);Tag;Klar;Texas;Frühling;Entgleisung;Track Geometry;Track, Roadbed and Structures;Depot/Rangieren, EinzelneWagen;13147.849690389345;Nicht Signifikant;False
6150;AX33S1;1986;6;20;13100.0;13100.0;0.0;13100.0;1;0;0;0;0;0;0;0;0.0;3;0;55;0;0;0;1038.282279920988;04;7;1;Depot;H018;85;Warm (20° bis 31,99° C);Tag;Klar;Texas;Frühling;Kollision;Brakes, Use of;Human Factors;Depot/Rangieren, EinzelneWagen;11112.053609296801;Nicht Signifikant;False
6151;AX353;1994;10;16;24800.0;24800.0;7500.0;17300.0;1;0;0;2;0;0;0;0;4.5;4;0;16;0;0;1;1013.4322432949265;04;7;1;Depot;T306;45;Moderat (0° bis 19,99° C);Tag;Klar;Michigan;Herbst;Kollision;Frogs, Switches and Track Appliances;Track, Roadbed and Structures;Depot/Rangieren, EinzelneWagen;21036.559504622954;Signifikant;False
6152;AX35S;1988;9;13;7650.0;7650.0;0.0;7650.0;2;0;0;0;0;0;0;0;2.958916643910756;7;1;0;0;0;0;847.4345207668864;05;7;1;Depot;H302;78;Warm (20° bis 31,99° C);Abend;Klar;Texas;Sommer;Kollision;General Switching Rules;Human Factors;Depot/Rangieren, EinzelneWagen;6489.100008482484;Nicht Signifikant;False
6153;AX37S;1988;9;20;23072.0;23072.0;0.0;23072.0;0;0;0;0;0;0;0;0;14.903185056657339;0;0;2;0;0;0;130.67276760464793;03;5;4;Hauptstrecke;H402;83;Warm (20° bis 31,99° C);Tag;Klar;Texas;Sommer;Kollision;Main Track Authority;Human Factors;EinzelneWagen, EinzelneWagen;19570.78632623632;Nicht Signifikant;False
6154;AX380;1988;9;10;14000.0;14000.0;0.0;14000.0;3;3;0;0;0;0;0;0;2.0;8;0;1;0;0;0;1010.2857536277273;02;1;1;Industriestrecke;M503;70;Warm (20° bis 31,99° C);Abend;Klar;Oklahoma;Sommer;Kollision;Other Miscellaneous;Miscellaneous Causes;Güterzug, Lokomotive;11875.477139706505;Nicht Signifikant;False
6155;AX3G91;1991;7;26;28850.0;28850.0;0.0;28850.0;4;0;0;0;0;0;0;0;5.944983747097401;100;0;20;0;0;2;12057.410673567101;04;7;2;Hauptstrecke;H021;90;Heiß (>= 32° C);Tag;Wolkig;Texas;Sommer;Kollision;Brakes, Use of;Human Factors;Depot/Rangieren, EinzelneWagen;24471.96539146662;Nicht Signifikant;False
6156;AX3N1;1986;1;18;6189.0;6189.0;139.0;6050.0;2;0;0;0;0;0;0;0;3.9542723449729715;0;0;40;0;0;5;1242.925357389127;04;7;1;Depot;E32C;50;Moderat (0° bis 19,99° C);Abend;Klar;Kansas;Winter;Kollision;Coupler and Draft System;Mechanical and Electrical Failures;Depot/Rangieren, EinzelneWagen;5249.809144117397;Nicht Signifikant;False
6157;AX40S;1985;5;10;32725.0;32725.0;1500.0;31225.0;2;0;0;0;0;0;0;0;9.926406551346263;19;0;15;0;0;3;2368.647398120594;04;7;1;Depot;H602;68;Warm (20° bis 31,99° C);Abend;Klar;Texas;Frühling;Kollision;Speed;Human Factors;Depot/Rangieren, EinzelneWagen;27758.927814063958;Nicht Signifikant;False
6158;AX41N;1987;8;25;10460.0;10460.0;180.0;10280.0;2;0;0;0;0;0;0;0;3.9542723449729715;39;4;1;0;0;0;3412.851232860841;01;7;1;Depot;H099;83;Warm (20° bis 31,99° C);Tag;Klar;Kansas;Sommer;Entgleisung;Brakes, Use of;Human Factors;Depot/Rangieren, EinzelneWagen;8872.677920095004;Nicht Signifikant;False
6159;AX41S;1988;9;29;5700.0;5700.0;0.0;5700.0;1;1;0;0;0;0;0;0;2.958916643910756;1;1;0;0;0;0;203.14641270974315;04;5;1;Depot;H302;75;Warm (20° bis 31,99° C);Tag;Regen;Texas;Herbst;Kollision;General Switching Rules;Human Factors;EinzelneWagen, Lokomotive;4835.015692594791;Nicht Signifikant;False
6160;AX43N;1986;8;2;16050.0;16050.0;0.0;16050.0;3;0;0;0;0;0;0;0;4.949628046035187;1;0;2;0;0;0;165.33638380232395;05;7;1;Depot;H301;90;Heiß (>= 32° C);Tag;Klar;Oklahoma;Sommer;Kollision;General Switching Rules;Human Factors;Depot/Rangieren, EinzelneWagen;13614.386292306386;Nicht Signifikant;False
6161;AX44S;1988;10;23;53000.0;53000.0;0.0;53000.0;8;1;0;0;0;0;0;0;19.879963561968417;24;0;38;0;0;0;3768.0148450682545;03;6;4;Hauptstrecke;H101;63;Moderat (0° bis 19,99° C);Abend;Klar;Texas;Herbst;Kollision;Employee Physical Condition;Human Factors;EinzelneWagen, Güterzug;44957.163457460345;Nicht Signifikant;False
6162;AX48N;1987;9;25;7900.0;7900.0;950.0;6950.0;2;0;0;0;0;0;0;0;4.949628046035187;29;4;0;0;0;0;2612.4048226498526;01;7;1;Depot;H503;75;Warm (20° bis 31,99° C);Tag;Klar;Kansas;Herbst;Entgleisung;Train Handling/Train Makeup;Human Factors;Depot/Rangieren, EinzelneWagen;6701.162100262956;Nicht Signifikant;False
6163;AX48S;1986;8;20;16000.0;16000.0;0.0;16000.0;2;0;0;0;0;0;0;0;0.0;12;0;10;0;0;0;914.8899735913355;02;1;2;Hauptstrecke;H401;87;Warm (20° bis 31,99° C);Abend;Wolkig;Texas;Sommer;Kollision;Main Track Authority;Human Factors;Güterzug, Lokomotive;13571.973873950292;Nicht Signifikant;False
6164;AX50S;1986;8;24;7000.0;7000.0;0.0;7000.0;2;0;0;0;0;0;0;0;4.949628046035187;1;1;36;0;0;1;1428.2564391184076;01;7;1;Depot;T222;75;Warm (20° bis 31,99° C);Abend;Wolkig;Texas;Sommer;Entgleisung;Rail, Joint Bar and Rail Anchoring;Track, Roadbed and Structures;Depot/Rangieren, EinzelneWagen;5937.738569853253;Nicht Signifikant;False
6165;AX51N;1988;12;5;60000.0;60000.0;0.0;60000.0;2;0;0;0;0;0;0;0;19.879963561968417;10;0;0;0;0;0;1207.3541924752558;02;6;2;Hauptstrecke;H305;65;Moderat (0° bis 19,99° C);Tag;Klar;Oklahoma;Herbst;Kollision;General Switching Rules;Human Factors;EinzelneWagen, Lokomotive;50894.9020273136;Nicht Signifikant;False
6166;AX51S;1985;6;6;8600.0;8600.0;100.0;8500.0;1;0;0;0;0;0;0;0;2.958916643910756;17;0;16;0;0;1;2304.1306739317124;04;7;1;Depot;H306;89;Warm (20° bis 31,99° C);Tag;Klar;Texas;Frühling;Kollision;General Switching Rules;Human Factors;Depot/Rangieren, EinzelneWagen;7294.935957248282;Nicht Signifikant;False
6167;AX53N1;1987;11;19;9150.0;9150.0;1450.0;7700.0;1;0;0;0;0;0;0;0;3.9542723449729715;66;7;12;0;0;0;7134.214948890685;05;7;1;Depot;H503;50;Moderat (0° bis 19,99° C);Tag;Klar;Kansas;Herbst;Kollision;Train Handling/Train Makeup;Human Factors;Depot/Rangieren, EinzelneWagen;7761.472559165323;Nicht Signifikant;False
6168;AX54N;1986;9;10;8700.0;8700.0;0.0;8700.0;2;0;0;0;0;0;0;0;3.9542723449729715;6;0;44;0;0;2;1937.6263492889952;05;7;1;Depot;T101;58;Moderat (0° bis 19,99° C);Abend;Wolkig;Kansas;Sommer;Kollision;Track Geometry;Track, Roadbed and Structures;Depot/Rangieren, EinzelneWagen;7379.760793960471;Nicht Signifikant;False
6169;AX55S;1986;9;16;29000.0;29000.0;0.0;29000.0;5;0;0;1;0;0;0;0;24.856742067279495;62;0;78;0;0;0;9497.560264453794;03;1;3;Hauptstrecke;H201;85;Warm (20° bis 31,99° C);Morgendämmerung;Klar;Texas;Sommer;Kollision;Flagging, Fixed, Hand and Radio Signals;Human Factors;Güterzug, Lokomotive;24599.202646534904;Signifikant;False
6170;AX57N;1986;9;15;12180.0;12180.0;2300.0;9880.0;2;0;0;0;0;0;0;0;1.9635609428485408;68;5;10;0;0;0;6361.97111380329;01;7;1;Depot;H505;60;Moderat (0° bis 19,99° C);Abend;Klar;Kansas;Sommer;Entgleisung;Train Handling/Train Makeup;Human Factors;Depot/Rangieren, EinzelneWagen;10331.66511154466;Nicht Signifikant;False
6171;AX57S1;1987;12;7;6850.0;6850.0;0.0;6850.0;1;0;0;0;0;0;0;0;4.0;3;0;0;0;0;0;378.647398120594;04;7;1;Depot;H020;45;Moderat (0° bis 19,99° C);Abend;Wolkig;Texas;Herbst;Kollision;Brakes, Use of;Human Factors;Depot/Rangieren, EinzelneWagen;5810.501314784969;Nicht Signifikant;False
6172;AX59N;1986;10;8;8050.0;8050.0;0.0;8050.0;2;0;0;0;0;0;0;0;3.9542723449729715;0;0;13;0;0;0;425.33638380232395;04;7;1;Depot;H306;70;Warm (20° bis 31,99° C);Abenddämmerung;Wolkig;Kansas;Herbst;Kollision;General Switching Rules;Human Factors;Depot/Rangieren, EinzelneWagen;6828.39935533124;Nicht Signifikant;False
6173;AX60S;1986;10;21;20900.0;20900.0;500.0;20400.0;1;0;0;0;0;0;0;0;3.0;30;3;11;0;0;5;2565.336383802324;05;7;1;Depot;H306;72;Warm (20° bis 31,99° C);Tag;Wolkig;Texas;Herbst;Kollision;General Switching Rules;Human Factors;Depot/Rangieren, EinzelneWagen;17728.39087284757;Nicht Signifikant;False
6174;AX64S;1985;7;29;11950.0;11950.0;0.0;11950.0;2;0;0;0;0;0;0;0;4.949628046035187;12;0;4;0;0;1;1521.3182985754024;04;7;1;Depot;T101;75;Warm (20° bis 31,99° C);Tag;Wolkig;Texas;Sommer;Kollision;Track Geometry;Track, Roadbed and Structures;Depot/Rangieren, EinzelneWagen;10136.567987106624;Nicht Signifikant;False
6175;AX67N;1986;12;9;15000.0;15000.0;0.0;15000.0;0;0;0;0;0;0;0;0;4.949628046035187;0;0;14;0;0;2;498.9897593753227;04;6;1;Depot;H021;35;Moderat (0° bis 19,99° C);Tag;Wolkig;Texas;Herbst;Kollision;Brakes, Use of;Human Factors;EinzelneWagen, EinzelneWagen;12723.7255068284;Nicht Signifikant;False
6176;AX68S;1986;12;11;24380.0;24380.0;0.0;24380.0;4;0;0;0;0;0;0;0;3.5;33;0;2;0;0;0;4370.0;05;7;1;Hauptstrecke;H401;33;Moderat (0° bis 19,99° C);Abend;Wolkig;Texas;Herbst;Kollision;Main Track Authority;Human Factors;Depot/Rangieren, Depot/Rangieren;20680.295190431756;Nicht Signifikant;False
6177;AX6S;1986;2;16;22500.0;22500.0;0.0;22500.0;1;0;0;0;0;0;0;0;8.931050850284048;16;0;4;0;0;0;1168.647398120594;03;7;1;Hauptstrecke;H702;50;Moderat (0° bis 19,99° C);Tag;Klar;Texas;Winter;Kollision;Switches, Use of;Human Factors;Depot/Rangieren, EinzelneWagen;19085.5882602426;Nicht Signifikant;False
6178;AX70S;1985;8;7;18400.0;18400.0;1200.0;17200.0;1;0;0;0;0;0;0;0;4.949628046035187;29;0;37;0;0;2;4515.075329776635;01;7;1;Depot;H999;82;Warm (20° bis 31,99° C);Abend;Klar;Texas;Sommer;Entgleisung;Miscellaneous;Human Factors;Depot/Rangieren, EinzelneWagen;15607.769955042835;Nicht Signifikant;False
6179;AX7N1;1988;3;22;14900.0;14900.0;300.0;14600.0;2;0;0;0;0;0;0;0;1.9635609428485408;10;0;27;0;0;3;1863.7428632521262;04;7;1;Depot;H306;70;Warm (20° bis 31,99° C);Abend;Wolkig;Kansas;Frühling;Kollision;General Switching Rules;Human Factors;Depot/Rangieren, EinzelneWagen;12638.900670116209;Nicht Signifikant;False
6180;AX7S;1986;2;22;7900.0;7900.0;0.0;7900.0;1;0;0;0;0;0;0;0;2.0;23;0;0;0;0;0;2073.647398120594;04;7;1;Depot;H021;45;Moderat (0° bis 19,99° C);Abend;Klar;Texas;Winter;Kollision;Brakes, Use of;Human Factors;Depot/Rangieren, EinzelneWagen;6701.162100262956;Nicht Signifikant;False
6181;AX7S;1987;2;4;8150.0;8150.0;0.0;8150.0;2;0;0;0;0;0;0;0;2.958916643910756;1;1;2;0;0;0;161.33638380232395;05;7;1;Depot;T102;68;Warm (20° bis 31,99° C);Tag;Klar;Texas;Winter;Kollision;Track Geometry;Track, Roadbed and Structures;Depot/Rangieren, EinzelneWagen;6913.22419204343;Nicht Signifikant;False
6182;AX81S1;1985;9;1;9800.0;9800.0;0.0;9800.0;1;0;0;0;0;0;0;0;2.958916643910756;5;0;3;0;0;0;794.1235064486164;05;7;1;Depot;H302;90;Heiß (>= 32° C);Tag;Klar;Texas;Sommer;Kollision;General Switching Rules;Human Factors;Depot/Rangieren, EinzelneWagen;8312.833997794554;Nicht Signifikant;False
6183;AX84S1;1985;9;17;20500.0;20500.0;0.0;20500.0;1;0;0;0;0;0;0;0;2.958916643910756;3;0;19;0;0;0;1128.1115002304782;05;7;1;Depot;H401;91;Heiß (>= 32° C);Morgendämmerung;Klar;Texas;Sommer;Kollision;Main Track Authority;Human Factors;Depot/Rangieren, EinzelneWagen;17389.09152599881;Nicht Signifikant;False
6184;AX88N1;1985;9;28;10600.0;10600.0;0.0;10600.0;2;0;0;0;0;0;0;0;1.9635609428485408;26;0;59;0;0;0;4235.484239530871;04;7;1;Depot;H401;68;Warm (20° bis 31,99° C);Abend;Klar;Kansas;Herbst;Kollision;Main Track Authority;Human Factors;Depot/Rangieren, EinzelneWagen;8991.432691492068;Nicht Signifikant;False
6185;AX930402;1993;4;13;32762.0;32762.0;6000.0;26762.0;1;0;0;0;0;0;0;0;7.935695149221832;50;5;0;0;0;0;5855.696378634662;01;7;1;Depot;M204;75;Warm (20° bis 31,99° C);Tag;Wolkig;Texas;Frühling;Entgleisung;Loading Procedures;Loading;Depot/Rangieren, EinzelneWagen;27790.313003647465;Nicht Signifikant;False
6186;AX94;1995;3;1;7250.0;7250.0;700.0;6550.0;2;0;0;0;0;0;0;0;4.0;72;1;49;0;0;3;9776.237758483747;04;7;1;Depot;H306;34;Moderat (0° bis 19,99° C);Abend;Klar;Michigan;Winter;Kollision;General Switching Rules;Human Factors;Depot/Rangieren, Depot/Rangieren;6149.800661633726;Nicht Signifikant;False
6187;AX940803;1994;8;31;23000.0;23000.0;0.0;23000.0;3;0;0;0;0;0;0;0;3.0;28;0;13;0;0;0;3650.791166744758;04;7;1;Depot;H401;76;Warm (20° bis 31,99° C);Abend;Klar;Texas;Sommer;Kollision;Main Track Authority;Human Factors;Depot/Rangieren, Depot/Rangieren;19509.712443803546;Nicht Signifikant;False
6188;AX970803;1997;8;9;12810.0;12810.0;210.0;12600.0;1;0;0;0;0;0;0;0;3.5;10;1;23;0;0;0;1927.2306683258028;04;7;1;Depot;H018;94;Heiß (>= 32° C);Tag;Wolkig;Texas;Sommer;Kollision;Brakes, Use of;Human Factors;Depot/Rangieren, EinzelneWagen;10866.061582831453;Nicht Signifikant;False
6189;AX970804;1997;8;12;10660.0;10660.0;160.0;10500.0;2;0;0;0;0;0;0;0;2.5;29;1;26;0;0;0;4179.9609650146795;04;7;1;Depot;H212;92;Heiß (>= 32° C);Tag;Klar;Texas;Sommer;Kollision;Flagging, Fixed, Hand and Radio Signals;Human Factors;Depot/Rangieren, Depot/Rangieren;9042.327593519381;Nicht Signifikant;False
6190;AX971001;1997;10;24;19610.0;19610.0;610.0;19000.0;1;0;0;0;0;0;0;0;5.0;15;1;9;0;0;0;2069.7680480182576;05;7;1;Depot;H020;80;Warm (20° bis 31,99° C);Tag;Wolkig;Texas;Herbst;Kollision;Brakes, Use of;Human Factors;Depot/Rangieren, EinzelneWagen;16634.150479260326;Nicht Signifikant;False
6191;AX971002;1997;10;31;7820.0;7820.0;620.0;7200.0;2;0;0;0;0;0;0;0;3.5;19;0;34;0;0;2;3269.309029651002;04;7;1;Depot;H401;85;Warm (20° bis 31,99° C);Tag;Wolkig;Texas;Herbst;Kollision;Main Track Authority;Human Factors;Depot/Rangieren, Depot/Rangieren;6633.302230893205;Nicht Signifikant;False
6192;AX97245;1997;7;30;35301.0;35301.0;1801.0;33500.0;3;0;0;0;0;0;0;0;4.949628046035187;0;0;40;0;0;3;1292.0764594804284;01;7;1;Depot;H306;75;Warm (20° bis 31,99° C);Abend;Klar;Michigan;Sommer;Entgleisung;General Switching Rules;Human Factors;Depot/Rangieren, Lokomotive;29944.015607769954;Nicht Signifikant;False
6193;AX97286;1997;9;20;11600.0;11600.0;600.0;11000.0;4;1;0;0;0;0;0;0;0.0;14;0;6;0;0;0;1845.0623518582202;04;7;1;Depot;H702;65;Moderat (0° bis 19,99° C);Abend;Klar;Michigan;Sommer;Kollision;Switches, Use of;Human Factors;Depot/Rangieren, Lokomotive;9839.681058613962;Nicht Signifikant;False
6194;AX97312;1997;10;24;13000.0;13000.0;500.0;12500.0;3;0;0;0;0;0;0;0;3.5;12;0;9;0;0;2;1711.8468026714822;04;7;1;Depot;H702;40;Moderat (0° bis 19,99° C);Abend;Klar;Michigan;Herbst;Kollision;Switches, Use of;Human Factors;Depot/Rangieren, Lokomotive;11027.228772584613;Nicht Signifikant;False
6195;AX9N1;1988;3;24;7150.0;7150.0;2800.0;4350.0;2;0;0;0;0;0;0;0;3.9542723449729715;7;1;67;0;0;8;2741.6756144352894;01;7;1;Depot;H505;50;Moderat (0° bis 19,99° C);Abend;Wolkig;Kansas;Frühling;Entgleisung;Train Handling/Train Makeup;Human Factors;Depot/Rangieren, EinzelneWagen;6064.9758249215365;Nicht Signifikant;False
6196;AZ0601112;2001;6;27;15505.0;15505.0;0.0;15505.0;4;0;0;0;0;0;0;0;4.949628046035187;27;2;58;0;0;0;6869.256439118408;01;6;1;Nebenstrecke;H018;75;Warm (20° bis 31,99° C);Abend;Klar;Arizona;Sommer;Entgleisung;Brakes, Use of;Human Factors;EinzelneWagen, Güterzug;17983.06657388077;Nicht Signifikant;False
6197;AZ0900105;2000;9;16;380000.0;380000.0;0.0;380000.0;9;1;0;1;0;0;0;0;37.5;70;0;0;0;0;0;4421.889973591336;03;1;4;Hauptstrecke;H605;80;Warm (20° bis 31,99° C);Abend;Klar;Arizona;Sommer;Kollision;Speed;Human Factors;Güterzug, Lokomotive;442615.3129367914;Signifikant;False
6198;AZ0901111;2001;9;20;7800.0;7800.0;0.0;7800.0;1;0;0;0;0;0;0;0;4.949628046035187;10;0;63;0;0;3;3129.918139625747;01;7;1;Depot;H306;75;Warm (20° bis 31,99° C);Abenddämmerung;Klar;New Mexico;Sommer;Entgleisung;General Switching Rules;Human Factors;Depot/Rangieren, EinzelneWagen;8424.2358786046;Nicht Signifikant;False
6199;AZ0901113;2001;9;21;38650.0;38650.0;38300.0;350.0;9;0;0;0;0;0;0;0;34.81029907790165;105;0;8;0;0;0;9782.0;09;1;5;Hauptstrecke;E29C;80;Warm (20° bis 31,99° C);Tag;Klar;New Mexico;Sommer;Kollision;Body;Mechanical and Electrical Failures;Güterzug, Güterzug;42010.86956521739;Nicht Signifikant;False
6200;AZ0997103;1997;9;18;10850.0;10850.0;0.0;10850.0;4;0;0;0;0;0;0;0;9.926406551346263;67;0;73;0;0;2;11192.0;04;1;1;Industriestrecke;H307;70;Warm (20° bis 31,99° C);Abend;Klar;Arizona;Sommer;Kollision;General Switching Rules;Human Factors;Güterzug, Güterzug;9203.494783272541;Nicht Signifikant;False
6201;AZ1000112;2000;10;31;3708100.0;3708100.0;0.0;3708106.0;7;3;1;3;0;0;0;0;0.9682052417863254;117;5;0;0;0;0;9023.0;03;1;4;Hauptstrecke;H605;28;Kalt (-30° - 0,01° C);Abenddämmerung;Schnee;Arizona;Herbst;Kollision;Speed;Human Factors;Güterzug, Güterzug;4405488.891529049;Schwer;False
6202;AZ1199100;1999;11;2;16890.0;16890.0;3015.0;13875.0;2;0;0;0;0;0;0;0;7.935695149221832;12;0;40;0;0;6;2352.8164184217308;01;5;1;Depot;M503;25;Kalt (-30° - 0,01° C);Abend;Klar;New Mexico;Herbst;Entgleisung;Other Miscellaneous;Miscellaneous Causes;EinzelneWagen, Güterzug;16074.997620633863;Nicht Signifikant;False
6203;B0227;1987;9;7;162500.0;162500.0;0.0;162500.0;12;0;0;8;0;0;0;0;5.944983747097401;0;0;0;0;0;0;69.7799471826711;03;8;1;Industriestrecke;H699;89;Warm (20° bis 31,99° C);Tag;Klar;Kalifornien;Sommer;Kollision;Speed;Human Factors;Lokomotive, Lokomotive;137840.35965730765;Schwer;False
6204;B0534;1994;2;25;14400.0;14400.0;1000.0;13400.0;4;0;0;1;0;0;0;0;2.958916643910756;1;1;0;0;0;0;149.88997359133555;04;7;1;Depot;H399;46;Moderat (0° bis 19,99° C);Abend;Klar;Kalifornien;Winter;Kollision;General Switching Rules;Human Factors;Depot/Rangieren, Depot/Rangieren;12214.776486555264;Signifikant;False
6205;B0905;1995;4;27;10811.0;10811.0;2311.0;8500.0;8;1;0;0;0;0;0;0;2.958916643910756;0;0;0;0;0;0;69.7799471826711;04;7;1;Depot;H210;47;Moderat (0° bis 19,99° C);Abend;Klar;Kalifornien;Frühling;Kollision;Flagging, Fixed, Hand and Radio Signals;Human Factors;Depot/Rangieren, Lokomotive;9170.413096954788;Nicht Signifikant;False
6206;B1005;1995;6;3;40000.0;40000.0;0.0;40000.0;3;0;0;0;0;0;0;0;19.879963561968417;1;0;0;0;0;0;183.53737171192955;09;5;3;Hauptstrecke;H499;55;Moderat (0° bis 19,99° C);Tag;Klar;Kalifornien;Frühling;Kollision;Main Track Authority;Human Factors;EinzelneWagen, Lokomotive;33929.93468487573;Nicht Signifikant;False
6207;B153;1989;2;21;37000.0;37000.0;0.0;37000.0;1;1;0;0;0;0;0;0;14.903185056657339;2;1;3;0;0;2;688.2564391184076;04;4;X;Depot;H021;45;Moderat (0° bis 19,99° C);Tag;Regen;Vermont;Winter;Kollision;Brakes, Use of;Human Factors;Arbeitszug, EinzelneWagen;31385.18958351005;Nicht Signifikant;True
6208;B1817;1987;10;15;113350.0;113350.0;19000.0;94350.0;8;0;0;0;0;0;0;0;6.5;70;2;0;0;0;0;6106.0;04;1;4;Hauptstrecke;H212;55;Moderat (0° bis 19,99° C);Tag;Nebel;Kalifornien;Herbst;Kollision;Flagging, Fixed, Hand and Radio Signals;Human Factors;Güterzug, Güterzug;96148.9524132666;Nicht Signifikant;False