index;INCDTNO;YEAR4;MONTH;DAY;ACCDMG;INFRASTRUCTURE_DMG;TRKDMG;EQPDMG;LOCOMOTIVES1;LOCOMOTIVES2;RREMPKLD;RREMPINJ;PASSKLD;PASSINJ;OTHERKLD;OTHERINJ;SPEED;LOADF1;LOADF2;EMPTYF1;EMPTYP1;LOADP1;EMPTYF2;TONS;TYPE;TYPEQ;TRKCLAS;TYPTRK;ACCAUSE;TEMP;TEMP_CLUSTER;VISIBLTY;WEATHER;STATE;Jahreszeit;ACCIDENT_TYPE;ACCCAUSE_LVL1;ACCCAUSE_LVL2;EQUIPMENT_TYPE;ACCDMG_EUR;ACCTYPE;SPD_TOO_HIGH
6209;B2074;1994;9;15;7700.0;7700.0;0.0;7700.0;2;1;0;0;0;0;0;0;7.935695149221832;40;1;33;0;0;1;5236.1996821379225;04;7;1;Depot;H399;94;Heiß (>= 32° C);Tag;Klar;Kalifornien;Sommer;Kollision;General Switching Rules;Human Factors;Depot/Rangieren, EinzelneWagen;6531.512426838578;Nicht Signifikant;False
6210;B2194;1994;10;22;216500.0;216500.0;1000.0;215500.0;2;0;0;0;0;0;0;0;5.5;111;1;92;0;0;6;15560.92925659841;04;6;1;Depot;H020;78;Warm (20° bis 31,99° C);Tag;Klar;Kalifornien;Herbst;Kollision;Brakes, Use of;Human Factors;EinzelneWagen, Güterzug;183645.77148188988;Signifikant;False
6211;B24887;1993;7;10;49200.0;49200.0;300.0;48900.0;1;1;0;3;0;0;0;0;6.5;2;2;5;0;0;0;488.7449292917573;04;7;2;Depot;S007;71;Warm (20° bis 31,99° C);Morgendämmerung;Wolkig;Illinois;Sommer;Kollision;SIGNAL AND COMMUNICATION;Signal and Communication;Depot/Rangieren, EinzelneWagen;41733.819662397145;Signifikant;False
6212;B2942;1992;8;26;8000.0;8000.0;0.0;8000.0;1;0;0;0;0;0;0;0;9.926406551346263;18;0;24;0;0;1;2795.9600702718585;04;7;1;Depot;H302;65;Moderat (0° bis 19,99° C);Abend;Klar;Kalifornien;Sommer;Kollision;General Switching Rules;Human Factors;Depot/Rangieren, EinzelneWagen;6785.986936975146;Nicht Signifikant;False
6213;B3987;1987;11;1;5250.0;5250.0;250.0;5000.0;3;2;0;0;0;0;0;0;4.949628046035187;0;0;49;0;0;0;1504.8899735913355;04;7;1;Depot;H602;70;Warm (20° bis 31,99° C);Tag;Wolkig;Kalifornien;Herbst;Kollision;Speed;Human Factors;Depot/Rangieren, Depot/Rangieren;4453.303927389939;Nicht Signifikant;False
6214;B85242;1985;11;27;30600.0;30600.0;600.0;30000.0;3;0;0;0;0;0;0;0;2.958916643910756;55;0;7;0;0;1;4501.816418421731;05;5;1;Depot;E04C;30;Kalt (-30° - 0,01° C);Morgendämmerung;Regen;Massachusetts;Herbst;Kollision;Brakes;Mechanical and Electrical Failures;EinzelneWagen, Güterzug;25956.400033929935;Nicht Signifikant;False
6215;B86072;1986;6;18;7500.0;7500.0;0.0;7500.0;2;0;0;0;0;0;0;0;10.0;0;0;0;0;9;0;446.34398551792395;05;2;1;Depot;H999;70;Warm (20° bis 31,99° C);Tag;Klar;Massachusetts;Frühling;Kollision;Miscellaneous;Human Factors;Personenzug, Personenzug;6361.8627534142;Nicht Signifikant;False
6216;B87015;1987;1;14;12000.0;12000.0;0.0;12000.0;5;1;0;0;0;0;0;0;2.958916643910756;39;0;35;0;0;0;5379.0;02;7;3;Depot;H702;15;Kalt (-30° - 0,01° C);Abend;Klar;Massachusetts;Winter;Kollision;Switches, Use of;Human Factors;Depot/Rangieren, Güterzug;10178.980405462718;Nicht Signifikant;False
6217;B87016;1987;1;25;229257.0;229257.0;0.0;225557.0;14;6;0;4;0;0;0;0;34.747065437202195;107;5;65;0;0;5;12780.0;03;1;1;Depot;H306;10;Kalt (-30° - 0,01° C);Tag;Klar;Massachusetts;Winter;Kollision;General Switching Rules;Human Factors;Güterzug, Güterzug, Güterzug;194466.87590126388;Signifikant;True
6218;B87037;1987;3;21;58300.0;58300.0;0.0;58300.0;3;0;0;0;0;0;0;0;2.0;51;0;90;0;0;1;8083.0;05;7;1;Depot;H401;38;Moderat (0° bis 19,99° C);Abend;Regen;Massachusetts;Frühling;Kollision;Main Track Authority;Human Factors;Depot/Rangieren, Depot/Rangieren;49452.87980320638;Nicht Signifikant;False
6219;B87044;1987;5;4;7500.0;7500.0;0.0;7500.0;1;0;0;0;0;0;0;0;4.949628046035187;9;1;2;0;0;0;1174.098629365788;05;6;1;Depot;H302;40;Moderat (0° bis 19,99° C);Abend;Regen;Massachusetts;Frühling;Kollision;General Switching Rules;Human Factors;EinzelneWagen, Lokomotive;6361.8627534142;Nicht Signifikant;False
6220;B87061;1987;7;22;7000.0;7000.0;0.0;7000.0;1;0;0;0;0;0;0;0;4.949628046035187;7;0;13;0;0;0;1261.8852516303298;05;7;1;Depot;E80C;90;Heiß (>= 32° C);Tag;Klar;Massachusetts;Sommer;Kollision;Doors;Mechanical and Electrical Failures;Depot/Rangieren, EinzelneWagen;5937.738569853253;Nicht Signifikant;False
6221;BNSO717110;2017;7;24;108500.0;108500.0;0.0;104000.0;5;0;0;1;0;0;0;0;7.935695149221832;0;0;0;9;0;0;241.96374545475624;01;8;1;Depot;H310;75;Warm (20° bis 31,99° C);Tag;Klar;Illinois;Sommer;Entgleisung;General Switching Rules;Human Factors;Lokomotive, Personenzug;93149.03846153845;Signifikant;False
6222;BOACH0010;1986;1;4;5300.0;5300.0;0.0;5300.0;1;0;0;0;0;0;0;0;3.0;12;0;0;0;0;0;1317.4345207668864;05;6;1;Depot;T199;21;Kalt (-30° - 0,01° C);Tag;Wolkig;Ohio;Winter;Kollision;Track Geometry;Track, Roadbed and Structures;EinzelneWagen, Güterzug;4495.716345746034;Nicht Signifikant;False
6223;BOACH0017;1987;1;13;81800.0;81800.0;0.0;81800.0;4;0;0;0;0;0;0;0;49.740634593834876;83;0;1;0;0;1;6706.816418421731;03;5;4;Hauptstrecke;H404;34;Moderat (0° bis 19,99° C);Tag;Klar;Ohio;Winter;Kollision;Main Track Authority;Human Factors;EinzelneWagen, Güterzug;69386.71643057087;Nicht Signifikant;False
6224;BOACH0024;1987;1;18;6200.0;6200.0;0.0;6200.0;2;0;0;0;0;0;0;0;2.958916643910756;139;1;15;0;0;0;12591.191945296145;05;6;2;Depot;T306;30;Kalt (-30° - 0,01° C);Tag;Wolkig;Ohio;Winter;Kollision;Frogs, Switches and Track Appliances;Track, Roadbed and Structures;EinzelneWagen, Güterzug;5259.139876155738;Nicht Signifikant;False
6225;BOACH0038;1987;2;4;41000.0;41000.0;0.0;41000.0;5;0;0;0;0;0;0;0;0.9682052417863254;0;0;0;0;0;0;69.7799471826711;04;8;2;Depot;H702;28;Kalt (-30° - 0,01° C);Tag;Klar;Illinois;Winter;Kollision;Switches, Use of;Human Factors;Lokomotive, Lokomotive;34778.18305199762;Nicht Signifikant;False
6226;BOACH0150;1987;5;23;10800.0;10800.0;0.0;10800.0;1;0;0;0;0;0;0;0;9.926406551346263;16;0;16;0;0;0;2611.705312552323;05;6;2;Depot;H020;48;Moderat (0° bis 19,99° C);Abend;Wolkig;Illinois;Frühling;Kollision;Brakes, Use of;Human Factors;EinzelneWagen, Güterzug;9161.082364916447;Nicht Signifikant;False
6227;BOACH0161;1987;6;7;25700.0;25700.0;1500.0;24200.0;3;0;0;0;0;0;0;0;7.0;65;1;72;0;0;1;10920.0;04;1;2;Depot;H699;80;Warm (20° bis 31,99° C);Abenddämmerung;Klar;Illinois;Frühling;Kollision;Speed;Human Factors;Güterzug, Güterzug;21799.983035032656;Nicht Signifikant;False
6228;BOACH0186;1987;7;1;17935.0;17935.0;0.0;17935.0;3;0;0;0;0;0;0;0;2.0;140;1;1;0;0;1;11540.0;05;7;2;Depot;H401;70;Warm (20° bis 31,99° C);Abend;Regen;Ohio;Sommer;Kollision;Main Track Authority;Human Factors;Depot/Rangieren, Güterzug;15213.334464331156;Nicht Signifikant;False
6229;BOACH0210;1987;7;20;9950.0;9950.0;50.0;9900.0;2;0;0;0;0;0;0;0;10.5;127;1;35;0;0;0;12933.870406562075;04;6;2;Depot;H313;90;Heiß (>= 32° C);Tag;Wolkig;Ohio;Sommer;Kollision;General Switching Rules;Human Factors;EinzelneWagen, Güterzug;8440.071252862837;Nicht Signifikant;False
6230;BOACH0338;1986;7;9;21200.0;21200.0;0.0;21200.0;4;0;0;0;0;0;0;0;2.0;40;1;74;0;0;0;200.0;04;1;1;Depot;T306;70;Warm (20° bis 31,99° C);Abend;Klar;Ohio;Sommer;Kollision;Frogs, Switches and Track Appliances;Track, Roadbed and Structures;Güterzug, Güterzug;17982.865382984135;Nicht Signifikant;False
6231;BOACH0437;1986;8;30;265250.0;265250.0;73000.0;192250.0;6;0;0;0;0;0;0;0;40.0;135;7;96;0;0;3;20600.0;01;1;X;Hauptstrecke;M405;60;Moderat (0° bis 19,99° C);Tag;Klar;Ohio;Sommer;Entgleisung;Unusual Operational Situations;Miscellaneous Causes;Güterzug, Güterzug;224997.87937908218;Signifikant;True
6232;BOAMD0202;1986;3;3;38000.0;38000.0;0.0;38000.0;5;0;0;0;0;0;0;0;7.935695149221832;142;3;0;0;0;0;14100.0;04;1;1;Depot;H702;30;Kalt (-30° - 0,01° C);Abend;Wolkig;Maryland;Winter;Kollision;Switches, Use of;Human Factors;Güterzug, Güterzug;32233.437950631942;Nicht Signifikant;False
6233;BOAMD0222;1987;5;6;11180.0;11180.0;0.0;11180.0;1;0;0;0;0;0;0;0;5.944983747097401;0;0;10;0;0;2;459.635683674103;04;7;1;Depot;H401;60;Moderat (0° bis 19,99° C);Abend;Klar;Maryland;Frühling;Kollision;Main Track Authority;Human Factors;Depot/Rangieren, EinzelneWagen;9483.416744422766;Nicht Signifikant;False
6234;BOAMD0298;1986;3;23;49000.0;49000.0;500.0;48500.0;3;0;0;3;0;0;0;0;38.79172188215051;56;0;72;0;0;1;7522.889973591336;03;1;3;Hauptstrecke;M503;48;Moderat (0° bis 19,99° C);Abenddämmerung;Klar;West Virginia;Frühling;Kollision;Other Miscellaneous;Miscellaneous Causes;Güterzug, Lokomotive;41564.16998897277;Signifikant;False
6235;BOAMD0543;1985;7;1;9000.0;9000.0;0.0;9000.0;1;0;0;0;0;0;0;0;3.9542723449729715;7;0;1;0;0;0;776.162247179111;04;7;1;Industriestrecke;H702;70;Warm (20° bis 31,99° C);Tag;Klar;Maryland;Sommer;Kollision;Switches, Use of;Human Factors;Depot/Rangieren, EinzelneWagen;7634.235304097039;Nicht Signifikant;False
6236;BOAMD0875;1986;9;25;13300.0;13300.0;0.0;13300.0;2;0;0;0;0;0;0;0;3.9542723449729715;88;1;0;0;0;0;9464.033473642034;04;6;1;Nebenstrecke;H306;82;Warm (20° bis 31,99° C);Tag;Klar;Maryland;Herbst;Kollision;General Switching Rules;Human Factors;EinzelneWagen, Güterzug;11281.70328272118;Nicht Signifikant;False
6237;BOAMD0904;1986;10;1;25000.0;25000.0;0.0;25000.0;0;0;0;0;0;0;0;0;2.958916643910756;3;0;1;0;0;1;442.97866560084185;04;5;1;Industriestrecke;M504;78;Warm (20° bis 31,99° C);Tag;Klar;West Virginia;Herbst;Kollision;Other Miscellaneous;Miscellaneous Causes;EinzelneWagen, EinzelneWagen;21206.20917804733;Nicht Signifikant;False
6238;BOAMD0960;1986;10;15;42200.0;42200.0;0.0;42200.0;0;0;0;0;0;0;0;0;19.839951415957888;97;2;41;0;0;2;12429.621069997045;03;6;1;Depot;H699;58;Moderat (0° bis 19,99° C);Tag;Wolkig;Maryland;Herbst;Kollision;Speed;Human Factors;EinzelneWagen, EinzelneWagen, EinzelneWagen;35796.08109254389;Nicht Signifikant;True
6239;BOAMD1025;1985;11;23;8050.0;8050.0;0.0;8050.0;3;0;0;0;0;0;0;0;7.935695149221832;9;0;15;0;0;2;1234.8899735913355;04;7;1;Depot;H306;40;Moderat (0° bis 19,99° C);Abend;Klar;Maryland;Herbst;Kollision;General Switching Rules;Human Factors;Depot/Rangieren, Lokomotive;6828.39935533124;Nicht Signifikant;False
6240;BOAMD1061;1986;12;1;12750.0;12750.0;200.0;12550.0;1;0;0;0;0;0;0;0;3.0;0;0;24;0;0;5;804.6869999814172;04;6;1;Depot;H021;40;Moderat (0° bis 19,99° C);Abend;Wolkig;Maryland;Herbst;Kollision;Brakes, Use of;Human Factors;EinzelneWagen, Güterzug;10815.16668080414;Nicht Signifikant;False
6241;BOAMD1130;1986;12;6;8500.0;8500.0;0.0;8500.0;0;0;0;0;0;0;0;0;3.9542723449729715;10;0;87;0;0;0;3856.191880831248;04;5;1;Depot;T305;40;Moderat (0° bis 19,99° C);Abenddämmerung;Klar;Maryland;Herbst;Kollision;Frogs, Switches and Track Appliances;Track, Roadbed and Structures;EinzelneWagen, EinzelneWagen;7210.111120536093;Nicht Signifikant;False
6242;BOAMD3049;1985;3;15;5000.0;5000.0;0.0;5000.0;3;0;0;0;0;0;0;0;4.949628046035187;72;5;50;0;0;0;6203.677096237628;01;6;1;Depot;T220;44;Moderat (0° bis 19,99° C);Abend;Wolkig;Maryland;Winter;Entgleisung;Rail, Joint Bar and Rail Anchoring;Track, Roadbed and Structures;EinzelneWagen, Güterzug;4241.241835609466;Nicht Signifikant;False
6243;BOAMD3061;1985;4;3;10750.0;10750.0;0.0;10750.0;1;0;0;0;0;0;0;0;3.9390297932972955;0;0;180;0;0;7;5510.224301024363;01;7;1;Depot;T314;45;Moderat (0° bis 19,99° C);Tag;Wolkig;Maryland;Frühling;Entgleisung;Frogs, Switches and Track Appliances;Track, Roadbed and Structures;Depot/Rangieren, EinzelneWagen, EinzelneWagen;9118.669946560352;Nicht Signifikant;False
6244;BOAMD3083;1985;5;12;73200.0;73200.0;0.0;73200.0;3;0;0;0;0;0;0;0;3.5;97;0;34;0;0;0;10462.4040359938;04;6;1;Depot;H021;75;Warm (20° bis 31,99° C);Tag;Klar;Maryland;Frühling;Kollision;Brakes, Use of;Human Factors;EinzelneWagen, Güterzug;62091.780473322586;Nicht Signifikant;False
6245;BOAMD3117;1985;7;22;5200.0;5200.0;0.0;5200.0;2;0;0;0;0;0;0;0;3.9542723449729715;91;2;0;0;0;0;9506.340435881313;04;7;1;Industriestrecke;H022;65;Moderat (0° bis 19,99° C);Abend;Regen;West Virginia;Sommer;Kollision;Brakes, Use of;Human Factors;Depot/Rangieren, EinzelneWagen;4410.891509033845;Nicht Signifikant;False
6246;BOAMD3128;1985;8;9;5350.0;5350.0;0.0;5350.0;0;0;0;0;0;0;0;0;4.0;5;0;0;0;0;0;638.5670698289634;04;6;1;Depot;T305;78;Warm (20° bis 31,99° C);Abenddämmerung;Klar;Maryland;Sommer;Kollision;Frogs, Switches and Track Appliances;Track, Roadbed and Structures;EinzelneWagen, EinzelneWagen;4538.128764102129;Nicht Signifikant;False
6247;BOAMD3135;1985;9;25;634600.0;634600.0;2800.0;631800.0;7;3;0;5;0;0;0;0;26.847453469403924;132;7;28;0;0;0;11800.0;01;1;3;Hauptstrecke;M401;55;Moderat (0° bis 19,99° C);Abend;Wolkig;Maryland;Herbst;Entgleisung;Unusual Operational Situations;Miscellaneous Causes;Güterzug, Güterzug;538298.4137755535;Schwer;False
6248;BOAOH3074;1987;6;4;11700.0;11700.0;300.0;11400.0;3;0;0;0;0;0;0;0;8.931050850284048;0;0;192;0;0;2;7000.0;04;1;1;Depot;H401;55;Moderat (0° bis 19,99° C);Abend;Klar;Ohio;Frühling;Kollision;Main Track Authority;Human Factors;Güterzug, Güterzug;9924.50589532615;Nicht Signifikant;False
6249;BOAPI1038;1987;2;6;1595300.0;1595300.0;12000.0;1583295.0;6;6;2;7;0;0;0;0;30.0;12;10;21;0;0;8;3200.0;02;1;3;Hauptstrecke;M599;28;Kalt (-30° - 0,01° C);Tag;Klar;New York;Winter;Kollision;Other Miscellaneous;Miscellaneous Causes;Güterzug, Güterzug;1353210.6200695564;Schwer;False
6250;BOAPI2201;1986;9;2;38500.0;38500.0;200.0;38300.0;5;3;0;16;0;0;0;0;22.866030665155062;19;0;13;0;0;6;2065.336383802324;03;5;X;Nebenstrecke;H702;68;Warm (20° bis 31,99° C);Abenddämmerung;Wolkig;West Virginia;Sommer;Kollision;Switches, Use of;Human Factors;EinzelneWagen, Güterzug;32657.56213419289;Schwer;True
6251;BOAWN0030;1987;1;12;40150.0;40150.0;1500.0;38650.0;10;1;0;0;0;0;0;0;6.0;28;3;25;0;0;1;4076.4552468894663;04;7;1;Depot;H401;29;Kalt (-30° - 0,01° C);Abend;Wolkig;Ohio;Winter;Kollision;Main Track Authority;Human Factors;Depot/Rangieren, Lokomotive;34057.17193994401;Nicht Signifikant;False
6252;BOAWN0075;1986;2;3;25350.0;25350.0;350.0;25000.0;3;1;0;1;0;0;0;0;5.944983747097401;30;0;61;0;0;1;4896.2643707247225;05;7;1;Depot;H702;38;Moderat (0° bis 19,99° C);Abend;Regen;Kentucky;Winter;Kollision;Switches, Use of;Human Factors;Depot/Rangieren, Depot/Rangieren;21503.096106539993;Signifikant;False
6253;BOAWN0175;1985;2;13;12350.0;12350.0;1000.0;11350.0;1;0;0;0;0;0;0;0;4.0;12;1;1;0;0;1;1000.1828839488029;04;7;1;Industriestrecke;H020;-12;Kalt (-30° - 0,01° C);Abend;Wolkig;Illinois;Winter;Kollision;Brakes, Use of;Human Factors;Depot/Rangieren, EinzelneWagen;10475.867333955382;Nicht Signifikant;False
6254;BOAWN0201;1986;3;9;7290.0;7290.0;140.0;7150.0;2;0;0;0;0;0;0;0;5.0;26;1;4;0;0;0;3091.3737497842044;01;7;1;Depot;H699;55;Moderat (0° bis 19,99° C);Abenddämmerung;Klar;Ohio;Winter;Entgleisung;Speed;Human Factors;Depot/Rangieren, Depot/Rangieren;6183.730596318602;Nicht Signifikant;False
6255;BOAWN0240;1985;2;24;6550.0;6550.0;0.0;6550.0;3;0;0;0;0;0;0;0;5.0;105;0;97;0;0;1;14969.091347840096;04;7;1;Depot;H307;47;Moderat (0° bis 19,99° C);Abend;Wolkig;Ohio;Winter;Kollision;General Switching Rules;Human Factors;Depot/Rangieren, Depot/Rangieren;5556.026804648401;Nicht Signifikant;False
6256;BOAWN0279;1987;6;8;39150.0;39150.0;150.0;39000.0;1;0;0;0;0;0;0;0;4.949628046035187;11;2;13;0;0;3;1468.2564391184076;04;7;1;Depot;M407;70;Warm (20° bis 31,99° C);Abend;Klar;Ohio;Frühling;Kollision;Unusual Operational Situations;Miscellaneous Causes;Depot/Rangieren, EinzelneWagen;33208.92357282212;Nicht Signifikant;False
6257;BOAWN0305;1986;4;22;12700.0;12700.0;0.0;11000.0;2;0;0;0;0;0;0;0;3.9542723449729715;40;3;44;0;0;1;6665.336383802324;01;7;1;Depot;H525;60;Moderat (0° bis 19,99° C);Tag;Klar;Illinois;Frühling;Entgleisung;Train Handling/Train Makeup;Human Factors;Depot/Rangieren, EinzelneWagen;10772.754262448045;Nicht Signifikant;False
6258;BOAWN0501;1986;7;11;40750.0;40750.0;150.0;40600.0;3;0;0;0;0;0;0;0;4.5;79;3;63;0;0;1;9400.0;04;1;1;Depot;H999;73;Warm (20° bis 31,99° C);Abend;Klar;Ohio;Sommer;Kollision;Miscellaneous;Human Factors;Güterzug, Güterzug;34566.12096021715;Nicht Signifikant;False
6259;BOAWN0544;1985;5;24;62400.0;62400.0;3000.0;0.0;0;0;0;0;0;0;0;0;11.834235906941387;0;0;0;0;0;0;69.7799471826711;01;;1;Hauptstrecke;M405;60;Moderat (0° bis 19,99° C);Tag;Klar;Kentucky;Frühling;Entgleisung;Unusual Operational Situations;Miscellaneous Causes;NaN, NaN;52930.69810840614;Nicht Signifikant;
6260;BOAWN0561;1986;8;9;9350.0;9350.0;0.0;9350.0;2;0;0;0;0;0;0;0;9.926406551346263;5;0;1;0;0;1;670.4935146593587;04;7;1;Depot;M407;75;Warm (20° bis 31,99° C);Abend;Wolkig;Ohio;Sommer;Kollision;Unusual Operational Situations;Miscellaneous Causes;Depot/Rangieren, EinzelneWagen;7931.1222325897015;Nicht Signifikant;False
6261;BOAWN0737;1985;8;1;56000.0;56000.0;0.0;56000.0;14;0;0;1;0;0;0;0;10.0;0;0;0;0;0;0;69.7799471826711;02;7;X;Depot;H307;60;Moderat (0° bis 19,99° C);Abend;Klar;Ohio;Sommer;Kollision;General Switching Rules;Human Factors;Depot/Rangieren, Depot/Rangieren;47501.90855882602;Signifikant;True
6262;BOAWN0963;1985;10;18;33300.0;33300.0;1100.0;32200.0;2;0;0;0;0;0;0;0;9.926406551346263;66;3;10;0;0;2;5598.742863252126;01;7;1;Depot;H999;73;Warm (20° bis 31,99° C);Tag;Klar;Ohio;Herbst;Entgleisung;Miscellaneous;Human Factors;Depot/Rangieren, EinzelneWagen;28246.670625159044;Nicht Signifikant;False
6263;BOAWN1056;1985;11;10;11000.0;11000.0;0.0;11000.0;5;0;0;0;0;0;0;0;4.0;0;0;0;0;0;0;69.7799471826711;04;8;1;Depot;H401;60;Moderat (0° bis 19,99° C);Abend;Regen;Ohio;Herbst;Kollision;Main Track Authority;Human Factors;Lokomotive, Lokomotive;9330.732038340826;Nicht Signifikant;False
6264;BOAWN1189;1985;12;14;10400.0;10400.0;1500.0;8900.0;5;0;0;0;0;0;0;0;10.0;66;8;9;0;0;9;8631.594442591966;01;6;1;Nebenstrecke;T210;2;Kalt (-30° - 0,01° C);Abend;Klar;Kentucky;Herbst;Entgleisung;Rail, Joint Bar and Rail Anchoring;Track, Roadbed and Structures;EinzelneWagen, Güterzug;8821.78301806769;Nicht Signifikant;False
6265;BOXWN0486;1985;5;15;14550.0;14550.0;600.0;13950.0;1;0;0;0;0;0;0;1;24.0;3;0;23;0;0;5;887.3654612473478;07;6;1;Nebenstrecke;M399;80;Warm (20° bis 31,99° C);Tag;Klar;Ohio;Frühling;Bahnübergang;Loading Procedures;Loading;EinzelneWagen, Güterzug;12342.013741623547;Signifikant;True
6266;C0372;1992;2;18;25500.0;25500.0;0.0;25500.0;4;0;0;0;0;0;0;0;2.5;26;0;34;0;0;0;3127.0;05;7;1;Depot;H399;47;Moderat (0° bis 19,99° C);Abenddämmerung;Regen;Oregon;Winter;Kollision;General Switching Rules;Human Factors;Depot/Rangieren, Güterzug;21630.33336160828;Nicht Signifikant;False
6267;C0444;1994;3;22;16234.0;16234.0;0.0;16234.0;3;0;0;1;0;0;0;0;24.856742067279495;15;0;30;0;0;0;2699.8899735913355;03;4;2;Hauptstrecke;H605;45;Moderat (0° bis 19,99° C);Tag;Regen;Oregon;Frühling;Kollision;Speed;Human Factors;Arbeitszug, Güterzug;13770.463991856815;Signifikant;False
6268;C0956;1996;11;1;14900.0;14900.0;500.0;14400.0;4;0;0;0;0;0;0;0;4.5;20;0;89;0;0;2;5500.0;05;1;1;Depot;H306;65;Moderat (0° bis 19,99° C);Abenddämmerung;Klar;Oregon;Herbst;Kollision;General Switching Rules;Human Factors;Güterzug, Güterzug;12638.900670116209;Nicht Signifikant;False
6269;C1011;1991;4;26;10200.0;10200.0;0.0;10200.0;0;0;0;0;0;0;0;0;10.0;4;0;0;0;0;0;524.8096452997049;02;6;2;Hauptstrecke;H402;50;Moderat (0° bis 19,99° C);Tag;Regen;Oregon;Frühling;Kollision;Main Track Authority;Human Factors;EinzelneWagen, EinzelneWagen;8652.133344643311;Nicht Signifikant;False
6270;C1194;1994;6;22;36000.0;36000.0;16000.0;20000.0;5;0;0;0;0;0;0;0;6.0;34;4;0;0;0;0;2543.0;04;7;1;Depot;H702;70;Warm (20° bis 31,99° C);Tag;Klar;Oregon;Sommer;Kollision;Switches, Use of;Human Factors;Depot/Rangieren, Güterzug;30536.941216388157;Nicht Signifikant;False
6271;C1784;1994;9;28;11100.0;11100.0;0.0;11100.0;2;0;0;0;0;0;0;0;7.935695149221832;0;0;0;0;0;0;43.0;03;4;3;Hauptstrecke;H402;70;Warm (20° bis 31,99° C);Tag;Regen;Oregon;Herbst;Kollision;Main Track Authority;Human Factors;Arbeitszug, Arbeitszug;9415.556875053015;Nicht Signifikant;False
6272;C2941;1991;11;22;3549390.0;3549390.0;170000.0;3379388.0;10;6;0;1;0;0;0;0;35.5;77;5;57;0;0;9;10306.0;05;1;4;Hauptstrecke;H104;40;Moderat (0° bis 19,99° C);Tag;Nebel;Oregon;Herbst;Kollision;Employee Physical Condition;Human Factors;Güterzug, Güterzug;3010764.271778777;Schwer;False
6273;C3642;1992;11;8;7619.0;7619.0;119.0;7500.0;1;0;0;0;0;0;0;0;5.0;1;1;37;0;0;1;1507.2564391184076;04;7;1;Depot;T306;44;Moderat (0° bis 19,99° C);Tag;Wolkig;Oregon;Herbst;Kollision;Frogs, Switches and Track Appliances;Track, Roadbed and Structures;Depot/Rangieren, EinzelneWagen;6462.804309101704;Nicht Signifikant;False
6274;CA0026;1994;2;1;10500.0;10500.0;1500.0;9000.0;1;0;0;0;0;0;0;0;3.9542723449729715;15;0;51;0;0;3;3333.348339740178;01;7;1;Depot;M503;40;Moderat (0° bis 19,99° C);Abenddämmerung;Klar;Washington;Winter;Entgleisung;Other Miscellaneous;Miscellaneous Causes;Depot/Rangieren, EinzelneWagen;8906.607854779879;Nicht Signifikant;False
6275;CA0105114;2005;1;18;22000.0;22000.0;0.0;22000.0;6;0;0;0;0;0;0;0;4.5;63;1;13;0;0;0;5494.0;04;1;1;Depot;H307;44;Moderat (0° bis 19,99° C);Abend;Wolkig;Kalifornien;Winter;Kollision;General Switching Rules;Human Factors;Güterzug, Güterzug;16845.329249617153;Nicht Signifikant;False
6276;CA0106118;2006;1;19;41634.0;41634.0;0.0;41634.0;2;0;0;0;0;0;0;0;3.9542723449729715;12;2;0;0;0;0;1548.6229046454796;01;6;1;Industriestrecke;H307;65;Moderat (0° bis 19,99° C);Morgendämmerung;Klar;Kalifornien;Winter;Entgleisung;General Switching Rules;Human Factors;EinzelneWagen, Güterzug;34485.21494243353;Nicht Signifikant;False
6277;CA0113101;2013;1;4;17549.0;17549.0;1359.0;16190.0;2;0;0;0;0;0;0;0;4.949628046035187;8;2;3;0;0;1;1111.8766906647381;04;7;1;Depot;H021;41;Moderat (0° bis 19,99° C);Abend;Wolkig;Kalifornien;Winter;Kollision;Brakes, Use of;Human Factors;Depot/Rangieren, EinzelneWagen;13486.781432523825;Nicht Signifikant;False
6278;CA0116108;2016;1;12;14365.0;14365.0;0.0;14365.0;2;0;0;0;0;0;0;0;9.926406551346263;33;1;5;0;0;0;3995.6160487009565;01;7;1;Depot;M404;54;Moderat (0° bis 19,99° C);Tag;Klar;Kalifornien;Winter;Entgleisung;Unusual Operational Situations;Miscellaneous Causes;Depot/Rangieren, EinzelneWagen;13256.736803248432;Nicht Signifikant;False
6279;CA0120105;2020;1;9;24792.0;24792.0;3000.0;21792.0;2;0;0;0;0;0;0;0;9.926406551346263;4;4;1;0;0;0;2573.0;01;7;1;Depot;T210;41;Moderat (0° bis 19,99° C);Tag;Regen;Kalifornien;Winter;Entgleisung;Rail, Joint Bar and Rail Anchoring;Track, Roadbed and Structures;Depot/Rangieren, EinzelneWagen;22315.031503150316;Nicht Signifikant;False
6280;CA0205105;2005;2;5;12600.0;12600.0;12300.0;300.0;7;1;0;0;0;0;0;0;5.0;0;0;0;0;0;0;69.7799471826711;01;8;1;Depot;H702;45;Moderat (0° bis 19,99° C);Abend;Klar;Kalifornien;Winter;Entgleisung;Switches, Use of;Human Factors;Lokomotive, Lokomotive;9752.321981424147;Nicht Signifikant;False
6281;CA0205120;2005;2;22;324583.0;324583.0;130000.0;194583.0;11;0;0;0;0;0;0;0;9.901875401795017;117;7;61;0;0;11;13423.539889642208;01;6;1;Depot;T210;60;Moderat (0° bis 19,99° C);Abend;Regen;Kalifornien;Winter;Entgleisung;Rail, Joint Bar and Rail Anchoring;Track, Roadbed and Structures;EinzelneWagen, Güterzug, Güterzug;246026.68081558403;Signifikant;False