index;INCDTNO;YEAR4;MONTH;DAY;ACCDMG;INFRASTRUCTURE_DMG;TRKDMG;EQPDMG;LOCOMOTIVES1;LOCOMOTIVES2;RREMPKLD;RREMPINJ;PASSKLD;PASSINJ;OTHERKLD;OTHERINJ;SPEED;LOADF1;LOADF2;EMPTYF1;EMPTYP1;LOADP1;EMPTYF2;TONS;TYPE;TYPEQ;TRKCLAS;TYPTRK;ACCAUSE;TEMP;TEMP_CLUSTER;VISIBLTY;WEATHER;STATE;Jahreszeit;ACCIDENT_TYPE;ACCCAUSE_LVL1;ACCCAUSE_LVL2;EQUIPMENT_TYPE;ACCDMG_EUR;ACCTYPE;SPD_TOO_HIGH
6282;CA0213104;2013;2;1;451000.0;451000.0;0.0;451000.0;4;0;0;0;0;0;0;2;22.5;61;0;1;0;0;0;5731.336383802324;03;1;4;Hauptstrecke;H402;48;Moderat (0° bis 19,99° C);Abend;Klar;Kalifornien;Winter;Kollision;Main Track Authority;Human Factors;Güterzug, Wartungszug;330548.2263265904;Signifikant;False
6283;CA0214100;2014;2;5;212695.0;212695.0;10000.0;202695.0;5;0;0;0;0;0;0;0;5.944983747097401;30;0;39;0;0;4;4675.8328197666015;04;7;1;Depot;H210;54;Moderat (0° bis 19,99° C);Abend;Wolkig;Kalifornien;Winter;Kollision;Flagging, Fixed, Hand and Radio Signals;Human Factors;Depot/Rangieren, Depot/Rangieren;157051.6133796057;Signifikant;False
6284;CA0219102;2019;2;3;14726.0;14726.0;3000.0;11726.0;1;0;0;0;0;0;0;0;8.931050850284048;52;2;3;0;0;0;6832.0;01;7;1;Depot;H307;55;Moderat (0° bis 19,99° C);Abend;Regen;Kalifornien;Winter;Entgleisung;General Switching Rules;Human Factors;Depot/Rangieren, EinzelneWagen;12857.018131020634;Nicht Signifikant;False
6285;CA0231;1993;4;3;14700.0;14700.0;0.0;14700.0;5;0;0;0;0;0;0;0;6.5;47;1;38;0;0;1;6606.36067932298;04;7;1;Depot;H309;50;Moderat (0° bis 19,99° C);Tag;Regen;Washington;Frühling;Kollision;General Switching Rules;Human Factors;Depot/Rangieren, Güterzug;12469.250996691831;Nicht Signifikant;False
6286;CA0265;1993;5;2;37550.0;37550.0;2500.0;35050.0;1;0;0;0;0;0;0;0;9.926406551346263;2;0;4;0;0;0;419.0804370851417;09;7;1;Hauptstrecke;H499;60;Moderat (0° bis 19,99° C);Tag;Klar;Washington;Frühling;Kollision;Main Track Authority;Human Factors;Depot/Rangieren, EinzelneWagen;31851.72618542709;Nicht Signifikant;False
6287;CA0305127;2005;3;25;8300.0;8300.0;0.0;8300.0;1;0;0;0;0;0;0;0;4.5;23;0;7;0;0;0;2899.325582832535;04;7;1;Depot;H018;55;Moderat (0° bis 19,99° C);Abend;Klar;Kalifornien;Frühling;Kollision;Brakes, Use of;Human Factors;Depot/Rangieren, EinzelneWagen;6398.988497239954;Nicht Signifikant;False
6288;CA0306149;2006;3;27;12525.0;12525.0;0.0;12525.0;7;0;0;0;0;0;0;0;4.0;154;0;0;0;0;0;11779.0;04;1;1;Depot;H607;60;Moderat (0° bis 19,99° C);Morgendämmerung;Klar;Kalifornien;Frühling;Kollision;Speed;Human Factors;Güterzug, Güterzug;10415.800415800417;Nicht Signifikant;False
6289;CA0308101;2008;3;3;174566.0;174566.0;32000.0;142566.0;4;2;0;0;0;0;0;0;7.935695149221832;20;4;12;0;0;2;2791.68159352977;01;7;1;Depot;H703;55;Moderat (0° bis 19,99° C);Tag;Klar;Kalifornien;Winter;Entgleisung;Switches, Use of;Human Factors;Depot/Rangieren, Lokomotive;114823.39012037098;Nicht Signifikant;False
6290;CA0310108;2010;3;20;55591.0;55591.0;0.0;55591.0;4;0;0;0;0;0;0;0;2.0;147;1;49;0;0;0;18303.604494319912;04;7;1;Depot;H307;65;Moderat (0° bis 19,99° C);Abend;Klar;Kalifornien;Winter;Kollision;General Switching Rules;Human Factors;Depot/Rangieren, Depot/Rangieren;41110.5085414253;Nicht Signifikant;False
6291;CA0407127;2007;4;26;219833.0;219833.0;4500.0;215333.0;6;0;0;0;0;0;0;0;2.958916643910756;42;3;4;0;0;1;5229.0;04;1;1;Depot;H306;53;Moderat (0° bis 19,99° C);Abend;Klar;Kalifornien;Frühling;Kollision;General Switching Rules;Human Factors;Güterzug, Güterzug;161689.46749043837;Signifikant;False
6292;CA0408112;2008;4;12;24857.0;24857.0;2500.0;22357.0;2;0;0;0;0;0;0;0;8.931050850284048;8;0;11;0;0;2;1317.7099249764253;01;7;1;Depot;H307;76;Warm (20° bis 31,99° C);Tag;Klar;Kalifornien;Frühling;Entgleisung;General Switching Rules;Human Factors;Depot/Rangieren, EinzelneWagen;15687.598611549385;Nicht Signifikant;False
6293;CA0413108;2013;4;24;25000.0;25000.0;0.0;25000.0;5;0;0;0;0;0;0;0;2.958916643910756;0;0;0;0;0;0;69.7799471826711;04;8;1;Depot;H017;60;Moderat (0° bis 19,99° C);Morgendämmerung;Klar;Kalifornien;Frühling;Kollision;Brakes, Use of;Human Factors;Lokomotive, Lokomotive;19221.897585729665;Nicht Signifikant;False
6294;CA0417114;2017;4;15;22487.0;22487.0;0.0;22487.0;7;1;0;0;0;0;0;0;5.944983747097401;25;0;54;0;0;0;4846.943049288023;04;7;1;Depot;H607;70;Warm (20° bis 31,99° C);Abend;Klar;Kalifornien;Frühling;Kollision;Speed;Human Factors;Depot/Rangieren, Güterzug;21112.96803995944;Nicht Signifikant;False
6295;CA0418117;2018;4;23;15000.0;15000.0;0.0;15000.0;0;0;0;0;0;0;0;0;4.949628046035187;0;0;2;0;0;0;10.0;03;A;1;Depot;H997;75;Warm (20° bis 31,99° C);Tag;Klar;Kalifornien;Frühling;Kollision;Miscellaneous;Human Factors;Wartungszug, Wartungszug;12256.904722993953;Nicht Signifikant;False
6296;CA0505116;2005;5;12;16800.0;16800.0;500.0;16300.0;1;0;0;0;0;0;0;0;3.9542723449729715;12;4;0;0;0;0;1513.305205525027;01;7;1;Depot;H312;65;Moderat (0° bis 19,99° C);Abenddämmerung;Klar;Kalifornien;Frühling;Entgleisung;General Switching Rules;Human Factors;Depot/Rangieren, EinzelneWagen;13154.803852478271;Nicht Signifikant;False
6297;CA0508119;2008;5;22;42275.0;42275.0;0.0;42275.0;0;0;0;0;0;0;0;0;0.0;0;0;9;0;0;9;357.1179506562289;01;6;1;Nebenstrecke;M102;55;Moderat (0° bis 19,99° C);Tag;Wolkig;Kalifornien;Frühling;Entgleisung;Environmental Conditions;Environmental Conditions;EinzelneWagen, EinzelneWagen;26832.751507457953;Nicht Signifikant;False
6298;CA0509118;2009;5;29;72885.0;72885.0;0.0;72885.0;4;0;0;0;0;0;0;0;3.9542723449729715;19;0;8;0;0;0;2474.7422949264896;04;7;1;Depot;H306;75;Warm (20° bis 31,99° C);Tag;Wolkig;Kalifornien;Frühling;Kollision;General Switching Rules;Human Factors;Depot/Rangieren, Depot/Rangieren;51698.82252801816;Nicht Signifikant;False
6299;CA0511108;2011;5;15;135000.0;135000.0;5000.0;130000.0;5;1;0;0;0;0;0;0;24.856742067279495;101;0;3;0;0;0;9355.2292042243;04;7;4;Hauptstrecke;H403;57;Moderat (0° bis 19,99° C);Morgendämmerung;Regen;Kalifornien;Frühling;Kollision;Main Track Authority;Human Factors;Depot/Rangieren, Güterzug;95146.36094535545;Nicht Signifikant;False
6300;CA0606115;2006;6;14;5377730.0;5377730.0;392000.0;4985730.0;11;7;0;5;0;0;0;0;30.0;65;15;20;0;0;2;9399.0;02;1;4;Hauptstrecke;H221;52;Moderat (0° bis 19,99° C);Morgendämmerung;Klar;Kalifornien;Frühling;Kollision;Flagging, Fixed, Hand and Radio Signals;Human Factors;Güterzug, Güterzug;4280609.726976041;Schwer;False
6301;CA0608106;2008;6;12;213765.0;213765.0;135000.0;78765.0;5;0;0;0;0;0;0;0;4.949628046035187;37;2;47;0;0;9;6422.647398120594;01;5;1;Depot;T109;96;Heiß (>= 32° C);Tag;Klar;Kalifornien;Frühling;Entgleisung;Track Geometry;Track, Roadbed and Structures;EinzelneWagen, Güterzug;138655.38042420705;Nicht Signifikant;False
6302;CA0609106;2009;6;23;195259.0;195259.0;0.0;195259.0;2;0;0;0;0;0;0;0;8.931050850284048;0;0;5;0;0;2;224.97206747642696;04;7;1;Industriestrecke;H702;70;Warm (20° bis 31,99° C);Tag;Klar;Kalifornien;Sommer;Kollision;Switches, Use of;Human Factors;Depot/Rangieren, EinzelneWagen;139690.22750035772;Nicht Signifikant;False
6303;CA0610101;2010;6;7;12000.0;12000.0;0.0;12000.0;3;0;0;0;0;0;0;0;4.949628046035187;0;0;0;0;0;0;69.7799471826711;04;8;1;Depot;H101;79;Warm (20° bis 31,99° C);Tag;Klar;Kalifornien;Frühling;Kollision;Employee Physical Condition;Human Factors;Lokomotive, Lokomotive;10034.283802993561;Nicht Signifikant;False
6304;CA0615103;2015;6;10;22815.0;22815.0;0.0;22815.0;2;0;0;0;0;0;0;0;3.9542723449729715;28;0;15;0;0;0;3711.6839871667344;04;7;X;Depot;H307;90;Heiß (>= 32° C);Tag;Klar;Kalifornien;Frühling;Kollision;General Switching Rules;Human Factors;Depot/Rangieren, EinzelneWagen;20227.85707952833;Nicht Signifikant;False
6305;CA0705105;2005;7;6;42500.0;42500.0;30000.0;12500.0;5;0;0;0;0;0;0;0;3.9542723449729715;112;5;24;0;0;0;13802.960196059465;01;6;1;Depot;T110;96;Heiß (>= 32° C);Tag;Klar;Kalifornien;Sommer;Entgleisung;Track Geometry;Track, Roadbed and Structures;EinzelneWagen, Güterzug;35675.312683622935;Nicht Signifikant;False
6306;CA0708113;2008;7;18;41936.0;41936.0;250.0;41686.0;3;0;0;0;0;0;0;0;7.935695149221832;16;1;0;0;0;0;1909.5077806486202;01;7;1;Depot;H307;75;Warm (20° bis 31,99° C);Tag;Klar;Kalifornien;Sommer;Entgleisung;General Switching Rules;Human Factors;Depot/Rangieren, EinzelneWagen;26514.92159838139;Nicht Signifikant;False
6307;CA0709108;2009;7;18;9500.0;9500.0;0.0;9500.0;4;0;0;0;0;0;0;0;7.5;17;0;25;0;0;0;2764.8164194547758;05;7;1;Depot;H607;80;Warm (20° bis 31,99° C);Abenddämmerung;Klar;Kalifornien;Sommer;Kollision;Speed;Human Factors;Depot/Rangieren, Lokomotive;6722.173738707927;Nicht Signifikant;False
6308;CA0713106;2013;7;16;14026.0;14026.0;0.0;14026.0;3;0;0;0;0;0;0;0;4.949628046035187;30;0;7;0;0;2;4558.9749143070685;03;6;1;Nebenstrecke;H307;93;Heiß (>= 32° C);Tag;Klar;Kalifornien;Sommer;Kollision;General Switching Rules;Human Factors;EinzelneWagen, Güterzug;10692.17868577527;Nicht Signifikant;False
6309;CA0713112;2013;7;23;745804.0;745804.0;569480.0;176324.0;4;0;0;0;0;0;0;0;6.9105091722394265;76;1;48;0;0;8;10278.001166669499;01;7;1;Depot;E39C;100;Heiß (>= 32° C);Tag;Klar;Kalifornien;Sommer;Entgleisung;Coupler and Draft System;Mechanical and Electrical Failures;Depot/Rangieren, Depot/Rangieren, EinzelneWagen, EinzelneWagen;565860.3945371775;Signifikant;False
6310;CA0714101;2014;7;13;11213.0;11213.0;4000.0;7213.0;4;0;0;0;0;0;0;0;4.0;5;1;28;0;0;1;1512.1556313538595;05;7;1;Depot;S007;95;Heiß (>= 32° C);Abend;Klar;Kalifornien;Sommer;Kollision;SIGNAL AND COMMUNICATION;Signal and Communication;Depot/Rangieren, Depot/Rangieren;8234.962912188792;Nicht Signifikant;False
6311;CA0805109;2005;8;12;117195.0;117195.0;0.0;20000.0;3;0;0;0;0;0;0;0;0.9682052417863254;1;1;0;0;0;0;203.14641270974315;01;5;1;Depot;H018;80;Warm (20° bis 31,99° C);Abend;Klar;Kalifornien;Sommer;Entgleisung;Brakes, Use of;Human Factors;EinzelneWagen, Lokomotive;94079.6339407562;Nicht Signifikant;False
6312;CA0807102;2007;8;6;56921.0;56921.0;14000.0;42921.0;9;0;0;0;0;0;0;0;0.9682052417863254;75;4;34;0;0;1;10381.0;01;1;1;Depot;T207;60;Moderat (0° bis 19,99° C);Abend;Klar;Kalifornien;Sommer;Entgleisung;Rail, Joint Bar and Rail Anchoring;Track, Roadbed and Structures;Güterzug, Güterzug;41193.37096540744;Nicht Signifikant;False
6313;CA0808107;2008;8;12;443702.0;443702.0;78900.0;364802.0;13;3;0;2;0;0;0;0;17.5;100;1;95;0;0;3;15331.0;01;1;5;Hauptstrecke;E33C;97;Heiß (>= 32° C);Tag;Klar;Kalifornien;Sommer;Entgleisung;Coupler and Draft System;Mechanical and Electrical Failures;Güterzug, Güterzug;297646.7431408063;Signifikant;False
6314;CA0809107;2009;8;17;135481.0;135481.0;10000.0;125481.0;2;0;0;0;0;0;0;0;6.940339448159618;15;2;0;0;0;0;1815.3593971171754;01;7;1;Industriestrecke;H307;60;Moderat (0° bis 19,99° C);Abend;Klar;Kalifornien;Sommer;Entgleisung;General Switching Rules;Human Factors;Depot/Rangieren, EinzelneWagen;96277.00397953382;Nicht Signifikant;False
6315;CA0817102;2017;8;4;38084.0;38084.0;10999.0;27085.0;6;2;0;0;0;0;0;0;9.926406551346263;47;0;0;0;0;0;6837.008766059471;01;7;1;Depot;H704;98;Heiß (>= 32° C);Tag;Klar;Kalifornien;Sommer;Entgleisung;Switches, Use of;Human Factors;Depot/Rangieren, Güterzug;32089.652847994606;Nicht Signifikant;False
6316;CA0905103;2005;9;2;34800.0;34800.0;500.0;34300.0;3;0;0;0;0;0;0;0;5.944983747097401;0;0;57;0;0;8;1865.1892734631147;01;6;1;Industriestrecke;H704;80;Warm (20° bis 31,99° C);Abend;Klar;Kalifornien;Sommer;Entgleisung;Switches, Use of;Human Factors;EinzelneWagen, Güterzug;27748.98333466231;Nicht Signifikant;False
6317;CA0905118;2005;9;15;1423090.0;1423090.0;953885.0;469200.0;5;0;0;0;0;0;0;0;18.8846078609062;70;8;53;0;0;0;6362.5497147737215;01;6;4;Hauptstrecke;M201;60;Moderat (0° bis 19,99° C);Abend;Klar;Kalifornien;Sommer;Entgleisung;Loading Procedures;Loading;EinzelneWagen, Güterzug;1164272.2735825903;Signifikant;False
6318;CA0909108;2009;9;17;39800.0;39800.0;23000.0;16800.0;4;1;0;0;0;0;0;0;4.0;6;0;46;0;0;4;2158.779502541317;01;7;1;Depot;H307;85;Warm (20° bis 31,99° C);Morgendämmerung;Klar;Kalifornien;Sommer;Entgleisung;General Switching Rules;Human Factors;Depot/Rangieren, Depot/Rangieren;27052.74605764002;Nicht Signifikant;False
6319;CA0917109;2017;9;20;50171.0;50171.0;1500.0;48671.0;3;0;0;0;0;0;0;0;6.0;7;0;32;0;0;2;1798.3345086719596;05;6;1;Depot;H018;68;Warm (20° bis 31,99° C);Morgendämmerung;Klar;Kalifornien;Sommer;Kollision;Brakes, Use of;Human Factors;EinzelneWagen, Güterzug;41784.792204547346;Nicht Signifikant;False
6320;CA1;1987;4;19;25922.0;25922.0;2772.0;23150.0;3;0;0;0;0;0;0;0;3.5;119;7;51;0;0;4;14364.0;04;7;1;Depot;H212;80;Warm (20° bis 31,99° C);Tag;Klar;Illinois;Frühling;Kollision;Flagging, Fixed, Hand and Radio Signals;Human Factors;Depot/Rangieren, Güterzug;21988.294172533715;Nicht Signifikant;False
6321;CA1007119;2007;10;31;76302.0;76302.0;750.0;75552.0;3;1;0;0;0;0;0;0;6.0;7;0;0;0;0;0;866.0819188874805;04;7;1;Depot;H307;55;Moderat (0° bis 19,99° C);Abend;Klar;Kalifornien;Herbst;Kollision;General Switching Rules;Human Factors;Depot/Rangieren, Depot/Rangieren;52815.11732539627;Nicht Signifikant;False
6322;CA1013112;2013;10;22;3973434.0;3973434.0;2579697.0;1393737.0;10;0;0;0;0;0;0;0;34.0;179;17;0;0;0;0;19301.0;01;1;4;Hauptstrecke;T110;92;Heiß (>= 32° C);Tag;Klar;Kalifornien;Herbst;Entgleisung;Track Geometry;Track, Roadbed and Structures;Güterzug, Güterzug;2905831.505046073;Schwer;False
6323;CA1016107;2016;10;12;180094.0;180094.0;25000.0;155094.0;5;0;0;0;0;0;0;0;6.5;103;0;77;0;0;3;5930.736492471696;04;7;1;Depot;H307;60;Moderat (0° bis 19,99° C);Morgendämmerung;Klar;Kalifornien;Herbst;Kollision;General Switching Rules;Human Factors;Depot/Rangieren, Güterzug;163424.68239564428;Signifikant;False
6324;CA1019116;2019;10;17;226421.0;226421.0;0.0;226421.0;3;0;0;0;0;0;0;0;8.931050850284048;2;2;11;0;0;2;991.0;01;7;1;Industriestrecke;H306;65;Moderat (0° bis 19,99° C);Abend;Klar;Kalifornien;Herbst;Entgleisung;General Switching Rules;Human Factors;Depot/Rangieren, EinzelneWagen;203744.2634752092;Signifikant;False
6325;CA1108108;2008;11;14;71300.0;71300.0;0.0;71300.0;12;0;0;5;0;0;0;0;10.921762252408477;0;0;0;0;0;0;69.7799471826711;02;8;1;Depot;H607;75;Warm (20° bis 31,99° C);Abenddämmerung;Klar;Kalifornien;Herbst;Kollision;Speed;Human Factors;Lokomotive, Lokomotive;56252.46548323471;Schwer;True
6326;CA1117103;2017;11;2;55288.0;55288.0;3500.0;51788.0;7;0;0;0;0;0;0;0;12.91247365453291;46;1;2;0;0;0;6260.723504832969;02;7;2;Depot;H306;68;Warm (20° bis 31,99° C);Tag;Wolkig;Kalifornien;Herbst;Kollision;General Switching Rules;Human Factors;Depot/Rangieren, Güterzug;47477.88750536711;Nicht Signifikant;False
6327;CA1205111;2005;12;8;6746.0;6746.0;0.0;6746.0;1;0;0;0;0;0;0;0;4.949628046035187;3;0;0;0;0;0;411.05222077044647;04;7;1;Depot;H307;48;Moderat (0° bis 19,99° C);Abend;Wolkig;Kalifornien;Herbst;Kollision;General Switching Rules;Human Factors;Depot/Rangieren, EinzelneWagen;5734.444066644;Nicht Signifikant;False
6328;CA1205118;2005;12;5;59200.0;59200.0;50000.0;9200.0;5;0;0;0;0;0;0;0;6.940339448159618;36;0;32;0;0;3;2610.6152042011854;01;7;1;Depot;H307;60;Moderat (0° bis 19,99° C);Tag;Klar;Kalifornien;Herbst;Entgleisung;General Switching Rules;Human Factors;Depot/Rangieren, Güterzug;50310.189513044956;Nicht Signifikant;False
6329;CA1207114;2007;12;25;15859.0;15859.0;800.0;15059.0;6;0;0;0;0;0;0;0;4.5;0;0;27;0;0;1;893.3130574987653;01;7;1;Depot;H307;50;Moderat (0° bis 19,99° C);Abend;Klar;Kalifornien;Winter;Entgleisung;General Switching Rules;Human Factors;Depot/Rangieren, Lokomotive;10984.715552271888;Nicht Signifikant;False
6330;CA8;1987;8;5;13151.0;13151.0;1167.0;11984.0;1;0;0;0;0;0;0;0;5.0;28;1;6;0;0;2;2785.647398120594;04;7;1;Depot;M407;80;Warm (20° bis 31,99° C);Tag;Klar;Illinois;Sommer;Kollision;Unusual Operational Situations;Miscellaneous Causes;Depot/Rangieren, EinzelneWagen;11155.314276020019;Nicht Signifikant;False
6331;CH0001;1995;1;1;23150.0;23150.0;2500.0;20650.0;4;0;0;0;0;0;0;0;6.0;47;3;28;0;0;1;7078.162247179111;04;7;1;Depot;H699;24;Kalt (-30° - 0,01° C);Abend;Schnee;Illinois;Winter;Kollision;Speed;Human Factors;Depot/Rangieren, Güterzug;19636.949698871827;Nicht Signifikant;False
6332;CH0006;1992;10;3;6575.0;6575.0;75.0;6500.0;9;0;0;0;0;0;0;0;4.0;1;1;0;0;0;0;232.88997359133555;04;1;1;Depot;H301;76;Warm (20° bis 31,99° C);Tag;Klar;Illinois;Herbst;Kollision;General Switching Rules;Human Factors;Güterzug, Lokomotive;5577.233013826448;Nicht Signifikant;False
6333;CH0022;1993;1;20;2933130.0;2933130.0;7000.0;131030.0;2;1;0;0;0;0;0;0;15.375319263030633;15;0;0;0;0;0;1451.8899735913355;02;1;4;Hauptstrecke;H404;20;Kalt (-30° - 0,01° C);Abend;Klar;Illinois;Winter;Kollision;Main Track Authority;Human Factors;Güterzug, NaN;2488022.733056239;Schwer;False
6334;CH0040;1993;1;23;16000.0;16000.0;0.0;16000.0;1;0;0;0;0;0;0;0;3.9542723449729715;16;0;23;0;0;0;2590.1661745035403;04;7;1;Depot;H313;32;Moderat (0° bis 19,99° C);Tag;Wolkig;Illinois;Winter;Kollision;General Switching Rules;Human Factors;Depot/Rangieren, EinzelneWagen;13571.973873950292;Nicht Signifikant;False
6335;CH0103114;2003;1;30;22000.0;22000.0;0.0;22000.0;2;0;0;0;0;0;0;0;2.958916643910756;5;0;1;0;0;1;670.4935146593589;01;7;1;Industriestrecke;M101;30;Kalt (-30° - 0,01° C);Abend;Wolkig;Illinois;Winter;Entgleisung;Environmental Conditions;Environmental Conditions;Depot/Rangieren, EinzelneWagen;20468.924451060662;Nicht Signifikant;False
6336;CH0107106;2007;1;12;15200.0;15200.0;0.0;15200.0;5;0;0;0;0;0;0;0;10.0;15;0;7;0;0;0;2143.8899735913355;04;1;1;Depot;H307;43;Moderat (0° bis 19,99° C);Tag;Regen;Illinois;Winter;Kollision;General Switching Rules;Human Factors;Güterzug, Lokomotive;11789.343054370589;Nicht Signifikant;False
6337;CH0111113;2011;1;28;97000.0;97000.0;80000.0;17000.0;7;2;0;0;0;0;0;0;5.0;218;3;0;0;0;0;25034.44924728051;01;7;1;Depot;H307;28;Kalt (-30° - 0,01° C);Tag;Klar;Illinois;Winter;Entgleisung;General Switching Rules;Human Factors;Depot/Rangieren, Güterzug;70751.27644055434;Nicht Signifikant;False
6338;CH0119113;2019;1;22;90998.0;90998.0;4100.0;86898.0;9;1;0;0;0;0;0;0;8.5;103;0;0;0;0;0;7914.889973591336;04;1;1;Depot;H607;33;Moderat (0° bis 19,99° C);Abenddämmerung;Klar;Illinois;Winter;Kollision;Speed;Human Factors;Güterzug, Lokomotive;80146.20398097587;Nicht Signifikant;False
6339;CH0120110;2020;1;20;11200.0;11200.0;0.0;11200.0;2;2;0;0;0;0;0;0;1.9635609428485408;0;0;0;0;0;0;69.7799471826711;04;8;1;Depot;H307;15;Kalt (-30° - 0,01° C);Morgendämmerung;Klar;Illinois;Winter;Kollision;General Switching Rules;Human Factors;Lokomotive, Lokomotive;10103.743797925124;Nicht Signifikant;False
6340;CH0126;1995;6;8;8160.0;8160.0;0.0;8160.0;2;0;0;1;0;0;0;0;7.935695149221832;1;1;0;0;0;0;203.14641270974315;09;7;1;Depot;H399;60;Moderat (0° bis 19,99° C);Tag;Wolkig;Illinois;Frühling;Kollision;General Switching Rules;Human Factors;Depot/Rangieren, Depot/Rangieren;6921.706675714649;Signifikant;False
6341;CH0130;1995;6;12;17300.0;17300.0;0.0;17300.0;2;0;0;0;0;0;0;0;3.9542723449729715;8;0;11;0;0;1;1316.2298903570183;01;7;1;Depot;H308;55;Moderat (0° bis 19,99° C);Abend;Wolkig;Illinois;Frühling;Entgleisung;General Switching Rules;Human Factors;Depot/Rangieren, Depot/Rangieren;14674.696751208754;Nicht Signifikant;False
6342;CH0172;1995;7;4;7500.0;7500.0;0.0;7500.0;2;0;0;0;0;0;0;0;3.9542723449729715;14;0;11;0;0;0;1997.2944029131625;09;7;1;Depot;H018;65;Moderat (0° bis 19,99° C);Morgendämmerung;Klar;Illinois;Sommer;Kollision;Brakes, Use of;Human Factors;Depot/Rangieren, EinzelneWagen;6361.8627534142;Nicht Signifikant;False
6343;CH0203121;2003;2;25;30154.0;30154.0;0.0;30154.0;3;0;0;0;0;0;0;0;6.0;34;0;16;0;0;0;2977.03253696715;04;7;1;Depot;H306;20;Kalt (-30° - 0,01° C);Tag;Klar;Illinois;Winter;Kollision;General Switching Rules;Human Factors;Depot/Rangieren, Güterzug;27987.74828290329;Nicht Signifikant;False
6344;CH0203123;2003;2;27;28332.0;28332.0;5000.0;23332.0;4;0;0;0;0;0;0;0;7.935695149221832;104;0;76;0;0;0;13904.0;04;1;1;Depot;H702;24;Kalt (-30° - 0,01° C);Abend;Wolkig;Missouri;Winter;Kollision;Switches, Use of;Human Factors;Güterzug, Güterzug;26180.00369617446;Nicht Signifikant;False
6345;CH0204;1996;10;3;54000.0;54000.0;1000.0;53000.0;4;0;0;0;0;0;0;0;10.0;75;1;33;0;0;0;10378.0;01;1;1;Depot;H999;38;Moderat (0° bis 19,99° C);Abend;Klar;Illinois;Herbst;Entgleisung;Miscellaneous;Human Factors;Güterzug, Güterzug;45805.41182458223;Nicht Signifikant;False
6346;CH0208119;2008;2;25;148008.0;148008.0;2000.0;146008.0;4;0;0;0;0;0;0;0;8.5;72;3;0;0;0;0;5739.949369825404;04;7;1;Depot;H307;31;Kalt (-30° - 0,01° C);Abend;Klar;Illinois;Winter;Kollision;General Switching Rules;Human Factors;Depot/Rangieren, Güterzug;99890.6661267463;Nicht Signifikant;False
6347;CH0210200;2010;2;10;9200.0;9200.0;0.0;9200.0;2;0;0;0;0;2;0;0;69.6477486150792;0;0;0;0;10;0;488.18443422184095;07;3;5;Hauptstrecke;M306;20;Kalt (-30° - 0,01° C);Morgendämmerung;Wolkig;Illinois;Winter;Bahnübergang;Loading Procedures;Loading;Nahverkehrszug, NaN;6695.778748180494;Signifikant;False
6348;CH0211106;2011;2;11;10000.0;10000.0;0.0;10000.0;6;0;0;1;0;0;0;0;9.926406551346263;75;0;99;0;0;0;10743.0;03;1;4;Hauptstrecke;H221;-8;Kalt (-30° - 0,01° C);Abend;Klar;Wisconsion;Winter;Kollision;Flagging, Fixed, Hand and Radio Signals;Human Factors;Güterzug, Güterzug;7394.2620526471455;Signifikant;False
6349;CH0214122;2014;2;21;30976.0;30976.0;0.0;30976.0;1;0;0;0;0;0;0;0;7.935695149221832;1;0;0;0;0;0;183.53737171192955;05;5;1;Depot;H307;34;Moderat (0° bis 19,99° C);Abenddämmerung;Klar;Illinois;Winter;Kollision;General Switching Rules;Human Factors;EinzelneWagen, Lokomotive;22598.672211278907;Nicht Signifikant;False
6350;CH0216102;2016;2;8;72000.0;72000.0;59000.0;13000.0;1;0;0;0;0;0;0;0;68.65239291401697;0;0;0;0;8;0;417.2651488670881;01;C;5;Hauptstrecke;T399;23;Kalt (-30° - 0,01° C);Morgendämmerung;Klar;Illinois;Winter;Entgleisung;Frogs, Switches and Track Appliances;Track, Roadbed and Structures;Nahverkehrszug, NaN;64859.02170975587;Nicht Signifikant;False
6351;CH0219114;2019;2;16;47079.0;47079.0;8000.0;39079.0;4;0;0;0;0;0;0;0;2.0;0;0;13;0;0;3;1239.8899735913355;04;7;1;Depot;H306;15;Kalt (-30° - 0,01° C);Tag;Schnee;Illinois;Winter;Kollision;General Switching Rules;Human Factors;Depot/Rangieren, Lokomotive;41726.83762703853;Nicht Signifikant;False
6352;CH0255;1993;4;24;9600.0;9600.0;600.0;9000.0;2;0;0;0;0;0;0;0;3.9542723449729715;49;1;26;0;0;0;6455.10945559985;01;7;1;Depot;H702;50;Moderat (0° bis 19,99° C);Abend;Wolkig;Illinois;Frühling;Entgleisung;Switches, Use of;Human Factors;Depot/Rangieren, Depot/Rangieren;8143.184324370175;Nicht Signifikant;False
6353;CH0267;1995;9;12;14000.0;14000.0;4000.0;10000.0;2;0;0;0;0;0;0;0;3.0;23;2;9;0;0;0;2999.4364852501385;01;7;1;Depot;H020;55;Moderat (0° bis 19,99° C);Abend;Klar;Illinois;Sommer;Entgleisung;Brakes, Use of;Human Factors;Depot/Rangieren, EinzelneWagen;11875.477139706505;Nicht Signifikant;False
6354;CH0297101;1997;2;8;94415.0;94415.0;25315.0;69100.0;4;0;0;0;0;0;0;0;3.9542723449729715;68;2;63;0;0;5;10418.26755162677;04;7;2;Depot;H702;31;Kalt (-30° - 0,01° C);Tag;Schnee;Illinois;Winter;Kollision;Switches, Use of;Human Factors;Depot/Rangieren, Güterzug;80087.36958181355;Nicht Signifikant;False