index;INCDTNO;YEAR4;MONTH;DAY;ACCDMG;INFRASTRUCTURE_DMG;TRKDMG;EQPDMG;LOCOMOTIVES1;LOCOMOTIVES2;RREMPKLD;RREMPINJ;PASSKLD;PASSINJ;OTHERKLD;OTHERINJ;SPEED;LOADF1;LOADF2;EMPTYF1;EMPTYP1;LOADP1;EMPTYF2;TONS;TYPE;TYPEQ;TRKCLAS;TYPTRK;ACCAUSE;TEMP;TEMP_CLUSTER;VISIBLTY;WEATHER;STATE;Jahreszeit;ACCIDENT_TYPE;ACCCAUSE_LVL1;ACCCAUSE_LVL2;EQUIPMENT_TYPE;ACCDMG_EUR;ACCTYPE;SPD_TOO_HIGH
6355;CH0302107;2002;3;9;7500.0;7500.0;400.0;7100.0;1;0;0;0;0;0;0;0;2.0;4;0;2;0;0;2;588.6625349604956;01;7;1;Depot;M105;50;Moderat (0° bis 19,99° C);Abend;Regen;Illinois;Winter;Entgleisung;Environmental Conditions;Environmental Conditions;Depot/Rangieren, EinzelneWagen;8543.763052971331;Nicht Signifikant;False
6356;CH0302127;2002;3;22;29500.0;29500.0;3500.0;26000.0;5;0;0;0;0;0;0;0;8.931050850284048;85;3;0;0;0;0;8102.0;01;1;1;Depot;E49C;25;Kalt (-30° - 0,01° C);Tag;Klar;Illinois;Frühling;Entgleisung;Truck Components;Mechanical and Electrical Failures;Güterzug, Güterzug;33541.785105173396;Nicht Signifikant;False
6357;CH0304104;2004;3;4;12725.0;12725.0;4500.0;8225.0;5;1;0;0;0;0;0;0;4.5;70;1;0;0;0;0;8052.408705228578;04;7;1;Depot;H399;43;Moderat (0° bis 19,99° C);Abend;Wolkig;Illinois;Winter;Kollision;General Switching Rules;Human Factors;Depot/Rangieren, Lokomotive;10475.837655388163;Nicht Signifikant;False
6358;CH0304106;2004;3;13;12387.0;12387.0;1000.0;11387.0;1;0;0;0;0;0;0;0;4.949628046035187;32;3;0;0;0;0;3768.844655112383;09;7;1;Depot;H702;44;Moderat (0° bis 19,99° C);Abend;Klar;Illinois;Winter;Kollision;Switches, Use of;Human Factors;Depot/Rangieren, EinzelneWagen;10112.38706868401;Nicht Signifikant;False
6359;CH0306100;2006;3;7;113132.0;113132.0;0.0;113132.0;4;0;0;0;0;0;0;0;2.958916643910756;121;0;47;0;0;1;15266.889629758807;01;7;1;Depot;H607;28;Kalt (-30° - 0,01° C);Abend;Wolkig;Illinois;Winter;Entgleisung;Speed;Human Factors;Depot/Rangieren, Depot/Rangieren;94965.16410643834;Nicht Signifikant;False
6360;CH0312106;2012;3;12;15500.0;15500.0;3500.0;12000.0;4;0;0;0;0;0;0;0;4.949628046035187;34;1;54;0;0;0;5601.247573568648;04;7;1;Depot;H306;50;Moderat (0° bis 19,99° C);Abend;Regen;Illinois;Winter;Kollision;General Switching Rules;Human Factors;Depot/Rangieren, Depot/Rangieren;11814.924918057779;Nicht Signifikant;False
6361;CH0314114;2014;3;5;16602.0;16602.0;0.0;16602.0;2;0;0;0;0;0;0;0;5.944983747097401;7;0;14;0;0;1;1293.8116964607252;01;7;1;Depot;M101;13;Kalt (-30° - 0,01° C);Morgendämmerung;Schnee;Illinois;Winter;Entgleisung;Environmental Conditions;Environmental Conditions;Depot/Rangieren, EinzelneWagen;12090.008738712497;Nicht Signifikant;False
6362;CH0318111;2018;3;14;10705.0;10705.0;0.0;10705.0;2;0;0;0;0;0;0;0;3.9542723449729715;30;0;48;0;0;0;4584.0;05;7;1;Depot;M408;40;Moderat (0° bis 19,99° C);Tag;Klar;Illinois;Winter;Kollision;Unusual Operational Situations;Miscellaneous Causes;Depot/Rangieren, Depot/Rangieren;8654.701269302288;Nicht Signifikant;False
6363;CH0343;1995;11;8;21000.0;21000.0;0.0;21000.0;2;1;0;0;0;0;0;0;18.8846078609062;20;0;8;0;0;0;2588.4997194557477;01;6;2;Hauptstrecke;H205;30;Kalt (-30° - 0,01° C);Tag;Klar;Illinois;Herbst;Entgleisung;Flagging, Fixed, Hand and Radio Signals;Human Factors;EinzelneWagen, Lokomotive;17813.215709559758;Nicht Signifikant;False
6364;CH0400106;2000;4;25;48500.0;48500.0;2000.0;46500.0;4;0;0;0;0;0;0;0;7.935695149221832;83;1;0;0;0;0;8062.771288176925;01;7;1;Depot;H799;48;Moderat (0° bis 19,99° C);Abend;Wolkig;Illinois;Frühling;Entgleisung;Switches, Use of;Human Factors;Depot/Rangieren, Güterzug;52139.32487637067;Nicht Signifikant;False
6365;CH0402112;2002;4;14;332287.0;332287.0;31000.0;301287.0;4;2;0;3;0;0;0;0;29.83352057259057;50;3;71;0;0;3;8221.0;09;1;3;Hauptstrecke;M404;47;Moderat (0° bis 19,99° C);Abend;Regen;Illinois;Frühling;Kollision;Unusual Operational Situations;Miscellaneous Causes;Güterzug, Güterzug;377498.769265725;Signifikant;False
6366;CH0403118;2003;4;17;40924.0;40924.0;5000.0;35924.0;1;0;0;0;0;0;0;0;4.949628046035187;66;2;3;0;0;3;7712.767382600544;01;7;1;Depot;H702;65;Moderat (0° bis 19,99° C);Abend;Klar;Illinois;Frühling;Entgleisung;Switches, Use of;Human Factors;Depot/Rangieren, EinzelneWagen;37476.19047619047;Nicht Signifikant;False
6367;CH0405111;2005;4;19;26108.0;26108.0;200.0;25908.0;1;0;0;0;0;0;0;0;3.9542723449729715;8;0;4;0;0;1;1103.1050188800994;01;7;1;Depot;H306;61;Moderat (0° bis 19,99° C);Morgendämmerung;Klar;Illinois;Frühling;Entgleisung;General Switching Rules;Human Factors;Depot/Rangieren, EinzelneWagen;20089.258233302553;Nicht Signifikant;False
6368;CH0412101;2012;4;10;285500.0;285500.0;500.0;285000.0;2;2;0;1;0;0;0;0;3.9695148966486475;0;0;11;0;0;1;441.0604677142861;02;8;1;Depot;H607;45;Moderat (0° bis 19,99° C);Tag;Klar;Illinois;Frühling;Kollision;Speed;Human Factors;Lokomotive, Nahverkehrszug, NaN;217706.26811041636;Signifikant;False
6369;CH0414108;2014;4;20;108547.0;108547.0;10000.0;98547.0;1;0;0;0;0;0;0;0;5.5;37;4;34;0;0;3;5396.858869788315;04;7;1;Depot;M408;72;Warm (20° bis 31,99° C);Tag;Klar;Illinois;Frühling;Kollision;Unusual Operational Situations;Miscellaneous Causes;Depot/Rangieren, EinzelneWagen;78474.1400500282;Nicht Signifikant;False
6370;CH0504112;2004;5;25;30956.0;30956.0;900.0;30056.0;5;1;0;0;0;0;0;0;7.5;55;1;0;0;0;0;2312.8899735913355;04;1;1;Depot;H702;60;Moderat (0° bis 19,99° C);Abend;Wolkig;Illinois;Frühling;Kollision;Switches, Use of;Human Factors;Güterzug, Lokomotive;25661.941473928542;Nicht Signifikant;False
6371;CH0515109;2015;5;24;13600.0;13600.0;0.0;13600.0;4;0;0;0;0;0;0;0;6.5;40;0;160;0;0;0;9491.502562111156;04;7;1;Depot;M408;72;Warm (20° bis 31,99° C);Abenddämmerung;Wolkig;Illinois;Frühling;Kollision;Unusual Operational Situations;Miscellaneous Causes;Depot/Rangieren, Depot/Rangieren;12318.840579710144;Nicht Signifikant;False
6372;CH0599105;1999;5;19;9200.0;9200.0;2500.0;6700.0;8;1;0;0;0;0;0;0;9.926406551346263;0;0;0;0;0;0;69.7799471826711;04;8;1;Depot;H207;50;Moderat (0° bis 19,99° C);Abend;Klar;Illinois;Frühling;Kollision;Flagging, Fixed, Hand and Radio Signals;Human Factors;Lokomotive, Lokomotive;8651.495204062441;Nicht Signifikant;False
6373;CH0602105;2002;6;12;149000.0;149000.0;30000.0;119000.0;2;1;0;5;0;59;0;0;14.5;0;0;0;0;12;0;1270.0;02;3;3;Depot;H403;75;Warm (20° bis 31,99° C);Tag;Klar;Illinois;Frühling;Kollision;Main Track Authority;Human Factors;Nahverkehrszug, Nahverkehrszug;157638.59500634787;Schwer;False
6374;CH0604103;2004;6;7;7400.0;7400.0;1500.0;5900.0;3;0;0;0;0;0;0;0;4.0;66;2;5;0;0;0;4306.90914729257;01;7;1;Depot;H704;86;Warm (20° bis 31,99° C);Tag;Klar;Illinois;Frühling;Entgleisung;Switches, Use of;Human Factors;Depot/Rangieren, Güterzug;6006.981086127121;Nicht Signifikant;False
6375;CH0608119;2008;6;30;113446.0;113446.0;40000.0;73446.0;2;0;0;0;0;0;0;0;8.931050850284048;28;1;2;0;0;0;3335.489695421699;01;7;1;Depot;H307;65;Moderat (0° bis 19,99° C);Abend;Wolkig;Illinois;Sommer;Entgleisung;General Switching Rules;Human Factors;Depot/Rangieren, Depot/Rangieren;71965.23724942908;Nicht Signifikant;False
6376;CH0612108;2012;6;14;71357.0;71357.0;0.0;71357.0;4;0;0;0;0;0;0;0;5.0;8;1;67;0;0;1;3040.8379031701834;04;7;1;Depot;H307;85;Warm (20° bis 31,99° C);Tag;Klar;Illinois;Frühling;Kollision;General Switching Rules;Human Factors;Depot/Rangieren, Depot/Rangieren;56853.637160385624;Nicht Signifikant;False
6377;CH0618105;2018;6;8;2277724.0;2277724.0;1700000.0;577724.0;4;0;0;0;0;0;0;0;59.69419160445703;53;6;0;0;0;0;7104.0;01;6;5;Hauptstrecke;E53C;90;Heiß (>= 32° C);Tag;Klar;Missouri;Frühling;Entgleisung;Axles and Journal Bearings;Mechanical and Electrical Failures;EinzelneWagen, Güterzug;1937828.8242300493;Signifikant;False
6378;CH0697114;1997;6;17;83000.0;83000.0;0.0;83000.0;3;0;0;0;0;0;0;0;6.0;70;0;16;0;0;0;8412.889973591336;04;1;1;Depot;H999;55;Moderat (0° bis 19,99° C);Abend;Klar;Illinois;Frühling;Kollision;Miscellaneous;Human Factors;Güterzug, Lokomotive;70404.61447111714;Nicht Signifikant;False
6379;CH0705106;2005;7;22;15500.0;15500.0;0.0;15500.0;1;0;0;0;0;0;0;0;2.958916643910756;23;0;3;0;0;1;2779.019976607988;09;7;1;Depot;M404;90;Heiß (>= 32° C);Tag;Klar;Illinois;Sommer;Kollision;Unusual Operational Situations;Miscellaneous Causes;Depot/Rangieren, EinzelneWagen;12764.555711109282;Nicht Signifikant;False
6380;CH0705115;2005;7;29;16107.0;16107.0;0.0;16107.0;5;1;0;0;0;0;0;0;3.9542723449729715;0;0;0;0;0;0;69.7799471826711;01;8;1;Depot;H399;73;Warm (20° bis 31,99° C);Abend;Klar;Illinois;Sommer;Entgleisung;General Switching Rules;Human Factors;Lokomotive, Lokomotive;13319.275613991565;Nicht Signifikant;False
6381;CH0710101;2010;7;3;2852347.0;2852347.0;543644.0;2308703.0;5;0;0;0;0;0;0;0;41.77778898533715;65;8;50;0;0;4;9525.0;01;1;3;Hauptstrecke;T102;75;Warm (20° bis 31,99° C);Abend;Wolkig;Missouri;Sommer;Entgleisung;Track Geometry;Track, Roadbed and Structures;Güterzug, Güterzug;2274175.7248784117;Schwer;True
6382;CH0712117;2012;7;23;13950.0;13950.0;8200.0;5750.0;4;1;0;0;0;0;0;0;7.5;0;0;30;0;0;0;983.1722535123237;04;7;1;Depot;H307;99;Heiß (>= 32° C);Tag;Klar;Illinois;Sommer;Kollision;General Switching Rules;Human Factors;Depot/Rangieren, Lokomotive;11524.163568773236;Nicht Signifikant;False
6383;CH0713114;2013;7;29;24424.0;24424.0;1400.0;23024.0;3;0;0;0;0;0;0;0;4.0;13;1;8;0;0;0;1811.806788748752;04;7;1;Depot;M408;65;Moderat (0° bis 19,99° C);Abend;Wolkig;Illinois;Sommer;Kollision;Unusual Operational Situations;Miscellaneous Causes;Depot/Rangieren, Depot/Rangieren;18405.425772418992;Nicht Signifikant;False
6384;CH0714114;2014;7;26;27355.0;27355.0;500.0;26855.0;5;0;0;0;0;0;0;0;2.5;71;1;10;0;0;0;9439.584099826368;05;7;1;Depot;H307;80;Warm (20° bis 31,99° C);Morgendämmerung;Klar;Illinois;Sommer;Kollision;General Switching Rules;Human Factors;Depot/Rangieren, Güterzug;20356.956812938755;Nicht Signifikant;False
6385;CH0718111;2018;7;27;11934.0;11934.0;0.0;11934.0;5;0;0;0;0;0;0;0;4.949628046035187;6;0;4;0;0;0;766.8899735913355;04;7;1;Depot;H307;85;Warm (20° bis 31,99° C);Tag;Klar;Illinois;Sommer;Kollision;General Switching Rules;Human Factors;Depot/Rangieren, Lokomotive;10265.806451612902;Nicht Signifikant;False
6386;CH0804106;2004;8;11;25265.0;25265.0;3000.0;22265.0;2;1;0;0;0;0;0;0;6.940339448159618;21;0;3;0;0;0;2550.025092930064;04;7;1;Depot;H702;59;Moderat (0° bis 19,99° C);Abenddämmerung;Klar;Illinois;Sommer;Kollision;Switches, Use of;Human Factors;Depot/Rangieren, Depot/Rangieren;20653.15131202485;Nicht Signifikant;False
6387;CH0804107;2004;8;14;8640.0;8640.0;1500.0;7140.0;2;0;0;0;0;0;0;0;1.5;26;1;0;0;0;0;3047.082025941205;01;7;1;Depot;H021;56;Moderat (0° bis 19,99° C);Tag;Klar;Illinois;Sommer;Entgleisung;Brakes, Use of;Human Factors;Depot/Rangieren, EinzelneWagen;7048.266485384092;Nicht Signifikant;False
6388;CH0804108;2004;8;15;11621.0;11621.0;0.0;11621.0;2;0;0;0;0;0;0;0;2.0;3;0;0;0;0;0;35.88997359133555;04;7;1;Depot;H307;65;Moderat (0° bis 19,99° C);Abend;Klar;Illinois;Sommer;Kollision;General Switching Rules;Human Factors;Depot/Rangieren, Lokomotive;9449.760117095384;Nicht Signifikant;False
6389;CH0813101;2013;8;2;36998.0;36998.0;0.0;36998.0;4;0;0;0;0;0;0;0;4.5;17;0;9;0;0;0;2277.673856078961;04;7;1;Depot;M408;73;Warm (20° bis 31,99° C);Abend;Klar;Illinois;Sommer;Kollision;Unusual Operational Situations;Miscellaneous Causes;Depot/Rangieren, Depot/Rangieren;28022.419147163524;Nicht Signifikant;False
6390;CH0818123;2018;8;30;76714.0;76714.0;66600.0;10114.0;4;0;0;0;0;0;0;0;0.9682052417863254;80;4;8;0;0;0;6728.0;01;6;1;Depot;H503;67;Moderat (0° bis 19,99° C);Morgendämmerung;Klar;Illinois;Sommer;Entgleisung;Train Handling/Train Makeup;Human Factors;EinzelneWagen, Güterzug;65612.38453643517;Nicht Signifikant;False
6391;CH0904109;2004;9;24;7094.0;7094.0;0.0;7094.0;2;0;0;0;0;0;0;0;5.0;56;0;17;0;0;0;6957.784694407949;04;7;X;Depot;H702;75;Warm (20° bis 31,99° C);Tag;Klar;Illinois;Herbst;Kollision;Switches, Use of;Human Factors;Depot/Rangieren, Depot/Rangieren;5763.262653343082;Nicht Signifikant;False
6392;CH0908107;2008;9;12;24200.0;24200.0;14000.0;10200.0;1;0;0;1;0;0;0;0;9.926406551346263;13;1;5;0;0;1;2739.1466064412352;01;6;1;Industriestrecke;H306;60;Moderat (0° bis 19,99° C);Tag;Regen;Illinois;Sommer;Entgleisung;General Switching Rules;Human Factors;EinzelneWagen, Güterzug;17204.606853405374;Signifikant;False
6393;CH0912114;2012;9;25;38815.0;38815.0;5000.0;33815.0;2;0;0;0;0;0;0;0;5.0;14;3;0;0;0;0;1721.2110135857306;01;7;1;Depot;H020;74;Warm (20° bis 31,99° C);Tag;Klar;Illinois;Herbst;Entgleisung;Brakes, Use of;Human Factors;Depot/Rangieren, EinzelneWagen;30014.692236313025;Nicht Signifikant;False
6394;CH0917111;2017;9;22;17866.0;17866.0;800.0;17066.0;2;0;0;1;0;0;0;0;7.935695149221832;0;0;64;0;0;1;2019.8302353053368;01;7;1;Depot;H307;90;Heiß (>= 32° C);Morgendämmerung;Klar;Illinois;Sommer;Entgleisung;General Switching Rules;Human Factors;Depot/Rangieren, EinzelneWagen;14936.878187442522;Signifikant;False
6395;CH0918117;2018;9;22;41263.0;41263.0;0.0;41263.0;3;0;0;0;0;0;0;0;9.0;42;0;56;0;0;0;6618.0;04;7;1;Depot;H607;72;Warm (20° bis 31,99° C);Abenddämmerung;Klar;Wisconsion;Sommer;Kollision;Speed;Human Factors;Depot/Rangieren, Güterzug;35076.64843727863;Nicht Signifikant;False
6396;CH1002112;2002;10;12;25500.0;25500.0;1000.0;24500.0;2;0;0;0;0;0;0;0;6.5;9;0;65;0;0;4;3078.533570137872;04;7;1;Depot;H306;46;Moderat (0° bis 19,99° C);Abend;Nebel;Illinois;Herbst;Kollision;General Switching Rules;Human Factors;Depot/Rangieren, Depot/Rangieren;25855.950248419915;Nicht Signifikant;False
6397;CH1002123;2002;10;26;16115.0;16115.0;0.0;16115.0;1;0;0;0;0;0;0;0;4.5;37;0;13;0;0;1;4676.088022127491;01;7;1;Depot;H018;46;Moderat (0° bis 19,99° C);Tag;Klar;Illinois;Herbst;Entgleisung;Brakes, Use of;Human Factors;Depot/Rangieren, EinzelneWagen;16516.347237880498;Nicht Signifikant;False
6398;CH1007115;2007;10;20;43770.0;43770.0;2500.0;41270.0;6;0;0;0;0;0;0;0;3.9542723449729715;67;3;0;0;0;0;5239.404822649853;01;6;1;Depot;T110;65;Moderat (0° bis 19,99° C);Tag;Klar;Illinois;Herbst;Entgleisung;Track Geometry;Track, Roadbed and Structures;EinzelneWagen, Güterzug;30721.538533526742;Nicht Signifikant;False
6399;CH1018113;2018;10;19;60000.0;60000.0;0.0;60000.0;0;0;0;1;0;0;0;0;12.0;0;0;2;0;0;0;396.0;09;A;5;Hauptstrecke;H997;67;Moderat (0° bis 19,99° C);Tag;Klar;Missouri;Herbst;Kollision;Miscellaneous;Human Factors;Wartungszug, Wartungszug;52310.37489102005;Signifikant;False
6400;CH1018121;2018;10;31;43894.0;43894.0;2000.0;41894.0;2;0;0;0;0;0;0;0;3.9542723449729715;8;4;40;0;0;1;2120.0;01;7;1;Depot;T210;65;Moderat (0° bis 19,99° C);Tag;Klar;Illinois;Herbst;Entgleisung;Rail, Joint Bar and Rail Anchoring;Track, Roadbed and Structures;Depot/Rangieren, EinzelneWagen;38782.470401130944;Nicht Signifikant;False
6401;CH1100118;2000;11;28;33672.0;33672.0;10572.0;23100.0;11;4;0;0;0;0;0;0;7.935695149221832;0;0;0;0;0;0;69.7799471826711;01;8;1;Depot;E46L;38;Moderat (0° bis 19,99° C);Abend;Wolkig;Illinois;Herbst;Entgleisung;Truck Components;Mechanical and Electrical Failures;Lokomotive, Lokomotive;39331.85375540241;Nicht Signifikant;False
6402;CH1101108;2001;11;16;37400.0;37400.0;2500.0;34900.0;5;1;0;0;0;0;0;0;4.949628046035187;9;0;25;0;0;11;1855.5738429509893;01;7;1;Depot;H524;48;Moderat (0° bis 19,99° C);Abend;Nebel;Illinois;Herbst;Entgleisung;Train Handling/Train Makeup;Human Factors;Depot/Rangieren, Güterzug;42283.77614471453;Nicht Signifikant;False
6403;CH1102115;2002;11;11;12556.0;12556.0;0.0;12556.0;1;0;0;0;0;0;0;0;3.9542723449729715;2;1;1;0;0;0;347.35024744999004;05;7;1;Depot;H302;35;Moderat (0° bis 19,99° C);Abend;Klar;Missouri;Herbst;Kollision;General Switching Rules;Human Factors;Depot/Rangieren, EinzelneWagen;12399.762986371717;Nicht Signifikant;False
6404;CH1102117;2002;11;20;81977.0;81977.0;60577.0;21400.0;2;0;0;0;0;0;0;0;6.940339448159618;13;1;6;0;0;1;2352.048469476673;01;6;1;Depot;H306;55;Moderat (0° bis 19,99° C);Abend;Wolkig;Illinois;Herbst;Entgleisung;General Switching Rules;Human Factors;EinzelneWagen, Güterzug;81821.53907575607;Nicht Signifikant;False
6405;CH1102126;2002;11;30;21775.0;21775.0;2200.0;19575.0;2;0;0;0;0;0;0;0;8.931050850284048;12;3;7;0;0;0;1706.8210360041326;01;7;1;Depot;T201;30;Kalt (-30° - 0,01° C);Tag;Wolkig;Illinois;Herbst;Entgleisung;Rail, Joint Bar and Rail Anchoring;Track, Roadbed and Structures;Depot/Rangieren, EinzelneWagen;21976.450798990747;Nicht Signifikant;False
6406;CH1105102;2005;11;10;707677.0;707677.0;3200.0;704477.0;4;2;0;3;0;0;0;0;25.0;23;2;0;0;0;0;1426.8899735913355;04;1;2;Hauptstrecke;H221;49;Moderat (0° bis 19,99° C);Tag;Klar;Iowa;Herbst;Kollision;Flagging, Fixed, Hand and Radio Signals;Human Factors;Güterzug, Lokomotive;601663.8326815168;Signifikant;False
6407;CH1114108;2014;11;12;20500.0;20500.0;0.0;20500.0;4;0;0;0;0;0;0;0;2.5;3;0;8;0;0;0;616.1904634938062;05;7;1;Depot;M408;25;Kalt (-30° - 0,01° C);Tag;Wolkig;Illinois;Herbst;Kollision;Unusual Operational Situations;Miscellaneous Causes;Depot/Rangieren, Güterzug;16443.410603994547;Nicht Signifikant;False
6408;CH1115105;2015;11;13;180500.0;180500.0;500.0;180000.0;4;0;0;0;0;0;0;0;4.932837394713583;0;0;0;7;0;0;237.0518159123638;01;8;X;Depot;H307;47;Moderat (0° bis 19,99° C);Morgendämmerung;Klar;Illinois;Herbst;Entgleisung;General Switching Rules;Human Factors;Lokomotive, Personenzug, NaN;167688.59160163507;Signifikant;False
6409;CH1118115;2018;11;28;11200.0;11200.0;0.0;11200.0;2;0;0;0;0;0;0;0;2.958916643910756;47;0;90;0;0;0;3235.8899735913355;04;7;1;Depot;H607;26;Kalt (-30° - 0,01° C);Abend;Klar;Illinois;Herbst;Kollision;Speed;Human Factors;Depot/Rangieren, Lokomotive;9925.558312655086;Nicht Signifikant;False
6410;CH1202119;2002;12;21;250685.0;250685.0;50000.0;200685.0;6;0;0;0;0;0;0;0;4.949628046035187;30;0;162;0;0;17;7265.296782158346;01;7;1;Depot;H599;32;Moderat (0° bis 19,99° C);Morgendämmerung;Klar;Illinois;Winter;Entgleisung;Train Handling/Train Makeup;Human Factors;Depot/Rangieren, Güterzug;244237.1395167576;Signifikant;False
6411;CH1204105;2004;12;12;69159.0;69159.0;25000.0;44159.0;6;1;0;0;0;0;0;0;4.5;43;3;17;0;0;0;6290.478947178139;04;7;1;Depot;H607;34;Moderat (0° bis 19,99° C);Abend;Wolkig;Illinois;Herbst;Kollision;Speed;Human Factors;Depot/Rangieren, Güterzug;52225.69033654694;Nicht Signifikant;False
6412;CH1204115;2004;12;28;13800.0;13800.0;0.0;13800.0;2;0;0;0;0;0;0;0;1.9635609428485408;24;1;8;0;0;0;3063.1384585705955;01;7;1;Industriestrecke;E04C;27;Kalt (-30° - 0,01° C);Abend;Klar;Illinois;Winter;Entgleisung;Brakes;Mechanical and Electrical Failures;Depot/Rangieren, EinzelneWagen;10122.496882564366;Nicht Signifikant;False
6413;CH1205110;2005;12;16;37100.0;37100.0;3500.0;33600.0;3;0;0;0;0;0;0;0;11.917117953470694;50;2;10;0;0;0;6463.256439118408;01;5;1;Nebenstrecke;H099;9;Kalt (-30° - 0,01° C);Abend;Klar;Illinois;Herbst;Entgleisung;Brakes, Use of;Human Factors;EinzelneWagen, Güterzug;30960.52741383627;Nicht Signifikant;True
6414;CH134;1986;3;23;46000.0;46000.0;0.0;46000.0;4;0;0;0;0;0;0;0;5.0;32;0;58;0;0;4;5469.377301481445;04;7;1;Depot;H211;60;Moderat (0° bis 19,99° C);Abenddämmerung;Klar;Illinois;Frühling;Kollision;Flagging, Fixed, Hand and Radio Signals;Human Factors;Depot/Rangieren, Güterzug;39019.42488760709;Nicht Signifikant;False
6415;CH243;1987;5;12;18900.0;18900.0;400.0;18500.0;3;1;0;0;0;0;0;0;3.5;29;1;15;0;0;0;3845.0504526938066;04;7;1;Depot;H305;50;Moderat (0° bis 19,99° C);Abend;Wolkig;Illinois;Frühling;Kollision;General Switching Rules;Human Factors;Depot/Rangieren, Lokomotive;16031.894138603782;Nicht Signifikant;False
6416;CH251;1986;5;9;9300.0;9300.0;0.0;9300.0;3;0;0;0;0;0;0;0;4.0;19;0;113;0;0;32;5718.976474901294;04;7;1;Depot;H403;56;Moderat (0° bis 19,99° C);Abend;Klar;Illinois;Frühling;Kollision;Main Track Authority;Human Factors;Depot/Rangieren, Depot/Rangieren;7888.709814233607;Nicht Signifikant;False
6417;CH255;1985;4;14;53600.0;53600.0;500.0;53100.0;7;0;0;0;0;0;0;0;5.0;113;3;158;0;0;0;17093.8696995386;04;7;1;Depot;T307;45;Moderat (0° bis 19,99° C);Abend;Wolkig;Illinois;Frühling;Kollision;Frogs, Switches and Track Appliances;Track, Roadbed and Structures;Depot/Rangieren, Güterzug;45466.11247773348;Nicht Signifikant;False
6418;CH300;1985;5;9;153255.0;153255.0;500.0;152755.0;2;0;0;0;0;0;0;0;7.666666666666667;35;0;57;0;0;3;5826.065265182614;04;7;1;Depot;M407;75;Warm (20° bis 31,99° C);Tag;Klar;Illinois;Frühling;Kollision;Unusual Operational Situations;Miscellaneous Causes;Depot/Rangieren, EinzelneWagen, EinzelneWagen;129998.30350326575;Nicht Signifikant;False
6419;CH301;1985;4;30;6100.0;6100.0;0.0;6100.0;0;0;0;0;0;0;0;0;6.940339448159618;2;0;0;0;0;0;297.294796241188;04;5;1;Depot;M407;54;Moderat (0° bis 19,99° C);Abend;Wolkig;Illinois;Frühling;Kollision;Unusual Operational Situations;Miscellaneous Causes;EinzelneWagen, EinzelneWagen;5174.315039443549;Nicht Signifikant;False
6420;CH327;1987;6;21;17500.0;17500.0;0.0;17500.0;3;0;0;0;0;0;0;0;4.5;47;0;128;0;0;1;8810.97860911647;04;7;1;Depot;H401;81;Warm (20° bis 31,99° C);Tag;Klar;Illinois;Sommer;Kollision;Main Track Authority;Human Factors;Depot/Rangieren, Güterzug;14844.346424633131;Nicht Signifikant;False
6421;CH426;1988;7;28;8000.0;8000.0;0.0;8000.0;0;0;0;0;0;0;0;0;24.856742067279495;2;0;0;0;0;0;297.294796241188;09;5;4;Hauptstrecke;H402;92;Heiß (>= 32° C);Tag;Klar;Illinois;Sommer;Kollision;Main Track Authority;Human Factors;EinzelneWagen, EinzelneWagen;6785.986936975146;Nicht Signifikant;False
6422;CH436;1986;8;4;12000.0;12000.0;0.0;12000.0;6;0;0;1;0;0;0;0;9.0;118;2;16;0;0;1;11340.0;04;1;1;Hauptstrecke;H305;80;Warm (20° bis 31,99° C);Tag;Klar;Illinois;Sommer;Kollision;General Switching Rules;Human Factors;Güterzug, Güterzug;10178.980405462718;Signifikant;False
6423;CH679;1986;11;6;75300.0;75300.0;500.0;74800.0;2;0;0;0;0;0;0;0;6.0;18;4;6;0;0;6;2387.4084216829497;01;7;1;Depot;E30C;40;Moderat (0° bis 19,99° C);Abend;Nebel;Illinois;Herbst;Entgleisung;Coupler and Draft System;Mechanical and Electrical Failures;Depot/Rangieren, EinzelneWagen;63873.10204427856;Nicht Signifikant;False
6424;CH774;1986;12;20;8350.0;8350.0;5150.0;3200.0;2;1;0;0;0;0;0;0;1.9635609428485408;21;0;59;0;0;0;4255.024064745416;04;6;1;Depot;H702;30;Kalt (-30° - 0,01° C);Abend;Klar;Illinois;Herbst;Kollision;Switches, Use of;Human Factors;EinzelneWagen, Lokomotive;7082.873865467808;Nicht Signifikant;False
6425;CH93;1985;1;24;6000.0;6000.0;0.0;6000.0;3;0;0;0;0;0;0;0;2.5;71;0;41;0;0;0;9394.859907410548;04;7;1;Depot;H306;25;Kalt (-30° - 0,01° C);Tag;Schnee;Illinois;Winter;Kollision;General Switching Rules;Human Factors;Depot/Rangieren, Depot/Rangieren;5089.490202731359;Nicht Signifikant;False
6426;CH95;1985;1;29;23000.0;23000.0;0.0;23000.0;0;0;0;0;0;0;0;0;3.0;0;0;2;0;0;2;133.63283684346172;01;5;1;Depot;H312;5;Kalt (-30° - 0,01° C);Morgendämmerung;Wolkig;Illinois;Winter;Entgleisung;General Switching Rules;Human Factors;EinzelneWagen, EinzelneWagen;19509.712443803546;Nicht Signifikant;False