index;INCDTNO;YEAR4;MONTH;DAY;ACCDMG;INFRASTRUCTURE_DMG;TRKDMG;EQPDMG;LOCOMOTIVES1;LOCOMOTIVES2;RREMPKLD;RREMPINJ;PASSKLD;PASSINJ;OTHERKLD;OTHERINJ;SPEED;LOADF1;LOADF2;EMPTYF1;EMPTYP1;LOADP1;EMPTYF2;TONS;TYPE;TYPEQ;TRKCLAS;TYPTRK;ACCAUSE;TEMP;TEMP_CLUSTER;VISIBLTY;WEATHER;STATE;Jahreszeit;ACCIDENT_TYPE;ACCCAUSE_LVL1;ACCCAUSE_LVL2;EQUIPMENT_TYPE;ACCDMG_EUR;ACCTYPE;SPD_TOO_HIGH
6427;CO0033;1996;2;4;62300.0;62300.0;5000.0;57300.0;4;0;0;0;0;0;0;0;6.0;0;0;93;0;0;12;2917.8899735913355;04;1;1;Hauptstrecke;H403;30;Kalt (-30° - 0,01° C);Abend;Klar;Colorado;Winter;Kollision;Main Track Authority;Human Factors;Güterzug, Lokomotive;52845.87327169395;Nicht Signifikant;False
6428;CO0107108;2007;1;16;1147375.0;1147375.0;79000.0;1068375.0;8;0;0;0;0;0;0;0;11.917117953470694;253;18;0;0;0;0;35544.0;01;1;2;Hauptstrecke;T207;2;Kalt (-30° - 0,01° C);Abend;Klar;Colorado;Winter;Entgleisung;Rail, Joint Bar and Rail Anchoring;Track, Roadbed and Structures;Güterzug, Güterzug;885798.6566818499;Signifikant;False
6429;CO0109102;2009;1;8;13736.0;13736.0;1800.0;11936.0;2;0;0;0;0;0;0;0;6.940339448159618;28;0;38;0;0;3;4416.391525877689;01;7;1;Depot;H503;40;Moderat (0° bis 19,99° C);Morgendämmerung;Klar;Colorado;Winter;Entgleisung;Train Handling/Train Makeup;Human Factors;Depot/Rangieren, EinzelneWagen;10087.390761548066;Nicht Signifikant;False
6430;CO0183;1996;7;31;16050.0;16050.0;2000.0;14050.0;1;0;0;0;0;0;0;0;1.951414590464721;45;6;38;0;0;1;6499.851893214485;01;7;1;Depot;H312;75;Warm (20° bis 31,99° C);Morgendämmerung;Klar;Colorado;Sommer;Entgleisung;General Switching Rules;Human Factors;Depot/Rangieren, EinzelneWagen, EinzelneWagen;13614.386292306386;Nicht Signifikant;False
6431;CO0199103;1999;1;5;11000.0;11000.0;0.0;11000.0;2;0;0;0;0;0;0;0;4.949628046035187;0;0;10;0;0;2;377.2041185313691;01;7;1;Depot;H302;40;Moderat (0° bis 19,99° C);Tag;Klar;Colorado;Winter;Entgleisung;General Switching Rules;Human Factors;Depot/Rangieren, EinzelneWagen;9329.94062765055;Nicht Signifikant;False
6432;CO0200119;2000;2;24;22500.0;22500.0;0.0;22500.0;1;0;0;0;0;0;0;0;3.5;14;0;41;0;0;1;2912.166743862221;01;7;1;Depot;M105;59;Moderat (0° bis 19,99° C);Abenddämmerung;Klar;Colorado;Winter;Entgleisung;Environmental Conditions;Environmental Conditions;Depot/Rangieren, EinzelneWagen;22731.865023237016;Nicht Signifikant;False
6433;CO0212108;2012;2;23;10580.0;10580.0;0.0;10580.0;2;0;0;0;0;0;0;0;4.949628046035187;7;0;54;0;0;0;2510.188070280855;04;6;1;Depot;H607;29;Kalt (-30° - 0,01° C);Tag;Schnee;Colorado;Winter;Kollision;Speed;Human Factors;EinzelneWagen, Lokomotive;7954.887218045113;Nicht Signifikant;False
6434;CO0232;1996;10;3;19500.0;19500.0;500.0;19000.0;1;0;0;0;0;0;0;0;4.0;0;0;7;0;0;2;285.8648878984038;09;7;2;Depot;H018;58;Moderat (0° bis 19,99° C);Abend;Klar;Colorado;Herbst;Kollision;Brakes, Use of;Human Factors;Depot/Rangieren, EinzelneWagen;16540.84315887692;Nicht Signifikant;False
6435;CO0252;1996;10;25;121250.0;121250.0;16500.0;104750.0;2;0;0;0;0;0;0;0;8.889681360454478;99;2;60;0;0;8;13314.277867963454;01;7;1;Depot;H525;56;Moderat (0° bis 19,99° C);Abenddämmerung;Klar;Colorado;Herbst;Entgleisung;Train Handling/Train Makeup;Human Factors;Depot/Rangieren, EinzelneWagen, EinzelneWagen, EinzelneWagen, EinzelneWagen;102850.11451352955;Nicht Signifikant;False
6436;CO0307103;2007;3;13;28148.0;28148.0;100.0;28048.0;2;0;0;0;0;0;0;0;2.958916643910756;52;0;23;0;0;2;7185.039426863212;01;6;1;Depot;H525;70;Warm (20° bis 31,99° C);Tag;Klar;Colorado;Winter;Entgleisung;Train Handling/Train Makeup;Human Factors;EinzelneWagen, Güterzug;21295.203510364652;Nicht Signifikant;False
6437;CO0308100;2008;3;2;13139.0;13139.0;0.0;13139.0;4;0;0;0;0;0;0;0;9.926406551346263;66;2;2;0;0;0;4650.629312893672;04;7;1;Depot;H607;30;Kalt (-30° - 0,01° C);Morgendämmerung;Schnee;Colorado;Winter;Kollision;Speed;Human Factors;Depot/Rangieren, Güterzug;8649.200184319663;Nicht Signifikant;False
6438;CO0310100;2010;3;7;459465.0;459465.0;52000.0;407465.0;5;1;0;0;0;0;0;0;12.5;51;5;97;0;0;0;9326.0;04;1;1;Nebenstrecke;H404;25;Kalt (-30° - 0,01° C);Abend;Wolkig;Wyoming;Winter;Kollision;Main Track Authority;Human Factors;Güterzug, Güterzug;336966.4596880653;Signifikant;True
6439;CO0400109;2000;4;13;20220.0;20220.0;220.0;20000.0;6;1;0;0;0;0;0;0;4.0;71;0;119;0;0;0;12186.0;02;1;3;Hauptstrecke;H401;40;Moderat (0° bis 19,99° C);Abend;Klar;Montana;Frühling;Kollision;Main Track Authority;Human Factors;Güterzug, Güterzug;21201.63573450771;Nicht Signifikant;False
6440;CO0411112;2011;4;14;12252.0;12252.0;900.0;11352.0;4;0;0;0;0;0;0;0;4.0;1;0;6;0;0;1;367.69586759726695;04;7;1;Depot;H318;35;Moderat (0° bis 19,99° C);Abenddämmerung;Wolkig;Colorado;Frühling;Kollision;General Switching Rules;Human Factors;Depot/Rangieren, Depot/Rangieren;8507.742517880703;Nicht Signifikant;False
6441;CO0501116;2001;5;23;12881.0;12881.0;500.0;12381.0;3;0;0;0;0;0;0;0;9.926406551346263;25;1;27;0;0;3;3915.0435617647;01;6;1;Depot;H306;60;Moderat (0° bis 19,99° C);Abend;Klar;Wyoming;Frühling;Entgleisung;General Switching Rules;Human Factors;EinzelneWagen, Güterzug;15004.076878276062;Nicht Signifikant;False
6442;CO0501118;2001;5;28;49632.0;49632.0;16500.0;33132.0;5;0;0;0;0;0;0;0;8.5;64;1;30;0;0;2;7661.877574045171;01;7;1;Hauptstrecke;H703;60;Moderat (0° bis 19,99° C);Morgendämmerung;Klar;Colorado;Frühling;Entgleisung;Switches, Use of;Human Factors;Depot/Rangieren, Güterzug;57819.198508853675;Nicht Signifikant;False
6443;CO0507115;2007;5;7;8831.0;8831.0;0.0;8831.0;1;0;0;0;0;0;0;0;2.958916643910756;5;0;1;0;0;1;670.4935146593588;01;7;1;Depot;H312;54;Moderat (0° bis 19,99° C);Abend;Klar;Wyoming;Frühling;Entgleisung;General Switching Rules;Human Factors;Depot/Rangieren, EinzelneWagen;6486.228424531767;Nicht Signifikant;False
6444;CO0510100;2010;5;2;42295.0;42295.0;1200.0;41095.0;4;0;0;0;0;0;0;0;5.0;6;0;63;0;0;1;2671.9283722698992;04;7;1;Depot;H018;50;Moderat (0° bis 19,99° C);Tag;Klar;Colorado;Frühling;Kollision;Brakes, Use of;Human Factors;Depot/Rangieren, Depot/Rangieren;31887.864089869567;Nicht Signifikant;False
6445;CO0512110;2012;5;28;350500.0;350500.0;9000.0;341500.0;4;2;0;0;0;0;0;0;9.926406551346263;25;1;20;0;0;0;3542.252805631715;02;7;1;Depot;H306;65;Moderat (0° bis 19,99° C);Tag;Klar;Colorado;Frühling;Kollision;General Switching Rules;Human Factors;Depot/Rangieren, Depot/Rangieren;278927.264045838;Signifikant;False
6446;CO0599100;1999;5;2;20900.0;20900.0;0.0;20900.0;2;0;0;0;0;0;0;0;2.958916643910756;52;0;46;0;0;2;7388.660961648392;01;7;1;Depot;H305;50;Moderat (0° bis 19,99° C);Tag;Wolkig;Colorado;Frühling;Entgleisung;General Switching Rules;Human Factors;Depot/Rangieren, EinzelneWagen;19732.494099134536;Nicht Signifikant;False
6447;CO0708105;2008;7;9;16463.0;16463.0;2400.0;14063.0;2;0;0;0;0;0;0;0;4.949628046035187;0;0;5;0;0;3;4094.7827940133125;01;6;1;Depot;H504;70;Warm (20° bis 31,99° C);Tag;Klar;Colorado;Sommer;Entgleisung;Train Handling/Train Makeup;Human Factors;EinzelneWagen, Güterzug;10475.97836461979;Nicht Signifikant;False
6448;CO0708111;2008;7;27;52981.0;52981.0;39600.0;13381.0;1;0;0;0;0;0;0;0;3.9542723449729715;32;8;15;0;0;5;4330.986186363311;01;7;1;Depot;H318;91;Heiß (>= 32° C);Tag;Klar;Colorado;Sommer;Entgleisung;General Switching Rules;Human Factors;Depot/Rangieren, EinzelneWagen;33655.82518104434;Nicht Signifikant;False
6449;CO0708112;2008;7;29;13100.0;13100.0;0.0;13100.0;2;0;0;0;0;0;0;0;2.958916643910756;2;0;0;0;0;0;406.647398120594;05;5;1;Depot;H302;103;Heiß (>= 32° C);Tag;Klar;Texas;Sommer;Kollision;General Switching Rules;Human Factors;EinzelneWagen, Güterzug;8341.29258198026;Nicht Signifikant;False
6450;CO0711108;2011;7;19;56122.0;56122.0;100.0;56022.0;4;0;0;0;0;0;0;0;9.0;40;0;61;0;0;0;6827.889973591336;04;1;1;Depot;H307;93;Heiß (>= 32° C);Tag;Klar;Colorado;Sommer;Kollision;General Switching Rules;Human Factors;Güterzug, Lokomotive;39634.180790960454;Nicht Signifikant;False
6451;CO0798111;1998;7;14;13500.0;13500.0;3500.0;10000.0;2;0;0;0;0;0;0;0;29.83352057259057;48;1;24;0;0;0;6679.2756128196415;09;6;1;Depot;H601;85;Warm (20° bis 31,99° C);Tag;Klar;Colorado;Sommer;Kollision;Speed;Human Factors;EinzelneWagen, Güterzug;11451.352956145558;Nicht Signifikant;True
6452;CO0899118;1999;8;30;8500.0;8500.0;0.0;8500.0;6;0;0;0;0;0;0;0;28.5;157;0;60;0;0;1;21470.0;01;1;4;Hauptstrecke;T102;80;Warm (20° bis 31,99° C);Tag;Klar;Colorado;Sommer;Entgleisung;Track Geometry;Track, Roadbed and Structures;Güterzug, Güterzug;8130.8590013391995;Nicht Signifikant;False
6453;CO0900108;2000;9;12;173288.0;173288.0;95000.0;78288.0;7;1;0;0;0;0;0;0;7.935695149221832;167;6;69;0;0;6;25191.0;01;1;1;Depot;T110;85;Warm (20° bis 31,99° C);Abenddämmerung;Klar;Colorado;Sommer;Entgleisung;Track Geometry;Track, Roadbed and Structures;Güterzug, Güterzug;201170.18806593915;Signifikant;False
6454;CO0999106;1999;9;11;13257.0;13257.0;0.0;13257.0;4;0;0;0;0;0;0;0;3.5;23;0;66;0;0;0;4526.383773818254;04;7;1;Depot;H399;60;Moderat (0° bis 19,99° C);Tag;Klar;Colorado;Sommer;Kollision;General Switching Rules;Human Factors;Depot/Rangieren, Güterzug;12673.188451978842;Nicht Signifikant;False
6455;CO1;1987;1;1;24759.0;24759.0;0.0;24759.0;0;0;0;0;0;0;0;0;0.0;62;0;7;0;0;0;7335.865139473615;04;6;1;Depot;M503;18;Kalt (-30° - 0,01° C);Abend;Klar;Nebraska;Winter;Kollision;Other Miscellaneous;Miscellaneous Causes;EinzelneWagen, EinzelneWagen;21001.781321570954;Nicht Signifikant;False
6456;CO1197105;1997;11;6;15300.0;15300.0;400.0;14900.0;3;0;0;0;0;0;0;0;2.958916643910756;26;1;27;0;0;1;4098.889973591336;09;7;1;Depot;H403;53;Moderat (0° bis 19,99° C);Tag;Klar;Colorado;Herbst;Kollision;Main Track Authority;Human Factors;Depot/Rangieren, Güterzug;12978.200016964967;Nicht Signifikant;False
6457;CO1197106;1997;11;7;40000.0;40000.0;0.0;40000.0;5;0;0;0;0;0;0;0;11.917117953470694;24;0;94;0;0;0;5588.0;03;1;1;Hauptstrecke;H605;48;Moderat (0° bis 19,99° C);Abend;Klar;Wyoming;Herbst;Kollision;Speed;Human Factors;Güterzug, Güterzug;33929.93468487573;Nicht Signifikant;True
6458;CO1199105;1999;11;16;40000.0;40000.0;0.0;40000.0;3;0;0;0;0;0;0;0;14.870913408876453;17;2;18;0;0;2;2628.7596728036333;01;7;1;Depot;M599;39;Moderat (0° bis 19,99° C);Abend;Klar;Colorado;Herbst;Entgleisung;Other Miscellaneous;Miscellaneous Causes;Depot/Rangieren, Depot/Rangieren, EinzelneWagen;38699.69040247678;Nicht Signifikant;True
6459;CO1297113;1997;12;16;14250.0;14250.0;3000.0;11250.0;2;0;0;0;0;0;0;0;1.9635609428485408;30;3;41;0;0;0;4789.632624704391;01;7;1;Depot;H306;50;Moderat (0° bis 19,99° C);Tag;Klar;Colorado;Herbst;Entgleisung;General Switching Rules;Human Factors;Depot/Rangieren, Depot/Rangieren;12087.539231486979;Nicht Signifikant;False
6460;CO211;1985;5;17;9870.0;9870.0;0.0;9870.0;0;0;0;1;0;0;0;0;34.81029907790165;2;2;0;0;0;0;336.5128782368152;09;5;4;Hauptstrecke;H402;58;Moderat (0° bis 19,99° C);Tag;Regen;Wyoming;Frühling;Kollision;Main Track Authority;Human Factors;EinzelneWagen, EinzelneWagen;8372.211383493086;Signifikant;False
6461;CO345;1985;8;2;2251290.0;2251290.0;23475.0;2227821.0;5;5;5;0;0;0;0;0;40.5;53;39;26;0;0;3;6913.0;02;1;4;Hauptstrecke;H404;75;Warm (20° bis 31,99° C);Abenddämmerung;Klar;Colorado;Sommer;Kollision;Main Track Authority;Human Factors;Güterzug, Güterzug;1909653.066417847;Schwer;False
6462;CO378;1985;7;30;15000.0;15000.0;0.0;15000.0;0;0;0;0;0;0;0;0;1.9635609428485408;0;0;2;0;0;0;130.67276760464793;04;5;1;Depot;H302;75;Warm (20° bis 31,99° C);Tag;Klar;Colorado;Sommer;Kollision;General Switching Rules;Human Factors;EinzelneWagen, EinzelneWagen;12723.7255068284;Nicht Signifikant;False
6463;CO502;1987;5;22;8000.0;8000.0;0.0;8000.0;0;0;0;0;0;0;0;0;0.9682052417863254;20;2;0;0;0;0;2384.1465197634675;01;6;1;Industriestrecke;H312;71;Warm (20° bis 31,99° C);Tag;Klar;Texas;Frühling;Entgleisung;General Switching Rules;Human Factors;EinzelneWagen, EinzelneWagen;6785.986936975146;Nicht Signifikant;False
6464;CO529;1988;8;9;55900.0;55900.0;12000.0;43900.0;9;0;0;0;0;0;0;0;9.926406551346263;129;11;97;0;0;0;17110.0;01;1;1;Industriestrecke;T311;70;Warm (20° bis 31,99° C);Abend;Klar;Wyoming;Sommer;Entgleisung;Frogs, Switches and Track Appliances;Track, Roadbed and Structures;Güterzug, Güterzug;47417.083722113835;Nicht Signifikant;False
6465;CO541;1988;8;2;16000.0;16000.0;0.0;16000.0;5;0;0;0;0;0;0;0;19.5;117;0;0;0;0;0;15255.647398120595;09;5;4;Hauptstrecke;H402;85;Warm (20° bis 31,99° C);Tag;Klar;Texas;Sommer;Kollision;Main Track Authority;Human Factors;EinzelneWagen, Güterzug;13571.973873950292;Nicht Signifikant;False
6466;CO542;1987;9;12;9988.0;9988.0;0.0;9988.0;7;0;0;0;0;0;0;0;6.0;115;0;1;0;0;0;15381.336383802323;04;7;1;Depot;H306;55;Moderat (0° bis 19,99° C);Abend;Klar;Colorado;Sommer;Kollision;General Switching Rules;Human Factors;Depot/Rangieren, Güterzug;8472.30469081347;Nicht Signifikant;False
6467;CO585;1988;9;5;73640.0;73640.0;45600.0;28040.0;8;0;0;0;0;0;0;0;24.856742067279495;147;4;31;0;0;1;19764.0;01;1;4;Hauptstrecke;T102;80;Warm (20° bis 31,99° C);Tag;Klar;New Mexico;Sommer;Entgleisung;Track Geometry;Track, Roadbed and Structures;Güterzug, Güterzug;62465.00975485622;Nicht Signifikant;False
6468;CO769;1987;11;20;34200.0;34200.0;4000.0;30200.0;8;2;0;0;0;0;0;0;9.926406551346263;132;6;49;0;0;0;18200.0;04;1;4;Hauptstrecke;H404;40;Moderat (0° bis 19,99° C);Abend;Klar;Colorado;Herbst;Kollision;Main Track Authority;Human Factors;Güterzug, Güterzug;29010.09415556875;Nicht Signifikant;False
6469;COAMI1053;1985;2;11;5100.0;5100.0;0.0;5100.0;2;0;0;0;0;0;0;0;3.9542723449729715;9;1;17;0;0;0;1468.2564391184076;04;5;1;Depot;H307;22;Kalt (-30° - 0,01° C);Tag;Schnee;Michigan;Winter;Kollision;General Switching Rules;Human Factors;EinzelneWagen, Güterzug;4326.0666723216555;Nicht Signifikant;False
6470;COAMI1160;1985;5;2;8000.0;8000.0;200.0;7800.0;4;0;0;0;0;0;0;0;2.0;197;1;26;0;0;0;25010.160085774445;04;1;1;Depot;H306;52;Moderat (0° bis 19,99° C);Abend;Klar;Michigan;Frühling;Kollision;General Switching Rules;Human Factors;Güterzug, Güterzug;6785.986936975146;Nicht Signifikant;False
6471;COAMI3013;1987;1;31;5800.0;5800.0;300.0;5500.0;2;0;0;0;0;0;0;0;2.0;4;1;0;0;0;0;544.4186862975185;04;7;1;Depot;H018;33;Moderat (0° bis 19,99° C);Tag;Klar;Michigan;Winter;Kollision;Brakes, Use of;Human Factors;Depot/Rangieren, Depot/Rangieren;4919.840529306981;Nicht Signifikant;False
6472;COAMI3023;1987;2;7;8750.0;8750.0;0.0;8750.0;1;0;0;0;0;0;0;0;0.9682052417863254;95;0;42;0;0;1;11687.850294405362;05;6;1;Depot;H406;39;Moderat (0° bis 19,99° C);Abend;Klar;Michigan;Winter;Kollision;Main Track Authority;Human Factors;EinzelneWagen, Güterzug;7422.173212316566;Nicht Signifikant;False
6473;COAMI4134;1986;12;10;8750.0;8750.0;0.0;8750.0;1;0;0;0;0;0;0;0;6.0;14;2;0;0;0;0;1701.6019725879169;04;7;1;Depot;H021;32;Moderat (0° bis 19,99° C);Tag;Wolkig;Michigan;Herbst;Kollision;Brakes, Use of;Human Factors;Depot/Rangieren, EinzelneWagen;7422.173212316566;Nicht Signifikant;False
6474;COAOH0115;1985;7;31;20800.0;20800.0;0.0;20800.0;0;0;0;0;0;0;0;0;0.0;24;1;7;0;0;1;3034.172082979014;04;6;1;Depot;H020;75;Warm (20° bis 31,99° C);Tag;Wolkig;Ohio;Sommer;Kollision;Brakes, Use of;Human Factors;EinzelneWagen, EinzelneWagen;17643.56603613538;Nicht Signifikant;False
6475;COAOH2121;1985;4;23;5700.0;5700.0;0.0;5700.0;3;0;0;0;0;0;0;0;4.0;0;0;330;0;0;4;10123.015455286477;04;7;1;Depot;H306;65;Moderat (0° bis 19,99° C);Abend;Klar;Ohio;Frühling;Kollision;General Switching Rules;Human Factors;Depot/Rangieren, Depot/Rangieren;4835.015692594791;Nicht Signifikant;False
6476;COAOH2130;1986;6;7;9800.0;9800.0;100.0;9700.0;2;0;0;0;0;0;0;0;2.5;52;0;29;0;0;1;8794.383773818254;04;7;1;Depot;H020;60;Moderat (0° bis 19,99° C);Tag;Wolkig;Ohio;Frühling;Kollision;Brakes, Use of;Human Factors;Depot/Rangieren, Depot/Rangieren;8312.833997794554;Nicht Signifikant;False
6477;COAOH2131;1985;5;11;12600.0;12600.0;300.0;12300.0;2;0;0;0;0;0;0;0;3.0;80;6;0;0;0;0;9288.02815551023;04;7;1;Depot;H021;80;Warm (20° bis 31,99° C);Tag;Klar;Ohio;Frühling;Kollision;Brakes, Use of;Human Factors;Depot/Rangieren, EinzelneWagen;10687.929425735854;Nicht Signifikant;False
6478;COAOH2239;1986;10;11;8700.0;8700.0;200.0;8500.0;1;1;0;0;0;0;0;0;2.958916643910756;9;0;6;0;0;0;1276.275229211928;04;6;1;Depot;H020;50;Moderat (0° bis 19,99° C);Abend;Wolkig;Ohio;Herbst;Kollision;Brakes, Use of;Human Factors;EinzelneWagen, Güterzug;7379.760793960471;Nicht Signifikant;False
6479;COAVA1002;1986;1;8;27700.0;27700.0;20100.0;7600.0;4;0;0;2;0;0;0;0;3.5;121;0;177;0;0;1;19149.0;04;1;3;Hauptstrecke;H401;12;Kalt (-30° - 0,01° C);Abend;Klar;Virginia;Winter;Kollision;Main Track Authority;Human Factors;Güterzug, Güterzug;23496.479769276444;Signifikant;False
6480;COAVA1125;1986;5;3;7300.0;7300.0;0.0;7300.0;1;0;0;0;0;0;0;0;2.958916643910756;8;1;55;0;0;0;768.2564391184076;04;6;1;Depot;H306;48;Moderat (0° bis 19,99° C);Abenddämmerung;Klar;Virginia;Frühling;Kollision;General Switching Rules;Human Factors;EinzelneWagen, Güterzug;6192.2130799898205;Nicht Signifikant;False
6481;COAVA2153;1985;12;28;32900.0;32900.0;5000.0;27900.0;3;0;0;0;0;0;0;0;5.5;68;9;6;0;0;0;6740.0;05;1;1;Hauptstrecke;T314;28;Kalt (-30° - 0,01° C);Tag;Klar;Virginia;Winter;Kollision;Frogs, Switches and Track Appliances;Track, Roadbed and Structures;Güterzug, Güterzug;27907.37127831029;Nicht Signifikant;False
6482;COAWV0005;1986;1;6;12500.0;12500.0;0.0;12500.0;3;0;0;0;0;0;0;0;3.9542723449729715;54;0;104;0;0;0;1327.6278310913337;04;6;1;Depot;H302;31;Kalt (-30° - 0,01° C);Abend;Klar;Kentucky;Winter;Kollision;General Switching Rules;Human Factors;EinzelneWagen, Güterzug;10603.104589023666;Nicht Signifikant;False
6483;COAWV0045;1987;1;16;11500.0;11500.0;0.0;11500.0;2;0;0;0;0;0;0;0;3.9542723449729715;135;0;2;0;0;2;698.7428632521262;04;7;2;Depot;H020;36;Moderat (0° bis 19,99° C);Abend;Klar;Kentucky;Winter;Kollision;Brakes, Use of;Human Factors;Depot/Rangieren, EinzelneWagen;9754.856221901773;Nicht Signifikant;False
6484;COAWV0220;1987;3;20;43000.0;43000.0;1000.0;42000.0;2;0;0;0;0;0;0;0;4.5;95;1;100;0;0;1;8180.0;04;7;4;Depot;H306;45;Moderat (0° bis 19,99° C);Tag;Klar;Kentucky;Winter;Kollision;General Switching Rules;Human Factors;Depot/Rangieren, Güterzug;36474.67978624141;Nicht Signifikant;False
6485;COAWV0231;1987;3;20;10000.0;10000.0;0.0;10000.0;8;0;0;0;0;0;0;0;3.9542723449729715;8;1;0;0;0;0;999.4483844145525;04;6;2;Depot;H302;51;Moderat (0° bis 19,99° C);Tag;Klar;Kentucky;Winter;Kollision;General Switching Rules;Human Factors;EinzelneWagen, Lokomotive;8482.483671218932;Nicht Signifikant;False
6486;COAWV0277;1987;4;8;13000.0;13000.0;850.0;12150.0;1;0;0;0;0;0;0;0;1.9635609428485408;6;3;8;0;0;1;915.3803291747381;04;7;1;Depot;H020;48;Moderat (0° bis 19,99° C);Abend;Regen;Virginia;Frühling;Kollision;Brakes, Use of;Human Factors;Depot/Rangieren, EinzelneWagen;11027.228772584613;Nicht Signifikant;False
6487;COAWV0438;1986;5;9;33000.0;33000.0;0.0;33000.0;3;0;0;0;0;0;0;0;4.949628046035187;52;0;0;0;0;0;4831.191945296145;02;6;1;Hauptstrecke;H305;55;Moderat (0° bis 19,99° C);Abend;Klar;West Virginia;Frühling;Kollision;General Switching Rules;Human Factors;EinzelneWagen, Güterzug;27992.196115022478;Nicht Signifikant;False
6488;COAWV0440;1985;4;30;14050.0;14050.0;200.0;13850.0;2;0;0;0;0;0;0;0;4.949628046035187;130;1;18;0;0;2;3233.0093166842717;01;7;1;Depot;H601;69;Warm (20° bis 31,99° C);Abend;Klar;Kentucky;Frühling;Entgleisung;Speed;Human Factors;Depot/Rangieren, EinzelneWagen;11917.8895580626;Nicht Signifikant;False
6489;COAWV0444;1985;5;1;6100.0;6100.0;400.0;5700.0;4;0;0;0;0;0;0;0;3.9542723449729715;230;5;0;0;0;0;25300.0;04;7;1;Depot;E39C;78;Warm (20° bis 31,99° C);Tag;Wolkig;Kentucky;Frühling;Kollision;Coupler and Draft System;Mechanical and Electrical Failures;Depot/Rangieren, Güterzug;5174.315039443549;Nicht Signifikant;False
6490;COAWV0446;1985;4;26;8700.0;8700.0;0.0;8700.0;2;0;0;0;0;0;0;0;4.5;72;0;26;0;0;0;7200.0;04;1;1;Depot;M404;78;Warm (20° bis 31,99° C);Tag;Wolkig;Kentucky;Frühling;Kollision;Unusual Operational Situations;Miscellaneous Causes;Güterzug, Güterzug;7379.760793960471;Nicht Signifikant;False
6491;COAWV0480;1985;5;18;11050.0;11050.0;50.0;11000.0;3;0;0;0;0;0;0;0;9.926406551346263;73;2;0;0;0;0;10451.91988581582;01;7;X;Depot;H601;75;Warm (20° bis 31,99° C);Abenddämmerung;Regen;Kentucky;Frühling;Entgleisung;Speed;Human Factors;Depot/Rangieren, EinzelneWagen;9373.14445669692;Nicht Signifikant;True
6492;COAWV0495;1986;6;7;101450.0;101450.0;1450.0;100000.0;3;1;0;2;0;0;0;0;29.83352057259057;11;2;204;0;0;3;9400.0;03;1;X;Hauptstrecke;H204;80;Warm (20° bis 31,99° C);Abenddämmerung;Wolkig;Kentucky;Frühling;Kollision;Flagging, Fixed, Hand and Radio Signals;Human Factors;Güterzug, Güterzug;86054.79684451607;Signifikant;True
6493;COAWV0548;1986;6;27;10000.0;10000.0;0.0;10000.0;10;0;0;0;0;0;0;0;34.81029907790165;47;0;50;0;0;0;5648.647398120594;02;4;X;Hauptstrecke;H402;75;Warm (20° bis 31,99° C);Tag;Klar;West Virginia;Sommer;Kollision;Main Track Authority;Human Factors;Arbeitszug, Güterzug;8482.483671218932;Nicht Signifikant;True
6494;COAWV0655;1987;9;16;162450.0;162450.0;5600.0;156850.0;8;0;0;0;0;0;0;0;2.958916643910756;113;5;16;0;0;2;11640.0;04;1;1;Depot;H306;80;Warm (20° bis 31,99° C);Tag;Klar;Kentucky;Sommer;Kollision;General Switching Rules;Human Factors;Güterzug, Güterzug;137797.94723895157;Nicht Signifikant;False
6495;CRR050601;2006;5;21;25777.0;25777.0;50.0;25727.0;2;0;0;0;0;0;0;0;1.9635609428485408;12;0;14;0;0;1;1862.5988191070178;05;6;1;Depot;H021;70;Warm (20° bis 31,99° C);Tag;Klar;Kentucky;Frühling;Kollision;Brakes, Use of;Human Factors;EinzelneWagen, Lokomotive;20205.105426802184;Nicht Signifikant;False
6496;CRR050801;2017;5;8;24670.0;24670.0;0.0;24670.0;3;0;0;0;0;0;0;0;4.949628046035187;2;0;3;0;0;0;565.336383802324;04;5;1;Depot;M506;55;Moderat (0° bis 19,99° C);Tag;Klar;Kentucky;Frühling;Kollision;Other Miscellaneous;Miscellaneous Causes;EinzelneWagen, Güterzug;22554.397513256536;Nicht Signifikant;False
6497;CSS0305171;2017;3;5;153000.0;153000.0;0.0;153000.0;2;0;0;0;0;0;0;0;5.944983747097401;16;0;1;0;0;0;2165.336383802324;04;5;1;Industriestrecke;H307;60;Moderat (0° bis 19,99° C);Tag;Klar;Indiana;Winter;Kollision;General Switching Rules;Human Factors;EinzelneWagen, Güterzug;144571.48256638003;Nicht Signifikant;False
6498;CV19861;1986;2;25;16483.0;16483.0;8794.0;7689.0;2;1;0;0;0;0;0;0;2.5;0;0;2;0;0;1;47.88997359133555;04;7;1;Industriestrecke;H212;30;Kalt (-30° - 0,01° C);Abend;Wolkig;Ohio;Winter;Kollision;Flagging, Fixed, Hand and Radio Signals;Human Factors;Depot/Rangieren, Lokomotive;13981.677835270166;Nicht Signifikant;False
6499;D00448;1985;2;2;12545.0;12545.0;0.0;12545.0;4;0;0;0;0;0;0;0;7.0;39;0;33;0;0;1;4495.0;04;7;1;Depot;H401;47;Moderat (0° bis 19,99° C);Tag;Klar;Georgia;Winter;Kollision;Main Track Authority;Human Factors;Depot/Rangieren, Depot/Rangieren;10641.275765544151;Nicht Signifikant;False