index;INCDTNO;YEAR4;MONTH;DAY;ACCDMG;INFRASTRUCTURE_DMG;TRKDMG;EQPDMG;LOCOMOTIVES1;LOCOMOTIVES2;RREMPKLD;RREMPINJ;PASSKLD;PASSINJ;OTHERKLD;OTHERINJ;SPEED;LOADF1;LOADF2;EMPTYF1;EMPTYP1;LOADP1;EMPTYF2;TONS;TYPE;TYPEQ;TRKCLAS;TYPTRK;ACCAUSE;TEMP;TEMP_CLUSTER;VISIBLTY;WEATHER;STATE;Jahreszeit;ACCIDENT_TYPE;ACCCAUSE_LVL1;ACCCAUSE_LVL2;EQUIPMENT_TYPE;ACCDMG_EUR;ACCTYPE;SPD_TOO_HIGH
6500;D00634;1985;2;24;6750.0;6750.0;100.0;6650.0;5;0;0;0;0;0;0;0;7.0;13;3;0;0;0;0;8381.0;04;7;1;Depot;H313;63;Moderat (0° bis 19,99° C);Abend;Wolkig;Alabama;Winter;Kollision;General Switching Rules;Human Factors;Depot/Rangieren, Depot/Rangieren;5725.676478072779;Nicht Signifikant;False
6501;D00702;1985;3;6;5600.0;5600.0;100.0;5500.0;2;0;0;0;0;0;0;0;3.0;7;0;2;0;0;1;799.8164184217309;04;5;1;Industriestrecke;H021;53;Moderat (0° bis 19,99° C);Abend;Klar;Georgia;Winter;Kollision;Brakes, Use of;Human Factors;EinzelneWagen, Güterzug;4750.190855882603;Nicht Signifikant;False
6502;D00703;1985;3;7;6000.0;6000.0;0.0;6000.0;1;0;0;0;0;0;0;0;5.5;4;0;3;0;0;1;1649.8124921303463;04;7;1;Depot;H020;60;Moderat (0° bis 19,99° C);Tag;Klar;Georgia;Winter;Kollision;Brakes, Use of;Human Factors;Depot/Rangieren, EinzelneWagen;5089.490202731359;Nicht Signifikant;False
6503;D00781;1985;3;22;7050.0;7050.0;50.0;7000.0;5;0;0;0;0;0;0;0;8.5;24;2;27;0;0;0;3136.0;04;7;1;Depot;H313;57;Moderat (0° bis 19,99° C);Abend;Wolkig;Alabama;Frühling;Kollision;General Switching Rules;Human Factors;Depot/Rangieren, Güterzug;5980.150988209348;Nicht Signifikant;False
6504;D00798;1985;3;25;7700.0;7700.0;0.0;7700.0;2;0;0;0;0;0;0;0;7.935695149221832;28;2;1;0;0;0;3425.336383802324;01;5;1;Depot;T314;45;Moderat (0° bis 19,99° C);Tag;Wolkig;Illinois;Frühling;Entgleisung;Frogs, Switches and Track Appliances;Track, Roadbed and Structures;EinzelneWagen, Güterzug;6531.512426838578;Nicht Signifikant;False
6505;D00861;1985;4;7;5600.0;5600.0;100.0;5500.0;4;0;0;1;0;0;0;0;6.0;17;1;18;0;0;2;960.0;04;7;1;Depot;H702;56;Moderat (0° bis 19,99° C);Abend;Klar;Georgia;Frühling;Kollision;Switches, Use of;Human Factors;Depot/Rangieren, Depot/Rangieren;4750.190855882603;Signifikant;False
6506;D00990;1985;4;29;6000.0;6000.0;0.0;6000.0;1;0;0;0;0;0;0;0;4.949628046035187;0;0;5;0;0;0;222.01199823761317;04;6;1;Depot;H021;80;Warm (20° bis 31,99° C);Tag;Wolkig;Florida;Frühling;Kollision;Brakes, Use of;Human Factors;EinzelneWagen, Lokomotive;5089.490202731359;Nicht Signifikant;False
6507;D01022;1985;5;7;8400.0;8400.0;400.0;8000.0;2;0;0;0;0;0;0;0;2.958916643910756;8;3;11;0;0;3;1286.2564391184076;04;7;1;Depot;H702;55;Moderat (0° bis 19,99° C);Abend;Klar;Ohio;Frühling;Kollision;Switches, Use of;Human Factors;Depot/Rangieren, EinzelneWagen;7125.286283823903;Nicht Signifikant;False
6508;D01304;1985;6;28;6600.0;6600.0;200.0;6400.0;1;0;0;0;0;0;0;0;4.949628046035187;15;0;15;0;0;2;2359.621232966919;04;7;1;Industriestrecke;H702;75;Warm (20° bis 31,99° C);Tag;Klar;Indiana;Sommer;Kollision;Switches, Use of;Human Factors;Depot/Rangieren, EinzelneWagen;5598.439223004495;Nicht Signifikant;False
6509;D01599;1985;8;23;7700.0;7700.0;0.0;7700.0;6;0;0;0;0;0;0;0;4.5;41;0;6;0;0;0;3589.8899735913355;04;1;1;Depot;H401;84;Warm (20° bis 31,99° C);Tag;Klar;North Carolina;Sommer;Kollision;Main Track Authority;Human Factors;Güterzug, Lokomotive;6531.512426838578;Nicht Signifikant;False
6510;D01601;1985;8;23;8000.0;8000.0;0.0;8000.0;2;1;0;0;0;0;0;0;3.9542723449729715;14;0;2;0;0;2;1201.7428632521262;04;7;1;Depot;H401;73;Warm (20° bis 31,99° C);Abend;Wolkig;Ohio;Sommer;Kollision;Main Track Authority;Human Factors;Depot/Rangieren, EinzelneWagen;6785.986936975146;Nicht Signifikant;False
6511;D01685;1985;9;11;5000.0;5000.0;0.0;5000.0;2;0;0;0;0;0;0;0;4.949628046035187;3;0;29;0;0;0;1252.0;04;7;1;Depot;H307;85;Warm (20° bis 31,99° C);Tag;Klar;Florida;Sommer;Kollision;General Switching Rules;Human Factors;Depot/Rangieren, Depot/Rangieren;4241.241835609466;Nicht Signifikant;False
6512;D01731;1985;9;22;17200.0;17200.0;2000.0;15200.0;5;0;0;0;0;0;0;0;3.0;15;2;0;0;0;0;2090.0;04;7;1;Depot;H313;58;Moderat (0° bis 19,99° C);Abend;Klar;Georgia;Sommer;Kollision;General Switching Rules;Human Factors;Depot/Rangieren, Depot/Rangieren;14589.871914496563;Nicht Signifikant;False
6513;D01756;1985;9;28;5500.0;5500.0;0.0;5500.0;7;0;0;0;0;0;0;0;1.9635609428485408;124;0;109;0;0;0;12708.0;04;7;1;Depot;H401;52;Moderat (0° bis 19,99° C);Abend;Klar;Georgia;Herbst;Kollision;Main Track Authority;Human Factors;Depot/Rangieren, Güterzug;4665.366019170413;Nicht Signifikant;False
6514;D02029;1985;11;15;9500.0;9500.0;0.0;9500.0;3;0;0;0;0;0;0;0;20.0;2;0;3;0;0;0;344.88997359133555;03;4;3;Hauptstrecke;H205;50;Moderat (0° bis 19,99° C);Tag;Klar;Tennessee;Herbst;Kollision;Flagging, Fixed, Hand and Radio Signals;Human Factors;Arbeitszug, Depot/Rangieren;8058.3594876579855;Nicht Signifikant;False
6515;D02307;1986;1;3;35100.0;35100.0;0.0;35100.0;4;1;0;1;0;0;0;0;5.5;41;0;126;0;0;0;8376.0;04;7;1;Depot;H401;50;Moderat (0° bis 19,99° C);Tag;Klar;Georgia;Winter;Kollision;Main Track Authority;Human Factors;Depot/Rangieren, Güterzug;29773.51768597845;Signifikant;False
6516;D0246;1996;5;7;15000.0;15000.0;0.0;15000.0;0;0;0;1;0;0;0;1;7.935695149221832;2;0;0;0;0;0;297.294796241188;03;5;4;Hauptstrecke;H402;85;Warm (20° bis 31,99° C);Tag;Klar;Kalifornien;Frühling;Kollision;Main Track Authority;Human Factors;EinzelneWagen, EinzelneWagen;12723.7255068284;Signifikant;False
6517;D02788;1986;3;26;18200.0;18200.0;200.0;18000.0;3;0;0;0;0;0;0;0;3.9542723449729715;58;3;0;0;0;0;7451.0;04;7;1;Depot;H401;60;Moderat (0° bis 19,99° C);Abend;Wolkig;Georgia;Frühling;Kollision;Main Track Authority;Human Factors;Depot/Rangieren, Güterzug;15438.120281618458;Nicht Signifikant;False
6518;D0282;1985;1;10;22050.0;22050.0;500.0;21550.0;4;0;0;0;0;0;0;0;1.9635609428485408;75;1;24;0;0;3;8491.404822649853;01;7;1;Depot;H999;40;Moderat (0° bis 19,99° C);Abend;Wolkig;Georgia;Winter;Entgleisung;Miscellaneous;Human Factors;Depot/Rangieren, EinzelneWagen;18703.876495037744;Nicht Signifikant;False
6519;D03011;1986;5;10;41550.0;41550.0;0.0;41550.0;3;0;0;1;0;0;0;0;11.917117953470694;3;0;0;0;0;0;334.88997359133555;06;1;3;Hauptstrecke;H099;86;Warm (20° bis 31,99° C);Tag;Klar;Georgia;Frühling;Kollision;Brakes, Use of;Human Factors;Güterzug, Lokomotive;35244.71965391467;Signifikant;False
6520;D0302;1992;3;21;21000.0;21000.0;1500.0;19500.0;9;0;0;1;0;0;0;0;4.949628046035187;3;0;6;0;0;2;514.8899735913355;01;1;1;Depot;H702;58;Moderat (0° bis 19,99° C);Abend;Klar;Mississippi;Frühling;Entgleisung;Switches, Use of;Human Factors;Güterzug, Lokomotive;17813.215709559758;Signifikant;False
6521;D03020;1986;5;13;6200.0;6200.0;0.0;6200.0;4;0;0;0;0;0;0;0;3.9542723449729715;6;0;2;0;0;1;507.88997359133555;04;7;1;Depot;H702;64;Moderat (0° bis 19,99° C);Tag;Wolkig;Georgia;Frühling;Kollision;Switches, Use of;Human Factors;Depot/Rangieren, Lokomotive;5259.139876155738;Nicht Signifikant;False
6522;D03062;1986;5;22;6300.0;6300.0;2800.0;3500.0;3;0;0;0;0;0;0;0;0.9682052417863254;75;6;28;0;0;0;9081.67561443529;01;7;1;Depot;H503;72;Warm (20° bis 31,99° C);Tag;Wolkig;Alabama;Frühling;Entgleisung;Train Handling/Train Makeup;Human Factors;Depot/Rangieren, EinzelneWagen;5343.964712867927;Nicht Signifikant;False
6523;D03118;1986;6;4;5800.0;5800.0;0.0;5800.0;2;0;0;0;0;0;0;0;6.0;16;0;5;0;0;0;1924.0;04;7;1;Depot;H301;68;Warm (20° bis 31,99° C);Abend;Wolkig;Tennessee;Frühling;Kollision;General Switching Rules;Human Factors;Depot/Rangieren, Depot/Rangieren;4919.840529306981;Nicht Signifikant;False
6524;D03406;1986;7;27;11900.0;11900.0;0.0;11900.0;6;0;0;0;0;0;0;0;5.5;42;0;122;0;0;1;9165.0;04;7;1;Depot;H313;72;Warm (20° bis 31,99° C);Abend;Klar;Georgia;Sommer;Kollision;General Switching Rules;Human Factors;Depot/Rangieren, Depot/Rangieren;10094.15556875053;Nicht Signifikant;False
6525;D03469;1986;8;10;14250.0;14250.0;0.0;14250.0;2;0;0;0;0;0;0;0;9.926406551346263;37;0;2;0;0;1;2912.6538946886303;03;7;1;Depot;H018;79;Warm (20° bis 31,99° C);Abenddämmerung;Klar;Georgia;Sommer;Kollision;Brakes, Use of;Human Factors;Depot/Rangieren, EinzelneWagen;12087.539231486979;Nicht Signifikant;False
6526;D03845;1986;10;18;19000.0;19000.0;0.0;19000.0;3;0;0;0;0;0;0;0;1.9635609428485408;56;0;124;0;0;0;10319.324831201877;04;7;1;Depot;H702;45;Moderat (0° bis 19,99° C);Abend;Klar;Alabama;Herbst;Kollision;Switches, Use of;Human Factors;Depot/Rangieren, EinzelneWagen;16116.718975315971;Nicht Signifikant;False
6527;D03858;1986;10;22;27100.0;27100.0;1000.0;26100.0;4;1;0;0;0;0;0;0;10.921762252408477;43;2;230;0;0;1;12516.0;01;7;1;Depot;H401;60;Moderat (0° bis 19,99° C);Abenddämmerung;Klar;Georgia;Herbst;Entgleisung;Main Track Authority;Human Factors;Depot/Rangieren, Güterzug;22987.53074900331;Nicht Signifikant;True
6528;D04577;1987;2;21;38450.0;38450.0;4500.0;33950.0;4;0;0;0;0;0;0;0;9.926406551346263;80;0;37;0;0;9;8697.595752912917;01;6;1;Depot;H525;43;Moderat (0° bis 19,99° C);Tag;Wolkig;South Carolina;Winter;Entgleisung;Train Handling/Train Makeup;Human Factors;EinzelneWagen, Güterzug;32615.149715836797;Nicht Signifikant;False
6529;D04628;1987;3;4;18800.0;18800.0;200.0;18600.0;3;0;0;0;0;0;0;0;6.5;14;0;36;0;0;4;2772.0;04;7;1;Depot;H702;58;Moderat (0° bis 19,99° C);Tag;Klar;Tennessee;Winter;Kollision;Switches, Use of;Human Factors;Depot/Rangieren, Depot/Rangieren;15947.069301891594;Nicht Signifikant;False
6530;D04687;1987;3;16;32300.0;32300.0;2000.0;30300.0;6;0;0;0;0;0;0;0;6.0;93;1;74;0;0;0;12590.0;01;7;1;Depot;H699;77;Warm (20° bis 31,99° C);Tag;Klar;Georgia;Winter;Entgleisung;Speed;Human Factors;Depot/Rangieren, Depot/Rangieren;27398.422258037153;Nicht Signifikant;False
6531;D0503;1993;5;9;12050.0;12050.0;0.0;12050.0;2;0;0;0;0;0;0;0;2.0;20;0;0;0;0;0;2001.1919452961447;04;6;1;Depot;H018;81;Warm (20° bis 31,99° C);Tag;Klar;Mississippi;Frühling;Kollision;Brakes, Use of;Human Factors;EinzelneWagen, Güterzug;10221.392823818813;Nicht Signifikant;False
6532;D05071;1987;6;9;17000.0;17000.0;0.0;17000.0;2;0;0;0;0;0;0;0;5.944983747097401;71;0;29;0;0;2;8348.0;04;7;1;Depot;H401;80;Warm (20° bis 31,99° C);Tag;Klar;South Carolina;Frühling;Kollision;Main Track Authority;Human Factors;Depot/Rangieren, Depot/Rangieren;14420.222241072186;Nicht Signifikant;False
6533;D05165;1987;6;25;8200.0;8200.0;1200.0;7000.0;4;0;0;0;0;0;0;0;6.0;18;2;17;0;0;1;2439.0;04;7;1;Depot;H999;87;Warm (20° bis 31,99° C);Tag;Wolkig;Alabama;Sommer;Kollision;Miscellaneous;Human Factors;Depot/Rangieren, Depot/Rangieren;6955.636610399524;Nicht Signifikant;False
6534;D05243;1987;7;11;12850.0;12850.0;0.0;12850.0;5;0;0;0;0;0;0;0;4.0;9;0;19;0;0;2;1477.0;04;7;1;Depot;M599;99;Heiß (>= 32° C);Tag;Klar;North Carolina;Sommer;Kollision;Other Miscellaneous;Miscellaneous Causes;Depot/Rangieren, Depot/Rangieren;10899.991517516328;Nicht Signifikant;False
6535;D05347;1987;7;30;8750.0;8750.0;0.0;8750.0;2;0;0;0;0;0;0;0;3.9542723449729715;10;2;24;0;0;0;2067.8899735913355;04;7;1;Depot;H310;85;Warm (20° bis 31,99° C);Abend;Klar;Louisiana;Sommer;Kollision;General Switching Rules;Human Factors;Depot/Rangieren, Lokomotive;7422.173212316566;Nicht Signifikant;False
6536;D05379;1987;8;4;68200.0;68200.0;3800.0;64400.0;4;0;0;0;0;0;0;0;6.5;30;1;32;0;0;4;4063.0;04;1;1;Depot;H702;91;Heiß (>= 32° C);Tag;Wolkig;Alabama;Sommer;Kollision;Switches, Use of;Human Factors;Güterzug, Güterzug;57850.53863771312;Nicht Signifikant;False
6537;D05719;1987;10;21;6200.0;6200.0;0.0;6200.0;1;0;0;0;0;0;0;0;7.935695149221832;50;3;10;0;0;2;6123.902467987733;01;7;2;Depot;H312;30;Kalt (-30° - 0,01° C);Abend;Wolkig;North Carolina;Herbst;Entgleisung;General Switching Rules;Human Factors;Depot/Rangieren, EinzelneWagen;5259.139876155738;Nicht Signifikant;False
6538;D05933;1987;12;7;9800.0;9800.0;0.0;9800.0;4;2;0;0;0;0;0;0;7.5;3;0;47;0;0;0;1951.2292042243007;05;1;4;Hauptstrecke;H020;55;Moderat (0° bis 19,99° C);Tag;Wolkig;Illinois;Herbst;Kollision;Brakes, Use of;Human Factors;Güterzug, Güterzug;8312.833997794554;Nicht Signifikant;False
6539;D05942;1987;12;9;20000.0;20000.0;0.0;20000.0;2;0;0;0;0;0;0;0;46.75456749064823;57;0;15;0;0;0;5454.336383802324;02;5;4;Hauptstrecke;H402;48;Moderat (0° bis 19,99° C);Tag;Wolkig;Illinois;Herbst;Kollision;Main Track Authority;Human Factors;EinzelneWagen, Güterzug;16964.967342437863;Nicht Signifikant;False
6540;D05957;1987;12;11;471600.0;471600.0;55600.0;416000.0;3;0;0;0;0;0;0;0;42.77314468639937;71;15;29;0;0;11;8185.816418421731;01;5;1;Industriestrecke;E53C;40;Moderat (0° bis 19,99° C);Abend;Klar;Illinois;Herbst;Entgleisung;Axles and Journal Bearings;Mechanical and Electrical Failures;EinzelneWagen, Güterzug;400033.9299346848;Signifikant;True
6541;D05981;1987;12;16;18100.0;18100.0;0.0;18100.0;4;0;0;0;0;0;0;0;39.78707758321272;67;0;12;0;0;0;7296.336383802324;02;5;3;Hauptstrecke;H402;40;Moderat (0° bis 19,99° C);Tag;Klar;Georgia;Herbst;Kollision;Main Track Authority;Human Factors;EinzelneWagen, Güterzug;15353.295444906267;Nicht Signifikant;False
6542;D06009;1987;12;21;499800.0;499800.0;28000.0;471800.0;4;0;0;0;0;0;0;0;32.819587675777214;53;14;38;0;0;8;6736.816418421731;01;5;1;Industriestrecke;E53C;60;Moderat (0° bis 19,99° C);Abend;Wolkig;Alabama;Winter;Entgleisung;Axles and Journal Bearings;Mechanical and Electrical Failures;EinzelneWagen, Güterzug;423954.53388752224;Signifikant;True
6543;D0604;1991;6;5;10230.0;10230.0;250.0;9980.0;7;0;0;0;0;0;0;0;5.0;38;0;54;0;0;3;5454.889973591336;04;1;1;Hauptstrecke;H702;92;Heiß (>= 32° C);Tag;Klar;Mississippi;Frühling;Kollision;Switches, Use of;Human Factors;Güterzug, Lokomotive;8677.580795656968;Nicht Signifikant;False
6544;D06318;1988;2;5;91400.0;91400.0;7000.0;84400.0;3;0;0;0;0;0;0;0;10.921762252408477;106;12;106;0;0;3;13781.467349831986;01;6;1;Depot;T110;31;Kalt (-30° - 0,01° C);Tag;Klar;Tennessee;Winter;Entgleisung;Track Geometry;Track, Roadbed and Structures;EinzelneWagen, Güterzug;77529.90075494105;Nicht Signifikant;True
6545;D06730;1988;4;30;12900.0;12900.0;0.0;12900.0;1;1;0;0;0;0;0;0;7.935695149221832;18;0;6;0;0;0;2256.6962699388623;03;7;1;Depot;H020;54;Moderat (0° bis 19,99° C);Abend;Klar;South Carolina;Frühling;Kollision;Brakes, Use of;Human Factors;Depot/Rangieren, EinzelneWagen;10942.403935872422;Nicht Signifikant;False
6546;D06844;1988;5;24;5350.0;5350.0;0.0;5350.0;0;0;0;0;0;0;0;0;7.935695149221832;7;0;7;0;0;0;1079.2067903643992;02;6;1;Depot;M503;70;Warm (20° bis 31,99° C);Morgendämmerung;Klar;North Carolina;Frühling;Kollision;Other Miscellaneous;Miscellaneous Causes;EinzelneWagen, EinzelneWagen;4538.128764102129;Nicht Signifikant;False
6547;D0704;1993;7;3;17000.0;17000.0;2000.0;15000.0;3;0;0;0;0;0;0;0;4.949628046035187;32;3;66;0;0;0;5459.033625441463;01;6;1;Depot;T314;83;Warm (20° bis 31,99° C);Tag;Klar;Mississippi;Sommer;Entgleisung;Frogs, Switches and Track Appliances;Track, Roadbed and Structures;EinzelneWagen, Güterzug;14420.222241072186;Nicht Signifikant;False
6548;D0906;1991;9;20;10100.0;10100.0;0.0;10100.0;2;0;0;0;0;0;0;0;2.958916643910756;20;0;25;0;0;0;2816.8689247597367;04;6;1;Depot;H020;68;Warm (20° bis 31,99° C);Tag;Klar;Mississippi;Sommer;Kollision;Brakes, Use of;Human Factors;EinzelneWagen, Güterzug;8567.308507931122;Nicht Signifikant;False
6549;D116082206;2006;8;22;1379610.0;1379610.0;364000.0;1015606.0;6;0;0;0;0;0;0;0;36.734680640034775;138;34;113;0;0;3;21184.59751230229;01;6;1;Depot;T111;89;Warm (20° bis 31,99° C);Tag;Klar;Florida;Sommer;Entgleisung;Track Geometry;Track, Roadbed and Structures;EinzelneWagen, Güterzug, Güterzug;1076810.8023727755;Signifikant;True
6550;D1233;1985;2;24;14000.0;14000.0;0.0;14000.0;0;0;0;0;0;0;0;0;0.0;26;0;19;0;0;0;3605.9547789521716;03;6;1;Depot;T305;36;Moderat (0° bis 19,99° C);Morgendämmerung;Wolkig;Ohio;Winter;Kollision;Frogs, Switches and Track Appliances;Track, Roadbed and Structures;EinzelneWagen, EinzelneWagen;11875.477139706505;Nicht Signifikant;False
6551;D1261;1985;9;6;8388.0;8388.0;388.0;8000.0;1;0;0;0;0;0;0;0;4.949628046035187;46;1;37;0;0;0;6448.747694332946;04;6;1;Depot;H021;70;Warm (20° bis 31,99° C);Abend;Wolkig;Michigan;Sommer;Kollision;Brakes, Use of;Human Factors;EinzelneWagen, Güterzug;7115.107303418441;Nicht Signifikant;False
6552;D1268;1985;10;11;30500.0;30500.0;0.0;30500.0;3;0;0;0;0;0;0;0;5.944983747097401;9;0;37;0;0;0;2517.7689126648097;04;6;1;Depot;H301;60;Moderat (0° bis 19,99° C);Abend;Klar;Michigan;Herbst;Kollision;General Switching Rules;Human Factors;EinzelneWagen, Güterzug;25871.575197217742;Nicht Signifikant;False
6553;D1292;1986;2;11;9624.0;9624.0;3024.0;6600.0;2;0;0;0;0;0;0;0;4.949628046035187;73;3;71;0;0;2;6871.545167810327;01;6;1;Industriestrecke;T314;25;Kalt (-30° - 0,01° C);Tag;Klar;Michigan;Winter;Entgleisung;Frogs, Switches and Track Appliances;Track, Roadbed and Structures;EinzelneWagen, Güterzug;8163.542285181101;Nicht Signifikant;False
6554;D1314;1986;4;22;5200.0;5200.0;0.0;5200.0;2;0;0;0;0;0;0;0;4.949628046035187;26;0;12;0;0;1;3394.3099420946596;04;6;4;Depot;T113;35;Moderat (0° bis 19,99° C);Abend;Wolkig;Michigan;Frühling;Kollision;Track Geometry;Track, Roadbed and Structures;EinzelneWagen, Güterzug;4410.891509033845;Nicht Signifikant;False
6555;D1341;1986;8;28;143756.0;143756.0;7756.0;136000.0;4;2;0;0;0;0;0;0;7.5;65;3;9;0;0;0;6272.0;01;1;1;Depot;H999;64;Moderat (0° bis 19,99° C);Abend;Klar;Michigan;Sommer;Entgleisung;Miscellaneous;Human Factors;Güterzug, Güterzug;121940.79226397489;Nicht Signifikant;False
6556;D1342;1986;8;29;7700.0;7700.0;150.0;7550.0;0;0;0;0;0;0;0;0;4.949628046035187;51;0;31;0;0;2;6818.207383954308;01;6;1;Depot;H099;85;Warm (20° bis 31,99° C);Tag;NaN;Michigan;Sommer;Entgleisung;Brakes, Use of;Human Factors;EinzelneWagen, EinzelneWagen;6531.512426838578;Nicht Signifikant;False
6557;D149111714;2014;11;17;72147.0;72147.0;7147.0;65000.0;2;0;0;0;0;0;0;0;3.5;56;1;5;0;0;0;6612.036812873901;04;7;1;Depot;H306;75;Warm (20° bis 31,99° C);Tag;Wolkig;Florida;Herbst;Kollision;General Switching Rules;Human Factors;Depot/Rangieren, Depot/Rangieren;57736.075544174135;Nicht Signifikant;False
6558;D1569;1990;2;2;53950.0;53950.0;28577.0;25373.0;2;0;0;0;0;0;0;0;8.931050850284048;62;5;17;0;0;1;5417.592623324198;01;6;X;Depot;T299;34;Moderat (0° bis 19,99° C);Tag;Klar;Michigan;Winter;Entgleisung;Rail, Joint Bar and Rail Anchoring;Track, Roadbed and Structures;EinzelneWagen, Güterzug;45762.99940622614;Nicht Signifikant;False
6559;D1690;1992;4;3;17900.0;17900.0;0.0;17900.0;2;0;0;0;0;0;0;0;5.0;2;1;1;0;0;1;348.83028206939696;04;7;1;Depot;H307;45;Moderat (0° bis 19,99° C);Abenddämmerung;Wolkig;Michigan;Frühling;Kollision;General Switching Rules;Human Factors;Depot/Rangieren, Depot/Rangieren;15183.64577148189;Nicht Signifikant;False
6560;D1710;1992;7;17;52800.0;52800.0;5000.0;47800.0;5;1;0;0;0;0;0;0;9.0;55;1;57;0;0;2;5458.0;01;1;4;Hauptstrecke;M405;60;Moderat (0° bis 19,99° C);Tag;Klar;Illinois;Sommer;Entgleisung;Unusual Operational Situations;Miscellaneous Causes;Güterzug, Güterzug;44787.51378403596;Nicht Signifikant;False
6561;D1725;1992;10;13;275500.0;275500.0;60000.0;215500.0;4;2;0;3;0;0;0;0;28.0;18;4;15;0;0;6;1572.0;02;1;1;Hauptstrecke;H212;50;Moderat (0° bis 19,99° C);Tag;Klar;Indiana;Herbst;Kollision;Flagging, Fixed, Hand and Radio Signals;Human Factors;Güterzug, Güterzug;233692.4251420816;Signifikant;True
6562;D1791;1991;7;20;17736.0;17736.0;4386.0;13350.0;2;0;0;0;0;0;0;0;2.958916643910756;11;3;10;0;0;3;1688.84294596606;01;7;1;Depot;H503;85;Warm (20° bis 31,99° C);Abend;Klar;Virginia;Sommer;Entgleisung;Train Handling/Train Makeup;Human Factors;Depot/Rangieren, EinzelneWagen;15044.533039273898;Nicht Signifikant;False
6563;D1931;1991;11;29;565757.0;565757.0;15000.0;550757.0;10;1;0;4;0;0;0;0;29.83352057259057;54;7;0;0;0;0;4824.889973591336;03;1;3;Hauptstrecke;H699;40;Moderat (0° bis 19,99° C);Abend;Klar;Kalifornien;Herbst;Kollision;Speed;Human Factors;Güterzug, Lokomotive;479902.451437781;Signifikant;False
6564;D20141016T;2014;10;16;39236.0;39236.0;5736.0;33500.0;4;1;0;0;0;0;0;0;4.0;38;4;45;0;0;0;5389.0;04;7;1;Depot;H607;80;Warm (20° bis 31,99° C);Tag;Klar;Louisiana;Herbst;Kollision;Speed;Human Factors;Depot/Rangieren, Depot/Rangieren;30775.747117420975;Nicht Signifikant;False
6565;D20150907T;2015;9;7;69674.0;69674.0;216.0;69458.0;3;0;0;0;0;0;0;0;3.0;137;0;56;0;0;2;16114.0;06;7;1;Depot;H307;80;Warm (20° bis 31,99° C);Abend;Klar;Louisiana;Sommer;Kollision;General Switching Rules;Human Factors;Depot/Rangieren, Depot/Rangieren;62510.31760272743;Nicht Signifikant;False
6566;D20170319T;2017;3;19;77000.0;77000.0;0.0;77000.0;2;0;0;0;0;0;0;0;3.9542723449729715;35;1;71;0;0;1;6394.0;04;6;X;Nebenstrecke;H306;65;Moderat (0° bis 19,99° C);Abend;Wolkig;Louisiana;Winter;Kollision;General Switching Rules;Human Factors;EinzelneWagen, Güterzug;71647.90174002048;Nicht Signifikant;False
6567;D20180622T;2018;6;22;369760.0;369760.0;65200.0;304560.0;6;6;0;0;0;0;0;0;8.5;30;2;42;0;0;3;4919.036982374166;04;1;1;Depot;H607;90;Heiß (>= 32° C);Abenddämmerung;Klar;Louisiana;Sommer;Kollision;Speed;Human Factors;Güterzug, Güterzug;317445.05494505493;Signifikant;False
6568;D268;2004;12;26;12000.0;12000.0;2000.0;10000.0;4;2;0;0;0;0;0;0;4.949628046035187;18;1;31;0;0;0;2215.9832718208563;01;1;X;Nebenstrecke;H306;50;Moderat (0° bis 19,99° C);Abenddämmerung;Wolkig;Florida;Winter;Entgleisung;General Switching Rules;Human Factors;Güterzug, Güterzug;8867.868755542419;Nicht Signifikant;False
6569;D3091;1991;12;18;45085.0;45085.0;185.0;44900.0;2;0;0;0;0;0;0;0;4.5;80;0;52;0;0;1;10755.067275114154;04;7;1;Depot;H018;29;Kalt (-30° - 0,01° C);Abend;Klar;Virginia;Herbst;Kollision;Brakes, Use of;Human Factors;Depot/Rangieren, EinzelneWagen;38243.27763169056;Nicht Signifikant;False
6570;D411412;2012;10;24;21728.0;21728.0;250.0;21478.0;3;0;0;0;0;0;0;0;6.940339448159618;21;0;9;0;0;4;2738.6236926736224;04;7;1;Depot;H306;81;Warm (20° bis 31,99° C);Abenddämmerung;Klar;Louisiana;Herbst;Kollision;General Switching Rules;Human Factors;Depot/Rangieren, Depot/Rangieren;16788.749806830474;Nicht Signifikant;False
6571;D44071615;2015;7;16;134781.0;134781.0;0.0;134781.0;4;0;0;0;0;0;0;0;5.0;0;0;0;0;0;0;69.7799471826711;04;8;1;Depot;H307;86;Warm (20° bis 31,99° C);Tag;Klar;Florida;Sommer;Kollision;General Switching Rules;Human Factors;Lokomotive, Lokomotive;124027.79055857183;Nicht Signifikant;False
6572;D53101019;2019;10;10;18000.0;18000.0;0.0;18000.0;3;0;0;0;0;0;0;0;0.9682052417863254;34;0;80;0;0;2;5836.261800448071;04;7;1;Depot;H306;77;Warm (20° bis 31,99° C);Tag;Klar;Florida;Herbst;Kollision;General Switching Rules;Human Factors;Depot/Rangieren, Güterzug;16319.129646418858;Nicht Signifikant;False
6573;D531308;2008;5;24;38500.0;38500.0;16500.0;22000.0;3;0;0;0;0;0;0;0;2.958916643910756;12;2;15;0;0;12;1948.543692127109;01;7;1;Depot;M204;85;Warm (20° bis 31,99° C);Abend;Klar;Oklahoma;Frühling;Entgleisung;Loading Procedures;Loading;Depot/Rangieren, NaN;24447.031431897554;Nicht Signifikant;False