index;INCDTNO;YEAR4;MONTH;DAY;ACCDMG;INFRASTRUCTURE_DMG;TRKDMG;EQPDMG;LOCOMOTIVES1;LOCOMOTIVES2;RREMPKLD;RREMPINJ;PASSKLD;PASSINJ;OTHERKLD;OTHERINJ;SPEED;LOADF1;LOADF2;EMPTYF1;EMPTYP1;LOADP1;EMPTYF2;TONS;TYPE;TYPEQ;TRKCLAS;TYPTRK;ACCAUSE;TEMP;TEMP_CLUSTER;VISIBLTY;WEATHER;STATE;Jahreszeit;ACCIDENT_TYPE;ACCCAUSE_LVL1;ACCCAUSE_LVL2;EQUIPMENT_TYPE;ACCDMG_EUR;ACCTYPE;SPD_TOO_HIGH
6574;D542110;2010;4;19;97614.0;97614.0;31990.0;65624.0;2;2;0;0;0;0;0;0;8.0;40;1;11;0;0;3;4979.036585529917;04;6;X;Hauptstrecke;H607;0;Kalt (-30° - 0,01° C);Abend;Wolkig;Louisiana;Frühling;Kollision;Speed;Human Factors;EinzelneWagen, Güterzug;72672.72185824896;Nicht Signifikant;False
6575;D60110719;2019;11;7;50000.0;50000.0;0.0;50000.0;1;0;0;0;0;0;0;0;5.944983747097401;1;0;6;0;0;0;366.21583297786003;04;7;1;Industriestrecke;H302;80;Warm (20° bis 31,99° C);Tag;Klar;Florida;Herbst;Kollision;General Switching Rules;Human Factors;Depot/Rangieren, EinzelneWagen;45138.57542655954;Nicht Signifikant;False
6576;D690810;2010;8;13;13998.0;13998.0;0.0;13998.0;6;0;0;0;0;0;0;0;13.907829355595124;95;1;0;0;0;0;12465.889973591336;01;1;3;Hauptstrecke;E21C;100;Heiß (>= 32° C);Tag;Klar;Texas;Sommer;Entgleisung;Body;Mechanical and Electrical Failures;Güterzug, NaN;10936.791936870068;Nicht Signifikant;False
6577;D85040;1985;2;6;27737.0;27737.0;1737.0;26000.0;2;0;0;0;0;0;0;0;3.5;9;1;26;0;0;2;2447.851232860841;04;7;1;Depot;H021;16;Kalt (-30° - 0,01° C);Abend;Schnee;New York;Winter;Kollision;Brakes, Use of;Human Factors;Depot/Rangieren, EinzelneWagen;23527.864958859955;Nicht Signifikant;False
6578;D85107;1985;6;10;18000.0;18000.0;0.0;18000.0;5;0;0;0;0;0;0;0;5.0;75;0;41;0;0;0;8949.0;05;4;1;Hauptstrecke;M204;75;Warm (20° bis 31,99° C);Tag;Klar;New York;Frühling;Kollision;Loading Procedures;Loading;Arbeitszug, Güterzug;15268.470608194079;Nicht Signifikant;False
6579;D85114;1985;7;8;80155.0;80155.0;0.0;80155.0;9;0;0;2;0;0;0;0;11.5;26;0;59;0;0;0;4327.889973591336;03;1;1;Hauptstrecke;H603;62;Moderat (0° bis 19,99° C);Morgendämmerung;Nebel;Pennsylvania;Sommer;Kollision;Speed;Human Factors;Güterzug, Lokomotive;67991.34786665536;Signifikant;True
6580;D87011;1987;1;7;18000.0;18000.0;2000.0;16000.0;1;0;0;0;0;0;0;0;5.0;6;1;6;0;0;2;818.7428632521262;04;7;1;Depot;E0HC;32;Moderat (0° bis 19,99° C);Tag;Wolkig;Pennsylvania;Winter;Kollision;Brakes;Mechanical and Electrical Failures;Depot/Rangieren, EinzelneWagen;15268.470608194079;Nicht Signifikant;False
6581;D87022;1987;2;17;7500.0;7500.0;0.0;7500.0;4;0;0;0;0;0;0;0;2.958916643910756;25;0;80;0;0;1;5332.157408444069;05;6;1;Depot;M101;25;Kalt (-30° - 0,01° C);Tag;Klar;New York;Winter;Kollision;Environmental Conditions;Environmental Conditions;EinzelneWagen, Güterzug;6361.8627534142;Nicht Signifikant;False
6582;D87044;1987;2;13;6000.0;6000.0;1000.0;5000.0;6;0;0;0;0;0;0;0;4.949628046035187;23;2;85;0;0;0;4389.490953396276;05;6;1;Depot;T308;13;Kalt (-30° - 0,01° C);Tag;Klar;New York;Winter;Kollision;Frogs, Switches and Track Appliances;Track, Roadbed and Structures;EinzelneWagen, Güterzug;5089.490202731359;Nicht Signifikant;False
6583;D88029;1988;5;12;85000.0;85000.0;5000.0;80000.0;4;1;0;0;0;0;0;0;4.5;11;0;2;0;0;0;1450.8899735913355;04;7;1;Depot;H401;75;Warm (20° bis 31,99° C);Tag;Klar;New York;Frühling;Kollision;Main Track Authority;Human Factors;Depot/Rangieren, Lokomotive;72101.11120536092;Nicht Signifikant;False
6584;D92041514;2014;4;15;25000.0;25000.0;0.0;25000.0;1;0;0;0;0;0;0;0;5.5;2;0;0;0;0;0;309.647398120594;04;5;2;Hauptstrecke;H018;68;Warm (20° bis 31,99° C);Abend;Klar;Florida;Frühling;Kollision;Brakes, Use of;Human Factors;EinzelneWagen, Güterzug;18112.004636673188;Nicht Signifikant;False
6585;D9565;1995;10;3;6850.0;6850.0;100.0;6750.0;4;0;0;0;0;0;0;0;4.949628046035187;2;0;83;0;0;1;2944.7827940133125;04;6;2;Depot;H018;60;Moderat (0° bis 19,99° C);Abenddämmerung;Wolkig;Minnesota;Herbst;Kollision;Brakes, Use of;Human Factors;EinzelneWagen, Güterzug;5810.501314784969;Nicht Signifikant;False
6586;DEC0185;1985;12;17;7500.0;7500.0;0.0;7500.0;2;0;0;0;0;0;0;0;1.5;1;0;1;0;0;0;213.98378192291796;04;7;2;Depot;H025;48;Moderat (0° bis 19,99° C);Tag;Regen;Texas;Herbst;Kollision;Brakes, Use of;Human Factors;Depot/Rangieren, Depot/Rangieren;6361.8627534142;Nicht Signifikant;False
6587;DEC0190;1990;12;14;58171.0;58171.0;2000.0;56171.0;2;0;0;0;0;0;0;0;4.949628046035187;13;5;22;0;0;2;2319.4527649326583;01;7;1;Depot;M405;59;Moderat (0° bis 19,99° C);Abend;Wolkig;Texas;Herbst;Entgleisung;Unusual Operational Situations;Miscellaneous Causes;Depot/Rangieren, EinzelneWagen;49343.455763847654;Nicht Signifikant;False
6588;DEC0193;1993;12;30;36938.0;36938.0;1338.0;35600.0;2;0;0;0;0;0;0;0;3.9542723449729715;49;3;0;0;0;0;5702.720872109777;04;7;1;Industriestrecke;H306;40;Moderat (0° bis 19,99° C);Abend;Klar;Texas;Winter;Kollision;General Switching Rules;Human Factors;Depot/Rangieren, EinzelneWagen;31332.598184748495;Nicht Signifikant;False
6589;DEC0286;1986;12;30;19700.0;19700.0;300.0;19400.0;3;0;0;0;0;0;0;0;7.5;24;4;47;0;0;2;4312.335649031398;04;7;2;Depot;H025;54;Moderat (0° bis 19,99° C);Abend;Klar;Texas;Winter;Kollision;Brakes, Use of;Human Factors;Depot/Rangieren, Depot/Rangieren;16710.492832301297;Nicht Signifikant;False
6590;DEC0287;1987;12;3;10000.0;10000.0;0.0;10000.0;1;0;0;0;0;0;0;0;3.9542723449729715;43;0;1;0;0;0;4991.795612151774;04;7;1;Depot;H302;65;Moderat (0° bis 19,99° C);Tag;Klar;Texas;Herbst;Kollision;General Switching Rules;Human Factors;Depot/Rangieren, EinzelneWagen;8482.483671218932;Nicht Signifikant;False
6591;DEC0288;1988;12;10;14500.0;14500.0;0.0;14500.0;2;0;0;0;0;0;0;0;5.5;12;0;21;0;0;0;2074.2436559645294;04;7;1;Depot;H401;50;Moderat (0° bis 19,99° C);Tag;Regen;Texas;Herbst;Kollision;Main Track Authority;Human Factors;Depot/Rangieren, Depot/Rangieren;12299.601323267452;Nicht Signifikant;False
6592;DEC0487;1987;12;22;20000.0;20000.0;0.0;20000.0;3;0;0;0;0;0;0;0;2.5;9;0;89;0;0;0;3803.3272767239664;04;7;1;Nebenstrecke;H999;65;Moderat (0° bis 19,99° C);Tag;Klar;Texas;Winter;Kollision;Miscellaneous;Human Factors;Depot/Rangieren, Depot/Rangieren;16964.967342437863;Nicht Signifikant;False
6593;DER82403;2003;8;24;38206.0;38206.0;50.0;38156.0;5;0;0;0;0;0;0;0;4.0;7;0;19;0;0;3;1514.8899735913355;04;7;1;Depot;E08L;90;Heiß (>= 32° C);Tag;Klar;Kansas;Sommer;Kollision;Brakes;Mechanical and Electrical Failures;Depot/Rangieren, Lokomotive;35083.56290174472;Nicht Signifikant;False
6594;DK0200101;2000;2;5;43100.0;43100.0;1000.0;42100.0;4;0;0;0;0;0;0;0;3.5;74;1;49;0;0;0;9999.312503684043;01;7;2;Depot;H211;24;Kalt (-30° - 0,01° C);Tag;Klar;Iowa;Winter;Entgleisung;Flagging, Fixed, Hand and Radio Signals;Human Factors;Depot/Rangieren, EinzelneWagen;43924.312939497904;Nicht Signifikant;False
6595;DK0333;1991;5;9;142400.0;142400.0;73600.0;68800.0;7;2;0;4;0;0;0;0;24.0;113;10;10;0;0;0;14226.0;01;1;3;Nebenstrecke;E52C;65;Moderat (0° bis 19,99° C);Abend;Klar;North Dakota;Frühling;Entgleisung;Axles and Journal Bearings;Mechanical and Electrical Failures;Güterzug, Güterzug;120790.5674781576;Signifikant;False
6596;DK0334;1991;5;11;45400.0;45400.0;200.0;45200.0;3;0;0;0;0;0;0;0;6.5;2;0;136;0;0;4;3572.779437080609;04;7;1;Depot;H699;65;Moderat (0° bis 19,99° C);Abend;Wolkig;North Dakota;Frühling;Kollision;Speed;Human Factors;Depot/Rangieren, Güterzug;38510.47586733395;Nicht Signifikant;False
6597;DK0498105;1998;4;17;68000.0;68000.0;3000.0;65000.0;2;0;0;0;0;0;0;0;4.0;14;4;9;0;0;1;2016.3177811018468;01;7;1;Depot;H210;45;Moderat (0° bis 19,99° C);Abend;Nebel;South Dakota;Frühling;Entgleisung;Flagging, Fixed, Hand and Radio Signals;Human Factors;Depot/Rangieren, Depot/Rangieren;57680.888964288744;Nicht Signifikant;False
6598;DK0498110;1998;4;23;47320.0;47320.0;24600.0;22720.0;6;0;0;0;0;0;0;0;7.935695149221832;174;7;46;0;0;0;22857.0;01;1;1;Depot;T314;75;Warm (20° bis 31,99° C);Tag;Klar;Iowa;Frühling;Entgleisung;Frogs, Switches and Track Appliances;Track, Roadbed and Structures;Güterzug, Güterzug;40139.11273220799;Nicht Signifikant;False
6599;DK0701102;2001;7;15;197124.0;197124.0;119800.0;77324.0;3;0;0;0;0;0;0;0;19.879963561968417;109;6;0;0;0;0;13308.0;01;1;3;Hauptstrecke;E53C;62;Moderat (0° bis 19,99° C);Abend;Klar;North Dakota;Sommer;Entgleisung;Axles and Journal Bearings;Mechanical and Electrical Failures;Güterzug, Güterzug;230061.07761135965;Signifikant;False
6600;DK0783;1990;10;19;1264300.0;1264300.0;16400.0;1247900.0;8;0;2;8;0;0;0;0;19.56806517889447;230;24;115;0;0;8;33051.0;03;1;4;Hauptstrecke;H215;41;Moderat (0° bis 19,99° C);Abend;Wolkig;North Dakota;Herbst;Kollision;Flagging, Fixed, Hand and Radio Signals;Human Factors;Güterzug, Güterzug, Güterzug;1072440.4105522097;Schwer;False
6601;DK0815;1991;10;22;17100.0;17100.0;0.0;17100.0;3;0;0;0;0;0;0;0;2.0;1;0;20;0;0;0;721.0;04;1;2;Depot;H306;50;Moderat (0° bis 19,99° C);Tag;Wolkig;North Dakota;Herbst;Kollision;General Switching Rules;Human Factors;Güterzug, Güterzug;14505.047077784375;Nicht Signifikant;False
6602;DK0830;1990;11;6;9000.0;9000.0;0.0;9000.0;3;0;0;0;0;0;0;0;24.856742067279495;72;0;10;0;0;0;9296.336383802323;09;5;4;Hauptstrecke;H402;25;Kalt (-30° - 0,01° C);Tag;Klar;North Dakota;Herbst;Kollision;Main Track Authority;Human Factors;EinzelneWagen, Güterzug;7634.235304097039;Nicht Signifikant;False
6603;DK0999101;1999;9;4;48500.0;48500.0;1000.0;47500.0;5;0;0;0;0;0;0;0;9.926406551346263;84;2;64;0;0;3;11617.632046997489;01;7;1;Depot;H699;60;Moderat (0° bis 19,99° C);Tag;Wolkig;Minnesota;Sommer;Entgleisung;Speed;Human Factors;Depot/Rangieren, EinzelneWagen;45528.50616434069;Nicht Signifikant;False
6604;DK1059;1991;9;26;9302.0;9302.0;2502.0;6800.0;1;0;0;0;0;0;0;0;9.926406551346263;124;0;9;0;0;2;14452.678349948432;01;7;1;Depot;T314;50;Moderat (0° bis 19,99° C);Tag;Klar;Minnesota;Herbst;Entgleisung;Frogs, Switches and Track Appliances;Track, Roadbed and Structures;Depot/Rangieren, EinzelneWagen;7890.406310967851;Nicht Signifikant;False
6605;DK1188;1991;12;5;106550.0;106550.0;300.0;106250.0;4;1;0;0;0;0;0;0;7.5;43;2;0;0;0;0;4715.103065052492;02;7;1;Hauptstrecke;H603;5;Kalt (-30° - 0,01° C);Abend;Klar;Minnesota;Herbst;Kollision;Speed;Human Factors;Depot/Rangieren, Güterzug;90380.86351683772;Nicht Signifikant;False
6606;DK1200104;2000;12;13;38100.0;38100.0;24100.0;14000.0;3;0;0;0;0;0;0;0;9.926406551346263;24;3;4;0;0;0;3196.6770962376277;01;7;1;Depot;M204;2;Kalt (-30° - 0,01° C);Abend;Klar;Minnesota;Herbst;Entgleisung;Loading Procedures;Loading;Depot/Rangieren, Güterzug;43552.81207133059;Nicht Signifikant;False
6607;DK1522;1992;9;4;119508.0;119508.0;60000.0;59508.0;4;0;0;0;0;0;0;0;10.0;135;7;0;0;0;0;17713.64750517432;09;7;3;Depot;E08C;55;Moderat (0° bis 19,99° C);Abend;Klar;Wisconsion;Sommer;Kollision;Brakes;Mechanical and Electrical Failures;Depot/Rangieren, Güterzug;101372.46585800321;Nicht Signifikant;False
6608;DK19;1988;1;15;41000.0;41000.0;0.0;41000.0;5;0;0;0;0;0;0;0;19.879963561968417;49;0;3;0;0;2;6118.742863252126;09;1;4;Hauptstrecke;H402;32;Moderat (0° bis 19,99° C);Tag;Wolkig;North Dakota;Winter;Kollision;Main Track Authority;Human Factors;Güterzug, Güterzug;34778.18305199762;Nicht Signifikant;False
6609;DK27;1988;1;25;7500.0;7500.0;0.0;7500.0;2;0;0;0;0;0;0;0;11.917117953470694;4;0;27;0;0;0;1299.9196717083694;04;6;4;Hauptstrecke;M404;-18;Kalt (-30° - 0,01° C);Abend;Klar;North Dakota;Winter;Kollision;Unusual Operational Situations;Miscellaneous Causes;EinzelneWagen, Güterzug;6361.8627534142;Nicht Signifikant;False
6610;DK297;1985;7;12;8500.0;8500.0;0.0;8500.0;1;0;0;0;0;0;0;0;4.949628046035187;8;0;0;0;0;0;979.8393434167388;04;7;1;Depot;H302;65;Moderat (0° bis 19,99° C);Tag;Klar;North Dakota;Sommer;Kollision;General Switching Rules;Human Factors;Depot/Rangieren, EinzelneWagen;7210.111120536093;Nicht Signifikant;False
6611;DK344;1986;11;12;20300.0;20300.0;0.0;20300.0;2;0;0;0;0;0;0;0;9.926406551346263;21;1;0;0;0;0;2450.073259881734;04;4;1;Hauptstrecke;M404;0;Kalt (-30° - 0,01° C);Abend;Klar;North Dakota;Herbst;Kollision;Unusual Operational Situations;Miscellaneous Causes;Arbeitszug, EinzelneWagen;17219.441852574433;Nicht Signifikant;False
6612;DK505;1989;6;29;15800.0;15800.0;0.0;15800.0;3;0;0;0;0;0;0;0;4.966418697356791;6;0;8;0;0;0;791.4986309814349;09;6;1;Depot;H212;80;Warm (20° bis 31,99° C);Tag;Klar;North Dakota;Sommer;Kollision;Flagging, Fixed, Hand and Radio Signals;Human Factors;EinzelneWagen, EinzelneWagen, Güterzug;13402.324200525913;Nicht Signifikant;False
6613;DK96;1989;2;8;1070800.0;1070800.0;94000.0;976800.0;2;2;1;4;0;0;0;0;54.71741309914595;13;9;18;0;0;6;1834.6693080825214;09;6;4;Hauptstrecke;H402;-3;Kalt (-30° - 0,01° C);Tag;Klar;North Dakota;Winter;Kollision;Main Track Authority;Human Factors;EinzelneWagen, Güterzug;908304.3515141233;Schwer;False
6614;DN0059;1990;1;21;257520.0;257520.0;107970.0;149550.0;4;0;0;0;0;0;0;0;35.805654778963856;56;8;98;0;0;12;8576.19787143522;01;6;3;Hauptstrecke;T102;40;Moderat (0° bis 19,99° C);Abend;Wolkig;Wyoming;Winter;Entgleisung;Track Geometry;Track, Roadbed and Structures;EinzelneWagen, Güterzug;218440.91950122995;Signifikant;False
6615;DN0363;1992;2;27;11075.0;11075.0;0.0;11075.0;3;0;0;0;0;0;0;0;8.284271034230843;0;0;139;0;0;2;4211.685912540149;04;7;1;Depot;H399;36;Moderat (0° bis 19,99° C);Abend;Klar;Nebraska;Winter;Kollision;General Switching Rules;Human Factors;Depot/Rangieren, EinzelneWagen, Güterzug;9394.350665874968;Nicht Signifikant;False
6616;DN0625;1991;4;5;26800.0;26800.0;0.0;26800.0;11;0;0;0;0;0;0;0;5.5;0;0;230;0;0;2;6882.0;04;1;1;Depot;H306;45;Moderat (0° bis 19,99° C);Abend;Klar;Wyoming;Frühling;Kollision;General Switching Rules;Human Factors;Güterzug, Güterzug;22733.05623886674;Nicht Signifikant;False
6617;DN0649;1991;4;15;19900.0;19900.0;0.0;19900.0;8;0;0;2;0;0;0;0;4.949628046035187;21;1;213;0;0;0;8846.0;03;1;3;Hauptstrecke;H215;32;Moderat (0° bis 19,99° C);Abend;Klar;New Mexico;Frühling;Kollision;Flagging, Fixed, Hand and Radio Signals;Human Factors;Güterzug, Güterzug;16880.142505725675;Signifikant;False
6618;DN0708;1992;5;1;9720.0;9720.0;0.0;9720.0;5;0;0;0;0;0;0;0;23.5;149;0;0;0;0;0;16631.0;09;1;4;Hauptstrecke;M404;75;Warm (20° bis 31,99° C);Tag;Klar;Nebraska;Frühling;Kollision;Unusual Operational Situations;Miscellaneous Causes;Güterzug, Güterzug;8244.974128424803;Nicht Signifikant;False
6619;DN0785;1990;5;7;9600.0;9600.0;0.0;9600.0;2;0;0;0;0;0;0;0;4.949628046035187;35;3;1;0;0;0;1565.336383802324;01;5;1;Depot;M201;70;Warm (20° bis 31,99° C);Tag;Klar;Colorado;Frühling;Entgleisung;Loading Procedures;Loading;EinzelneWagen, Güterzug;8143.184324370175;Nicht Signifikant;False
6620;DN0948;1990;6;7;15500.0;15500.0;0.0;15500.0;5;0;0;2;0;0;0;0;9.926406551346263;35;0;0;0;0;0;4051.2898057067177;02;6;1;Hauptstrecke;H999;85;Warm (20° bis 31,99° C);Tag;Klar;Colorado;Frühling;Kollision;Miscellaneous;Human Factors;EinzelneWagen, Lokomotive;13147.849690389345;Signifikant;False
6621;DN1080;1991;7;6;27000.0;27000.0;15000.0;12000.0;4;0;0;0;0;0;0;0;9.926406551346263;116;0;0;0;0;0;15372.647398120595;09;5;2;Hauptstrecke;H402;91;Heiß (>= 32° C);Tag;Klar;Nebraska;Sommer;Kollision;Main Track Authority;Human Factors;EinzelneWagen, Güterzug;22902.705912291116;Nicht Signifikant;False
6622;DN1201;1992;7;31;11000.0;11000.0;0.0;11000.0;0;0;0;0;0;0;0;0;14.903185056657339;2;0;0;0;0;0;297.294796241188;09;5;4;Hauptstrecke;H999;82;Warm (20° bis 31,99° C);Tag;Klar;Nebraska;Sommer;Kollision;Miscellaneous;Human Factors;EinzelneWagen, EinzelneWagen;9330.732038340826;Nicht Signifikant;False
6623;DN1220;1991;7;25;724750.0;724750.0;48000.0;676750.0;3;3;0;0;0;0;0;0;44.763856088523795;10;5;95;0;0;16;4300.256439118408;09;5;4;Hauptstrecke;H402;65;Moderat (0° bis 19,99° C);Tag;Wolkig;Wyoming;Sommer;Kollision;Main Track Authority;Human Factors;EinzelneWagen, Güterzug;614768.0040715921;Signifikant;False
6624;DN1345;1990;8;5;53000.0;53000.0;6500.0;46500.0;10;0;0;0;0;0;0;0;9.926406551346263;114;4;71;0;0;2;15011.0;01;1;1;Nebenstrecke;T109;80;Warm (20° bis 31,99° C);Tag;Klar;Wyoming;Sommer;Entgleisung;Track Geometry;Track, Roadbed and Structures;Güterzug, Güterzug;44957.163457460345;Nicht Signifikant;False
6625;DN15;1988;10;7;42256.0;42256.0;0.0;42256.0;0;0;0;0;0;0;0;0;9.911687861615516;0;0;5;0;0;2;329.64198825043366;09;5;X;Nebenstrecke;H402;73;Warm (20° bis 31,99° C);Tag;Klar;Colorado;Herbst;Kollision;Main Track Authority;Human Factors;EinzelneWagen, EinzelneWagen, EinzelneWagen, EinzelneWagen, EinzelneWagen;35843.58300110272;Nicht Signifikant;True
6626;DN1877;1989;11;19;15750.0;15750.0;0.0;15750.0;5;0;0;0;0;0;0;0;5.0;75;0;26;0;0;0;8351.33450867196;04;7;4;Hauptstrecke;H212;65;Moderat (0° bis 19,99° C);Tag;Klar;Colorado;Herbst;Kollision;Flagging, Fixed, Hand and Radio Signals;Human Factors;Depot/Rangieren, Güterzug;13359.911782169818;Nicht Signifikant;False
6627;DN2019;1991;12;8;18600.0;18600.0;600.0;18000.0;7;0;0;1;0;0;0;0;19.564968979602614;0;0;233;0;0;3;7196.187217093818;09;6;4;Hauptstrecke;H099;32;Moderat (0° bis 19,99° C);Abend;Klar;Nebraska;Herbst;Kollision;Brakes, Use of;Human Factors;EinzelneWagen, Güterzug, Güterzug;15777.419628467214;Signifikant;False
6628;DN2064;1990;12;2;42500.0;42500.0;0.0;42500.0;7;0;0;1;0;0;0;0;12.5;0;0;115;0;0;4;3164.8899735913355;03;1;2;Hauptstrecke;H999;25;Kalt (-30° - 0,01° C);Abend;Klar;Nebraska;Herbst;Kollision;Miscellaneous;Human Factors;Güterzug, Lokomotive;36050.55560268046;Signifikant;False
6629;DN875;1989;6;10;8000.0;8000.0;0.0;8000.0;3;0;0;0;0;0;0;0;15.0;47;0;16;0;0;0;6148.647398120594;09;5;4;Hauptstrecke;H402;78;Warm (20° bis 31,99° C);Tag;Klar;Wyoming;Frühling;Kollision;Main Track Authority;Human Factors;EinzelneWagen, Güterzug;6785.986936975146;Nicht Signifikant;False
6630;DN878;1989;6;12;23000.0;23000.0;0.0;23000.0;0;0;0;1;0;0;0;0;19.879963561968417;2;0;0;0;0;0;297.294796241188;09;5;4;Hauptstrecke;H101;70;Warm (20° bis 31,99° C);Tag;Klar;South Dakota;Frühling;Kollision;Employee Physical Condition;Human Factors;EinzelneWagen, EinzelneWagen;19509.712443803546;Signifikant;False
6631;DN970;1989;7;9;61000.0;61000.0;20000.0;41000.0;4;0;0;1;0;0;0;0;20.0;41;7;5;0;0;0;2901.8899735913355;04;1;4;Hauptstrecke;H017;80;Warm (20° bis 31,99° C);Tag;Klar;Wyoming;Sommer;Kollision;Brakes, Use of;Human Factors;Güterzug, Lokomotive;51743.150394435484;Signifikant;False
6632;DN98;1988;11;17;20000.0;20000.0;0.0;20000.0;3;0;0;0;0;0;0;0;4.949628046035187;54;0;1;0;0;0;6565.336383802324;09;5;4;Hauptstrecke;H210;30;Kalt (-30° - 0,01° C);Tag;Wolkig;Colorado;Herbst;Kollision;Flagging, Fixed, Hand and Radio Signals;Human Factors;EinzelneWagen, Güterzug;16964.967342437863;Nicht Signifikant;False
6633;DR040497;1997;4;4;23200.0;23200.0;0.0;46200.0;4;0;0;0;0;0;0;0;4.0;68;4;2;0;0;2;7947.573868824292;01;1;1;Depot;H702;60;Moderat (0° bis 19,99° C);Abenddämmerung;Regen;Indiana;Frühling;Entgleisung;Switches, Use of;Human Factors;Güterzug, Güterzug;19679.362117227924;Nicht Signifikant;False
6634;DV0059;1995;2;14;31500.0;31500.0;2000.0;29500.0;5;0;0;0;0;0;0;0;4.949628046035187;88;3;66;0;0;0;11747.26380136604;01;7;1;Depot;T001;40;Moderat (0° bis 19,99° C);Tag;Klar;Colorado;Winter;Entgleisung;Roadbed;Track, Roadbed and Structures;Depot/Rangieren, Güterzug;26719.823564339637;Nicht Signifikant;False
6635;DV0135;1995;4;14;18250.0;18250.0;10000.0;8250.0;10;0;0;0;0;0;0;0;9.926406551346263;105;6;49;0;0;0;14967.0;01;1;2;Nebenstrecke;E64C;50;Moderat (0° bis 19,99° C);Tag;Klar;Wyoming;Frühling;Entgleisung;Wheels;Mechanical and Electrical Failures;Güterzug, Güterzug;15480.532699974552;Nicht Signifikant;False
6636;DV0423;1993;8;11;544600.0;544600.0;20000.0;524600.0;7;1;0;0;0;0;0;0;29.83352057259057;169;19;6;0;0;3;21872.23866678316;09;1;4;Hauptstrecke;H008;52;Moderat (0° bis 19,99° C);Abend;Wolkig;Colorado;Sommer;Kollision;Brakes, Use of;Human Factors;Güterzug, Güterzug;461956.06073458306;Signifikant;False
6637;E0145;1985;1;18;8305.0;8305.0;5005.0;3300.0;4;0;0;0;0;0;0;0;9.926406551346263;84;4;1;0;0;0;6911.355835699624;01;6;3;Nebenstrecke;H702;40;Moderat (0° bis 19,99° C);Abend;Nebel;Kalifornien;Winter;Entgleisung;Switches, Use of;Human Factors;EinzelneWagen, Güterzug;7044.702688947324;Nicht Signifikant;False
6638;E0273;1993;1;18;39629.0;39629.0;2000.0;37629.0;2;0;0;0;0;0;0;0;2.958916643910756;17;4;25;0;0;2;21568.348959379142;04;7;1;Depot;H306;55;Moderat (0° bis 19,99° C);Abend;Klar;Kalifornien;Winter;Kollision;General Switching Rules;Human Factors;Depot/Rangieren, EinzelneWagen;33615.234540673504;Nicht Signifikant;False
6639;E0423;1993;1;30;47600.0;47600.0;800.0;46800.0;3;0;0;0;0;0;0;0;4.633085364023458;4;0;19;0;0;2;1141.1414821386343;04;7;1;Hauptstrecke;H702;50;Moderat (0° bis 19,99° C);Abend;Klar;Kalifornien;Winter;Kollision;Switches, Use of;Human Factors;Depot/Rangieren, EinzelneWagen, Lokomotive;40376.62227500212;Nicht Signifikant;False
6640;E0573;1993;2;1;100000.0;100000.0;0.0;100000.0;2;0;0;0;0;0;0;0;5.944983747097401;8;0;0;0;0;0;979.8393434167389;04;6;1;Depot;H017;70;Warm (20° bis 31,99° C);Tag;Klar;Kalifornien;Winter;Kollision;Brakes, Use of;Human Factors;EinzelneWagen, Lokomotive;84824.83671218932;Nicht Signifikant;False
6641;E0592;1992;2;5;243303.0;243303.0;2000.0;241303.0;4;0;0;0;0;0;0;0;9.926406551346263;46;1;5;0;0;5;9054.0;04;7;2;Depot;E35C;50;Moderat (0° bis 19,99° C);Abend;Wolkig;Kalifornien;Winter;Kollision;Coupler and Draft System;Mechanical and Electrical Failures;Depot/Rangieren, Güterzug;206381.372465858;Signifikant;False
6642;E0705;1995;2;17;19100.0;19100.0;2000.0;17100.0;5;0;0;0;0;0;0;0;5.0;0;0;12;0;0;3;439.57697357275276;04;7;1;Depot;H307;70;Warm (20° bis 31,99° C);Tag;Klar;Kalifornien;Winter;Kollision;General Switching Rules;Human Factors;Depot/Rangieren, Lokomotive;16201.543812028161;Nicht Signifikant;False
6643;E1396;1996;4;27;10500.0;10500.0;1000.0;9500.0;6;2;0;0;0;0;0;0;3.9542723449729715;0;0;0;0;0;0;69.7799471826711;04;8;1;Depot;H307;68;Warm (20° bis 31,99° C);Abend;Klar;Kalifornien;Frühling;Kollision;General Switching Rules;Human Factors;Lokomotive, Lokomotive;8906.607854779879;Nicht Signifikant;False
6644;E1636;1996;5;17;83000.0;83000.0;0.0;83000.0;5;0;0;1;0;0;0;0;17.889252159843984;26;0;0;0;0;0;3263.8899735913355;02;1;3;Hauptstrecke;H212;55;Moderat (0° bis 19,99° C);Abend;Wolkig;Kalifornien;Frühling;Kollision;Flagging, Fixed, Hand and Radio Signals;Human Factors;Güterzug, Lokomotive;70404.61447111714;Signifikant;False
6645;E1755;1995;6;2;9500.0;9500.0;0.0;9500.0;4;0;0;0;0;0;0;0;3.9542723449729715;52;0;0;0;0;0;5799.0;04;1;2;Hauptstrecke;H401;68;Warm (20° bis 31,99° C);Tag;Klar;Kalifornien;Frühling;Kollision;Main Track Authority;Human Factors;Güterzug, Güterzug;8058.3594876579855;Nicht Signifikant;False
6646;E1801;1991;5;6;36000.0;36000.0;2100.0;33900.0;2;0;0;1;0;0;0;0;32.5;1;0;0;0;0;0;183.53737171192955;02;5;3;Hauptstrecke;M503;65;Moderat (0° bis 19,99° C);Tag;Klar;Kalifornien;Frühling;Kollision;Other Miscellaneous;Miscellaneous Causes;EinzelneWagen, Lokomotive;30536.941216388157;Signifikant;False