index;INCDTNO;YEAR4;MONTH;DAY;ACCDMG;INFRASTRUCTURE_DMG;TRKDMG;EQPDMG;LOCOMOTIVES1;LOCOMOTIVES2;RREMPKLD;RREMPINJ;PASSKLD;PASSINJ;OTHERKLD;OTHERINJ;SPEED;LOADF1;LOADF2;EMPTYF1;EMPTYP1;LOADP1;EMPTYF2;TONS;TYPE;TYPEQ;TRKCLAS;TYPTRK;ACCAUSE;TEMP;TEMP_CLUSTER;VISIBLTY;WEATHER;STATE;Jahreszeit;ACCIDENT_TYPE;ACCCAUSE_LVL1;ACCCAUSE_LVL2;EQUIPMENT_TYPE;ACCDMG_EUR;ACCTYPE;SPD_TOO_HIGH
6647;E2013NOV2D;2013;11;18;566200.0;566200.0;83200.0;483000.0;7;0;0;0;0;0;0;0;9.926406551346263;76;9;163;0;0;2;5980.0;04;1;1;Nebenstrecke;T001;45;Moderat (0° bis 19,99° C);Tag;Klar;Illinois;Herbst;Kollision;Roadbed;Track, Roadbed and Structures;Güterzug, Güterzug;418879.92897832365;Signifikant;False
6648;E2975;1995;10;2;6400.0;6400.0;0.0;6400.0;2;0;0;0;0;0;0;0;2.958916643910756;41;0;9;0;0;1;5009.332079400571;04;7;2;Depot;H306;68;Warm (20° bis 31,99° C);Abend;Klar;Kalifornien;Herbst;Kollision;General Switching Rules;Human Factors;Depot/Rangieren, EinzelneWagen;5428.789549580117;Nicht Signifikant;False
6649;E2976;1996;10;8;11550.0;11550.0;0.0;11550.0;8;0;0;0;0;0;0;0;10.0;13;0;11;0;0;0;4034.8899735913355;05;1;1;Depot;H995;65;Moderat (0° bis 19,99° C);Abend;Klar;Kalifornien;Herbst;Kollision;Miscellaneous;Human Factors;Güterzug, Lokomotive;9797.268640257867;Nicht Signifikant;False
6650;E3112;1992;6;30;11400.0;11400.0;7000.0;4400.0;3;0;0;0;0;0;0;0;4.949628046035187;0;0;65;0;0;7;2059.1568532327665;04;7;1;Depot;H306;70;Warm (20° bis 31,99° C);Abend;Klar;Kalifornien;Sommer;Kollision;General Switching Rules;Human Factors;Depot/Rangieren, EinzelneWagen;9670.031385189583;Nicht Signifikant;False
6651;E3245;1995;11;12;16350.0;16350.0;1500.0;14850.0;2;0;0;0;0;0;0;0;4.949628046035187;25;6;6;0;0;0;3214.0482676669453;04;7;1;Depot;H306;65;Moderat (0° bis 19,99° C);Abend;Klar;Kalifornien;Herbst;Kollision;General Switching Rules;Human Factors;Depot/Rangieren, EinzelneWagen;13868.860802442954;Nicht Signifikant;False
6652;E3845;1985;8;15;41440.0;41440.0;5690.0;35750.0;2;1;0;0;0;0;0;0;3.0;54;2;73;0;0;4;8221.0;04;7;1;Depot;H702;61;Moderat (0° bis 19,99° C);Abend;Klar;Kalifornien;Sommer;Kollision;Switches, Use of;Human Factors;Depot/Rangieren, Güterzug;35151.412333531254;Nicht Signifikant;False
6653;E911Y156;1991;8;21;8450.0;8450.0;750.0;7700.0;2;1;0;0;0;0;0;0;1.9635609428485408;16;1;28;0;0;0;2494.0;04;7;3;Depot;H401;75;Warm (20° bis 31,99° C);Tag;Klar;Wisconsion;Sommer;Kollision;Main Track Authority;Human Factors;Depot/Rangieren, Depot/Rangieren;7167.698702179998;Nicht Signifikant;False
6654;E931Y019;1993;2;8;39000.0;39000.0;0.0;39000.0;2;0;0;0;0;0;0;0;0.0;0;0;0;0;0;0;69.7799471826711;03;8;3;Depot;H523;20;Kalt (-30° - 0,01° C);Tag;Klar;Wisconsion;Winter;Kollision;Train Handling/Train Makeup;Human Factors;Lokomotive, Lokomotive;33081.68631775384;Nicht Signifikant;False
6655;EA2;1985;2;14;9975.0;9975.0;0.0;9975.0;1;1;0;0;0;0;0;0;1.9635609428485408;37;1;15;0;0;0;4755.109848927875;04;6;3;Depot;H199;-10;Kalt (-30° - 0,01° C);Abend;Wolkig;Wisconsion;Winter;Kollision;Employee Physical Condition;Human Factors;EinzelneWagen, Lokomotive;8461.277462040885;Nicht Signifikant;False
6656;EA2;1987;3;21;164351.0;164351.0;0.0;164351.0;4;4;0;0;0;0;0;0;5.5;40;0;12;0;0;0;4606.889973591336;04;1;2;Hauptstrecke;H017;40;Moderat (0° bis 19,99° C);Tag;Klar;Wisconsion;Frühling;Kollision;Brakes, Use of;Human Factors;Güterzug, Lokomotive;139410.4673848503;Nicht Signifikant;False
6657;EA6;1985;2;7;5830.0;5830.0;0.0;5830.0;0;0;0;0;0;0;0;0;7.935695149221832;2;0;1;0;0;0;327.7412064521764;04;5;1;Industriestrecke;E09C;15;Kalt (-30° - 0,01° C);Tag;Klar;Michigan;Winter;Kollision;Brakes;Mechanical and Electrical Failures;EinzelneWagen, EinzelneWagen;4945.287980320638;Nicht Signifikant;False
6658;EA6;1987;6;21;84100.0;84100.0;7100.0;77000.0;4;0;0;0;0;0;0;0;3.0;60;6;17;0;0;0;7545.4792683393125;04;7;1;Depot;H021;66;Moderat (0° bis 19,99° C);Tag;Regen;Wisconsion;Sommer;Kollision;Brakes, Use of;Human Factors;Depot/Rangieren, EinzelneWagen;71337.68767495122;Nicht Signifikant;False
6659;EA8;1986;8;14;16540.0;16540.0;240.0;16300.0;2;0;0;0;0;0;0;0;15.898540757719555;6;1;11;0;0;0;1106.844047676908;04;6;1;Depot;H702;70;Warm (20° bis 31,99° C);Tag;Wolkig;Wisconsion;Sommer;Kollision;Switches, Use of;Human Factors;EinzelneWagen, Lokomotive;14030.027992196114;Nicht Signifikant;True
6660;EA9;1985;3;25;5600.0;5600.0;0.0;5600.0;1;0;0;0;0;0;0;0;2.0;41;0;23;0;0;1;4324.662543974066;04;7;1;Depot;H020;30;Kalt (-30° - 0,01° C);Abend;Klar;Wisconsion;Frühling;Kollision;Brakes, Use of;Human Factors;Depot/Rangieren, EinzelneWagen;4750.190855882603;Nicht Signifikant;False
6661;EI87006;1987;4;20;6600.0;6600.0;3000.0;3600.0;1;0;0;0;0;0;0;0;2.958916643910756;5;0;12;0;0;2;959.6020592656845;04;7;1;Depot;H302;85;Warm (20° bis 31,99° C);Tag;Klar;Illinois;Frühling;Kollision;General Switching Rules;Human Factors;Depot/Rangieren, EinzelneWagen;5598.439223004495;Nicht Signifikant;False
6662;EI87013;1987;6;19;17500.0;17500.0;7500.0;10000.0;2;1;0;1;0;0;0;0;4.5;9;2;11;0;0;0;1034.8899735913355;04;7;3;Hauptstrecke;H211;90;Heiß (>= 32° C);Tag;Wolkig;Iowa;Frühling;Kollision;Flagging, Fixed, Hand and Radio Signals;Human Factors;Depot/Rangieren, Lokomotive;14844.346424633131;Signifikant;False
6663;EI87018;1987;7;29;7000.0;7000.0;0.0;7000.0;6;0;0;0;0;0;0;0;3.0;22;0;52;0;0;0;3700.0;04;1;3;Hauptstrecke;H021;80;Warm (20° bis 31,99° C);Tag;Klar;Iowa;Sommer;Kollision;Brakes, Use of;Human Factors;Güterzug, Güterzug;5937.738569853253;Nicht Signifikant;False
6664;EI88007;1988;7;30;661018.0;661018.0;60000.0;601018.0;5;5;2;2;0;0;0;0;14.903185056657339;49;2;27;0;0;13;6633.0;02;1;3;Hauptstrecke;H404;90;Heiß (>= 32° C);Tag;Klar;Iowa;Sommer;Kollision;Main Track Authority;Human Factors;Güterzug, Güterzug;560707.4391381796;Schwer;False
6665;EQ20020604;2002;6;22;10289.0;10289.0;944.0;9345.0;2;0;0;5;0;15;0;0;9.926406551346263;0;0;0;2;12;0;610.4081864307318;03;2;1;Hauptstrecke;H499;90;Heiß (>= 32° C);Tag;Klar;New York;Sommer;Kollision;Main Track Authority;Human Factors;Personenzug, Personenzug;10624.376140157643;Schwer;False
6666;EQ20041001;2004;10;1;4254500.0;4254500.0;4500.0;4250000.0;2;1;0;0;0;0;0;0;6.5;0;0;0;12;0;0;301.0370759890127;04;7;1;Depot;H307;65;Moderat (0° bis 19,99° C);Morgendämmerung;Klar;New York;Herbst;Kollision;General Switching Rules;Human Factors;Depot/Rangieren, Depot/Rangieren;3427455.087408362;Schwer;False
6667;EQ20060402;2006;4;6;160253.0;160253.0;253.0;160000.0;2;0;0;0;0;1;0;0;5.0;0;0;0;0;14;0;655.5462290375089;04;2;2;Hauptstrecke;H221;45;Moderat (0° bis 19,99° C);Tag;Klar;New York;Frühling;Kollision;Flagging, Fixed, Hand and Radio Signals;Human Factors;Personenzug, Personenzug;130160.00649772579;Signifikant;False
6668;EQ20070401;2007;4;23;18600.0;18600.0;0.0;18600.0;2;0;0;0;0;0;0;0;3.9542723449729715;0;0;0;14;0;0;339.5799307900696;04;7;1;Depot;H307;65;Moderat (0° bis 19,99° C);Tag;Klar;New York;Frühling;Kollision;General Switching Rules;Human Factors;Depot/Rangieren, Depot/Rangieren;13719.849524231025;Nicht Signifikant;False
6669;EQ20070701;2007;7;9;42100.0;42100.0;100.0;42000.0;2;0;0;0;0;0;0;0;4.949628046035187;0;0;0;13;0;0;320.30850338954116;04;7;1;Depot;H307;90;Heiß (>= 32° C);Tag;Klar;New York;Sommer;Kollision;General Switching Rules;Human Factors;Depot/Rangieren, Depot/Rangieren;30908.15652301593;Nicht Signifikant;False
6670;EQ20070802;2007;8;7;145000.0;145000.0;0.0;145000.0;2;0;0;0;0;0;0;0;1.9635609428485408;0;0;0;2;0;0;108.32280198372803;04;7;1;Depot;H607;75;Warm (20° bis 31,99° C);Abend;Klar;New York;Sommer;Kollision;Speed;Human Factors;Depot/Rangieren, Depot/Rangieren;105118.16731912426;Nicht Signifikant;False
6671;EQ20080302;2008;3;27;1549000.0;1549000.0;99000.0;1450000.0;2;0;0;1;0;1;0;0;11.917117953470694;0;0;0;0;16;0;764.7503505515051;01;2;1;Hauptstrecke;S099;45;Moderat (0° bis 19,99° C);Tag;Wolkig;New York;Frühling;Entgleisung;other software/programming deficiencies, etc.);Signal and Communication;Personenzug, Personenzug;981249.2081591283;Signifikant;False
6672;EQ20080303;2008;3;26;162428.0;162428.0;428.0;162000.0;2;0;0;0;0;0;0;0;4.949628046035187;0;0;0;12;0;0;301.0370759890127;04;7;1;Depot;H307;40;Moderat (0° bis 19,99° C);Tag;Klar;New York;Frühling;Kollision;General Switching Rules;Human Factors;Depot/Rangieren, Depot/Rangieren;103391.47040101847;Nicht Signifikant;False
6673;EQ20080802;2008;8;19;224500.0;224500.0;2500.0;222000.0;2;0;0;0;0;0;0;0;3.9542723449729715;0;0;0;14;0;0;339.5799307900696;04;7;1;Depot;H307;75;Warm (20° bis 31,99° C);Abend;Klar;New York;Sommer;Kollision;General Switching Rules;Human Factors;Depot/Rangieren, Depot/Rangieren;152960.41425359406;Signifikant;False
6674;EQ20081102;2008;11;19;32966.0;32966.0;3552.0;29414.0;3;0;0;0;0;3;0;0;8.5;0;0;0;0;8;0;404.50353681400696;04;2;1;Hauptstrecke;H221;28;Kalt (-30° - 0,01° C);Morgendämmerung;Klar;New York;Herbst;Kollision;Flagging, Fixed, Hand and Radio Signals;Human Factors;Personenzug, Personenzug;26093.08215925281;Signifikant;False
6675;EQ20081201;2008;12;26;54800.0;54800.0;16800.0;38000.0;1;1;0;0;0;0;0;0;3.9542723449729715;0;0;0;3;0;0;127.5942293842565;04;7;1;Depot;H307;35;Moderat (0° bis 19,99° C);Abend;Klar;New York;Winter;Kollision;General Switching Rules;Human Factors;Depot/Rangieren, EinzelneWagen;38834.95145631068;Nicht Signifikant;False
6676;EQ20090703;2009;7;24;46034.0;46034.0;834.0;45200.0;2;0;0;0;0;0;0;0;13.5;0;0;0;9;11;0;703.4677295305141;04;2;4;Hauptstrecke;H221;80;Warm (20° bis 31,99° C);Abend;Klar;New York;Sommer;Kollision;Flagging, Fixed, Hand and Radio Signals;Human Factors;Personenzug, Personenzug;32356.78639207141;Nicht Signifikant;False
6677;EQ20090902;2009;9;29;48937.0;48937.0;1937.0;47000.0;2;0;0;0;0;0;0;0;6.940339448159618;0;0;0;14;0;0;339.5799307900696;04;7;1;Depot;H607;60;Moderat (0° bis 19,99° C);Abend;Klar;New York;Herbst;Kollision;Speed;Human Factors;Depot/Rangieren, Depot/Rangieren;33635.98872774761;Nicht Signifikant;False
6678;EQ20110801;2011;8;8;50500.0;50500.0;10500.0;40000.0;0;0;0;2;0;0;0;0;8.931050850284048;0;0;0;22;0;0;493.75134999429736;03;E;4;Hauptstrecke;H605;80;Warm (20° bis 31,99° C);Morgendämmerung;Klar;New York;Sommer;Kollision;Speed;Human Factors;Personenzug, Personenzug;35500.87873462214;Signifikant;False
6679;EQ20130601;2013;6;4;2112000.0;2112000.0;0.0;2112000.0;2;0;0;3;0;0;0;0;14.870913408876453;0;0;3;0;0;0;196.0091514069719;03;A;1;Hauptstrecke;H999;75;Warm (20° bis 31,99° C);Tag;Klar;New York;Frühling;Kollision;Miscellaneous;Human Factors;Wartungszug, Wartungszug, Wartungszug;1613198.900091659;Signifikant;True
6680;EQ20150704;2015;7;17;75789.0;75789.0;0.0;75789.0;0;0;0;0;0;1;0;0;12.91247365453291;0;0;0;0;17;0;781.0675751492598;04;D;2;Hauptstrecke;H221;73;Warm (20° bis 31,99° C);Tag;Klar;New York;Sommer;Kollision;Flagging, Fixed, Hand and Radio Signals;Human Factors;Personenzug, Personenzug;69601.43263844246;Signifikant;False
6681;EQ20161001;2016;10;8;9665437.0;9665437.0;1465437.0;8200000.0;1;1;0;4;0;36;0;0;32.5;1;1;0;0;12;0;730.7550212629092;01;D;4;Hauptstrecke;H702;67;Moderat (0° bis 19,99° C);Abend;Regen;New York;Herbst;Entgleisung;Switches, Use of;Human Factors;Personenzug, Wartungszug;8671145.633971293;Schwer;False
6682;EQ850502;1985;5;23;29820.0;29820.0;2000.0;27820.0;7;1;0;0;0;0;0;0;4.949628046035187;0;0;0;0;0;0;69.7799471826711;01;7;1;Depot;H702;72;Warm (20° bis 31,99° C);Abend;Wolkig;New York;Frühling;Entgleisung;Switches, Use of;Human Factors;Depot/Rangieren, Lokomotive;25294.766307574857;Nicht Signifikant;False
6683;EQ861002;1986;10;24;30000.0;30000.0;0.0;30000.0;2;0;0;0;0;0;0;0;15.0;0;0;0;10;0;0;259.97612452261365;04;8;1;Depot;H999;62;Moderat (0° bis 19,99° C);Tag;Klar;New York;Herbst;Kollision;Miscellaneous;Human Factors;Lokomotive, Personenzug;25447.4510136568;Nicht Signifikant;True
6684;EQ880102;1988;1;30;49161.0;49161.0;1161.0;48000.0;3;2;0;0;0;0;0;0;5.0;0;0;0;3;0;0;127.5942293842565;04;7;1;Depot;H209;27;Kalt (-30° - 0,01° C);Abend;Klar;New York;Winter;Kollision;Flagging, Fixed, Hand and Radio Signals;Human Factors;Depot/Rangieren, Lokomotive;41700.73797607939;Nicht Signifikant;False
6685;EQ880301;1988;3;1;162593.0;162593.0;14251.0;148342.0;3;2;0;0;0;0;0;0;5.0;0;0;0;0;0;0;69.7799471826711;01;7;1;Depot;H702;31;Kalt (-30° - 0,01° C);Abend;Klar;New York;Winter;Entgleisung;Switches, Use of;Human Factors;Depot/Rangieren, Lokomotive;137919.24675544997;Nicht Signifikant;False
6686;EQ880304;1988;3;28;12408.0;12408.0;3274.0;9134.0;2;0;0;0;0;0;0;0;5.0;30;1;0;0;0;0;2100.0;04;7;1;Depot;H999;37;Moderat (0° bis 19,99° C);Abenddämmerung;Klar;New York;Frühling;Kollision;Miscellaneous;Human Factors;Depot/Rangieren, Depot/Rangieren;10525.065739248452;Nicht Signifikant;False
6687;EQ880803;1988;8;29;44900.0;44900.0;0.0;44900.0;18;0;0;0;0;0;0;0;4.949628046035187;0;0;0;0;0;0;69.7799471826711;04;2;1;Depot;H307;65;Moderat (0° bis 19,99° C);Abenddämmerung;Klar;New York;Sommer;Kollision;General Switching Rules;Human Factors;Personenzug, Personenzug;38086.351683773006;Nicht Signifikant;False
6688;EQ891001;1989;10;18;36787.0;36787.0;20000.0;16787.0;2;0;0;0;0;0;0;0;14.903185056657339;16;2;0;0;0;0;1929.116821646434;03;6;X;Depot;H603;50;Moderat (0° bis 19,99° C);Abend;Wolkig;New York;Herbst;Kollision;Speed;Human Factors;EinzelneWagen, Lokomotive;31204.51268131309;Nicht Signifikant;True
6689;EQ891003;1989;10;22;70707.0;70707.0;9000.0;61707.0;22;5;0;3;0;0;0;0;0.0;0;0;0;0;0;0;69.7799471826711;03;2;1;Nebenstrecke;M503;50;Moderat (0° bis 19,99° C);Abend;Klar;New York;Herbst;Kollision;Other Miscellaneous;Miscellaneous Causes;Personenzug, Personenzug;59977.0972940877;Signifikant;False
6690;EQ900902;1990;9;21;82067.0;82067.0;1427.0;80640.0;2;0;0;0;0;0;0;0;4.949628046035187;0;0;0;18;0;0;415.40659205951243;01;2;X;Depot;H702;68;Warm (20° bis 31,99° C);Morgendämmerung;Wolkig;New York;Sommer;Entgleisung;Switches, Use of;Human Factors;Personenzug, Personenzug;69613.19874459242;Nicht Signifikant;True
6691;EQ901101;1990;11;19;38886.0;38886.0;23034.0;15852.0;2;2;0;0;0;0;0;0;9.926406551346263;28;1;3;0;0;3;2090.6693080825216;03;6;1;Nebenstrecke;H401;60;Moderat (0° bis 19,99° C);Abenddämmerung;Klar;New York;Herbst;Kollision;Main Track Authority;Human Factors;EinzelneWagen, Güterzug;32984.98600390194;Nicht Signifikant;False
6692;EQ901202;1990;12;28;30000.0;30000.0;0.0;30000.0;3;0;0;0;0;0;0;0;4.949628046035187;0;0;0;0;0;0;69.7799471826711;04;8;1;Depot;H401;28;Kalt (-30° - 0,01° C);Abend;Schnee;New York;Winter;Kollision;Main Track Authority;Human Factors;Lokomotive, Lokomotive;25447.4510136568;Nicht Signifikant;False
6693;EQ910101;1991;1;30;9720.0;9720.0;0.0;9720.0;6;0;0;0;0;0;0;0;1.9635609428485408;0;0;0;4;0;0;146.86565678478496;04;7;1;Depot;H307;32;Moderat (0° bis 19,99° C);Abend;Regen;New York;Winter;Kollision;General Switching Rules;Human Factors;Depot/Rangieren, EinzelneWagen;8244.974128424803;Nicht Signifikant;False
6694;EQ910501;1991;5;15;110176.0;110176.0;0.0;109676.0;5;0;0;3;0;0;0;0;4.949628046035187;0;0;0;9;6;0;494.2654860109292;02;2;4;Hauptstrecke;T499;70;Warm (20° bis 31,99° C);Tag;Klar;New York;Frühling;Kollision;Other Way and Structure;Track, Roadbed and Structures;Personenzug, Personenzug;93456.61209602171;Signifikant;False
6695;EQ910901;1991;9;12;23648.0;23648.0;128.0;23520.0;2;0;0;0;0;0;0;0;4.949628046035187;0;0;0;20;0;0;455.2084951932404;04;2;1;Depot;H307;60;Moderat (0° bis 19,99° C);Abend;Klar;New York;Sommer;Kollision;General Switching Rules;Human Factors;Personenzug, Personenzug;20059.37738569853;Nicht Signifikant;False
6696;EQ911103;1991;11;18;71281.0;71281.0;501.0;70780.0;2;0;0;0;0;0;0;0;7.5;0;0;0;14;6;0;590.6226230135715;04;7;1;Hauptstrecke;H999;60;Moderat (0° bis 19,99° C);Tag;Klar;New York;Herbst;Kollision;Miscellaneous;Human Factors;Depot/Rangieren, Personenzug;60463.99185681567;Nicht Signifikant;False
6697;EQ911104;1991;11;10;72600.0;72600.0;0.0;72600.0;4;0;0;0;0;0;0;0;5.0;0;0;0;0;0;0;69.7799471826711;04;7;1;Depot;H401;60;Moderat (0° bis 19,99° C);Morgendämmerung;Klar;New York;Herbst;Kollision;Main Track Authority;Human Factors;Depot/Rangieren, Depot/Rangieren;61582.831453049446;Nicht Signifikant;False
6698;EQ921101;1992;11;13;27982.0;27982.0;0.0;27982.0;2;0;0;0;0;0;0;0;5.0;0;0;0;2;0;0;108.32280198372803;04;7;4;Depot;H307;55;Moderat (0° bis 19,99° C);Abend;Klar;New York;Herbst;Kollision;General Switching Rules;Human Factors;Depot/Rangieren, EinzelneWagen;23735.685808804817;Nicht Signifikant;False
6699;EQ940108;1994;1;18;19640.0;19640.0;0.0;19640.0;4;0;0;2;0;0;0;0;5.0;0;0;0;8;0;0;223.95136638689883;02;7;4;Depot;H307;10;Kalt (-30° - 0,01° C);Abend;Schnee;New York;Winter;Kollision;General Switching Rules;Human Factors;Depot/Rangieren, Depot/Rangieren;16659.597930273983;Signifikant;False
6700;EQ940212;1994;2;20;40814.0;40814.0;0.0;40814.0;14;0;0;0;0;0;0;0;4.949628046035187;0;0;0;0;0;0;69.7799471826711;04;2;1;Depot;H307;50;Moderat (0° bis 19,99° C);Tag;Klar;New York;Winter;Kollision;General Switching Rules;Human Factors;Personenzug, Personenzug;34620.40885571295;Nicht Signifikant;False
6701;EQ940507;1994;5;18;20000.0;20000.0;0.0;20000.0;0;0;0;1;0;0;0;0;5.0;0;0;0;12;0;0;301.0370759890127;02;6;1;Depot;H307;55;Moderat (0° bis 19,99° C);Abend;Regen;New York;Frühling;Kollision;General Switching Rules;Human Factors;EinzelneWagen, EinzelneWagen;16964.967342437863;Signifikant;False
6702;EQ940704;1994;7;27;56000.0;56000.0;0.0;56000.0;3;0;0;0;0;0;0;0;65.0;0;0;0;0;17;0;781.0675751492598;09;2;4;Hauptstrecke;M404;85;Warm (20° bis 31,99° C);Abenddämmerung;Wolkig;New York;Sommer;Kollision;Unusual Operational Situations;Miscellaneous Causes;Personenzug, Personenzug;47501.90855882602;Nicht Signifikant;False
6703;EQ941102;1994;11;9;1016490.0;1016490.0;3227.0;1013270.0;3;0;0;0;0;0;0;0;9.926406551346263;0;0;0;15;0;0;358.8513581905981;03;2;4;Depot;H307;50;Moderat (0° bis 19,99° C);Abend;Klar;New York;Herbst;Kollision;General Switching Rules;Human Factors;Personenzug, Personenzug;862235.9826957333;Signifikant;False
6704;EQ950105;1995;1;31;23949.0;23949.0;0.0;23949.0;0;0;0;1;0;0;0;0;5.0;0;0;0;4;0;0;145.6066084521139;03;6;1;Depot;H702;25;Kalt (-30° - 0,01° C);Tag;Klar;New York;Winter;Kollision;Switches, Use of;Human Factors;EinzelneWagen, EinzelneWagen;20314.700144202223;Signifikant;False
6705;EQ950607;1995;6;28;10166.0;10166.0;376.0;9790.0;1;0;0;0;0;0;0;0;5.0;0;0;0;11;0;0;281.7656485884842;04;6;1;Depot;H008;70;Warm (20° bis 31,99° C);Abend;Klar;New York;Sommer;Kollision;Brakes, Use of;Human Factors;EinzelneWagen, Lokomotive;8623.292900161166;Nicht Signifikant;False
6706;EQ951112;1995;11;29;9962.0;9962.0;0.0;9962.0;2;0;0;0;0;0;0;0;2.0;0;0;0;14;0;0;339.5799307900696;03;2;1;Depot;H307;32;Moderat (0° bis 19,99° C);Tag;Schnee;New York;Herbst;Kollision;General Switching Rules;Human Factors;Personenzug, Personenzug;8450.2502332683;Nicht Signifikant;False
6707;EQ960107;1996;1;5;15078.0;15078.0;0.0;15078.0;2;0;0;0;0;0;0;0;0.9682052417863254;0;0;0;4;0;0;146.86565678478496;03;7;1;Depot;E49C;20;Kalt (-30° - 0,01° C);Abend;Klar;New York;Winter;Kollision;Truck Components;Mechanical and Electrical Failures;Depot/Rangieren, Depot/Rangieren;12789.888879463906;Nicht Signifikant;False
6708;EQ960108;1996;1;5;10822.0;10822.0;0.0;10822.0;2;0;0;0;0;0;0;0;0.9682052417863254;0;0;0;6;0;0;185.4085115858419;03;7;1;Depot;E49C;20;Kalt (-30° - 0,01° C);Tag;Klar;New York;Winter;Kollision;Truck Components;Mechanical and Electrical Failures;Depot/Rangieren, Depot/Rangieren;9179.743828993129;Nicht Signifikant;False
6709;EQ960504;1996;5;11;11551.0;11551.0;0.0;11551.0;2;0;0;0;0;0;0;0;5.0;0;0;0;12;0;0;301.0370759890127;02;7;1;Depot;H999;75;Warm (20° bis 31,99° C);Tag;Klar;New York;Frühling;Kollision;Miscellaneous;Human Factors;Depot/Rangieren, Depot/Rangieren;9798.116888624989;Nicht Signifikant;False
6710;EQ960901;1996;9;3;6343.0;6343.0;0.0;6343.0;3;0;0;0;0;0;0;0;4.949628046035187;0;0;0;0;0;0;69.7799471826711;04;8;1;Depot;H302;65;Moderat (0° bis 19,99° C);Abend;Klar;New York;Sommer;Kollision;General Switching Rules;Human Factors;Lokomotive, Lokomotive;5380.439392654169;Nicht Signifikant;False
6711;F0503;1993;2;23;8495.0;8495.0;0.0;8495.0;1;0;0;0;0;0;0;0;0.9682052417863254;60;2;0;0;0;0;1900.8603825280263;04;7;1;Depot;H306;60;Moderat (0° bis 19,99° C);Tag;Klar;Texas;Winter;Kollision;General Switching Rules;Human Factors;Depot/Rangieren, EinzelneWagen;7205.869878700483;Nicht Signifikant;False
6712;F0632;1992;2;5;40000.0;40000.0;0.0;40000.0;3;0;0;0;0;0;0;0;3.9542723449729715;30;0;0;0;0;0;3776.647398120594;09;5;1;Depot;H017;55;Moderat (0° bis 19,99° C);Abend;Wolkig;Texas;Winter;Kollision;Brakes, Use of;Human Factors;EinzelneWagen, Güterzug;33929.93468487573;Nicht Signifikant;False
6713;F084;1995;1;24;724749.0;724749.0;5000.0;719749.0;3;3;0;3;0;0;0;0;13.5;50;4;14;0;0;0;4986.0;02;7;3;Hauptstrecke;H605;20;Kalt (-30° - 0,01° C);Tag;Wolkig;Wisconsion;Winter;Kollision;Speed;Human Factors;Depot/Rangieren, Güterzug;614767.155823225;Signifikant;False
6714;F109;1995;6;15;173055.0;173055.0;5000.0;168055.0;3;1;0;0;0;0;0;0;4.0;14;0;31;0;0;0;2394.8899735913355;04;7;1;Depot;E09L;59;Moderat (0° bis 19,99° C);Abend;Klar;Wisconsion;Frühling;Kollision;Brakes;Mechanical and Electrical Failures;Depot/Rangieren, Lokomotive;146793.62117227924;Nicht Signifikant;False
6715;F1316;1996;9;8;63057.0;63057.0;3000.0;60057.0;6;0;0;0;0;0;0;0;5.944983747097401;51;1;28;0;0;2;6094.0;04;7;1;Depot;H307;80;Warm (20° bis 31,99° C);Abend;Klar;Arizona;Sommer;Kollision;General Switching Rules;Human Factors;Depot/Rangieren, Güterzug;53487.99728560522;Nicht Signifikant;False
6716;F1775;1995;10;15;110000.0;110000.0;1000.0;109000.0;8;0;0;0;0;0;0;0;34.0;84;2;0;0;0;0;9366.0;03;1;4;Hauptstrecke;H204;70;Warm (20° bis 31,99° C);Abend;Klar;Arizona;Herbst;Kollision;Flagging, Fixed, Hand and Radio Signals;Human Factors;Güterzug, Güterzug;93307.32038340825;Nicht Signifikant;False
6717;F1985;1995;11;10;51200.0;51200.0;1200.0;50000.0;2;0;0;0;0;0;0;0;9.926406551346263;10;0;50;0;0;3;3134.8899735913355;04;7;1;Depot;H306;70;Warm (20° bis 31,99° C);Abend;Klar;Arizona;Herbst;Kollision;General Switching Rules;Human Factors;Depot/Rangieren, Lokomotive;43430.316396640934;Nicht Signifikant;False
6718;FA0061;1994;2;21;8870.0;8870.0;1870.0;7000.0;3;0;0;0;0;0;0;0;5.944983747097401;0;0;6;0;0;0;252.4584084486016;09;7;1;Depot;H399;0;Kalt (-30° - 0,01° C);Tag;Klar;Minnesota;Winter;Kollision;General Switching Rules;Human Factors;Depot/Rangieren, Lokomotive;7523.963016371193;Nicht Signifikant;False
6719;FA0285;1995;10;4;35000.0;35000.0;0.0;35000.0;4;0;0;0;0;0;0;0;9.926406551346263;63;0;21;0;0;0;8565.336383802323;09;5;3;Hauptstrecke;H499;70;Warm (20° bis 31,99° C);Tag;Wolkig;North Dakota;Herbst;Kollision;Main Track Authority;Human Factors;EinzelneWagen, Güterzug;29688.692849266263;Nicht Signifikant;False