index;INCDTNO;YEAR4;MONTH;DAY;ACCDMG;INFRASTRUCTURE_DMG;TRKDMG;EQPDMG;LOCOMOTIVES1;LOCOMOTIVES2;RREMPKLD;RREMPINJ;PASSKLD;PASSINJ;OTHERKLD;OTHERINJ;SPEED;LOADF1;LOADF2;EMPTYF1;EMPTYP1;LOADP1;EMPTYF2;TONS;TYPE;TYPEQ;TRKCLAS;TYPTRK;ACCAUSE;TEMP;TEMP_CLUSTER;VISIBLTY;WEATHER;STATE;Jahreszeit;ACCIDENT_TYPE;ACCCAUSE_LVL1;ACCCAUSE_LVL2;EQUIPMENT_TYPE;ACCDMG_EUR;ACCTYPE;SPD_TOO_HIGH
6720;FA0361;1993;6;29;7800.0;7800.0;1300.0;6500.0;0;0;0;0;0;0;0;0;5.0;0;0;4;0;0;2;194.52565726543855;01;6;1;Depot;M105;55;Moderat (0° bis 19,99° C);Tag;Regen;Minnesota;Sommer;Entgleisung;Environmental Conditions;Environmental Conditions;EinzelneWagen, EinzelneWagen;6616.337263550768;Nicht Signifikant;False
6721;FEB0185;1985;2;15;77150.0;77150.0;800.0;76350.0;2;0;0;0;0;0;0;0;3.5;0;0;79;0;0;5;2482.4465269477905;04;7;2;Hauptstrecke;H018;45;Moderat (0° bis 19,99° C);Abend;Klar;Texas;Winter;Kollision;Brakes, Use of;Human Factors;Depot/Rangieren, EinzelneWagen;65442.36152345406;Nicht Signifikant;False
6722;FEB0186;1986;2;16;13450.0;13450.0;0.0;13450.0;2;0;0;0;0;0;0;0;3.9542723449729715;23;0;12;0;0;0;3051.557633887477;04;7;2;Depot;H020;66;Moderat (0° bis 19,99° C);Abend;Wolkig;Texas;Winter;Kollision;Brakes, Use of;Human Factors;Depot/Rangieren, EinzelneWagen;11408.940537789464;Nicht Signifikant;False
6723;FEB0187;1987;2;20;18800.0;18800.0;1000.0;17800.0;2;0;0;0;0;0;0;0;4.949628046035187;23;1;14;0;0;0;3132.0594953072678;04;7;2;Depot;H020;55;Moderat (0° bis 19,99° C);Tag;Wolkig;Texas;Winter;Kollision;Brakes, Use of;Human Factors;Depot/Rangieren, Güterzug;15947.069301891594;Nicht Signifikant;False
6724;FEB200101;2001;2;9;134014.0;134014.0;6400.0;127614.0;4;0;0;0;0;0;0;0;7.935695149221832;59;9;136;0;0;1;11100.141186703077;06;7;1;Depot;H503;45;Moderat (0° bis 19,99° C);Abend;Klar;Texas;Winter;Kollision;Train Handling/Train Makeup;Human Factors;Depot/Rangieren, EinzelneWagen;145241.14013222067;Nicht Signifikant;False
6725;FEB9401;1994;2;7;33644.0;33644.0;2644.0;31000.0;4;0;0;0;0;0;0;0;4.949628046035187;22;1;24;0;0;2;3325.726242126707;04;7;1;Depot;H020;65;Moderat (0° bis 19,99° C);Tag;Wolkig;Texas;Winter;Kollision;Brakes, Use of;Human Factors;Depot/Rangieren, Depot/Rangieren;28538.468063448978;Nicht Signifikant;False
6726;FEB9402;1994;2;9;113093.0;113093.0;4343.0;108750.0;2;0;0;0;0;0;0;0;4.949628046035187;70;4;11;0;0;3;8450.586444401113;04;7;1;Depot;H020;60;Moderat (0° bis 19,99° C);Abend;Klar;Texas;Winter;Kollision;Brakes, Use of;Human Factors;Depot/Rangieren, EinzelneWagen;95930.95258291627;Nicht Signifikant;False
6727;FEB9502;1995;2;23;6500.0;6500.0;0.0;6500.0;2;0;0;0;0;0;0;0;2.958916643910756;19;0;26;0;0;0;3022.777678724281;04;7;1;Depot;H020;78;Warm (20° bis 31,99° C);Tag;Klar;Texas;Winter;Kollision;Brakes, Use of;Human Factors;Depot/Rangieren, EinzelneWagen;5513.614386292306;Nicht Signifikant;False
6728;FEB9801;1998;2;23;31835.0;31835.0;4194.0;27641.0;1;1;0;0;0;0;0;0;5.944983747097401;8;1;5;0;0;0;1151.6804354694946;04;7;1;Depot;H401;75;Warm (20° bis 31,99° C);Tag;Klar;Texas;Winter;Kollision;Main Track Authority;Human Factors;Depot/Rangieren, EinzelneWagen;27003.98676732547;Nicht Signifikant;False
6729;FW0018;1992;1;10;3250.0;3250.0;0.0;6500.0;0;0;0;0;0;0;0;0;3.0;0;0;2;0;0;0;130.67276760464793;09;5;1;Industriestrecke;H999;58;Moderat (0° bis 19,99° C);Tag;Klar;Texas;Winter;Kollision;Miscellaneous;Human Factors;EinzelneWagen, EinzelneWagen;2756.807193146153;Nicht Signifikant;False
6730;FW0053;1995;2;26;10900.0;10900.0;2600.0;8300.0;4;0;0;0;0;0;0;0;1.5;116;2;22;0;0;2;13977.640368452841;01;7;1;Depot;H020;50;Moderat (0° bis 19,99° C);Abend;Nebel;Texas;Winter;Entgleisung;Brakes, Use of;Human Factors;Depot/Rangieren, Depot/Rangieren;9245.907201628637;Nicht Signifikant;False
6731;FW0078;1988;11;5;6000.0;6000.0;0.0;6000.0;2;0;0;0;0;0;0;0;9.926406551346263;29;1;0;0;0;0;3448.647398120594;01;6;1;Industriestrecke;T222;65;Moderat (0° bis 19,99° C);Tag;Klar;Oklahoma;Herbst;Entgleisung;Rail, Joint Bar and Rail Anchoring;Track, Roadbed and Structures;EinzelneWagen, Güterzug;5089.490202731359;Nicht Signifikant;False
6732;FW0120;1994;5;17;10000.0;10000.0;0.0;10000.0;0;0;0;0;0;0;0;0;14.903185056657339;2;0;0;0;0;0;297.294796241188;09;5;3;Hauptstrecke;H402;70;Warm (20° bis 31,99° C);Tag;Klar;Texas;Frühling;Kollision;Main Track Authority;Human Factors;EinzelneWagen, EinzelneWagen;8482.483671218932;Nicht Signifikant;False
6733;FW0125;1995;5;10;11000.0;11000.0;0.0;11000.0;0;0;0;0;0;0;0;0;19.879963561968417;0;0;2;0;0;0;130.67276760464793;09;5;4;Hauptstrecke;H402;85;Warm (20° bis 31,99° C);Tag;Klar;Texas;Frühling;Kollision;Main Track Authority;Human Factors;EinzelneWagen, EinzelneWagen;9330.732038340826;Nicht Signifikant;False
6734;FW0259;1993;5;17;25000.0;25000.0;0.0;25000.0;2;0;0;1;0;0;0;0;25.0;0;0;1;0;0;0;100.22635739365951;09;5;4;Hauptstrecke;H402;68;Warm (20° bis 31,99° C);Tag;Klar;Texas;Frühling;Kollision;Main Track Authority;Human Factors;EinzelneWagen, Lokomotive;21206.20917804733;Signifikant;False
6735;FW0304;1994;12;14;33000.0;33000.0;0.0;33000.0;3;0;0;0;0;0;0;0;26.847453469403924;23;0;1;0;0;0;4621.336383802324;09;5;4;Hauptstrecke;M104;50;Moderat (0° bis 19,99° C);Tag;Nebel;Texas;Herbst;Kollision;Environmental Conditions;Environmental Conditions;EinzelneWagen, Güterzug;27992.196115022478;Nicht Signifikant;False
6736;FW0314;1990;3;27;7300.0;7300.0;0.0;7300.0;2;0;0;0;0;0;0;0;3.9542723449729715;4;0;18;0;0;2;1017.0325369671502;01;6;1;Depot;H306;40;Moderat (0° bis 19,99° C);Abend;Wolkig;Texas;Frühling;Entgleisung;General Switching Rules;Human Factors;EinzelneWagen, Güterzug;6192.2130799898205;Nicht Signifikant;False
6737;FW0441;1991;5;8;21000.0;21000.0;0.0;21000.0;2;0;0;0;0;0;0;0;5.5;4;1;104;0;0;0;3352.528712706183;04;7;1;Depot;H025;55;Moderat (0° bis 19,99° C);Abend;Klar;Texas;Frühling;Kollision;Brakes, Use of;Human Factors;Depot/Rangieren, Güterzug;17813.215709559758;Nicht Signifikant;False
6738;FW0469;1991;5;19;42000.0;42000.0;0.0;42000.0;4;0;0;0;0;0;0;0;7.935695149221832;22;1;12;0;0;2;3153.3540757012197;01;6;1;Depot;T202;62;Moderat (0° bis 19,99° C);Abend;Klar;Texas;Frühling;Entgleisung;Rail, Joint Bar and Rail Anchoring;Track, Roadbed and Structures;EinzelneWagen, Güterzug;35626.431419119515;Nicht Signifikant;False
6739;FW0482;1992;5;18;8690.0;8690.0;0.0;8690.0;2;0;0;0;0;0;0;0;4.0;22;0;8;0;0;1;2817.4946031336717;01;7;2;Depot;H306;60;Moderat (0° bis 19,99° C);Abend;Wolkig;Oklahoma;Frühling;Entgleisung;General Switching Rules;Human Factors;Depot/Rangieren, Depot/Rangieren;7371.278310289253;Nicht Signifikant;False
6740;FW0565;1991;6;16;153500.0;153500.0;15000.0;138500.0;4;4;0;1;0;0;0;0;39.78707758321272;74;9;24;0;0;1;9432.321039994395;09;6;4;Hauptstrecke;H022;80;Warm (20° bis 31,99° C);Tag;Wolkig;Texas;Frühling;Kollision;Brakes, Use of;Human Factors;EinzelneWagen, Güterzug;130206.12435321062;Signifikant;False
6741;FW0578;1990;5;16;20000.0;20000.0;0.0;20000.0;2;0;0;1;0;0;0;0;11.0;10;1;0;0;0;0;1226.9632334730693;01;6;4;Hauptstrecke;H306;60;Moderat (0° bis 19,99° C);Abend;Klar;Oklahoma;Frühling;Entgleisung;General Switching Rules;Human Factors;EinzelneWagen, Lokomotive;16964.967342437863;Signifikant;False
6742;FW0602;1992;7;1;11340.0;11340.0;0.0;11340.0;1;0;0;0;0;0;0;0;7.935695149221832;0;0;12;0;0;1;436.61690433393903;04;7;2;Depot;H302;86;Warm (20° bis 31,99° C);Tag;Klar;Oklahoma;Sommer;Kollision;General Switching Rules;Human Factors;Depot/Rangieren, EinzelneWagen;9619.136483162269;Nicht Signifikant;False
6743;FW0614;1992;6;16;12300.0;12300.0;1000.0;11300.0;1;0;0;0;0;0;0;0;1.9635609428485408;14;3;0;0;0;0;1721.2110135857304;04;7;1;Depot;H702;92;Heiß (>= 32° C);Tag;Klar;Texas;Frühling;Kollision;Switches, Use of;Human Factors;Depot/Rangieren, EinzelneWagen;10433.454915599286;Nicht Signifikant;False
6744;FW0711;1991;7;23;19000.0;19000.0;0.0;19000.0;2;0;0;1;0;0;0;0;24.856742067279495;4;2;0;0;0;0;564.0277272953322;04;7;2;Depot;H021;80;Warm (20° bis 31,99° C);Abend;Klar;Oklahoma;Sommer;Kollision;Brakes, Use of;Human Factors;Depot/Rangieren, Güterzug;16116.718975315971;Signifikant;False
6745;FW0747;1991;7;30;2562830.0;2562830.0;35229.0;2527600.0;3;3;0;5;0;0;0;0;21.0;78;7;16;0;0;11;10362.0;02;1;3;Hauptstrecke;H404;96;Heiß (>= 32° C);Tag;Klar;Texas;Sommer;Kollision;Main Track Authority;Human Factors;Güterzug, Güterzug;2173916.3627110017;Schwer;False
6746;FW0989;1991;10;4;7030.0;7030.0;30.0;7000.0;4;0;0;0;0;0;0;0;6.0;1;1;116;0;0;4;3185.256439118408;04;5;3;Hauptstrecke;H018;70;Warm (20° bis 31,99° C);Tag;Wolkig;Texas;Herbst;Kollision;Brakes, Use of;Human Factors;EinzelneWagen, Güterzug;5963.1860208669095;Nicht Signifikant;False
6747;FW1108;1990;9;4;28000.0;28000.0;0.0;28000.0;3;0;0;0;0;0;0;0;7.5;11;2;12;0;0;5;1804.0;04;1;4;Hauptstrecke;H299;82;Warm (20° bis 31,99° C);Abend;Klar;Oklahoma;Sommer;Kollision;Flagging, Fixed, Hand and Radio Signals;Human Factors;Güterzug, Güterzug;23750.95427941301;Nicht Signifikant;False
6748;FW1230;1989;11;19;10000.0;10000.0;0.0;10000.0;4;0;0;0;0;0;0;0;3.9542723449729715;12;0;29;0;0;1;2319.2949722718436;01;1;2;Depot;M407;40;Moderat (0° bis 19,99° C);Abend;Klar;Oklahoma;Herbst;Entgleisung;Unusual Operational Situations;Miscellaneous Causes;Güterzug, Güterzug;8482.483671218932;Nicht Signifikant;False
6749;FW132;1985;4;3;117900.0;117900.0;18900.0;99000.0;4;0;0;0;0;0;0;0;44.5;61;10;37;0;0;9;8522.538950995466;06;6;4;Hauptstrecke;E39C;60;Moderat (0° bis 19,99° C);Abend;Klar;Texas;Frühling;Kollision;Coupler and Draft System;Mechanical and Electrical Failures;EinzelneWagen, Güterzug;100008.4824836712;Nicht Signifikant;False
6750;FW155;1988;12;15;19276.0;19276.0;0.0;16540.0;4;0;0;0;0;0;0;0;6.0;15;1;44;0;0;5;3860.90635516928;06;6;2;Hauptstrecke;M503;50;Moderat (0° bis 19,99° C);Tag;Klar;Texas;Herbst;Kollision;Other Miscellaneous;Miscellaneous Causes;EinzelneWagen, Güterzug;16350.835524641614;Nicht Signifikant;False
6751;FW432;1985;8;23;15550.0;15550.0;300.0;15250.0;1;0;0;0;0;0;0;0;4.949628046035187;8;2;1;0;0;0;1049.5038356233545;01;7;1;Depot;T314;90;Heiß (>= 32° C);Tag;Klar;Texas;Sommer;Entgleisung;Frogs, Switches and Track Appliances;Track, Roadbed and Structures;Depot/Rangieren, EinzelneWagen;13190.26210874544;Nicht Signifikant;False
6752;FW573;1989;6;19;20000.0;20000.0;0.0;20000.0;0;0;0;0;0;0;0;0;14.903185056657339;2;0;0;0;0;0;297.294796241188;09;5;3;Hauptstrecke;H402;76;Warm (20° bis 31,99° C);Tag;Klar;Texas;Frühling;Kollision;Main Track Authority;Human Factors;EinzelneWagen, EinzelneWagen;16964.967342437863;Nicht Signifikant;False
6753;FW61;1988;11;4;10900.0;10900.0;100.0;10800.0;1;0;0;0;0;0;0;0;3.5;7;4;0;0;0;0;944.5180828787347;04;7;2;Industriestrecke;H020;65;Moderat (0° bis 19,99° C);Abend;Klar;Oklahoma;Herbst;Kollision;Brakes, Use of;Human Factors;Depot/Rangieren, EinzelneWagen;9245.907201628637;Nicht Signifikant;False
6754;FW66;1989;1;21;6000.0;6000.0;0.0;6000.0;0;0;0;0;0;0;0;0;19.879963561968417;0;0;2;0;0;0;130.67276760464793;09;5;2;Hauptstrecke;H402;60;Moderat (0° bis 19,99° C);Abenddämmerung;Klar;Texas;Winter;Kollision;Main Track Authority;Human Factors;EinzelneWagen, EinzelneWagen;5089.490202731359;Nicht Signifikant;False
6755;FW835;1989;8;21;14000.0;14000.0;0.0;14000.0;0;0;0;0;0;0;0;0;19.879963561968417;0;0;2;0;0;0;130.67276760464793;09;5;4;Hauptstrecke;H402;75;Warm (20° bis 31,99° C);Tag;Klar;Texas;Sommer;Kollision;Main Track Authority;Human Factors;EinzelneWagen, EinzelneWagen;11875.477139706505;Nicht Signifikant;False
6756;FW843;1989;8;22;6750.0;6750.0;0.0;6750.0;3;0;0;0;0;0;0;0;3.9542723449729715;10;2;10;0;0;0;1551.0363765807672;04;7;2;Depot;H314;89;Warm (20° bis 31,99° C);Tag;Wolkig;Oklahoma;Sommer;Kollision;General Switching Rules;Human Factors;Depot/Rangieren, Depot/Rangieren;5725.676478072779;Nicht Signifikant;False
6757;FW853;1989;8;22;135500.0;135500.0;0.0;135500.0;4;0;0;0;0;0;0;0;9.926406551346263;58;0;4;0;0;0;7604.91967170837;04;6;1;Hauptstrecke;H602;86;Warm (20° bis 31,99° C);Tag;Klar;Texas;Sommer;Kollision;Speed;Human Factors;EinzelneWagen, Güterzug;114937.65374501653;Nicht Signifikant;False
6758;G0635;1995;4;7;8700.0;8700.0;2000.0;6700.0;2;2;0;0;0;0;0;0;5.0;18;4;0;0;0;0;1425.0;04;7;1;Depot;H605;50;Moderat (0° bis 19,99° C);Abend;Wolkig;Texas;Frühling;Kollision;Speed;Human Factors;Depot/Rangieren, Depot/Rangieren;7379.760793960471;Nicht Signifikant;False
6759;G1017;1987;11;18;36000.0;36000.0;1000.0;35000.0;2;0;0;0;0;0;0;0;8.0;40;0;30;0;0;3;4332.0;04;1;1;Hauptstrecke;H602;32;Moderat (0° bis 19,99° C);Abend;Schnee;Michigan;Herbst;Kollision;Speed;Human Factors;Güterzug, Güterzug;30536.941216388157;Nicht Signifikant;False
6760;G1045;1988;1;8;269500.0;269500.0;42000.0;227500.0;2;0;0;0;0;0;0;0;20.0;17;10;0;0;0;0;2256.75199934373;03;6;2;Hauptstrecke;H020;5;Kalt (-30° - 0,01° C);Abenddämmerung;Schnee;Michigan;Winter;Kollision;Brakes, Use of;Human Factors;EinzelneWagen, Güterzug;228602.93493935023;Signifikant;False
6761;G1133;1988;5;19;12000.0;12000.0;0.0;12000.0;2;0;0;0;0;0;0;0;14.903185056657339;49;0;29;0;0;0;5530.0;02;1;2;Hauptstrecke;H999;73;Warm (20° bis 31,99° C);Tag;Klar;Illinois;Frühling;Kollision;Miscellaneous;Human Factors;Güterzug, Güterzug;10178.980405462718;Nicht Signifikant;False
6762;G1147;1988;6;9;20000.0;20000.0;2000.0;18000.0;5;0;0;0;0;0;0;0;3.9542723449729715;67;2;53;0;0;0;7950.0;05;7;1;Depot;H305;60;Moderat (0° bis 19,99° C);Abend;Klar;Wisconsion;Frühling;Kollision;General Switching Rules;Human Factors;Depot/Rangieren, Depot/Rangieren;16964.967342437863;Nicht Signifikant;False
6763;G1288;1989;1;27;36459.0;36459.0;9000.0;27459.0;6;0;0;0;0;0;0;0;4.949628046035187;112;13;63;0;0;4;14009.0;01;1;1;Nebenstrecke;T199;28;Kalt (-30° - 0,01° C);Abend;Klar;Wisconsion;Winter;Entgleisung;Track Geometry;Track, Roadbed and Structures;Güterzug, Güterzug;30926.287216897104;Nicht Signifikant;False
6764;G1436;1996;11;13;10000.0;10000.0;0.0;10000.0;1;0;0;0;0;0;0;0;1.9635609428485408;0;0;25;0;0;1;819.0661613755688;04;7;1;Depot;H605;70;Warm (20° bis 31,99° C);Tag;Klar;Texas;Herbst;Kollision;Speed;Human Factors;Depot/Rangieren, EinzelneWagen;8482.483671218932;Nicht Signifikant;False
6765;G1446;1996;11;14;11650.0;11650.0;0.0;11650.0;1;0;0;0;0;0;0;0;3.5;36;0;17;0;0;0;5462.404822649853;04;7;1;Depot;H306;70;Warm (20° bis 31,99° C);Tag;Klar;Texas;Herbst;Kollision;General Switching Rules;Human Factors;Depot/Rangieren, EinzelneWagen;9882.093476970056;Nicht Signifikant;False
6766;G1500;1990;2;21;7600.0;7600.0;0.0;7600.0;3;0;0;1;0;0;0;0;16.0;53;0;16;0;0;0;6402.889973591336;03;1;2;Hauptstrecke;H401;35;Moderat (0° bis 19,99° C);Tag;Klar;Wisconsion;Winter;Kollision;Main Track Authority;Human Factors;Güterzug, Lokomotive;6446.687590126388;Signifikant;False
6767;G1501;1991;7;19;20800.0;20800.0;200.0;20600.0;4;1;0;0;0;0;0;0;4.0;43;0;38;0;0;0;6082.976406156021;04;7;2;Depot;H702;83;Warm (20° bis 31,99° C);Tag;Klar;Texas;Sommer;Kollision;Switches, Use of;Human Factors;Depot/Rangieren, Güterzug;17643.56603613538;Nicht Signifikant;False
6768;G1614;1990;9;12;14575.0;14575.0;0.0;14575.0;5;0;0;0;0;0;0;0;4.0;46;0;48;0;0;2;5184.0;04;7;1;Depot;H305;60;Moderat (0° bis 19,99° C);Abend;Klar;Wisconsion;Sommer;Kollision;General Switching Rules;Human Factors;Depot/Rangieren, Güterzug;12363.219950801595;Nicht Signifikant;False
6769;G1615;1990;9;16;7205.0;7205.0;0.0;7205.0;4;0;0;0;0;0;0;0;5.0;34;0;34;0;0;0;3976.0;04;1;4;Hauptstrecke;H018;53;Moderat (0° bis 19,99° C);Abend;Klar;Illinois;Sommer;Kollision;Brakes, Use of;Human Factors;Güterzug, Güterzug;6111.629485113241;Nicht Signifikant;False
6770;G1694;1990;12;2;7800.0;7800.0;0.0;7800.0;0;0;0;0;0;0;0;0;3.9542723449729715;3;0;1;0;0;0;441.49863098143487;04;6;1;Depot;H021;30;Kalt (-30° - 0,01° C);Abend;Schnee;Wisconsion;Herbst;Kollision;Brakes, Use of;Human Factors;EinzelneWagen, EinzelneWagen;6616.337263550768;Nicht Signifikant;False
6771;G1714;1991;1;30;10500.0;10500.0;500.0;10000.0;1;0;0;0;0;0;0;0;4.0;5;1;3;0;0;2;557.5002877813847;04;7;1;Depot;H018;5;Kalt (-30° - 0,01° C);Tag;Klar;Wisconsion;Winter;Kollision;Brakes, Use of;Human Factors;Depot/Rangieren, EinzelneWagen;8906.607854779879;Nicht Signifikant;False
6772;G1727;1991;2;7;8900.0;8900.0;0.0;8800.0;2;0;0;0;0;0;0;0;3.9664186973567914;18;2;8;0;0;2;2302.494793009894;04;7;1;Depot;H018;24;Kalt (-30° - 0,01° C);Abend;Nebel;Wisconsion;Winter;Kollision;Brakes, Use of;Human Factors;Depot/Rangieren, EinzelneWagen, EinzelneWagen;7549.41046738485;Nicht Signifikant;False
6773;G1728;1991;2;14;10702.0;10702.0;702.0;10000.0;1;0;0;0;0;0;0;0;4.949628046035187;7;2;37;0;0;0;1778.2081553927019;04;7;1;Depot;H306;15;Kalt (-30° - 0,01° C);Tag;Schnee;Wisconsion;Winter;Kollision;General Switching Rules;Human Factors;Depot/Rangieren, EinzelneWagen;9077.9540249385;Nicht Signifikant;False
6774;G1729;1991;2;11;57700.0;57700.0;200.0;57500.0;3;1;0;0;0;0;0;0;9.926406551346263;42;2;41;0;0;0;6135.11267805768;04;6;1;Nebenstrecke;H702;30;Kalt (-30° - 0,01° C);Abend;Klar;Illinois;Winter;Kollision;Switches, Use of;Human Factors;EinzelneWagen, Lokomotive;48943.93078293324;Nicht Signifikant;False
6775;G1817;1991;8;10;221000.0;221000.0;215000.0;6000.0;2;0;0;0;0;0;0;0;9.926406551346263;23;2;7;0;0;0;2689.1919452961447;01;6;1;Depot;M405;55;Moderat (0° bis 19,99° C);Abend;Klar;Wisconsion;Sommer;Entgleisung;Unusual Operational Situations;Miscellaneous Causes;EinzelneWagen, Güterzug;187462.8891339384;Signifikant;False
6776;G1996;1992;9;16;39712.0;39712.0;7212.0;32500.0;6;1;0;0;0;0;0;0;4.949628046035187;16;0;0;0;0;0;1889.8987396508066;01;6;1;Depot;M503;72;Warm (20° bis 31,99° C);Tag;Wolkig;Wisconsion;Sommer;Entgleisung;Other Miscellaneous;Miscellaneous Causes;EinzelneWagen, Lokomotive;33685.63915514462;Nicht Signifikant;False
6777;G2008;1992;10;9;7250.0;7250.0;0.0;7250.0;1;0;0;0;0;0;0;0;4.5;16;0;13;0;0;1;2046.5633185351899;04;7;1;Depot;H021;50;Moderat (0° bis 19,99° C);Abend;Regen;Michigan;Herbst;Kollision;Brakes, Use of;Human Factors;Depot/Rangieren, EinzelneWagen;6149.800661633726;Nicht Signifikant;False
6778;G2009;1992;10;26;19000.0;19000.0;0.0;19000.0;0;0;0;0;0;0;0;0;3.9542723449729715;13;0;21;0;0;1;2189.4811151131953;04;6;1;Depot;H702;40;Moderat (0° bis 19,99° C);Abend;Klar;Wisconsion;Herbst;Kollision;Switches, Use of;Human Factors;EinzelneWagen, EinzelneWagen;16116.718975315971;Nicht Signifikant;False
6779;G2022;1992;11;20;40000.0;40000.0;0.0;40000.0;4;0;0;0;0;0;0;0;11.917117953470694;19;0;1;0;0;0;2079.0;02;1;3;Hauptstrecke;H404;33;Moderat (0° bis 19,99° C);Tag;Regen;Wisconsion;Herbst;Kollision;Main Track Authority;Human Factors;Güterzug, Güterzug;33929.93468487573;Nicht Signifikant;False
6780;G2023;1992;11;25;35100.0;35100.0;4200.0;30900.0;2;0;0;0;0;0;0;0;3.9542723449729715;65;2;119;0;0;3;11320.248661009915;01;6;1;Nebenstrecke;H503;30;Kalt (-30° - 0,01° C);Tag;Wolkig;Wisconsion;Herbst;Entgleisung;Train Handling/Train Makeup;Human Factors;EinzelneWagen, Güterzug;29773.51768597845;Nicht Signifikant;False
6781;G2040;1992;12;1;7000.0;7000.0;0.0;7000.0;0;0;0;0;0;0;0;0;12.0;0;0;2;0;0;0;130.67276760464793;02;5;3;Hauptstrecke;H402;24;Kalt (-30° - 0,01° C);Tag;Schnee;Wisconsion;Herbst;Kollision;Main Track Authority;Human Factors;EinzelneWagen, EinzelneWagen;5937.738569853253;Nicht Signifikant;False
6782;G2041;1992;12;24;11000.0;11000.0;0.0;11000.0;9;0;0;0;0;0;0;0;4.949628046035187;0;0;0;0;0;0;69.7799471826711;02;8;1;Depot;H702;5;Kalt (-30° - 0,01° C);Tag;Klar;Wisconsion;Winter;Kollision;Switches, Use of;Human Factors;Lokomotive, Lokomotive;9330.732038340826;Nicht Signifikant;False
6783;G2152;1993;7;3;158120.0;158120.0;37820.0;120300.0;2;0;0;0;0;0;0;0;29.83352057259057;8;3;27;0;0;11;1615.336383802324;04;5;X;Industriestrecke;T101;58;Moderat (0° bis 19,99° C);Abend;Nebel;Wisconsion;Sommer;Kollision;Track Geometry;Track, Roadbed and Structures;EinzelneWagen, Güterzug;134125.03180931375;Nicht Signifikant;True
6784;G2171;1993;8;2;14150.0;14150.0;5000.0;9150.0;1;0;0;0;0;0;0;0;0.0;29;2;15;0;0;0;2766.861363948615;01;7;1;Depot;E21C;68;Warm (20° bis 31,99° C);Abend;Klar;Wisconsion;Sommer;Entgleisung;Body;Mechanical and Electrical Failures;Depot/Rangieren, EinzelneWagen;12002.71439477479;Nicht Signifikant;False
6785;G2189;1993;9;9;13250.0;13250.0;2250.0;11000.0;4;0;0;0;0;0;0;0;5.0;25;0;32;0;0;4;3393.0;04;1;1;Hauptstrecke;H210;50;Moderat (0° bis 19,99° C);Abend;Wolkig;Wisconsion;Sommer;Kollision;Flagging, Fixed, Hand and Radio Signals;Human Factors;Güterzug, Güterzug;11239.290864365086;Nicht Signifikant;False
6786;G2239;1993;12;16;7050.0;7050.0;100.0;6950.0;1;0;0;0;0;0;0;0;4.949628046035187;53;0;45;0;0;1;7278.280252991194;04;7;1;Depot;H307;35;Moderat (0° bis 19,99° C);Abend;Klar;Wisconsion;Herbst;Kollision;General Switching Rules;Human Factors;Depot/Rangieren, EinzelneWagen;5980.150988209348;Nicht Signifikant;False
6787;G2268;1994;1;27;21600.0;21600.0;0.0;21600.0;1;0;0;0;0;0;0;0;7.935695149221832;22;0;3;0;0;0;2649.6293128936727;04;6;1;Depot;H302;10;Kalt (-30° - 0,01° C);Morgendämmerung;Schnee;Minnesota;Winter;Kollision;General Switching Rules;Human Factors;EinzelneWagen, Güterzug;18322.164729832893;Nicht Signifikant;False
6788;G2272;1994;2;13;23800.0;23800.0;300.0;23500.0;2;0;0;0;0;0;0;0;5.5;20;0;40;0;0;3;3480.0;05;7;1;Depot;H702;15;Kalt (-30° - 0,01° C);Tag;Schnee;Wisconsion;Winter;Kollision;Switches, Use of;Human Factors;Depot/Rangieren, Depot/Rangieren;20188.31113750106;Nicht Signifikant;False
6789;G2315;1994;3;12;12500.0;12500.0;1000.0;11500.0;1;0;0;0;0;0;0;0;3.9542723449729715;12;0;75;0;0;4;5099.776371919554;05;7;1;Depot;H302;32;Moderat (0° bis 19,99° C);Tag;Klar;Wisconsion;Winter;Kollision;General Switching Rules;Human Factors;Depot/Rangieren, EinzelneWagen;10603.104589023666;Nicht Signifikant;False
6790;G2497;1994;12;17;90100.0;90100.0;29100.0;61000.0;6;0;0;0;0;0;0;0;10.0;144;2;0;0;0;0;15034.0;04;1;4;Hauptstrecke;H215;30;Kalt (-30° - 0,01° C);Abend;Wolkig;Wisconsion;Herbst;Kollision;Flagging, Fixed, Hand and Radio Signals;Human Factors;Güterzug, Güterzug;76427.17787768258;Nicht Signifikant;False
6791;G2550;1995;2;9;30696.0;30696.0;696.0;30000.0;5;0;0;1;0;0;0;0;10.921762252408477;67;0;108;0;0;0;11197.0;02;1;4;Hauptstrecke;H099;23;Kalt (-30° - 0,01° C);Tag;Wolkig;Wisconsion;Winter;Kollision;Brakes, Use of;Human Factors;Güterzug, Güterzug;26037.831877173634;Signifikant;False
6792;G2700;1995;8;13;25200.0;25200.0;200.0;25000.0;4;0;0;0;0;0;0;0;1.9635609428485408;0;0;104;0;0;1;3118.8899735913355;04;1;2;Hauptstrecke;H210;98;Heiß (>= 32° C);Tag;Wolkig;Illinois;Sommer;Kollision;Flagging, Fixed, Hand and Radio Signals;Human Factors;Güterzug, Lokomotive;21375.85885147171;Nicht Signifikant;False
6793;G2701;1995;8;23;33000.0;33000.0;17500.0;15500.0;5;1;0;0;0;0;0;0;19.879963561968417;58;1;62;0;0;4;7119.0;01;1;4;Hauptstrecke;M405;65;Moderat (0° bis 19,99° C);Morgendämmerung;Klar;Wisconsion;Sommer;Entgleisung;Unusual Operational Situations;Miscellaneous Causes;Güterzug, Güterzug;27992.196115022478;Nicht Signifikant;False