index;INCDTNO;YEAR4;MONTH;DAY;ACCDMG;INFRASTRUCTURE_DMG;TRKDMG;EQPDMG;LOCOMOTIVES1;LOCOMOTIVES2;RREMPKLD;RREMPINJ;PASSKLD;PASSINJ;OTHERKLD;OTHERINJ;SPEED;LOADF1;LOADF2;EMPTYF1;EMPTYP1;LOADP1;EMPTYF2;TONS;TYPE;TYPEQ;TRKCLAS;TYPTRK;ACCAUSE;TEMP;TEMP_CLUSTER;VISIBLTY;WEATHER;STATE;Jahreszeit;ACCIDENT_TYPE;ACCCAUSE_LVL1;ACCCAUSE_LVL2;EQUIPMENT_TYPE;ACCDMG_EUR;ACCTYPE;SPD_TOO_HIGH
6794;G2810;1995;12;13;29000.0;29000.0;400.0;28600.0;3;1;0;0;0;0;0;0;5.0;42;0;17;0;0;0;6080.0;04;1;1;Depot;H401;7;Kalt (-30° - 0,01° C);Abend;Wolkig;Wisconsion;Herbst;Kollision;Main Track Authority;Human Factors;Güterzug, Güterzug;24599.202646534904;Nicht Signifikant;False
6795;G2843;1996;1;4;13000.0;13000.0;0.0;13000.0;3;0;0;0;0;0;0;0;9.926406551346263;0;0;24;0;0;0;800.4937922463931;05;6;1;Industriestrecke;H302;7;Kalt (-30° - 0,01° C);Tag;Klar;Wisconsion;Winter;Kollision;General Switching Rules;Human Factors;EinzelneWagen, Lokomotive;11027.228772584613;Nicht Signifikant;False
6796;G2844;1996;1;7;46070.0;46070.0;570.0;45500.0;6;1;0;0;0;0;0;0;3.0;49;2;44;0;0;0;6744.0;04;7;1;Depot;H702;15;Kalt (-30° - 0,01° C);Abend;Klar;Wisconsion;Winter;Kollision;Switches, Use of;Human Factors;Depot/Rangieren, Güterzug;39078.80227330562;Nicht Signifikant;False
6797;G4273;1998;1;15;72000.0;72000.0;2000.0;70000.0;4;0;0;0;0;0;0;0;8.931050850284048;88;0;54;0;0;5;12034.0;04;1;4;Hauptstrecke;H306;35;Moderat (0° bis 19,99° C);Tag;Schnee;Illinois;Winter;Kollision;General Switching Rules;Human Factors;Güterzug, Güterzug;61073.882432776314;Nicht Signifikant;False
6798;G4484;1999;1;28;31619.0;31619.0;1219.0;30400.0;6;0;0;0;0;0;0;0;10.921762252408477;103;0;16;0;0;4;11215.0;03;1;3;Hauptstrecke;H510;24;Kalt (-30° - 0,01° C);Tag;Schnee;Wisconsion;Winter;Kollision;Train Handling/Train Makeup;Human Factors;Güterzug, Güterzug;27711.65644171779;Nicht Signifikant;False
6799;G4532;1999;4;18;33609.0;33609.0;109.0;33500.0;4;0;0;0;0;0;0;0;2.958916643910756;33;0;20;0;0;1;3710.0;04;1;1;Depot;H309;45;Moderat (0° bis 19,99° C);Tag;Regen;Wisconsion;Frühling;Kollision;General Switching Rules;Human Factors;Güterzug, Güterzug;31567.62680025047;Nicht Signifikant;False
6800;G4619;1999;9;14;88600.0;88600.0;100.0;88500.0;4;0;0;0;0;0;0;0;3.0;0;0;163;0;0;0;4890.0;04;7;1;Depot;H401;60;Moderat (0° bis 19,99° C);Tag;Klar;Wisconsion;Sommer;Kollision;Main Track Authority;Human Factors;Depot/Rangieren, Depot/Rangieren;85504.72881683073;Nicht Signifikant;False
6801;G4620;1999;9;22;21100.0;21100.0;3100.0;18000.0;2;0;0;0;0;0;0;0;3.9542723449729715;8;0;66;0;0;2;2976.0;04;7;1;Nebenstrecke;H306;40;Moderat (0° bis 19,99° C);Abend;Klar;Wisconsion;Sommer;Kollision;General Switching Rules;Human Factors;Depot/Rangieren, Depot/Rangieren;20078.028356646686;Nicht Signifikant;False
6802;G4690;2000;1;4;68800.0;68800.0;1200.0;67600.0;5;0;0;0;0;0;0;0;5.5;89;2;76;0;0;1;12047.0;01;1;1;Depot;H703;28;Kalt (-30° - 0,01° C);Tag;Schnee;Wisconsion;Winter;Entgleisung;Switches, Use of;Human Factors;Güterzug, Güterzug;66763.70693837943;Nicht Signifikant;False
6803;G4821;2000;7;2;108267.0;108267.0;2467.0;105800.0;4;0;0;0;0;0;0;0;5.0;120;1;50;0;0;7;14142.0;04;7;1;Depot;H020;65;Moderat (0° bis 19,99° C);Abend;Wolkig;Wisconsion;Sommer;Kollision;Brakes, Use of;Human Factors;Depot/Rangieren, Güterzug;113797.56148833298;Nicht Signifikant;False
6804;G4922;2000;12;7;31010.0;31010.0;1010.0;30000.0;6;0;0;0;0;0;0;0;22.866030665155062;37;0;141;0;0;1;8574.0;01;1;3;Hauptstrecke;E35C;20;Kalt (-30° - 0,01° C);Abend;Schnee;Wisconsion;Herbst;Entgleisung;Coupler and Draft System;Mechanical and Electrical Failures;Güterzug, Güterzug;34675.16493346752;Nicht Signifikant;False
6805;G5070;2001;8;18;99149.0;99149.0;27349.0;71800.0;3;1;0;0;0;0;0;0;6.5;37;3;88;0;0;1;7811.0;04;7;1;Depot;H605;55;Moderat (0° bis 19,99° C);Morgendämmerung;Klar;Wisconsion;Sommer;Kollision;Speed;Human Factors;Depot/Rangieren, Güterzug;108458.34092980858;Nicht Signifikant;False
6806;G5212;2002;6;30;15000.0;15000.0;0.0;15000.0;3;0;0;1;0;0;0;0;10.0;50;0;61;0;0;0;7834.889973591336;04;1;1;Depot;H605;85;Warm (20° bis 31,99° C);Tag;Klar;Wisconsion;Sommer;Kollision;Speed;Human Factors;Güterzug, Lokomotive;15100.164424012615;Signifikant;False
6807;G96506;1996;5;12;846850.0;846850.0;50000.0;796850.0;9;5;0;0;0;0;0;0;48.74527889277266;95;9;47;0;0;0;10132.0;04;1;X;Nebenstrecke;H401;65;Moderat (0° bis 19,99° C);Morgendämmerung;Wolkig;Illinois;Frühling;Kollision;Main Track Authority;Human Factors;Güterzug, Güterzug;718339.1296971753;Signifikant;True
6808;GC0102113;2002;1;23;47109.0;47109.0;25000.0;22109.0;2;0;0;0;0;0;0;0;5.944983747097401;53;5;20;0;0;0;6926.862452422927;01;6;1;Depot;T207;65;Moderat (0° bis 19,99° C);Tag;Klar;Texas;Winter;Entgleisung;Rail, Joint Bar and Rail Anchoring;Track, Roadbed and Structures;EinzelneWagen, Güterzug;53194.44444444444;Nicht Signifikant;False
6809;GC0104102;2004;1;6;51594.0;51594.0;0.0;51594.0;2;0;0;0;0;0;0;0;2.958916643910756;22;0;25;0;0;1;3335.083576720475;01;7;1;Depot;H399;40;Moderat (0° bis 19,99° C);Abend;Wolkig;Texas;Winter;Entgleisung;General Switching Rules;Human Factors;Depot/Rangieren, EinzelneWagen;40446.84854186265;Nicht Signifikant;False
6810;GC0105102;2005;1;8;217818.0;217818.0;75000.0;142818.0;6;2;0;0;0;0;0;0;17.889252159843984;106;3;25;0;0;2;13721.0;03;1;4;Hauptstrecke;H605;42;Moderat (0° bis 19,99° C);Abend;Nebel;Texas;Winter;Kollision;Speed;Human Factors;Güterzug, Güterzug;165418.8289497;Signifikant;False
6811;GC0108109;2008;1;18;78865.0;78865.0;200.0;78665.0;2;0;0;0;0;0;0;0;2.945222191881008;80;1;92;0;0;3;12261.023778471113;04;6;1;Depot;H018;33;Moderat (0° bis 19,99° C);Abend;Wolkig;Texas;Winter;Kollision;Brakes, Use of;Human Factors;EinzelneWagen, EinzelneWagen, Güterzug;53744.718549815996;Nicht Signifikant;False
6812;GC0108113;2008;1;21;23000.0;23000.0;0.0;23000.0;4;0;0;0;0;0;0;0;9.926406551346263;136;0;0;0;0;0;14574.0;03;1;4;Hauptstrecke;H605;53;Moderat (0° bis 19,99° C);Tag;Regen;Texas;Winter;Kollision;Speed;Human Factors;Güterzug, Güterzug;15881.784283938683;Nicht Signifikant;False
6813;GC0116109;2016;1;21;11268.0;11268.0;0.0;11268.0;4;0;0;0;0;0;0;0;5.0;5;0;17;0;0;0;1156.1560434157666;04;7;1;Depot;H318;65;Moderat (0° bis 19,99° C);Tag;Regen;Texas;Winter;Kollision;General Switching Rules;Human Factors;Depot/Rangieren, Depot/Rangieren;10344.257780225833;Nicht Signifikant;False
6814;GC0209112;2009;2;22;21318.0;21318.0;550.0;20768.0;2;0;0;0;0;0;0;0;3.9542723449729715;2;1;0;0;0;0;316.90383723900163;01;7;1;Depot;H318;62;Moderat (0° bis 19,99° C);Tag;Klar;Texas;Winter;Entgleisung;General Switching Rules;Human Factors;Depot/Rangieren, EinzelneWagen;16747.584256422342;Nicht Signifikant;False
6815;GC0210100;2010;2;1;134760.0;134760.0;0.0;134145.0;2;0;0;0;0;0;0;0;3.5;98;0;7;0;0;0;11431.132422526922;04;7;1;Depot;H307;40;Moderat (0° bis 19,99° C);Abend;Klar;Texas;Winter;Kollision;General Switching Rules;Human Factors;Depot/Rangieren, Depot/Rangieren;96859.05268453964;Nicht Signifikant;False
6816;GC0210115;2010;2;27;17380.0;17380.0;0.0;17380.0;4;0;0;0;0;0;0;0;5.0;47;0;57;0;0;0;7479.007284257133;04;7;1;Depot;H306;45;Moderat (0° bis 19,99° C);Abend;Klar;Texas;Winter;Kollision;General Switching Rules;Human Factors;Depot/Rangieren, Güterzug;12821.83696053117;Nicht Signifikant;False
6817;GC0215113;2015;2;20;24500.0;24500.0;0.0;24500.0;0;0;0;0;0;0;0;0;19.879963561968417;0;0;5;0;0;1;223.4920328570201;01;A;4;Hauptstrecke;H997;70;Warm (20° bis 31,99° C);Tag;Klar;Texas;Winter;Entgleisung;Miscellaneous;Human Factors;Wartungszug, Wartungszug;21685.254027261464;Nicht Signifikant;False
6818;GC0300106;2000;3;20;29900.0;29900.0;500.0;29400.0;4;0;0;0;0;0;0;0;3.9542723449729715;13;0;30;0;0;1;2297.0;04;1;1;Depot;H306;45;Moderat (0° bis 19,99° C);Abend;Klar;Texas;Winter;Kollision;General Switching Rules;Human Factors;Güterzug, Güterzug;30777.148739063305;Nicht Signifikant;False
6819;GC0303114;2003;3;30;10000.0;10000.0;3000.0;7000.0;2;0;0;0;0;0;0;0;9.926406551346263;6;2;92;0;0;3;3837.8899735913355;01;1;3;Hauptstrecke;T315;55;Moderat (0° bis 19,99° C);Abenddämmerung;Klar;Texas;Frühling;Entgleisung;Frogs, Switches and Track Appliances;Track, Roadbed and Structures;Güterzug, Lokomotive;9225.092250922511;Nicht Signifikant;False
6820;GC0306105;2006;3;12;87443.0;87443.0;14000.0;73443.0;3;0;0;0;0;0;0;0;6.940339448159618;29;4;1;0;0;0;3477.6278327334094;01;7;1;Depot;T207;75;Warm (20° bis 31,99° C);Abend;Wolkig;Louisiana;Winter;Entgleisung;Rail, Joint Bar and Rail Anchoring;Track, Roadbed and Structures;Depot/Rangieren, EinzelneWagen;73352.0677795487;Nicht Signifikant;False
6821;GC0309115;2009;3;30;274776.0;274776.0;50000.0;224776.0;5;1;0;0;0;0;0;0;18.0;46;3;76;0;0;0;5360.0;04;1;4;Hauptstrecke;H221;55;Moderat (0° bis 19,99° C);Abend;Klar;Texas;Frühling;Kollision;Flagging, Fixed, Hand and Radio Signals;Human Factors;Güterzug, Güterzug;208274.0847419086;Signifikant;False
6822;GC0311106;2011;3;18;19828.0;19828.0;0.0;19828.0;5;0;0;0;0;0;0;0;4.0;21;0;34;0;0;0;3493.8638094707053;05;7;1;Depot;H018;78;Warm (20° bis 31,99° C);Tag;Klar;Texas;Winter;Kollision;Brakes, Use of;Human Factors;Depot/Rangieren, Depot/Rangieren;14032.554847841471;Nicht Signifikant;False
6823;GC0314104;2014;3;2;69393.0;69393.0;52000.0;17393.0;5;0;0;0;0;0;0;0;4.949628046035187;94;4;66;0;0;1;9206.0;05;1;1;Depot;S011;32;Moderat (0° bis 19,99° C);Abenddämmerung;Regen;Texas;Winter;Kollision;SIGNAL AND COMMUNICATION;Signal and Communication;Güterzug, Güterzug;50346.80403395487;Nicht Signifikant;False
6824;GC0315103;2015;3;12;28700.0;28700.0;1200.0;27500.0;2;1;0;0;0;0;0;0;9.926406551346263;78;1;84;0;0;1;12983.177670619616;04;7;1;Depot;H607;48;Moderat (0° bis 19,99° C);Abend;Klar;Texas;Winter;Kollision;Speed;Human Factors;Depot/Rangieren, Güterzug;27042.306605106947;Nicht Signifikant;False
6825;GC0398117;1998;3;28;44638.0;44638.0;0.0;30540.0;1;0;0;0;0;0;0;0;4.949628046035187;108;4;4;0;0;0;14566.782794013312;01;6;1;Depot;T202;75;Warm (20° bis 31,99° C);Abenddämmerung;Klar;Texas;Frühling;Entgleisung;Rail, Joint Bar and Rail Anchoring;Track, Roadbed and Structures;EinzelneWagen, Güterzug;37864.11061158707;Nicht Signifikant;False
6826;GC0400105;2000;4;15;37303.0;37303.0;5000.0;32303.0;7;0;0;0;0;0;0;0;6.5;167;4;16;0;0;0;20387.0;01;1;1;Hauptstrecke;H306;80;Warm (20° bis 31,99° C);Tag;Klar;Texas;Frühling;Entgleisung;General Switching Rules;Human Factors;Güterzug, Güterzug;39056.64328342582;Nicht Signifikant;False
6827;GC0404103;2004;4;10;43920.0;43920.0;12100.0;31820.0;4;0;0;0;0;0;0;0;3.9542723449729715;13;1;4;0;0;4;1695.9412863824261;04;7;1;Depot;H020;53;Moderat (0° bis 19,99° C);Tag;Wolkig;Texas;Frühling;Kollision;Brakes, Use of;Human Factors;Depot/Rangieren, Depot/Rangieren;36455.39360536539;Nicht Signifikant;False
6828;GC0405102;2005;4;9;17000.0;17000.0;0.0;17000.0;2;0;0;0;0;0;0;0;2.0;7;0;5;0;0;0;1092.8809309778749;04;6;1;Depot;H021;72;Warm (20° bis 31,99° C);Tag;Nebel;Texas;Frühling;Kollision;Brakes, Use of;Human Factors;EinzelneWagen, Güterzug;13209.355331658422;Nicht Signifikant;False
6829;GC0409108;2009;4;29;45200.0;45200.0;9200.0;36000.0;4;1;0;0;0;0;0;0;5.0;75;0;68;0;0;0;11698.98436029517;05;7;X;Depot;H307;92;Heiß (>= 32° C);Tag;Klar;Texas;Frühling;Kollision;General Switching Rules;Human Factors;Depot/Rangieren, Güterzug;34072.06392281019;Nicht Signifikant;False
6830;GC0500113;2000;5;13;119458.0;119458.0;20000.0;99458.0;3;0;0;0;0;0;0;0;7.935695149221832;58;6;18;0;0;0;7784.055067601088;01;6;1;Depot;T202;73;Warm (20° bis 31,99° C);Tag;Klar;Texas;Frühling;Entgleisung;Rail, Joint Bar and Rail Anchoring;Track, Roadbed and Structures;EinzelneWagen, Güterzug;131730.93181400478;Nicht Signifikant;False
6831;GC0503112;2003;5;22;98975.0;98975.0;2500.0;96475.0;0;0;0;0;0;0;0;0;4.949628046035187;31;3;0;0;0;0;3655.0872305831244;01;6;2;Depot;M502;74;Warm (20° bis 31,99° C);Tag;Klar;Texas;Frühling;Entgleisung;Other Miscellaneous;Miscellaneous Causes;EinzelneWagen, EinzelneWagen;84449.65870307168;Nicht Signifikant;False
6832;GC0504111;2004;5;22;9219.0;9219.0;0.0;9219.0;5;0;0;0;0;0;0;0;3.9542723449729715;26;0;27;0;0;1;3851.0060952594854;01;7;1;Depot;H306;80;Warm (20° bis 31,99° C);Tag;Klar;Texas;Frühling;Entgleisung;General Switching Rules;Human Factors;Depot/Rangieren, EinzelneWagen;7676.103247293921;Nicht Signifikant;False
6833;GC0505106;2005;5;11;93148.0;93148.0;4000.0;89148.0;4;0;0;0;0;0;0;0;7.935695149221832;59;0;21;0;0;13;5648.0495852499325;01;7;1;Depot;T102;85;Warm (20° bis 31,99° C);Tag;Klar;Texas;Frühling;Entgleisung;Track Geometry;Track, Roadbed and Structures;Depot/Rangieren, Güterzug;72308.64772550846;Nicht Signifikant;False
6834;GC0506107;2006;5;6;24543.0;24543.0;21000.0;3543.0;2;0;0;0;0;0;0;0;8.931050850284048;10;1;10;0;0;4;1537.3474740605811;01;7;1;Depot;M101;77;Warm (20° bis 31,99° C);Tag;Klar;Texas;Frühling;Entgleisung;Environmental Conditions;Environmental Conditions;Depot/Rangieren, EinzelneWagen;19308.979334941778;Nicht Signifikant;False
6835;GC0506119;2006;5;25;21972.0;21972.0;7000.0;14972.0;4;0;0;0;0;0;0;0;5.944983747097401;62;0;28;0;0;4;8765.591534849886;01;6;1;Depot;M405;89;Warm (20° bis 31,99° C);Tag;Klar;Texas;Frühling;Entgleisung;Unusual Operational Situations;Miscellaneous Causes;EinzelneWagen, Güterzug;17226.185809486477;Nicht Signifikant;False
6836;GC0507117;2007;5;6;43689.0;43689.0;1000.0;42689.0;1;0;0;0;0;0;0;0;4.5;7;0;7;0;0;3;1083.6468942226202;01;7;1;Depot;H021;92;Heiß (>= 32° C);Tag;Klar;Louisiana;Frühling;Entgleisung;Brakes, Use of;Human Factors;Depot/Rangieren, EinzelneWagen;32131.35250422887;Nicht Signifikant;False
6837;GC0511109;2011;5;18;96600.0;96600.0;600.0;96000.0;4;1;0;0;0;0;0;0;8.0;18;0;0;0;0;0;2117.4135887093234;04;7;1;Depot;H104;65;Moderat (0° bis 19,99° C);Abend;Klar;Texas;Frühling;Kollision;Employee Physical Condition;Human Factors;Depot/Rangieren, Lokomotive;67899.06515779856;Nicht Signifikant;False
6838;GC0511117;2011;5;30;37200.0;37200.0;0.0;37200.0;3;0;0;0;0;0;0;0;4.949628046035187;86;0;23;0;0;0;12078.191945296145;04;6;1;Depot;E04C;75;Warm (20° bis 31,99° C);Abend;Klar;Texas;Frühling;Kollision;Brakes;Mechanical and Electrical Failures;EinzelneWagen, Güterzug;26065.022421524664;Nicht Signifikant;False
6839;GC0515120;2015;5;31;21400.0;21400.0;0.0;21400.0;3;0;0;0;0;0;0;0;2.958916643910756;53;0;89;0;0;0;9794.75566617293;04;7;X;Depot;E35C;85;Warm (20° bis 31,99° C);Tag;Klar;Texas;Frühling;Kollision;Coupler and Draft System;Mechanical and Electrical Failures;Depot/Rangieren, Depot/Rangieren;19538.620731633087;Nicht Signifikant;False
6840;GC0599108;1999;5;31;382402.0;382402.0;272902.0;109500.0;3;0;0;0;0;0;0;0;44.763856088523795;1;0;92;0;0;14;3043.336383802324;01;5;4;Hauptstrecke;E89C;90;Heiß (>= 32° C);Tag;Klar;Texas;Frühling;Entgleisung;Doors;Mechanical and Electrical Failures;EinzelneWagen, Güterzug;365724.9426166794;Signifikant;False
6841;GC0601124;2001;6;27;25079.0;25079.0;15000.0;10079.0;3;0;0;0;0;0;0;0;6.940339448159618;61;6;2;0;0;2;7837.742863252126;01;6;1;Depot;M503;62;Moderat (0° bis 19,99° C);Tag;Klar;Texas;Sommer;Entgleisung;Other Miscellaneous;Miscellaneous Causes;EinzelneWagen, Güterzug;29087.2187427511;Nicht Signifikant;False
6842;GC0604103;2004;6;8;11150.0;11150.0;6701.0;4449.0;1;0;0;0;0;0;0;0;5.944983747097401;42;4;1;0;0;0;4956.47435161377;01;7;1;Depot;H702;70;Warm (20° bis 31,99° C);Abend;Klar;Texas;Frühling;Entgleisung;Switches, Use of;Human Factors;Depot/Rangieren, EinzelneWagen;9069.464779567268;Nicht Signifikant;False
6843;GC0605101;2005;6;3;11723.0;11723.0;1000.0;10723.0;4;0;0;0;0;0;0;0;2.958916643910756;17;2;20;0;0;0;2651.8024503954607;01;7;1;Depot;H702;75;Warm (20° bis 31,99° C);Abend;Klar;Texas;Frühling;Entgleisung;Switches, Use of;Human Factors;Depot/Rangieren, EinzelneWagen;9539.425502481894;Nicht Signifikant;False
6844;GC0606105;2006;6;13;113888.0;113888.0;7000.0;106888.0;2;0;0;0;0;0;0;0;4.949628046035187;50;2;1;0;0;1;6666.816418421731;01;5;1;Industriestrecke;T314;95;Heiß (>= 32° C);Tag;Klar;Texas;Frühling;Entgleisung;Frogs, Switches and Track Appliances;Track, Roadbed and Structures;EinzelneWagen, Güterzug;90595.81576644657;Nicht Signifikant;False
6845;GC0607108;2007;6;21;445618.0;445618.0;81000.0;364618.0;6;0;0;0;0;0;0;0;14.903185056657339;144;8;0;0;0;0;15575.0;01;1;4;Hauptstrecke;T319;80;Warm (20° bis 31,99° C);Abend;Klar;Texas;Sommer;Entgleisung;Frogs, Switches and Track Appliances;Track, Roadbed and Structures;Güterzug, Güterzug;332625.21460028365;Signifikant;False
6846;GC0610109;2010;6;20;74440.0;74440.0;0.0;64440.0;4;3;0;0;0;0;0;0;10.0;21;0;22;0;0;0;3128.506886938844;04;7;1;Depot;H602;90;Heiß (>= 32° C);Abend;Klar;Texas;Frühling;Kollision;Speed;Human Factors;Depot/Rangieren, Lokomotive;60106.5834095925;Nicht Signifikant;False
6847;GC0613111;2013;6;22;17078.0;17078.0;0.0;17078.0;6;0;0;0;0;0;0;0;3.0;84;1;58;0;0;0;11679.273192561825;01;7;1;Depot;H306;85;Warm (20° bis 31,99° C);Abend;Klar;Texas;Sommer;Entgleisung;General Switching Rules;Human Factors;Depot/Rangieren, Güterzug;12988.389190285452;Nicht Signifikant;False
6848;GC0614100;2014;6;8;17008.0;17008.0;0.0;17008.0;3;0;0;0;0;0;0;0;4.949628046035187;148;0;15;0;0;0;18664.303872099445;05;7;1;Depot;H702;80;Warm (20° bis 31,99° C);Abend;Klar;Texas;Frühling;Kollision;Switches, Use of;Human Factors;Depot/Rangieren, Güterzug;12488.12961965833;Nicht Signifikant;False
6849;GC0699103;1999;6;14;48920.0;48920.0;3525.0;45395.0;3;0;0;0;0;0;0;0;5.944983747097401;39;0;56;0;0;7;9985.832133633883;04;6;1;Depot;H302;70;Warm (20° bis 31,99° C);Abend;Wolkig;Texas;Frühling;Kollision;General Switching Rules;Human Factors;EinzelneWagen, Güterzug;46871.70642905049;Nicht Signifikant;False
6850;GC0702100;2002;7;4;31303.0;31303.0;2000.0;29303.0;6;1;0;1;0;0;0;0;8.931050850284048;59;0;45;0;0;0;6620.0;04;1;X;Depot;H399;70;Warm (20° bis 31,99° C);Abend;Klar;Texas;Sommer;Kollision;General Switching Rules;Human Factors;Güterzug, Güterzug;31974.463738508683;Signifikant;False
6851;GC0702120;2002;7;27;20796.0;20796.0;200.0;20596.0;1;0;0;0;0;0;0;0;2.0;5;2;5;0;0;3;834.4573067377534;01;7;1;Depot;H018;90;Heiß (>= 32° C);Tag;Klar;Texas;Sommer;Entgleisung;Brakes, Use of;Human Factors;Depot/Rangieren, EinzelneWagen;20909.608874886886;Nicht Signifikant;False
6852;GC0703102;2003;7;5;14793.0;14793.0;4500.0;10293.0;1;0;0;0;0;0;0;0;2.958916643910756;3;0;1;0;0;1;442.9786656008418;01;7;2;Depot;H018;75;Warm (20° bis 31,99° C);Abend;Wolkig;Texas;Sommer;Entgleisung;Brakes, Use of;Human Factors;Depot/Rangieren, EinzelneWagen;12941.502391228274;Nicht Signifikant;False
6853;GC0704108;2004;7;10;239475.0;239475.0;85000.0;154475.0;5;2;0;1;0;0;0;0;25.852097768341707;180;6;0;0;0;0;21042.0;01;1;3;Nebenstrecke;T314;86;Warm (20° bis 31,99° C);Tag;Wolkig;Texas;Sommer;Entgleisung;Frogs, Switches and Track Appliances;Track, Roadbed and Structures;Güterzug, Güterzug;193431.78697396407;Signifikant;False
6854;GC0706100;2006;7;1;625689.0;625689.0;0.0;625689.0;7;1;0;0;0;0;0;0;19.879963561968417;72;0;125;0;0;3;8525.0;03;1;5;Hauptstrecke;H605;96;Heiß (>= 32° C);Tag;Klar;Texas;Sommer;Kollision;Speed;Human Factors;Güterzug, Güterzug;491173.06887167675;Signifikant;False
6855;GC0706117;2006;7;19;25068.0;25068.0;8000.0;17068.0;4;0;0;0;0;0;0;0;2.958916643910756;119;4;1;0;0;1;15677.816418421731;01;5;1;Industriestrecke;T314;86;Warm (20° bis 31,99° C);Abend;Klar;Texas;Sommer;Entgleisung;Frogs, Switches and Track Appliances;Track, Roadbed and Structures;EinzelneWagen, Güterzug;20083.319980772314;Nicht Signifikant;False
6856;GC0709111;2009;7;21;59749.0;59749.0;2250.0;57499.0;4;0;0;0;0;0;0;0;7.935695149221832;43;0;50;0;0;1;6485.149747109614;01;7;1;Depot;H307;81;Warm (20° bis 31,99° C);Abend;Klar;Texas;Sommer;Entgleisung;General Switching Rules;Human Factors;Depot/Rangieren, Depot/Rangieren;42008.718273219434;Nicht Signifikant;False
6857;GC0710114;2010;7;14;217136.0;217136.0;74500.0;142636.0;4;0;0;0;0;0;0;0;7.935695149221832;79;3;0;0;0;0;6836.889973591336;01;1;1;Depot;H703;95;Heiß (>= 32° C);Tag;Klar;Texas;Sommer;Entgleisung;Switches, Use of;Human Factors;Güterzug, Lokomotive;170932.85050775408;Signifikant;False
6858;GC0712111;2012;7;26;147404.0;147404.0;6500.0;140904.0;3;0;0;1;0;0;0;0;7.0;83;1;35;0;0;2;11276.536861609868;04;7;3;Hauptstrecke;H104;97;Heiß (>= 32° C);Tag;Klar;Texas;Sommer;Kollision;Employee Physical Condition;Human Factors;Depot/Rangieren, Güterzug;120231.64763458402;Signifikant;False
6859;GC0803103;2003;8;9;112664.0;112664.0;30000.0;82664.0;2;0;0;0;0;0;0;0;9.926406551346263;28;1;34;0;0;3;4314.214926031548;01;7;2;Depot;T318;75;Warm (20° bis 31,99° C);Tag;Regen;Texas;Sommer;Entgleisung;Frogs, Switches and Track Appliances;Track, Roadbed and Structures;Depot/Rangieren, EinzelneWagen;99564.61542993489;Nicht Signifikant;False
6860;GC0804101;2004;8;11;161324.0;161324.0;80000.0;81324.0;5;1;0;0;0;0;0;0;4.949628046035187;86;0;0;0;0;0;9500.0;04;1;1;Depot;H306;80;Warm (20° bis 31,99° C);Abend;Wolkig;Texas;Sommer;Kollision;General Switching Rules;Human Factors;Güterzug, Güterzug;131876.07291751818;Nicht Signifikant;False
6861;GC0807112;2007;8;15;15962.0;15962.0;2000.0;13962.0;3;0;0;0;0;0;0;0;6.0;61;0;74;0;0;3;10137.53322709013;01;7;1;Depot;H020;85;Warm (20° bis 31,99° C);Tag;Klar;Texas;Sommer;Entgleisung;Brakes, Use of;Human Factors;Depot/Rangieren, Güterzug;11844.761056693382;Nicht Signifikant;False
6862;GC0813118;2013;8;26;40000.0;40000.0;0.0;40000.0;0;0;0;1;0;0;0;0;14.903185056657339;0;0;2;0;0;0;130.67276760464793;09;A;3;Hauptstrecke;H997;96;Heiß (>= 32° C);Tag;Klar;Texas;Sommer;Kollision;Miscellaneous;Human Factors;Wartungszug, Wartungszug;29937.878901279844;Signifikant;False
6863;GC0816112;2016;8;27;3301798.0;3301798.0;0.0;3301798.0;7;0;0;0;0;0;0;0;3.5;247;0;0;0;0;0;35321.0;05;1;1;Industriestrecke;M501;78;Warm (20° bis 31,99° C);Morgendämmerung;Klar;Texas;Sommer;Kollision;Other Miscellaneous;Miscellaneous Causes;Güterzug, Güterzug;2934931.5555555555;Schwer;False
6864;GC0898102;1998;8;5;343000.0;343000.0;0.0;343000.0;7;1;0;0;0;0;0;0;17.889252159843984;110;0;0;0;0;0;7419.0;02;1;3;Nebenstrecke;H702;85;Warm (20° bis 31,99° C);Abend;Nebel;Texas;Sommer;Kollision;Switches, Use of;Human Factors;Güterzug, Güterzug;290949.18992280937;Signifikant;False
6865;GC0903109;2003;9;17;116778.0;116778.0;2000.0;114778.0;6;0;0;1;0;0;0;0;10.921762252408477;145;4;56;0;0;5;20863.0;03;1;4;Hauptstrecke;H605;66;Moderat (0° bis 19,99° C);Abend;Klar;Texas;Sommer;Kollision;Speed;Human Factors;Güterzug, Güterzug;104154.47734570103;Signifikant;False
6866;GC0903124;2003;9;28;7000.0;7000.0;0.0;7000.0;3;0;0;0;0;0;0;0;3.9542723449729715;0;0;148;0;0;2;3297.7109982330808;01;6;1;Depot;M502;74;Warm (20° bis 31,99° C);Abend;Klar;Texas;Herbst;Entgleisung;Other Miscellaneous;Miscellaneous Causes;EinzelneWagen, Güterzug;6120.1293970215365;Nicht Signifikant;False
6867;GC0905104;2005;9;9;535550.0;535550.0;2000.0;533550.0;2;2;0;1;0;0;0;0;5.5;40;0;7;0;0;0;4833.201799829929;04;7;1;Depot;H306;76;Warm (20° bis 31,99° C);Morgendämmerung;Klar;Texas;Sommer;Kollision;General Switching Rules;Human Factors;Depot/Rangieren, Depot/Rangieren;431373.3387031816;Signifikant;False