index;INCDTNO;YEAR4;MONTH;DAY;ACCDMG;INFRASTRUCTURE_DMG;TRKDMG;EQPDMG;LOCOMOTIVES1;LOCOMOTIVES2;RREMPKLD;RREMPINJ;PASSKLD;PASSINJ;OTHERKLD;OTHERINJ;SPEED;LOADF1;LOADF2;EMPTYF1;EMPTYP1;LOADP1;EMPTYF2;TONS;TYPE;TYPEQ;TRKCLAS;TYPTRK;ACCAUSE;TEMP;TEMP_CLUSTER;VISIBLTY;WEATHER;STATE;Jahreszeit;ACCIDENT_TYPE;ACCCAUSE_LVL1;ACCCAUSE_LVL2;EQUIPMENT_TYPE;ACCDMG_EUR;ACCTYPE;SPD_TOO_HIGH
6868;GC0907106;2007;9;10;226671.0;226671.0;26676.0;199995.0;3;0;0;0;0;0;0;0;5.944983747097401;94;1;0;0;0;0;12326.013863647666;01;6;1;Depot;T202;84;Warm (20° bis 31,99° C);Abenddämmerung;Wolkig;Texas;Sommer;Entgleisung;Rail, Joint Bar and Rail Anchoring;Track, Roadbed and Structures;EinzelneWagen, Güterzug;164313.88184124682;Signifikant;False
6869;GC0907111;2007;9;15;29243.0;29243.0;0.0;29243.0;5;0;0;0;0;0;0;0;8.0;35;0;37;0;0;2;5104.760958525662;01;7;1;Depot;H318;84;Warm (20° bis 31,99° C);Abend;Klar;Texas;Sommer;Entgleisung;General Switching Rules;Human Factors;Depot/Rangieren, Güterzug;21090.22285260956;Nicht Signifikant;False
6870;GC0912104;2012;9;6;44319.0;44319.0;26000.0;18319.0;2;2;0;0;0;0;0;0;4.966418697356791;2;1;7;0;0;2;567.8787515460699;01;5;1;Depot;H018;80;Warm (20° bis 31,99° C);Abenddämmerung;Klar;Texas;Sommer;Entgleisung;Brakes, Use of;Human Factors;EinzelneWagen, EinzelneWagen, Lokomotive;35068.048741889535;Nicht Signifikant;False
6871;GC0913122;2013;9;20;21255.0;21255.0;0.0;21255.0;2;0;0;0;0;0;0;0;9.926406551346263;8;0;10;0;0;1;1285.78348014603;01;7;1;Depot;H318;80;Warm (20° bis 31,99° C);Abend;Wolkig;Texas;Sommer;Entgleisung;General Switching Rules;Human Factors;Depot/Rangieren, EinzelneWagen;15728.133787183662;Nicht Signifikant;False
6872;GC0915103;2015;9;19;219565.0;219565.0;54000.0;79762.0;4;0;0;0;0;0;0;0;6.940339448159618;110;7;28;0;0;0;14338.466395832547;01;7;1;Depot;T309;80;Warm (20° bis 31,99° C);Abend;Klar;Texas;Sommer;Entgleisung;Frogs, Switches and Track Appliances;Track, Roadbed and Structures;Depot/Rangieren, Güterzug;193233.68927481814;Signifikant;False
6873;GC0999101;1999;9;2;7100.0;7100.0;6600.0;500.0;2;0;0;2;0;0;0;0;6.940339448159618;25;3;27;0;0;2;3797.555828343075;01;7;1;Depot;T314;90;Heiß (>= 32° C);Abend;Klar;Texas;Sommer;Entgleisung;Frogs, Switches and Track Appliances;Track, Roadbed and Structures;Depot/Rangieren, Lokomotive;6659.163383980491;Signifikant;False
6874;GC1001112;2001;10;21;40153.0;40153.0;21000.0;19153.0;2;0;0;0;0;0;0;0;5.944983747097401;51;5;4;0;0;0;6091.239444007875;01;7;1;Depot;T110;80;Warm (20° bis 31,99° C);Tag;Klar;Texas;Herbst;Entgleisung;Track Geometry;Track, Roadbed and Structures;Depot/Rangieren, EinzelneWagen;44702.19319404758;Nicht Signifikant;False
6875;GC1005111;2005;10;22;28479.0;28479.0;0.0;28479.0;1;0;0;0;0;0;0;0;1.9635609428485408;0;0;8;0;0;1;314.83126348998536;01;7;1;Depot;H312;85;Warm (20° bis 31,99° C);Tag;Klar;Texas;Herbst;Entgleisung;General Switching Rules;Human Factors;Depot/Rangieren, EinzelneWagen;23753.614323843416;Nicht Signifikant;False
6876;GC1006107;2006;10;7;19854.0;19854.0;0.0;19854.0;2;0;0;0;0;0;0;0;3.9542723449729715;13;0;5;0;0;0;1865.336383802324;04;6;1;Depot;H020;85;Warm (20° bis 31,99° C);Tag;Klar;Texas;Herbst;Kollision;Brakes, Use of;Human Factors;EinzelneWagen, Güterzug;15702.723366112152;Nicht Signifikant;False
6877;GC1006111;2006;10;15;12271.0;12271.0;0.0;12271.0;3;0;0;2;0;0;0;0;6.940339448159618;19;0;45;0;0;1;3602.7395073524676;04;7;1;Depot;H307;68;Warm (20° bis 31,99° C);Tag;Regen;Texas;Herbst;Kollision;General Switching Rules;Human Factors;Depot/Rangieren, Depot/Rangieren;9795.902075572114;Signifikant;False
6878;GC1006115;2006;10;25;63718.0;63718.0;5000.0;58718.0;5;0;0;0;0;0;0;0;3.9542723449729715;0;0;148;0;0;9;4839.0;01;1;1;Depot;T205;75;Warm (20° bis 31,99° C);Tag;Regen;Texas;Herbst;Entgleisung;Rail, Joint Bar and Rail Anchoring;Track, Roadbed and Structures;Güterzug, Güterzug;50650.23847376789;Nicht Signifikant;False
6879;GC1006116;2006;10;26;45056.0;45056.0;2900.0;42156.0;4;1;0;0;0;0;0;0;5.944983747097401;10;3;30;0;0;0;2179.573621798349;01;7;1;Depot;H607;70;Warm (20° bis 31,99° C);Abend;Regen;Texas;Herbst;Entgleisung;Speed;Human Factors;Depot/Rangieren, Lokomotive;35608.94649490239;Nicht Signifikant;False
6880;GC1007126;2007;10;24;13952.0;13952.0;0.0;13952.0;5;0;0;0;0;0;0;0;1.9635609428485408;168;0;24;0;0;0;22060.0;05;1;1;Hauptstrecke;H607;50;Moderat (0° bis 19,99° C);Abend;Klar;Texas;Herbst;Kollision;Speed;Human Factors;Güterzug, Güterzug;9804.638088545327;Nicht Signifikant;False
6881;GC1011110;2011;10;16;140860.0;140860.0;45000.0;95860.0;6;0;0;0;0;0;0;0;5.5;124;3;74;0;0;1;14769.0;05;1;2;Hauptstrecke;H222;84;Warm (20° bis 31,99° C);Tag;Klar;Texas;Herbst;Kollision;Flagging, Fixed, Hand and Radio Signals;Human Factors;Güterzug, Güterzug;102173.65023332287;Nicht Signifikant;False
6882;GC1012103;2012;10;6;20000.0;20000.0;0.0;20000.0;2;0;0;0;0;0;0;0;3.9390297932972955;3;0;3;0;0;1;538.7614596141541;05;7;1;Depot;H018;85;Warm (20° bis 31,99° C);Tag;Wolkig;Texas;Herbst;Kollision;Brakes, Use of;Human Factors;Depot/Rangieren, EinzelneWagen, EinzelneWagen;15399.620142703145;Nicht Signifikant;False
6883;GC1013119;2013;10;11;298750.0;298750.0;190000.0;108750.0;4;1;0;0;0;0;0;0;7.0;30;0;54;0;0;8;5138.449111409055;01;7;1;Depot;H399;79;Warm (20° bis 31,99° C);Tag;Wolkig;Texas;Herbst;Entgleisung;General Switching Rules;Human Factors;Depot/Rangieren, Depot/Rangieren;220219.66681409406;Signifikant;False
6884;GC1015107;2015;10;15;11281.0;11281.0;1000.0;10281.0;5;0;0;0;0;0;0;0;6.623796766147888;117;0;69;0;0;4;16515.0;01;1;1;Depot;H307;75;Warm (20° bis 31,99° C);Morgendämmerung;Klar;Louisiana;Herbst;Entgleisung;General Switching Rules;Human Factors;Güterzug, Güterzug, Güterzug;9861.87603811522;Nicht Signifikant;False
6885;GC1099109;1999;10;14;52400.0;52400.0;42000.0;10400.0;2;0;0;0;0;0;0;0;5.944983747097401;68;4;10;0;0;1;8946.782794013312;01;6;1;Depot;H704;88;Warm (20° bis 31,99° C);Tag;Wolkig;Texas;Herbst;Entgleisung;Switches, Use of;Human Factors;EinzelneWagen, Güterzug;48707.93827849042;Nicht Signifikant;False
6886;GC1101106;2001;11;7;90658.0;90658.0;70000.0;20658.0;6;0;0;1;0;0;0;0;24.856742067279495;150;10;0;0;0;0;16550.0;01;1;4;Nebenstrecke;E26C;70;Warm (20° bis 31,99° C);Tag;Klar;Texas;Herbst;Entgleisung;Body;Mechanical and Electrical Failures;Güterzug, Güterzug;100574.66163745285;Signifikant;False
6887;GC1101116;2001;11;20;2286800.0;2286800.0;245000.0;2041799.0;5;2;0;2;0;0;0;0;38.79172188215051;158;37;92;0;0;10;23781.0;03;1;4;Hauptstrecke;H215;44;Moderat (0° bis 19,99° C);Abend;Klar;Texas;Herbst;Kollision;Flagging, Fixed, Hand and Radio Signals;Human Factors;Güterzug, Güterzug;2591568.4496826837;Schwer;False
6888;GC1103105;2003;11;18;17775.0;17775.0;2500.0;15275.0;2;0;0;0;0;0;0;0;9.926406551346263;15;0;33;0;0;1;3027.10154517336;01;6;1;Depot;H309;55;Moderat (0° bis 19,99° C);Tag;Wolkig;Texas;Herbst;Entgleisung;General Switching Rules;Human Factors;EinzelneWagen, Güterzug;15091.696383087112;Nicht Signifikant;False
6889;GC1104110;2004;11;23;44091.0;44091.0;10500.0;33591.0;5;3;0;0;0;0;0;0;6.940339448159618;31;0;7;0;0;0;3809.3849790666027;04;7;1;Depot;H302;60;Moderat (0° bis 19,99° C);Abend;Regen;Texas;Herbst;Kollision;General Switching Rules;Human Factors;Depot/Rangieren, Lokomotive;33685.537474214994;Nicht Signifikant;False
6890;GC1112114;2012;11;23;33933.0;33933.0;0.0;30233.0;5;0;0;0;0;0;0;0;4.5;98;2;2;0;0;0;11318.118453467607;04;7;1;Depot;H702;67;Moderat (0° bis 19,99° C);Tag;Wolkig;Texas;Herbst;Kollision;Switches, Use of;Human Factors;Depot/Rangieren, Depot/Rangieren;26286.311875435746;Nicht Signifikant;False
6891;GC1113100;2013;11;1;57785.0;57785.0;22000.0;35785.0;2;0;0;0;0;0;0;0;2.958916643910756;3;1;27;0;0;2;1255.6744067037612;01;7;1;Depot;H307;78;Warm (20° bis 31,99° C);Morgendämmerung;Klar;Texas;Herbst;Entgleisung;General Switching Rules;Human Factors;Depot/Rangieren, EinzelneWagen;42787.85634950019;Nicht Signifikant;False
6892;GC1113104;2013;11;6;60627.0;60627.0;0.0;60627.0;1;0;0;0;0;0;0;0;2.958916643910756;7;0;9;0;0;0;1140.0996107863762;05;7;1;Depot;H310;48;Moderat (0° bis 19,99° C);Morgendämmerung;Klar;Louisiana;Herbst;Kollision;General Switching Rules;Human Factors;Depot/Rangieren, EinzelneWagen;44852.40807871569;Nicht Signifikant;False
6893;GC1198103;1998;11;5;25000.0;25000.0;20000.0;5000.0;1;0;0;0;0;0;0;0;4.949628046035187;10;1;9;0;0;3;1342.336383802324;01;5;1;Depot;T110;60;Moderat (0° bis 19,99° C);Morgendämmerung;Wolkig;Texas;Herbst;Entgleisung;Track Geometry;Track, Roadbed and Structures;EinzelneWagen, Güterzug;21206.20917804733;Nicht Signifikant;False
6894;GC1203107;2003;12;7;14050.0;14050.0;250.0;13800.0;3;0;0;0;0;0;0;0;3.9542723449729715;15;1;18;0;0;0;2343.7857399171535;01;7;1;Depot;H306;45;Moderat (0° bis 19,99° C);Morgendämmerung;Klar;Texas;Herbst;Entgleisung;General Switching Rules;Human Factors;Depot/Rangieren, Depot/Rangieren;11540.67300057498;Nicht Signifikant;False
6895;GC1204108;2004;12;13;27940.0;27940.0;1500.0;26440.0;7;1;0;0;0;0;0;0;3.9542723449729715;94;1;48;0;0;0;12888.3044172269;01;7;1;Depot;H306;58;Moderat (0° bis 19,99° C);Abend;Klar;Texas;Herbst;Entgleisung;General Switching Rules;Human Factors;Depot/Rangieren, Güterzug;21058.18510702442;Nicht Signifikant;False
6896;GC1205107;2005;12;17;157504.0;157504.0;73600.0;83904.0;5;0;0;0;0;0;0;0;15.898540757719555;238;12;0;0;0;0;32236.0;01;1;1;Depot;T202;44;Moderat (0° bis 19,99° C);Abend;Wolkig;Texas;Herbst;Entgleisung;Rail, Joint Bar and Rail Anchoring;Track, Roadbed and Structures;Güterzug, Güterzug;131461.48067773978;Nicht Signifikant;True
6897;GC1209105;2009;12;4;39792.0;39792.0;0.0;39792.0;3;0;0;0;0;0;0;0;2.958916643910756;34;0;67;0;0;0;5977.441865313684;04;7;1;Depot;H020;30;Kalt (-30° - 0,01° C);Tag;Schnee;Texas;Herbst;Kollision;Brakes, Use of;Human Factors;Depot/Rangieren, Lokomotive;26408.282452880278;Nicht Signifikant;False
6898;GC1212122;2012;12;29;12450.0;12450.0;0.0;12450.0;0;0;0;0;0;0;0;0;3.9542723449729715;20;0;35;0;0;0;3410.5527951524355;05;6;1;Depot;H018;43;Moderat (0° bis 19,99° C);Tag;Klar;Texas;Winter;Kollision;Brakes, Use of;Human Factors;EinzelneWagen, EinzelneWagen;9441.354903943376;Nicht Signifikant;False
6899;GC1214105;2014;12;22;25879.0;25879.0;0.0;25879.0;5;0;0;0;0;0;0;0;6.5;18;0;119;0;0;0;6284.306292357264;05;7;1;Depot;H307;54;Moderat (0° bis 19,99° C);Abend;Wolkig;Texas;Winter;Kollision;General Switching Rules;Human Factors;Depot/Rangieren, Güterzug;21110.204747532425;Nicht Signifikant;False
6900;GFRR1;2002;1;14;36206.0;36206.0;0.0;32200.0;2;0;0;0;0;0;0;0;9.926406551346263;63;5;27;0;0;2;8159.556042450524;01;7;1;Depot;T220;42;Moderat (0° bis 19,99° C);Abend;Wolkig;Georgia;Winter;Entgleisung;Rail, Joint Bar and Rail Anchoring;Track, Roadbed and Structures;Depot/Rangieren, EinzelneWagen;40557.85818304021;Nicht Signifikant;False
6901;GR880804;1988;8;25;2764840.0;2764840.0;495000.0;2269841.0;2;1;0;3;0;4;0;1;49.740634593834876;0;0;0;12;3;0;448.3045012089127;07;6;1;Nebenstrecke;M399;70;Warm (20° bis 31,99° C);Abenddämmerung;Klar;New York;Sommer;Bahnübergang;Loading Procedures;Loading;EinzelneWagen, Personenzug;2345271.0153532955;Schwer;True
6902;GT0015;1995;1;17;405000.0;405000.0;0.0;405000.0;5;0;0;2;0;0;0;0;24.856742067279495;135;0;28;0;0;0;18022.0;04;1;4;Hauptstrecke;H401;39;Moderat (0° bis 19,99° C);Abend;Klar;Illinois;Winter;Kollision;Main Track Authority;Human Factors;Güterzug, Güterzug;343540.5886843668;Signifikant;False
6903;GT0122;1993;1;14;55200.0;55200.0;200.0;55000.0;4;0;0;0;0;0;0;0;4.0;82;3;68;0;0;1;11039.52358769684;04;7;1;Depot;H702;18;Kalt (-30° - 0,01° C);Abend;Schnee;Illinois;Winter;Kollision;Switches, Use of;Human Factors;Depot/Rangieren, Güterzug;46823.30986512851;Nicht Signifikant;False
6904;GT0211;1995;6;6;265000.0;265000.0;0.0;265000.0;3;1;0;0;0;0;0;0;34.81029907790165;10;2;3;0;0;0;1166.0;03;1;4;Hauptstrecke;H999;68;Warm (20° bis 31,99° C);Abend;Klar;Iowa;Frühling;Kollision;Miscellaneous;Human Factors;Güterzug, Güterzug;224785.8172873017;Signifikant;False
6905;GT0258;1992;2;8;31350.0;31350.0;1000.0;30350.0;3;0;0;0;0;0;0;0;2.5;48;2;41;0;0;3;6822.097329091452;01;7;2;Depot;E37C;15;Kalt (-30° - 0,01° C);Abend;Klar;Illinois;Winter;Entgleisung;Coupler and Draft System;Mechanical and Electrical Failures;Depot/Rangieren, EinzelneWagen;26592.58630927135;Nicht Signifikant;False
6906;GT0298;1993;6;7;30550.0;30550.0;0.0;30550.0;1;0;0;0;0;0;0;0;22.5;0;0;1;0;0;0;100.22635739365951;09;7;4;Hauptstrecke;H603;73;Warm (20° bis 31,99° C);Tag;Wolkig;Iowa;Frühling;Kollision;Speed;Human Factors;Depot/Rangieren, EinzelneWagen;25913.98761557384;Nicht Signifikant;False
6907;GT0304;1994;7;25;12000.0;12000.0;0.0;12000.0;4;0;0;0;0;0;0;0;10.921762252408477;0;0;1;0;0;0;100.22635739365951;09;5;2;Industriestrecke;H999;85;Warm (20° bis 31,99° C);Tag;Klar;Missouri;Sommer;Kollision;Miscellaneous;Human Factors;EinzelneWagen, Lokomotive;10178.980405462718;Nicht Signifikant;False
6908;GT0335;1993;7;28;24000.0;24000.0;0.0;24000.0;3;0;0;0;0;0;0;0;49.740634593834876;14;0;0;0;0;0;1689.9196717083694;09;1;4;Hauptstrecke;M402;76;Warm (20° bis 31,99° C);Tag;Klar;Iowa;Sommer;Kollision;Unusual Operational Situations;Miscellaneous Causes;Güterzug, Güterzug;20357.960810925437;Nicht Signifikant;False
6909;GT0458;1994;10;21;19483.0;19483.0;1000.0;18483.0;4;1;0;1;0;0;0;0;3.9542723449729715;37;0;46;0;0;1;5680.819559090109;01;7;1;Depot;H305;42;Moderat (0° bis 19,99° C);Abend;Klar;Illinois;Herbst;Entgleisung;General Switching Rules;Human Factors;Depot/Rangieren, Depot/Rangieren;16526.422936635845;Signifikant;False
6910;GT0494;1992;3;27;145400.0;145400.0;8000.0;137400.0;3;0;0;0;0;0;0;0;2.0;44;7;51;0;0;4;6771.056972692775;06;7;2;Depot;H504;30;Kalt (-30° - 0,01° C);Morgendämmerung;Wolkig;Illinois;Frühling;Kollision;Train Handling/Train Makeup;Human Factors;Depot/Rangieren, EinzelneWagen;123335.31257952328;Nicht Signifikant;False
6911;GT0522;1990;7;28;10000.0;10000.0;0.0;10000.0;0;0;0;0;0;0;0;0;4.0;2;0;0;0;0;0;297.294796241188;09;5;1;Depot;M407;70;Warm (20° bis 31,99° C);Abend;Wolkig;Illinois;Sommer;Kollision;Unusual Operational Situations;Miscellaneous Causes;EinzelneWagen, EinzelneWagen;8482.483671218932;Nicht Signifikant;False
6912;GT0567;1990;8;23;81300.0;81300.0;800.0;80500.0;3;0;0;3;0;0;0;0;22.5;114;0;1;0;0;0;3630.336383802324;09;5;4;Hauptstrecke;H402;75;Warm (20° bis 31,99° C);Tag;Wolkig;Missouri;Sommer;Kollision;Main Track Authority;Human Factors;EinzelneWagen, Güterzug;68962.59224700992;Signifikant;False
6913;GT0739;1992;5;14;56500.0;56500.0;0.0;56500.0;5;0;0;0;0;0;0;0;2.0;45;0;100;0;0;3;8237.945175956365;04;7;2;Depot;H305;60;Moderat (0° bis 19,99° C);Abend;Klar;Illinois;Frühling;Kollision;General Switching Rules;Human Factors;Depot/Rangieren, Depot/Rangieren;47926.03274238697;Nicht Signifikant;False
6914;GT0808;1991;5;9;15000.0;15000.0;0.0;15000.0;2;0;0;0;0;0;0;0;7.0;70;0;3;0;0;0;8776.16224717911;02;7;1;Depot;H699;72;Warm (20° bis 31,99° C);Tag;Klar;Minnesota;Frühling;Kollision;Speed;Human Factors;Depot/Rangieren, Güterzug;12723.7255068284;Nicht Signifikant;False
6915;GT0824;1992;6;6;111080.0;111080.0;50000.0;61080.0;4;0;0;0;0;0;0;0;5.0;51;2;48;0;0;5;6716.332304641232;04;7;1;Depot;H306;70;Warm (20° bis 31,99° C);Tag;Wolkig;Missouri;Frühling;Kollision;General Switching Rules;Human Factors;Depot/Rangieren, Güterzug;94223.4286198999;Nicht Signifikant;False
6916;GT0845;1992;6;13;157500.0;157500.0;2500.0;155000.0;7;2;0;0;0;0;0;0;6.0;103;3;44;0;0;2;12896.892150539961;04;7;2;Depot;H401;60;Moderat (0° bis 19,99° C);Abend;Klar;Illinois;Frühling;Kollision;Main Track Authority;Human Factors;Depot/Rangieren, Güterzug;133599.1178216982;Nicht Signifikant;False
6917;GT10701;2001;11;15;596000.0;596000.0;100000.0;496000.0;4;4;2;2;0;0;0;0;21.5;167;6;16;0;0;2;11179.0;02;1;4;Hauptstrecke;M505;40;Moderat (0° bis 19,99° C);Abend;Klar;Michigan;Herbst;Kollision;Other Miscellaneous;Miscellaneous Causes;Güterzug, Güterzug;675354.1076487253;Schwer;False
6918;GT108;1986;3;28;1039000.0;1039000.0;68000.0;971000.0;6;0;0;0;0;0;0;0;44.763856088523795;112;41;112;0;0;10;17996.0;01;1;4;Hauptstrecke;T201;72;Warm (20° bis 31,99° C);Tag;Klar;Iowa;Frühling;Entgleisung;Rail, Joint Bar and Rail Anchoring;Track, Roadbed and Structures;Güterzug, Güterzug;881330.0534396471;Signifikant;False
6919;GT1102;1990;11;4;1176500.0;1176500.0;110000.0;1066500.0;4;3;0;3;0;0;0;0;12.5;44;11;40;0;0;0;4882.0;04;1;4;Hauptstrecke;H215;36;Moderat (0° bis 19,99° C);Morgendämmerung;Regen;Illinois;Herbst;Kollision;Flagging, Fixed, Hand and Radio Signals;Human Factors;Güterzug, Güterzug;997964.2039189074;Signifikant;False
6920;GT121;1986;3;22;11800.0;11800.0;500.0;11300.0;3;0;0;0;0;0;0;0;4.5;40;6;0;0;0;0;3522.4345207668866;01;6;1;Depot;E09C;50;Moderat (0° bis 19,99° C);Tag;Klar;Missouri;Frühling;Entgleisung;Brakes;Mechanical and Electrical Failures;EinzelneWagen, Güterzug;10009.330732038341;Nicht Signifikant;False
6921;GT1245;1992;9;3;16000.0;16000.0;0.0;16000.0;1;0;0;0;0;0;0;0;2.5;15;0;26;0;0;0;2567.747980607247;04;7;2;Depot;S007;50;Moderat (0° bis 19,99° C);Abend;Klar;Illinois;Sommer;Kollision;SIGNAL AND COMMUNICATION;Signal and Communication;Depot/Rangieren, EinzelneWagen;13571.973873950292;Nicht Signifikant;False
6922;GT1401;1992;10;26;25500.0;25500.0;1500.0;24000.0;3;0;0;0;0;0;0;0;7.935695149221832;52;1;28;0;0;5;6864.674722706635;01;7;2;Depot;E30C;35;Moderat (0° bis 19,99° C);Abend;Klar;Illinois;Herbst;Entgleisung;Coupler and Draft System;Mechanical and Electrical Failures;Depot/Rangieren, EinzelneWagen;21630.33336160828;Nicht Signifikant;False
6923;GT1604;1991;9;14;14500.0;14500.0;0.0;14500.0;3;0;0;0;0;0;0;0;6.940339448159618;68;0;17;0;0;0;8661.46421888392;04;7;1;Depot;H401;85;Warm (20° bis 31,99° C);Abend;Wolkig;Missouri;Sommer;Kollision;Main Track Authority;Human Factors;Depot/Rangieren, Güterzug;12299.601323267452;Nicht Signifikant;False
6924;GT18500;2000;12;27;141500.0;141500.0;30000.0;111500.0;7;4;0;3;0;0;0;0;27.0;103;1;109;0;0;3;15401.0;01;1;4;Hauptstrecke;E06C;4;Kalt (-30° - 0,01° C);Abenddämmerung;Klar;Michigan;Winter;Entgleisung;Brakes;Mechanical and Electrical Failures;Güterzug, Güterzug;151987.11063372716;Signifikant;False
6925;GT2046;1991;12;9;30950.0;30950.0;1000.0;29950.0;9;0;0;0;0;0;0;0;6.5;17;1;47;0;0;0;5130.143527095566;04;7;1;Depot;S012;32;Moderat (0° bis 19,99° C);Tag;Klar;Illinois;Herbst;Kollision;SIGNAL AND COMMUNICATION;Signal and Communication;Depot/Rangieren, Güterzug;26253.286962422597;Nicht Signifikant;False
6926;GT216;1987;5;26;11000.0;11000.0;0.0;11000.0;4;0;0;1;0;0;0;0;2.958916643910756;17;0;0;0;0;0;1400.0;03;1;1;Depot;H306;85;Warm (20° bis 31,99° C);Tag;Klar;Missouri;Frühling;Kollision;General Switching Rules;Human Factors;Güterzug, Güterzug;9330.732038340826;Signifikant;False
6927;GT238;1985;6;11;16500.0;16500.0;0.0;16500.0;2;0;0;0;0;0;0;0;4.949628046035187;17;2;15;0;0;1;1982.1220246462776;04;4;1;Depot;T314;58;Moderat (0° bis 19,99° C);Tag;Wolkig;Illinois;Frühling;Kollision;Frogs, Switches and Track Appliances;Track, Roadbed and Structures;Arbeitszug, EinzelneWagen;13996.098057511239;Nicht Signifikant;False
6928;GT27;1989;1;9;34500.0;34500.0;2000.0;32500.0;3;0;0;0;0;0;0;0;14.903185056657339;43;0;4;0;0;0;4516.336383802324;09;5;4;Hauptstrecke;H402;21;Kalt (-30° - 0,01° C);Tag;Klar;Illinois;Winter;Kollision;Main Track Authority;Human Factors;EinzelneWagen, Güterzug;29264.568665705316;Nicht Signifikant;False
6929;GT343;1987;7;29;6400.0;6400.0;0.0;6400.0;2;0;0;0;0;0;0;0;6.0;14;0;11;0;0;0;1806.8316658315807;04;7;1;Depot;H306;99;Heiß (>= 32° C);Tag;Klar;Missouri;Sommer;Kollision;General Switching Rules;Human Factors;Depot/Rangieren, Güterzug;5428.789549580117;Nicht Signifikant;False
6930;GT423;1985;10;17;160000.0;160000.0;0.0;10000.0;6;0;0;0;0;0;0;0;68.5;11;1;34;0;13;0;3048.8158067422564;04;1;4;Hauptstrecke;E40C;50;Moderat (0° bis 19,99° C);Abend;Wolkig;Iowa;Herbst;Kollision;Truck Components;Mechanical and Electrical Failures;Güterzug, Personenzug;135719.7387395029;Nicht Signifikant;True
6931;GT503;1988;7;14;13200.0;13200.0;0.0;13200.0;2;0;0;0;0;0;0;0;4.949628046035187;24;0;78;0;0;0;5174.778132341971;04;7;1;Depot;M407;98;Heiß (>= 32° C);Tag;Klar;Illinois;Sommer;Kollision;Unusual Operational Situations;Miscellaneous Causes;Depot/Rangieren, EinzelneWagen;11196.87844600899;Nicht Signifikant;False
6932;GT77;1985;3;4;13500.0;13500.0;1000.0;12500.0;1;0;0;0;0;0;0;0;7.5;28;3;2;0;0;1;2857.6823008795473;04;6;1;Depot;H018;55;Moderat (0° bis 19,99° C);Tag;Regen;Missouri;Winter;Kollision;Brakes, Use of;Human Factors;EinzelneWagen, Güterzug;11451.352956145558;Nicht Signifikant;False
6933;GVS330719;2019;1;2;10700.0;10700.0;0.0;10700.0;2;0;0;0;0;0;0;0;4.949628046035187;29;0;2;0;0;0;3935.7827940133125;04;7;X;Depot;M599;55;Moderat (0° bis 19,99° C);Tag;Regen;Texas;Winter;Kollision;Other Miscellaneous;Miscellaneous Causes;Depot/Rangieren, EinzelneWagen;9388.435553215759;Nicht Signifikant;False
6934;H0384;1994;2;1;14500.0;14500.0;0.0;14500.0;2;1;0;0;0;0;0;0;6.940339448159618;24;1;45;0;0;0;4472.0;01;7;1;Depot;H995;33;Moderat (0° bis 19,99° C);Abend;Regen;Texas;Winter;Entgleisung;Miscellaneous;Human Factors;Depot/Rangieren, Depot/Rangieren;12299.601323267452;Nicht Signifikant;False
6935;H0731;1991;2;28;9800.0;9800.0;500.0;9300.0;2;0;0;0;0;0;0;0;2.958916643910756;21;0;22;0;0;1;3396.199112779241;04;6;1;Depot;H306;50;Moderat (0° bis 19,99° C);Abend;Wolkig;Texas;Winter;Kollision;General Switching Rules;Human Factors;EinzelneWagen, Güterzug;8312.833997794554;Nicht Signifikant;False
6936;H1472;1992;4;12;15200.0;15200.0;0.0;15200.0;1;0;0;0;0;0;0;0;9.926406551346263;11;0;6;0;0;3;1600.647398120594;04;7;1;Depot;H099;80;Warm (20° bis 31,99° C);Tag;Klar;Texas;Frühling;Kollision;Brakes, Use of;Human Factors;Depot/Rangieren, EinzelneWagen;12893.375180252777;Nicht Signifikant;False
6937;H1482;1992;4;27;28800.0;28800.0;27000.0;1800.0;3;0;0;0;0;0;0;0;4.5;55;1;25;0;0;2;7155.0;04;7;2;Depot;H306;75;Warm (20° bis 31,99° C);Abenddämmerung;Klar;Texas;Frühling;Kollision;General Switching Rules;Human Factors;Depot/Rangieren, Güterzug;24429.552973110527;Nicht Signifikant;False
6938;H1896;1996;8;5;174917.0;174917.0;7500.0;167417.0;2;0;0;0;0;0;0;0;4.949628046035187;50;6;45;0;0;0;7840.162247179111;01;6;1;Depot;T221;85;Warm (20° bis 31,99° C);Abend;Klar;Texas;Sommer;Entgleisung;Rail, Joint Bar and Rail Anchoring;Track, Roadbed and Structures;EinzelneWagen, Güterzug;148373.0596318602;Nicht Signifikant;False
6939;H1973;1993;5;14;68500.0;68500.0;5000.0;63500.0;3;0;0;0;0;0;0;0;4.949628046035187;61;3;11;0;0;1;7681.336383802324;01;5;4;Hauptstrecke;H306;85;Warm (20° bis 31,99° C);Tag;Klar;Texas;Frühling;Entgleisung;General Switching Rules;Human Factors;EinzelneWagen, Güterzug;58105.013147849684;Nicht Signifikant;False