index;INCDTNO;YEAR4;MONTH;DAY;ACCDMG;INFRASTRUCTURE_DMG;TRKDMG;EQPDMG;LOCOMOTIVES1;LOCOMOTIVES2;RREMPKLD;RREMPINJ;PASSKLD;PASSINJ;OTHERKLD;OTHERINJ;SPEED;LOADF1;LOADF2;EMPTYF1;EMPTYP1;LOADP1;EMPTYF2;TONS;TYPE;TYPEQ;TRKCLAS;TYPTRK;ACCAUSE;TEMP;TEMP_CLUSTER;VISIBLTY;WEATHER;STATE;Jahreszeit;ACCIDENT_TYPE;ACCCAUSE_LVL1;ACCCAUSE_LVL2;EQUIPMENT_TYPE;ACCDMG_EUR;ACCTYPE;SPD_TOO_HIGH
6940;H2061;1991;6;5;7400.0;7400.0;400.0;7000.0;3;0;0;0;0;0;0;0;6.940339448159618;83;2;0;0;0;0;9107.181964227206;01;6;1;Depot;H307;80;Warm (20° bis 31,99° C);Tag;Klar;Texas;Frühling;Entgleisung;General Switching Rules;Human Factors;EinzelneWagen, Güterzug;6277.03791670201;Nicht Signifikant;False
6941;H2373;1993;6;19;17850.0;17850.0;3000.0;14850.0;2;0;0;0;0;0;0;0;6.0;44;1;19;0;0;0;6205.256439118408;04;7;1;Depot;E69C;76;Warm (20° bis 31,99° C);Abend;Regen;Texas;Frühling;Kollision;Wheels;Mechanical and Electrical Failures;Depot/Rangieren, EinzelneWagen;15141.233353125794;Nicht Signifikant;False
6942;H2421;1991;7;8;30000.0;30000.0;20000.0;10000.0;4;0;0;0;0;0;0;0;3.5;33;0;26;0;0;1;3768.0;04;1;3;Depot;H302;79;Warm (20° bis 31,99° C);Abend;Wolkig;Texas;Sommer;Kollision;General Switching Rules;Human Factors;Güterzug, Güterzug;25447.4510136568;Nicht Signifikant;False
6943;H2601;1991;7;25;6700.0;6700.0;0.0;6700.0;2;0;0;0;0;0;0;0;5.0;17;0;3;0;0;0;2155.0;04;7;2;Depot;H602;84;Warm (20° bis 31,99° C);Abend;Klar;Texas;Sommer;Kollision;Speed;Human Factors;Depot/Rangieren, Depot/Rangieren;5683.264059716685;Nicht Signifikant;False
6944;H3352;1992;8;25;139955.0;139955.0;16500.0;123455.0;3;0;0;0;0;0;0;0;5.0;61;5;32;0;0;7;8357.0;04;7;1;Depot;H306;75;Warm (20° bis 31,99° C);Tag;Wolkig;Texas;Sommer;Kollision;General Switching Rules;Human Factors;Depot/Rangieren, Güterzug;118716.60022054457;Nicht Signifikant;False
6945;H3414;1994;9;21;27688.0;27688.0;300.0;27388.0;0;0;0;0;0;0;0;0;11.917117953470694;46;5;8;0;0;0;5644.237962205536;01;6;1;Depot;E30C;74;Warm (20° bis 31,99° C);Abend;Klar;Texas;Sommer;Entgleisung;Coupler and Draft System;Mechanical and Electrical Failures;EinzelneWagen, EinzelneWagen;23486.30078887098;Nicht Signifikant;True
6946;H3560;1990;9;27;2018500.0;2018500.0;6500.0;2012000.0;9;3;0;3;0;0;0;0;19.879963561968417;150;0;16;0;0;0;14166.0;02;1;4;Hauptstrecke;H104;60;Moderat (0° bis 19,99° C);Abend;Klar;Arizona;Herbst;Kollision;Employee Physical Condition;Human Factors;Güterzug, Güterzug;1712189.3290355415;Signifikant;False
6947;H3692;1992;9;7;62600.0;62600.0;29000.0;33600.0;3;1;0;0;0;0;0;0;4.0;22;2;23;0;0;1;3157.0;04;7;1;Depot;H799;77;Warm (20° bis 31,99° C);Abend;Klar;Texas;Sommer;Kollision;Switches, Use of;Human Factors;Depot/Rangieren, Güterzug;53100.34778183052;Nicht Signifikant;False
6948;H3772;1992;9;13;25000.0;25000.0;0.0;25000.0;4;0;0;0;0;0;0;0;3.9542723449729715;35;0;34;0;0;2;5442.0;04;7;2;Depot;H306;84;Warm (20° bis 31,99° C);Tag;Regen;Texas;Sommer;Kollision;General Switching Rules;Human Factors;Depot/Rangieren, Depot/Rangieren;21206.20917804733;Nicht Signifikant;False
6949;H4043;1993;10;28;17100.0;17100.0;600.0;16500.0;3;0;0;0;0;0;0;0;2.958916643910756;42;3;40;0;0;0;5603.5503496303445;04;6;1;Depot;H307;48;Moderat (0° bis 19,99° C);Abend;Klar;Texas;Herbst;Kollision;General Switching Rules;Human Factors;EinzelneWagen, Güterzug;14505.047077784375;Nicht Signifikant;False
6950;H4131;1991;11;19;42875.0;42875.0;18000.0;24875.0;5;1;0;0;0;0;0;0;6.5;25;2;44;0;0;2;4912.0;04;7;2;Depot;H602;65;Moderat (0° bis 19,99° C);Abend;Wolkig;Texas;Herbst;Kollision;Speed;Human Factors;Depot/Rangieren, Depot/Rangieren;36368.64874035117;Nicht Signifikant;False
6951;H4234;1994;12;6;38000.0;38000.0;2000.0;36000.0;3;0;0;0;0;0;0;0;8.5;44;0;24;0;0;3;6733.0;04;7;4;Industriestrecke;H215;65;Moderat (0° bis 19,99° C);Abend;Nebel;Texas;Herbst;Kollision;Flagging, Fixed, Hand and Radio Signals;Human Factors;Depot/Rangieren, Güterzug;32233.437950631942;Nicht Signifikant;False
6952;H4330;1990;12;7;28000.0;28000.0;0.0;28000.0;2;0;0;1;0;0;0;0;4.0;6;0;9;0;0;0;825.0;04;7;1;Depot;H702;81;Warm (20° bis 31,99° C);Tag;Klar;Arizona;Herbst;Kollision;Switches, Use of;Human Factors;Depot/Rangieren, Depot/Rangieren;23750.95427941301;Signifikant;False
6953;H4651;1991;12;30;25550.0;25550.0;5400.0;20150.0;2;2;0;1;0;0;0;0;4.949628046035187;5;1;5;0;0;0;711.8899735913355;05;7;2;Depot;H999;45;Moderat (0° bis 19,99° C);Abend;Klar;Texas;Winter;Kollision;Miscellaneous;Human Factors;Depot/Rangieren, Lokomotive;21672.74577996437;Signifikant;False
6954;HL0117113;2017;1;16;30950.0;30950.0;0.0;30950.0;1;0;0;0;0;0;0;0;3.9542723449729715;26;0;19;0;0;1;3607.434813571578;01;7;1;Depot;H318;33;Moderat (0° bis 19,99° C);Abend;Regen;Nebraska;Winter;Entgleisung;General Switching Rules;Human Factors;Depot/Rangieren, EinzelneWagen;29214.64980177459;Nicht Signifikant;False
6955;HL0318109;2018;3;12;11000.0;11000.0;0.0;11000.0;2;0;0;0;0;0;0;0;7.935695149221832;31;1;20;0;0;0;3317.0;04;7;1;Depot;H018;43;Moderat (0° bis 19,99° C);Tag;Klar;Tennessee;Winter;Kollision;Brakes, Use of;Human Factors;Depot/Rangieren, EinzelneWagen;8941.63550642172;Nicht Signifikant;False
6956;HL0319114;2019;3;14;282253.0;282253.0;121805.0;160448.0;6;0;0;0;0;0;0;0;5.944983747097401;82;5;106;0;0;6;13862.0;04;7;1;Depot;M505;50;Moderat (0° bis 19,99° C);Abenddämmerung;Klar;Tennessee;Winter;Kollision;Other Miscellaneous;Miscellaneous Causes;Depot/Rangieren, Güterzug;249891.98760513501;Signifikant;False
6957;HL0319121;2019;3;25;14043.0;14043.0;250.0;13793.0;2;0;0;0;0;0;0;0;5.944983747097401;17;2;28;0;0;3;2651.0;03;7;1;Depot;H306;50;Moderat (0° bis 19,99° C);Abend;Klar;Missouri;Frühling;Kollision;General Switching Rules;Human Factors;Depot/Rangieren, EinzelneWagen;12400.0;Nicht Signifikant;False
6958;HL0320108;2020;3;8;263880.0;263880.0;10000.0;253880.0;5;1;0;1;0;0;0;0;13.907829355595124;169;3;18;0;0;4;24127.0;04;1;3;Hauptstrecke;H306;55;Moderat (0° bis 19,99° C);Abend;Wolkig;Iowa;Winter;Kollision;General Switching Rules;Human Factors;Güterzug, Güterzug;231149.26419060968;Signifikant;False
6959;HL0320117;2020;3;27;281931.0;281931.0;46599.0;235332.0;4;2;0;0;0;0;0;0;3.9542723449729715;12;2;75;0;0;3;4144.0;01;7;1;Depot;H599;54;Moderat (0° bis 19,99° C);Abenddämmerung;Klar;Nebraska;Frühling;Entgleisung;Train Handling/Train Makeup;Human Factors;Depot/Rangieren, Depot/Rangieren;256837.9338617109;Signifikant;False
6960;HL0618114;2018;6;26;207895.0;207895.0;156000.0;51895.0;4;0;0;0;0;0;0;0;9.926406551346263;16;3;4;0;0;1;1766.8899735913355;01;7;1;Depot;H607;82;Warm (20° bis 31,99° C);Abend;Klar;Tennessee;Sommer;Entgleisung;Speed;Human Factors;Depot/Rangieren, Lokomotive;178114.29061000686;Signifikant;False
6961;HL0717104;2017;7;10;70063.0;70063.0;0.0;70063.0;2;0;0;0;0;0;0;0;1.9635609428485408;3;0;30;0;0;1;1325.924561719506;01;7;1;Industriestrecke;H306;90;Heiß (>= 32° C);Tag;Klar;Arkansas;Sommer;Entgleisung;General Switching Rules;Human Factors;Depot/Rangieren, EinzelneWagen;61528.936506542545;Nicht Signifikant;False
6962;HL0818123;2018;8;30;923312.0;923312.0;27500.0;895812.0;5;0;0;1;0;0;0;0;13.907829355595124;145;10;4;0;0;0;9892.0;03;1;4;Hauptstrecke;H605;75;Warm (20° bis 31,99° C);Abend;Klar;Alabama;Sommer;Kollision;Speed;Human Factors;Güterzug, Güterzug;789695.5183031132;Signifikant;False
6963;HL0819107;2019;8;7;15790.0;15790.0;0.0;15790.0;4;0;0;0;0;0;0;0;4.949628046035187;68;0;51;0;0;0;10613.0;04;1;1;Depot;H997;81;Warm (20° bis 31,99° C);Tag;Klar;Missouri;Sommer;Kollision;Miscellaneous;Human Factors;Güterzug, Wartungszug;14095.697196929119;Nicht Signifikant;False
6964;HL1018119;2018;10;24;83077.0;83077.0;2500.0;80577.0;4;0;0;0;0;0;0;0;4.949628046035187;24;0;55;0;0;1;4215.0;04;1;1;Depot;H306;52;Moderat (0° bis 19,99° C);Abenddämmerung;Klar;Arkansas;Herbst;Kollision;General Switching Rules;Human Factors;Güterzug, Güterzug;72944.94687856703;Nicht Signifikant;False
6965;HL1116112;2016;11;23;21805.0;21805.0;0.0;21805.0;6;0;0;0;0;0;0;0;7.935695149221832;0;0;135;0;0;0;3399.8899735913355;04;1;1;Depot;H307;42;Moderat (0° bis 19,99° C);Abend;Wolkig;Missouri;Herbst;Kollision;General Switching Rules;Human Factors;Güterzug, Lokomotive;20566.87417468402;Nicht Signifikant;False
6966;HL1118105;2018;11;6;12040.0;12040.0;0.0;12040.0;3;0;0;0;0;0;0;0;0.9682052417863254;34;0;21;0;0;0;4353.0;04;7;1;Depot;H316;55;Moderat (0° bis 19,99° C);Morgendämmerung;Klar;Tennessee;Herbst;Kollision;General Switching Rules;Human Factors;Depot/Rangieren, Depot/Rangieren;10535.526776338816;Nicht Signifikant;False
6967;HL1218122;2018;12;26;16800.0;16800.0;800.0;16000.0;6;0;0;0;0;0;0;0;5.944983747097401;115;0;32;0;0;2;16442.0;01;1;1;Depot;H607;37;Moderat (0° bis 19,99° C);Abend;Klar;Missouri;Winter;Entgleisung;Speed;Human Factors;Güterzug, Güterzug;14753.234588138866;Nicht Signifikant;False
6968;HVRX100901;2009;10;18;18000.0;18000.0;0.0;18000.0;3;0;0;0;0;0;0;0;6.0;0;0;3;5;0;0;257.4763148182787;04;6;1;Depot;H995;55;Moderat (0° bis 19,99° C);Tag;Klar;Utah;Herbst;Kollision;Miscellaneous;Human Factors;EinzelneWagen, Lokomotive;12079.18577340342;Nicht Signifikant;False
6969;I0107;2007;1;11;27701.0;27701.0;0.0;27701.0;9;0;0;2;0;1;0;0;11.0;0;0;0;6;8;0;520.1321012171777;03;2;3;Hauptstrecke;H401;0;Kalt (-30° - 0,01° C);Abend;Klar;New York;Winter;Kollision;Main Track Authority;Human Factors;Personenzug, Personenzug;21334.71965495995;Signifikant;False
6970;I0135;1995;1;31;16000.0;16000.0;0.0;16000.0;5;0;0;0;0;0;0;0;4.949628046035187;67;1;2;0;0;0;6890.0;04;1;1;Depot;H306;75;Warm (20° bis 31,99° C);Tag;Klar;Kalifornien;Winter;Kollision;General Switching Rules;Human Factors;Güterzug, Güterzug;13571.973873950292;Nicht Signifikant;False
6971;I0464;1994;2;27;42600.0;42600.0;500.0;42100.0;4;0;0;0;0;0;0;0;4.0;25;0;105;0;0;2;6499.0;04;7;1;Depot;H299;65;Moderat (0° bis 19,99° C);Tag;Wolkig;Kalifornien;Winter;Kollision;Flagging, Fixed, Hand and Radio Signals;Human Factors;Depot/Rangieren, Güterzug;36135.380439392655;Nicht Signifikant;False
6972;I0654;1994;4;2;8500.0;8500.0;0.0;8500.0;4;0;0;0;0;0;0;0;1.9635609428485408;36;0;75;0;0;2;6885.0;04;1;1;Depot;H401;60;Moderat (0° bis 19,99° C);Abend;Nebel;Kalifornien;Frühling;Kollision;Main Track Authority;Human Factors;Güterzug, Güterzug;7210.111120536093;Nicht Signifikant;False
6973;I0763;1993;4;27;55750.0;55750.0;0.0;55750.0;1;0;0;0;0;0;0;0;5.5;14;0;9;0;0;2;2085.7671532754366;05;7;1;Depot;S008;65;Moderat (0° bis 19,99° C);Abend;Klar;Kalifornien;Frühling;Kollision;SIGNAL AND COMMUNICATION;Signal and Communication;Depot/Rangieren, EinzelneWagen;47289.84646704555;Nicht Signifikant;False
6974;I1466;1996;8;5;19500.0;19500.0;5000.0;14500.0;3;0;0;1;0;0;0;0;4.949628046035187;44;2;10;0;0;0;4663.0;04;7;1;Depot;H702;85;Warm (20° bis 31,99° C);Tag;Klar;Kalifornien;Sommer;Kollision;Switches, Use of;Human Factors;Depot/Rangieren, Depot/Rangieren;16540.84315887692;Signifikant;False
6975;I1666;1996;8;30;158000.0;158000.0;3000.0;155000.0;7;2;0;0;0;0;0;0;14.903185056657339;22;1;0;0;0;0;5300.889973591336;03;1;4;Hauptstrecke;H204;86;Warm (20° bis 31,99° C);Tag;Klar;Kalifornien;Sommer;Kollision;Flagging, Fixed, Hand and Radio Signals;Human Factors;Güterzug, Lokomotive;134023.24200525912;Nicht Signifikant;False
6976;I1753;1993;12;28;13000.0;13000.0;0.0;13000.0;4;0;0;0;0;0;0;0;7.935695149221832;68;0;41;0;0;0;9053.587633822772;05;6;1;Depot;H210;72;Warm (20° bis 31,99° C);Tag;Klar;Kalifornien;Winter;Kollision;Flagging, Fixed, Hand and Radio Signals;Human Factors;EinzelneWagen, Lokomotive;11027.228772584613;Nicht Signifikant;False
6977;I1784;1994;11;13;20500.0;20500.0;0.0;20500.0;8;0;0;0;0;0;0;0;5.0;146;0;50;0;0;0;21272.0;04;1;1;Depot;H210;55;Moderat (0° bis 19,99° C);Abend;Klar;Kalifornien;Herbst;Kollision;Flagging, Fixed, Hand and Radio Signals;Human Factors;Güterzug, Güterzug;17389.09152599881;Nicht Signifikant;False
6978;I2351;1991;11;19;57000.0;57000.0;30000.0;27000.0;7;2;0;0;0;0;0;0;14.5;47;1;0;0;0;0;8317.0;04;1;4;Hauptstrecke;H212;50;Moderat (0° bis 19,99° C);Abend;Klar;Kalifornien;Herbst;Kollision;Flagging, Fixed, Hand and Radio Signals;Human Factors;Güterzug, Güterzug;48350.156925947915;Nicht Signifikant;False
6979;IA201901;2019;6;13;80000.0;80000.0;0.0;80000.0;4;0;0;0;0;0;0;0;16.89389645878177;0;0;0;0;0;0;69.7799471826711;02;8;2;Depot;H607;48;Moderat (0° bis 19,99° C);Abend;Klar;Iowa;Frühling;Kollision;Speed;Human Factors;Lokomotive, Lokomotive;70865.44423775356;Nicht Signifikant;False
6980;IC04253;2004;6;3;22350.0;22350.0;0.0;22350.0;4;0;0;1;0;0;0;0;2.5;49;0;20;0;0;0;5500.0;05;1;3;Hauptstrecke;H307;80;Warm (20° bis 31,99° C);Tag;Klar;Arkansas;Frühling;Kollision;General Switching Rules;Human Factors;Güterzug, Güterzug;18280.713234091283;Signifikant;False
6981;IC070233;2007;4;6;657828.0;657828.0;9000.0;648828.0;5;2;0;0;0;0;0;0;18.8846078609062;20;4;153;0;0;0;5560.0;04;1;3;Hauptstrecke;H404;35;Moderat (0° bis 19,99° C);Abend;Klar;Arkansas;Frühling;Kollision;Main Track Authority;Human Factors;Güterzug, Güterzug;491517.97722585854;Signifikant;False
6982;IC080730;2008;9;15;20000.0;20000.0;0.0;20000.0;2;0;0;0;0;0;0;0;7.935695149221832;0;0;1;0;0;0;100.22635739365951;04;5;1;Industriestrecke;H307;65;Moderat (0° bis 19,99° C);Tag;Klar;Arkansas;Sommer;Kollision;General Switching Rules;Human Factors;EinzelneWagen, Lokomotive;14133.276800226133;Nicht Signifikant;False
6983;IC99740;1999;12;20;40500.0;40500.0;40000.0;500.0;3;0;0;0;0;0;0;0;2.0;1;0;0;0;0;0;6130.0;04;7;3;Hauptstrecke;H021;10;Kalt (-30° - 0,01° C);Abend;Klar;Massachusetts;Herbst;Kollision;Brakes, Use of;Human Factors;Depot/Rangieren, EinzelneWagen;40114.8969889065;Nicht Signifikant;False
6984;ID06253;2006;4;28;106534.0;106534.0;16534.0;90000.0;2;0;0;0;0;0;0;0;28.838164871528356;90;1;67;0;0;1;12306.907403447156;02;6;1;Nebenstrecke;H702;74;Warm (20° bis 31,99° C);Tag;Klar;Alabama;Frühling;Kollision;Switches, Use of;Human Factors;EinzelneWagen, Güterzug;84975.67201084789;Nicht Signifikant;True
6985;ID06334;2006;6;4;395863.0;395863.0;150000.0;245863.0;7;0;0;0;0;0;0;0;24.856742067279495;77;16;7;0;0;0;8748.014845068254;01;6;1;Nebenstrecke;M507;50;Moderat (0° bis 19,99° C);Abend;Klar;Oregon;Frühling;Entgleisung;Other Miscellaneous;Miscellaneous Causes;EinzelneWagen, Güterzug;306624.92577005504;Signifikant;True
6986;ID070450;2007;7;17;30100.0;30100.0;2100.0;28000.0;1;1;0;0;0;0;0;0;8.0;3;1;0;0;0;0;285.88997359133555;02;6;1;Industriestrecke;H008;90;Heiß (>= 32° C);Tag;Klar;Missouri;Sommer;Kollision;Brakes, Use of;Human Factors;EinzelneWagen, Lokomotive;21857.52668651514;Nicht Signifikant;False
6987;ID110119;2011;3;24;19500.0;19500.0;2500.0;17000.0;2;1;0;0;0;0;0;0;7.5;12;0;31;0;0;3;2653.8899735913355;04;1;3;Nebenstrecke;H607;45;Moderat (0° bis 19,99° C);Abend;Klar;Arkansas;Frühling;Kollision;Speed;Human Factors;Güterzug, Lokomotive;13802.37825594564;Nicht Signifikant;False
6988;IL0199113;1999;1;22;22900.0;22900.0;2000.0;20900.0;5;0;0;0;0;0;0;0;9.926406551346263;175;7;0;0;0;0;17468.0;03;1;5;Hauptstrecke;H204;36;Moderat (0° bis 19,99° C);Tag;Nebel;Illinois;Winter;Kollision;Flagging, Fixed, Hand and Radio Signals;Human Factors;Güterzug, Güterzug;19797.700354456643;Nicht Signifikant;False
6989;IL0601104;2001;6;30;101723.0;101723.0;22800.0;78923.0;7;1;0;0;0;0;0;0;27.84280917046614;123;0;35;0;0;6;15464.0;03;1;3;Hauptstrecke;T102;85;Warm (20° bis 31,99° C);Tag;Klar;Missouri;Sommer;Kollision;Track Geometry;Track, Roadbed and Structures;Güterzug, Güterzug;120074.36553216603;Nicht Signifikant;False
6990;IL0697108;1997;6;25;126000.0;126000.0;11000.0;115000.0;4;1;0;0;0;0;0;0;8.0;20;20;9;0;0;9;3024.4472611976703;04;7;2;Depot;H605;65;Moderat (0° bis 19,99° C);Abend;Klar;Illinois;Sommer;Kollision;Speed;Human Factors;Depot/Rangieren, Lokomotive;106879.29425735855;Nicht Signifikant;False
6991;IL0698107;1998;6;26;1197080.0;1197080.0;147500.0;1049580.0;6;2;0;2;0;0;0;0;27.84280917046614;126;6;0;0;0;0;8363.0;04;1;5;Hauptstrecke;H702;91;Heiß (>= 32° C);Abenddämmerung;Klar;Illinois;Sommer;Kollision;Switches, Use of;Human Factors;Güterzug, Güterzug;1015421.155314276;Signifikant;False
6992;IL0801101;2001;8;20;517583.0;517583.0;68500.0;449083.0;4;2;0;2;0;0;0;0;21.870674964092846;130;6;71;0;0;0;14470.0;03;1;5;Hauptstrecke;H215;65;Moderat (0° bis 19,99° C);Tag;Klar;Illinois;Sommer;Kollision;Flagging, Fixed, Hand and Radio Signals;Human Factors;Güterzug, Güterzug;565726.3088862171;Signifikant;False
6993;IL0897107;1997;8;15;16500.0;16500.0;3000.0;13500.0;2;0;0;0;0;0;0;0;17.5;0;0;116;0;0;2;3198.742863252126;01;6;3;Hauptstrecke;T314;72;Warm (20° bis 31,99° C);Abenddämmerung;Wolkig;Iowa;Sommer;Entgleisung;Frogs, Switches and Track Appliances;Track, Roadbed and Structures;EinzelneWagen, Güterzug;13996.098057511239;Nicht Signifikant;False
6994;IL0899103;1999;8;11;541340.0;541340.0;0.0;66340.0;0;0;0;0;0;0;0;0;16.787792917563543;22;3;1;0;0;1;2663.1968546501935;03;6;2;Hauptstrecke;H605;83;Warm (20° bis 31,99° C);Tag;Wolkig;Iowa;Sommer;Kollision;Speed;Human Factors;EinzelneWagen, EinzelneWagen;507442.81964754406;Signifikant;False
6995;IL0997100;1997;9;1;20600.0;20600.0;50.0;20550.0;5;0;0;0;0;0;0;0;3.0;14;1;0;0;0;0;1681.9929315901034;04;1;1;Depot;H702;88;Warm (20° bis 31,99° C);Tag;Klar;Illinois;Sommer;Kollision;Switches, Use of;Human Factors;Güterzug, Güterzug;17473.916362711;Nicht Signifikant;False
6996;IL1097106;1997;10;23;41000.0;41000.0;0.0;41000.0;5;0;0;0;0;0;0;0;6.940339448159618;55;2;1;0;0;0;9222.0;04;1;1;Depot;H306;48;Moderat (0° bis 19,99° C);Abend;Klar;Illinois;Herbst;Kollision;General Switching Rules;Human Factors;Güterzug, Güterzug;34778.18305199762;Nicht Signifikant;False
6997;IL1099102;1999;10;8;28966.0;28966.0;5000.0;23966.0;1;0;0;0;0;0;0;0;0.9682052417863254;4;2;1;0;0;0;594.4741375063206;01;7;1;Industriestrecke;T303;70;Warm (20° bis 31,99° C);Tag;Klar;Iowa;Herbst;Entgleisung;Frogs, Switches and Track Appliances;Track, Roadbed and Structures;Depot/Rangieren, EinzelneWagen;27180.257108004127;Nicht Signifikant;False
6998;IL1198111;1998;11;19;25000.0;25000.0;0.0;25000.0;5;0;0;0;0;0;0;0;2.958916643910756;59;0;64;0;0;2;7957.084765718122;04;7;1;Depot;H702;42;Moderat (0° bis 19,99° C);Abend;Wolkig;Missouri;Herbst;Kollision;Switches, Use of;Human Factors;Depot/Rangieren, Güterzug;21206.20917804733;Nicht Signifikant;False
6999;IL1200102;2000;12;27;432527.0;432527.0;40000.0;392527.0;5;3;0;1;0;0;0;0;7.935695149221832;222;1;0;0;0;0;31242.0;03;1;5;Hauptstrecke;H215;20;Kalt (-30° - 0,01° C);Tag;Klar;Iowa;Winter;Kollision;Flagging, Fixed, Hand and Radio Signals;Human Factors;Güterzug, Güterzug;464583.2438238453;Signifikant;False
7000;IMR2606CO;2006;7;31;364000.0;364000.0;500.0;363500.0;3;0;0;0;0;0;0;0;4.5;56;0;10;0;0;0;6744.659822931029;04;7;X;Industriestrecke;M599;86;Warm (20° bis 31,99° C);Abend;Klar;Illinois;Sommer;Kollision;Other Miscellaneous;Miscellaneous Causes;Depot/Rangieren, Depot/Rangieren;285110.0493459701;Signifikant;False
7001;IN20160111;2016;1;11;28004.0;28004.0;0.0;28004.0;2;0;0;0;0;0;0;0;5.0;4;0;2;0;0;0;570.336383802324;04;7;2;Depot;H020;30;Kalt (-30° - 0,01° C);Abend;Klar;Texas;Winter;Kollision;Brakes, Use of;Human Factors;Depot/Rangieren, EinzelneWagen;25720.0587803086;Nicht Signifikant;False
7002;IX7;1993;1;16;17000.0;17000.0;0.0;17000.0;2;0;0;0;0;0;0;0;4.0;83;2;0;0;0;0;9550.864265106751;04;7;1;Depot;H599;20;Kalt (-30° - 0,01° C);Abend;Wolkig;Michigan;Winter;Kollision;Train Handling/Train Makeup;Human Factors;Depot/Rangieren, Depot/Rangieren;14420.222241072186;Nicht Signifikant;False
7003;J0016;1996;1;3;20000.0;20000.0;0.0;20000.0;2;0;0;0;0;0;0;0;1.9635609428485408;4;0;89;0;0;0;4814.889973591336;04;7;1;Depot;H306;40;Moderat (0° bis 19,99° C);Abend;Klar;Louisiana;Winter;Kollision;General Switching Rules;Human Factors;Depot/Rangieren, Lokomotive;16964.967342437863;Nicht Signifikant;False
7004;J1495;1995;9;11;10500.0;10500.0;0.0;10500.0;2;0;0;0;0;0;0;0;5.5;25;1;5;0;0;2;2842.6563391776763;04;7;1;Depot;H310;90;Heiß (>= 32° C);Tag;Klar;Texas;Sommer;Kollision;General Switching Rules;Human Factors;Depot/Rangieren, EinzelneWagen;8906.607854779879;Nicht Signifikant;False
7005;J1875;1995;12;23;49300.0;49300.0;35000.0;14300.0;5;0;0;0;0;0;0;0;10.0;142;5;9;0;0;0;17536.0;04;7;1;Hauptstrecke;H305;48;Moderat (0° bis 19,99° C);Tag;Wolkig;Texas;Winter;Kollision;General Switching Rules;Human Factors;Depot/Rangieren, Güterzug;41818.64449910934;Nicht Signifikant;False
7006;J3090;1990;10;3;14000.0;14000.0;0.0;14000.0;0;0;0;2;0;0;0;0;9.926406551346263;2;0;0;0;0;0;297.294796241188;03;5;1;Hauptstrecke;H402;74;Warm (20° bis 31,99° C);Tag;Klar;Kalifornien;Herbst;Kollision;Main Track Authority;Human Factors;EinzelneWagen, EinzelneWagen;11875.477139706505;Signifikant;False
7007;J4681;1991;6;27;18960.0;18960.0;1500.0;17460.0;3;0;0;0;0;0;0;0;3.0;40;1;17;0;0;1;5584.98867991458;04;6;2;Depot;H021;91;Heiß (>= 32° C);Tag;Klar;Louisiana;Sommer;Kollision;Brakes, Use of;Human Factors;EinzelneWagen, Güterzug;16082.789040631096;Nicht Signifikant;False
7008;JAN0188;1988;1;6;16500.0;16500.0;0.0;16500.0;1;0;0;0;0;0;0;0;4.949628046035187;2;0;17;0;0;0;814.883769827991;04;7;1;Depot;H025;45;Moderat (0° bis 19,99° C);Abenddämmerung;Regen;Texas;Winter;Kollision;Brakes, Use of;Human Factors;Depot/Rangieren, EinzelneWagen;13996.098057511239;Nicht Signifikant;False
7009;JAN0191;1991;1;16;9165.0;9165.0;0.0;9165.0;4;0;0;0;0;0;0;0;4.949628046035187;9;0;85;0;0;2;3684.501705118827;04;7;1;Depot;H018;55;Moderat (0° bis 19,99° C);Tag;Wolkig;Texas;Winter;Kollision;Brakes, Use of;Human Factors;Depot/Rangieren, Depot/Rangieren;7774.196284672152;Nicht Signifikant;False
7010;JAN0192;1992;1;8;41977.0;41977.0;0.0;41977.0;2;0;0;0;0;0;0;0;3.9542723449729715;16;0;17;0;0;0;2407.4877132376096;04;7;1;Depot;H601;63;Moderat (0° bis 19,99° C);Abend;Wolkig;Texas;Winter;Kollision;Speed;Human Factors;Depot/Rangieren, EinzelneWagen;35606.92170667571;Nicht Signifikant;False
7011;JAN0291;1991;1;24;37629.0;37629.0;1000.0;36629.0;3;0;0;0;0;0;0;0;5.5;41;0;22;0;0;4;5409.5755160016415;04;7;1;Depot;H999;41;Moderat (0° bis 19,99° C);Abend;Regen;Texas;Winter;Kollision;Miscellaneous;Human Factors;Depot/Rangieren, Depot/Rangieren;31918.737806429723;Nicht Signifikant;False
7012;JAN0294;1994;1;25;8294.0;8294.0;2344.0;5950.0;2;0;0;0;0;0;0;0;4.949628046035187;13;2;39;0;0;1;2776.7345809066137;04;7;1;Depot;H399;45;Moderat (0° bis 19,99° C);Abend;Regen;Texas;Winter;Kollision;General Switching Rules;Human Factors;Depot/Rangieren, EinzelneWagen;7035.371956908983;Nicht Signifikant;False
7013;JAN03001;2003;1;3;39000.0;39000.0;2000.0;37000.0;3;1;0;0;0;0;0;0;12.0;57;0;0;0;0;0;6553.953145350404;04;7;1;Depot;H211;37;Moderat (0° bis 19,99° C);Abend;Klar;Texas;Winter;Kollision;Flagging, Fixed, Hand and Radio Signals;Human Factors;Depot/Rangieren, Depot/Rangieren;37528.86836027714;Nicht Signifikant;True
7014;JAN03005;2003;1;23;52000.0;52000.0;2000.0;50000.0;4;0;0;0;0;0;0;0;4.0;92;0;58;0;0;1;12302.834830731186;04;7;1;Depot;H306;40;Moderat (0° bis 19,99° C);Tag;Klar;Texas;Winter;Kollision;General Switching Rules;Human Factors;Depot/Rangieren, Depot/Rangieren;48340.6154132193;Nicht Signifikant;False