index;INCDTNO;YEAR4;MONTH;DAY;ACCDMG;INFRASTRUCTURE_DMG;TRKDMG;EQPDMG;LOCOMOTIVES1;LOCOMOTIVES2;RREMPKLD;RREMPINJ;PASSKLD;PASSINJ;OTHERKLD;OTHERINJ;SPEED;LOADF1;LOADF2;EMPTYF1;EMPTYP1;LOADP1;EMPTYF2;TONS;TYPE;TYPEQ;TRKCLAS;TYPTRK;ACCAUSE;TEMP;TEMP_CLUSTER;VISIBLTY;WEATHER;STATE;Jahreszeit;ACCIDENT_TYPE;ACCCAUSE_LVL1;ACCCAUSE_LVL2;EQUIPMENT_TYPE;ACCDMG_EUR;ACCTYPE;SPD_TOO_HIGH
7015;JM9106;1991;10;26;370000.0;370000.0;300000.0;70000.0;2;2;0;1;0;0;0;0;24.856742067279495;7;7;6;0;0;6;1194.9038748545474;02;6;X;Depot;M599;60;Moderat (0° bis 19,99° C);Tag;Wolkig;Ohio;Herbst;Kollision;Other Miscellaneous;Miscellaneous Causes;EinzelneWagen, Lokomotive;313851.8958351005;Signifikant;True
7016;JULY0185;1985;7;17;10400.0;10400.0;0.0;10400.0;2;0;0;0;0;0;0;0;3.9542723449729715;0;0;22;0;0;3;744.041075682637;04;7;2;Industriestrecke;H702;82;Warm (20° bis 31,99° C);Abend;Klar;Texas;Sommer;Kollision;Switches, Use of;Human Factors;Depot/Rangieren, EinzelneWagen;8821.78301806769;Nicht Signifikant;False
7017;JULY0186;1986;7;4;13300.0;13300.0;1000.0;12300.0;1;0;0;0;0;0;0;0;3.9542723449729715;16;2;0;0;0;0;1929.116821646434;04;7;2;Depot;H306;78;Warm (20° bis 31,99° C);Abend;Klar;Texas;Sommer;Kollision;General Switching Rules;Human Factors;Depot/Rangieren, EinzelneWagen;11281.70328272118;Nicht Signifikant;False
7018;JULY0190;1990;7;23;114200.0;114200.0;0.0;75000.0;1;0;0;0;0;0;0;0;5.935695149221832;13;1;23;0;0;7;2278.863184249427;04;6;1;Depot;H018;72;Warm (20° bis 31,99° C);Abend;Klar;Texas;Sommer;Kollision;Brakes, Use of;Human Factors;EinzelneWagen, Güterzug;96869.96352532021;Nicht Signifikant;False
7019;JULY0199;1999;7;26;40259.0;40259.0;20100.0;20159.0;2;0;0;0;0;0;0;0;6.940339448159618;59;7;0;0;0;0;6918.731281393616;01;7;1;Industriestrecke;T110;80;Warm (20° bis 31,99° C);Abend;Klar;Texas;Sommer;Entgleisung;Track Geometry;Track, Roadbed and Structures;Depot/Rangieren, EinzelneWagen;37632.267713591325;Nicht Signifikant;False
7020;JULY0286;1986;7;11;24400.0;24400.0;3000.0;21400.0;2;0;0;0;0;0;0;0;5.0;41;4;23;0;0;0;5512.537951726256;04;7;2;Depot;H310;82;Warm (20° bis 31,99° C);Abend;Wolkig;Texas;Sommer;Kollision;General Switching Rules;Human Factors;Depot/Rangieren, EinzelneWagen;20697.260157774195;Nicht Signifikant;False
7021;JULY0290;1990;7;2;21999.0;21999.0;1800.0;20199.0;2;0;0;0;0;0;0;0;3.9542723449729715;27;0;36;0;0;5;4244.701350165267;04;7;1;Depot;H306;100;Heiß (>= 32° C);Tag;Klar;Texas;Sommer;Kollision;General Switching Rules;Human Factors;Depot/Rangieren, EinzelneWagen;18660.61582831453;Nicht Signifikant;False
7022;JULY0387;1987;7;31;78000.0;78000.0;3000.0;75000.0;1;0;0;0;0;0;0;0;4.949628046035187;6;2;27;0;0;3;1618.035755908757;04;7;1;Depot;H306;95;Heiß (>= 32° C);Tag;Klar;Texas;Sommer;Kollision;General Switching Rules;Human Factors;Depot/Rangieren, EinzelneWagen;66163.37263550768;Nicht Signifikant;False
7023;JULY0488;1988;7;27;8000.0;8000.0;0.0;8000.0;1;0;0;0;0;0;0;0;3.5;21;0;1;0;0;0;2489.132272508087;04;7;1;Depot;H018;84;Warm (20° bis 31,99° C);Abenddämmerung;Klar;Texas;Sommer;Kollision;Brakes, Use of;Human Factors;Depot/Rangieren, EinzelneWagen;6785.986936975146;Nicht Signifikant;False
7024;JULY0590;1990;7;29;6623.0;6623.0;0.0;6623.0;4;0;0;0;0;0;0;0;3.9542723449729715;2;0;84;0;0;1;2856.273288583622;04;7;1;Depot;H307;90;Heiß (>= 32° C);Tag;Wolkig;Texas;Sommer;Kollision;General Switching Rules;Human Factors;Depot/Rangieren, Depot/Rangieren;5617.948935448299;Nicht Signifikant;False
7025;JULY9401;1994;7;6;32820.0;32820.0;0.0;32820.0;2;0;0;0;0;0;0;0;3.9542723449729715;53;0;37;0;0;0;7225.440625039942;04;7;1;Depot;H018;85;Warm (20° bis 31,99° C);Morgendämmerung;Klar;Texas;Sommer;Kollision;Brakes, Use of;Human Factors;Depot/Rangieren, EinzelneWagen;27839.511408940536;Nicht Signifikant;False
7026;JUNE0185;1985;6;2;88117.0;88117.0;9717.0;78400.0;5;0;0;0;0;0;0;0;5.944983747097401;120;3;5;0;0;0;13931.730064742072;01;7;2;Hauptstrecke;T101;93;Heiß (>= 32° C);Tag;Klar;Texas;Frühling;Entgleisung;Track Geometry;Track, Roadbed and Structures;Depot/Rangieren, Depot/Rangieren;74745.10136567986;Nicht Signifikant;False
7027;JUNE0186;1986;6;2;10000.0;10000.0;500.0;9500.0;1;0;0;0;0;0;0;0;4.949628046035187;0;0;23;0;0;0;770.0473820354047;04;7;2;Depot;H020;75;Warm (20° bis 31,99° C);Abend;Klar;Texas;Frühling;Kollision;Brakes, Use of;Human Factors;Depot/Rangieren, EinzelneWagen;8482.483671218932;Nicht Signifikant;False
7028;JUNE0187;1987;6;12;20700.0;20700.0;700.0;20000.0;1;0;0;0;0;0;0;0;4.949628046035187;36;2;13;0;0;0;4600.068644974453;04;7;1;Depot;H601;80;Warm (20° bis 31,99° C);Tag;Regen;Texas;Frühling;Kollision;Speed;Human Factors;Depot/Rangieren, EinzelneWagen;17558.74119942319;Nicht Signifikant;False
7029;JUNE0287;1987;6;29;27000.0;27000.0;1000.0;26000.0;2;0;0;0;0;0;0;0;4.0;36;0;18;0;0;4;4719.002752511396;04;7;1;Depot;H310;80;Warm (20° bis 31,99° C);Tag;Klar;Texas;Sommer;Kollision;General Switching Rules;Human Factors;Depot/Rangieren, Depot/Rangieren;22902.705912291116;Nicht Signifikant;False
7030;K1358;1988;4;27;39403.0;39403.0;0.0;6887.0;5;0;0;0;0;0;0;0;4.0;92;0;96;0;0;4;13617.0;01;1;1;Hauptstrecke;E46C;72;Warm (20° bis 31,99° C);Tag;Klar;Illinois;Frühling;Entgleisung;Truck Components;Mechanical and Electrical Failures;Güterzug, Güterzug;33423.53040970396;Nicht Signifikant;False
7031;K1905;1985;3;23;149200.0;149200.0;200.0;149000.0;5;0;0;1;0;0;0;0;14.903185056657339;59;0;38;0;0;0;6191.91967170837;03;6;2;Hauptstrecke;M503;65;Moderat (0° bis 19,99° C);Abend;Klar;Texas;Frühling;Kollision;Other Miscellaneous;Miscellaneous Causes;EinzelneWagen, Güterzug;126558.65637458647;Signifikant;False
7032;K2446;1986;6;19;32000.0;32000.0;0.0;32000.0;1;0;0;1;0;0;0;0;17.0;2;0;2;0;0;0;251.33638380232395;09;5;3;Hauptstrecke;H402;90;Heiß (>= 32° C);Tag;Klar;Texas;Frühling;Kollision;Main Track Authority;Human Factors;EinzelneWagen, Güterzug;27143.947747900584;Signifikant;False
7033;K3433;1990;7;9;26500.0;26500.0;400.0;26100.0;4;0;0;0;0;0;0;0;29.83352057259057;128;0;25;0;0;0;15448.61270946909;07;6;1;Nebenstrecke;M399;70;Warm (20° bis 31,99° C);Tag;Klar;Iowa;Sommer;Bahnübergang;Loading Procedures;Loading;EinzelneWagen, Güterzug;22478.581728730172;Nicht Signifikant;True
7034;K4335;1985;7;13;33000.0;33000.0;0.0;33000.0;6;1;0;0;0;0;0;0;4.949628046035187;72;0;76;0;0;0;9712.0;03;7;1;Depot;H999;90;Heiß (>= 32° C);Tag;Klar;Arkansas;Sommer;Kollision;Miscellaneous;Human Factors;Depot/Rangieren, Güterzug;27992.196115022478;Nicht Signifikant;False
7035;KC0037;1995;3;21;19000.0;19000.0;0.0;19000.0;4;0;0;1;0;0;0;0;9.926406551346263;0;0;0;0;0;0;69.7799471826711;03;8;1;Depot;H307;55;Moderat (0° bis 19,99° C);Abend;Klar;Missouri;Frühling;Kollision;General Switching Rules;Human Factors;Lokomotive, Lokomotive;16116.718975315971;Signifikant;False
7036;KC0100105;2000;1;30;12000.0;12000.0;0.0;12000.0;1;0;0;0;0;0;0;0;4.5;15;1;18;0;0;1;2345.2657745365605;01;7;1;Depot;H211;42;Moderat (0° bis 19,99° C);Tag;Klar;Kansas;Winter;Entgleisung;Flagging, Fixed, Hand and Radio Signals;Human Factors;Depot/Rangieren, EinzelneWagen;12232.415902140672;Nicht Signifikant;False
7037;KC0198100;1998;1;24;20100.0;20100.0;1500.0;18600.0;4;0;0;0;0;0;0;0;0.9682052417863254;74;3;0;0;0;0;3594.256439118408;09;7;X;Depot;H702;28;Kalt (-30° - 0,01° C);Tag;Klar;Kansas;Winter;Kollision;Switches, Use of;Human Factors;Depot/Rangieren, Güterzug;17049.792179150056;Nicht Signifikant;False
7038;KC0234;1994;10;25;32700.0;32700.0;0.0;32700.0;1;0;0;0;0;0;0;0;3.5;15;1;17;0;0;0;2313.339329706165;01;7;1;Depot;T305;40;Moderat (0° bis 19,99° C);Abend;Klar;Missouri;Herbst;Entgleisung;Frogs, Switches and Track Appliances;Track, Roadbed and Structures;Depot/Rangieren, EinzelneWagen;27737.721604885908;Nicht Signifikant;False
7039;KC0298104;1998;2;6;35691.0;35691.0;0.0;35691.0;1;0;0;0;0;0;0;0;4.949628046035187;36;5;1;0;0;0;4293.538845436032;01;7;X;Industriestrecke;T303;29;Kalt (-30° - 0,01° C);Abend;Wolkig;Missouri;Winter;Entgleisung;Frogs, Switches and Track Appliances;Track, Roadbed and Structures;Depot/Rangieren, EinzelneWagen;30274.83247094749;Nicht Signifikant;False
7040;KC1099100;1999;10;9;13500.0;13500.0;0.0;13500.0;1;0;0;0;0;0;0;0;7.5;13;3;5;0;0;2;1762.6457093502277;01;7;1;Depot;E69C;62;Moderat (0° bis 19,99° C);Abend;Wolkig;Kansas;Herbst;Entgleisung;Wheels;Mechanical and Electrical Failures;Depot/Rangieren, EinzelneWagen;12678.040381906401;Nicht Signifikant;False
7041;KC1299101;1999;12;18;222281.0;222281.0;0.0;222281.0;3;0;0;0;0;0;0;0;8.0;162;4;47;0;0;1;22308.01993946653;01;7;1;Depot;T220;25;Kalt (-30° - 0,01° C);Abend;Klar;Missouri;Herbst;Entgleisung;Rail, Joint Bar and Rail Anchoring;Track, Roadbed and Structures;Depot/Rangieren, Güterzug;219703.14971006857;Signifikant;False
7042;KC1299102;1999;12;27;44112.0;44112.0;4150.0;39962.0;9;0;0;0;0;0;0;0;5.0;56;3;152;0;0;2;10440.0;05;1;1;Hauptstrecke;T102;36;Moderat (0° bis 19,99° C);Tag;Wolkig;Missouri;Winter;Kollision;Track Geometry;Track, Roadbed and Structures;Güterzug, Güterzug;43528.7152161042;Nicht Signifikant;False
7043;KS0029;1996;2;19;11600.0;11600.0;800.0;10800.0;3;0;0;0;0;0;0;0;2.0;24;0;6;0;0;1;2984.116631770212;01;7;1;Depot;H702;28;Kalt (-30° - 0,01° C);Abend;Klar;Missouri;Winter;Entgleisung;Switches, Use of;Human Factors;Depot/Rangieren, Depot/Rangieren;9839.681058613962;Nicht Signifikant;False
7044;KS0101114;2001;1;14;73600.0;73600.0;55900.0;17700.0;7;0;0;0;0;0;0;0;19.879963561968417;108;1;28;0;0;0;10820.0;01;1;2;Hauptstrecke;E12C;34;Moderat (0° bis 19,99° C);Tag;Wolkig;Kansas;Winter;Entgleisung;Trailer or Container on Flatcar;Mechanical and Electrical Failures;Güterzug, Güterzug;77743.74141755572;Nicht Signifikant;False
7045;KS0102101;2002;1;5;310817.0;310817.0;153611.0;157206.0;3;0;0;0;0;0;0;0;4.0;8;4;3;0;0;2;1152.5748072797721;01;7;1;Depot;H306;25;Kalt (-30° - 0,01° C);Abend;Wolkig;Texas;Winter;Entgleisung;General Switching Rules;Human Factors;Depot/Rangieren, Depot/Rangieren;347760.7876776191;Signifikant;False
7046;KS0103115;2003;1;21;185657.0;185657.0;4000.0;181657.0;4;0;0;0;0;0;0;0;6.0;64;1;65;0;0;2;9351.840891006088;01;7;1;Depot;H702;38;Moderat (0° bis 19,99° C);Abend;Wolkig;Texas;Winter;Entgleisung;Switches, Use of;Human Factors;Depot/Rangieren, Depot/Rangieren;174276.72955974843;Signifikant;False
7047;KS0106101;2006;1;3;33218.0;33218.0;5400.0;27818.0;5;0;0;0;0;0;0;0;55.0;149;0;19;0;0;0;15584.0;05;1;5;Hauptstrecke;M201;50;Moderat (0° bis 19,99° C);Abend;Klar;Oklahoma;Winter;Kollision;Loading Procedures;Loading;Güterzug, Güterzug;27973.052631578947;Nicht Signifikant;False
7048;KS0108101;2008;1;5;37389.0;37389.0;3000.0;34389.0;3;0;0;0;0;0;0;0;2.958916643910756;36;0;41;0;0;3;5417.790152744723;01;7;1;Depot;H307;45;Moderat (0° bis 19,99° C);Abenddämmerung;Klar;Texas;Winter;Entgleisung;General Switching Rules;Human Factors;Depot/Rangieren, EinzelneWagen;25390.361500328225;Nicht Signifikant;False
7049;KS0108102;2008;1;12;5081056.0;5081056.0;505870.0;4575186.0;9;2;0;2;0;0;0;0;52.48446779801435;226;40;0;0;0;0;22373.0;03;1;5;Hauptstrecke;H221;30;Kalt (-30° - 0,01° C);Abend;Klar;Kansas;Winter;Kollision;Flagging, Fixed, Hand and Radio Signals;Human Factors;Güterzug, Güterzug, Güterzug;3427048.269970098;Schwer;False
7050;KS0110112;2010;1;19;43983.0;43983.0;20600.0;23383.0;2;0;0;0;0;0;0;0;13.907829355595124;6;2;1;0;0;0;821.9889865648374;01;7;1;Depot;M407;33;Moderat (0° bis 19,99° C);Tag;Wolkig;Kansas;Winter;Entgleisung;Unusual Operational Situations;Miscellaneous Causes;Depot/Rangieren, Depot/Rangieren;30802.577211289306;Nicht Signifikant;True
7051;KS0115118;2015;1;23;48995.0;48995.0;0.0;48995.0;2;0;0;0;0;0;0;0;4.0;10;0;5;0;0;0;1359.5862435301979;05;7;1;Depot;H607;29;Kalt (-30° - 0,01° C);Morgendämmerung;Klar;Kansas;Winter;Kollision;Speed;Human Factors;Depot/Rangieren, Lokomotive;43753.34881228791;Nicht Signifikant;False
7052;KS0118109;2018;1;13;20936.0;20936.0;1200.0;19736.0;1;0;0;0;0;0;0;0;3.9542723449729715;47;0;40;0;0;1;6020.0;01;7;1;Depot;T305;8;Kalt (-30° - 0,01° C);Tag;Klar;Kansas;Winter;Entgleisung;Frogs, Switches and Track Appliances;Track, Roadbed and Structures;Depot/Rangieren, EinzelneWagen;17183.66118574047;Nicht Signifikant;False
7053;KS0151;1996;8;24;19500.0;19500.0;0.0;19500.0;2;0;0;0;0;0;0;0;1.9635609428485408;12;0;0;0;0;0;1434.8690415337728;05;6;1;Depot;H702;80;Warm (20° bis 31,99° C);Tag;Klar;Missouri;Sommer;Kollision;Switches, Use of;Human Factors;EinzelneWagen, Lokomotive;16540.84315887692;Nicht Signifikant;False
7054;KS0204116;2004;2;25;76265.0;76265.0;12540.0;63725.0;4;0;0;0;0;0;0;0;6.0;24;1;34;0;0;2;3857.705193295108;04;7;1;Depot;H307;24;Kalt (-30° - 0,01° C);Abend;Klar;Texas;Winter;Kollision;General Switching Rules;Human Factors;Depot/Rangieren, Depot/Rangieren;60388.7877108243;Nicht Signifikant;False
7055;KS0205100;2005;2;3;440388.0;440388.0;76500.0;363888.0;6;2;0;3;0;0;0;0;34.15732686326473;186;5;0;0;0;0;13938.0;03;1;5;Hauptstrecke;S005;49;Moderat (0° bis 19,99° C);Tag;Klar;Kansas;Winter;Kollision;SIGNAL AND COMMUNICATION;Signal and Communication;Güterzug, Güterzug, Güterzug;338733.9435428044;Signifikant;False
7056;KS0205101;2005;2;6;32852.0;32852.0;0.0;32852.0;5;0;0;0;0;0;0;0;4.0;24;1;26;0;0;4;4005.72202303063;04;7;1;Depot;H307;34;Moderat (0° bis 19,99° C);Abend;Wolkig;Texas;Winter;Kollision;General Switching Rules;Human Factors;Depot/Rangieren, Güterzug;25502.251203229313;Nicht Signifikant;False
7057;KS0206110;2006;2;14;18362.0;18362.0;0.0;18362.0;4;0;0;0;0;0;0;0;3.0;33;0;65;0;0;0;5802.791620362448;04;7;1;Depot;H306;35;Moderat (0° bis 19,99° C);Abend;Klar;Texas;Winter;Kollision;General Switching Rules;Human Factors;Depot/Rangieren, Depot/Rangieren;15432.845856446462;Nicht Signifikant;False
7058;KS0208100;2008;2;2;598259.0;598259.0;121525.0;476734.0;4;0;0;0;0;0;0;0;6.5;103;13;61;0;0;5;9099.18450920235;01;6;1;Depot;H008;24;Kalt (-30° - 0,01° C);Morgendämmerung;Klar;Kansas;Winter;Entgleisung;Brakes, Use of;Human Factors;EinzelneWagen, Güterzug;402353.21810478176;Signifikant;False
7059;KS0208120;2008;2;23;59917.0;59917.0;3800.0;56117.0;4;0;0;0;0;0;0;0;3.0;38;0;47;0;0;0;5823.543359210949;04;7;1;Depot;H306;45;Moderat (0° bis 19,99° C);Abend;Klar;Texas;Winter;Kollision;General Switching Rules;Human Factors;Depot/Rangieren, Depot/Rangieren;40381.68624896098;Nicht Signifikant;False
7060;KS0211107;2011;2;18;219208.0;219208.0;64289.0;154919.0;3;0;0;0;0;0;0;0;6.940339448159618;111;8;0;0;0;0;14510.652602762513;01;6;1;Depot;T314;38;Moderat (0° bis 19,99° C);Abend;Klar;Kansas;Winter;Entgleisung;Frogs, Switches and Track Appliances;Track, Roadbed and Structures;EinzelneWagen, Güterzug;160862.9925882439;Signifikant;False
7061;KS0211109;2011;2;26;24540.0;24540.0;0.0;24540.0;3;0;0;0;0;0;0;0;5.0;49;1;44;0;0;2;7580.639994606247;01;7;1;Depot;H307;26;Kalt (-30° - 0,01° C);Abend;Klar;Texas;Winter;Entgleisung;General Switching Rules;Human Factors;Depot/Rangieren, Güterzug;17800.667343682;Nicht Signifikant;False
7062;KS0213109;2013;2;25;44652.0;44652.0;1000.0;43652.0;1;0;0;0;0;0;0;0;2.958916643910756;25;3;9;0;0;2;3249.520444545283;05;7;1;Depot;M201;45;Moderat (0° bis 19,99° C);Tag;Wolkig;Kansas;Winter;Kollision;Loading Procedures;Loading;Depot/Rangieren, EinzelneWagen;33562.8382441371;Nicht Signifikant;False
7063;KS0214106;2014;2;23;79066.0;79066.0;38477.0;40589.0;4;0;0;0;0;0;0;0;6.940339448159618;38;1;28;0;0;0;5087.0;05;1;1;Depot;E65C;55;Moderat (0° bis 19,99° C);Tag;Klar;Texas;Winter;Kollision;Wheels;Mechanical and Electrical Failures;Güterzug, Güterzug;57604.487942297885;Nicht Signifikant;False
7064;KS0215107;2015;2;20;70525.0;70525.0;0.0;70525.0;5;0;0;0;0;0;0;0;5.944983747097401;113;3;55;0;0;0;15383.602987253304;04;7;1;Industriestrecke;H307;27;Kalt (-30° - 0,01° C);Abend;Klar;Texas;Winter;Kollision;General Switching Rules;Human Factors;Depot/Rangieren, Depot/Rangieren;62422.552664188355;Nicht Signifikant;False
7065;KS0297104;1997;2;12;224000.0;224000.0;33000.0;191000.0;2;0;0;0;0;0;0;0;1.9635609428485408;91;0;100;0;0;13;13485.587050496324;01;7;X;Depot;H599;25;Kalt (-30° - 0,01° C);Abend;Wolkig;Kansas;Winter;Entgleisung;Train Handling/Train Makeup;Human Factors;Depot/Rangieren, EinzelneWagen;190007.63423530408;Signifikant;False
7066;KS0303114;2003;3;15;194583.0;194583.0;5500.0;189083.0;10;0;0;0;0;0;0;0;9.926406551346263;125;5;135;0;0;0;21007.0;01;1;1;Depot;M599;75;Warm (20° bis 31,99° C);Tag;Wolkig;Missouri;Winter;Entgleisung;Other Miscellaneous;Miscellaneous Causes;Güterzug, Güterzug;180442.33563104694;Signifikant;False
7067;KS0304102;2004;3;2;42061.0;42061.0;8100.0;33961.0;3;0;0;0;0;0;0;0;11.917117953470694;38;8;3;0;0;1;3355.8164184217308;01;5;1;Depot;E65C;44;Moderat (0° bis 19,99° C);Abend;Wolkig;Kansas;Winter;Entgleisung;Wheels;Mechanical and Electrical Failures;EinzelneWagen, Güterzug;33914.69117884212;Nicht Signifikant;True
7068;KS0305100;2005;3;4;1027490.0;1027490.0;547000.0;480494.0;7;2;0;0;0;0;0;0;12.5;147;13;50;0;0;1;20287.44295275495;01;7;2;Hauptstrecke;M507;37;Moderat (0° bis 19,99° C);Abend;Nebel;Kansas;Winter;Entgleisung;Other Miscellaneous;Miscellaneous Causes;Depot/Rangieren, Güterzug;783446.4353793366;Signifikant;False
7069;KS0305116;2005;3;15;75200.0;75200.0;0.0;75200.0;4;0;0;1;0;0;0;0;6.5;0;0;0;0;0;0;69.7799471826711;02;8;1;Depot;H208;36;Moderat (0° bis 19,99° C);Tag;Schnee;Texas;Winter;Kollision;Flagging, Fixed, Hand and Radio Signals;Human Factors;Lokomotive, Lokomotive;56190.6896809385;Signifikant;False
7070;KS0310103;2010;3;10;23361.0;23361.0;600.0;22761.0;3;0;0;0;0;0;0;0;3.0;130;0;68;0;0;2;16931.561099572296;04;7;1;Depot;M408;57;Moderat (0° bis 19,99° C);Tag;Wolkig;Kansas;Winter;Kollision;Unusual Operational Situations;Miscellaneous Causes;Depot/Rangieren, Depot/Rangieren;17164.584864070537;Nicht Signifikant;False
7071;KS0310113;2010;3;21;75817.0;75817.0;0.0;75817.0;2;0;0;0;0;0;0;0;4.0;49;2;21;0;0;1;6323.9664801621275;04;7;1;Depot;H307;42;Moderat (0° bis 19,99° C);Tag;Klar;Kansas;Frühling;Kollision;General Switching Rules;Human Factors;Depot/Rangieren, Depot/Rangieren;56174.61101506545;Nicht Signifikant;False
7072;KS0312112;2012;3;22;705534.0;705534.0;453699.0;251835.0;3;0;0;0;0;0;0;0;8.90806780037873;82;10;23;0;0;0;11291.052220770447;01;6;1;Depot;T110;58;Moderat (0° bis 19,99° C);Morgendämmerung;Klar;Kansas;Frühling;Entgleisung;Track Geometry;Track, Roadbed and Structures;EinzelneWagen, EinzelneWagen, Güterzug;535835.0421508317;Signifikant;False
7073;KS0313102;2013;3;6;25519.0;25519.0;0.0;25519.0;4;0;0;0;0;0;0;0;6.940339448159618;43;0;39;0;0;0;6572.979067942437;04;7;1;Depot;H607;35;Moderat (0° bis 19,99° C);Abend;Klar;Kansas;Winter;Kollision;Speed;Human Factors;Depot/Rangieren, Güterzug;19577.29190640583;Nicht Signifikant;False
7074;KS0316106;2016;3;21;24038.0;24038.0;0.0;24038.0;2;0;0;0;0;0;0;0;7.935695149221832;0;0;0;0;0;0;69.7799471826711;04;8;1;Depot;H607;38;Moderat (0° bis 19,99° C);Abend;Klar;Texas;Frühling;Kollision;Speed;Human Factors;Lokomotive, Lokomotive;21327.300150829564;Nicht Signifikant;False
7075;KS0319108;2019;3;19;107707.0;107707.0;0.0;107707.0;2;0;0;0;0;0;0;0;9.926406551346263;35;1;56;0;0;3;5348.0;01;7;1;Depot;M407;38;Moderat (0° bis 19,99° C);Morgendämmerung;Regen;Kansas;Winter;Entgleisung;Unusual Operational Situations;Miscellaneous Causes;Depot/Rangieren, Depot/Rangieren;94829.19528085932;Nicht Signifikant;False
7076;KS0397117;1997;3;10;79970.0;79970.0;2000.0;77970.0;7;0;0;0;0;0;0;0;2.0;97;6;63;0;0;1;12450.0;01;1;1;Depot;M405;38;Moderat (0° bis 19,99° C);Abend;Klar;Missouri;Winter;Entgleisung;Unusual Operational Situations;Miscellaneous Causes;Güterzug, Güterzug;67834.4219187378;Nicht Signifikant;False
7077;KS0403109;2003;4;15;72849.0;72849.0;0.0;72849.0;2;0;0;0;0;0;0;0;10.5;41;0;22;0;0;2;5406.615446762828;01;7;1;Depot;M407;82;Warm (20° bis 31,99° C);Tag;Klar;Kansas;Frühling;Entgleisung;Unusual Operational Situations;Miscellaneous Causes;Depot/Rangieren, Depot/Rangieren;67552.85608308605;Nicht Signifikant;True
7078;KS0404104;2004;4;18;6922.0;6922.0;0.0;6922.0;2;0;0;0;0;0;0;0;4.949628046035187;15;1;47;0;0;0;3226.7316360358172;04;7;1;Depot;H301;55;Moderat (0° bis 19,99° C);Tag;Wolkig;Texas;Frühling;Kollision;General Switching Rules;Human Factors;Depot/Rangieren, EinzelneWagen;5765.130483064964;Nicht Signifikant;False
7079;KS0404113;2004;4;25;46266.0;46266.0;1200.0;45066.0;4;0;0;0;0;0;0;0;5.5;59;5;34;0;0;1;7859.889973591336;04;1;1;Depot;H307;50;Moderat (0° bis 19,99° C);Abend;Klar;Kansas;Frühling;Kollision;General Switching Rules;Human Factors;Güterzug, Lokomotive;39002.44471295698;Nicht Signifikant;False
7080;KS0407105;2007;4;13;12935.0;12935.0;0.0;12935.0;2;0;0;0;0;0;0;0;2.5;10;0;34;0;0;0;2242.532139648862;05;7;1;Depot;H020;30;Kalt (-30° - 0,01° C);Abend;Nebel;Texas;Frühling;Kollision;Brakes, Use of;Human Factors;Depot/Rangieren, EinzelneWagen;9558.823529411766;Nicht Signifikant;False
7081;KS0407111;2007;4;22;39091.0;39091.0;2500.0;36591.0;1;0;0;0;0;0;0;0;3.9542723449729715;38;0;2;0;0;2;4456.414968955284;01;7;1;Depot;H306;70;Warm (20° bis 31,99° C);Tag;Klar;Kansas;Frühling;Entgleisung;General Switching Rules;Human Factors;Depot/Rangieren, EinzelneWagen;28799.852652259335;Nicht Signifikant;False
7082;KS0408109;2008;4;11;13148.0;13148.0;2500.0;10648.0;4;1;0;0;0;0;0;0;4.0;11;0;24;0;0;0;2388.8899735913355;01;7;1;Depot;H307;75;Warm (20° bis 31,99° C);Tag;Klar;Texas;Frühling;Entgleisung;General Switching Rules;Human Factors;Depot/Rangieren, Güterzug;8304.174824733152;Nicht Signifikant;False
7083;KS0409103;2009;4;12;63513.0;63513.0;51500.0;12013.0;1;0;0;0;0;0;0;0;8.931050850284048;43;0;15;0;0;2;5421.005424344426;01;7;1;Depot;T305;47;Moderat (0° bis 19,99° C);Tag;Regen;Kansas;Frühling;Entgleisung;Frogs, Switches and Track Appliances;Track, Roadbed and Structures;Depot/Rangieren, EinzelneWagen;47844.7886220508;Nicht Signifikant;False
7084;KS0410101;2010;4;11;12105.0;12105.0;0.0;12105.0;2;0;0;0;0;0;0;0;2.5;37;0;39;0;0;1;5467.69468761319;04;7;1;Depot;M408;74;Warm (20° bis 31,99° C);Tag;Klar;Kansas;Frühling;Kollision;Unusual Operational Situations;Miscellaneous Causes;Depot/Rangieren, Depot/Rangieren;8954.72703062583;Nicht Signifikant;False
7085;KS0413103;2013;4;13;77798.0;77798.0;600.0;77198.0;2;0;0;0;0;0;0;0;5.0;93;3;0;0;0;0;10708.047551397149;04;7;2;Depot;H307;65;Moderat (0° bis 19,99° C);Tag;Klar;Kansas;Frühling;Kollision;General Switching Rules;Human Factors;Depot/Rangieren, Depot/Rangieren;59562.077325507205;Nicht Signifikant;False
7086;KS0414100;2014;4;3;92481.0;92481.0;34200.0;58281.0;2;1;0;0;0;0;0;0;4.0;55;4;30;0;0;0;7318.266766612794;05;7;1;Depot;H607;37;Moderat (0° bis 19,99° C);Morgendämmerung;Regen;Kansas;Frühling;Kollision;Speed;Human Factors;Depot/Rangieren, Depot/Rangieren;67156.34303972115;Nicht Signifikant;False
7087;KS0416101;2016;4;10;122313.0;122313.0;0.0;122313.0;4;0;0;0;0;0;0;0;2.958916643910756;32;0;65;0;0;5;6251.082093885091;01;6;1;Depot;H020;55;Moderat (0° bis 19,99° C);Abend;Regen;Texas;Frühling;Entgleisung;Brakes, Use of;Human Factors;EinzelneWagen, Güterzug;107471.22396977419;Nicht Signifikant;False