index;INCDTNO;YEAR4;MONTH;DAY;ACCDMG;INFRASTRUCTURE_DMG;TRKDMG;EQPDMG;LOCOMOTIVES1;LOCOMOTIVES2;RREMPKLD;RREMPINJ;PASSKLD;PASSINJ;OTHERKLD;OTHERINJ;SPEED;LOADF1;LOADF2;EMPTYF1;EMPTYP1;LOADP1;EMPTYF2;TONS;TYPE;TYPEQ;TRKCLAS;TYPTRK;ACCAUSE;TEMP;TEMP_CLUSTER;VISIBLTY;WEATHER;STATE;Jahreszeit;ACCIDENT_TYPE;ACCCAUSE_LVL1;ACCCAUSE_LVL2;EQUIPMENT_TYPE;ACCDMG_EUR;ACCTYPE;SPD_TOO_HIGH
7088;KS0498103;1998;4;11;118640.0;118640.0;8000.0;110640.0;11;0;0;0;0;0;0;0;8.0;76;9;68;0;0;7;11565.0;01;1;3;Hauptstrecke;H503;50;Moderat (0° bis 19,99° C);Abend;Klar;Kansas;Frühling;Entgleisung;Train Handling/Train Makeup;Human Factors;Güterzug, Güterzug;100636.18627534142;Nicht Signifikant;False
7089;KS0503111;2003;5;17;5178080.0;5178080.0;296500.0;4881580.0;7;4;0;2;0;0;0;0;33.5;114;5;0;0;0;0;7105.0;04;1;4;Hauptstrecke;H221;59;Moderat (0° bis 19,99° C);Abend;Wolkig;Kansas;Frühling;Kollision;Flagging, Fixed, Hand and Radio Signals;Human Factors;Güterzug, Güterzug;4484998.2676983485;Schwer;False
7090;KS0504101;2004;5;3;230939.0;230939.0;12000.0;218939.0;2;0;0;0;0;0;0;0;9.926406551346263;41;0;10;0;0;2;5041.258524230966;04;7;1;Depot;E40C;55;Moderat (0° bis 19,99° C);Abend;Klar;Texas;Frühling;Kollision;Truck Components;Mechanical and Electrical Failures;Depot/Rangieren, EinzelneWagen;193205.88973479462;Signifikant;False
7091;KS0504116;2004;5;24;71869.0;71869.0;0.0;71869.0;6;0;0;0;0;0;0;0;1.9635609428485408;118;0;43;0;0;1;13136.0;09;1;1;Hauptstrecke;E27C;66;Moderat (0° bis 19,99° C);Tag;Wolkig;Texas;Frühling;Kollision;Body;Mechanical and Electrical Failures;Güterzug, Güterzug;60050.969251336894;Nicht Signifikant;False
7092;KS0504119;2004;5;29;32058.0;32058.0;500.0;31558.0;5;0;0;0;0;0;0;0;3.9542723449729715;43;1;60;0;0;0;7102.434520766887;01;7;1;Depot;H306;63;Moderat (0° bis 19,99° C);Abend;Klar;Kansas;Frühling;Entgleisung;General Switching Rules;Human Factors;Depot/Rangieren, Güterzug;26212.591986917418;Nicht Signifikant;False
7093;KS0505108;2005;5;14;131882.0;131882.0;750.0;131132.0;6;0;0;0;0;0;0;0;6.5;40;1;178;0;0;0;9005.687787996816;04;7;1;Depot;H307;50;Moderat (0° bis 19,99° C);Morgendämmerung;Nebel;Kansas;Frühling;Kollision;General Switching Rules;Human Factors;Depot/Rangieren, Güterzug;104430.6604022594;Nicht Signifikant;False
7094;KS0505115;2005;5;16;7020.0;7020.0;250.0;6770.0;2;0;0;0;0;0;0;0;7.935695149221832;34;0;10;0;0;4;4247.916621764971;01;7;1;Industriestrecke;H306;65;Moderat (0° bis 19,99° C);Abend;Klar;Texas;Frühling;Entgleisung;General Switching Rules;Human Factors;Depot/Rangieren, EinzelneWagen;5564.362714013951;Nicht Signifikant;False
7095;KS0507105;2007;5;1;24034.0;24034.0;500.0;23534.0;1;0;0;0;0;0;0;0;6.940339448159618;12;3;0;0;0;0;1493.6961645272133;01;7;1;Depot;H212;83;Warm (20° bis 31,99° C);Tag;Klar;Kansas;Frühling;Entgleisung;Flagging, Fixed, Hand and Radio Signals;Human Factors;Depot/Rangieren, EinzelneWagen;17676.607950575515;Nicht Signifikant;False
7096;KS0508103;2008;5;9;59773.0;59773.0;100.0;59673.0;6;0;0;0;0;0;0;0;5.926644996129869;129;1;141;0;0;0;19433.017306134305;01;7;1;Depot;H599;65;Moderat (0° bis 19,99° C);Tag;Wolkig;Kansas;Frühling;Entgleisung;Train Handling/Train Makeup;Human Factors;Depot/Rangieren, Depot/Rangieren, Güterzug;38668.003622719625;Nicht Signifikant;False
7097;KS0508131;2008;5;31;27950.0;27950.0;1400.0;26550.0;2;0;0;0;0;0;0;0;4.0;12;2;13;0;0;2;1872.850525511063;01;7;1;Depot;H310;67;Moderat (0° bis 19,99° C);Morgendämmerung;Klar;Kansas;Frühling;Entgleisung;General Switching Rules;Human Factors;Depot/Rangieren, EinzelneWagen;18017.921223972324;Nicht Signifikant;False
7098;KS0509109;2009;5;29;74100.0;74100.0;35200.0;38900.0;2;0;0;0;0;0;0;0;7.0;4;1;10;0;0;4;854.8029268850303;04;7;1;Depot;M407;60;Moderat (0° bis 19,99° C);Abend;Klar;Kansas;Frühling;Kollision;Unusual Operational Situations;Miscellaneous Causes;Depot/Rangieren, EinzelneWagen;52560.646900269545;Nicht Signifikant;False
7099;KS0511107;2011;5;24;17500.0;17500.0;0.0;17500.0;1;0;0;0;0;0;0;0;9.926406551346263;14;0;28;0;0;1;2516.3634111193724;05;7;1;Depot;H316;61;Moderat (0° bis 19,99° C);Abend;Klar;Kansas;Frühling;Kollision;General Switching Rules;Human Factors;Depot/Rangieren, EinzelneWagen;12421.037688977216;Nicht Signifikant;False
7100;KS0514109;2014;5;30;64346.0;64346.0;0.0;64346.0;5;0;0;0;0;0;0;0;3.9390297932972955;24;1;38;0;0;0;4011.4207384915835;05;7;1;Depot;H318;81;Warm (20° bis 31,99° C);Tag;Klar;Texas;Frühling;Kollision;General Switching Rules;Human Factors;Depot/Rangieren, Depot/Rangieren, Depot/Rangieren;47288.89542147424;Nicht Signifikant;False
7101;KS0597113;1997;5;18;52140.0;52140.0;18000.0;34140.0;3;0;0;0;0;0;0;0;4.949628046035187;47;0;60;0;0;16;7266.844066627635;01;7;1;Depot;T202;89;Warm (20° bis 31,99° C);Tag;Klar;Kansas;Frühling;Entgleisung;Rail, Joint Bar and Rail Anchoring;Track, Roadbed and Structures;Depot/Rangieren, EinzelneWagen;44227.669861735514;Nicht Signifikant;False
7102;KS0600100;2000;6;10;6815.0;6815.0;0.0;6815.0;6;0;0;0;0;0;0;0;35.5;113;0;0;0;0;0;8092.0;05;1;5;Hauptstrecke;M404;70;Warm (20° bis 31,99° C);Abend;Klar;Kansas;Frühling;Kollision;Unusual Operational Situations;Miscellaneous Causes;Güterzug, Güterzug;7171.922685656155;Nicht Signifikant;False
7103;KS0604118;2004;6;17;23223.0;23223.0;0.0;17223.0;2;0;0;0;0;0;0;0;9.926406551346263;29;3;32;0;0;2;4412.553863859823;01;6;1;Depot;H601;75;Warm (20° bis 31,99° C);Tag;Klar;Texas;Frühling;Entgleisung;Speed;Human Factors;EinzelneWagen, Güterzug;19280.199252801995;Nicht Signifikant;False
7104;KS0606100;2006;6;1;11387.0;11387.0;1000.0;10387.0;4;0;0;0;0;0;0;0;2.0;49;0;59;0;0;3;7622.452212665782;01;7;1;Depot;H703;66;Moderat (0° bis 19,99° C);Abend;Klar;Kansas;Frühling;Entgleisung;Switches, Use of;Human Factors;Depot/Rangieren, Güterzug;8940.797738693467;Nicht Signifikant;False
7105;KS0611106;2011;6;9;34525.0;34525.0;4759.0;29766.0;2;0;0;0;0;0;0;0;7.935695149221832;58;0;47;0;0;3;8778.647398120595;01;5;1;Depot;E40C;76;Warm (20° bis 31,99° C);Morgendämmerung;Klar;Texas;Frühling;Entgleisung;Truck Components;Mechanical and Electrical Failures;EinzelneWagen, Güterzug;23624.60654167237;Nicht Signifikant;False
7106;KS0611117;2011;6;22;112150.0;112150.0;0.0;112150.0;6;0;0;0;0;0;0;0;10.0;1;1;7;0;0;6;425.1514919031035;04;7;1;Depot;H306;68;Warm (20° bis 31,99° C);Abend;Klar;Texas;Sommer;Kollision;General Switching Rules;Human Factors;Depot/Rangieren, Depot/Rangieren;77898.17323053414;Nicht Signifikant;False
7107;KS0613110;2013;6;17;2049624.0;2049624.0;183000.0;1866624.0;6;0;0;0;0;0;0;0;22.866030665155062;105;13;30;0;0;30;8004.0;01;1;5;Hauptstrecke;M105;70;Warm (20° bis 31,99° C);Abend;Regen;Texas;Frühling;Entgleisung;Environmental Conditions;Environmental Conditions;Güterzug, Güterzug;1536795.3812701507;Signifikant;False
7108;KS0613116;2013;6;22;12866.0;12866.0;0.0;12866.0;5;0;0;0;0;0;0;0;4.0;56;0;20;0;0;1;8311.816418421731;01;7;1;Depot;H312;98;Heiß (>= 32° C);Tag;Klar;Texas;Sommer;Entgleisung;General Switching Rules;Human Factors;Depot/Rangieren, Güterzug;9785.022562490492;Nicht Signifikant;False
7109;KS0614101;2014;6;1;5614587.0;5614587.0;2533530.0;3081057.0;7;0;0;0;0;0;0;0;27.84280917046614;106;27;64;0;0;8;11878.0;01;1;5;Hauptstrecke;M105;68;Warm (20° bis 31,99° C);Abend;Regen;Oklahoma;Frühling;Entgleisung;Environmental Conditions;Environmental Conditions;Güterzug, Güterzug;4125440.4957260764;Schwer;False
7110;KS0616108;2016;6;28;15828190.0;15828190.0;1393841.0;14434349.0;10;8;3;1;0;0;0;0;49.0;143;13;0;0;0;0;16571.0;02;1;5;Hauptstrecke;H220;70;Warm (20° bis 31,99° C);Morgendämmerung;Klar;Texas;Sommer;Kollision;Flagging, Fixed, Hand and Radio Signals;Human Factors;Güterzug, Güterzug;14294400.79472591;Schwer;False
7111;KS0619107;2019;6;13;32403.0;32403.0;0.0;32403.0;3;0;0;0;0;0;0;0;1.9635609428485408;61;0;20;0;0;0;8450.0;04;7;1;Depot;H317;78;Warm (20° bis 31,99° C);Morgendämmerung;Klar;Kansas;Frühling;Kollision;General Switching Rules;Human Factors;Depot/Rangieren, Depot/Rangieren;28703.16237044911;Nicht Signifikant;False
7112;KS0696100;1996;6;28;15300.0;15300.0;500.0;14800.0;1;0;0;0;0;0;0;0;7.935695149221832;2;0;11;0;0;2;635.1653778008745;04;7;X;Depot;H702;85;Warm (20° bis 31,99° C);Tag;Klar;Kansas;Sommer;Kollision;Switches, Use of;Human Factors;Depot/Rangieren, EinzelneWagen;12978.200016964967;Nicht Signifikant;False
7113;KS0697106;1997;6;19;40970.0;40970.0;13000.0;27970.0;4;0;0;0;0;0;0;0;5.5;108;2;39;0;0;2;14833.0;04;7;1;Depot;H306;86;Warm (20° bis 31,99° C);Tag;Wolkig;Missouri;Frühling;Kollision;General Switching Rules;Human Factors;Depot/Rangieren, Güterzug;34752.735600983964;Nicht Signifikant;False
7114;KS0702114;2002;7;16;130688.0;130688.0;10502.0;120186.0;5;0;0;0;0;0;0;0;4.949628046035187;34;3;125;0;0;2;8128.955166038875;03;1;5;Hauptstrecke;H309;73;Warm (20° bis 31,99° C);Abend;Klar;Texas;Sommer;Kollision;General Switching Rules;Human Factors;Güterzug, Güterzug;129049.07672558508;Nicht Signifikant;False
7115;KS0702130;2002;7;28;10127.0;10127.0;1100.0;9027.0;3;0;0;0;0;0;0;0;4.949628046035187;57;0;45;0;0;2;8509.880930977875;01;6;1;Depot;H503;75;Warm (20° bis 31,99° C);Abend;Klar;Kansas;Sommer;Entgleisung;Train Handling/Train Makeup;Human Factors;EinzelneWagen, Güterzug;10246.543001686341;Nicht Signifikant;False
7116;KS0703125;2003;7;28;12361.0;12361.0;1000.0;11361.0;6;0;0;0;0;0;0;0;1.9635609428485408;0;0;0;0;0;0;69.7799471826711;04;8;X;Depot;H307;88;Warm (20° bis 31,99° C);Tag;Klar;Kansas;Sommer;Kollision;General Switching Rules;Human Factors;Lokomotive, Lokomotive;10758.986856993646;Nicht Signifikant;False
7117;KS0706110;2006;7;15;208598.0;208598.0;127863.0;80735.0;2;0;0;0;0;0;0;0;1.9635609428485408;8;0;15;0;0;1;1414.830184029242;01;6;1;Industriestrecke;H306;70;Warm (20° bis 31,99° C);Tag;Klar;Texas;Sommer;Entgleisung;General Switching Rules;Human Factors;EinzelneWagen, Güterzug;165234.86388720197;Signifikant;False
7118;KS0707114;2007;7;3;13090.0;13090.0;0.0;13090.0;1;0;0;0;0;0;0;0;5.0;56;0;59;0;0;0;5200.44870393365;05;7;1;Depot;M408;82;Warm (20° bis 31,99° C);Tag;Klar;Kansas;Sommer;Kollision;Unusual Operational Situations;Miscellaneous Causes;Depot/Rangieren, EinzelneWagen;9624.292331446217;Nicht Signifikant;False
7119;KS0707120;2007;7;22;152478.0;152478.0;500.0;151978.0;5;1;0;0;0;0;0;0;5.0;32;2;104;0;0;0;7441.916314775666;04;7;1;Depot;H306;61;Moderat (0° bis 19,99° C);Abend;Klar;Kansas;Sommer;Kollision;General Switching Rules;Human Factors;Depot/Rangieren, Güterzug;110371.33550488598;Nicht Signifikant;False
7120;KS0707122;2007;7;29;160921.0;160921.0;25000.0;135921.0;3;2;0;0;0;0;0;0;4.0;35;0;55;0;0;3;5730.282471169301;04;7;1;Depot;H307;75;Warm (20° bis 31,99° C);Abend;Klar;Texas;Sommer;Kollision;General Switching Rules;Human Factors;Depot/Rangieren, Depot/Rangieren;117836.1688105641;Nicht Signifikant;False
7121;KS0707125;2007;7;27;21707.0;21707.0;1000.0;20707.0;3;0;0;0;0;0;0;0;5.944983747097401;7;2;17;0;0;2;1454.6756144352892;01;6;1;Depot;T314;96;Heiß (>= 32° C);Tag;Wolkig;Kansas;Sommer;Entgleisung;Frogs, Switches and Track Appliances;Track, Roadbed and Structures;EinzelneWagen, Güterzug;15901.399164896346;Nicht Signifikant;False
7122;KS0708111;2008;7;19;38920.0;38920.0;6000.0;32920.0;6;1;0;0;0;0;0;0;4.949628046035187;88;2;89;0;0;0;13197.870708380338;04;7;1;Depot;H607;80;Warm (20° bis 31,99° C);Abenddämmerung;Klar;Texas;Sommer;Kollision;Speed;Human Factors;Depot/Rangieren, Güterzug;24586.228679722048;Nicht Signifikant;False
7123;KS0710118;2010;7;26;48624.0;48624.0;0.0;48624.0;5;0;0;0;0;0;0;0;8.0;0;0;67;0;0;0;2109.689431318895;04;7;2;Depot;H607;90;Heiß (>= 32° C);Abend;Klar;Kansas;Sommer;Kollision;Speed;Human Factors;Depot/Rangieren, Lokomotive;37602.66027376073;Nicht Signifikant;False
7124;KS0714114;2014;7;27;12537.0;12537.0;0.0;12537.0;2;0;0;0;0;0;0;0;3.5;41;1;31;0;0;0;5697.282110420723;05;7;1;Depot;M408;85;Warm (20° bis 31,99° C);Tag;Klar;Kansas;Sommer;Kollision;Unusual Operational Situations;Miscellaneous Causes;Depot/Rangieren, Depot/Rangieren;9331.365057311566;Nicht Signifikant;False
7125;KS0715101;2015;7;4;68674.0;68674.0;0.0;68674.0;5;0;0;0;0;0;0;0;5.944983747097401;48;0;2;0;0;0;11431.782794013312;03;6;1;Depot;H307;88;Warm (20° bis 31,99° C);Abend;Klar;Kansas;Sommer;Kollision;General Switching Rules;Human Factors;EinzelneWagen, Güterzug;62054.819277108436;Nicht Signifikant;False
7126;KS0715105;2015;7;13;14753.0;14753.0;0.0;14753.0;4;0;0;0;0;0;0;0;2.0;56;0;36;0;0;0;7536.266488416728;03;7;1;Depot;H306;65;Moderat (0° bis 19,99° C);Tag;Klar;Texas;Sommer;Kollision;General Switching Rules;Human Factors;Depot/Rangieren, Depot/Rangieren;13352.339578242376;Nicht Signifikant;False
7127;KS0717102;2017;7;18;37110.0;37110.0;250.0;36860.0;1;0;0;0;0;0;0;0;3.9542723449729715;12;0;95;0;0;2;4330.238080816486;01;7;1;Depot;H318;85;Warm (20° bis 31,99° C);Tag;Klar;Kansas;Sommer;Entgleisung;General Switching Rules;Human Factors;Depot/Rangieren, EinzelneWagen;32115.96711380355;Nicht Signifikant;False
7128;KS0719113;2019;7;30;172866.0;172866.0;0.0;172866.0;4;0;0;0;0;0;0;0;4.5;31;0;80;0;0;3;6353.0;04;7;1;Depot;H307;78;Warm (20° bis 31,99° C);Morgendämmerung;Klar;Texas;Sommer;Kollision;General Switching Rules;Human Factors;Depot/Rangieren, Depot/Rangieren;154981.17267348038;Signifikant;False
7129;KS0802111;2002;8;21;18981.0;18981.0;800.0;18181.0;2;0;0;0;0;0;0;0;4.5;5;0;3;0;0;3;734.3464043201494;01;7;1;Depot;H021;86;Warm (20° bis 31,99° C);Tag;Wolkig;Missouri;Sommer;Entgleisung;Brakes, Use of;Human Factors;Depot/Rangieren, Depot/Rangieren;19443.761524277812;Nicht Signifikant;False
7130;KS0807123;2007;8;28;17808.0;17808.0;1500.0;16308.0;2;0;0;0;0;0;0;0;6.5;3;0;8;0;0;2;541.635683674103;01;6;1;Depot;H018;85;Warm (20° bis 31,99° C);Tag;Klar;Texas;Sommer;Entgleisung;Brakes, Use of;Human Factors;EinzelneWagen, Güterzug;13032.786885245901;Nicht Signifikant;False
7131;KS0813103;2013;8;9;200675.0;200675.0;56000.0;144675.0;3;0;0;0;0;0;0;0;5.944983747097401;110;5;0;0;0;0;12386.404822649853;01;6;1;Depot;T210;70;Warm (20° bis 31,99° C);Abend;Klar;Kansas;Sommer;Entgleisung;Rail, Joint Bar and Rail Anchoring;Track, Roadbed and Structures;EinzelneWagen, Güterzug;150059.82202946235;Signifikant;False
7132;KS0815100;2015;8;1;13081.0;13081.0;9000.0;4081.0;2;0;0;0;0;0;0;0;2.958916643910756;32;0;36;0;0;1;4807.5683343339315;01;7;1;Depot;M408;75;Warm (20° bis 31,99° C);Abend;Klar;Kansas;Sommer;Entgleisung;Unusual Operational Situations;Miscellaneous Causes;Depot/Rangieren, EinzelneWagen;11933.40428766915;Nicht Signifikant;False
7133;KS0816103;2016;8;15;175836.0;175836.0;0.0;175836.0;3;0;0;0;0;0;0;0;3.0;84;0;48;0;0;0;11086.831297767827;04;7;2;Depot;H607;81;Warm (20° bis 31,99° C);Morgendämmerung;Wolkig;Kansas;Sommer;Kollision;Speed;Human Factors;Depot/Rangieren, Depot/Rangieren;157277.28085867618;Signifikant;False
7134;KS0819109;2019;8;18;3389552.0;3389552.0;116386.0;3273166.0;7;0;0;0;0;0;0;0;11.917117953470694;69;24;96;0;0;94;12171.0;01;1;5;Hauptstrecke;M105;72;Warm (20° bis 31,99° C);Abend;Regen;Kansas;Sommer;Entgleisung;Environmental Conditions;Environmental Conditions;Güterzug, Güterzug;3055301.96502614;Schwer;False
7135;KS0899100;1999;8;8;49000.0;49000.0;500.0;48500.0;6;0;0;0;0;0;0;0;4.949628046035187;66;0;79;0;0;2;10708.237853509736;04;7;1;Depot;H702;80;Warm (20° bis 31,99° C);Tag;Klar;Kansas;Sommer;Kollision;Switches, Use of;Human Factors;Depot/Rangieren, Güterzug;45723.17262830483;Nicht Signifikant;False
7136;KS0907103;2007;9;7;17765.0;17765.0;100.0;17665.0;1;0;0;0;0;0;0;0;1.9635609428485408;11;0;1;0;0;0;1351.5580272155028;04;7;1;Depot;H607;72;Warm (20° bis 31,99° C);Tag;Regen;Texas;Sommer;Kollision;Speed;Human Factors;Depot/Rangieren, EinzelneWagen;12970.940420560748;Nicht Signifikant;False
7137;KS0912114;2012;9;8;45000.0;45000.0;0.0;45000.0;2;0;0;0;0;0;0;0;6.940339448159618;0;0;10;0;0;0;374.24404929255525;05;7;1;Depot;H607;72;Warm (20° bis 31,99° C);Tag;Klar;Texas;Sommer;Kollision;Speed;Human Factors;Depot/Rangieren, Lokomotive;35351.41929401906;Nicht Signifikant;False
7138;KS0913107;2013;9;25;11973203.0;11973203.0;365948.0;11607255.0;9;4;0;6;0;0;0;0;39.506141193057346;151;7;67;0;0;4;13830.0;03;1;5;Hauptstrecke;H222;59;Moderat (0° bis 19,99° C);Abend;Klar;Texas;Herbst;Kollision;Flagging, Fixed, Hand and Radio Signals;Human Factors;Güterzug, Güterzug, Güterzug;8866412.174170615;Schwer;False
7139;KS0914103;2014;9;13;49870.0;49870.0;5500.0;44370.0;4;1;0;0;0;0;0;0;5.5;20;2;13;0;0;1;2781.4298871257242;04;7;1;Depot;H318;78;Warm (20° bis 31,99° C);Abenddämmerung;Klar;Texas;Sommer;Kollision;General Switching Rules;Human Factors;Depot/Rangieren, Depot/Rangieren;38586.12952312176;Nicht Signifikant;False
7140;KS0916100;2016;9;1;13300.0;13300.0;0.0;13300.0;3;0;0;0;0;0;0;0;5.5;28;0;11;0;0;0;3589.898346322781;05;7;1;Depot;H99C;63;Moderat (0° bis 19,99° C);Abend;Klar;Kansas;Sommer;Kollision;Miscellaneous;Human Factors;Depot/Rangieren, Depot/Rangieren;11932.531849991028;Nicht Signifikant;False
7141;KS0919103;2019;9;3;290731.0;290731.0;21000.0;269731.0;4;1;0;0;0;0;0;0;9.0;59;2;67;0;0;0;9205.0;04;7;1;Depot;H607;73;Warm (20° bis 31,99° C);Abend;Klar;Texas;Sommer;Kollision;Speed;Human Factors;Depot/Rangieren, Güterzug;265823.35192465945;Signifikant;False
7142;KS1002116;2002;10;5;17169.0;17169.0;0.0;17169.0;2;1;0;0;0;0;0;0;4.5;0;0;1;0;0;1;101.7063920130664;04;7;1;Depot;H307;67;Moderat (0° bis 19,99° C);Abend;Klar;Kansas;Herbst;Kollision;General Switching Rules;Human Factors;Depot/Rangieren, Lokomotive;17437.5380865326;Nicht Signifikant;False
7143;KS1002117;2002;10;17;11671.0;11671.0;0.0;11671.0;2;0;0;0;0;0;0;0;5.0;50;0;18;0;0;1;6307.166592062793;01;7;1;Depot;H307;41;Moderat (0° bis 19,99° C);Abend;Klar;Missouri;Herbst;Entgleisung;General Switching Rules;Human Factors;Depot/Rangieren, Depot/Rangieren;11954.31732049575;Nicht Signifikant;False
7144;KS1003114;2003;10;27;177003.0;177003.0;85800.0;91203.0;6;0;0;0;0;0;0;0;26.0;142;6;0;0;0;0;8816.0;01;1;3;Nebenstrecke;H993;42;Moderat (0° bis 19,99° C);Abend;Klar;Kansas;Herbst;Entgleisung;Miscellaneous;Human Factors;Güterzug, Güterzug;150666.4964249234;Signifikant;False
7145;KS1005101;2005;10;13;75888.0;75888.0;52400.0;23488.0;2;0;0;0;0;0;0;0;5.944983747097401;19;1;66;0;0;6;4542.271755505189;01;6;1;Depot;T314;75;Warm (20° bis 31,99° C);Tag;Klar;Kansas;Herbst;Entgleisung;Frogs, Switches and Track Appliances;Track, Roadbed and Structures;EinzelneWagen, Güterzug;63345.57595993322;Nicht Signifikant;False
7146;KS1007116;2007;10;18;587627.0;587627.0;500.0;587127.0;5;1;0;1;0;0;0;0;7.5;18;2;67;0;0;0;4196.541154841175;04;7;1;Depot;H607;55;Moderat (0° bis 19,99° C);Abend;Wolkig;Kansas;Herbst;Kollision;Speed;Human Factors;Depot/Rangieren, Lokomotive;410956.7102594587;Signifikant;False
7147;KS1007132;2007;10;25;15657.0;15657.0;0.0;15657.0;5;0;0;0;0;0;0;0;4.5;32;0;26;0;0;0;4812.191945296145;04;7;1;Depot;H306;45;Moderat (0° bis 19,99° C);Abend;Klar;Texas;Herbst;Kollision;General Switching Rules;Human Factors;Depot/Rangieren, Güterzug;10942.064434970996;Nicht Signifikant;False
7148;KS1009113;2009;10;29;39700.0;39700.0;10800.0;28900.0;3;0;0;0;0;0;0;0;10.5;31;1;3;0;0;0;3707.2083792204626;01;7;1;Depot;M407;56;Moderat (0° bis 19,99° C);Abend;Wolkig;Kansas;Herbst;Entgleisung;Unusual Operational Situations;Miscellaneous Causes;Depot/Rangieren, Depot/Rangieren;26846.09142548012;Nicht Signifikant;True
7149;KS1012110;2012;10;13;197385.0;197385.0;12000.0;185385.0;5;2;0;0;0;0;0;0;8.0;80;0;43;0;0;0;11422.937363607265;04;7;1;Depot;H607;50;Moderat (0° bis 19,99° C);Abend;Klar;Texas;Herbst;Kollision;Speed;Human Factors;Depot/Rangieren, Güterzug;152181.90228984092;Signifikant;False
7150;KS1018123;2018;10;31;155000.0;155000.0;5000.0;150000.0;4;2;0;0;0;0;0;0;5.5;16;0;102;0;0;0;6073.889973591336;04;7;1;Depot;H607;55;Moderat (0° bis 19,99° C);Abenddämmerung;Klar;Kansas;Herbst;Kollision;Speed;Human Factors;Depot/Rangieren, Lokomotive;136949.99116451672;Nicht Signifikant;False
7151;KS1019108;2019;10;14;34000.0;34000.0;25500.0;8500.0;4;0;0;0;0;0;0;0;5.5;63;0;61;0;0;3;8943.0;04;7;1;Depot;M407;64;Moderat (0° bis 19,99° C);Abend;Klar;Kansas;Herbst;Kollision;Unusual Operational Situations;Miscellaneous Causes;Depot/Rangieren, Depot/Rangieren;30822.22826579639;Nicht Signifikant;False
7152;KS1103106;2003;11;14;211165.0;211165.0;50000.0;161165.0;3;0;0;0;0;0;0;0;9.926406551346263;2;2;8;0;0;7;543.0357736095935;01;6;1;Depot;H306;40;Moderat (0° bis 19,99° C);Abend;Klar;Texas;Herbst;Entgleisung;General Switching Rules;Human Factors;EinzelneWagen, Güterzug;179485.7628559286;Signifikant;False
7153;KS1104100;2004;11;2;106813.0;106813.0;0.0;106813.0;5;0;0;0;0;0;0;0;9.926406551346263;149;1;4;0;0;0;14143.0;03;1;4;Hauptstrecke;H220;32;Moderat (0° bis 19,99° C);Tag;Nebel;Texas;Herbst;Kollision;Flagging, Fixed, Hand and Radio Signals;Human Factors;Güterzug, Güterzug;84071.62534435262;Nicht Signifikant;False
7154;KS1104108;2004;11;13;7824.0;7824.0;500.0;7324.0;6;0;0;0;0;0;0;0;7.0;96;1;12;0;0;3;13198.59801268404;04;7;1;Depot;H399;36;Moderat (0° bis 19,99° C);Abend;Regen;Texas;Herbst;Kollision;General Switching Rules;Human Factors;Depot/Rangieren, Güterzug;6049.952315900713;Nicht Signifikant;False
7155;KS1104112;2004;11;18;100447.0;100447.0;15000.0;85447.0;1;0;0;0;0;0;0;0;3.9542723449729715;12;1;28;0;0;12;2324.7379838721445;01;7;1;Depot;M411;55;Moderat (0° bis 19,99° C);Abend;Wolkig;Kansas;Herbst;Entgleisung;Unusual Operational Situations;Miscellaneous Causes;Depot/Rangieren, EinzelneWagen;77124.53931203931;Nicht Signifikant;False
7156;KS1105110;2005;11;6;19397.0;19397.0;0.0;19397.0;3;0;0;0;0;0;0;0;3.9542723449729715;13;1;49;0;0;4;10424.263004663375;09;6;1;Depot;H306;39;Moderat (0° bis 19,99° C);Abend;Klar;Texas;Herbst;Kollision;General Switching Rules;Human Factors;EinzelneWagen, Güterzug;16354.515050167225;Nicht Signifikant;False
7157;KS1107102;2007;11;4;624488.0;624488.0;106000.0;518488.0;2;0;0;0;0;0;0;0;6.920452597546157;116;5;171;0;0;9;18618.23282881074;01;7;1;Depot;T221;64;Moderat (0° bis 19,99° C);Tag;Klar;Kansas;Herbst;Entgleisung;Rail, Joint Bar and Rail Anchoring;Track, Roadbed and Structures;Depot/Rangieren, EinzelneWagen, EinzelneWagen;431127.3731446323;Signifikant;False
7158;KS1108100;2008;11;3;31623.0;31623.0;0.0;31623.0;5;1;0;0;0;0;0;0;2.5;112;0;3;0;0;0;14962.744053282819;04;7;1;Depot;H306;60;Moderat (0° bis 19,99° C);Abend;Klar;Kansas;Herbst;Kollision;General Switching Rules;Human Factors;Depot/Rangieren, Güterzug;24663.079082826393;Nicht Signifikant;False
7159;KS1113109;2013;11;8;34616.0;34616.0;3500.0;31116.0;1;0;0;0;0;0;0;0;6.940339448159618;37;2;9;0;0;1;4593.520463279165;01;7;1;Depot;T202;62;Moderat (0° bis 19,99° C);Tag;Klar;Kansas;Herbst;Entgleisung;Rail, Joint Bar and Rail Anchoring;Track, Roadbed and Structures;Depot/Rangieren, EinzelneWagen;25773.211227756685;Nicht Signifikant;False