index;INCDTNO;YEAR4;MONTH;DAY;ACCDMG;INFRASTRUCTURE_DMG;TRKDMG;EQPDMG;LOCOMOTIVES1;LOCOMOTIVES2;RREMPKLD;RREMPINJ;PASSKLD;PASSINJ;OTHERKLD;OTHERINJ;SPEED;LOADF1;LOADF2;EMPTYF1;EMPTYP1;LOADP1;EMPTYF2;TONS;TYPE;TYPEQ;TRKCLAS;TYPTRK;ACCAUSE;TEMP;TEMP_CLUSTER;VISIBLTY;WEATHER;STATE;Jahreszeit;ACCIDENT_TYPE;ACCCAUSE_LVL1;ACCCAUSE_LVL2;EQUIPMENT_TYPE;ACCDMG_EUR;ACCTYPE;SPD_TOO_HIGH
7160;KS1113115;2013;11;23;166492.0;166492.0;4500.0;161992.0;2;0;0;0;0;0;0;0;7.935695149221832;0;0;119;0;0;4;3735.635683674103;05;6;1;Industriestrecke;H307;30;Kalt (-30° - 0,01° C);Tag;Wolkig;Kansas;Herbst;Kollision;General Switching Rules;Human Factors;EinzelneWagen, Güterzug;123175.33908754625;Nicht Signifikant;False
7161;KS1200106;2000;12;8;11781.0;11781.0;1500.0;10281.0;7;0;0;0;0;0;0;0;9.926406551346263;134;1;0;0;0;0;8221.0;01;1;1;Depot;T313;48;Moderat (0° bis 19,99° C);Tag;Klar;Kansas;Herbst;Entgleisung;Frogs, Switches and Track Appliances;Track, Roadbed and Structures;Güterzug, Güterzug;13244.51939291737;Nicht Signifikant;False
7162;KS1203115;2003;12;18;14321.0;14321.0;250.0;14071.0;3;0;0;0;0;0;0;0;3.0;11;0;9;0;0;2;1598.089378142224;01;7;1;Depot;M408;38;Moderat (0° bis 19,99° C);Abend;Klar;Missouri;Herbst;Entgleisung;Unusual Operational Situations;Miscellaneous Causes;Depot/Rangieren, Depot/Rangieren;11546.400064500525;Nicht Signifikant;False
7163;KS1207105;2007;12;3;14127.0;14127.0;150.0;13977.0;3;0;0;0;0;0;0;0;2.0;5;2;16;0;0;1;1166.4077498198121;05;7;1;Depot;H306;31;Kalt (-30° - 0,01° C);Tag;Klar;Kansas;Herbst;Kollision;General Switching Rules;Human Factors;Depot/Rangieren, Depot/Rangieren;9632.483294695214;Nicht Signifikant;False
7164;KS1208110;2008;12;19;11161.0;11161.0;0.0;11161.0;1;0;0;0;0;0;0;0;5.944983747097401;18;0;10;0;0;1;2423.3577254386146;04;7;1;Depot;H307;30;Kalt (-30° - 0,01° C);Tag;Klar;Kansas;Herbst;Kollision;General Switching Rules;Human Factors;Depot/Rangieren, EinzelneWagen;8006.456241032999;Nicht Signifikant;False
7165;KS1208113;2008;12;27;100980.0;100980.0;3000.0;97980.0;7;2;0;0;0;0;0;0;6.5;7;0;13;0;0;0;1261.8852516303298;01;7;1;Depot;H307;34;Moderat (0° bis 19,99° C);Abend;Klar;Texas;Winter;Entgleisung;General Switching Rules;Human Factors;Depot/Rangieren, Lokomotive;71293.41993787065;Nicht Signifikant;False
7166;KS1212102;2012;12;6;25124.0;25124.0;0.0;25124.0;5;0;0;0;0;0;0;0;6.5;0;0;28;0;0;1;794.8164184217309;04;7;1;Depot;H307;48;Moderat (0° bis 19,99° C);Abend;Klar;Kansas;Herbst;Kollision;General Switching Rules;Human Factors;Depot/Rangieren, Güterzug;19219.70624235006;Nicht Signifikant;False
7167;KS1213119;2013;12;5;25897.0;25897.0;0.0;25897.0;3;0;0;0;0;0;0;0;4.949628046035187;26;1;0;0;0;0;3319.7067943546617;01;6;X;Industriestrecke;H306;15;Kalt (-30° - 0,01° C);Abenddämmerung;Klar;Kansas;Herbst;Entgleisung;General Switching Rules;Human Factors;EinzelneWagen, Güterzug;19050.316316021774;Nicht Signifikant;False
7168;KS1213122;2013;12;21;129690.0;129690.0;10100.0;119590.0;4;0;0;0;0;0;0;0;3.0;75;1;28;0;0;4;9479.615452260172;04;7;1;Depot;H601;25;Kalt (-30° - 0,01° C);Abenddämmerung;Schnee;Texas;Winter;Kollision;Speed;Human Factors;Depot/Rangieren, Depot/Rangieren;94867.35589583535;Nicht Signifikant;False
7169;KS1217100;2017;12;7;388193.0;388193.0;27466.0;360727.0;3;0;0;0;0;0;0;0;4.0;97;2;70;0;0;13;13293.95737333785;04;7;1;Depot;H307;15;Kalt (-30° - 0,01° C);Morgendämmerung;Klar;Kansas;Herbst;Kollision;General Switching Rules;Human Factors;Depot/Rangieren, Depot/Rangieren;329367.89411165786;Signifikant;False
7170;L0264;1994;7;25;5429780.0;5429780.0;76728.0;5353050.0;12;9;4;0;0;0;0;0;32.5;67;13;3;0;0;0;11606.0;02;1;4;Hauptstrecke;H999;65;Moderat (0° bis 19,99° C);Tag;Klar;Texas;Sommer;Kollision;Miscellaneous;Human Factors;Güterzug, Güterzug;4605802.018831113;Schwer;False
7171;L0775;1995;9;27;148400.0;148400.0;400.0;148000.0;7;0;0;0;0;0;0;0;32.0;75;1;45;0;0;1;13544.0;04;1;5;Hauptstrecke;H306;75;Warm (20° bis 31,99° C);Tag;Klar;New Mexico;Herbst;Kollision;General Switching Rules;Human Factors;Güterzug, Güterzug;125880.05768088896;Nicht Signifikant;False
7172;L0786;1996;9;18;31000.0;31000.0;3000.0;28000.0;1;0;0;0;0;0;0;0;3.9542723449729715;19;0;7;0;0;0;2747.6770962376277;04;7;1;Depot;H399;87;Warm (20° bis 31,99° C);Tag;Klar;Texas;Sommer;Kollision;General Switching Rules;Human Factors;Depot/Rangieren, EinzelneWagen;26295.69938077869;Nicht Signifikant;False
7173;L0965;1995;11;27;31700.0;31700.0;200.0;31500.0;3;0;0;0;0;0;0;0;3.0;13;0;64;0;0;1;3883.0;04;7;1;Depot;H306;55;Moderat (0° bis 19,99° C);Tag;Klar;Texas;Herbst;Kollision;General Switching Rules;Human Factors;Depot/Rangieren, Depot/Rangieren;26889.473237764018;Nicht Signifikant;False
7174;L1541;1991;6;23;169900.0;169900.0;59000.0;110900.0;10;0;0;0;0;0;0;0;7.287367233522699;103;6;129;0;0;0;16920.0;01;1;3;Hauptstrecke;T301;99;Heiß (>= 32° C);Tag;Klar;Texas;Sommer;Entgleisung;Frogs, Switches and Track Appliances;Track, Roadbed and Structures;Güterzug, Güterzug, Güterzug;144117.39757400966;Nicht Signifikant;False
7175;LA0112;1991;2;9;24591.0;24591.0;1491.0;23100.0;1;0;0;0;0;0;0;0;9.926406551346263;128;0;40;0;0;4;15854.50683384492;01;7;1;Depot;H702;25;Kalt (-30° - 0,01° C);Abend;Klar;Wisconsion;Winter;Entgleisung;Switches, Use of;Human Factors;Depot/Rangieren, EinzelneWagen;20859.275595894476;Nicht Signifikant;False
7176;LA0201106;2001;2;22;191270.0;191270.0;157500.0;33770.0;10;0;0;2;0;0;0;0;40.0;79;0;99;0;0;2;13849.0;01;1;4;Hauptstrecke;E46C;54;Moderat (0° bis 19,99° C);Abend;Wolkig;Kalifornien;Winter;Entgleisung;Truck Components;Mechanical and Electrical Failures;Güterzug, Güterzug;211208.03886925796;Signifikant;False
7177;LA0276;1991;4;9;11500.0;11500.0;500.0;11000.0;3;0;0;0;0;0;0;0;4.949628046035187;0;0;54;0;0;2;2734.8899735913355;01;1;1;Industriestrecke;T311;35;Moderat (0° bis 19,99° C);Tag;Regen;Minnesota;Frühling;Entgleisung;Frogs, Switches and Track Appliances;Track, Roadbed and Structures;Güterzug, Lokomotive;9754.856221901773;Nicht Signifikant;False
7178;LA0601104;2001;6;11;7344.0;7344.0;0.0;7344.0;1;0;0;0;0;0;0;1;4.949628046035187;32;1;1;0;0;0;3760.072983327744;09;7;1;Depot;M501;68;Warm (20° bis 31,99° C);Abenddämmerung;Klar;Kalifornien;Frühling;Kollision;Other Miscellaneous;Miscellaneous Causes;Depot/Rangieren, EinzelneWagen;8646.103131622322;Signifikant;False
7179;LA0801108;2001;8;22;10470.0;10470.0;0.0;10470.0;3;0;0;0;0;0;0;0;3.9542723449729715;41;5;1;0;0;0;6664.336383802324;01;5;1;Industriestrecke;M504;63;Moderat (0° bis 19,99° C);Abend;Klar;Kalifornien;Sommer;Entgleisung;Other Miscellaneous;Miscellaneous Causes;EinzelneWagen, Güterzug;11360.677083333334;Nicht Signifikant;False
7180;LA1444;1990;8;1;7250.0;7250.0;400.0;6850.0;1;0;0;0;0;0;0;0;4.949628046035187;40;2;5;0;0;0;1887.1220246462776;01;6;1;Depot;T313;80;Warm (20° bis 31,99° C);Tag;Klar;Illinois;Sommer;Entgleisung;Frogs, Switches and Track Appliances;Track, Roadbed and Structures;EinzelneWagen, Güterzug;6149.800661633726;Nicht Signifikant;False
7181;LA1452;1990;8;5;33678.0;33678.0;178.0;33500.0;3;0;0;0;0;0;0;0;4.949628046035187;1;0;28;0;0;3;984.992606205964;01;6;1;Nebenstrecke;H020;60;Moderat (0° bis 19,99° C);Abend;Klar;Minnesota;Sommer;Entgleisung;Brakes, Use of;Human Factors;EinzelneWagen, Güterzug;28567.30850793112;Nicht Signifikant;False
7182;LA1553;1989;9;6;19100.0;19100.0;15800.0;3300.0;1;0;0;0;0;0;0;0;1.9635609428485408;16;5;0;0;0;0;1987.9439446398746;01;7;1;Depot;M405;65;Moderat (0° bis 19,99° C);Abend;Klar;Minnesota;Sommer;Entgleisung;Unusual Operational Situations;Miscellaneous Causes;Depot/Rangieren, EinzelneWagen;16201.543812028161;Nicht Signifikant;False
7183;LA1644;1990;8;26;20776.0;20776.0;76.0;20700.0;3;0;0;0;0;0;0;0;3.9542723449729715;9;1;14;0;0;0;1539.4555518976488;01;7;1;Depot;H301;60;Moderat (0° bis 19,99° C);Abend;Nebel;Minnesota;Sommer;Entgleisung;General Switching Rules;Human Factors;Depot/Rangieren, EinzelneWagen;17623.208075324455;Nicht Signifikant;False
7184;LC0032;1994;3;23;51000.0;51000.0;3000.0;48000.0;6;0;0;0;0;0;0;0;17.889252159843984;31;0;93;0;0;6;7034.0;03;1;5;Hauptstrecke;H204;35;Moderat (0° bis 19,99° C);Tag;Wolkig;Wisconsion;Frühling;Kollision;Flagging, Fixed, Hand and Radio Signals;Human Factors;Güterzug, Güterzug;43260.66672321656;Nicht Signifikant;False
7185;LC0064;1994;6;8;45800.0;45800.0;0.0;45800.0;2;0;0;1;0;0;0;0;10.0;15;0;9;0;0;0;2121.647398120594;09;5;3;Hauptstrecke;H404;60;Moderat (0° bis 19,99° C);Tag;Klar;Wisconsion;Frühling;Kollision;Main Track Authority;Human Factors;EinzelneWagen, Güterzug;38849.77521418271;Signifikant;False
7186;LC0258;1993;9;28;23000.0;23000.0;0.0;23000.0;3;0;0;0;0;0;0;0;45.0;25;0;3;0;0;0;2180.0;05;1;5;Hauptstrecke;M201;40;Moderat (0° bis 19,99° C);Abend;Wolkig;Wisconsion;Herbst;Kollision;Loading Procedures;Loading;Güterzug, Güterzug;19509.712443803546;Nicht Signifikant;False
7187;LN0017;1994;1;18;8950.0;8950.0;0.0;8950.0;3;0;0;0;0;0;0;0;44.763856088523795;59;0;14;0;0;0;7115.404822649853;09;5;4;Hauptstrecke;M404;9;Kalt (-30° - 0,01° C);Tag;Klar;Nebraska;Winter;Kollision;Unusual Operational Situations;Miscellaneous Causes;EinzelneWagen, Güterzug;7591.822885740945;Nicht Signifikant;False
7188;LN0125;1994;3;3;18945.0;18945.0;945.0;18000.0;3;0;0;0;0;0;0;0;3.5;20;1;4;0;0;2;2489.2831888484216;01;7;1;Depot;M408;40;Moderat (0° bis 19,99° C);Abend;Klar;Nebraska;Winter;Entgleisung;Unusual Operational Situations;Miscellaneous Causes;Depot/Rangieren, Depot/Rangieren;16070.065315124268;Nicht Signifikant;False
7189;LN0211;1995;6;20;8000.0;8000.0;0.0;8000.0;1;0;0;0;0;0;0;0;3.9542723449729715;12;0;6;0;0;0;1617.5475027997031;09;7;1;Depot;H302;75;Warm (20° bis 31,99° C);Abend;Klar;Nebraska;Frühling;Kollision;General Switching Rules;Human Factors;Depot/Rangieren, EinzelneWagen;6785.986936975146;Nicht Signifikant;False
7190;LN0240;1992;11;6;19900.0;19900.0;1500.0;18400.0;2;0;0;0;0;0;0;0;5.944983747097401;25;2;0;0;0;0;2846.2216434131788;01;6;1;Depot;T201;28;Kalt (-30° - 0,01° C);Abend;Wolkig;Iowa;Herbst;Entgleisung;Rail, Joint Bar and Rail Anchoring;Track, Roadbed and Structures;EinzelneWagen, Güterzug;16880.142505725675;Nicht Signifikant;False
7191;LN0246;1992;11;14;50500.0;50500.0;0.0;50500.0;3;0;0;0;0;0;0;0;1.9635609428485408;100;0;29;0;0;5;13968.539889642208;01;6;1;Industriestrecke;H302;40;Moderat (0° bis 19,99° C);Abend;Klar;Iowa;Herbst;Entgleisung;General Switching Rules;Human Factors;EinzelneWagen, Güterzug;42836.54253965561;Nicht Signifikant;False
7192;LN0298;1992;12;13;10200.0;10200.0;1100.0;9100.0;5;1;0;0;0;0;0;0;2.0;115;0;1;0;0;0;14980.0;04;1;1;Depot;H017;28;Kalt (-30° - 0,01° C);Abend;Regen;Nebraska;Herbst;Kollision;Brakes, Use of;Human Factors;Güterzug, Güterzug;8652.133344643311;Nicht Signifikant;False
7193;LN0324;1993;7;8;25200.0;25200.0;0.0;25200.0;0;0;0;0;0;0;0;0;15.0;34;0;67;0;0;7;5987.8021076495315;01;6;1;Depot;M105;73;Warm (20° bis 31,99° C);Abend;Regen;Nebraska;Sommer;Entgleisung;Environmental Conditions;Environmental Conditions;EinzelneWagen, EinzelneWagen;21375.85885147171;Nicht Signifikant;True
7194;LN0365;1995;9;26;20550.0;20550.0;0.0;20550.0;2;0;0;0;0;0;0;0;24.856742067279495;25;0;36;0;0;2;3706.9208104257323;04;6;3;Hauptstrecke;H301;45;Moderat (0° bis 19,99° C);Morgendämmerung;Klar;Nebraska;Herbst;Kollision;General Switching Rules;Human Factors;EinzelneWagen, Güterzug;17431.503944354907;Nicht Signifikant;False
7195;LN0368;1995;10;2;236250.0;236250.0;121000.0;115250.0;4;2;0;2;0;0;0;0;17.5;119;0;116;0;0;8;19417.0;04;1;4;Hauptstrecke;H204;55;Moderat (0° bis 19,99° C);Tag;Wolkig;Nebraska;Herbst;Kollision;Flagging, Fixed, Hand and Radio Signals;Human Factors;Güterzug, Güterzug;200398.6767325473;Signifikant;False
7196;LN0441;1993;9;14;124550.0;124550.0;0.0;124550.0;2;0;0;0;0;0;0;0;32.759450234369616;59;0;25;0;0;0;7498.294796241188;09;5;3;Hauptstrecke;H499;59;Moderat (0° bis 19,99° C);Tag;Wolkig;Nebraska;Sommer;Kollision;Main Track Authority;Human Factors;EinzelneWagen, EinzelneWagen, Güterzug;105649.3341250318;Nicht Signifikant;False
7197;LN0520;1993;11;15;20000.0;20000.0;0.0;20000.0;6;0;0;0;0;0;0;0;3.9542723449729715;0;0;0;0;0;0;69.7799471826711;09;8;4;Hauptstrecke;H211;29;Kalt (-30° - 0,01° C);Abend;Wolkig;Nebraska;Herbst;Kollision;Flagging, Fixed, Hand and Radio Signals;Human Factors;Lokomotive, Lokomotive;16964.967342437863;Nicht Signifikant;False
7198;LN0561;1993;12;13;40000.0;40000.0;0.0;40000.0;0;0;0;1;0;0;0;0;13.5;2;0;0;0;0;0;297.294796241188;09;5;4;Hauptstrecke;M101;35;Moderat (0° bis 19,99° C);Tag;Regen;Nebraska;Herbst;Kollision;Environmental Conditions;Environmental Conditions;EinzelneWagen, EinzelneWagen;33929.93468487573;Signifikant;False
7199;LN0562;1993;12;25;1942000.0;1942000.0;90000.0;1852000.0;4;0;0;4;0;0;0;0;29.83352057259057;231;30;1;0;0;0;30618.0;03;1;3;Hauptstrecke;M505;20;Kalt (-30° - 0,01° C);Abend;Klar;Nebraska;Winter;Kollision;Other Miscellaneous;Miscellaneous Causes;Güterzug, Güterzug;1647298.3289507166;Signifikant;False
7200;LS111901;2012;11;19;39508.0;39508.0;0.0;39508.0;4;0;0;0;0;0;0;0;2.0;17;0;42;0;0;0;3282.4053930415785;04;7;1;Depot;H302;50;Moderat (0° bis 19,99° C);Tag;Regen;Washington;Herbst;Kollision;General Switching Rules;Human Factors;Depot/Rangieren, Depot/Rangieren;30957.530167685316;Nicht Signifikant;False
7201;LT880615;1988;6;28;10017.0;10017.0;2000.0;8017.0;2;1;0;0;0;0;0;0;5.0;2;2;0;0;0;0;336.5128782368152;04;7;1;Industriestrecke;H301;75;Warm (20° bis 31,99° C);Abend;Klar;Ohio;Sommer;Kollision;General Switching Rules;Human Factors;Depot/Rangieren, EinzelneWagen;8496.903893460005;Nicht Signifikant;False
7202;M0173;1993;6;25;47325.0;47325.0;4300.0;43025.0;9;4;0;0;0;0;0;0;5.944983747097401;74;5;31;0;0;0;10034.889973591336;04;1;1;Depot;T314;65;Moderat (0° bis 19,99° C);Abend;Regen;Illinois;Sommer;Kollision;Frogs, Switches and Track Appliances;Track, Roadbed and Structures;Güterzug, Lokomotive;40143.353974043595;Nicht Signifikant;False
7203;M0406;1996;10;30;28000.0;28000.0;1500.0;26500.0;2;0;0;0;0;0;0;0;10.0;71;0;65;0;0;4;9372.340435881313;01;6;1;Depot;H704;50;Moderat (0° bis 19,99° C);Tag;Regen;Illinois;Herbst;Entgleisung;Switches, Use of;Human Factors;EinzelneWagen, Güterzug;23750.95427941301;Nicht Signifikant;False
7204;M0507;1987;3;9;40000.0;40000.0;15000.0;25000.0;7;0;0;0;0;0;0;0;11.5;53;10;12;0;0;2;7249.0;04;7;1;Depot;H306;28;Kalt (-30° - 0,01° C);Tag;Wolkig;Texas;Winter;Kollision;General Switching Rules;Human Factors;Depot/Rangieren, Güterzug;33929.93468487573;Nicht Signifikant;True
7205;M0527;1987;3;13;44000.0;44000.0;3000.0;41000.0;0;0;1;3;0;0;0;0;19.879963561968417;2;0;2;0;0;0;358.1876166631649;09;5;1;Hauptstrecke;H020;50;Moderat (0° bis 19,99° C);Tag;Klar;Missouri;Winter;Kollision;Brakes, Use of;Human Factors;EinzelneWagen, EinzelneWagen;37322.928153363304;Schwer;True
7206;M0856;1986;3;22;313150.0;313150.0;40000.0;273150.0;10;0;0;0;0;0;0;0;13.0;158;8;2;0;0;0;16385.0;01;1;4;Hauptstrecke;T220;75;Warm (20° bis 31,99° C);Tag;Klar;Texas;Frühling;Entgleisung;Rail, Joint Bar and Rail Anchoring;Track, Roadbed and Structures;Güterzug, Güterzug;265628.9761642209;Signifikant;False
7207;M170731;2017;7;31;227477.0;227477.0;0.0;227477.0;2;0;0;0;0;0;0;0;9.901875401795017;12;0;5;0;0;0;1793.672767604648;09;1;1;Nebenstrecke;H702;80;Warm (20° bis 31,99° C);Abend;Wolkig;Michigan;Sommer;Kollision;Switches, Use of;Human Factors;Güterzug, Wartungszug, Wartungszug;193977.1467553509;Signifikant;False
7208;M410413;2013;7;27;15000.0;15000.0;5000.0;10000.0;3;0;0;0;0;0;0;0;3.5;12;0;0;0;0;0;1434.8690415337728;04;7;1;Depot;H017;85;Warm (20° bis 31,99° C);Morgendämmerung;Wolkig;Louisiana;Sommer;Kollision;Brakes, Use of;Human Factors;Depot/Rangieren, Lokomotive;11309.37421462679;Nicht Signifikant;False
7209;M500508;2008;2;6;18000.0;18000.0;0.0;18000.0;4;0;0;0;0;0;0;0;7.935695149221832;0;0;15;0;0;0;559.8899735913355;02;7;3;Depot;H607;10;Kalt (-30° - 0,01° C);Tag;Wolkig;Idaho;Winter;Kollision;Speed;Human Factors;Depot/Rangieren, Lokomotive;12311.059435059162;Nicht Signifikant;False
7210;M540213;2013;2;17;21506.0;21506.0;0.0;21506.0;2;0;0;0;0;0;0;0;5.0;8;0;21;0;0;5;1626.6141309445302;04;7;1;Nebenstrecke;H018;68;Warm (20° bis 31,99° C);Tag;Klar;Texas;Winter;Kollision;Brakes, Use of;Human Factors;Depot/Rangieren, EinzelneWagen;16117.81458442629;Nicht Signifikant;False
7211;M540613;2013;6;11;26000.0;26000.0;0.0;26000.0;2;0;0;0;0;0;0;0;4.949628046035187;1;0;13;0;0;0;579.3407044547789;04;7;1;Industriestrecke;H302;72;Warm (20° bis 31,99° C);Abend;Klar;Texas;Frühling;Kollision;General Switching Rules;Human Factors;Depot/Rangieren, EinzelneWagen;19588.63858961802;Nicht Signifikant;False
7212;M641909;2009;11;19;18575.0;18575.0;0.0;18575.0;4;0;0;0;0;0;0;0;1.9635609428485408;4;4;19;0;0;3;1186.16770715796;04;5;X;Depot;E09C;47;Moderat (0° bis 19,99° C);Morgendämmerung;Klar;Louisiana;Herbst;Kollision;Brakes;Mechanical and Electrical Failures;EinzelneWagen, Güterzug;12497.47695619996;Nicht Signifikant;False
7213;M642908;2008;12;29;20000.0;20000.0;0.0;20000.0;0;0;0;0;0;0;0;0;0.9682052417863254;19;0;35;0;0;1;2620.0;04;6;X;Depot;H020;40;Moderat (0° bis 19,99° C);Tag;Klar;Louisiana;Winter;Kollision;Brakes, Use of;Human Factors;EinzelneWagen, EinzelneWagen;14015.41695865452;Nicht Signifikant;False
7214;M85011;1985;1;21;13305.0;13305.0;305.0;13000.0;1;0;0;0;0;0;0;0;1.9635609428485408;26;2;8;0;0;0;2148.647398120594;05;7;1;Depot;H302;9;Kalt (-30° - 0,01° C);Abenddämmerung;Klar;Maine;Winter;Kollision;General Switching Rules;Human Factors;Depot/Rangieren, EinzelneWagen;11285.94452455679;Nicht Signifikant;False
7215;M85017;1985;2;14;7000.0;7000.0;0.0;7000.0;1;0;0;0;0;0;0;0;2.958916643910756;3;0;0;0;0;0;411.05222077044647;05;7;1;Depot;H302;15;Kalt (-30° - 0,01° C);Abend;Klar;Maine;Winter;Kollision;General Switching Rules;Human Factors;Depot/Rangieren, EinzelneWagen;5937.738569853253;Nicht Signifikant;False
7216;M85032;1985;3;18;5052.0;5052.0;1900.0;3152.0;2;0;0;0;0;0;0;0;4.949628046035187;3;1;1;0;0;0;295.33638380232395;01;5;1;Industriestrecke;E64C;28;Kalt (-30° - 0,01° C);Tag;Klar;Maine;Winter;Entgleisung;Wheels;Mechanical and Electrical Failures;EinzelneWagen, Güterzug;4285.350750699805;Nicht Signifikant;False
7217;M85103;1985;12;29;15800.0;15800.0;800.0;15000.0;1;0;0;0;0;0;0;0;4.949628046035187;72;1;20;0;0;1;6309.233825661973;05;7;1;Depot;H306;0;Kalt (-30° - 0,01° C);Abend;Klar;Maine;Winter;Kollision;General Switching Rules;Human Factors;Depot/Rangieren, EinzelneWagen;13402.324200525913;Nicht Signifikant;False
7218;M87017;1987;2;11;19300.0;19300.0;0.0;19300.0;1;0;0;0;0;0;0;0;1.9635609428485408;8;0;5;0;0;0;1047.1220246462776;05;7;1;Depot;H306;20;Kalt (-30° - 0,01° C);Tag;Klar;Maine;Winter;Kollision;General Switching Rules;Human Factors;Depot/Rangieren, EinzelneWagen;16371.193485452539;Nicht Signifikant;False
7219;M87022;1987;4;18;7500.0;7500.0;100.0;7400.0;2;0;0;0;0;0;0;0;3.9542723449729715;28;0;22;0;0;1;3300.0;05;7;1;Depot;H310;43;Moderat (0° bis 19,99° C);Tag;Regen;Maine;Frühling;Kollision;General Switching Rules;Human Factors;Depot/Rangieren, Depot/Rangieren;6361.8627534142;Nicht Signifikant;False
7220;MA5;1987;7;5;8100.0;8100.0;400.0;7700.0;1;0;0;0;0;0;0;0;5.0;21;1;18;0;0;3;1266.647398120594;04;7;1;Depot;M599;80;Warm (20° bis 31,99° C);Tag;Wolkig;Wisconsion;Sommer;Kollision;Other Miscellaneous;Miscellaneous Causes;Depot/Rangieren, EinzelneWagen;6870.8117736873355;Nicht Signifikant;False
7221;MAR00201;2001;3;3;15500.0;15500.0;500.0;15000.0;10;1;0;0;0;0;0;0;5.944983747097401;12;0;0;0;0;0;1562.8899735913355;04;7;1;Depot;H605;40;Moderat (0° bis 19,99° C);Morgendämmerung;Klar;Illinois;Winter;Kollision;Speed;Human Factors;Depot/Rangieren, Lokomotive;16588.776711497983;Nicht Signifikant;False
7222;MAR0186;1986;3;7;41000.0;41000.0;2000.0;39000.0;2;0;0;0;0;0;0;0;3.7042723449729715;23;0;32;0;0;3;3734.705889148137;04;7;2;Depot;H020;58;Moderat (0° bis 19,99° C);Abend;Wolkig;Texas;Winter;Kollision;Brakes, Use of;Human Factors;Depot/Rangieren, Depot/Rangieren, EinzelneWagen, EinzelneWagen;34778.18305199762;Nicht Signifikant;False
7223;MAR0188;1988;3;11;18000.0;18000.0;0.0;18000.0;2;0;0;0;0;0;0;0;4.949628046035187;6;0;0;0;0;0;752.324494358222;04;7;1;Depot;H702;75;Warm (20° bis 31,99° C);Tag;Wolkig;Texas;Winter;Kollision;Switches, Use of;Human Factors;Depot/Rangieren, Depot/Rangieren;15268.470608194079;Nicht Signifikant;False
7224;MAY0185;1985;5;6;14500.0;14500.0;0.0;14500.0;4;0;0;0;0;0;0;0;4.0;6;0;10;0;0;0;1056.788596468106;04;7;2;Depot;H021;65;Moderat (0° bis 19,99° C);Tag;Klar;Texas;Frühling;Kollision;Brakes, Use of;Human Factors;Depot/Rangieren, Depot/Rangieren;12299.601323267452;Nicht Signifikant;False
7225;MAY0191;1991;5;10;11700.0;11700.0;0.0;11700.0;2;0;0;0;0;0;0;0;4.949628046035187;15;0;25;0;0;0;2537.3015703962587;04;7;1;Depot;H601;88;Warm (20° bis 31,99° C);Tag;Klar;Texas;Frühling;Kollision;Speed;Human Factors;Depot/Rangieren, EinzelneWagen;9924.50589532615;Nicht Signifikant;False
7226;MAY0193;1993;5;21;15800.0;15800.0;800.0;15000.0;2;0;0;0;0;0;0;0;4.949628046035187;0;0;28;0;0;1;923.7594677097537;04;7;1;Industriestrecke;H702;75;Warm (20° bis 31,99° C);Tag;Klar;Texas;Frühling;Kollision;Switches, Use of;Human Factors;Depot/Rangieren, Depot/Rangieren;13402.324200525913;Nicht Signifikant;False
7227;MAY0199;1999;5;7;51520.0;51520.0;4900.0;46620.0;3;1;0;0;0;0;0;0;4.5;18;2;34;0;0;1;3193.289652497964;04;7;1;Depot;H401;78;Warm (20° bis 31,99° C);Tag;Klar;Texas;Frühling;Kollision;Main Track Authority;Human Factors;Depot/Rangieren, Depot/Rangieren;47765.622102725756;Nicht Signifikant;False
7228;MAY0288;1988;5;20;7000.0;7000.0;0.0;7000.0;1;0;0;0;0;0;0;0;4.949628046035187;31;0;0;0;0;0;3596.2601075896837;04;7;1;Depot;H020;88;Warm (20° bis 31,99° C);Tag;Klar;Texas;Frühling;Kollision;Brakes, Use of;Human Factors;Depot/Rangieren, EinzelneWagen;5937.738569853253;Nicht Signifikant;False
7229;MAY0388;1988;5;21;8000.0;8000.0;0.0;8000.0;1;0;0;0;0;0;0;0;4.949628046035187;35;0;6;0;0;0;4233.968266972648;04;7;1;Depot;H999;84;Warm (20° bis 31,99° C);Tag;Wolkig;Texas;Frühling;Kollision;Miscellaneous;Human Factors;Depot/Rangieren, EinzelneWagen;6785.986936975146;Nicht Signifikant;False
7230;MC0002;1992;10;6;18000.0;18000.0;0.0;18000.0;2;0;0;0;0;0;0;0;29.83352057259057;17;0;2;0;0;0;2305.336383802324;09;5;3;Hauptstrecke;H302;38;Moderat (0° bis 19,99° C);Tag;Regen;Kansas;Herbst;Kollision;General Switching Rules;Human Factors;EinzelneWagen, Güterzug;15268.470608194079;Nicht Signifikant;False
7231;MC0270;1993;11;22;15000.0;15000.0;0.0;15000.0;0;0;0;0;0;0;0;0;19.879963561968417;2;0;0;0;0;0;297.294796241188;09;5;3;Hauptstrecke;H402;40;Moderat (0° bis 19,99° C);Tag;Klar;Nebraska;Herbst;Kollision;Main Track Authority;Human Factors;EinzelneWagen, EinzelneWagen;12723.7255068284;Nicht Signifikant;False