index;INCDTNO;YEAR4;MONTH;DAY;ACCDMG;INFRASTRUCTURE_DMG;TRKDMG;EQPDMG;LOCOMOTIVES1;LOCOMOTIVES2;RREMPKLD;RREMPINJ;PASSKLD;PASSINJ;OTHERKLD;OTHERINJ;SPEED;LOADF1;LOADF2;EMPTYF1;EMPTYP1;LOADP1;EMPTYF2;TONS;TYPE;TYPEQ;TRKCLAS;TYPTRK;ACCAUSE;TEMP;TEMP_CLUSTER;VISIBLTY;WEATHER;STATE;Jahreszeit;ACCIDENT_TYPE;ACCCAUSE_LVL1;ACCCAUSE_LVL2;EQUIPMENT_TYPE;ACCDMG_EUR;ACCTYPE;SPD_TOO_HIGH
7232;ME037X;2004;3;1;57640.0;57640.0;0.0;57640.0;9;0;0;0;0;0;0;0;1.9635609428485408;0;0;0;10;0;0;262.49422118795576;04;3;1;Depot;H399;40;Moderat (0° bis 19,99° C);Tag;Klar;Illinois;Winter;Kollision;General Switching Rules;Human Factors;Nahverkehrszug, Nahverkehrszug;46171.09900672861;Nicht Signifikant;False
7233;ME107;1986;5;15;17100.0;17100.0;0.0;17100.0;2;0;0;0;0;0;0;0;4.932837394713583;94;1;85;0;0;2;13408.381804694945;04;7;1;Depot;H702;65;Moderat (0° bis 19,99° C);Abend;Wolkig;Tennessee;Frühling;Kollision;Switches, Use of;Human Factors;Depot/Rangieren, EinzelneWagen, EinzelneWagen;14505.047077784375;Nicht Signifikant;False
7234;ME108;1986;5;17;28145.0;28145.0;1000.0;27145.0;5;0;0;0;0;0;0;0;29.83352057259057;49;1;42;0;0;3;6410.0;05;1;3;Hauptstrecke;M201;52;Moderat (0° bis 19,99° C);Abend;Regen;Arkansas;Frühling;Kollision;Loading Procedures;Loading;Güterzug, Güterzug;23873.950292645684;Nicht Signifikant;False
7235;ME1117W;2003;11;17;107303.0;107303.0;0.0;107303.0;4;0;0;0;0;0;0;0;4.949628046035187;0;0;0;0;0;0;69.7799471826711;04;3;1;Depot;H702;50;Moderat (0° bis 19,99° C);Abend;Regen;Illinois;Herbst;Kollision;Switches, Use of;Human Factors;Nahverkehrszug, Nahverkehrszug;90919.33570581258;Nicht Signifikant;False
7236;ME12;1986;1;17;21290.0;21290.0;2940.0;18350.0;2;0;0;0;0;0;0;0;1.951414590464721;28;6;16;0;0;0;3894.67461695594;01;7;1;Depot;H312;55;Moderat (0° bis 19,99° C);Abend;Regen;Tennessee;Winter;Entgleisung;General Switching Rules;Human Factors;Depot/Rangieren, EinzelneWagen, EinzelneWagen;18059.207736025106;Nicht Signifikant;False
7237;ME14;1986;1;18;7350.0;7350.0;250.0;7100.0;2;0;0;0;0;0;0;0;4.949628046035187;45;8;17;0;0;0;5863.325352568614;01;7;1;Depot;M503;55;Moderat (0° bis 19,99° C);Tag;Klar;Tennessee;Winter;Entgleisung;Other Miscellaneous;Miscellaneous Causes;Depot/Rangieren, EinzelneWagen;6234.625498345916;Nicht Signifikant;False
7238;ME153;1985;4;25;20800.0;20800.0;100.0;20700.0;0;0;0;0;0;0;0;0;2.958916643910756;1;0;5;0;0;0;335.7694227668716;04;5;1;Depot;T108;55;Moderat (0° bis 19,99° C);Abend;Klar;Tennessee;Frühling;Kollision;Track Geometry;Track, Roadbed and Structures;EinzelneWagen, EinzelneWagen;17643.56603613538;Nicht Signifikant;False
7239;ME165;1985;5;22;7435.0;7435.0;135.0;7300.0;4;0;0;0;0;0;0;0;4.949628046035187;28;4;30;0;0;0;3595.7827940133125;04;6;2;Depot;T314;60;Moderat (0° bis 19,99° C);Abend;Klar;Tennessee;Frühling;Kollision;Frogs, Switches and Track Appliances;Track, Roadbed and Structures;EinzelneWagen, Güterzug;6306.726609551276;Nicht Signifikant;False
7240;ME183;1985;5;17;7700.0;7700.0;0.0;7700.0;0;0;0;0;0;0;0;0;5.944983747097401;9;1;9;0;0;0;1387.2235008427067;04;6;1;Depot;M407;75;Warm (20° bis 31,99° C);Tag;Klar;Tennessee;Frühling;Kollision;Unusual Operational Situations;Miscellaneous Causes;EinzelneWagen, EinzelneWagen;6531.512426838578;Nicht Signifikant;False
7241;ME196;1986;8;21;9000.0;9000.0;0.0;9000.0;4;0;0;0;0;0;0;0;9.926406551346263;55;0;54;0;0;0;6762.122024646278;04;7;1;Depot;H307;71;Warm (20° bis 31,99° C);Tag;Klar;Tennessee;Sommer;Kollision;General Switching Rules;Human Factors;Depot/Rangieren, Güterzug;7634.235304097039;Nicht Signifikant;False
7242;ME209;1987;7;1;10015.0;10015.0;0.0;10015.0;0;0;0;0;0;0;0;0;3.9542723449729715;12;1;0;0;0;0;1454.4780825315863;04;6;1;Depot;H313;87;Warm (20° bis 31,99° C);Tag;Wolkig;Tennessee;Sommer;Kollision;General Switching Rules;Human Factors;EinzelneWagen, EinzelneWagen;8495.20739672576;Nicht Signifikant;False
7243;ME236;1986;10;19;76910.0;76910.0;1500.0;75410.0;8;0;0;0;0;0;0;0;5.5;142;2;68;0;0;0;19126.64503815244;01;7;2;Depot;T311;78;Warm (20° bis 31,99° C);Tag;Klar;Tennessee;Herbst;Entgleisung;Frogs, Switches and Track Appliances;Track, Roadbed and Structures;Depot/Rangieren, Güterzug;65238.78191534481;Nicht Signifikant;False
7244;ME256;1988;6;8;19250.0;19250.0;0.0;19250.0;2;0;0;0;0;0;0;0;2.958916643910756;21;4;3;0;0;0;2628.461256921318;04;7;1;Depot;H314;80;Warm (20° bis 31,99° C);Tag;Klar;Tennessee;Frühling;Kollision;General Switching Rules;Human Factors;Depot/Rangieren, EinzelneWagen;16328.781067096445;Nicht Signifikant;False
7245;ME275;1985;8;4;16700.0;16700.0;0.0;16700.0;2;0;0;0;0;0;0;0;1.5;49;1;60;0;0;0;7490.287402773455;04;7;1;Depot;H020;70;Warm (20° bis 31,99° C);Abend;Klar;Tennessee;Sommer;Kollision;Brakes, Use of;Human Factors;Depot/Rangieren, EinzelneWagen;14165.747730935616;Nicht Signifikant;False
7246;ME303;1985;9;10;25800.0;25800.0;0.0;25800.0;4;0;0;0;0;0;0;0;2.958916643910756;44;0;24;0;0;0;4620.889973591336;04;7;1;Depot;H306;70;Warm (20° bis 31,99° C);Abend;Wolkig;Tennessee;Sommer;Kollision;General Switching Rules;Human Factors;Depot/Rangieren, Güterzug;21884.807871744844;Nicht Signifikant;False
7247;ME306;1985;9;13;43200.0;43200.0;2600.0;40600.0;2;0;0;0;0;0;0;0;3.9542723449729715;34;2;105;0;0;15;7195.824054617973;04;7;1;Depot;T110;66;Moderat (0° bis 19,99° C);Tag;Klar;Tennessee;Sommer;Kollision;Track Geometry;Track, Roadbed and Structures;Depot/Rangieren, EinzelneWagen;36644.32945966579;Nicht Signifikant;False
7248;ME319;1988;8;8;6847.0;6847.0;6547.0;300.0;1;0;0;0;0;0;0;0;29.83352057259057;14;0;0;0;0;0;928.6473981205941;09;5;3;Hauptstrecke;H212;90;Heiß (>= 32° C);Tag;Klar;Alabama;Sommer;Kollision;Flagging, Fixed, Hand and Radio Signals;Human Factors;EinzelneWagen, Güterzug;5807.956569683603;Nicht Signifikant;False
7249;ME33;1986;2;4;15500.0;15500.0;2500.0;13000.0;3;0;0;0;0;0;0;0;2.958916643910756;54;4;0;0;0;0;3816.256439118408;01;5;1;Depot;T316;58;Moderat (0° bis 19,99° C);Tag;Wolkig;Tennessee;Winter;Entgleisung;Frogs, Switches and Track Appliances;Track, Roadbed and Structures;EinzelneWagen, Güterzug;13147.849690389345;Nicht Signifikant;False
7250;ME335;1986;7;25;14000.0;14000.0;0.0;14000.0;1;0;0;0;0;0;0;0;5.0;8;0;11;0;0;0;1314.7498557376116;04;7;1;Depot;H018;98;Heiß (>= 32° C);Tag;Klar;Tennessee;Sommer;Kollision;Brakes, Use of;Human Factors;Depot/Rangieren, EinzelneWagen;11875.477139706505;Nicht Signifikant;False
7251;ME344;1988;8;8;15000.0;15000.0;0.0;15000.0;2;0;0;0;0;0;0;0;7.935695149221832;42;0;33;0;0;1;5853.8033489935515;01;7;1;Depot;H314;95;Heiß (>= 32° C);Tag;Klar;Tennessee;Sommer;Entgleisung;General Switching Rules;Human Factors;Depot/Rangieren, EinzelneWagen;12723.7255068284;Nicht Signifikant;False
7252;ME351;1985;10;22;64300.0;64300.0;0.0;64300.0;0;0;0;0;0;0;0;0;4.949628046035187;1;0;3;0;0;0;274.8766023448948;09;5;3;Hauptstrecke;E0HC;65;Moderat (0° bis 19,99° C);Tag;Klar;Missouri;Herbst;Kollision;Brakes;Mechanical and Electrical Failures;EinzelneWagen, EinzelneWagen;54542.37000593774;Nicht Signifikant;False
7253;ME352;1985;10;19;36250.0;36250.0;250.0;36000.0;0;0;0;0;0;0;0;0;2.958916643910756;6;0;3;0;0;0;843.6637249911872;04;6;1;Depot;H021;70;Warm (20° bis 31,99° C);Tag;Klar;Tennessee;Herbst;Kollision;Brakes, Use of;Human Factors;EinzelneWagen, EinzelneWagen;30749.00330816863;Nicht Signifikant;False
7254;ME4;1986;1;9;33150.0;33150.0;250.0;32900.0;1;0;0;0;0;0;0;0;2.958916643910756;3;0;4;0;0;2;535.797930853214;01;7;1;Depot;H305;55;Moderat (0° bis 19,99° C);Abenddämmerung;Klar;Tennessee;Winter;Entgleisung;General Switching Rules;Human Factors;Depot/Rangieren, EinzelneWagen;28119.433370090763;Nicht Signifikant;False
7255;ME97;1987;3;22;30750.0;30750.0;12000.0;18750.0;2;0;0;0;0;0;0;0;6.9105091722394265;91;3;227;0;0;14;17482.368252087374;01;7;1;Depot;T111;56;Moderat (0° bis 19,99° C);Abend;Klar;Tennessee;Frühling;Entgleisung;Track Geometry;Track, Roadbed and Structures;Depot/Rangieren, EinzelneWagen, EinzelneWagen, EinzelneWagen;26083.637288998216;Nicht Signifikant;False
7256;MI0028;1994;2;26;17400.0;17400.0;400.0;17000.0;4;0;0;0;0;0;0;0;4.949628046035187;118;0;27;0;0;0;16212.517294580608;09;7;1;Depot;H401;-18;Kalt (-30° - 0,01° C);Abend;Klar;North Dakota;Winter;Kollision;Main Track Authority;Human Factors;Depot/Rangieren, Güterzug;14759.521587920943;Nicht Signifikant;False
7257;MI0046;1994;4;2;113775.0;113775.0;45775.0;68000.0;5;1;0;0;0;0;0;0;24.856742067279495;43;2;0;0;0;0;6033.889973591336;04;1;4;Hauptstrecke;E53C;35;Moderat (0° bis 19,99° C);Tag;Wolkig;Montana;Frühling;Kollision;Axles and Journal Bearings;Mechanical and Electrical Failures;Güterzug, Lokomotive;96509.4579692934;Nicht Signifikant;False
7258;MN0007;1992;10;7;14750.0;14750.0;250.0;14500.0;1;0;0;0;0;0;0;0;9.0;25;3;11;0;0;0;3307.453195728446;04;7;1;Depot;S007;45;Moderat (0° bis 19,99° C);Abend;Regen;Minnesota;Herbst;Kollision;SIGNAL AND COMMUNICATION;Signal and Communication;Depot/Rangieren, EinzelneWagen;12511.663415047926;Nicht Signifikant;False
7259;MN0018;1995;1;16;15900.0;15900.0;3000.0;12900.0;3;0;0;0;0;0;0;0;7.0;51;3;89;0;0;0;9322.798671071509;04;7;1;Depot;H401;34;Moderat (0° bis 19,99° C);Abend;Wolkig;Minnesota;Winter;Kollision;Main Track Authority;Human Factors;Depot/Rangieren, Güterzug;13487.149037238103;Nicht Signifikant;False
7260;MN0197119;1997;1;25;124800.0;124800.0;110000.0;14800.0;8;0;0;0;0;0;0;0;11.5;40;0;12;0;0;1;3222.0;01;1;2;Hauptstrecke;M101;-17;Kalt (-30° - 0,01° C);Abend;Schnee;Minnesota;Winter;Entgleisung;Environmental Conditions;Environmental Conditions;Güterzug, Güterzug;105861.39621681228;Nicht Signifikant;False
7261;MN0225;1995;7;18;80130.0;80130.0;0.0;80130.0;1;0;0;0;0;0;0;0;19.879963561968417;16;0;12;0;0;0;2210.647398120594;09;5;4;Hauptstrecke;H404;70;Warm (20° bis 31,99° C);Tag;Klar;Minnesota;Sommer;Kollision;Main Track Authority;Human Factors;EinzelneWagen, Güterzug;67970.1416574773;Nicht Signifikant;False
7262;MN0243;1996;5;26;114500.0;114500.0;13000.0;101500.0;0;0;0;0;0;0;0;0;11.917117953470694;7;1;0;0;0;0;885.690959885294;01;5;X;Depot;M502;57;Moderat (0° bis 19,99° C);Abend;Klar;Minnesota;Frühling;Entgleisung;Other Miscellaneous;Miscellaneous Causes;EinzelneWagen, EinzelneWagen;97124.43803545678;Nicht Signifikant;True
7263;MN0251;1996;6;3;9800.0;9800.0;2000.0;7800.0;2;0;0;0;0;0;0;0;4.949628046035187;11;3;11;0;0;1;1716.3292869382344;01;7;1;Depot;T314;50;Moderat (0° bis 19,99° C);Tag;Wolkig;Minnesota;Frühling;Entgleisung;Frogs, Switches and Track Appliances;Track, Roadbed and Structures;Depot/Rangieren, EinzelneWagen;8312.833997794554;Nicht Signifikant;False
7264;MN0297112;1997;2;15;6500.0;6500.0;6500.0;0.0;4;0;0;0;0;0;0;0;37.5;206;0;2;0;0;0;11841.0;05;1;4;Hauptstrecke;M204;20;Kalt (-30° - 0,01° C);Abend;Schnee;Wisconsion;Winter;Kollision;Loading Procedures;Loading;Güterzug, Güterzug;5513.614386292306;Nicht Signifikant;False
7265;MN0330;1994;9;17;27850.0;27850.0;14000.0;13850.0;5;0;0;0;0;0;0;0;7.0;86;4;75;0;0;0;11873.0;01;1;1;Depot;T314;50;Moderat (0° bis 19,99° C);Tag;Klar;Minnesota;Sommer;Entgleisung;Frogs, Switches and Track Appliances;Track, Roadbed and Structures;Güterzug, Güterzug;23623.717024344725;Nicht Signifikant;False
7266;MN0529;1996;12;4;366000.0;366000.0;0.0;363000.0;5;0;0;0;0;0;0;0;14.903185056657339;139;0;10;0;0;4;11248.0;01;1;1;Depot;H008;30;Kalt (-30° - 0,01° C);Tag;Wolkig;Minnesota;Herbst;Entgleisung;Brakes, Use of;Human Factors;Güterzug, Güterzug;310458.9023666129;Signifikant;True
7267;MN0569;1995;12;15;16300.0;16300.0;0.0;16300.0;6;0;0;0;0;0;0;0;1.9635609428485408;0;0;250;0;0;2;7209.0;04;1;1;Depot;H603;12;Kalt (-30° - 0,01° C);Abend;Klar;Wisconsion;Herbst;Kollision;Speed;Human Factors;Güterzug, Güterzug;13826.44838408686;Nicht Signifikant;False
7268;MN0797108;1997;7;22;9100.0;9100.0;0.0;9100.0;1;0;0;0;0;0;0;0;5.0;0;0;3;0;0;3;165.55928167385701;04;7;1;Depot;M408;70;Warm (20° bis 31,99° C);Tag;Wolkig;Minnesota;Sommer;Kollision;Unusual Operational Situations;Miscellaneous Causes;Depot/Rangieren, EinzelneWagen;7719.060140809229;Nicht Signifikant;False
7269;MN1066;1987;9;28;24700.0;24700.0;0.0;24700.0;1;0;0;0;0;0;0;0;2.958916643910756;3;0;5;0;0;5;844.5221977433121;01;6;1;Nebenstrecke;H306;50;Moderat (0° bis 19,99° C);Abend;Regen;Minnesota;Herbst;Entgleisung;General Switching Rules;Human Factors;EinzelneWagen, Güterzug;20951.734667910765;Nicht Signifikant;False
7270;MN1101;1987;11;12;122811.0;122811.0;25000.0;97811.0;5;1;0;0;0;0;0;0;22.866030665155062;163;5;0;0;0;0;19161.0;01;1;2;Hauptstrecke;E69C;28;Kalt (-30° - 0,01° C);Abend;Wolkig;Minnesota;Herbst;Entgleisung;Wheels;Mechanical and Electrical Failures;Güterzug, Güterzug;104174.23021460683;Nicht Signifikant;False
7271;MN1138;1986;11;9;19000.0;19000.0;0.0;19000.0;2;0;0;0;0;0;0;0;24.856742067279495;1;0;0;0;9;0;560.1014100471824;09;5;1;Hauptstrecke;H402;15;Kalt (-30° - 0,01° C);Tag;Klar;Minnesota;Herbst;Kollision;Main Track Authority;Human Factors;EinzelneWagen, Personenzug;16116.718975315971;Nicht Signifikant;True
7272;MN1197108;1997;11;9;27300.0;27300.0;20500.0;6800.0;3;0;0;0;0;0;0;0;4.0;21;0;4;0;0;0;2580.4715031410524;04;7;X;Depot;H210;36;Moderat (0° bis 19,99° C);Abend;Wolkig;Minnesota;Herbst;Kollision;Flagging, Fixed, Hand and Radio Signals;Human Factors;Depot/Rangieren, Güterzug;23157.180422427686;Nicht Signifikant;False
7273;MN1297112;1997;12;14;40800.0;40800.0;5000.0;35800.0;2;0;0;0;0;0;0;0;1.9635609428485408;156;10;0;0;0;0;20282.404822649853;01;6;1;Industriestrecke;M501;20;Kalt (-30° - 0,01° C);Abend;Wolkig;Minnesota;Herbst;Entgleisung;Other Miscellaneous;Miscellaneous Causes;EinzelneWagen, Güterzug;34608.533378573244;Nicht Signifikant;False
7274;MN290;1988;4;9;9900.0;9900.0;5400.0;4500.0;6;0;0;0;0;0;0;0;3.0;120;0;123;0;0;2;15618.819022976226;04;7;1;Depot;H307;55;Moderat (0° bis 19,99° C);Abend;Wolkig;Minnesota;Frühling;Kollision;General Switching Rules;Human Factors;Depot/Rangieren, Güterzug;8397.658834506743;Nicht Signifikant;False
7275;MN438;1987;5;16;12750.0;12750.0;0.0;12750.0;2;0;0;0;0;0;0;0;0.9682052417863254;110;0;13;0;0;1;12980.380012763359;04;7;1;Depot;M407;68;Warm (20° bis 31,99° C);Morgendämmerung;Klar;Minnesota;Frühling;Kollision;Unusual Operational Situations;Miscellaneous Causes;Depot/Rangieren, EinzelneWagen;10815.16668080414;Nicht Signifikant;False
7276;MN706;1988;7;19;13346.0;13346.0;7346.0;6000.0;4;0;0;1;0;0;0;0;14.903185056657339;28;4;9;0;0;0;3595.7827940133125;01;6;1;Depot;H704;76;Warm (20° bis 31,99° C);Tag;Klar;South Dakota;Sommer;Entgleisung;Switches, Use of;Human Factors;EinzelneWagen, Güterzug;11320.722707608787;Signifikant;True
7277;MN744;1986;7;26;18000.0;18000.0;3000.0;15000.0;0;0;0;0;0;0;0;0;4.949628046035187;2;2;0;0;0;0;336.5128782368152;01;5;1;Industriestrecke;M504;80;Warm (20° bis 31,99° C);Tag;Klar;South Dakota;Sommer;Entgleisung;Other Miscellaneous;Miscellaneous Causes;EinzelneWagen, EinzelneWagen;15268.470608194079;Nicht Signifikant;False
7278;MN816;1985;10;19;75950.0;75950.0;950.0;75000.0;1;0;0;0;0;0;0;0;9.901875401795017;66;0;13;0;0;2;8011.423341686728;01;7;1;Depot;H602;40;Moderat (0° bis 19,99° C);Abend;Klar;Iowa;Herbst;Entgleisung;Speed;Human Factors;Depot/Rangieren, EinzelneWagen, EinzelneWagen;64424.46348290779;Nicht Signifikant;False
7279;MNA475119;2019;9;1;42000.0;42000.0;5000.0;37000.0;4;0;0;0;0;0;0;0;6.940339448159618;0;0;19;0;0;3;2566.8164184217308;01;6;1;Depot;T311;68;Warm (20° bis 31,99° C);Abend;Klar;Missouri;Sommer;Entgleisung;Frogs, Switches and Track Appliances;Track, Roadbed and Structures;EinzelneWagen, Güterzug;38214.242387480284;Nicht Signifikant;False
7280;MR010AU;2001;1;22;17417.0;17417.0;0.0;17417.0;3;0;0;0;0;0;0;0;4.949628046035187;0;0;0;8;0;0;223.95136638689883;05;8;1;Depot;H699;15;Kalt (-30° - 0,01° C);Tag;Klar;Illinois;Winter;Kollision;Speed;Human Factors;Lokomotive, Personenzug;18748.1162540366;Nicht Signifikant;False
7281;MRL043;1989;2;2;960500.0;960500.0;118000.0;842500.0;3;1;0;2;0;0;0;0;24.856742067279495;36;15;13;0;0;6;4863.86638566247;03;6;4;Hauptstrecke;H099;-28;Sehr Kalt (-45° - 30,01° C);Abend;Schnee;Montana;Winter;Kollision;Brakes, Use of;Human Factors;EinzelneWagen, Lokomotive;814742.5566205785;Signifikant;False
7282;MRL061;1991;2;24;73461.0;73461.0;0.0;73461.0;2;0;0;1;0;0;0;0;14.903185056657339;29;0;48;0;0;0;4237.889973591336;03;1;4;Hauptstrecke;H999;25;Kalt (-30° - 0,01° C);Abend;Klar;Montana;Winter;Kollision;Miscellaneous;Human Factors;Güterzug, Lokomotive;62313.1732971414;Signifikant;False
7283;MRL064;1990;2;8;11000.0;11000.0;0.0;11000.0;1;0;0;0;0;0;0;0;4.949628046035187;1;0;11;0;0;0;498.647398120594;04;7;1;Depot;H302;30;Kalt (-30° - 0,01° C);Tag;Klar;Montana;Winter;Kollision;General Switching Rules;Human Factors;Depot/Rangieren, EinzelneWagen;9330.732038340826;Nicht Signifikant;False
7284;MRL112;1992;4;22;7500.0;7500.0;0.0;7500.0;0;0;0;2;0;0;0;0;1.0;0;0;2;0;0;0;130.67276760464793;03;5;2;Hauptstrecke;E09L;34;Moderat (0° bis 19,99° C);Tag;Regen;Montana;Frühling;Kollision;Brakes;Mechanical and Electrical Failures;EinzelneWagen, EinzelneWagen;6361.8627534142;Signifikant;False
7285;MRL126;1992;5;4;32000.0;32000.0;3000.0;29000.0;2;2;0;0;0;0;0;0;3.0;8;2;2;0;0;0;1200.0;04;7;1;Depot;H702;60;Moderat (0° bis 19,99° C);Abenddämmerung;Klar;Montana;Frühling;Kollision;Switches, Use of;Human Factors;Depot/Rangieren, Depot/Rangieren;27143.947747900584;Nicht Signifikant;False
7286;MRL146;1991;4;27;13000.0;13000.0;0.0;13000.0;2;0;0;0;0;0;0;0;4.0;7;0;25;0;0;1;1360.8164184217308;01;5;1;Depot;H021;40;Moderat (0° bis 19,99° C);Tag;Wolkig;Montana;Frühling;Entgleisung;Brakes, Use of;Human Factors;EinzelneWagen, Güterzug;11027.228772584613;Nicht Signifikant;False
7287;MRL166;1990;4;18;249550.0;249550.0;26000.0;298800.0;14;0;0;0;0;0;0;0;24.0;84;0;130;0;0;32;13372.0;01;1;4;Hauptstrecke;H503;45;Moderat (0° bis 19,99° C);Tag;Klar;Montana;Frühling;Entgleisung;Train Handling/Train Makeup;Human Factors;Güterzug, Güterzug;211680.38001526846;Signifikant;False
7288;MRL176;1992;6;11;38500.0;38500.0;500.0;38000.0;1;0;0;0;0;0;0;0;4.5;30;2;16;0;0;1;4195.32448463791;04;6;1;Depot;H020;60;Moderat (0° bis 19,99° C);Abend;Klar;Montana;Frühling;Kollision;Brakes, Use of;Human Factors;EinzelneWagen, Güterzug;32657.56213419289;Nicht Signifikant;False
7289;MRL185;1992;6;20;28065.0;28065.0;1065.0;27000.0;2;0;0;0;0;0;0;0;1.9635609428485408;7;2;19;0;0;0;1790.0;04;7;1;Depot;H799;65;Moderat (0° bis 19,99° C);Tag;Klar;Montana;Frühling;Kollision;Switches, Use of;Human Factors;Depot/Rangieren, Depot/Rangieren;23806.090423275935;Nicht Signifikant;False
7290;MRL248;1993;8;29;38250.0;38250.0;200.0;38050.0;2;0;0;0;0;0;0;0;5.0;56;2;30;0;0;2;7389.0;01;7;1;Depot;H020;85;Warm (20° bis 31,99° C);Tag;Klar;Montana;Sommer;Entgleisung;Brakes, Use of;Human Factors;Depot/Rangieren, Depot/Rangieren;32445.500042412415;Nicht Signifikant;False
7291;MRL294;1993;9;20;113500.0;113500.0;1500.0;112000.0;2;1;0;0;0;0;0;0;6.0;24;2;4;0;0;0;2633.0;04;7;1;Depot;H699;74;Warm (20° bis 31,99° C);Tag;Klar;Montana;Sommer;Kollision;Speed;Human Factors;Depot/Rangieren, Depot/Rangieren;96276.18966833489;Nicht Signifikant;False
7292;MRL315;1990;8;7;115000.0;115000.0;300.0;114700.0;3;0;0;0;0;0;0;0;10.0;44;0;48;0;0;2;5430.249516642898;05;6;1;Depot;H020;65;Moderat (0° bis 19,99° C);Abend;Klar;Montana;Sommer;Kollision;Brakes, Use of;Human Factors;EinzelneWagen, Güterzug;97548.56221901772;Nicht Signifikant;False
7293;MRL344;1993;10;22;15000.0;15000.0;0.0;15000.0;7;0;0;0;0;0;0;0;4.0;0;0;0;0;0;0;69.7799471826711;04;8;1;Depot;H399;40;Moderat (0° bis 19,99° C);Abend;Klar;Montana;Herbst;Kollision;General Switching Rules;Human Factors;Lokomotive, Lokomotive;12723.7255068284;Nicht Signifikant;False
7294;MRL349;1993;10;29;30000.0;30000.0;0.0;30000.0;0;0;0;1;0;0;0;0;0.0;1;0;1;0;0;0;213.98378192291796;03;5;2;Hauptstrecke;H099;25;Kalt (-30° - 0,01° C);Tag;Klar;Montana;Herbst;Kollision;Brakes, Use of;Human Factors;EinzelneWagen, EinzelneWagen;25447.4510136568;Signifikant;False
7295;MS0001;1993;1;5;24500.0;24500.0;500.0;23400.0;0;0;0;0;0;0;0;0;6.8806788963192345;7;3;0;0;0;0;924.9090418809211;03;5;1;Nebenstrecke;H702;58;Moderat (0° bis 19,99° C);Tag;Regen;Alabama;Winter;Kollision;Switches, Use of;Human Factors;EinzelneWagen, NaN;20782.084994486384;Nicht Signifikant;False
7296;MS0104;1995;3;26;9200.0;9200.0;1500.0;7700.0;2;0;0;0;0;0;0;0;4.949628046035187;5;0;6;0;0;2;824.2056003337077;01;7;1;Depot;M408;70;Warm (20° bis 31,99° C);Tag;Wolkig;Tennessee;Frühling;Entgleisung;Unusual Operational Situations;Miscellaneous Causes;Depot/Rangieren, EinzelneWagen;7803.884977521418;Nicht Signifikant;False
7297;MS0299104;1999;2;16;23262.0;23262.0;1000.0;22262.0;2;0;0;0;0;0;0;0;9.926406551346263;16;1;33;0;0;0;2615.03253696715;01;6;1;Depot;T316;45;Moderat (0° bis 19,99° C);Abend;Wolkig;Tennessee;Winter;Entgleisung;Frogs, Switches and Track Appliances;Track, Roadbed and Structures;EinzelneWagen, Güterzug;20814.244810307802;Nicht Signifikant;False
7298;MS0451;1993;8;30;9510.0;9510.0;1560.0;7950.0;2;0;0;0;0;0;0;0;4.949628046035187;4;4;2;0;0;0;664.1386297129361;01;7;1;Depot;T110;95;Heiß (>= 32° C);Tag;Wolkig;Tennessee;Sommer;Entgleisung;Track Geometry;Track, Roadbed and Structures;Depot/Rangieren, EinzelneWagen;8066.841971329205;Nicht Signifikant;False
7299;MS0499109;1999;4;14;113600.0;113600.0;1500.0;112100.0;5;0;0;0;0;0;0;0;9.0;91;0;80;0;0;9;13158.38455762343;04;7;1;Depot;H307;60;Moderat (0° bis 19,99° C);Tag;Wolkig;Tennessee;Frühling;Kollision;General Switching Rules;Human Factors;Depot/Rangieren, Güterzug;105311.94956892556;Nicht Signifikant;False
7300;MS0600104;2000;6;15;20532.0;20532.0;2000.0;18532.0;2;0;0;0;0;0;0;0;5.0;0;0;7;0;0;2;285.8648878984038;01;7;1;Depot;M408;70;Warm (20° bis 31,99° C);Abend;Regen;Tennessee;Frühling;Entgleisung;Unusual Operational Situations;Miscellaneous Causes;Depot/Rangieren, EinzelneWagen;21558.168836623267;Nicht Signifikant;False
7301;MS0801127;2001;8;28;7837.0;7837.0;500.0;7337.0;4;0;0;0;0;0;0;0;9.5;0;0;4;0;0;1;193.04562264603166;01;7;1;Depot;M407;72;Warm (20° bis 31,99° C);Abend;Klar;Tennessee;Sommer;Entgleisung;Unusual Operational Situations;Miscellaneous Causes;Depot/Rangieren, Depot/Rangieren;8667.330236673302;Nicht Signifikant;False
7302;MS1198101;1998;11;6;192100.0;192100.0;35000.0;157100.0;3;0;0;0;0;0;0;0;4.949628046035187;24;2;44;0;0;10;3771.2537347059297;01;6;1;Depot;M501;37;Moderat (0° bis 19,99° C);Abend;Klar;Tennessee;Herbst;Entgleisung;Other Miscellaneous;Miscellaneous Causes;EinzelneWagen, Güterzug;162948.51132411568;Signifikant;False
7303;MT0025;1996;2;8;10240.0;10240.0;400.0;9840.0;1;0;0;0;0;0;0;0;5.944983747097401;2;0;60;0;0;9;2137.399720475155;01;7;1;Depot;E99C;53;Moderat (0° bis 19,99° C);Tag;Klar;Montana;Winter;Entgleisung;General Mechanical and Electrical Failures;Mechanical and Electrical Failures;Depot/Rangieren, EinzelneWagen;8686.063279328187;Nicht Signifikant;False
7304;MT0031;1993;1;31;25000.0;25000.0;0.0;25000.0;5;0;0;0;0;0;0;0;5.944983747097401;2;0;0;0;0;0;297.294796241188;09;7;2;Depot;H601;45;Moderat (0° bis 19,99° C);Tag;Klar;Montana;Winter;Kollision;Speed;Human Factors;Depot/Rangieren, Lokomotive;21206.20917804733;Nicht Signifikant;False