index;INCDTNO;YEAR4;MONTH;DAY;ACCDMG;INFRASTRUCTURE_DMG;TRKDMG;EQPDMG;LOCOMOTIVES1;LOCOMOTIVES2;RREMPKLD;RREMPINJ;PASSKLD;PASSINJ;OTHERKLD;OTHERINJ;SPEED;LOADF1;LOADF2;EMPTYF1;EMPTYP1;LOADP1;EMPTYF2;TONS;TYPE;TYPEQ;TRKCLAS;TYPTRK;ACCAUSE;TEMP;TEMP_CLUSTER;VISIBLTY;WEATHER;STATE;Jahreszeit;ACCIDENT_TYPE;ACCCAUSE_LVL1;ACCCAUSE_LVL2;EQUIPMENT_TYPE;ACCDMG_EUR;ACCTYPE;SPD_TOO_HIGH
7305;MT0045;1991;1;31;581908.0;581908.0;94815.0;487093.0;5;0;0;0;0;0;0;0;38.79172188215051;110;25;20;0;0;2;13813.0;01;1;4;Hauptstrecke;E62C;30;Kalt (-30° - 0,01° C);Tag;Klar;Montana;Winter;Entgleisung;Wheels;Mechanical and Electrical Failures;Güterzug, Güterzug;493602.51081516664;Signifikant;False
7306;MT0055;1996;4;6;646150.0;646150.0;480000.0;166150.0;7;0;0;0;0;0;0;0;43.768500387461586;74;6;30;0;0;0;10920.0;01;1;4;Hauptstrecke;T102;28;Kalt (-30° - 0,01° C);Abend;Wolkig;Montana;Frühling;Entgleisung;Track Geometry;Track, Roadbed and Structures;Güterzug, Güterzug;548095.6824158113;Signifikant;False
7307;MT0103105;2003;1;25;61918.0;61918.0;0.0;61918.0;6;0;0;0;0;0;0;0;15.5;115;1;0;0;0;0;16339.889973591336;03;1;4;Hauptstrecke;H999;6;Kalt (-30° - 0,01° C);Abend;Wolkig;Wyoming;Winter;Kollision;Miscellaneous;Human Factors;Güterzug, Lokomotive;57264.319625131015;Nicht Signifikant;False
7308;MT0106106;2006;1;17;198911.0;198911.0;171000.0;27911.0;9;0;0;0;0;0;0;0;10.921762252408477;111;5;85;0;0;2;17915.0;01;1;3;Hauptstrecke;H499;31;Kalt (-30° - 0,01° C);Abend;Wolkig;Montana;Winter;Entgleisung;Main Track Authority;Human Factors;Güterzug, Güterzug;164729.6066252588;Signifikant;False
7309;MT0108;1992;2;12;40000.0;40000.0;0.0;40000.0;4;1;0;1;0;0;0;0;9.926406551346263;70;0;0;0;0;0;8032.799664230764;09;6;2;Nebenstrecke;H601;10;Kalt (-30° - 0,01° C);Abend;Klar;Montana;Winter;Kollision;Speed;Human Factors;EinzelneWagen, Lokomotive;33929.93468487573;Signifikant;False
7310;MT0108112;2008;1;25;11361.0;11361.0;200.0;11161.0;4;0;0;0;0;0;0;0;1.9635609428485408;0;0;12;0;0;0;435.1368697145321;04;7;1;Depot;H307;25;Kalt (-30° - 0,01° C);Abenddämmerung;Klar;Montana;Winter;Kollision;General Switching Rules;Human Factors;Depot/Rangieren, Lokomotive;7725.943556613397;Nicht Signifikant;False
7311;MT0148;1994;7;25;26000.0;26000.0;1000.0;25000.0;0;0;0;0;0;0;0;0;24.856742067279495;1;0;2;0;0;0;244.4301921339064;09;5;3;Hauptstrecke;H605;90;Heiß (>= 32° C);Tag;Klar;Montana;Sommer;Kollision;Speed;Human Factors;EinzelneWagen, EinzelneWagen;22054.457545169225;Nicht Signifikant;False
7312;MT0179;1995;10;11;23000.0;23000.0;0.0;23000.0;0;0;0;3;0;0;0;0;15.0;2;0;0;0;0;0;297.294796241188;09;5;2;Hauptstrecke;H699;45;Moderat (0° bis 19,99° C);Tag;Regen;Idaho;Herbst;Kollision;Speed;Human Factors;EinzelneWagen, EinzelneWagen;19509.712443803546;Signifikant;False
7313;MT0183;1994;9;14;190500.0;190500.0;0.0;190000.0;0;0;0;0;0;0;0;0;19.759927123936833;0;0;3;0;0;0;196.0091514069719;03;5;2;Hauptstrecke;H018;60;Moderat (0° bis 19,99° C);Tag;Klar;Montana;Sommer;Kollision;Brakes, Use of;Human Factors;EinzelneWagen, EinzelneWagen, EinzelneWagen;161591.31393672066;Signifikant;False
7314;MT0191;1994;9;16;47030.0;47030.0;3350.0;43680.0;5;0;0;0;0;0;0;0;12.5;49;0;169;0;0;8;10795.0;01;1;4;Hauptstrecke;H503;90;Heiß (>= 32° C);Abend;Klar;Montana;Sommer;Entgleisung;Train Handling/Train Makeup;Human Factors;Güterzug, Güterzug;39893.120705742636;Nicht Signifikant;False
7315;MT0192;1995;10;28;59450.0;59450.0;15000.0;44450.0;5;0;0;1;0;0;0;0;19.879963561968417;111;7;0;0;0;0;14780.603615812284;03;5;4;Hauptstrecke;H402;45;Moderat (0° bis 19,99° C);Tag;Klar;Idaho;Herbst;Kollision;Main Track Authority;Human Factors;EinzelneWagen, Güterzug;50428.36542539655;Signifikant;False
7316;MT0210104;2010;2;22;148000.0;148000.0;138400.0;9600.0;4;2;0;0;0;0;0;0;24.0;115;2;0;0;0;0;16403.889973591336;01;1;3;Hauptstrecke;H999;-2;Kalt (-30° - 0,01° C);Tag;Wolkig;Montana;Winter;Entgleisung;Miscellaneous;Human Factors;Güterzug, Lokomotive;108615.88140319976;Nicht Signifikant;False
7317;MT0277;1992;4;12;15200.0;15200.0;0.0;15000.0;5;0;0;0;0;0;0;0;4.0;24;0;11;0;0;0;3355.8899735913355;04;5;1;Depot;H021;18;Kalt (-30° - 0,01° C);Abend;Wolkig;Montana;Frühling;Kollision;Brakes, Use of;Human Factors;EinzelneWagen, Güterzug;12893.375180252777;Nicht Signifikant;False
7318;MT0300;1992;4;17;82100.0;82100.0;1400.0;80700.0;6;0;0;0;0;0;0;0;7.935695149221832;63;2;4;0;0;1;7398.981449984943;09;7;1;Depot;H601;51;Moderat (0° bis 19,99° C);Abenddämmerung;Wolkig;Montana;Frühling;Kollision;Speed;Human Factors;Depot/Rangieren, EinzelneWagen;69641.19094070744;Nicht Signifikant;False
7319;MT0311106;2011;3;21;41550.0;41550.0;26000.0;15550.0;3;0;0;0;0;0;0;0;5.944983747097401;7;3;18;0;0;2;1475.9044949175266;01;7;1;Depot;M204;34;Moderat (0° bis 19,99° C);Tag;Wolkig;Montana;Frühling;Entgleisung;Loading Procedures;Loading;Depot/Rangieren, EinzelneWagen;29272.932224883752;Nicht Signifikant;False
7320;MT0359;1991;8;30;7752970.0;7752970.0;87356.0;7665610.0;9;9;3;5;0;0;0;0;48.0;77;19;42;0;0;12;10581.0;02;1;4;Hauptstrecke;H405;97;Heiß (>= 32° C);Tag;Klar;Montana;Sommer;Kollision;Main Track Authority;Human Factors;Güterzug, Güterzug;6576444.142845024;Schwer;False
7321;MT0405109;2005;4;22;31977.0;31977.0;0.0;31977.0;2;0;0;0;0;0;0;0;4.949628046035187;26;0;26;0;0;0;3810.583011352056;05;6;1;Industriestrecke;H302;40;Moderat (0° bis 19,99° C);Abend;Klar;Montana;Frühling;Kollision;General Switching Rules;Human Factors;EinzelneWagen, Güterzug;24452.85615966965;Nicht Signifikant;False
7322;MT0411101;2011;4;6;21928.0;21928.0;800.0;21128.0;4;0;0;0;0;0;0;0;3.0;74;2;2;0;0;0;9045.464325937644;01;6;1;Industriestrecke;H306;29;Kalt (-30° - 0,01° C);Tag;Wolkig;Montana;Frühling;Entgleisung;General Switching Rules;Human Factors;EinzelneWagen, Güterzug;15334.265734265735;Nicht Signifikant;False
7323;MT0419101;2019;4;2;770012.0;770012.0;55012.0;665000.0;0;0;0;0;0;0;0;0;9.901875401795017;1;1;2;0;0;2;110.0;09;5;4;Hauptstrecke;H317;50;Moderat (0° bis 19,99° C);Tag;Klar;Montana;Frühling;Kollision;General Switching Rules;Human Factors;EinzelneWagen, Wartungszug, Wartungszug;687510.7142857142;Signifikant;False
7324;MT0419107;2019;4;20;102882.0;102882.0;0.0;102882.0;2;0;0;0;0;0;0;0;8.931050850284048;23;0;20;0;0;2;3768.0;04;7;X;Industriestrecke;H307;43;Moderat (0° bis 19,99° C);Abend;Regen;Montana;Frühling;Kollision;General Switching Rules;Human Factors;Depot/Rangieren, EinzelneWagen;91466.92745376956;Nicht Signifikant;False
7325;MT0497110;1997;4;19;182650.0;182650.0;0.0;182650.0;4;0;0;0;0;0;0;0;13.5;0;0;113;0;0;0;134.88997359133555;04;8;4;Hauptstrecke;H204;25;Kalt (-30° - 0,01° C);Abend;Wolkig;Montana;Frühling;Kollision;Flagging, Fixed, Hand and Radio Signals;Human Factors;Lokomotive, Lokomotive;154932.5642548138;Signifikant;False
7326;MT0504100;2004;5;23;16389.0;16389.0;2500.0;13889.0;3;0;0;0;0;0;0;0;2.958916643910756;27;1;14;0;0;1;1232.2628286327192;04;6;1;Depot;H306;42;Moderat (0° bis 19,99° C);Abend;Klar;Wyoming;Frühling;Kollision;General Switching Rules;Human Factors;EinzelneWagen, Güterzug;13670.030861623154;Nicht Signifikant;False
7327;MT0514110;2014;5;16;326443.0;326443.0;72539.0;253904.0;7;1;0;0;0;0;0;0;24.5;211;3;0;0;0;0;29952.0;01;1;4;Hauptstrecke;H601;64;Moderat (0° bis 19,99° C);Abenddämmerung;Wolkig;Idaho;Frühling;Entgleisung;Speed;Human Factors;Güterzug, Güterzug;238349.1530373832;Signifikant;False
7328;MT0606100;2006;6;5;131562.0;131562.0;1000.0;130562.0;7;0;0;0;0;0;0;0;10.0;76;0;99;0;0;1;11009.0;06;1;4;Depot;H503;68;Warm (20° bis 31,99° C);Tag;Klar;Montana;Frühling;Kollision;Train Handling/Train Makeup;Human Factors;Güterzug, Güterzug;101529.55703040592;Nicht Signifikant;False
7329;MT0613107;2013;6;16;83878.0;83878.0;1000.0;82878.0;2;0;0;0;0;0;0;0;3.9542723449729715;49;1;9;0;0;4;5943.440620490674;03;7;1;Depot;H318;60;Moderat (0° bis 19,99° C);Abend;Klar;Montana;Frühling;Kollision;General Switching Rules;Human Factors;Depot/Rangieren, EinzelneWagen;62944.693198589186;Nicht Signifikant;False
7330;MT0614102;2014;6;17;20319.0;20319.0;0.0;20319.0;6;0;0;0;0;0;0;0;30.828876273652785;0;0;230;0;0;5;5435.0;04;1;4;Hauptstrecke;M105;54;Moderat (0° bis 19,99° C);Abend;Regen;Montana;Frühling;Kollision;Environmental Conditions;Environmental Conditions;Güterzug, Güterzug;14975.678066037735;Nicht Signifikant;False
7331;MT0701;1992;11;9;9000.0;9000.0;0.0;9000.0;0;0;0;0;0;0;0;0;9.926406551346263;0;0;2;0;0;0;130.67276760464793;09;5;2;Hauptstrecke;H402;32;Moderat (0° bis 19,99° C);Tag;Schnee;Montana;Herbst;Kollision;Main Track Authority;Human Factors;EinzelneWagen, EinzelneWagen;7634.235304097039;Nicht Signifikant;False
7332;MT0703103;2003;7;24;18294.0;18294.0;900.0;17394.0;5;0;0;0;0;0;0;0;1.5;54;0;4;0;0;1;7133.816418421731;01;7;1;Depot;H306;80;Warm (20° bis 31,99° C);Abend;Klar;Wyoming;Sommer;Entgleisung;General Switching Rules;Human Factors;Depot/Rangieren, Güterzug;15953.605999825586;Nicht Signifikant;False
7333;MT0704103;2004;7;11;71395.0;71395.0;30000.0;41395.0;1;0;0;0;0;0;0;0;8.931050850284048;45;1;24;0;0;2;5942.147006299652;01;7;1;Depot;H507;77;Warm (20° bis 31,99° C);Tag;Klar;Montana;Sommer;Entgleisung;Train Handling/Train Makeup;Human Factors;Depot/Rangieren, EinzelneWagen;57629.284830221164;Nicht Signifikant;False
7334;MT0711104;2011;7;19;1474213.0;1474213.0;216662.0;1257551.0;4;3;0;2;0;0;0;0;31.824231974715;81;14;30;0;0;1;11027.0;03;1;1;Industriestrecke;H402;90;Heiß (>= 32° C);Abenddämmerung;Wolkig;Montana;Sommer;Kollision;Main Track Authority;Human Factors;Güterzug, Wartungszug;1041110.8757062147;Signifikant;True
7335;MT0723;1992;11;26;23000.0;23000.0;0.0;23000.0;3;0;0;0;0;0;0;0;4.949628046035187;70;0;10;0;0;0;9230.647398120595;04;5;3;Hauptstrecke;H310;40;Moderat (0° bis 19,99° C);Tag;Klar;Montana;Herbst;Kollision;General Switching Rules;Human Factors;EinzelneWagen, Güterzug;19509.712443803546;Nicht Signifikant;False
7336;MT0798100;1998;7;5;154500.0;154500.0;4500.0;150000.0;4;0;0;0;0;0;0;0;0.0;2;2;222;0;0;81;6083.0;01;1;5;Hauptstrecke;M102;60;Moderat (0° bis 19,99° C);Abend;Regen;North Dakota;Sommer;Entgleisung;Environmental Conditions;Environmental Conditions;Güterzug, Güterzug;131054.37272033251;Nicht Signifikant;False
7337;MT0805100;2005;8;4;23000.0;23000.0;1000.0;22000.0;6;1;0;0;0;0;0;0;2.958916643910756;128;0;0;0;0;0;9891.0;04;1;4;Hauptstrecke;H222;86;Warm (20° bis 31,99° C);Tag;Klar;Montana;Sommer;Kollision;Flagging, Fixed, Hand and Radio Signals;Human Factors;Güterzug, Güterzug;18670.346619043754;Nicht Signifikant;False
7338;MT0805104;2005;8;16;84800.0;84800.0;1000.0;83800.0;6;0;0;0;0;0;0;0;15.898540757719555;60;0;123;0;0;10;10093.0;03;1;2;Nebenstrecke;H605;55;Moderat (0° bis 19,99° C);Abend;Klar;Wyoming;Sommer;Kollision;Speed;Human Factors;Güterzug, Güterzug;68870.29968326159;Nicht Signifikant;False
7339;MT0806114;2006;8;28;8605.0;8605.0;200.0;8405.0;1;0;0;0;0;0;0;0;2.958916643910756;27;1;2;0;0;0;3221.7322708924403;01;7;1;Depot;H312;87;Warm (20° bis 31,99° C);Tag;Klar;Wyoming;Sommer;Entgleisung;General Switching Rules;Human Factors;Depot/Rangieren, EinzelneWagen;6722.65625;Nicht Signifikant;False
7340;MT0810108;2010;8;14;505068.0;505068.0;0.0;505068.0;4;0;0;0;0;0;0;0;9.926406551346263;123;0;0;0;0;0;17623.889973591336;03;1;4;Hauptstrecke;H607;71;Warm (20° bis 31,99° C);Tag;Klar;Montana;Sommer;Kollision;Speed;Human Factors;Güterzug, Lokomotive;394399.5002342652;Signifikant;False
7341;MT0919101;2019;9;1;18697.0;18697.0;2500.0;16197.0;2;0;0;0;0;0;0;0;7.935695149221832;23;2;28;0;0;0;3712.8899735913355;04;6;1;Depot;H307;68;Warm (20° bis 31,99° C);Morgendämmerung;Klar;Montana;Sommer;Kollision;General Switching Rules;Human Factors;EinzelneWagen, Lokomotive;17011.70690282664;Nicht Signifikant;False
7342;MT1005102;2005;10;7;104504.0;104504.0;16600.0;87904.0;5;0;0;0;0;0;0;0;21.0;22;0;140;0;0;5;6858.0;01;7;4;Industriestrecke;M504;28;Kalt (-30° - 0,01° C);Abend;Klar;North Dakota;Herbst;Entgleisung;Other Miscellaneous;Miscellaneous Causes;Depot/Rangieren, Güterzug;86054.0184453228;Nicht Signifikant;False
7343;MT1007101;2007;10;15;8240.0;8240.0;200.0;8040.0;1;0;0;0;0;0;0;0;4.949628046035187;1;0;16;0;0;0;670.6799350877443;09;7;1;Hauptstrecke;H402;58;Moderat (0° bis 19,99° C);Tag;Klar;Montana;Herbst;Kollision;Main Track Authority;Human Factors;Depot/Rangieren, Wartungszug;5792.211443835231;Nicht Signifikant;False
7344;MT1008101;2008;10;12;85710.0;85710.0;8000.0;77710.0;5;0;0;0;0;0;0;0;2.0;72;0;130;0;0;4;14184.0;04;1;1;Depot;H306;28;Kalt (-30° - 0,01° C);Abend;Wolkig;Montana;Herbst;Kollision;General Switching Rules;Human Factors;Güterzug, Güterzug;62934.13613334312;Nicht Signifikant;False
7345;MT1010104;2010;10;17;270712.0;270712.0;187400.0;83312.0;5;0;0;0;0;0;0;0;56.70812450127038;128;2;0;0;0;0;10131.0;01;1;2;Hauptstrecke;T106;32;Moderat (0° bis 19,99° C);Abend;Wolkig;Montana;Herbst;Entgleisung;Track Geometry;Track, Roadbed and Structures;Güterzug, Güterzug;193915.14051717962;Signifikant;True
7346;MT1011103;2011;10;9;10000.0;10000.0;0.0;10000.0;3;0;0;0;0;0;0;0;2.958916643910756;110;1;0;0;0;0;15723.0;01;1;2;Hauptstrecke;H307;50;Moderat (0° bis 19,99° C);Abend;Klar;Montana;Herbst;Entgleisung;General Switching Rules;Human Factors;Güterzug, Güterzug;7385.524372230429;Nicht Signifikant;False
7347;MT1017101;2017;10;13;2531542.0;2531542.0;982030.0;1549512.0;5;0;0;0;0;0;0;0;26.0;4;1;129;0;0;41;4628.0;04;1;4;Hauptstrecke;H021;46;Moderat (0° bis 19,99° C);Abenddämmerung;Wolkig;North Dakota;Herbst;Kollision;Brakes, Use of;Human Factors;Güterzug, Güterzug;2143558.00169348;Schwer;False
7348;MT105;1986;3;28;85100.0;85100.0;27500.0;57600.0;4;0;0;0;0;0;0;0;51.7313459959593;17;0;64;0;0;10;4824.782794013312;01;6;4;Hauptstrecke;E46C;45;Moderat (0° bis 19,99° C);Abend;Klar;Montana;Frühling;Entgleisung;Truck Components;Mechanical and Electrical Failures;EinzelneWagen, Güterzug;72185.93604207311;Nicht Signifikant;False
7349;MT1104109;2004;11;25;640640.0;640640.0;105000.0;535640.0;7;7;0;2;0;0;0;0;11.5;127;5;29;0;0;0;13611.0;02;1;2;Hauptstrecke;H499;40;Moderat (0° bis 19,99° C);Abend;Regen;Montana;Herbst;Kollision;Main Track Authority;Human Factors;Güterzug, Güterzug;484855.82380988426;Signifikant;False
7350;MT1105101;2005;11;14;111000.0;111000.0;0.0;111000.0;3;0;0;0;0;0;0;0;7.935695149221832;32;0;58;0;0;0;5475.90932435627;05;6;3;Hauptstrecke;H302;25;Kalt (-30° - 0,01° C);Tag;Wolkig;Montana;Herbst;Kollision;General Switching Rules;Human Factors;EinzelneWagen, Lokomotive;94766.49876205924;Nicht Signifikant;False
7351;MT1110101;2010;11;1;110275.0;110275.0;27000.0;83275.0;6;0;0;0;0;0;0;0;8.931050850284048;86;3;117;0;0;0;14933.0;01;1;1;Depot;T403;30;Kalt (-30° - 0,01° C);Abend;Klar;Montana;Herbst;Entgleisung;Other Way and Structure;Track, Roadbed and Structures;Güterzug, Güterzug;79186.41390205371;Nicht Signifikant;False
7352;MT1119103;2019;11;14;126000.0;126000.0;4000.0;122000.0;9;0;0;0;0;0;0;0;9.926406551346263;123;1;127;0;0;1;19953.0;01;1;1;Nebenstrecke;H504;38;Moderat (0° bis 19,99° C);Abenddämmerung;Klar;Montana;Herbst;Entgleisung;Train Handling/Train Makeup;Human Factors;Güterzug, Güterzug;114576.70273711013;Nicht Signifikant;False
7353;MT1201103;2001;12;7;3111550.0;3111550.0;72000.0;3039550.0;5;3;1;1;0;0;0;0;44.763856088523795;38;7;150;0;0;0;9585.0;02;1;1;Hauptstrecke;H702;24;Kalt (-30° - 0,01° C);Abend;Klar;Wyoming;Herbst;Kollision;Switches, Use of;Human Factors;Güterzug, Güterzug;3491807.8779037143;Schwer;True
7354;MT1204107;2004;12;24;50000.0;50000.0;500.0;49500.0;8;0;0;0;0;0;0;0;9.901875401795017;0;0;345;0;0;7;7556.0;01;1;1;Depot;H703;27;Kalt (-30° - 0,01° C);Tag;Klar;Montana;Winter;Entgleisung;Switches, Use of;Human Factors;Güterzug, Güterzug, Güterzug;36922.16806970905;Nicht Signifikant;False
7355;MT145;1985;4;25;233400.0;233400.0;3000.0;230400.0;7;5;0;0;0;0;0;0;24.856742067279495;60;2;72;0;0;4;10050.0;02;1;3;Hauptstrecke;H404;30;Kalt (-30° - 0,01° C);Tag;Schnee;Montana;Frühling;Kollision;Main Track Authority;Human Factors;Güterzug, Güterzug;197981.16888624988;Signifikant;False
7356;MT153;1988;6;25;12206.0;12206.0;0.0;12206.0;5;0;0;0;0;0;0;0;39.78707758321272;26;0;7;0;0;0;3236.336383802324;09;5;4;Hauptstrecke;H402;92;Heiß (>= 32° C);Tag;Klar;Montana;Sommer;Kollision;Main Track Authority;Human Factors;EinzelneWagen, Güterzug;10353.71956908983;Nicht Signifikant;False
7357;MT167;1987;6;25;20000.0;20000.0;0.0;20000.0;5;0;0;0;0;0;0;0;41.703718647116204;9;0;19;0;0;0;1767.3512288705783;09;5;X;Nebenstrecke;H702;60;Moderat (0° bis 19,99° C);Abend;Klar;Montana;Sommer;Kollision;Switches, Use of;Human Factors;EinzelneWagen, EinzelneWagen, Güterzug;16964.967342437863;Nicht Signifikant;True
7358;MT32;1987;2;9;17600.0;17600.0;300.0;17300.0;7;0;0;0;0;0;0;0;7.0;3;0;127;0;0;2;4352.96557992196;04;7;4;Hauptstrecke;H702;38;Moderat (0° bis 19,99° C);Tag;Klar;Montana;Winter;Kollision;Switches, Use of;Human Factors;Depot/Rangieren, Güterzug;14929.171261345322;Nicht Signifikant;False
7359;MT430;1985;12;10;17000.0;17000.0;0.0;17000.0;8;0;0;0;0;0;0;0;9.926406551346263;59;1;8;0;0;0;6192.889973591336;01;1;4;Hauptstrecke;H601;0;Kalt (-30° - 0,01° C);Abend;Wolkig;Montana;Herbst;Entgleisung;Speed;Human Factors;Güterzug, Lokomotive;14420.222241072186;Nicht Signifikant;False
7360;N0000039;2000;12;28;14388.0;14388.0;300.0;14088.0;6;1;0;0;0;0;0;0;6.940339448159618;0;0;0;0;8;0;417.2651488670881;01;2;1;Depot;H799;12;Kalt (-30° - 0,01° C);Tag;Klar;Illinois;Winter;Entgleisung;Switches, Use of;Human Factors;Personenzug, NaN;15495.961227786753;Nicht Signifikant;False
7361;N0700027;2007;10;13;2100000.0;2100000.0;0.0;2100000.0;2;1;0;0;0;4;0;0;14.0;0;0;0;0;7;0;362.66308811009;04;3;2;Hauptstrecke;H607;60;Moderat (0° bis 19,99° C);Tag;Wolkig;Indiana;Herbst;Kollision;Speed;Human Factors;Nahverkehrszug, Nahverkehrszug;1479845.908108616;Signifikant;False
7362;N9300006;1993;1;18;854500.0;854500.0;0.0;854500.0;5;0;0;16;7;25;0;0;34.81029907790165;0;0;0;0;0;0;69.7799471826711;02;2;4;Hauptstrecke;H401;27;Kalt (-30° - 0,01° C);Tag;Klar;Indiana;Winter;Kollision;Main Track Authority;Human Factors;Personenzug, Personenzug;724828.2297056578;Schwer;False
7363;NA1;1988;1;15;79700.0;79700.0;700.0;79000.0;4;0;0;0;0;0;0;0;5.0;55;0;31;0;0;0;8080.0;04;7;2;Depot;H702;20;Kalt (-30° - 0,01° C);Abend;Klar;Minnesota;Winter;Kollision;Switches, Use of;Human Factors;Depot/Rangieren, Güterzug;67605.3948596149;Nicht Signifikant;False
7364;NA1;1991;1;3;7300.0;7300.0;300.0;7000.0;0;0;0;0;0;0;0;0;4.949628046035187;34;2;6;0;0;0;4159.428924439017;01;6;1;Depot;H312;0;Kalt (-30° - 0,01° C);Tag;Klar;Minnesota;Winter;Entgleisung;General Switching Rules;Human Factors;EinzelneWagen, EinzelneWagen;6192.2130799898205;Nicht Signifikant;False
7365;NA10;1991;2;4;26020.0;26020.0;1020.0;25000.0;3;2;0;0;0;0;0;0;3.0;15;0;16;0;0;1;2184.8899735913355;04;7;1;Depot;H999;40;Moderat (0° bis 19,99° C);Tag;Klar;North Dakota;Winter;Kollision;Miscellaneous;Human Factors;Depot/Rangieren, Lokomotive;22071.42251251166;Nicht Signifikant;False
7366;NA12;1987;11;8;263200.0;263200.0;17600.0;245600.0;3;0;0;0;0;0;0;0;13.5;73;2;66;0;0;2;5763.0;04;1;1;Nebenstrecke;T201;32;Moderat (0° bis 19,99° C);Abend;Klar;Minnesota;Herbst;Kollision;Rail, Joint Bar and Rail Anchoring;Track, Roadbed and Structures;Güterzug, Güterzug;223258.9702264823;Signifikant;True
7367;NA14;1991;3;3;26660.0;26660.0;60.0;26600.0;2;0;0;0;0;0;0;0;2.958916643910756;11;0;58;0;0;2;3473.0;04;7;1;Depot;H210;8;Kalt (-30° - 0,01° C);Tag;Klar;Minnesota;Winter;Kollision;Flagging, Fixed, Hand and Radio Signals;Human Factors;Depot/Rangieren, Güterzug;22614.301467469675;Nicht Signifikant;False
7368;NA14;1992;3;15;56722.0;56722.0;1522.0;55200.0;7;0;0;0;0;0;0;0;7.935695149221832;7;1;63;0;0;8;2789.507663874584;01;6;1;Depot;T311;40;Moderat (0° bis 19,99° C);Abend;Klar;North Dakota;Winter;Entgleisung;Frogs, Switches and Track Appliances;Track, Roadbed and Structures;EinzelneWagen, Güterzug;48114.34387988803;Nicht Signifikant;False
7369;NA15;1988;2;22;7000.0;7000.0;400.0;6600.0;2;0;0;0;0;0;0;0;2.958916643910756;4;1;7;0;0;0;756.7827940133124;04;7;1;Depot;M101;35;Moderat (0° bis 19,99° C);Tag;Klar;Minnesota;Winter;Kollision;Environmental Conditions;Environmental Conditions;Depot/Rangieren, EinzelneWagen;5937.738569853253;Nicht Signifikant;False
7370;NA15;1992;3;24;125400.0;125400.0;40000.0;85400.0;5;0;0;1;0;0;0;0;17.889252159843984;104;10;82;0;0;0;16042.0;01;1;3;Hauptstrecke;M503;33;Moderat (0° bis 19,99° C);Abend;Klar;Minnesota;Frühling;Entgleisung;Other Miscellaneous;Miscellaneous Causes;Güterzug, Güterzug;106370.3452370854;Signifikant;False
7371;NA16;1987;11;5;6025.0;6025.0;0.0;6025.0;2;0;0;0;0;0;0;0;4.0;18;0;5;0;0;0;4590.0;04;7;1;Depot;H401;50;Moderat (0° bis 19,99° C);Tag;Klar;Wisconsion;Herbst;Kollision;Main Track Authority;Human Factors;Depot/Rangieren, Depot/Rangieren;5110.696411909406;Nicht Signifikant;False
7372;NA16;1988;3;3;14775.0;14775.0;1575.0;13200.0;3;2;0;1;0;0;0;0;4.0;4;0;88;0;0;0;3219.8899735913355;04;7;1;Depot;H306;30;Kalt (-30° - 0,01° C);Tag;Klar;Minnesota;Winter;Kollision;General Switching Rules;Human Factors;Depot/Rangieren, Lokomotive;12532.869624225972;Signifikant;False
7373;NA16;1992;3;27;120220.0;120220.0;6135.0;114085.0;2;0;0;0;0;0;0;0;2.958916643910756;40;4;4;0;0;2;5295.782794013312;04;7;1;Depot;E30C;30;Kalt (-30° - 0,01° C);Abend;Klar;Minnesota;Frühling;Kollision;Coupler and Draft System;Mechanical and Electrical Failures;Depot/Rangieren, EinzelneWagen;101976.41869539401;Nicht Signifikant;False
7374;NA18;1988;3;8;8100.0;8100.0;0.0;8100.0;0;0;0;0;0;0;0;0;0.0;42;0;21;0;0;0;5486.966391842284;04;6;1;Depot;M407;25;Kalt (-30° - 0,01° C);Tag;Wolkig;Minnesota;Winter;Kollision;Unusual Operational Situations;Miscellaneous Causes;EinzelneWagen, EinzelneWagen;6870.8117736873355;Nicht Signifikant;False
7375;NA18;1992;4;4;10000.0;10000.0;0.0;10000.0;0;0;0;0;0;0;0;0;3.9542723449729715;1;0;1;0;0;0;213.98378192291796;04;5;1;Depot;H302;35;Moderat (0° bis 19,99° C);Morgendämmerung;Klar;Minnesota;Frühling;Kollision;General Switching Rules;Human Factors;EinzelneWagen, EinzelneWagen;8482.483671218932;Nicht Signifikant;False
7376;NA19;1992;4;15;10050.0;10050.0;0.0;10050.0;1;0;0;0;0;0;0;0;6.940339448159618;1;0;1;0;0;0;210.33638380232395;04;7;1;Depot;H302;35;Moderat (0° bis 19,99° C);Abend;Regen;Minnesota;Frühling;Kollision;General Switching Rules;Human Factors;Depot/Rangieren, EinzelneWagen;8524.896089575028;Nicht Signifikant;False
7377;NA20;1989;8;2;243182.0;243182.0;15000.0;228182.0;1;0;0;0;0;0;0;0;4.949628046035187;101;8;71;0;0;4;12965.148314517279;04;7;2;Hauptstrecke;H301;85;Warm (20° bis 31,99° C);Tag;Klar;Wisconsion;Sommer;Kollision;General Switching Rules;Human Factors;Depot/Rangieren, EinzelneWagen;206278.73441343624;Signifikant;False