index;INCDTNO;YEAR4;MONTH;DAY;ACCDMG;INFRASTRUCTURE_DMG;TRKDMG;EQPDMG;LOCOMOTIVES1;LOCOMOTIVES2;RREMPKLD;RREMPINJ;PASSKLD;PASSINJ;OTHERKLD;OTHERINJ;SPEED;LOADF1;LOADF2;EMPTYF1;EMPTYP1;LOADP1;EMPTYF2;TONS;TYPE;TYPEQ;TRKCLAS;TYPTRK;ACCAUSE;TEMP;TEMP_CLUSTER;VISIBLTY;WEATHER;STATE;Jahreszeit;ACCIDENT_TYPE;ACCCAUSE_LVL1;ACCCAUSE_LVL2;EQUIPMENT_TYPE;ACCDMG_EUR;ACCTYPE;SPD_TOO_HIGH
7378;NA20;1990;5;6;80436.0;80436.0;3130.0;77306.0;3;0;0;0;0;0;0;0;3.9542723449729715;53;0;104;0;0;6;9988.064855603887;04;7;3;Hauptstrecke;H702;70;Warm (20° bis 31,99° C);Tag;Klar;Iowa;Frühling;Kollision;Switches, Use of;Human Factors;Depot/Rangieren, EinzelneWagen;68229.70565781661;Nicht Signifikant;False
7379;NA21;1988;3;25;24650.0;24650.0;650.0;24000.0;1;0;0;0;0;0;0;0;3.0;8;1;4;0;0;0;1198.2564391184076;04;7;1;Industriestrecke;E08C;35;Moderat (0° bis 19,99° C);Tag;Wolkig;Minnesota;Frühling;Kollision;Brakes;Mechanical and Electrical Failures;Depot/Rangieren, EinzelneWagen;20909.32224955467;Nicht Signifikant;False
7380;NA21;1992;4;28;73660.0;73660.0;10660.0;63000.0;2;2;0;1;0;0;0;0;5.944983747097401;34;4;5;0;0;2;4250.794583543112;04;7;1;Depot;H021;41;Moderat (0° bis 19,99° C);Abend;Klar;Minnesota;Frühling;Kollision;Brakes, Use of;Human Factors;Depot/Rangieren, EinzelneWagen;62481.974722198654;Signifikant;False
7381;NA23;1987;12;20;7678.0;7678.0;100.0;7578.0;1;0;0;0;0;0;0;0;4.0;16;1;26;0;0;1;2691.707864095094;04;7;1;Depot;H307;33;Moderat (0° bis 19,99° C);Tag;Schnee;Wisconsion;Herbst;Kollision;General Switching Rules;Human Factors;Depot/Rangieren, EinzelneWagen;6512.850962761896;Nicht Signifikant;False
7382;NA23;1991;4;2;13200.0;13200.0;0.0;13200.0;1;0;0;0;0;0;0;0;3.5;73;1;45;0;0;0;10691.301453622222;04;7;1;Depot;M199;35;Moderat (0° bis 19,99° C);Tag;Klar;Minnesota;Frühling;Kollision;Environmental Conditions;Environmental Conditions;Depot/Rangieren, EinzelneWagen;11196.87844600899;Nicht Signifikant;False
7383;NA25;1991;4;6;19500.0;19500.0;0.0;19500.0;0;0;0;0;0;0;0;0;3.9542723449729715;2;2;0;0;0;0;336.5128782368152;04;5;1;Depot;T307;70;Warm (20° bis 31,99° C);Abend;Wolkig;Minnesota;Frühling;Kollision;Frogs, Switches and Track Appliances;Track, Roadbed and Structures;EinzelneWagen, EinzelneWagen;16540.84315887692;Nicht Signifikant;False
7384;NA26;1988;4;29;28600.0;28600.0;1600.0;27000.0;1;0;0;0;0;0;0;0;5.944983747097401;36;3;12;0;0;1;4822.764486600706;01;6;1;Depot;T314;50;Moderat (0° bis 19,99° C);Abend;Klar;Minnesota;Frühling;Entgleisung;Frogs, Switches and Track Appliances;Track, Roadbed and Structures;EinzelneWagen, Güterzug;24259.903299686146;Nicht Signifikant;False
7385;NA26;1990;5;28;8900.0;8900.0;600.0;8300.0;2;0;0;0;0;0;0;0;1.9635609428485408;10;0;63;0;0;6;2959.0747593476754;04;6;1;Depot;H602;80;Warm (20° bis 31,99° C);Tag;Klar;Minnesota;Frühling;Kollision;Speed;Human Factors;EinzelneWagen, Güterzug;7549.41046738485;Nicht Signifikant;False
7386;NA26;1992;5;19;78444.0;78444.0;5100.0;73344.0;2;0;0;0;0;0;0;0;7.935695149221832;90;4;39;0;0;0;11214.518624583518;01;6;1;Depot;M405;75;Warm (20° bis 31,99° C);Tag;Klar;Iowa;Frühling;Entgleisung;Unusual Operational Situations;Miscellaneous Causes;EinzelneWagen, Güterzug;66539.99491050979;Nicht Signifikant;False
7387;NA27;1991;4;20;9840.0;9840.0;540.0;9300.0;4;0;0;0;0;0;0;0;4.949628046035187;75;3;15;0;0;0;8461.125683397244;01;6;2;Hauptstrecke;T001;50;Moderat (0° bis 19,99° C);Tag;Klar;Iowa;Frühling;Entgleisung;Roadbed;Track, Roadbed and Structures;EinzelneWagen, Güterzug;8346.763932479429;Nicht Signifikant;False
7388;NA28;1990;6;5;38141.0;38141.0;1000.0;37141.0;3;0;0;0;0;0;0;0;4.949628046035187;47;1;70;0;0;3;7584.013863647666;01;6;1;Depot;H503;60;Moderat (0° bis 19,99° C);Tag;Wolkig;Iowa;Frühling;Entgleisung;Train Handling/Train Makeup;Human Factors;EinzelneWagen, Güterzug;32353.04097039613;Nicht Signifikant;False
7389;NA28;1991;4;19;10440.0;10440.0;440.0;10000.0;1;0;0;0;0;0;0;0;2.958916643910756;0;0;58;0;0;2;1911.5479553843488;01;6;1;Depot;H999;50;Moderat (0° bis 19,99° C);Tag;Klar;North Dakota;Frühling;Entgleisung;Miscellaneous;Human Factors;EinzelneWagen, Güterzug;8855.712952752565;Nicht Signifikant;False
7390;NA29;1991;4;28;13740.0;13740.0;1750.0;11990.0;1;0;0;0;0;0;0;0;2.958916643910756;20;4;10;0;0;1;2445.7712881769244;01;7;1;Depot;H312;65;Moderat (0° bis 19,99° C);Tag;Wolkig;Minnesota;Frühling;Entgleisung;General Switching Rules;Human Factors;Depot/Rangieren, EinzelneWagen;11654.932564254814;Nicht Signifikant;False
7391;NA3;1991;1;15;10120.0;10120.0;0.0;10120.0;2;0;0;4;0;0;0;0;14.903185056657339;93;0;21;0;0;0;12243.647398120595;03;5;3;Hauptstrecke;H402;23;Kalt (-30° - 0,01° C);Tag;Nebel;North Dakota;Winter;Kollision;Main Track Authority;Human Factors;EinzelneWagen, Güterzug;8584.27347527356;Signifikant;False
7392;NA32;1989;10;17;11950.0;11950.0;1950.0;10000.0;0;0;0;0;0;0;0;0;1.9635609428485408;20;1;0;0;0;0;2364.537478765654;04;6;1;Depot;M407;40;Moderat (0° bis 19,99° C);Abend;Klar;Minnesota;Herbst;Kollision;Unusual Operational Situations;Miscellaneous Causes;EinzelneWagen, EinzelneWagen;10136.567987106624;Nicht Signifikant;False
7393;NA33;1988;6;6;93600.0;93600.0;5050.0;88550.0;1;0;0;0;0;0;0;0;3.302848229981981;39;10;29;0;0;1;5120.128896841503;04;6;1;Depot;H018;68;Warm (20° bis 31,99° C);Tag;Klar;Wisconsion;Frühling;Kollision;Brakes, Use of;Human Factors;EinzelneWagen, EinzelneWagen, Güterzug;79396.0471626092;Nicht Signifikant;False
7394;NA34;1989;10;20;23300.0;23300.0;300.0;23000.0;3;0;0;0;0;0;0;0;4.949628046035187;61;0;163;0;0;0;11543.8271289148;04;7;1;Depot;S099;50;Moderat (0° bis 19,99° C);Abend;Klar;Minnesota;Herbst;Kollision;other software/programming deficiencies, etc.);Signal and Communication;Depot/Rangieren, EinzelneWagen;19764.186953940112;Nicht Signifikant;False
7395;NA35;1990;6;12;8950.0;8950.0;0.0;8950.0;4;0;0;0;0;0;0;0;3.0;46;0;67;0;0;0;6887.889973591336;04;1;1;Depot;E79L;82;Warm (20° bis 31,99° C);Tag;Wolkig;Minnesota;Frühling;Kollision;Locomotives;Mechanical and Electrical Failures;Güterzug, Lokomotive;7591.822885740945;Nicht Signifikant;False
7396;NA36;1990;6;24;227300.0;227300.0;40000.0;187300.0;4;0;0;0;0;0;0;0;17.889252159843984;105;12;6;0;0;0;13392.048873460344;01;6;1;Nebenstrecke;E46C;70;Warm (20° bis 31,99° C);Abend;Klar;Iowa;Sommer;Entgleisung;Truck Components;Mechanical and Electrical Failures;EinzelneWagen, Güterzug;192806.85384680633;Signifikant;True
7397;NA38;1990;6;30;6850.0;6850.0;850.0;6000.0;0;0;0;0;0;0;0;0;3.9542723449729715;10;0;7;0;0;0;1420.4790639521748;04;5;1;Depot;H704;75;Warm (20° bis 31,99° C);Abend;Klar;Minnesota;Sommer;Kollision;Switches, Use of;Human Factors;EinzelneWagen, EinzelneWagen;5810.501314784969;Nicht Signifikant;False
7398;NA42;1990;7;12;10500.0;10500.0;0.0;10500.0;0;0;0;1;0;0;0;0;22.5;1;0;0;0;0;0;183.53737171192955;06;5;3;Hauptstrecke;E39C;70;Warm (20° bis 31,99° C);Tag;Wolkig;Iowa;Sommer;Kollision;Coupler and Draft System;Mechanical and Electrical Failures;EinzelneWagen, EinzelneWagen;8906.607854779879;Signifikant;False
7399;NA43;1989;12;24;796528.0;796528.0;200000.0;596528.0;4;0;0;0;0;0;0;0;22.5;110;30;0;0;0;0;13814.889973591336;01;1;4;Hauptstrecke;H017;25;Kalt (-30° - 0,01° C);Abend;Wolkig;Minnesota;Winter;Entgleisung;Brakes, Use of;Human Factors;Güterzug, Lokomotive;675653.5753668674;Signifikant;False
7400;NA43;1991;7;23;13540.0;13540.0;0.0;13540.0;1;0;0;0;0;0;0;0;3.5;51;0;64;0;0;0;6973.461255279243;04;7;1;Depot;H020;74;Warm (20° bis 31,99° C);Abend;Klar;Minnesota;Sommer;Kollision;Brakes, Use of;Human Factors;Depot/Rangieren, EinzelneWagen;11485.282890830435;Nicht Signifikant;False
7401;NA44;1991;7;31;32295.0;32295.0;950.0;31345.0;1;0;0;0;0;0;0;0;2.958916643910756;18;4;31;0;0;0;2798.256439118408;01;7;1;Depot;T311;78;Warm (20° bis 31,99° C);Tag;Klar;Minnesota;Sommer;Entgleisung;Frogs, Switches and Track Appliances;Track, Roadbed and Structures;Depot/Rangieren, EinzelneWagen;27394.181016201543;Nicht Signifikant;False
7402;NA45;1990;7;30;13500.0;13500.0;0.0;13500.0;1;0;0;0;0;0;0;0;3.0;47;1;19;0;0;2;5198.995569810641;04;7;1;Depot;H301;68;Warm (20° bis 31,99° C);Abend;Klar;Minnesota;Sommer;Kollision;General Switching Rules;Human Factors;Depot/Rangieren, EinzelneWagen;11451.352956145558;Nicht Signifikant;False
7403;NA47;1988;7;22;7110.0;7110.0;810.0;6300.0;1;0;0;0;0;0;0;0;2.0;15;0;6;0;0;0;2068.327341188863;04;7;1;Depot;T306;70;Warm (20° bis 31,99° C);Abend;Klar;Minnesota;Sommer;Kollision;Frogs, Switches and Track Appliances;Track, Roadbed and Structures;Depot/Rangieren, EinzelneWagen;6031.045890236661;Nicht Signifikant;False
7404;NA5;1988;1;16;15600.0;15600.0;2350.0;13250.0;2;0;0;0;0;0;0;0;4.949628046035187;38;0;2;0;0;0;4580.9906808325495;04;7;1;Depot;T306;25;Kalt (-30° - 0,01° C);Abend;Wolkig;Minnesota;Winter;Kollision;Frogs, Switches and Track Appliances;Track, Roadbed and Structures;Depot/Rangieren, EinzelneWagen;13232.674527101535;Nicht Signifikant;False
7405;NA51;1992;10;8;37860.0;37860.0;7560.0;30300.0;1;0;0;0;0;0;0;0;8.931050850284048;62;5;58;0;0;0;8845.338426276077;01;7;1;Depot;T314;44;Moderat (0° bis 19,99° C);Tag;Regen;Wisconsion;Herbst;Entgleisung;Frogs, Switches and Track Appliances;Track, Roadbed and Structures;Depot/Rangieren, EinzelneWagen;32114.68317923488;Nicht Signifikant;False
7406;NA52;1990;9;11;45737.0;45737.0;5200.0;40537.0;3;0;0;0;0;0;0;0;9.926406551346263;69;4;52;0;0;0;10548.647398120595;04;5;1;Nebenstrecke;T110;70;Warm (20° bis 31,99° C);Tag;Wolkig;Minnesota;Sommer;Kollision;Track Geometry;Track, Roadbed and Structures;EinzelneWagen, Güterzug;38796.33556705403;Nicht Signifikant;False
7407;NA53;1990;9;12;6275.0;6275.0;275.0;6000.0;2;0;0;1;0;0;0;0;2.5;5;0;36;0;0;1;1748.647398120594;04;7;1;Depot;H018;70;Warm (20° bis 31,99° C);Abend;Klar;Minnesota;Sommer;Kollision;Brakes, Use of;Human Factors;Depot/Rangieren, EinzelneWagen;5322.75850368988;Signifikant;False
7408;NA54;1990;9;23;30503.0;30503.0;675.0;29828.0;3;0;0;0;0;0;0;0;1.9635609428485408;82;1;20;0;0;4;9869.944486344659;04;5;1;Depot;E46C;65;Moderat (0° bis 19,99° C);Abenddämmerung;Klar;Minnesota;Herbst;Kollision;Truck Components;Mechanical and Electrical Failures;EinzelneWagen, Güterzug;25874.11994231911;Nicht Signifikant;False
7409;NA55;1991;9;25;8500.0;8500.0;0.0;8500.0;0;0;0;0;0;0;0;0;1.9635609428485408;35;2;0;0;0;0;4090.5078877023448;04;6;1;Depot;H021;45;Moderat (0° bis 19,99° C);Tag;Klar;Minnesota;Herbst;Kollision;Brakes, Use of;Human Factors;EinzelneWagen, EinzelneWagen;7210.111120536093;Nicht Signifikant;False
7410;NA57;1990;10;7;10200.0;10200.0;0.0;10200.0;3;0;0;0;0;0;0;0;2.958916643910756;2;0;18;0;0;0;802.4048226498525;04;7;1;Nebenstrecke;H306;40;Moderat (0° bis 19,99° C);Abend;Klar;Minnesota;Herbst;Kollision;General Switching Rules;Human Factors;Depot/Rangieren, EinzelneWagen;8652.133344643311;Nicht Signifikant;False
7411;NA59;1990;10;23;12575.0;12575.0;125.0;12450.0;1;0;0;0;0;0;0;0;3.9542723449729715;62;1;4;0;0;0;6474.80355657061;04;7;1;Depot;H999;50;Moderat (0° bis 19,99° C);Abend;Klar;Minnesota;Herbst;Kollision;Miscellaneous;Human Factors;Depot/Rangieren, EinzelneWagen;10666.723216557808;Nicht Signifikant;False
7412;NA6;1988;1;29;9625.0;9625.0;125.0;9500.0;1;0;0;0;0;0;0;0;3.5;15;0;3;0;0;0;1992.647398120594;04;7;1;Depot;T306;35;Moderat (0° bis 19,99° C);Tag;Klar;Minnesota;Winter;Kollision;Frogs, Switches and Track Appliances;Track, Roadbed and Structures;Depot/Rangieren, EinzelneWagen;8164.390533548222;Nicht Signifikant;False
7413;NA6;1989;2;27;8000.0;8000.0;0.0;8000.0;2;0;0;0;0;0;0;0;8.931050850284048;0;0;0;0;0;0;69.7799471826711;04;8;2;Hauptstrecke;H602;10;Kalt (-30° - 0,01° C);Tag;Klar;Minnesota;Winter;Kollision;Speed;Human Factors;Lokomotive, Lokomotive;6785.986936975146;Nicht Signifikant;False
7414;NA61;1988;11;7;10280.0;10280.0;3900.0;6380.0;3;0;0;0;0;0;0;0;2.958916643910756;25;0;28;0;0;6;3718.8255868227975;01;7;1;Depot;T299;45;Moderat (0° bis 19,99° C);Tag;Wolkig;Minnesota;Herbst;Entgleisung;Rail, Joint Bar and Rail Anchoring;Track, Roadbed and Structures;Depot/Rangieren, EinzelneWagen;8719.993214013062;Nicht Signifikant;False
7415;NA63;1990;11;1;14650.0;14650.0;350.0;14300.0;1;0;0;0;0;0;0;0;3.5;16;5;31;0;0;1;3120.6889679808937;04;7;1;Depot;M407;64;Moderat (0° bis 19,99° C);Tag;Klar;Minnesota;Herbst;Kollision;Unusual Operational Situations;Miscellaneous Causes;Depot/Rangieren, EinzelneWagen;12426.838578335735;Nicht Signifikant;False
7416;NA63;1991;10;27;75736.0;75736.0;2000.0;73736.0;2;0;0;0;0;0;0;0;5.0;30;1;18;0;0;3;4100.0;04;7;1;Depot;H702;40;Moderat (0° bis 19,99° C);Abend;Wolkig;Minnesota;Herbst;Kollision;Switches, Use of;Human Factors;Depot/Rangieren, Depot/Rangieren;64242.93833234371;Nicht Signifikant;False
7417;NA64;1988;11;13;28360.0;28360.0;3910.0;24450.0;2;1;0;0;0;0;0;0;5.944983747097401;78;5;1;0;0;0;9974.404822649853;01;6;1;Depot;T110;45;Moderat (0° bis 19,99° C);Abenddämmerung;Klar;Iowa;Herbst;Entgleisung;Track Geometry;Track, Roadbed and Structures;EinzelneWagen, Güterzug;24056.323691576894;Nicht Signifikant;False
7418;NA64;1990;11;22;45468.0;45468.0;300.0;45168.0;5;0;0;0;0;0;0;0;2.958916643910756;56;2;1;0;0;0;6775.16745182103;04;7;1;Depot;H306;42;Moderat (0° bis 19,99° C);Abend;Klar;North Dakota;Herbst;Kollision;General Switching Rules;Human Factors;Depot/Rangieren, EinzelneWagen;38568.156756298245;Nicht Signifikant;False
7419;NA68;1991;11;29;9500.0;9500.0;0.0;9500.0;0;0;0;0;0;0;0;0;3.9542723449729715;1;0;1;0;0;0;213.98378192291796;04;5;1;Depot;H799;28;Kalt (-30° - 0,01° C);Abend;Schnee;Minnesota;Herbst;Kollision;Switches, Use of;Human Factors;EinzelneWagen, EinzelneWagen;8058.3594876579855;Nicht Signifikant;False
7420;NA7;1991;1;28;35300.0;35300.0;0.0;35300.0;2;0;0;0;0;0;0;0;3.5;20;0;15;0;0;0;2497.947494695039;04;7;1;Depot;H020;15;Kalt (-30° - 0,01° C);Tag;Klar;Minnesota;Winter;Kollision;Brakes, Use of;Human Factors;Depot/Rangieren, EinzelneWagen;29943.167359402833;Nicht Signifikant;False
7421;NA70;1990;12;8;12100.0;12100.0;0.0;12100.0;0;0;0;0;0;0;0;0;2.958916643910756;2;0;0;0;0;0;297.294796241188;04;5;1;Depot;T307;30;Kalt (-30° - 0,01° C);Abend;Klar;Minnesota;Herbst;Kollision;Frogs, Switches and Track Appliances;Track, Roadbed and Structures;EinzelneWagen, EinzelneWagen;10263.805242174909;Nicht Signifikant;False
7422;NA73;1988;12;21;20000.0;20000.0;0.0;20000.0;3;0;0;1;0;0;0;0;3.9542723449729715;58;0;20;0;0;0;6920.0;04;7;1;Depot;H307;22;Kalt (-30° - 0,01° C);Abend;Klar;Minnesota;Winter;Kollision;General Switching Rules;Human Factors;Depot/Rangieren, Güterzug;16964.967342437863;Signifikant;False
7423;NA73;1990;12;20;6500.0;6500.0;0.0;6500.0;0;0;0;0;0;0;0;0;4.949628046035187;0;0;2;0;0;0;130.67276760464793;04;5;1;Depot;M407;-5;Kalt (-30° - 0,01° C);Abend;Klar;Minnesota;Herbst;Kollision;Unusual Operational Situations;Miscellaneous Causes;EinzelneWagen, EinzelneWagen;5513.614386292306;Nicht Signifikant;False
7424;NA74;1988;6;20;20000.0;20000.0;0.0;20000.0;0;0;0;0;0;0;0;0;2.958916643910756;19;0;9;0;0;0;2505.188705137478;04;6;1;Depot;T307;80;Warm (20° bis 31,99° C);Tag;Wolkig;Minnesota;Frühling;Kollision;Frogs, Switches and Track Appliances;Track, Roadbed and Structures;EinzelneWagen, EinzelneWagen;16964.967342437863;Nicht Signifikant;False
7425;NA76;1990;12;27;10200.0;10200.0;0.0;10200.0;0;0;0;0;0;0;0;0;2.958916643910756;38;2;16;0;0;1;4920.402759285342;04;6;1;Depot;M599;0;Kalt (-30° - 0,01° C);Abend;Klar;Minnesota;Winter;Kollision;Other Miscellaneous;Miscellaneous Causes;EinzelneWagen, EinzelneWagen;8652.133344643311;Nicht Signifikant;False
7426;NA8;1988;2;15;40200.0;40200.0;500.0;39700.0;2;0;0;0;0;0;0;0;0.9682052417863254;30;0;83;0;0;1;6277.9167683933565;04;6;4;Hauptstrecke;H306;20;Kalt (-30° - 0,01° C);Abend;Klar;Minnesota;Winter;Kollision;General Switching Rules;Human Factors;EinzelneWagen, Güterzug;34099.58435830011;Nicht Signifikant;False
7427;NA8;1991;1;27;26250.0;26250.0;750.0;25500.0;1;0;0;0;0;0;0;0;3.0;44;3;8;0;0;2;5147.384172643626;04;7;1;Depot;M407;26;Kalt (-30° - 0,01° C);Abend;Schnee;Minnesota;Winter;Kollision;Unusual Operational Situations;Miscellaneous Causes;Depot/Rangieren, EinzelneWagen;22266.5196369497;Nicht Signifikant;False
7428;NC0102100;2002;1;2;202009.0;202009.0;4500.0;197509.0;8;0;0;0;0;0;0;0;5.944983747097401;0;0;83;0;0;7;2938.4486425737073;01;6;1;Depot;H303;45;Moderat (0° bis 19,99° C);Tag;Regen;Kalifornien;Winter;Entgleisung;General Switching Rules;Human Factors;EinzelneWagen, Güterzug;223510.73246293428;Signifikant;False
7429;NC0104101;2004;1;3;33096.0;33096.0;500.0;32596.0;1;0;0;0;0;0;0;0;2.958916643910756;2;0;2;0;0;2;361.14768590197866;01;7;1;Depot;H306;42;Moderat (0° bis 19,99° C);Abend;Wolkig;Kalifornien;Winter;Entgleisung;General Switching Rules;Human Factors;Depot/Rangieren, EinzelneWagen;26238.20723553817;Nicht Signifikant;False
7430;NC015Z;2006;8;21;500000.0;500000.0;0.0;500000.0;2;0;0;0;0;0;0;0;9.0;0;0;0;11;0;0;281.7656485884842;04;2;1;Hauptstrecke;H401;65;Moderat (0° bis 19,99° C);Abenddämmerung;Klar;Illinois;Sommer;Kollision;Main Track Authority;Human Factors;Personenzug, Personenzug;387026.8596640607;Signifikant;False
7431;NC0203107;2003;2;23;33282.0;33282.0;3050.0;30232.0;10;0;0;0;0;0;0;0;7.5;86;1;14;0;0;1;11324.762245563465;04;7;1;Depot;H399;57;Moderat (0° bis 19,99° C);Abend;Klar;Kalifornien;Winter;Kollision;General Switching Rules;Human Factors;Depot/Rangieren, Güterzug;30931.226765799256;Nicht Signifikant;False
7432;NC0204106;2004;2;13;393336.0;393336.0;0.0;233336.0;11;0;0;0;0;0;0;0;0.9682052417863254;113;2;49;0;0;13;8640.0;01;1;2;Hauptstrecke;H503;57;Moderat (0° bis 19,99° C);Abend;Klar;Kalifornien;Winter;Entgleisung;Train Handling/Train Makeup;Human Factors;Güterzug, Güterzug;306910.11235955055;Signifikant;False
7433;NC0302103;2002;3;10;19200.0;19200.0;0.0;19200.0;2;0;0;0;0;0;0;0;3.5;2;1;1;0;0;1;348.83028206939696;01;7;1;Depot;H020;60;Moderat (0° bis 19,99° C);Tag;Klar;Kalifornien;Winter;Entgleisung;Brakes, Use of;Human Factors;Depot/Rangieren, Depot/Rangieren;21918.642261882113;Nicht Signifikant;False
7434;NC0302106;2002;3;26;51008.0;51008.0;0.0;41702.0;9;0;0;0;0;0;0;0;19.0;77;0;105;0;0;5;10232.0;01;1;3;Hauptstrecke;E09C;50;Moderat (0° bis 19,99° C);Abenddämmerung;Klar;Kalifornien;Frühling;Entgleisung;Brakes;Mechanical and Electrical Failures;Güterzug, Güterzug;58381.5955133341;Nicht Signifikant;False
7435;NC0303105;2003;3;17;413868.0;413868.0;327000.0;86868.0;8;0;0;1;0;0;0;0;14.903185056657339;50;7;0;0;0;0;3870.0;01;1;4;Hauptstrecke;H403;55;Moderat (0° bis 19,99° C);Abenddämmerung;Klar;Kalifornien;Winter;Entgleisung;Main Track Authority;Human Factors;Güterzug, Güterzug;383175.6318859365;Signifikant;False
7436;NC0598106;1998;5;12;234300.0;234300.0;70000.0;164300.0;3;3;0;1;0;0;0;0;44.763856088523795;14;5;3;0;0;3;1161.6693080825214;01;6;4;Hauptstrecke;T205;55;Moderat (0° bis 19,99° C);Tag;Wolkig;Kalifornien;Frühling;Entgleisung;Rail, Joint Bar and Rail Anchoring;Track, Roadbed and Structures;EinzelneWagen, Güterzug;198744.59241665958;Signifikant;False
7437;NC0599100;1999;5;5;74500.0;74500.0;35000.0;39500.0;9;0;0;0;0;0;0;0;7.935695149221832;114;5;0;0;0;0;10957.80130745513;01;7;1;Depot;E41C;78;Warm (20° bis 31,99° C);Tag;Klar;Kalifornien;Frühling;Entgleisung;Truck Components;Mechanical and Electrical Failures;Depot/Rangieren, Güterzug;69841.56745101715;Nicht Signifikant;False
7438;NC0702107;2002;7;3;44110.0;44110.0;0.0;44110.0;2;0;0;0;0;0;0;0;3.5;30;0;19;0;0;0;4060.9844770692052;04;7;1;Depot;H605;102;Heiß (>= 32° C);Tag;Klar;Kalifornien;Sommer;Kollision;Speed;Human Factors;Depot/Rangieren, Depot/Rangieren;45102.24948875255;Nicht Signifikant;False
7439;NC0702115;2002;7;31;15600.0;15600.0;500.0;15100.0;1;0;0;0;0;0;0;0;5.944983747097401;9;1;21;0;0;1;1754.0604579939745;01;7;1;Depot;H309;70;Warm (20° bis 31,99° C);Tag;Klar;Kalifornien;Sommer;Entgleisung;General Switching Rules;Human Factors;Depot/Rangieren, EinzelneWagen;15946.028825513647;Nicht Signifikant;False
7440;NC0704103;2004;7;16;28600.0;28600.0;8000.0;20600.0;4;1;0;0;0;0;0;0;4.949628046035187;0;0;2;0;0;1;132.15280222405482;01;7;1;Depot;H703;80;Warm (20° bis 31,99° C);Abend;Klar;Kalifornien;Sommer;Entgleisung;Switches, Use of;Human Factors;Depot/Rangieren, Lokomotive;23152.27070347284;Nicht Signifikant;False
7441;NC0797105;1997;7;18;26000.0;26000.0;0.0;26000.0;1;0;0;0;0;0;0;0;7.935695149221832;21;1;4;0;0;2;3267.5169982596917;01;7;X;Depot;H018;63;Moderat (0° bis 19,99° C);Abend;Klar;Kalifornien;Sommer;Entgleisung;Brakes, Use of;Human Factors;Depot/Rangieren, EinzelneWagen;22054.457545169225;Nicht Signifikant;False
7442;NC0800111;2000;8;16;247000.0;247000.0;47000.0;200000.0;7;3;0;1;0;0;0;0;14.903185056657339;99;2;0;0;0;0;10977.0;04;1;1;Depot;H699;103;Heiß (>= 32° C);Tag;Klar;Kalifornien;Sommer;Kollision;Speed;Human Factors;Güterzug, Güterzug;272266.3139329806;Signifikant;True
7443;NC0804106;2004;8;14;2568890.0;2568890.0;400000.0;2168891.0;7;3;0;0;0;0;0;0;54.71741309914595;98;32;10;0;0;9;10206.0;01;1;5;Hauptstrecke;E4TC;96;Heiß (>= 32° C);Tag;Klar;Kalifornien;Sommer;Entgleisung;Truck Components;Mechanical and Electrical Failures;Güterzug, Güterzug;2095627.4643099932;Schwer;False
7444;NC0804115;2004;8;28;89801.0;89801.0;7300.0;82501.0;4;0;0;0;0;0;0;0;5.0;29;1;94;0;0;0;6259.642273111252;04;7;1;Hauptstrecke;H607;73;Warm (20° bis 31,99° C);Abend;Klar;Kalifornien;Sommer;Kollision;Speed;Human Factors;Depot/Rangieren, Güterzug;74385.78568075766;Nicht Signifikant;False
7445;NC0902101;2002;9;7;32058.0;32058.0;1000.0;31058.0;3;0;0;0;0;0;0;0;3.5;18;0;1;0;0;0;1771.4345207668864;04;7;1;Depot;H212;72;Warm (20° bis 31,99° C);Tag;Klar;Kalifornien;Sommer;Kollision;Flagging, Fixed, Hand and Radio Signals;Human Factors;Depot/Rangieren, Güterzug;32458.31927100911;Nicht Signifikant;False
7446;NC0997104;1997;9;29;30000.0;30000.0;10000.0;20000.0;4;1;0;0;0;0;0;0;7.935695149221832;4;0;138;0;0;2;5142.0;01;1;4;Hauptstrecke;H702;84;Warm (20° bis 31,99° C);Abend;Klar;Kalifornien;Herbst;Entgleisung;Switches, Use of;Human Factors;Güterzug, Güterzug;25447.4510136568;Nicht Signifikant;False
7447;NC0998109;1998;9;13;23000.0;23000.0;0.0;23000.0;8;1;0;3;0;0;0;0;13.907829355595124;61;0;0;0;0;0;3933.8899735913355;03;1;4;Hauptstrecke;H605;65;Moderat (0° bis 19,99° C);Abend;Klar;Kalifornien;Sommer;Kollision;Speed;Human Factors;Güterzug, Lokomotive;19509.712443803546;Signifikant;False
7448;NC0998114;1998;9;28;55000.0;55000.0;0.0;55000.0;6;0;0;0;0;0;0;0;3.0;57;0;77;0;0;3;9608.0;04;1;3;Hauptstrecke;H215;68;Warm (20° bis 31,99° C);Tag;Klar;Kalifornien;Herbst;Kollision;Flagging, Fixed, Hand and Radio Signals;Human Factors;Güterzug, Güterzug;46653.660191704126;Nicht Signifikant;False
7449;NC0999104;1999;9;18;11500.0;11500.0;1500.0;10000.0;4;0;0;0;0;0;0;0;1.9635609428485408;50;1;2;0;0;0;5433.0;04;1;1;Depot;H306;65;Moderat (0° bis 19,99° C);Abend;Klar;Kalifornien;Sommer;Kollision;General Switching Rules;Human Factors;Güterzug, Güterzug;11057.692307692307;Nicht Signifikant;False