index;INCDTNO;YEAR4;MONTH;DAY;ACCDMG;INFRASTRUCTURE_DMG;TRKDMG;EQPDMG;LOCOMOTIVES1;LOCOMOTIVES2;RREMPKLD;RREMPINJ;PASSKLD;PASSINJ;OTHERKLD;OTHERINJ;SPEED;LOADF1;LOADF2;EMPTYF1;EMPTYP1;LOADP1;EMPTYF2;TONS;TYPE;TYPEQ;TRKCLAS;TYPTRK;ACCAUSE;TEMP;TEMP_CLUSTER;VISIBLTY;WEATHER;STATE;Jahreszeit;ACCIDENT_TYPE;ACCCAUSE_LVL1;ACCCAUSE_LVL2;EQUIPMENT_TYPE;ACCDMG_EUR;ACCTYPE;SPD_TOO_HIGH
7450;NC1002110;2002;10;23;51473.0;51473.0;9000.0;42473.0;2;0;0;0;0;0;0;0;9.926406551346263;30;4;21;0;0;3;4662.008538715487;01;6;1;Depot;T108;75;Warm (20° bis 31,99° C);Tag;Klar;Kalifornien;Herbst;Entgleisung;Track Geometry;Track, Roadbed and Structures;EinzelneWagen, Güterzug;52657.80051150895;Nicht Signifikant;False
7451;NC1003104;2003;10;8;34792.0;34792.0;0.0;34792.0;2;0;0;0;0;0;0;0;2.958916643910756;28;3;17;0;0;0;3831.4039305821525;01;7;1;Depot;H303;69;Warm (20° bis 31,99° C);Abend;Klar;Kalifornien;Herbst;Entgleisung;General Switching Rules;Human Factors;Depot/Rangieren, EinzelneWagen;29532.29776759189;Nicht Signifikant;False
7452;NC1004109;2004;10;27;25500.0;25500.0;8000.0;17500.0;2;0;0;0;0;0;0;0;9.926406551346263;31;2;38;0;0;0;4792.441777602871;01;7;1;Depot;T110;55;Moderat (0° bis 19,99° C);Abend;Klar;Kalifornien;Herbst;Entgleisung;Track Geometry;Track, Roadbed and Structures;Depot/Rangieren, EinzelneWagen;19934.333958724204;Nicht Signifikant;False
7453;NC1097101;1997;10;6;13900.0;13900.0;9500.0;4400.0;5;0;0;0;0;0;0;0;28.838164871528356;15;0;80;0;0;1;11830.0;01;1;2;Hauptstrecke;S011;72;Warm (20° bis 31,99° C);Abenddämmerung;Klar;Kalifornien;Herbst;Entgleisung;SIGNAL AND COMMUNICATION;Signal and Communication;Güterzug, Güterzug;11790.652302994316;Nicht Signifikant;True
7454;NC1097108;1997;10;16;67000.0;67000.0;3000.0;64000.0;4;0;0;0;0;0;0;0;29.83352057259057;35;3;0;0;0;0;3535.6475051743187;03;1;3;Hauptstrecke;H404;82;Warm (20° bis 31,99° C);Tag;Klar;Kalifornien;Herbst;Kollision;Main Track Authority;Human Factors;Güterzug, Güterzug;56832.64059716685;Nicht Signifikant;False
7455;NC1097110;1997;10;25;40000.0;40000.0;0.0;40000.0;12;0;0;0;0;0;0;0;3.0;128;4;0;0;0;0;10288.127772635056;01;1;1;Hauptstrecke;E22C;61;Moderat (0° bis 19,99° C);Abend;Klar;Kalifornien;Herbst;Entgleisung;Body;Mechanical and Electrical Failures;Güterzug, Güterzug;33929.93468487573;Nicht Signifikant;False
7456;NC1101104;2001;11;14;23100.0;23100.0;5100.0;18000.0;5;0;0;0;0;0;0;0;6.940339448159618;58;5;0;0;0;0;8282.647398120595;01;5;1;Industriestrecke;T111;60;Moderat (0° bis 19,99° C);Tag;Wolkig;Kalifornien;Herbst;Entgleisung;Track Geometry;Track, Roadbed and Structures;EinzelneWagen, Güterzug;26241.05418607293;Nicht Signifikant;False
7457;NC1103107;2003;11;17;139511.0;139511.0;38000.0;90911.0;1;0;0;0;0;0;0;0;5.940339448159618;10;1;39;0;0;0;2414.3732317016174;01;7;1;Depot;T311;58;Moderat (0° bis 19,99° C);Tag;Klar;Kalifornien;Herbst;Entgleisung;Frogs, Switches and Track Appliances;Track, Roadbed and Structures;Depot/Rangieren, EinzelneWagen;118209.62548720557;Nicht Signifikant;False
7458;ND0497103;1997;4;11;32500.0;32500.0;0.0;32500.0;3;0;0;0;0;0;0;0;4.949628046035187;113;0;8;0;0;0;14023.91171756922;04;7;1;Depot;H699;32;Moderat (0° bis 19,99° C);Tag;Klar;North Dakota;Frühling;Kollision;Speed;Human Factors;Depot/Rangieren, Güterzug;27568.07193146153;Nicht Signifikant;False
7459;NE0011;1990;1;10;41000.0;41000.0;0.0;41000.0;3;0;0;0;0;0;0;0;44.763856088523795;1;0;105;0;0;0;3286.647398120594;09;5;4;Hauptstrecke;H402;52;Moderat (0° bis 19,99° C);Tag;Klar;Nebraska;Winter;Kollision;Main Track Authority;Human Factors;EinzelneWagen, Güterzug;34778.18305199762;Nicht Signifikant;False
7460;NE0017;1991;1;7;15500.0;15500.0;7500.0;8000.0;6;0;0;0;0;0;0;0;44.763856088523795;165;1;39;0;0;0;20090.0;01;1;4;Hauptstrecke;E6AC;45;Moderat (0° bis 19,99° C);Tag;Klar;Nebraska;Winter;Entgleisung;Wheels;Mechanical and Electrical Failures;Güterzug, Güterzug;13147.849690389345;Nicht Signifikant;False
7461;NE0111101;2011;1;7;57937.0;57937.0;2637.0;55300.0;8;0;0;0;0;0;0;0;4.949628046035187;124;2;149;0;0;0;21086.0;01;1;1;Depot;T207;37;Moderat (0° bis 19,99° C);Abend;Klar;Missouri;Winter;Entgleisung;Rail, Joint Bar and Rail Anchoring;Track, Roadbed and Structures;Güterzug, Güterzug;44701.02615538924;Nicht Signifikant;False
7462;NE0177;1996;5;4;16650.0;16650.0;150.0;16500.0;1;0;0;0;0;0;0;0;4.949628046035187;37;0;12;0;0;1;4645.641611916502;09;6;1;Depot;H306;60;Moderat (0° bis 19,99° C);Tag;Wolkig;Nebraska;Frühling;Kollision;General Switching Rules;Human Factors;EinzelneWagen, Lokomotive;14123.335312579522;Nicht Signifikant;False
7463;NE0204104;2004;2;8;8147.0;8147.0;0.0;8147.0;4;1;0;0;0;0;0;0;5.333333333333333;106;3;2;0;0;0;11353.02925206278;05;7;1;Depot;H306;8;Kalt (-30° - 0,01° C);Abend;Klar;Missouri;Winter;Kollision;General Switching Rules;Human Factors;Depot/Rangieren, Güterzug, Lokomotive;6439.4677908049;Nicht Signifikant;False
7464;NE0204105;2004;2;6;38735.0;38735.0;0.0;38735.0;1;0;0;0;0;0;0;0;2.958916643910756;1;1;5;0;0;5;362.7786368617197;01;7;1;Industriestrecke;M504;15;Kalt (-30° - 0,01° C);Abend;Klar;Iowa;Winter;Entgleisung;Other Miscellaneous;Miscellaneous Causes;Depot/Rangieren, EinzelneWagen;30916.27424375449;Nicht Signifikant;False
7465;NE0297103;1997;2;5;57000.0;57000.0;0.0;57000.0;6;0;0;0;0;0;0;0;12.91247365453291;233;0;0;0;0;0;30030.0;03;1;3;Hauptstrecke;H605;15;Kalt (-30° - 0,01° C);Abend;Wolkig;Iowa;Winter;Kollision;Speed;Human Factors;Güterzug, Güterzug;48350.156925947915;Nicht Signifikant;False
7466;NE0299108;1999;2;23;8450.0;8450.0;0.0;8450.0;4;0;0;0;0;0;0;0;44.763856088523795;70;0;66;0;0;0;8772.0;05;1;4;Hauptstrecke;T499;31;Kalt (-30° - 0,01° C);Tag;Wolkig;Missouri;Winter;Kollision;Other Way and Structure;Track, Roadbed and Structures;Güterzug, Güterzug;7703.528124715106;Nicht Signifikant;False
7467;NE0300;1992;3;26;52000.0;52000.0;2000.0;50000.0;6;0;0;0;0;0;0;0;2.0;121;0;14;0;0;0;16294.0;04;1;1;Depot;H207;40;Moderat (0° bis 19,99° C);Abend;Klar;Nebraska;Frühling;Kollision;Flagging, Fixed, Hand and Radio Signals;Human Factors;Güterzug, Güterzug;44108.91509033845;Nicht Signifikant;False
7468;NE0303101;2003;3;5;52712.0;52712.0;0.0;52712.0;2;0;0;0;0;0;0;0;9.926406551346263;1;0;82;0;0;3;2684.5831128712007;01;7;1;Depot;H703;18;Kalt (-30° - 0,01° C);Tag;Wolkig;Nebraska;Winter;Entgleisung;Switches, Use of;Human Factors;Depot/Rangieren, EinzelneWagen;48068.57559730075;Nicht Signifikant;False
7469;NE0305100;2005;3;1;26000.0;26000.0;1000.0;25000.0;2;0;0;0;0;0;0;0;8.931050850284048;10;0;14;0;0;2;955.8512328608409;01;6;2;Hauptstrecke;T102;40;Moderat (0° bis 19,99° C);Tag;Klar;Nebraska;Winter;Entgleisung;Track Geometry;Track, Roadbed and Structures;EinzelneWagen, Güterzug;19673.123486682805;Nicht Signifikant;False
7470;NE0305116;2005;3;18;11419.0;11419.0;0.0;11419.0;1;0;0;0;0;0;0;0;5.944983747097401;1;0;1;0;0;0;213.98378192291796;05;7;1;Depot;H307;55;Moderat (0° bis 19,99° C);Abend;Klar;Missouri;Winter;Kollision;General Switching Rules;Human Factors;Depot/Rangieren, EinzelneWagen;8599.292115370134;Nicht Signifikant;False
7471;NE0306102;2006;3;8;728496.0;728496.0;213000.0;515496.0;4;0;0;0;0;0;0;0;16.89389645878177;129;13;135;0;0;5;22313.0;01;1;4;Hauptstrecke;T207;55;Moderat (0° bis 19,99° C);Tag;Regen;Nebraska;Winter;Entgleisung;Rail, Joint Bar and Rail Anchoring;Track, Roadbed and Structures;Güterzug, Güterzug;611462.1453751888;Signifikant;False
7472;NE0308111;2008;3;28;36168.0;36168.0;2150.0;34018.0;1;0;0;0;0;0;0;0;1.9635609428485408;0;0;23;0;0;1;771.5274166548115;01;7;1;Depot;H307;54;Moderat (0° bis 19,99° C);Abenddämmerung;Klar;Nebraska;Frühling;Entgleisung;General Switching Rules;Human Factors;Depot/Rangieren, EinzelneWagen;22896.935933147633;Nicht Signifikant;False
7473;NE0310111;2010;3;16;445703.0;445703.0;80000.0;365703.0;5;0;0;0;0;0;0;0;3.9542723449729715;74;3;128;0;0;19;12970.559915786504;01;7;1;Depot;H307;37;Moderat (0° bis 19,99° C);Abend;Wolkig;Nebraska;Winter;Entgleisung;General Switching Rules;Human Factors;Depot/Rangieren, Güterzug;324785.3967791299;Signifikant;False
7474;NE0374;1992;4;13;25525.0;25525.0;2525.0;23000.0;3;2;0;0;0;0;0;0;2.958916643910756;4;0;4;0;0;0;646.5952861436587;04;7;1;Depot;H212;40;Moderat (0° bis 19,99° C);Tag;Wolkig;Iowa;Frühling;Kollision;Flagging, Fixed, Hand and Radio Signals;Human Factors;Depot/Rangieren, Lokomotive;21651.539570786324;Nicht Signifikant;False
7475;NE0397111;1997;3;19;31450.0;31450.0;6550.0;24900.0;2;0;0;0;0;0;0;0;3.0;2;2;60;0;0;2;6239.549349475875;01;6;1;Depot;H021;62;Moderat (0° bis 19,99° C);Tag;Klar;Nebraska;Winter;Entgleisung;Brakes, Use of;Human Factors;EinzelneWagen, Güterzug;26677.411145983544;Nicht Signifikant;False
7476;NE0398121;1998;3;28;530000.0;530000.0;0.0;530000.0;7;1;0;1;0;0;0;0;21.82756661879046;110;0;232;0;0;3;7113.0;03;1;4;Hauptstrecke;H605;55;Moderat (0° bis 19,99° C);Tag;Wolkig;Iowa;Frühling;Kollision;Speed;Human Factors;Güterzug, Güterzug, Güterzug;449571.6345746034;Signifikant;False
7477;NE0406102;2006;4;4;39800.0;39800.0;0.0;39800.0;4;2;0;0;0;0;0;0;4.949628046035187;0;0;110;0;0;0;3446.8899735913355;01;1;1;Industriestrecke;H306;41;Moderat (0° bis 19,99° C);Abend;Klar;Nebraska;Frühling;Entgleisung;General Switching Rules;Human Factors;Güterzug, Lokomotive;32577.555864778587;Nicht Signifikant;False
7478;NE0409112;2009;4;17;12401.0;12401.0;250.0;12151.0;1;0;0;0;0;0;0;0;4.949628046035187;4;1;0;0;0;0;544.4186862975185;01;7;1;Industriestrecke;T314;50;Moderat (0° bis 19,99° C);Abend;Klar;Nebraska;Frühling;Entgleisung;Frogs, Switches and Track Appliances;Track, Roadbed and Structures;Depot/Rangieren, EinzelneWagen;9496.860162352581;Nicht Signifikant;False
7479;NE0411106;2011;4;17;2276952.0;2276952.0;898583.0;1378369.0;4;2;2;2;0;0;0;0;21.870674964092846;151;12;13;0;0;1;21164.0;03;1;4;Hauptstrecke;H222;30;Kalt (-30° - 0,01° C);Morgendämmerung;Wolkig;Iowa;Frühling;Kollision;Flagging, Fixed, Hand and Radio Signals;Human Factors;Güterzug, Güterzug;1588571.1627906978;Schwer;False
7480;NE0448;1992;4;23;42500.0;42500.0;0.0;42500.0;1;0;0;0;0;0;0;0;3.0;5;0;6;0;0;0;821.245531094894;04;7;1;Depot;H018;42;Moderat (0° bis 19,99° C);Abend;Regen;Nebraska;Frühling;Kollision;Brakes, Use of;Human Factors;Depot/Rangieren, EinzelneWagen;36050.55560268046;Nicht Signifikant;False
7481;NE0498114;1998;4;29;60600.0;60600.0;300.0;60300.0;1;0;0;0;0;0;0;0;19.879963561968417;1;0;5;0;0;4;341.68956124449926;01;7;1;Industriestrecke;H020;45;Moderat (0° bis 19,99° C);Abend;Regen;Missouri;Frühling;Entgleisung;Brakes, Use of;Human Factors;Depot/Rangieren, EinzelneWagen;51403.85104758673;Nicht Signifikant;True
7482;NE0503109;2003;5;17;46829.0;46829.0;1000.0;45829.0;2;0;0;0;0;0;0;0;4.5;42;0;43;0;0;1;6158.267451103436;01;7;1;Depot;M408;75;Warm (20° bis 31,99° C);Tag;Klar;Nebraska;Frühling;Entgleisung;Unusual Operational Situations;Miscellaneous Causes;Depot/Rangieren, Depot/Rangieren;40560.97701813142;Nicht Signifikant;False
7483;NE0504114;2004;5;30;222816.0;222816.0;110000.0;112816.0;4;1;0;0;0;0;0;0;6.5;51;4;102;0;0;0;9707.366535537049;05;7;1;Depot;H599;65;Moderat (0° bis 19,99° C);Abend;Wolkig;Nebraska;Frühling;Kollision;Train Handling/Train Makeup;Human Factors;Depot/Rangieren, Güterzug;182426.72343212707;Signifikant;False
7484;NE0509107;2009;5;8;10279.0;10279.0;2500.0;7779.0;4;0;0;0;0;0;0;0;9.0;119;3;0;0;0;0;17041.889973591336;01;1;1;Hauptstrecke;E47C;54;Moderat (0° bis 19,99° C);Abend;Regen;Iowa;Frühling;Entgleisung;Truck Components;Mechanical and Electrical Failures;Güterzug, Lokomotive;7656.610800744878;Nicht Signifikant;False
7485;NE0509113;2009;5;24;122442.0;122442.0;500.0;121942.0;3;0;0;0;0;0;0;0;3.0;40;0;79;0;0;5;7032.74350811813;01;7;1;Depot;H607;65;Moderat (0° bis 19,99° C);Abend;Klar;Nebraska;Frühling;Entgleisung;Speed;Human Factors;Depot/Rangieren, Lokomotive;87475.23337778624;Nicht Signifikant;False
7486;NE0558;1991;6;1;36000.0;36000.0;1000.0;35000.0;6;0;0;1;0;0;0;0;7.935695149221832;11;1;230;0;0;0;8465.0;03;1;3;Hauptstrecke;H099;75;Warm (20° bis 31,99° C);Abend;Wolkig;Nebraska;Frühling;Kollision;Brakes, Use of;Human Factors;Güterzug, Güterzug;30536.941216388157;Signifikant;False
7487;NE0604105;2004;6;14;9958.0;9958.0;0.0;9958.0;2;0;0;0;0;0;0;0;2.5;25;1;67;0;0;1;4974.714120167577;05;7;1;Depot;M599;65;Moderat (0° bis 19,99° C);Abend;Klar;Nebraska;Frühling;Kollision;Other Miscellaneous;Miscellaneous Causes;Depot/Rangieren, Depot/Rangieren;8297.641863178069;Nicht Signifikant;False
7488;NE0614109;2014;6;28;50824.0;50824.0;800.0;50024.0;3;0;0;0;0;0;0;0;4.949628046035187;18;2;3;0;0;0;2247.970901337916;05;7;1;Depot;H307;76;Warm (20° bis 31,99° C);Abend;Wolkig;Missouri;Sommer;Kollision;General Switching Rules;Human Factors;Depot/Rangieren, Lokomotive;37281.04063768399;Nicht Signifikant;False
7489;NE0629;1991;6;21;258000.0;258000.0;0.0;258000.0;3;0;0;0;0;0;0;0;24.856742067279495;110;1;0;0;0;0;14619.647398120595;09;5;3;Hauptstrecke;H402;68;Warm (20° bis 31,99° C);Abenddämmerung;Regen;Nebraska;Sommer;Kollision;Main Track Authority;Human Factors;EinzelneWagen, Güterzug;218848.07871744846;Signifikant;False
7490;NE0636;1990;7;25;8600.0;8600.0;0.0;8600.0;0;0;0;0;0;0;0;0;11.5;2;0;0;0;0;0;297.294796241188;09;5;4;Hauptstrecke;H402;65;Moderat (0° bis 19,99° C);Tag;Regen;Nebraska;Sommer;Kollision;Main Track Authority;Human Factors;EinzelneWagen, EinzelneWagen;7294.935957248282;Nicht Signifikant;False
7491;NE0639;1990;7;17;112200.0;112200.0;2700.0;109500.0;5;0;0;0;0;0;0;0;19.879963561968417;46;1;156;0;0;4;10383.0;03;1;3;Hauptstrecke;H215;93;Heiß (>= 32° C);Tag;Klar;Nebraska;Sommer;Kollision;Flagging, Fixed, Hand and Radio Signals;Human Factors;Güterzug, Güterzug;95173.46679107643;Nicht Signifikant;False
7492;NE0698108;1998;6;29;1052650.0;1052650.0;415000.0;637650.0;4;2;0;1;0;0;0;0;29.83352057259057;69;19;120;0;0;8;11665.0;01;1;4;Hauptstrecke;T107;75;Warm (20° bis 31,99° C);Tag;Klar;Nebraska;Sommer;Entgleisung;Track Geometry;Track, Roadbed and Structures;Güterzug, Güterzug;892908.6436508609;Signifikant;False
7493;NE0699105;1999;6;21;8500.0;8500.0;2000.0;6500.0;5;1;0;0;0;0;0;0;4.0;0;0;0;0;0;0;69.7799471826711;04;8;X;Depot;H099;80;Warm (20° bis 31,99° C);Tag;Klar;Nebraska;Sommer;Kollision;Brakes, Use of;Human Factors;Lokomotive, Lokomotive;8221.297997872134;Nicht Signifikant;False
7494;NE0707110;2007;7;24;16770.0;16770.0;0.0;16770.0;6;0;0;0;0;0;0;0;3.9542723449729715;72;0;50;0;0;0;9973.0;04;1;1;Depot;H702;73;Warm (20° bis 31,99° C);Abend;Klar;Nebraska;Sommer;Kollision;Switches, Use of;Human Factors;Güterzug, Güterzug;12123.18369117328;Nicht Signifikant;False
7495;NE0710108;2010;7;15;28000.0;28000.0;0.0;28000.0;3;0;0;0;0;0;0;0;5.944983747097401;132;0;132;0;0;0;19376.0;04;1;1;Industriestrecke;H607;88;Warm (20° bis 31,99° C);Tag;Klar;Missouri;Sommer;Kollision;Speed;Human Factors;Güterzug, Güterzug;21827.25288431556;Nicht Signifikant;False
7496;NE0797107;1997;7;21;453500.0;453500.0;25000.0;428500.0;4;3;0;1;0;0;0;0;23.0;143;5;0;0;0;0;14722.0;04;6;4;Hauptstrecke;H215;78;Warm (20° bis 31,99° C);Tag;Klar;Nebraska;Sommer;Kollision;Flagging, Fixed, Hand and Radio Signals;Human Factors;EinzelneWagen, Güterzug;384680.6344897786;Signifikant;False
7497;NE0801107;2001;8;18;1059600.0;1059600.0;12500.0;1047100.0;5;2;0;2;0;0;0;0;31.824231974715;57;0;169;0;0;6;10193.0;03;1;5;Hauptstrecke;M599;66;Moderat (0° bis 19,99° C);Abend;Klar;Iowa;Sommer;Kollision;Other Miscellaneous;Miscellaneous Causes;Güterzug, Güterzug;1159088.4229717413;Signifikant;False
7498;NE0802102;2002;8;10;7200.0;7200.0;1000.0;6200.0;2;0;0;0;0;0;0;0;1.0;109;1;0;0;0;0;15469.256439118408;01;5;1;Depot;H307;75;Warm (20° bis 31,99° C);Abend;Klar;Nebraska;Sommer;Entgleisung;General Switching Rules;Human Factors;EinzelneWagen, Güterzug;7387.646213831315;Nicht Signifikant;False
7499;NE0806101;2006;8;8;86115.0;86115.0;1000.0;85115.0;2;0;0;0;0;0;0;0;5.0;23;1;10;0;0;1;3011.7538890827204;01;7;1;Depot;H021;68;Warm (20° bis 31,99° C);Abend;Wolkig;Nebraska;Sommer;Entgleisung;Brakes, Use of;Human Factors;Depot/Rangieren, EinzelneWagen;67072.98076174156;Nicht Signifikant;False
7500;NE0902106;2002;9;13;7636.0;7636.0;0.0;7636.0;1;0;0;0;0;0;0;0;5.0;4;0;14;0;0;0;951.0593882535429;04;7;1;Depot;M408;72;Warm (20° bis 31,99° C);Abend;Wolkig;Nebraska;Sommer;Kollision;Unusual Operational Situations;Miscellaneous Causes;Depot/Rangieren, EinzelneWagen;7783.893985728848;Nicht Signifikant;False
7501;NE0903106;2003;9;28;34421.0;34421.0;2500.0;31921.0;3;0;0;0;0;0;0;0;6.940339448159618;67;1;45;0;0;1;9653.013863647666;01;6;1;Depot;E37C;55;Moderat (0° bis 19,99° C);Tag;Klar;Nebraska;Herbst;Entgleisung;Coupler and Draft System;Mechanical and Electrical Failures;EinzelneWagen, Güterzug;30094.424853554043;Nicht Signifikant;False
7502;NE0904100;2004;9;6;7146.0;7146.0;500.0;6646.0;1;0;0;0;0;0;0;0;1.9635609428485408;6;1;11;0;0;0;1106.844047676908;01;7;1;Depot;H020;78;Warm (20° bis 31,99° C);Tag;Klar;Missouri;Sommer;Entgleisung;Brakes, Use of;Human Factors;Depot/Rangieren, EinzelneWagen;5919.973490183083;Nicht Signifikant;False
7503;NE0904112;2004;9;26;49874.0;49874.0;2000.0;47874.0;2;0;0;0;0;0;0;0;8.0;50;2;39;0;0;1;6985.7592884891765;05;7;1;Depot;T102;78;Warm (20° bis 31,99° C);Tag;Klar;Missouri;Herbst;Kollision;Track Geometry;Track, Roadbed and Structures;Depot/Rangieren, Depot/Rangieren;40639.37854795339;Nicht Signifikant;False
7504;NE0908124;2008;9;26;19109.0;19109.0;1200.0;17909.0;3;0;0;0;0;0;0;0;2.958916643910756;5;0;42;0;0;1;1918.796333309884;01;7;1;Depot;H021;81;Warm (20° bis 31,99° C);Tag;Klar;Nebraska;Herbst;Entgleisung;Brakes, Use of;Human Factors;Depot/Rangieren, EinzelneWagen;13052.595628415302;Nicht Signifikant;False
7505;NE1004103;2004;10;8;132548.0;132548.0;10000.0;122548.0;5;0;0;0;0;0;0;0;4.932837394713583;156;7;139;0;0;5;24456.688297065833;04;7;1;Depot;H307;74;Warm (20° bis 31,99° C);Morgendämmerung;Klar;Nebraska;Herbst;Kollision;General Switching Rules;Human Factors;Depot/Rangieren, Güterzug, Güterzug;107631.34388956557;Nicht Signifikant;False
7506;NE1006112;2006;10;21;106430.0;106430.0;1000.0;105430.0;4;0;0;0;0;0;0;0;3.9542723449729715;201;4;0;0;0;0;27639.0;01;1;1;Depot;T207;51;Moderat (0° bis 19,99° C);Abend;Regen;Missouri;Herbst;Entgleisung;Rail, Joint Bar and Rail Anchoring;Track, Roadbed and Structures;Güterzug, Güterzug;84486.13463166807;Nicht Signifikant;False
7507;NE1008112;2008;10;17;68128.0;68128.0;250.0;67878.0;4;1;0;0;0;0;0;0;7.935695149221832;0;0;137;0;0;10;4419.35407570122;01;6;1;Industriestrecke;T113;49;Moderat (0° bis 19,99° C);Tag;Wolkig;Nebraska;Herbst;Entgleisung;Track Geometry;Track, Roadbed and Structures;EinzelneWagen, Güterzug;50826.61891972546;Nicht Signifikant;False
7508;NE1026;1988;12;26;6700.0;6700.0;1200.0;5500.0;3;0;0;0;0;0;0;0;4.949628046035187;97;1;21;0;0;2;12334.825693876523;01;6;1;Depot;H704;27;Kalt (-30° - 0,01° C);Abend;Wolkig;Nebraska;Winter;Entgleisung;Switches, Use of;Human Factors;EinzelneWagen, Güterzug;5683.264059716685;Nicht Signifikant;False
7509;NE1101;1991;10;19;19000.0;19000.0;0.0;19000.0;2;0;0;0;0;0;0;0;24.856742067279495;2;0;125;0;0;0;4160.336383802324;09;5;3;Hauptstrecke;H999;60;Moderat (0° bis 19,99° C);Tag;Klar;Missouri;Herbst;Kollision;Miscellaneous;Human Factors;EinzelneWagen, Güterzug;16116.718975315971;Nicht Signifikant;False
7510;NE1110105;2010;11;7;653469.0;653469.0;49400.0;604069.0;5;1;0;3;0;0;0;0;21.0;3;0;185;0;0;7;6115.0;03;1;4;Hauptstrecke;H403;23;Kalt (-30° - 0,01° C);Tag;Klar;Missouri;Herbst;Kollision;Main Track Authority;Human Factors;Güterzug, Güterzug;467676.6544205353;Signifikant;False
7511;NE1111107;2011;11;20;532219.0;532219.0;341000.0;191219.0;8;0;0;0;0;0;0;0;20.875319263030633;150;4;9;0;0;5;21182.0;01;1;4;Hauptstrecke;T207;13;Kalt (-30° - 0,01° C);Tag;Klar;Nebraska;Herbst;Entgleisung;Rail, Joint Bar and Rail Anchoring;Track, Roadbed and Structures;Güterzug, Güterzug;394314.18551812705;Signifikant;False
7512;NE1112109;2012;11;15;21000.0;21000.0;0.0;21000.0;2;0;0;0;0;0;0;0;1.5;68;0;51;0;0;1;9359.531770552065;04;7;1;Depot;H020;32;Moderat (0° bis 19,99° C);Abend;Klar;Nebraska;Herbst;Kollision;Brakes, Use of;Human Factors;Depot/Rangieren, EinzelneWagen;16462.84101599247;Nicht Signifikant;False
7513;NE1155;1991;10;22;50900.0;50900.0;200.0;50700.0;4;0;0;0;0;0;0;0;4.949628046035187;48;0;136;0;0;4;9881.486516965597;04;7;1;Depot;H306;60;Moderat (0° bis 19,99° C);Abend;Klar;Nebraska;Herbst;Kollision;General Switching Rules;Human Factors;Depot/Rangieren, Güterzug;43175.841886504364;Nicht Signifikant;False
7514;NE1193;1991;11;14;12500.0;12500.0;0.0;12500.0;0;0;0;0;0;0;0;0;9.926406551346263;2;0;0;0;0;0;297.294796241188;09;5;3;Hauptstrecke;H402;35;Moderat (0° bis 19,99° C);Tag;Nebel;Iowa;Herbst;Kollision;Main Track Authority;Human Factors;EinzelneWagen, EinzelneWagen;10603.104589023666;Nicht Signifikant;False
7515;NE1208108;2008;12;13;11849.0;11849.0;0.0;11849.0;1;0;0;0;0;0;0;0;3.9542723449729715;1;0;1;0;0;1;215.46381654232488;01;7;1;Depot;H316;43;Moderat (0° bis 19,99° C);Abend;Klar;Nebraska;Herbst;Entgleisung;General Switching Rules;Human Factors;Depot/Rangieren, EinzelneWagen;8844.737496889773;Nicht Signifikant;False
7516;NE1297102;1997;12;4;23700.0;23700.0;16000.0;7700.0;3;0;0;0;0;0;0;0;6.5;1;0;30;0;0;4;1213.8899735913355;04;1;1;Depot;H605;24;Kalt (-30° - 0,01° C);Abenddämmerung;Wolkig;Nebraska;Herbst;Kollision;Speed;Human Factors;Güterzug, Lokomotive;20103.48630078887;Nicht Signifikant;False
7517;NE1297114;1997;12;30;15500.0;15500.0;500.0;15000.0;3;0;0;0;0;0;0;0;2.958916643910756;44;0;83;0;0;4;7777.514179176502;04;6;1;Depot;H021;38;Moderat (0° bis 19,99° C);Tag;Wolkig;Nebraska;Winter;Kollision;Brakes, Use of;Human Factors;EinzelneWagen, Güterzug;13147.849690389345;Nicht Signifikant;False
7518;NE137;1985;3;15;19100.0;19100.0;0.0;19100.0;2;0;0;0;0;0;0;0;4.949628046035187;31;0;6;0;0;0;4201.404822649853;04;6;2;Hauptstrecke;H302;43;Moderat (0° bis 19,99° C);Abend;Klar;Nebraska;Winter;Kollision;General Switching Rules;Human Factors;EinzelneWagen, Güterzug;16201.543812028161;Nicht Signifikant;False
7519;NE266;1988;4;27;8000.0;8000.0;0.0;8000.0;1;0;0;1;0;0;0;0;6.0;22;0;0;0;0;0;2148.647398120594;09;5;3;Hauptstrecke;H402;60;Moderat (0° bis 19,99° C);Tag;Klar;Nebraska;Frühling;Kollision;Main Track Authority;Human Factors;EinzelneWagen, Güterzug;6785.986936975146;Signifikant;False
7520;NE301;1985;5;19;15000.0;15000.0;0.0;15000.0;1;0;0;0;0;0;0;0;2.958916643910756;0;0;1;0;0;1;101.7063920130664;09;7;1;Depot;H017;70;Warm (20° bis 31,99° C);Tag;Wolkig;Nebraska;Frühling;Kollision;Brakes, Use of;Human Factors;Depot/Rangieren, EinzelneWagen;12723.7255068284;Nicht Signifikant;False
7521;NE400;1987;7;3;33000.0;33000.0;0.0;33000.0;0;0;0;1;0;0;0;0;2.958916643910756;0;0;2;0;0;0;130.67276760464793;09;5;4;Hauptstrecke;E09C;80;Warm (20° bis 31,99° C);Tag;Klar;Nebraska;Sommer;Kollision;Brakes;Mechanical and Electrical Failures;EinzelneWagen, EinzelneWagen;27992.196115022478;Signifikant;False