index;INCDTNO;YEAR4;MONTH;DAY;ACCDMG;INFRASTRUCTURE_DMG;TRKDMG;EQPDMG;LOCOMOTIVES1;LOCOMOTIVES2;RREMPKLD;RREMPINJ;PASSKLD;PASSINJ;OTHERKLD;OTHERINJ;SPEED;LOADF1;LOADF2;EMPTYF1;EMPTYP1;LOADP1;EMPTYF2;TONS;TYPE;TYPEQ;TRKCLAS;TYPTRK;ACCAUSE;TEMP;TEMP_CLUSTER;VISIBLTY;WEATHER;STATE;Jahreszeit;ACCIDENT_TYPE;ACCCAUSE_LVL1;ACCCAUSE_LVL2;EQUIPMENT_TYPE;ACCDMG_EUR;ACCTYPE;SPD_TOO_HIGH
7522;NE59;1988;1;29;22000.0;22000.0;0.0;22000.0;2;0;0;0;0;0;0;0;14.903185056657339;20;0;0;0;0;0;1637.647398120594;09;5;3;Hauptstrecke;H702;46;Moderat (0° bis 19,99° C);Tag;Wolkig;Iowa;Winter;Kollision;Switches, Use of;Human Factors;EinzelneWagen, Güterzug;18661.464076681652;Nicht Signifikant;False
7523;NE597;1986;9;20;70500.0;70500.0;500.0;70000.0;3;2;0;0;0;0;0;0;17.5;42;3;3;0;0;1;4774.0436688184245;02;7;3;Hauptstrecke;H603;83;Warm (20° bis 31,99° C);Tag;Klar;Nebraska;Sommer;Kollision;Speed;Human Factors;Depot/Rangieren, Güterzug;59801.50988209347;Nicht Signifikant;False
7524;NM0198102;1998;1;5;51900.0;51900.0;0.0;51900.0;3;0;0;0;0;0;0;0;5.944983747097401;115;0;74;0;0;2;15407.878192899352;09;7;1;Depot;H602;32;Moderat (0° bis 19,99° C);Abend;Nebel;Texas;Winter;Kollision;Speed;Human Factors;Depot/Rangieren, Depot/Rangieren;44024.09025362626;Nicht Signifikant;False
7525;NM0397106;1997;3;30;34238.0;34238.0;0.0;34238.0;3;0;0;0;0;0;0;0;2.958916643910756;2;0;2;0;0;0;358.1876166631649;04;5;1;Depot;H302;49;Moderat (0° bis 19,99° C);Abend;Klar;Texas;Frühling;Kollision;General Switching Rules;Human Factors;EinzelneWagen, Güterzug;29042.32759351938;Nicht Signifikant;False
7526;NM0500101;2000;5;3;11000.0;11000.0;1500.0;9500.0;2;0;0;0;0;0;0;0;6.5;39;1;1;0;0;1;4557.85498965196;01;7;1;Depot;M105;50;Moderat (0° bis 19,99° C);Abend;Klar;New Mexico;Frühling;Entgleisung;Environmental Conditions;Environmental Conditions;Depot/Rangieren, Depot/Rangieren;12341.523617188377;Nicht Signifikant;False
7527;NM0601103;2001;6;18;32473.0;32473.0;0.0;32473.0;4;0;0;0;0;0;0;0;0.9682052417863254;1;0;0;0;0;0;183.53737171192955;09;5;1;Depot;H207;75;Warm (20° bis 31,99° C);Tag;Klar;New Mexico;Frühling;Kollision;Flagging, Fixed, Hand and Radio Signals;Human Factors;EinzelneWagen, Lokomotive;37842.90875189372;Nicht Signifikant;False
7528;NM0801104;2001;8;27;7033.0;7033.0;300.0;6733.0;1;0;0;0;0;0;0;0;4.949628046035187;4;0;4;0;0;1;648.0753207630655;04;7;1;Depot;H020;90;Heiß (>= 32° C);Tag;Klar;New Mexico;Sommer;Kollision;Brakes, Use of;Human Factors;Depot/Rangieren, EinzelneWagen;7737.073707370737;Nicht Signifikant;False
7529;NM0896105;1996;8;26;8000.0;8000.0;1500.0;6500.0;3;0;0;0;0;0;0;0;7.935695149221832;25;0;31;0;0;2;4171.404822649853;01;6;X;Depot;M503;65;Moderat (0° bis 19,99° C);Abend;Regen;Texas;Sommer;Entgleisung;Other Miscellaneous;Miscellaneous Causes;EinzelneWagen, Güterzug;6785.986936975146;Nicht Signifikant;False
7530;NM1200103;2000;12;14;11747.0;11747.0;1500.0;10247.0;3;0;0;0;0;0;0;0;7.0;30;3;24;0;0;0;4272.0436511175885;01;7;1;Depot;H399;62;Moderat (0° bis 19,99° C);Tag;Klar;New Mexico;Herbst;Entgleisung;General Switching Rules;Human Factors;Depot/Rangieren, EinzelneWagen;13289.964928159294;Nicht Signifikant;False
7531;NM1200105;2000;12;25;8700.0;8700.0;0.0;8700.0;5;0;0;0;0;0;0;0;6.940339448159618;96;2;32;0;0;0;9975.0;05;1;1;Depot;M599;20;Kalt (-30° - 0,01° C);Abend;Nebel;New Mexico;Winter;Kollision;Other Miscellaneous;Miscellaneous Causes;Güterzug, Güterzug;9372.979961215255;Nicht Signifikant;False
7532;NOA102000;2000;6;27;45000.0;45000.0;0.0;45000.0;9;0;0;0;0;0;0;0;3.9542723449729715;88;0;0;0;0;0;11474.889973591336;04;1;4;Hauptstrecke;H702;80;Warm (20° bis 31,99° C);Tag;Klar;Utah;Sommer;Kollision;Switches, Use of;Human Factors;Güterzug, Lokomotive;47867.248165088815;Nicht Signifikant;False
7533;NOV0185;1985;11;21;6250.0;6250.0;500.0;5750.0;2;0;0;0;0;0;0;0;2.0;0;0;61;0;0;2;1929.9710392917784;04;7;2;Depot;H999;65;Moderat (0° bis 19,99° C);Abend;Klar;Texas;Herbst;Kollision;Miscellaneous;Human Factors;Depot/Rangieren, Depot/Rangieren;5301.552294511833;Nicht Signifikant;False
7534;NOV0190;1990;11;1;42424.0;42424.0;500.0;41924.0;4;0;0;0;0;0;0;0;2.5;52;1;64;0;0;3;7957.785421063405;04;7;1;Depot;H306;59;Moderat (0° bis 19,99° C);Abend;Wolkig;Texas;Herbst;Kollision;General Switching Rules;Human Factors;Depot/Rangieren, Depot/Rangieren;35986.0887267792;Nicht Signifikant;False
7535;NOV0490;1990;11;21;15080.0;15080.0;0.0;15080.0;1;0;0;0;0;0;0;0;4.0;0;0;8;0;0;1;314.83126348998536;04;7;1;Industriestrecke;H018;60;Moderat (0° bis 19,99° C);Abend;Klar;Texas;Herbst;Kollision;Brakes, Use of;Human Factors;Depot/Rangieren, EinzelneWagen;12791.58537619815;Nicht Signifikant;False
7536;NOV2399;1999;11;20;140669.0;140669.0;0.0;140669.0;5;0;0;0;0;0;0;0;3.5;69;0;15;0;0;0;8074.0;04;7;1;Depot;H399;35;Moderat (0° bis 19,99° C);Abend;Klar;Illinois;Herbst;Kollision;General Switching Rules;Human Factors;Depot/Rangieren, Güterzug;136708.99608020994;Nicht Signifikant;False
7537;NOV9601;1996;11;16;48550.0;48550.0;12200.0;36350.0;2;0;0;0;0;0;0;0;3.9542723449729715;94;4;40;0;0;3;12063.710529221979;01;7;1;Depot;H703;65;Moderat (0° bis 19,99° C);Tag;Klar;Texas;Herbst;Entgleisung;Switches, Use of;Human Factors;Depot/Rangieren, EinzelneWagen;41182.45822376792;Nicht Signifikant;False
7538;NW0107115;2007;1;5;9885.0;9885.0;900.0;8985.0;1;0;0;0;0;0;0;0;3.9542723449729715;6;2;3;0;0;0;882.8818069868144;01;7;1;Depot;H312;30;Kalt (-30° - 0,01° C);Abend;Regen;Washington;Winter;Entgleisung;General Switching Rules;Human Factors;Depot/Rangieren, EinzelneWagen;7555.029043106084;Nicht Signifikant;False
7539;NW0107122;2007;1;30;39755.0;39755.0;500.0;39255.0;3;0;0;0;0;0;0;0;23.86138636621728;5;0;63;0;0;1;2781.51433097593;01;6;4;Hauptstrecke;E33C;36;Moderat (0° bis 19,99° C);Tag;Wolkig;Washington;Winter;Entgleisung;Coupler and Draft System;Mechanical and Electrical Failures;EinzelneWagen, Güterzug;30646.777674992292;Nicht Signifikant;False
7540;NW0111101;2011;1;4;84407.0;84407.0;15000.0;69407.0;1;0;0;0;0;0;0;0;3.9542723449729715;33;3;14;0;0;2;4311.811891834293;04;7;1;Depot;H306;40;Moderat (0° bis 19,99° C);Abenddämmerung;Wolkig;Washington;Winter;Kollision;General Switching Rules;Human Factors;Depot/Rangieren, EinzelneWagen;62891.73683034051;Nicht Signifikant;False
7541;NW0113102;2013;1;4;12598.0;12598.0;0.0;12598.0;1;0;0;0;0;0;0;0;5.0;7;0;0;0;0;0;866.0819188874805;04;7;1;Depot;H018;34;Moderat (0° bis 19,99° C);Abend;Wolkig;Washington;Winter;Kollision;Brakes, Use of;Human Factors;Depot/Rangieren, EinzelneWagen;9681.832154933907;Nicht Signifikant;False
7542;NW0208103;2008;2;4;80968.0;80968.0;1000.0;79968.0;4;0;0;0;0;0;0;0;8.5;44;0;33;0;0;3;6084.2782672908825;04;7;1;Depot;H607;41;Moderat (0° bis 19,99° C);Tag;Klar;Washington;Winter;Kollision;Speed;Human Factors;Depot/Rangieren, Lokomotive;54601.11942814755;Nicht Signifikant;False
7543;NW0208113;2008;2;14;23468.0;23468.0;2200.0;21268.0;2;0;0;0;0;0;0;0;4.0;6;1;4;0;0;0;1018.2564391184076;01;5;1;Nebenstrecke;H018;10;Kalt (-30° - 0,01° C);Abend;Klar;Oregon;Winter;Entgleisung;Brakes, Use of;Human Factors;EinzelneWagen, Güterzug;16045.398605223576;Nicht Signifikant;False
7544;NW0211117;2011;2;26;799540.0;799540.0;253000.0;546540.0;4;0;0;1;0;0;0;0;36.80101048002608;94;5;98;0;0;7;11609.0;01;1;4;Hauptstrecke;E61C;32;Moderat (0° bis 19,99° C);Abend;Regen;Washington;Winter;Entgleisung;Wheels;Mechanical and Electrical Failures;Güterzug, Güterzug;579965.1820687655;Signifikant;False
7545;NW0213114;2013;2;21;24533.0;24533.0;24333.0;200.0;8;0;0;1;0;0;0;0;2.958916643910756;102;0;71;0;0;0;15678.0;09;1;1;Depot;M402;42;Moderat (0° bis 19,99° C);Abend;Wolkig;Washington;Winter;Kollision;Unusual Operational Situations;Miscellaneous Causes;Güterzug, Güterzug;18605.33899590475;Signifikant;False
7546;NW0216107;2016;2;11;142000.0;142000.0;2000.0;140000.0;7;1;0;0;0;0;0;0;8.0;0;0;0;0;0;0;69.7799471826711;05;8;1;Depot;H306;39;Moderat (0° bis 19,99° C);Abend;Regen;Washington;Winter;Kollision;General Switching Rules;Human Factors;Lokomotive, Lokomotive;125143.20965894069;Nicht Signifikant;False
7547;NW0303109;2003;3;10;223679.0;223679.0;25500.0;198179.0;6;2;0;0;0;0;0;0;14.0;106;2;0;0;0;0;5515.0;04;1;3;Hauptstrecke;H215;48;Moderat (0° bis 19,99° C);Tag;Wolkig;Washington;Winter;Kollision;Flagging, Fixed, Hand and Radio Signals;Human Factors;Güterzug, Güterzug;202571.0921934432;Signifikant;False
7548;NW0304121;2004;3;23;17000.0;17000.0;8000.0;9000.0;3;3;0;0;0;0;0;0;6.940339448159618;0;0;0;0;0;0;69.7799471826711;01;8;1;Depot;H307;60;Moderat (0° bis 19,99° C);Tag;Klar;Washington;Frühling;Entgleisung;General Switching Rules;Human Factors;Lokomotive, Lokomotive;13848.159009449331;Nicht Signifikant;False
7549;NW0306123;2006;3;13;122953.0;122953.0;15100.0;107853.0;2;0;0;0;0;0;0;0;6.940339448159618;48;3;4;0;0;0;5710.749088424473;01;7;1;Depot;M202;32;Moderat (0° bis 19,99° C);Abend;Klar;Washington;Winter;Entgleisung;Loading Procedures;Loading;Depot/Rangieren, EinzelneWagen;103131.18604261031;Nicht Signifikant;False
7550;NW0308100;2008;3;4;157870.0;157870.0;80000.0;77870.0;3;0;0;0;0;0;0;0;4.5;146;1;66;0;0;12;18725.196458810344;01;7;1;Depot;S102;45;Moderat (0° bis 19,99° C);Abend;Klar;Washington;Winter;Entgleisung;other software/programming deficiencies, etc.);Signal and Communication;Depot/Rangieren, Depot/Rangieren;103820.86018676839;Nicht Signifikant;False
7551;NW0309110;2009;3;24;55000.0;55000.0;20000.0;35000.0;5;0;0;0;0;0;0;0;9.926406551346263;67;0;64;0;0;10;13619.573246510206;01;7;1;Depot;H503;55;Moderat (0° bis 19,99° C);Tag;Wolkig;Washington;Frühling;Entgleisung;Train Handling/Train Makeup;Human Factors;Depot/Rangieren, Güterzug;40719.62686014659;Nicht Signifikant;False
7552;NW0310112;2010;3;12;40318.0;40318.0;500.0;39818.0;2;0;0;0;0;0;0;0;3.5;39;1;40;0;0;0;5743.784953261102;01;7;1;Depot;S007;40;Moderat (0° bis 19,99° C);Abend;Wolkig;Washington;Winter;Entgleisung;SIGNAL AND COMMUNICATION;Signal and Communication;Depot/Rangieren, EinzelneWagen;29290.228841264074;Nicht Signifikant;False
7553;NW0312116;2012;3;19;163796.0;163796.0;137000.0;26796.0;2;0;0;0;0;0;0;0;6.0;48;2;20;0;0;3;7139.816418421731;04;5;1;Depot;H018;40;Moderat (0° bis 19,99° C);Abend;Wolkig;Washington;Winter;Kollision;Brakes, Use of;Human Factors;EinzelneWagen, Güterzug;124559.6958174905;Nicht Signifikant;False
7554;NW0318117;2018;3;24;43148.0;43148.0;27224.0;15924.0;1;0;0;0;0;0;0;0;6.940339448159618;36;0;44;0;0;2;5946.0;01;6;1;Depot;H702;41;Moderat (0° bis 19,99° C);Tag;Regen;Washington;Frühling;Entgleisung;Switches, Use of;Human Factors;EinzelneWagen, Güterzug;34887.74492628628;Nicht Signifikant;False
7555;NW0319131;2019;3;30;45579.0;45579.0;1000.0;44579.0;3;0;0;0;0;0;0;0;6.940339448159618;30;0;9;0;0;1;1230.0;01;6;1;Depot;H306;39;Moderat (0° bis 19,99° C);Morgendämmerung;Klar;Washington;Frühling;Entgleisung;General Switching Rules;Human Factors;EinzelneWagen, Güterzug;40567.55473802884;Nicht Signifikant;False
7556;NW0406103;2006;4;5;161140.0;161140.0;36610.0;124530.0;1;0;0;0;0;0;0;0;7.935695149221832;35;1;94;0;0;7;6943.22164887329;01;7;1;Depot;H312;45;Moderat (0° bis 19,99° C);Abend;Klar;Washington;Frühling;Entgleisung;General Switching Rules;Human Factors;Depot/Rangieren, EinzelneWagen;131414.12493883542;Nicht Signifikant;False
7557;NW0407116;2007;4;30;12820.0;12820.0;500.0;12320.0;1;0;0;0;0;0;0;0;5.944983747097401;17;0;23;0;0;1;2705.403633652206;01;7;1;Depot;H302;57;Moderat (0° bis 19,99° C);Abend;Klar;Washington;Frühling;Entgleisung;General Switching Rules;Human Factors;Depot/Rangieren, EinzelneWagen;9423.00624770305;Nicht Signifikant;False
7558;NW0410106;2010;4;8;27000.0;27000.0;500.0;26500.0;4;0;0;0;0;0;0;0;6.940339448159618;31;0;3;0;0;1;3689.079372842056;04;7;1;Industriestrecke;H307;48;Moderat (0° bis 19,99° C);Tag;Klar;Washington;Frühling;Kollision;General Switching Rules;Human Factors;Depot/Rangieren, EinzelneWagen;20306.859205776174;Nicht Signifikant;False
7559;NW0410113;2010;4;17;26311.0;26311.0;5000.0;21311.0;5;0;0;0;0;0;0;0;3.9542723449729715;70;4;35;0;0;0;6911.603425327032;01;6;1;Depot;T221;41;Moderat (0° bis 19,99° C);Abend;Wolkig;Washington;Frühling;Entgleisung;Rail, Joint Bar and Rail Anchoring;Track, Roadbed and Structures;EinzelneWagen, Güterzug;19488.66722630981;Nicht Signifikant;False
7560;NW0411106;2011;4;11;15135.0;15135.0;0.0;15135.0;1;0;0;0;0;0;0;0;4.0;3;0;0;0;0;0;411.05222077044647;05;7;1;Depot;H318;44;Moderat (0° bis 19,99° C);Abenddämmerung;Klar;Washington;Frühling;Kollision;General Switching Rules;Human Factors;Depot/Rangieren, EinzelneWagen;10485.658861022586;Nicht Signifikant;False
7561;NW0411113;2011;4;19;46750.0;46750.0;0.0;46750.0;5;0;0;0;0;0;0;0;6.5;64;1;8;0;0;0;8190.706901408386;05;7;1;Depot;H307;45;Moderat (0° bis 19,99° C);Abend;Wolkig;Washington;Frühling;Kollision;General Switching Rules;Human Factors;Depot/Rangieren, Güterzug;32687.735980981684;Nicht Signifikant;False
7562;NW0413110;2013;4;16;28804.0;28804.0;0.0;28804.0;2;0;0;0;0;0;0;0;2.958916643910756;12;0;12;0;0;0;2737.7067943546617;04;6;1;Industriestrecke;H503;48;Moderat (0° bis 19,99° C);Tag;Klar;Washington;Frühling;Kollision;Train Handling/Train Makeup;Human Factors;EinzelneWagen, Güterzug;21939.218523878437;Nicht Signifikant;False
7563;NW0502113;2002;5;20;26167.0;26167.0;0.0;26167.0;2;2;0;3;0;0;0;0;25.852097768341707;7;0;6;0;0;1;1050.2404147728178;01;7;1;Industriestrecke;H702;50;Moderat (0° bis 19,99° C);Abenddämmerung;Wolkig;Oregon;Frühling;Entgleisung;Switches, Use of;Human Factors;Depot/Rangieren, EinzelneWagen;28436.209519669635;Signifikant;True
7564;NW0503100;2003;5;2;53264.0;53264.0;4500.0;48764.0;8;0;0;1;0;0;0;0;11.917117953470694;81;0;63;0;0;8;10996.0;03;1;4;Hauptstrecke;H221;43;Moderat (0° bis 19,99° C);Abend;Klar;Washington;Frühling;Kollision;Flagging, Fixed, Hand and Radio Signals;Human Factors;Güterzug, Güterzug;47392.11673636445;Signifikant;False
7565;NW0503116;2003;5;11;90165.0;90165.0;1000.0;89165.0;1;0;0;0;0;0;0;0;6.940339448159618;5;0;24;0;0;2;1372.2409841314993;01;7;1;Depot;M501;69;Warm (20° bis 31,99° C);Tag;Klar;Washington;Frühling;Entgleisung;Other Miscellaneous;Miscellaneous Causes;Depot/Rangieren, EinzelneWagen;78042.41200230813;Nicht Signifikant;False
7566;NW0504127;2004;5;27;17100.0;17100.0;0.0;17100.0;3;0;0;0;0;0;0;0;12.5;6;0;60;0;0;0;4052.4345207668866;04;7;1;Nebenstrecke;H607;57;Moderat (0° bis 19,99° C);Abend;Nebel;Washington;Frühling;Kollision;Speed;Human Factors;Depot/Rangieren, Güterzug;14056.720098643651;Nicht Signifikant;True
7567;NW0505129;2005;5;20;11900.0;11900.0;0.0;11900.0;3;0;0;0;0;0;0;0;1.9635609428485408;135;0;12;0;0;0;17068.167387732414;05;7;1;Depot;H306;45;Moderat (0° bis 19,99° C);Abend;Klar;Washington;Frühling;Kollision;General Switching Rules;Human Factors;Depot/Rangieren, Güterzug;9439.200444197668;Nicht Signifikant;False
7568;NW0511110;2011;5;13;11990.0;11990.0;1700.0;10290.0;3;0;0;0;0;0;0;0;3.9542723449729715;56;3;47;0;0;0;8810.889973591336;01;1;1;Depot;H702;40;Moderat (0° bis 19,99° C);Tag;Wolkig;Washington;Frühling;Entgleisung;Switches, Use of;Human Factors;Güterzug, Lokomotive;8396.358543417367;Nicht Signifikant;False
7569;NW0511119;2011;5;15;252348.0;252348.0;116000.0;136348.0;2;0;0;0;0;0;0;0;9.926406551346263;53;5;24;0;0;0;6927.68249728616;05;7;1;Depot;T319;63;Moderat (0° bis 19,99° C);Tag;Klar;Washington;Frühling;Kollision;Frogs, Switches and Track Appliances;Track, Roadbed and Structures;Depot/Rangieren, EinzelneWagen;177851.80660621155;Signifikant;False
7570;NW0515116;2015;5;27;34001.0;34001.0;10000.0;24001.0;2;0;0;0;0;0;0;0;7.5;3;0;16;0;0;0;898.1947841462613;05;7;1;Industriestrecke;H022;75;Warm (20° bis 31,99° C);Tag;Klar;Washington;Frühling;Kollision;Brakes, Use of;Human Factors;Depot/Rangieren, EinzelneWagen;31299.82509435699;Nicht Signifikant;False
7571;NW0516104;2016;5;9;15247.0;15247.0;0.0;15247.0;2;0;0;0;0;0;0;0;5.944983747097401;11;0;0;0;0;0;1743.647398120594;05;5;1;Depot;H307;68;Warm (20° bis 31,99° C);Abend;Klar;Washington;Frühling;Kollision;General Switching Rules;Human Factors;EinzelneWagen, Güterzug;13380.430013163668;Nicht Signifikant;False
7572;NW0518119;2018;5;29;20000.0;20000.0;0.0;20000.0;0;0;0;0;0;0;0;0;7.935695149221832;0;0;2;0;0;0;35.0;03;A;4;Hauptstrecke;H402;60;Moderat (0° bis 19,99° C);Morgendämmerung;Klar;Washington;Frühling;Kollision;Main Track Authority;Human Factors;Wartungszug, Wartungszug;17304.031839418585;Nicht Signifikant;False
7573;NW0603108;2003;6;7;92079.0;92079.0;14400.0;77679.0;2;0;0;0;0;0;0;0;4.949628046035187;32;3;24;0;0;0;4501.740696350114;01;6;1;Depot;T207;70;Warm (20° bis 31,99° C);Abend;Klar;Washington;Frühling;Entgleisung;Rail, Joint Bar and Rail Anchoring;Track, Roadbed and Structures;EinzelneWagen, Güterzug;78139.00203665988;Nicht Signifikant;False
7574;NW0605108;2005;6;13;7131.0;7131.0;500.0;6631.0;1;0;0;0;0;0;0;0;5.0;15;0;8;0;0;1;2021.1926314288626;01;7;1;Depot;H021;54;Moderat (0° bis 19,99° C);Abend;Klar;Washington;Frühling;Entgleisung;Brakes, Use of;Human Factors;Depot/Rangieren, EinzelneWagen;5911.954899684962;Nicht Signifikant;False
7575;NW0605110;2005;6;14;19067.0;19067.0;3500.0;15567.0;3;0;0;0;0;0;0;0;2.5;64;1;13;0;0;0;7765.667490795877;05;7;1;Depot;H021;55;Moderat (0° bis 19,99° C);Abenddämmerung;Wolkig;Washington;Frühling;Kollision;Brakes, Use of;Human Factors;Depot/Rangieren, Depot/Rangieren;15744.838976052848;Nicht Signifikant;False
7576;NW0606113;2006;6;17;210000.0;210000.0;205000.0;5000.0;4;1;0;0;0;0;0;0;10.0;57;5;0;0;0;0;5130.889973591336;01;1;2;Hauptstrecke;T110;65;Moderat (0° bis 19,99° C);Tag;Klar;Washington;Frühling;Entgleisung;Track Geometry;Track, Roadbed and Structures;Güterzug, Lokomotive;166257.62014092313;Signifikant;False
7577;NW0611117;2011;6;22;19184.0;19184.0;500.0;18684.0;4;0;0;0;0;0;0;0;3.0;4;1;0;0;0;0;544.4186862975185;05;7;1;Depot;H607;78;Warm (20° bis 31,99° C);Tag;Klar;Washington;Sommer;Kollision;Speed;Human Factors;Depot/Rangieren, Depot/Rangieren;13324.998263527124;Nicht Signifikant;False
7578;NW0614102;2014;6;6;21059.0;21059.0;0.0;21059.0;3;0;0;0;0;0;0;0;4.949628046035187;65;0;5;0;0;0;7616.244592639414;05;7;1;Depot;H307;55;Moderat (0° bis 19,99° C);Abend;Klar;Washington;Frühling;Kollision;General Switching Rules;Human Factors;Depot/Rangieren, Depot/Rangieren;15436.886087084004;Nicht Signifikant;False
7579;NW0614109;2014;6;13;171424.0;171424.0;20500.0;150924.0;2;1;0;0;0;0;0;0;7.5;26;1;1;0;0;0;3077.5284361521935;04;7;1;Depot;H607;60;Moderat (0° bis 19,99° C);Tag;Wolkig;Washington;Frühling;Kollision;Speed;Human Factors;Depot/Rangieren, Depot/Rangieren;126661.74080094577;Nicht Signifikant;False
7580;NW0614123;2014;6;27;56789.0;56789.0;0.0;56789.0;2;0;0;0;0;0;0;0;7.5;45;1;6;0;0;0;5391.1515532630465;05;7;1;Depot;H318;64;Moderat (0° bis 19,99° C);Morgendämmerung;Klar;Washington;Sommer;Kollision;General Switching Rules;Human Factors;Depot/Rangieren, Depot/Rangieren;41695.30102790015;Nicht Signifikant;False
7581;NW0619103;2019;6;4;45128.0;45128.0;1000.0;44128.0;3;0;0;0;0;0;0;0;4.949628046035187;66;2;37;0;0;1;10584.0;04;7;1;Depot;H306;70;Warm (20° bis 31,99° C);Abenddämmerung;Klar;Washington;Frühling;Kollision;General Switching Rules;Human Factors;Depot/Rangieren, Depot/Rangieren;40135.183208822484;Nicht Signifikant;False
7582;NW0703115;2003;7;14;26349.0;26349.0;0.0;26349.0;2;0;0;0;0;0;0;0;3.9542723449729715;41;0;59;0;0;2;6533.1326245694;01;7;1;Depot;H306;60;Moderat (0° bis 19,99° C);Abend;Klar;Washington;Sommer;Entgleisung;General Switching Rules;Human Factors;Depot/Rangieren, Depot/Rangieren;23319.762810868222;Nicht Signifikant;False
7583;NW0703117;2003;7;19;10329.0;10329.0;4690.0;5639.0;2;0;0;0;0;0;0;0;3.9542723449729715;27;4;74;0;0;0;5876.034519151239;01;6;1;Depot;T314;73;Warm (20° bis 31,99° C);Tag;Klar;Washington;Sommer;Entgleisung;Frogs, Switches and Track Appliances;Track, Roadbed and Structures;EinzelneWagen, Güterzug;9196.592865198552;Nicht Signifikant;False
7584;NW0703120;2003;7;23;47448.0;47448.0;0.0;47448.0;4;0;0;0;0;0;0;0;4.0;8;0;60;0;0;1;3217.8164184217308;01;5;1;Depot;M502;63;Moderat (0° bis 19,99° C);Abend;Klar;Washington;Sommer;Entgleisung;Other Miscellaneous;Miscellaneous Causes;EinzelneWagen, Güterzug;41617.40198228226;Nicht Signifikant;False
7585;NW0705109;2005;7;8;8864.0;8864.0;2500.0;6364.0;1;0;0;0;0;0;0;0;4.949628046035187;15;3;0;0;0;0;1834.9684381149889;01;7;1;Depot;H307;55;Moderat (0° bis 19,99° C);Tag;Wolkig;Washington;Sommer;Entgleisung;General Switching Rules;Human Factors;Depot/Rangieren, EinzelneWagen;7446.236559139786;Nicht Signifikant;False
7586;NW0708116;2008;7;26;163980.0;163980.0;250.0;163730.0;4;0;0;0;0;0;0;0;3.9664186973567914;96;4;100;0;0;2;14570.319976784354;01;7;1;Depot;H307;64;Moderat (0° bis 19,99° C);Morgendämmerung;Klar;Washington;Sommer;Entgleisung;General Switching Rules;Human Factors;Depot/Rangieren, Depot/Rangieren, Güterzug;104193.67136866183;Nicht Signifikant;False
7587;NW0713116;2013;7;12;33916.0;33916.0;5000.0;28916.0;6;2;0;0;0;0;0;0;8.5;103;1;2;0;0;0;8755.050077066619;04;7;1;Depot;H306;71;Warm (20° bis 31,99° C);Abenddämmerung;Wolkig;Washington;Sommer;Kollision;General Switching Rules;Human Factors;Depot/Rangieren, Güterzug;26021.175387448213;Nicht Signifikant;False
7588;NW0713121;2013;7;20;20472.0;20472.0;300.0;20172.0;4;0;0;0;0;0;0;0;6.940339448159618;9;0;52;0;0;0;3687.7067943546617;04;7;1;Depot;E32C;75;Warm (20° bis 31,99° C);Abend;Klar;Oregon;Sommer;Kollision;Coupler and Draft System;Mechanical and Electrical Failures;Depot/Rangieren, Güterzug;15583.071145843904;Nicht Signifikant;False
7589;NW0714105;2014;7;6;11988.0;11988.0;1000.0;10988.0;3;0;0;0;0;0;0;0;9.926406551346263;0;0;60;0;0;10;1911.364906036045;01;7;1;Depot;H524;65;Moderat (0° bis 19,99° C);Abend;Wolkig;Washington;Sommer;Entgleisung;Train Handling/Train Makeup;Human Factors;Depot/Rangieren, EinzelneWagen;8820.75934464829;Nicht Signifikant;False
7590;NW0803101;2003;8;3;24800.0;24800.0;5000.0;19800.0;8;5;0;0;0;0;0;0;5.944983747097401;77;0;123;0;0;0;14221.0;01;1;1;Depot;H704;66;Moderat (0° bis 19,99° C);Abend;Regen;Montana;Sommer;Entgleisung;Switches, Use of;Human Factors;Güterzug, Güterzug;22022.91093153361;Nicht Signifikant;False
7591;NW0805115;2005;8;18;25775.0;25775.0;0.0;25775.0;2;0;0;0;0;0;0;0;7.935695149221832;4;0;17;0;0;2;1045.3586881253218;01;7;1;Depot;H703;80;Warm (20° bis 31,99° C);Abend;Klar;Oregon;Sommer;Entgleisung;Switches, Use of;Human Factors;Depot/Rangieren, EinzelneWagen;21104.560713993284;Nicht Signifikant;False
7592;NW0806110;2006;8;9;221252.0;221252.0;94638.0;126614.0;9;0;0;0;0;0;0;0;25.852097768341707;72;3;50;0;0;1;7712.0;01;1;3;Nebenstrecke;T207;90;Heiß (>= 32° C);Tag;Klar;Washington;Sommer;Entgleisung;Rail, Joint Bar and Rail Anchoring;Track, Roadbed and Structures;Güterzug, Güterzug;171792.84105908845;Signifikant;False
7593;NW0806122;2006;8;25;10157.0;10157.0;7157.0;3000.0;2;0;0;0;0;0;0;0;4.949628046035187;23;1;20;0;0;0;3314.737956573198;01;7;1;Depot;H306;50;Moderat (0° bis 19,99° C);Abend;Klar;Oregon;Sommer;Entgleisung;General Switching Rules;Human Factors;Depot/Rangieren, EinzelneWagen;7958.783889672465;Nicht Signifikant;False