index;INCDTNO;YEAR4;MONTH;DAY;ACCDMG;INFRASTRUCTURE_DMG;TRKDMG;EQPDMG;LOCOMOTIVES1;LOCOMOTIVES2;RREMPKLD;RREMPINJ;PASSKLD;PASSINJ;OTHERKLD;OTHERINJ;SPEED;LOADF1;LOADF2;EMPTYF1;EMPTYP1;LOADP1;EMPTYF2;TONS;TYPE;TYPEQ;TRKCLAS;TYPTRK;ACCAUSE;TEMP;TEMP_CLUSTER;VISIBLTY;WEATHER;STATE;Jahreszeit;ACCIDENT_TYPE;ACCCAUSE_LVL1;ACCCAUSE_LVL2;EQUIPMENT_TYPE;ACCDMG_EUR;ACCTYPE;SPD_TOO_HIGH
7594;NW0806126;2006;8;26;34702.0;34702.0;0.0;34702.0;1;0;0;0;0;0;0;0;3.9542723449729715;19;0;1;0;0;1;2263.097458068977;01;7;1;Depot;H312;75;Warm (20° bis 31,99° C);Tag;Klar;Washington;Sommer;Entgleisung;General Switching Rules;Human Factors;Depot/Rangieren, EinzelneWagen;27164.70097067112;Nicht Signifikant;False
7595;NW0810119;2010;8;31;171245.0;171245.0;5000.0;166245.0;3;0;0;0;0;0;0;0;1.9635609428485408;28;0;81;0;0;5;9080.206572033985;01;6;1;Depot;M503;59;Moderat (0° bis 19,99° C);Abend;Regen;Washington;Sommer;Entgleisung;Other Miscellaneous;Miscellaneous Causes;EinzelneWagen, Güterzug;135051.261829653;Nicht Signifikant;False
7596;NW0811107;2011;8;13;110160.0;110160.0;80000.0;30160.0;5;0;0;0;0;0;0;0;4.949628046035187;44;0;16;0;0;3;12424.0;04;1;1;Depot;T207;56;Moderat (0° bis 19,99° C);Abend;Wolkig;Idaho;Sommer;Kollision;Rail, Joint Bar and Rail Anchoring;Track, Roadbed and Structures;Güterzug, Güterzug;77198.7198953491;Nicht Signifikant;False
7597;NW0814106;2014;8;1;10516.0;10516.0;0.0;10516.0;6;0;0;0;0;0;0;0;4.0;42;4;81;0;0;1;6078.5610500768;05;6;1;Depot;H021;86;Warm (20° bis 31,99° C);Abenddämmerung;Klar;Washington;Sommer;Kollision;Brakes, Use of;Human Factors;EinzelneWagen, Güterzug;7850.690556177678;Nicht Signifikant;False
7598;NW0902111;2002;9;15;1260010.0;1260010.0;85000.0;1175007.0;4;2;0;0;0;0;0;0;42.77314468639937;122;21;3;0;0;0;9731.0;03;1;4;Hauptstrecke;H215;60;Moderat (0° bis 19,99° C);Abend;Wolkig;Washington;Sommer;Kollision;Flagging, Fixed, Hand and Radio Signals;Human Factors;Güterzug, Güterzug;1295595.6950918562;Signifikant;False
7599;NW0905103;2005;9;4;10777.0;10777.0;0.0;10777.0;1;0;0;0;0;0;0;0;6.940339448159618;2;2;11;0;0;1;672.9034251770946;01;7;1;Depot;H307;60;Moderat (0° bis 19,99° C);Abend;Klar;Washington;Sommer;Entgleisung;General Switching Rules;Human Factors;Depot/Rangieren, EinzelneWagen;8594.784273068028;Nicht Signifikant;False
7600;NW0905127;2005;9;30;10800.0;10800.0;550.0;10250.0;2;0;0;0;0;0;0;0;7.5;43;1;0;0;0;0;4980.958242938599;01;7;1;Depot;H021;60;Moderat (0° bis 19,99° C);Tag;Regen;Idaho;Herbst;Entgleisung;Brakes, Use of;Human Factors;Depot/Rangieren, EinzelneWagen;8968.609865470853;Nicht Signifikant;False
7601;NW0907100;2007;9;1;30958.0;30958.0;0.0;30958.0;2;0;0;0;0;0;0;0;4.5;5;1;4;0;0;0;779.9617516707307;01;7;1;Depot;M411;80;Warm (20° bis 31,99° C);Abenddämmerung;Wolkig;Washington;Sommer;Entgleisung;Unusual Operational Situations;Miscellaneous Causes;Depot/Rangieren, EinzelneWagen;22629.014180595485;Nicht Signifikant;False
7602;NW0907115;2007;9;22;23726.0;23726.0;0.0;23726.0;2;0;0;0;0;0;0;0;6.0;45;0;14;0;0;1;5616.593828572546;01;7;1;Depot;M411;55;Moderat (0° bis 19,99° C);Abend;Klar;Washington;Sommer;Entgleisung;Unusual Operational Situations;Miscellaneous Causes;Depot/Rangieren, EinzelneWagen;16862.4292246097;Nicht Signifikant;False
7603;NW0911118;2011;9;25;22265.0;22265.0;4750.0;17515.0;2;0;0;0;0;0;0;0;3.0;4;0;14;0;0;1;987.4293964642852;04;7;1;Depot;H310;63;Moderat (0° bis 19,99° C);Tag;Wolkig;Washington;Herbst;Kollision;General Switching Rules;Human Factors;Depot/Rangieren, Depot/Rangieren, EinzelneWagen;16521.14766262676;Nicht Signifikant;False
7604;NW0914101;2014;9;13;29010.0;29010.0;0.0;29010.0;2;0;0;0;0;0;0;0;6.0;0;0;5;0;0;0;222.01199823761317;05;7;1;Depot;H307;80;Warm (20° bis 31,99° C);Tag;Klar;Washington;Sommer;Kollision;General Switching Rules;Human Factors;Depot/Rangieren, Lokomotive;22446.032032600004;Nicht Signifikant;False
7605;NW0914107;2014;9;21;128315.0;128315.0;11156.0;117159.0;5;0;0;0;0;0;0;0;6.0;84;0;74;0;0;0;12189.487444664144;05;7;1;Depot;H306;71;Warm (20° bis 31,99° C);Tag;Klar;Washington;Sommer;Kollision;General Switching Rules;Human Factors;Depot/Rangieren, Güterzug;99876.75782263505;Nicht Signifikant;False
7606;NW0918110;2018;9;18;491034.0;491034.0;242000.0;249034.0;8;0;0;0;0;0;0;0;7.935695149221832;101;13;64;0;0;2;15237.0;01;1;1;Depot;H503;65;Moderat (0° bis 19,99° C);Tag;Klar;Oregon;Sommer;Entgleisung;Train Handling/Train Makeup;Human Factors;Güterzug, Güterzug;419794.81918440625;Signifikant;False
7607;NW0919103;2019;9;4;72523.0;72523.0;42053.0;30470.0;1;0;0;0;0;0;0;0;6.940339448159618;8;1;15;0;0;2;1249.0;01;7;1;Depot;H306;70;Warm (20° bis 31,99° C);Morgendämmerung;Klar;Washington;Sommer;Entgleisung;General Switching Rules;Human Factors;Depot/Rangieren, EinzelneWagen;65822.29079687785;Nicht Signifikant;False
7608;NW1004108;2004;10;7;34180.0;34180.0;0.0;34180.0;2;0;0;0;0;0;0;0;1.5;8;0;3;0;0;1;1072.658608669111;01;7;1;Depot;S016;49;Moderat (0° bis 19,99° C);Abend;Wolkig;Washington;Herbst;Entgleisung;SIGNAL AND COMMUNICATION;Signal and Communication;Depot/Rangieren, EinzelneWagen;27786.358832615235;Nicht Signifikant;False
7609;NW1004138;2004;10;28;44968.0;44968.0;2350.0;42618.0;0;0;0;0;0;0;0;0;5.0;1;0;1;0;0;1;215.46381654232488;01;5;1;Depot;S099;57;Moderat (0° bis 19,99° C);Tag;Klar;Washington;Herbst;Entgleisung;other software/programming deficiencies, etc.);Signal and Communication;EinzelneWagen, EinzelneWagen;35377.232318464325;Nicht Signifikant;False
7610;NW1005117;2005;10;14;11400.0;11400.0;6000.0;5400.0;1;0;0;0;0;0;0;0;6.960226298773079;40;1;8;0;0;0;4918.147224630066;01;7;1;Depot;H601;62;Moderat (0° bis 19,99° C);Abend;Klar;Washington;Herbst;Entgleisung;Speed;Human Factors;Depot/Rangieren, EinzelneWagen, EinzelneWagen;9500.791732644388;Nicht Signifikant;False
7611;NW1006101;2006;10;4;101394.0;101394.0;9500.0;91894.0;4;0;0;0;0;0;0;0;4.0;48;2;56;0;0;1;6717.0050157987425;04;7;1;Depot;H399;60;Moderat (0° bis 19,99° C);Tag;Wolkig;Washington;Herbst;Kollision;General Switching Rules;Human Factors;Depot/Rangieren, Güterzug;79938.50520340586;Nicht Signifikant;False
7612;NW1006102;2006;10;5;11777.0;11777.0;0.0;11777.0;4;0;0;0;0;0;0;0;0.9682052417863254;44;0;35;0;0;1;6142.211018474045;04;7;1;Depot;H211;50;Moderat (0° bis 19,99° C);Abend;Wolkig;Washington;Herbst;Kollision;Flagging, Fixed, Hand and Radio Signals;Human Factors;Depot/Rangieren, Depot/Rangieren;9257.919974844745;Nicht Signifikant;False
7613;NW1012111;2012;10;13;68000.0;68000.0;5000.0;63000.0;1;0;0;0;0;0;0;0;4.5;22;3;25;0;0;2;3395.3907343333226;04;7;1;Depot;H305;50;Moderat (0° bis 19,99° C);Abend;Wolkig;Washington;Herbst;Kollision;General Switching Rules;Human Factors;Depot/Rangieren, EinzelneWagen;52427.334172856004;Nicht Signifikant;False
7614;NW1104101;2004;11;3;23500.0;23500.0;500.0;23000.0;2;0;0;1;0;0;0;0;3.0;7;1;7;0;0;0;1098.815831362213;04;7;1;Depot;H607;53;Moderat (0° bis 19,99° C);Tag;Klar;Washington;Herbst;Kollision;Speed;Human Factors;Depot/Rangieren, Depot/Rangieren;18425.591971146307;Signifikant;False
7615;NW1104106;2004;11;9;105426.0;105426.0;85000.0;20426.0;2;0;0;0;0;0;0;0;4.0;3;3;1;0;0;1;501.8057885942826;01;7;1;Depot;S016;37;Moderat (0° bis 19,99° C);Abend;Nebel;Washington;Herbst;Entgleisung;SIGNAL AND COMMUNICATION;Signal and Communication;Depot/Rangieren, EinzelneWagen;81655.95228874603;Nicht Signifikant;False
7616;NW1105122;2005;11;17;17392.0;17392.0;1000.0;16392.0;1;0;0;0;0;0;0;0;3.9542723449729715;0;0;4;0;0;2;194.52565726543855;01;7;1;Depot;H318;55;Moderat (0° bis 19,99° C);Tag;Wolkig;Oregon;Herbst;Entgleisung;General Switching Rules;Human Factors;Depot/Rangieren, EinzelneWagen;14875.128292849811;Nicht Signifikant;False
7617;NW1109123;2009;11;28;80600.0;80600.0;1000.0;79600.0;5;0;0;0;0;0;0;0;4.949628046035187;125;0;114;0;0;1;21354.26077226342;04;7;2;Depot;H306;27;Kalt (-30° - 0,01° C);Abend;Nebel;Idaho;Herbst;Kollision;General Switching Rules;Human Factors;Depot/Rangieren, Güterzug;53902.226977863975;Nicht Signifikant;False
7618;NW1110101;2010;11;8;241112.0;241112.0;40000.0;201112.0;8;0;0;0;0;0;0;0;9.926406551346263;219;5;0;0;0;0;31048.0;01;1;1;Depot;T207;43;Moderat (0° bis 19,99° C);Abenddämmerung;Klar;Washington;Herbst;Entgleisung;Rail, Joint Bar and Rail Anchoring;Track, Roadbed and Structures;Güterzug, Güterzug;173249.98203635841;Signifikant;False
7619;NW1111105;2011;11;7;896134.0;896134.0;151100.0;745034.0;3;2;0;0;0;0;0;0;9.926406551346263;80;9;71;0;0;1;11510.030438103255;06;7;1;Depot;E30C;23;Kalt (-30° - 0,01° C);Abend;Klar;Washington;Herbst;Kollision;Coupler and Draft System;Mechanical and Electrical Failures;Depot/Rangieren, Depot/Rangieren;652113.2295153544;Signifikant;False
7620;NW1112107;2012;11;6;65627.0;65627.0;0.0;65627.0;0;0;0;0;0;0;0;0;4.949628046035187;22;0;45;0;0;0;11750.884348200241;03;6;1;Depot;H018;53;Moderat (0° bis 19,99° C);Abend;Wolkig;Washington;Herbst;Kollision;Brakes, Use of;Human Factors;EinzelneWagen, EinzelneWagen;51271.09375;Nicht Signifikant;False
7621;NW1201108;2001;12;8;7669.0;7669.0;0.0;7669.0;0;0;0;0;0;0;0;0;0.0;0;0;7;0;0;1;284.3848532789969;01;6;X;Industriestrecke;M504;45;Moderat (0° bis 19,99° C);Abend;Wolkig;Washington;Herbst;Entgleisung;Other Miscellaneous;Miscellaneous Causes;EinzelneWagen, EinzelneWagen;8625.899820035991;Nicht Signifikant;False
7622;NW1206109;2006;12;14;145561.0;145561.0;60000.0;85561.0;6;0;0;0;0;0;0;0;13.0;54;0;150;0;0;6;14760.0;01;1;1;Depot;H503;47;Moderat (0° bis 19,99° C);Tag;Regen;Washington;Herbst;Entgleisung;Train Handling/Train Makeup;Human Factors;Güterzug, Güterzug;110340.35779260159;Nicht Signifikant;True
7623;NW1214104;2014;12;7;11497.0;11497.0;0.0;11497.0;3;0;0;0;0;0;0;0;3.0;93;0;145;0;0;0;15063.94990899703;05;7;1;Depot;H306;34;Moderat (0° bis 19,99° C);Abend;Wolkig;Washington;Herbst;Kollision;General Switching Rules;Human Factors;Depot/Rangieren, Depot/Rangieren;9352.73062530506;Nicht Signifikant;False
7624;NW1215116;2015;12;28;17186.0;17186.0;0.0;17186.0;2;0;0;0;0;0;0;0;2.958916643910756;7;0;0;0;0;0;866.0819188874805;04;7;1;Depot;H021;23;Kalt (-30° - 0,01° C);Abenddämmerung;Wolkig;Washington;Winter;Kollision;Brakes, Use of;Human Factors;Depot/Rangieren, EinzelneWagen;15677.796022623608;Nicht Signifikant;False
7625;NW1216112;2016;12;20;39398.0;39398.0;0.0;39398.0;2;0;0;0;0;0;0;0;3.9542723449729715;12;0;13;0;0;0;1830.6723742766221;04;7;1;Depot;H318;38;Moderat (0° bis 19,99° C);Tag;Schnee;Washington;Herbst;Kollision;General Switching Rules;Human Factors;Depot/Rangieren, EinzelneWagen;38014.28020069471;Nicht Signifikant;False
7626;NW1217112;2017;12;22;104600.0;104600.0;0.0;104600.0;3;0;0;0;0;0;0;0;8.0;13;1;2;0;0;0;1629.1283274828218;04;7;1;Depot;S016;28;Kalt (-30° - 0,01° C);Morgendämmerung;Wolkig;Washington;Winter;Kollision;SIGNAL AND COMMUNICATION;Signal and Communication;Depot/Rangieren, Depot/Rangieren;88247.70100396524;Nicht Signifikant;False
7627;O0535;1995;3;14;90000.0;90000.0;0.0;90000.0;0;0;0;2;0;0;0;0;4.949628046035187;2;0;0;0;0;0;297.294796241188;05;5;1;Hauptstrecke;M505;75;Warm (20° bis 31,99° C);Tag;Klar;Texas;Winter;Kollision;Other Miscellaneous;Miscellaneous Causes;EinzelneWagen, EinzelneWagen;76342.3530409704;Signifikant;False
7628;O1356;1996;7;1;7000.0;7000.0;0.0;7000.0;0;0;0;0;0;0;0;0;4.949628046035187;2;0;0;0;0;0;297.294796241188;03;5;2;Hauptstrecke;H402;110;Heiß (>= 32° C);Tag;Klar;Kalifornien;Sommer;Kollision;Main Track Authority;Human Factors;EinzelneWagen, EinzelneWagen;5937.738569853253;Nicht Signifikant;False
7629;O1705;1995;8;11;15050.0;15050.0;0.0;15050.0;0;0;0;0;0;0;0;0;4.949628046035187;2;0;0;0;0;0;297.294796241188;03;5;1;Hauptstrecke;H402;85;Warm (20° bis 31,99° C);Morgendämmerung;Wolkig;New Mexico;Sommer;Kollision;Main Track Authority;Human Factors;EinzelneWagen, EinzelneWagen;12766.137925184494;Nicht Signifikant;False
7630;O1805;1995;8;17;13100.0;13100.0;0.0;13100.0;3;0;0;2;0;0;0;0;9.926406551346263;28;0;0;0;0;0;2308.647398120594;09;5;2;Hauptstrecke;M505;90;Heiß (>= 32° C);Tag;Klar;Texas;Sommer;Kollision;Other Miscellaneous;Miscellaneous Causes;EinzelneWagen, Güterzug;11112.053609296801;Signifikant;False
7631;OCT0189;1989;10;25;6350.0;6350.0;500.0;5850.0;0;0;0;0;0;0;0;0;4.949628046035187;40;0;8;0;0;0;4863.648210040918;04;6;1;Depot;H020;70;Warm (20° bis 31,99° C);Tag;Nebel;Texas;Herbst;Kollision;Brakes, Use of;Human Factors;EinzelneWagen, EinzelneWagen;5386.377131224022;Nicht Signifikant;False
7632;OCT0191;1991;10;25;25583.0;25583.0;0.0;25583.0;2;0;0;0;0;0;0;0;5.0;39;0;0;0;0;0;4506.319503823752;04;7;1;Depot;H401;87;Warm (20° bis 31,99° C);Tag;Wolkig;Texas;Herbst;Kollision;Main Track Authority;Human Factors;Depot/Rangieren, Depot/Rangieren;21700.737976079396;Nicht Signifikant;False
7633;OCT0388;1988;10;9;8900.0;8900.0;0.0;8900.0;1;0;0;0;0;0;0;0;4.949628046035187;24;0;14;0;0;0;3226.207878838712;04;7;1;Depot;H302;70;Warm (20° bis 31,99° C);Abend;Regen;Texas;Herbst;Kollision;General Switching Rules;Human Factors;Depot/Rangieren, EinzelneWagen;7549.41046738485;Nicht Signifikant;False
7634;OCT200102;2001;10;3;16044.0;16044.0;3200.0;12844.0;2;0;0;0;0;0;0;0;3.9542723449729715;15;2;4;0;0;0;1937.145037961129;01;7;1;Depot;H703;60;Moderat (0° bis 19,99° C);Abend;Klar;Texas;Herbst;Entgleisung;Switches, Use of;Human Factors;Depot/Rangieren, EinzelneWagen;17422.08708871756;Nicht Signifikant;False
7635;OCT200302;2003;10;13;485692.0;485692.0;60000.0;425692.0;5;4;0;0;0;0;0;0;14.903185056657339;110;3;2;0;0;1;12704.296623435928;02;7;1;Depot;H607;75;Warm (20° bis 31,99° C);Tag;Klar;Texas;Herbst;Kollision;Speed;Human Factors;Depot/Rangieren, Güterzug;415547.5701574264;Signifikant;True
7636;OCT9401;1994;10;3;40090.0;40090.0;2090.0;38000.0;2;0;0;0;0;0;0;0;4.5;46;0;66;0;0;3;7316.524653312017;04;7;1;Depot;H020;76;Warm (20° bis 31,99° C);Abend;Klar;Texas;Herbst;Kollision;Brakes, Use of;Human Factors;Depot/Rangieren, EinzelneWagen;34006.2770379167;Nicht Signifikant;False
7637;OK0083;1996;4;30;53000.0;53000.0;16000.0;37000.0;2;0;0;0;0;0;0;0;8.5;28;4;17;0;0;1;3852.4930061993723;09;7;1;Depot;M599;45;Moderat (0° bis 19,99° C);Tag;Klar;Oklahoma;Frühling;Kollision;Other Miscellaneous;Miscellaneous Causes;Depot/Rangieren, EinzelneWagen;44957.163457460345;Nicht Signifikant;False
7638;OK0168;1996;9;10;13933.0;13933.0;500.0;13433.0;4;0;0;0;0;0;0;0;6.940339448159618;44;0;33;0;0;3;6084.278267290882;01;7;X;Depot;M408;65;Moderat (0° bis 19,99° C);Abend;Klar;Oklahoma;Sommer;Entgleisung;Unusual Operational Situations;Miscellaneous Causes;Depot/Rangieren, Depot/Rangieren;11818.64449910934;Nicht Signifikant;False
7639;OK0997104;1997;9;19;6500.0;6500.0;0.0;6500.0;1;0;0;0;0;0;0;0;3.5;3;0;0;0;0;0;411.05222077044647;04;7;1;Hauptstrecke;H018;70;Warm (20° bis 31,99° C);Abend;Klar;Oklahoma;Sommer;Kollision;Brakes, Use of;Human Factors;Depot/Rangieren, EinzelneWagen;5513.614386292306;Nicht Signifikant;False
7640;OP121719;2019;12;17;33020.0;33020.0;0.0;33020.0;2;0;0;0;0;0;0;0;5.0;11;0;0;0;0;0;1321.1116170045143;05;6;X;Hauptstrecke;H302;20;Kalt (-30° - 0,01° C);Abenddämmerung;Klar;Nebraska;Herbst;Kollision;General Switching Rules;Human Factors;EinzelneWagen, Lokomotive;29582.5120946067;Nicht Signifikant;False
7641;OR0081;1996;5;5;10701.0;10701.0;0.0;10701.0;3;0;0;0;0;0;0;0;4.0;15;0;14;0;0;0;2406.2292042243007;04;7;1;Depot;H021;50;Moderat (0° bis 19,99° C);Tag;Klar;Oregon;Frühling;Kollision;Brakes, Use of;Human Factors;Depot/Rangieren, Güterzug;9077.10577657138;Nicht Signifikant;False
7642;OR0133;1996;7;20;25000.0;25000.0;0.0;25000.0;9;0;0;0;0;0;0;0;2.5;5;0;42;0;0;0;1917.316298690477;04;7;1;Depot;H306;61;Moderat (0° bis 19,99° C);Abend;Wolkig;Washington;Sommer;Kollision;General Switching Rules;Human Factors;Depot/Rangieren, Depot/Rangieren;21206.20917804733;Nicht Signifikant;False
7643;OR0239;1996;12;31;7100.0;7100.0;0.0;7100.0;1;0;0;0;0;0;0;0;4.0;0;0;1;0;0;1;101.7063920130664;04;7;X;Depot;H021;40;Moderat (0° bis 19,99° C);Abend;Regen;Washington;Winter;Kollision;Brakes, Use of;Human Factors;Depot/Rangieren, EinzelneWagen;6022.563406565442;Nicht Signifikant;False
7644;OR0398107;1998;3;18;15500.0;15500.0;3000.0;12500.0;5;1;0;0;0;0;0;0;5.0;26;2;63;0;0;0;5306.761745181713;09;7;1;Depot;H605;40;Moderat (0° bis 19,99° C);Tag;Klar;Oregon;Winter;Kollision;Speed;Human Factors;Depot/Rangieren, Güterzug;13147.849690389345;Nicht Signifikant;False
7645;OR0399106;1999;3;25;36000.0;36000.0;0.0;36000.0;7;0;0;1;0;0;0;0;11.917117953470694;81;0;17;0;0;0;9450.0;02;1;2;Hauptstrecke;H605;50;Moderat (0° bis 19,99° C);Tag;Klar;Oregon;Frühling;Kollision;Speed;Human Factors;Güterzug, Güterzug;33033.584143879605;Signifikant;False
7646;OR0599101;1999;5;14;26000.0;26000.0;0.0;26000.0;4;0;0;0;0;0;0;0;4.949628046035187;58;1;9;0;0;0;7307.192052349869;04;6;1;Depot;H307;56;Moderat (0° bis 19,99° C);Abenddämmerung;Wolkig;Washington;Frühling;Kollision;General Switching Rules;Human Factors;EinzelneWagen, Güterzug;24353.690520794302;Nicht Signifikant;False
7647;P0536;1996;6;13;19750.0;19750.0;2500.0;17250.0;6;1;0;0;0;0;0;0;2.5;0;0;0;0;0;0;69.7799471826711;04;8;1;Depot;H995;70;Warm (20° bis 31,99° C);Abend;Klar;Colorado;Frühling;Kollision;Miscellaneous;Human Factors;Lokomotive, Lokomotive;16752.90525065739;Nicht Signifikant;False
7648;P1173;1993;6;12;11720.0;11720.0;720.0;11000.0;6;1;0;0;0;0;0;0;5.0;0;0;0;0;0;0;69.7799471826711;04;8;1;Depot;H017;79;Warm (20° bis 31,99° C);Tag;Klar;Arkansas;Frühling;Kollision;Brakes, Use of;Human Factors;Lokomotive, Lokomotive;9941.47086266859;Nicht Signifikant;False
7649;P42112;2012;4;21;35000.0;35000.0;0.0;35000.0;3;0;0;0;0;0;0;0;4.949628046035187;44;0;75;0;0;2;7655.6848330794055;04;7;1;Depot;H318;72;Warm (20° bis 31,99° C);Abend;Klar;Louisiana;Frühling;Kollision;General Switching Rules;Human Factors;Depot/Rangieren, EinzelneWagen;26572.187776793624;Nicht Signifikant;False
7650;P8576;2008;2;12;245000.0;245000.0;0.0;245000.0;3;3;0;3;0;0;0;0;17.889252159843984;22;3;76;0;0;0;1247.0;02;1;3;Hauptstrecke;H607;60;Moderat (0° bis 19,99° C);Abend;Regen;Louisiana;Winter;Kollision;Speed;Human Factors;Güterzug, Güterzug;168523.86848259735;Signifikant;False
7651;PA0054;1995;2;3;75000.0;75000.0;0.0;75000.0;4;0;0;0;0;0;0;0;29.0;104;0;0;0;0;0;13648.647398120595;09;5;4;Hauptstrecke;H499;50;Moderat (0° bis 19,99° C);Tag;Klar;Washington;Winter;Kollision;Main Track Authority;Human Factors;EinzelneWagen, Güterzug;63618.627534142;Nicht Signifikant;False
7652;PA0124;1990;1;18;22500.0;22500.0;0.0;22500.0;4;0;0;1;0;0;0;0;19.879963561968417;6;0;40;0;0;1;2115.8899735913355;03;1;2;Hauptstrecke;H604;45;Moderat (0° bis 19,99° C);Tag;Klar;Washington;Winter;Kollision;Speed;Human Factors;Güterzug, Lokomotive;19085.5882602426;Signifikant;False
7653;PA0159;1995;4;10;53200.0;53200.0;45000.0;8200.0;1;0;0;0;0;0;0;0;5.944983747097401;21;2;0;0;0;0;2497.903944292726;01;7;1;Depot;E46C;44;Moderat (0° bis 19,99° C);Abend;Regen;Washington;Frühling;Entgleisung;Truck Components;Mechanical and Electrical Failures;Depot/Rangieren, EinzelneWagen;45126.81313088472;Nicht Signifikant;False
7654;PA0227;1993;3;24;22500.0;22500.0;0.0;22500.0;7;0;0;3;0;0;0;0;34.81029907790165;25;0;11;0;0;0;5727.0;04;1;3;Hauptstrecke;E12C;40;Moderat (0° bis 19,99° C);Abend;Wolkig;Washington;Frühling;Kollision;Trailer or Container on Flatcar;Mechanical and Electrical Failures;Güterzug, Güterzug;19085.5882602426;Signifikant;False
7655;PA0242;1992;2;7;28000.0;28000.0;0.0;28000.0;1;0;0;0;0;0;0;0;17.5;1;0;0;0;0;0;183.53737171192955;09;5;4;Hauptstrecke;H699;38;Moderat (0° bis 19,99° C);Tag;Regen;Washington;Winter;Kollision;Speed;Human Factors;EinzelneWagen, Güterzug;23750.95427941301;Nicht Signifikant;False
7656;PA0261;1995;6;2;33500.0;33500.0;16000.0;17500.0;2;0;0;0;0;0;0;0;5.0;39;3;42;0;0;1;5845.375890298113;04;7;X;Depot;H306;55;Moderat (0° bis 19,99° C);Tag;Klar;Washington;Frühling;Kollision;General Switching Rules;Human Factors;Depot/Rangieren, Depot/Rangieren;28416.320298583425;Nicht Signifikant;False
7657;PA0291;1995;6;22;50000.0;50000.0;5000.0;45000.0;5;0;0;0;0;0;0;0;10.0;65;0;17;0;0;3;8396.889973591336;04;7;2;Depot;H399;72;Warm (20° bis 31,99° C);Tag;Klar;Washington;Sommer;Kollision;General Switching Rules;Human Factors;Depot/Rangieren, Güterzug;42412.41835609466;Nicht Signifikant;False
7658;PA0294;1996;6;27;25000.0;25000.0;0.0;25000.0;0;0;0;0;0;0;0;0;29.83352057259057;1;0;1;0;0;0;213.98378192291796;09;5;3;Hauptstrecke;M504;65;Moderat (0° bis 19,99° C);Tag;Klar;Washington;Sommer;Kollision;Other Miscellaneous;Miscellaneous Causes;EinzelneWagen, EinzelneWagen;21206.20917804733;Nicht Signifikant;False
7659;PA0299;1993;4;30;16200.0;16200.0;7000.0;9200.0;3;0;0;0;0;0;0;0;4.949628046035187;18;2;30;0;0;4;3090.2628286327194;01;6;1;Depot;M405;40;Moderat (0° bis 19,99° C);Tag;Klar;Washington;Frühling;Entgleisung;Unusual Operational Situations;Miscellaneous Causes;EinzelneWagen, Güterzug;13741.623547374671;Nicht Signifikant;False
7660;PA0299107;1999;2;17;55550.0;55550.0;29000.0;26550.0;3;0;0;0;0;0;0;0;8.931050850284048;42;6;4;0;0;0;5246.256439118408;01;5;1;Depot;E64C;45;Moderat (0° bis 19,99° C);Abend;Wolkig;Washington;Winter;Entgleisung;Wheels;Mechanical and Electrical Failures;EinzelneWagen, Güterzug;49364.613880742916;Nicht Signifikant;False
7661;PA0331;1992;2;18;7000.0;7000.0;0.0;7000.0;0;0;0;0;0;0;0;0;4.949628046035187;2;0;1;0;0;0;327.7412064521764;09;5;X;Industriestrecke;M105;40;Moderat (0° bis 19,99° C);Abend;Regen;Washington;Winter;Kollision;Environmental Conditions;Environmental Conditions;EinzelneWagen, EinzelneWagen;5937.738569853253;Nicht Signifikant;False
7662;PA0386;1993;7;3;11500.0;11500.0;0.0;11500.0;5;0;0;0;0;0;0;0;3.5;0;0;0;0;0;0;69.7799471826711;09;8;X;Depot;H017;56;Moderat (0° bis 19,99° C);Abend;Wolkig;Washington;Sommer;Kollision;Brakes, Use of;Human Factors;Lokomotive, Lokomotive;9754.856221901773;Nicht Signifikant;False
7663;PA0416;1992;2;27;9500.0;9500.0;0.0;9500.0;2;0;0;0;0;0;0;0;8.931050850284048;42;3;43;0;0;1;6201.889973591336;01;1;1;Depot;T311;60;Moderat (0° bis 19,99° C);Tag;Klar;Washington;Winter;Entgleisung;Frogs, Switches and Track Appliances;Track, Roadbed and Structures;Güterzug, Lokomotive;8058.3594876579855;Nicht Signifikant;False
7664;PA0441;1991;3;19;102000.0;102000.0;15000.0;87000.0;2;0;0;0;0;0;0;0;7.935695149221832;94;7;0;0;0;0;11586.167665928479;04;6;4;Hauptstrecke;H306;49;Moderat (0° bis 19,99° C);Tag;Wolkig;Washington;Winter;Kollision;General Switching Rules;Human Factors;EinzelneWagen, Güterzug;86521.33344643311;Nicht Signifikant;False
7665;PA0533;1995;10;31;31500.0;31500.0;12000.0;19500.0;2;0;0;0;0;0;0;0;3.5;32;0;47;0;0;1;5188.792531773061;01;6;1;Depot;H305;45;Moderat (0° bis 19,99° C);Tag;Klar;Washington;Herbst;Entgleisung;General Switching Rules;Human Factors;EinzelneWagen, Güterzug;26719.823564339637;Nicht Signifikant;False