index;INCDTNO;YEAR4;MONTH;DAY;ACCDMG;INFRASTRUCTURE_DMG;TRKDMG;EQPDMG;LOCOMOTIVES1;LOCOMOTIVES2;RREMPKLD;RREMPINJ;PASSKLD;PASSINJ;OTHERKLD;OTHERINJ;SPEED;LOADF1;LOADF2;EMPTYF1;EMPTYP1;LOADP1;EMPTYF2;TONS;TYPE;TYPEQ;TRKCLAS;TYPTRK;ACCAUSE;TEMP;TEMP_CLUSTER;VISIBLTY;WEATHER;STATE;Jahreszeit;ACCIDENT_TYPE;ACCCAUSE_LVL1;ACCCAUSE_LVL2;EQUIPMENT_TYPE;ACCDMG_EUR;ACCTYPE;SPD_TOO_HIGH
7666;PA0556;1993;10;28;142000.0;142000.0;5000.0;137000.0;2;0;0;0;0;0;0;0;14.903185056657339;9;1;16;0;0;1;1588.647398120594;09;5;4;Hauptstrecke;H605;60;Moderat (0° bis 19,99° C);Tag;Klar;Washington;Herbst;Kollision;Speed;Human Factors;EinzelneWagen, Güterzug;120451.26813130884;Nicht Signifikant;False
7667;PA0694;1991;4;18;18000.0;18000.0;0.0;18000.0;1;0;0;0;0;0;0;0;12.91247365453291;1;0;6;0;0;0;366.21583297786003;09;7;3;Hauptstrecke;H603;60;Moderat (0° bis 19,99° C);Tag;Klar;Oregon;Frühling;Kollision;Speed;Human Factors;Depot/Rangieren, EinzelneWagen;15268.470608194079;Nicht Signifikant;False
7668;PA0701103;2001;7;17;25400.0;25400.0;6800.0;18600.0;4;0;0;0;0;0;0;0;7.935695149221832;45;4;4;0;0;1;3921.155649054696;01;6;1;Depot;T311;59;Moderat (0° bis 19,99° C);Tag;Klar;Washington;Sommer;Entgleisung;Frogs, Switches and Track Appliances;Track, Roadbed and Structures;EinzelneWagen, Güterzug;29826.209488022545;Nicht Signifikant;False
7669;PA1001102;2001;10;17;15800.0;15800.0;13200.0;2600.0;1;0;0;0;0;0;0;0;3.9542723449729715;0;0;22;0;0;2;742.5610410632302;01;7;1;Depot;H307;52;Moderat (0° bis 19,99° C);Tag;Wolkig;Washington;Herbst;Entgleisung;General Switching Rules;Human Factors;Depot/Rangieren, EinzelneWagen;17512.746619374862;Nicht Signifikant;False
7670;PA1015;1990;5;30;10800.0;10800.0;0.0;10800.0;2;0;0;0;0;0;0;0;1.9635609428485408;3;0;7;0;0;1;619.4279226424715;04;6;2;Hauptstrecke;H020;60;Moderat (0° bis 19,99° C);Abend;Wolkig;Washington;Frühling;Kollision;Brakes, Use of;Human Factors;EinzelneWagen, Güterzug;9161.082364916447;Nicht Signifikant;False
7671;PA1073;1988;10;13;50000.0;50000.0;0.0;50000.0;1;0;0;0;0;0;0;0;4.949628046035187;4;0;2;0;0;0;585.7024657216818;09;7;2;Depot;H402;55;Moderat (0° bis 19,99° C);Abend;Wolkig;Washington;Herbst;Kollision;Main Track Authority;Human Factors;Depot/Rangieren, EinzelneWagen;42412.41835609466;Nicht Signifikant;False
7672;PA1075;1990;6;8;3588920.0;3588920.0;65415.0;3523500.0;4;1;0;4;0;0;0;0;35.0;18;0;22;0;0;0;2508.647398120594;04;1;4;Hauptstrecke;H215;60;Moderat (0° bis 19,99° C);Tag;Wolkig;Washington;Frühling;Kollision;Flagging, Fixed, Hand and Radio Signals;Human Factors;Güterzug, Güterzug;3044295.529731105;Schwer;False
7673;PA1158;1985;12;10;7350.0;7350.0;0.0;7350.0;1;0;0;0;0;0;0;0;1.5;2;0;1;0;0;0;327.7412064521764;04;7;1;Depot;H301;45;Moderat (0° bis 19,99° C);Abend;Wolkig;Washington;Herbst;Kollision;General Switching Rules;Human Factors;Depot/Rangieren, EinzelneWagen;6234.625498345916;Nicht Signifikant;False
7674;PA1299100;1999;12;1;67100.0;67100.0;0.0;67100.0;6;1;0;3;0;0;0;0;17.889252159843984;12;0;12;0;0;1;2244.0;02;1;1;Nebenstrecke;H702;40;Moderat (0° bis 19,99° C);Abend;Klar;Washington;Herbst;Kollision;Switches, Use of;Human Factors;Güterzug, Güterzug;66494.89644237439;Signifikant;True
7675;PA1432;1988;12;15;50300.0;50300.0;0.0;50300.0;2;0;0;0;0;0;0;0;27.84280917046614;47;0;10;0;0;0;3869.336383802324;09;5;5;Hauptstrecke;H402;38;Moderat (0° bis 19,99° C);Tag;Klar;Washington;Herbst;Kollision;Main Track Authority;Human Factors;EinzelneWagen, Güterzug;42666.89286623123;Nicht Signifikant;False
7676;PA1523;1989;8;18;7500.0;7500.0;0.0;7500.0;1;0;0;0;0;0;0;0;5.944983747097401;9;1;15;0;0;1;1571.3819967280442;01;7;X;Depot;H307;70;Warm (20° bis 31,99° C);Tag;Klar;Washington;Sommer;Entgleisung;General Switching Rules;Human Factors;Depot/Rangieren, EinzelneWagen;6361.8627534142;Nicht Signifikant;False
7677;PA1670;1991;9;14;13900.0;13900.0;0.0;13900.0;4;0;0;0;0;0;0;0;7.0;108;0;11;0;0;2;13672.760555151022;04;6;X;Depot;H020;76;Warm (20° bis 31,99° C);Tag;Klar;Washington;Sommer;Kollision;Brakes, Use of;Human Factors;EinzelneWagen, Güterzug;11790.652302994316;Nicht Signifikant;False
7678;PA1675;1991;9;16;9200.0;9200.0;3200.0;6000.0;3;0;0;0;0;0;0;0;1.9635609428485408;14;1;11;0;0;0;2189.8004859122084;01;6;1;Depot;M503;85;Warm (20° bis 31,99° C);Tag;Klar;Oregon;Sommer;Entgleisung;Other Miscellaneous;Miscellaneous Causes;EinzelneWagen, Güterzug;7803.884977521418;Nicht Signifikant;False
7679;PA1929;1992;11;26;11400.0;11400.0;0.0;5700.0;0;0;0;0;0;0;0;0;0.0;0;0;12;0;0;1;436.61690433393903;04;6;X;Industriestrecke;H702;35;Moderat (0° bis 19,99° C);Abend;Klar;Washington;Herbst;Kollision;Switches, Use of;Human Factors;EinzelneWagen, NaN;9670.031385189583;Nicht Signifikant;False
7680;PA20;1986;1;14;11935.0;11935.0;0.0;11935.0;1;0;0;0;0;0;0;0;0.9682052417863254;10;2;81;0;0;0;3712.7315015609447;04;7;2;Depot;H305;40;Moderat (0° bis 19,99° C);Abend;Klar;Washington;Winter;Kollision;General Switching Rules;Human Factors;Depot/Rangieren, EinzelneWagen;10123.844261599796;Nicht Signifikant;False
7681;PA2021;1990;10;16;19500.0;19500.0;0.0;19500.0;0;0;0;0;0;0;0;0;14.903185056657339;0;0;2;0;0;1;132.15280222405482;09;5;4;Hauptstrecke;H402;60;Moderat (0° bis 19,99° C);Tag;Klar;Idaho;Herbst;Kollision;Main Track Authority;Human Factors;EinzelneWagen, EinzelneWagen;16540.84315887692;Nicht Signifikant;False
7682;PA2125;1989;11;9;45300.0;45300.0;0.0;45300.0;3;0;0;2;0;0;0;0;23.86138636621728;57;0;0;0;0;0;6865.647398120594;09;5;3;Hauptstrecke;H101;48;Moderat (0° bis 19,99° C);Morgendämmerung;Wolkig;Washington;Herbst;Kollision;Employee Physical Condition;Human Factors;EinzelneWagen, Güterzug;38425.65103062176;Signifikant;False
7683;PA2226;1990;11;5;8700.0;8700.0;0.0;8700.0;1;0;0;0;0;0;0;0;2.958916643910756;14;1;2;0;0;2;1745.845821250894;01;7;X;Depot;H301;50;Moderat (0° bis 19,99° C);Tag;Wolkig;Oregon;Herbst;Entgleisung;General Switching Rules;Human Factors;Depot/Rangieren, EinzelneWagen;7379.760793960471;Nicht Signifikant;False
7684;PA2261;1990;11;16;15500.0;15500.0;5000.0;10500.0;2;0;0;0;0;0;0;0;9.926406551346263;74;2;0;0;0;0;9808.494024054678;01;6;X;Depot;H306;55;Moderat (0° bis 19,99° C);Tag;Wolkig;Washington;Herbst;Entgleisung;General Switching Rules;Human Factors;EinzelneWagen, Güterzug;13147.849690389345;Nicht Signifikant;True
7685;PA2308;1991;12;18;21000.0;21000.0;0.0;21000.0;4;0;0;0;0;0;0;0;5.0;6;0;5;0;0;0;904.556545413164;04;7;1;Depot;S013;31;Kalt (-30° - 0,01° C);Tag;Wolkig;Washington;Herbst;Kollision;SIGNAL AND COMMUNICATION;Signal and Communication;Depot/Rangieren, Depot/Rangieren;17813.215709559758;Nicht Signifikant;False
7686;PA2350;1991;12;29;11000.0;11000.0;0.0;11000.0;2;0;0;0;0;0;0;0;4.0;8;1;0;0;0;0;999.4483844145525;03;7;1;Industriestrecke;H212;48;Moderat (0° bis 19,99° C);Tag;Wolkig;Washington;Winter;Kollision;Flagging, Fixed, Hand and Radio Signals;Human Factors;Depot/Rangieren, Depot/Rangieren;9330.732038340826;Nicht Signifikant;False
7687;PA238;1985;3;19;11860.0;11860.0;0.0;11860.0;1;0;0;0;0;0;0;0;2.958916643910756;84;0;26;0;0;2;10419.970342364897;04;7;1;Industriestrecke;H401;46;Moderat (0° bis 19,99° C);Tag;Wolkig;Washington;Winter;Kollision;Main Track Authority;Human Factors;Depot/Rangieren, EinzelneWagen;10060.225634065653;Nicht Signifikant;False
7688;PA2421;1991;12;20;25200.0;25200.0;0.0;25200.0;3;0;0;0;0;0;0;0;10.0;11;0;2;0;0;2;1528.7428632521262;02;7;X;Industriestrecke;H999;35;Moderat (0° bis 19,99° C);Tag;Wolkig;Washington;Herbst;Kollision;Miscellaneous;Human Factors;Depot/Rangieren, Güterzug;21375.85885147171;Nicht Signifikant;True
7689;PA2425;1991;12;26;60000.0;60000.0;0.0;60000.0;5;0;0;4;0;0;0;0;9.926406551346263;0;0;0;0;0;0;69.7799471826711;03;8;1;Depot;H307;35;Moderat (0° bis 19,99° C);Abenddämmerung;Wolkig;Washington;Winter;Kollision;General Switching Rules;Human Factors;Lokomotive, Lokomotive;50894.9020273136;Signifikant;False
7690;PA2565;1990;12;21;70000.0;70000.0;0.0;70000.0;2;1;0;1;0;0;0;0;19.879963561968417;7;0;3;0;0;0;824.8899735913355;02;1;2;Hauptstrecke;H404;20;Kalt (-30° - 0,01° C);Tag;Wolkig;Washington;Winter;Kollision;Main Track Authority;Human Factors;Güterzug, Lokomotive;59377.385698532526;Signifikant;False
7691;PA325;1989;3;3;1214150.0;1214150.0;19400.0;321750.0;5;1;0;1;0;0;0;0;52.726701697021525;80;4;31;0;0;6;10255.0;05;1;4;Hauptstrecke;M201;35;Moderat (0° bis 19,99° C);Tag;Klar;Washington;Winter;Kollision;Loading Procedures;Loading;Güterzug, Güterzug;1029900.7549410467;Signifikant;False
7692;PA445;1987;5;7;9080.0;9080.0;0.0;9080.0;2;0;0;0;0;0;0;0;1.9635609428485408;2;0;0;0;0;0;248.647398120594;04;5;1;Depot;H302;60;Moderat (0° bis 19,99° C);Abend;Klar;Washington;Frühling;Kollision;General Switching Rules;Human Factors;EinzelneWagen, Güterzug;7702.095173466791;Nicht Signifikant;False
7693;PA576;1988;6;8;7500.0;7500.0;0.0;7500.0;1;0;0;0;0;0;0;0;2.958916643910756;0;0;9;0;0;1;305.33638380232395;01;5;1;Depot;M503;45;Moderat (0° bis 19,99° C);Abend;Klar;Washington;Frühling;Entgleisung;Other Miscellaneous;Miscellaneous Causes;EinzelneWagen, Güterzug;6361.8627534142;Nicht Signifikant;False
7694;PA58;1988;1;19;11114.0;11114.0;0.0;11114.0;9;0;0;0;0;0;0;0;0.9682052417863254;38;0;23;0;0;1;5094.309548766633;03;7;1;Depot;H301;40;Moderat (0° bis 19,99° C);Abend;Wolkig;Oregon;Winter;Kollision;General Switching Rules;Human Factors;Depot/Rangieren, EinzelneWagen;9427.432352192722;Nicht Signifikant;False
7695;PA61;1985;2;1;18668.0;18668.0;0.0;18668.0;2;1;0;0;0;0;0;0;14.903185056657339;0;0;5;0;0;3;226.45210209583385;01;6;1;Industriestrecke;H401;28;Kalt (-30° - 0,01° C);Abend;Schnee;Washington;Winter;Entgleisung;Main Track Authority;Human Factors;EinzelneWagen, Lokomotive;15835.100517431503;Nicht Signifikant;True
7696;PA828;1986;10;16;5878.0;5878.0;0.0;5878.0;1;0;0;0;0;0;0;0;4.949628046035187;60;0;33;0;0;0;7899.956955900797;04;7;1;Industriestrecke;H306;48;Moderat (0° bis 19,99° C);Abend;Nebel;Washington;Herbst;Kollision;General Switching Rules;Human Factors;Depot/Rangieren, EinzelneWagen;4986.0039019424885;Nicht Signifikant;False
7697;PA887;1989;5;25;310000.0;310000.0;0.0;310000.0;3;0;0;0;0;0;0;0;39.78707758321272;56;0;52;0;0;0;7610.647398120594;09;5;4;Hauptstrecke;H402;55;Moderat (0° bis 19,99° C);Tag;Wolkig;Idaho;Frühling;Kollision;Main Track Authority;Human Factors;EinzelneWagen, Güterzug;262956.9938077869;Signifikant;False
7698;PAL023;1993;7;12;10300.0;10300.0;0.0;10300.0;2;0;0;0;0;0;0;0;8.0;9;0;44;0;0;0;2433.2388172294877;04;7;1;Depot;H021;83;Warm (20° bis 31,99° C);Abenddämmerung;Klar;Kentucky;Sommer;Kollision;Brakes, Use of;Human Factors;Depot/Rangieren, EinzelneWagen;8736.9581813555;Nicht Signifikant;False
7699;PAL033;1996;4;26;8200.0;8200.0;0.0;8200.0;2;0;0;0;0;0;0;0;2.0;4;0;0;0;0;0;496.162247179111;04;6;1;Industriestrecke;H018;51;Moderat (0° bis 19,99° C);Abenddämmerung;Wolkig;Kentucky;Frühling;Kollision;Brakes, Use of;Human Factors;EinzelneWagen, Güterzug;6955.636610399524;Nicht Signifikant;False
7700;PAL035;1996;8;23;17850.0;17850.0;1100.0;16750.0;2;0;0;0;0;0;0;0;7.935695149221832;5;1;19;0;0;3;846.2564391184076;04;7;1;Industriestrecke;H504;70;Warm (20° bis 31,99° C);Tag;Klar;Kentucky;Sommer;Kollision;Train Handling/Train Makeup;Human Factors;Depot/Rangieren, EinzelneWagen;15141.233353125794;Nicht Signifikant;False
7701;PB2107;2007;9;21;10000.0;10000.0;0.0;10000.0;1;0;0;0;0;0;0;0;10.0;16;0;12;0;0;0;2255.2556621826675;04;6;2;Depot;H699;90;Heiß (>= 32° C);Tag;Klar;Louisiana;Sommer;Kollision;Speed;Human Factors;EinzelneWagen, Lokomotive;7117.944337675279;Nicht Signifikant;False
7702;PI080795B;1995;8;8;86420.0;86420.0;220.0;86200.0;5;1;0;1;0;0;0;0;4.0;35;0;20;0;0;5;4667.61818302352;02;7;2;Depot;H306;85;Warm (20° bis 31,99° C);Abend;Wolkig;Illinois;Sommer;Kollision;General Switching Rules;Human Factors;Depot/Rangieren, Lokomotive;73305.62388667402;Signifikant;False
7703;PL006;1989;7;5;26050.0;26050.0;10500.0;15550.0;9;0;0;0;0;0;0;0;19.879963561968417;101;7;1;0;0;0;8826.0;04;1;3;Hauptstrecke;E46C;85;Warm (20° bis 31,99° C);Tag;Wolkig;Kentucky;Sommer;Kollision;Truck Components;Mechanical and Electrical Failures;Güterzug, Güterzug;22096.869963525318;Nicht Signifikant;False
7704;PL012;1991;4;3;24500.0;24500.0;0.0;24500.0;5;0;0;0;0;0;0;0;7.935695149221832;0;0;72;0;0;4;2198.742863252126;04;6;1;Depot;H306;55;Moderat (0° bis 19,99° C);Abend;Wolkig;Kentucky;Frühling;Kollision;General Switching Rules;Human Factors;EinzelneWagen, Güterzug;20782.084994486384;Nicht Signifikant;False
7705;PNW14211D;2011;5;4;609834.0;609834.0;414518.0;195316.0;2;0;0;0;0;0;0;0;5.944983747097401;69;11;10;0;0;0;8345.0;01;6;1;Hauptstrecke;E53C;60;Moderat (0° bis 19,99° C);Tag;Klar;Oregon;Frühling;Entgleisung;Axles and Journal Bearings;Mechanical and Electrical Failures;EinzelneWagen, Güterzug;409779.5995161941;Signifikant;False
7706;PO0094;1995;6;12;14127.0;14127.0;0.0;14127.0;2;0;0;0;0;0;0;0;1.9635609428485408;33;0;15;0;0;0;4280.471109813027;04;7;1;Depot;H310;65;Moderat (0° bis 19,99° C);Tag;Wolkig;Washington;Frühling;Kollision;General Switching Rules;Human Factors;Depot/Rangieren, Depot/Rangieren;11983.204682330987;Nicht Signifikant;False
7707;PO0151;1995;8;28;21000.0;21000.0;2000.0;19000.0;2;0;0;0;0;0;0;0;6.5;6;1;5;0;0;1;890.0;02;1;1;Hauptstrecke;H605;70;Warm (20° bis 31,99° C);Tag;Wolkig;Oregon;Sommer;Kollision;Speed;Human Factors;Güterzug, Güterzug;17813.215709559758;Nicht Signifikant;False
7708;PO0296;1993;7;9;10000.0;10000.0;0.0;10000.0;4;0;0;0;0;0;0;0;5.5;0;0;1;0;0;0;100.22635739365951;09;7;1;Depot;H211;70;Warm (20° bis 31,99° C);Tag;Klar;Oregon;Sommer;Kollision;Flagging, Fixed, Hand and Radio Signals;Human Factors;Depot/Rangieren, Depot/Rangieren;8482.483671218932;Nicht Signifikant;False
7709;PO226;1987;5;31;17400.0;17400.0;0.0;17400.0;3;0;0;1;0;0;0;0;29.83352057259057;10;0;0;0;0;0;927.0;03;1;3;Hauptstrecke;H204;60;Moderat (0° bis 19,99° C);Tag;Wolkig;Oregon;Frühling;Kollision;Flagging, Fixed, Hand and Radio Signals;Human Factors;Güterzug, Güterzug;14759.521587920943;Signifikant;False
7710;PO266;1986;6;29;30000.0;30000.0;0.0;30000.0;6;0;0;0;0;0;0;0;2.958916643910756;21;1;77;0;0;0;4886.357886251613;04;6;2;Hauptstrecke;H306;50;Moderat (0° bis 19,99° C);Abend;Wolkig;Oregon;Sommer;Kollision;General Switching Rules;Human Factors;EinzelneWagen, Güterzug;25447.4510136568;Nicht Signifikant;False
7711;PO51;1987;2;4;23450.0;23450.0;400.0;23050.0;1;0;0;0;0;0;0;0;4.949628046035187;30;0;56;0;0;7;5197.861897211626;04;7;1;Depot;H021;43;Moderat (0° bis 19,99° C);Abend;Wolkig;Oregon;Winter;Kollision;Brakes, Use of;Human Factors;Depot/Rangieren, EinzelneWagen;19891.424209008397;Nicht Signifikant;False
7712;PO59;1987;2;6;16000.0;16000.0;0.0;16000.0;0;0;0;0;0;0;0;0;6.5;0;0;2;0;0;0;130.67276760464793;09;5;4;Hauptstrecke;H402;25;Kalt (-30° - 0,01° C);Tag;Nebel;Washington;Winter;Kollision;Main Track Authority;Human Factors;EinzelneWagen, EinzelneWagen;13571.973873950292;Nicht Signifikant;False
7713;PO81;1985;2;7;15100.0;15100.0;0.0;15100.0;2;0;0;0;0;0;0;0;3.0;30;0;36;0;0;1;4580.053485275415;04;7;1;Depot;H306;35;Moderat (0° bis 19,99° C);Abend;Wolkig;Washington;Winter;Kollision;General Switching Rules;Human Factors;Depot/Rangieren, Depot/Rangieren;12808.550343540588;Nicht Signifikant;False
7714;PR0003;1995;1;9;155000.0;155000.0;0.0;155000.0;5;0;0;2;0;0;0;0;44.763856088523795;0;0;117;0;0;0;3365.336383802324;09;5;4;Hauptstrecke;H402;45;Moderat (0° bis 19,99° C);Tag;Klar;Wyoming;Winter;Kollision;Main Track Authority;Human Factors;EinzelneWagen, Güterzug;131478.49690389345;Signifikant;False
7715;PR0016;1994;1;31;259200.0;259200.0;216000.0;43200.0;8;0;0;0;0;0;0;0;21.870674964092846;230;5;0;0;0;0;30224.0;01;1;4;Hauptstrecke;E40C;10;Kalt (-30° - 0,01° C);Morgendämmerung;Klar;Wyoming;Winter;Entgleisung;Truck Components;Mechanical and Electrical Failures;Güterzug, Güterzug;219865.97675799474;Signifikant;False
7716;PR0020;1995;1;31;7143.0;7143.0;0.0;7143.0;7;0;0;1;0;0;0;0;14.903185056657339;0;0;141;0;0;0;3356.0;02;1;4;Hauptstrecke;H401;38;Moderat (0° bis 19,99° C);Abend;Klar;Wyoming;Winter;Kollision;Main Track Authority;Human Factors;Güterzug, Güterzug;6059.038086351684;Signifikant;False
7717;PR0036;1992;11;27;30000.0;30000.0;0.0;30000.0;1;0;0;0;0;0;0;0;4.949628046035187;1;0;0;0;0;0;183.53737171192955;09;5;1;Hauptstrecke;H017;32;Moderat (0° bis 19,99° C);Tag;Klar;Wyoming;Herbst;Kollision;Brakes, Use of;Human Factors;EinzelneWagen, Lokomotive;25447.4510136568;Nicht Signifikant;False
7718;PR0093;1995;5;12;20500.0;20500.0;0.0;20500.0;0;0;0;0;0;0;0;0;19.879963561968417;2;0;0;0;0;0;297.294796241188;09;5;2;Hauptstrecke;H402;45;Moderat (0° bis 19,99° C);Tag;Wolkig;Wyoming;Frühling;Kollision;Main Track Authority;Human Factors;EinzelneWagen, EinzelneWagen;17389.09152599881;Nicht Signifikant;False
7719;PR0102;1996;3;24;40000.0;40000.0;0.0;40000.0;1;0;0;1;0;0;0;0;29.83352057259057;1;0;0;0;0;0;183.53737171192955;09;5;3;Hauptstrecke;H104;7;Kalt (-30° - 0,01° C);Tag;Wolkig;Wyoming;Frühling;Kollision;Employee Physical Condition;Human Factors;EinzelneWagen, Lokomotive;33929.93468487573;Signifikant;False
7720;PR0104108;2004;1;13;8726.0;8726.0;0.0;8726.0;4;0;0;0;0;0;0;0;3.9542723449729715;18;1;0;0;0;0;1114.8899735913355;01;1;1;Industriestrecke;M501;51;Moderat (0° bis 19,99° C);Tag;Wolkig;Colorado;Winter;Entgleisung;Other Miscellaneous;Miscellaneous Causes;Güterzug, Lokomotive;6844.458388893247;Nicht Signifikant;False
7721;PR0105111;2005;1;20;2437460.0;2437460.0;539113.0;1898355.0;6;0;0;0;0;0;0;0;41.77778898533715;125;33;115;0;0;12;20179.0;01;1;4;Hauptstrecke;E61C;42;Moderat (0° bis 19,99° C);Abend;Klar;Nebraska;Winter;Entgleisung;Wheels;Mechanical and Electrical Failures;Güterzug, Güterzug;1884245.5163883734;Signifikant;False
7722;PR0108108;2008;1;18;460567.0;460567.0;220000.0;240567.0;6;1;0;0;0;0;0;0;12.0;132;4;0;0;0;0;18780.889973591336;01;1;3;Hauptstrecke;E85C;20;Kalt (-30° - 0,01° C);Abend;Wolkig;Nebraska;Winter;Entgleisung;Doors;Mechanical and Electrical Failures;Güterzug, Lokomotive;313866.0215346872;Signifikant;False
7723;PR0109100;2009;1;3;19000.0;19000.0;16000.0;3000.0;8;0;0;0;0;0;0;0;14.5;130;0;125;0;0;0;21142.0;04;1;3;Hauptstrecke;H403;-3;Kalt (-30° - 0,01° C);Abend;Klar;Wyoming;Winter;Kollision;Main Track Authority;Human Factors;Güterzug, Güterzug;13796.775911313356;Nicht Signifikant;False
7724;PR0111106;2011;1;26;10712.0;10712.0;0.0;10712.0;6;0;0;0;0;0;0;0;8.931050850284048;0;0;259;0;0;0;6330.0;04;1;1;Industriestrecke;H607;22;Kalt (-30° - 0,01° C);Abend;Klar;Wyoming;Winter;Kollision;Speed;Human Factors;Güterzug, Güterzug;7829.837000219281;Nicht Signifikant;False
7725;PR0113113;2013;1;23;20224.0;20224.0;0.0;20224.0;4;0;0;0;0;0;0;0;5.0;36;0;41;0;0;1;5414.830083505909;04;7;1;Depot;H020;58;Moderat (0° bis 19,99° C);Tag;Wolkig;Colorado;Winter;Kollision;Brakes, Use of;Human Factors;Depot/Rangieren, Depot/Rangieren;15171.79294823706;Nicht Signifikant;False
7726;PR0115106;2015;1;9;60500.0;60500.0;500.0;60000.0;3;0;0;0;0;0;0;0;9.926406551346263;3;2;0;0;0;0;450.27030276607366;03;7;1;Depot;H018;18;Kalt (-30° - 0,01° C);Abenddämmerung;Klar;South Dakota;Winter;Kollision;Brakes, Use of;Human Factors;Depot/Rangieren, Lokomotive;51214.76339625836;Nicht Signifikant;False
7727;PR0119120;2019;1;22;91453.0;91453.0;0.0;91453.0;2;0;0;0;0;0;0;0;3.9542723449729715;10;0;15;0;0;2;1495.0;01;7;1;Depot;H702;23;Kalt (-30° - 0,01° C);Abenddämmerung;Klar;Colorado;Winter;Entgleisung;Switches, Use of;Human Factors;Depot/Rangieren, EinzelneWagen;80546.94380834949;Nicht Signifikant;False
7728;PR0135;1996;4;15;7000.0;7000.0;0.0;7000.0;0;0;0;0;0;0;0;0;0.9682052417863254;1;0;1;0;0;0;213.98378192291796;09;5;1;Nebenstrecke;H402;60;Moderat (0° bis 19,99° C);Tag;Klar;Nebraska;Frühling;Kollision;Main Track Authority;Human Factors;EinzelneWagen, EinzelneWagen;5937.738569853253;Nicht Signifikant;False
7729;PR0136;1994;7;2;297400.0;297400.0;100000.0;197400.0;8;0;0;0;0;0;0;0;24.856742067279495;41;10;118;0;0;3;8785.0;01;1;4;Hauptstrecke;T109;92;Heiß (>= 32° C);Tag;Klar;Wyoming;Sommer;Entgleisung;Track Geometry;Track, Roadbed and Structures;Güterzug, Güterzug;252269.06438205106;Signifikant;False
7730;PR0163;1994;8;1;47000.0;47000.0;6000.0;41000.0;7;0;0;0;0;0;0;0;11.917117953470694;43;1;118;0;0;2;7470.0;03;1;4;Hauptstrecke;H605;72;Warm (20° bis 31,99° C);Tag;Wolkig;Wyoming;Sommer;Kollision;Speed;Human Factors;Güterzug, Güterzug;39867.67325472898;Nicht Signifikant;False
7731;PR0173;1994;9;7;2690880.0;2690880.0;407600.0;2283278.0;6;5;0;0;0;0;0;0;23.81518182162304;115;18;15;0;0;9;16641.56843485727;01;6;1;Depot;H099;74;Warm (20° bis 31,99° C);Tag;Klar;Wyoming;Sommer;Entgleisung;Brakes, Use of;Human Factors;EinzelneWagen, Güterzug, Güterzug;2282534.5661209603;Schwer;True
7732;PR0203105;2003;2;6;215400.0;215400.0;400.0;215000.0;7;0;0;2;0;0;0;0;14.5;134;1;0;0;0;0;17758.889973591336;03;1;4;Hauptstrecke;H309;12;Kalt (-30° - 0,01° C);Abend;Schnee;Nebraska;Winter;Kollision;General Switching Rules;Human Factors;Güterzug, Lokomotive;199204.66105613616;Signifikant;False
7733;PR0207107;2007;2;11;2155329.0;2155329.0;412000.0;1743329.0;6;0;0;0;0;0;0;0;43.768500387461586;123;23;117;0;0;5;20359.0;01;1;4;Hauptstrecke;E54C;29;Kalt (-30° - 0,01° C);Abend;Klar;Wyoming;Winter;Entgleisung;Axles and Journal Bearings;Mechanical and Electrical Failures;Güterzug, Güterzug;1661395.9762583827;Signifikant;False
7734;PR0213101;2013;2;7;104000.0;104000.0;0.0;104000.0;5;0;0;0;0;0;0;0;14.903185056657339;0;0;135;0;0;0;3423.8899735913355;03;1;2;Hauptstrecke;H605;40;Moderat (0° bis 19,99° C);Tag;Klar;Nebraska;Winter;Kollision;Speed;Human Factors;Güterzug, Lokomotive;76775.43186180422;Nicht Signifikant;False
7735;PR0214110;2014;2;15;159275.0;159275.0;13108.0;146167.0;5;0;0;0;0;0;0;0;6.940339448159618;10;0;127;0;0;3;5173.512571586557;01;7;1;Depot;E46C;45;Moderat (0° bis 19,99° C);Tag;Klar;Colorado;Winter;Entgleisung;Truck Components;Mechanical and Electrical Failures;Depot/Rangieren, Güterzug;116222.36275630578;Nicht Signifikant;False
7736;PR0219104;2019;2;4;1735220.0;1735220.0;210000.0;1525220.0;7;3;0;2;0;0;0;0;22.866030665155062;259;5;0;0;0;0;36700.0;03;1;4;Hauptstrecke;H605;27;Kalt (-30° - 0,01° C);Tag;Wolkig;Wyoming;Winter;Kollision;Speed;Human Factors;Güterzug, Güterzug;1516138.0515508954;Signifikant;False
7737;PR0303100;2003;3;2;279321.0;279321.0;119458.0;159863.0;8;0;0;0;0;0;0;0;15.898540757719555;251;8;0;0;0;0;33034.0;03;1;2;Nebenstrecke;H605;21;Kalt (-30° - 0,01° C);Abend;Klar;Colorado;Winter;Kollision;Speed;Human Factors;Güterzug, Güterzug;258774.31906614787;Signifikant;False
7738;PR0305114;2005;3;19;18522.0;18522.0;3000.0;15522.0;2;1;0;0;0;0;0;0;6.940339448159618;2;0;21;0;0;0;936.6694106719449;01;7;1;Depot;T311;42;Moderat (0° bis 19,99° C);Tag;Klar;Colorado;Winter;Entgleisung;Frogs, Switches and Track Appliances;Track, Roadbed and Structures;Depot/Rangieren, Depot/Rangieren;13976.406670523429;Nicht Signifikant;False