index;INCDTNO;YEAR4;MONTH;DAY;ACCDMG;INFRASTRUCTURE_DMG;TRKDMG;EQPDMG;LOCOMOTIVES1;LOCOMOTIVES2;RREMPKLD;RREMPINJ;PASSKLD;PASSINJ;OTHERKLD;OTHERINJ;SPEED;LOADF1;LOADF2;EMPTYF1;EMPTYP1;LOADP1;EMPTYF2;TONS;TYPE;TYPEQ;TRKCLAS;TYPTRK;ACCAUSE;TEMP;TEMP_CLUSTER;VISIBLTY;WEATHER;STATE;Jahreszeit;ACCIDENT_TYPE;ACCCAUSE_LVL1;ACCCAUSE_LVL2;EQUIPMENT_TYPE;ACCDMG_EUR;ACCTYPE;SPD_TOO_HIGH
7739;PR0311101;2011;3;10;4104114.0;4104114.0;250000.0;3854114.0;6;0;0;0;0;0;0;0;45.5;128;52;150;0;0;20;21490.0;01;1;4;Hauptstrecke;T213;22;Kalt (-30° - 0,01° C);Abend;Klar;Nebraska;Winter;Entgleisung;Rail, Joint Bar and Rail Anchoring;Track, Roadbed and Structures;Güterzug, Güterzug;2970336.541941087;Schwer;False
7740;PR0311102;2011;3;9;12493.0;12493.0;0.0;12493.0;5;0;0;0;0;0;0;0;8.931050850284048;123;0;0;0;0;0;17483.889973591336;03;1;4;Hauptstrecke;H601;4;Kalt (-30° - 0,01° C);Abend;Klar;Nebraska;Winter;Kollision;Speed;Human Factors;Güterzug, Lokomotive;8969.70132107984;Nicht Signifikant;False
7741;PR0314106;2014;3;8;246066.0;246066.0;114749.0;131317.0;4;0;0;0;0;0;0;0;7.5;2;2;20;0;0;7;955.8013247924318;01;7;1;Depot;H318;45;Moderat (0° bis 19,99° C);Abenddämmerung;Klar;Colorado;Winter;Entgleisung;General Switching Rules;Human Factors;Depot/Rangieren, Depot/Rangieren;177157.59917444622;Signifikant;False
7742;PR0315121;2015;3;9;105000.0;105000.0;0.0;105000.0;0;0;0;0;0;0;0;0;9.926406551346263;2;0;0;0;0;0;297.294796241188;03;A;4;Hauptstrecke;H997;50;Moderat (0° bis 19,99° C);Tag;Klar;Nebraska;Winter;Kollision;Miscellaneous;Human Factors;Wartungszug, Wartungszug;96685.08287292816;Nicht Signifikant;False
7743;PR0316103;2016;3;9;170247.0;170247.0;0.0;170247.0;3;0;0;0;0;0;0;0;8.931050850284048;10;0;48;0;0;1;2670.2619172221066;05;7;1;Depot;H307;55;Moderat (0° bis 19,99° C);Tag;Klar;Colorado;Winter;Kollision;General Switching Rules;Human Factors;Depot/Rangieren, EinzelneWagen;155150.82475166317;Signifikant;False
7744;PR0317;1996;8;19;412000.0;412000.0;0.0;412000.0;0;0;0;0;0;0;0;0;24.808989423039325;1;0;2;0;0;0;279.3201657252419;03;5;3;Hauptstrecke;H402;75;Warm (20° bis 31,99° C);Tag;Klar;Wyoming;Sommer;Kollision;Main Track Authority;Human Factors;EinzelneWagen, EinzelneWagen, EinzelneWagen;349478.32725422;Signifikant;False
7745;PR0418115;2018;4;21;25000.0;25000.0;0.0;25000.0;5;0;0;0;0;0;0;0;11.917117953470694;135;0;0;0;0;0;19187.889973591336;03;1;4;Hauptstrecke;H601;40;Moderat (0° bis 19,99° C);Morgendämmerung;Regen;Nebraska;Frühling;Kollision;Speed;Human Factors;Güterzug, Lokomotive;20349.46820056436;Nicht Signifikant;False
7746;PR0499104;1999;4;8;6650.0;6650.0;0.0;6650.0;5;0;0;0;0;0;0;0;9.926406551346263;117;0;0;0;0;0;15675.889973591336;02;1;4;Hauptstrecke;H605;44;Moderat (0° bis 19,99° C);Tag;Regen;Nebraska;Frühling;Kollision;Speed;Human Factors;Güterzug, Lokomotive;6147.162137178776;Nicht Signifikant;False
7747;PR0502107;2002;5;11;298911.0;298911.0;3000.0;295911.0;4;2;0;4;0;0;0;0;28.838164871528356;123;1;119;0;0;5;20566.0;02;1;4;Hauptstrecke;H215;34;Moderat (0° bis 19,99° C);Tag;Regen;Wyoming;Frühling;Kollision;Flagging, Fixed, Hand and Radio Signals;Human Factors;Güterzug, Güterzug;327825.180960737;Signifikant;False
7748;PR0503101;2003;5;5;293792.0;293792.0;71586.0;222206.0;8;1;0;0;0;0;0;0;19.839951415957888;77;7;166;0;0;7;13811.0;03;1;4;Hauptstrecke;H605;64;Moderat (0° bis 19,99° C);Tag;Wolkig;Nebraska;Frühling;Kollision;Speed;Human Factors;Güterzug, Güterzug, Güterzug;261893.38563023714;Signifikant;False
7749;PR0506109;2006;5;17;1530590.0;1530590.0;43000.0;1487588.0;6;3;0;2;0;0;0;0;37.79636618108829;255;7;0;0;0;0;36313.0;03;1;4;Hauptstrecke;H221;62;Moderat (0° bis 19,99° C);Tag;Klar;Nebraska;Frühling;Kollision;Flagging, Fixed, Hand and Radio Signals;Human Factors;Güterzug, Güterzug;1188161.7761217202;Signifikant;False
7750;PR0515113;2015;5;22;1004385.0;1004385.0;579798.0;424587.0;4;0;0;0;0;0;0;0;8.931050850284048;120;6;36;0;0;0;18215.96074118692;01;6;1;Hauptstrecke;T101;58;Moderat (0° bis 19,99° C);Tag;Wolkig;Montana;Frühling;Entgleisung;Track Geometry;Track, Roadbed and Structures;EinzelneWagen, Güterzug;899664.098889287;Signifikant;False
7751;PR0601109;2001;6;26;1545640.0;1545640.0;94000.0;1451637.0;7;2;0;1;0;0;0;0;21.82756661879046;257;7;110;0;0;1;38779.0;03;1;4;Hauptstrecke;H605;86;Warm (20° bis 31,99° C);Tag;Klar;Nebraska;Sommer;Kollision;Speed;Human Factors;Güterzug, Güterzug, Güterzug;1794959.934966903;Signifikant;False
7752;PR0603100;2003;6;3;24054.0;24054.0;2500.0;21554.0;10;0;0;0;0;0;0;0;9.901875401795017;60;1;59;0;0;4;7704.742863252126;03;6;4;Hauptstrecke;H306;60;Moderat (0° bis 19,99° C);Tag;Wolkig;Wyoming;Frühling;Kollision;General Switching Rules;Human Factors;EinzelneWagen, Güterzug, Güterzug;20518.638573743923;Nicht Signifikant;False
7753;PR0603112;2003;6;28;102597.0;102597.0;10000.0;92597.0;5;0;0;0;0;0;0;0;5.944983747097401;27;0;94;0;0;10;2047.2363345786812;05;7;1;Depot;H306;75;Warm (20° bis 31,99° C);Tag;Klar;Colorado;Sommer;Kollision;General Switching Rules;Human Factors;Depot/Rangieren, Güterzug;89858.11461769772;Nicht Signifikant;False
7754;PR0603114;2003;6;30;16500.0;16500.0;2000.0;14500.0;7;0;0;0;0;0;0;0;5.0;139;1;102;0;0;2;19733.0;01;1;1;Depot;H306;75;Warm (20° bis 31,99° C);Abend;Klar;Colorado;Sommer;Entgleisung;General Switching Rules;Human Factors;Güterzug, Güterzug;14439.48542924652;Nicht Signifikant;False
7755;PR0605127;2005;6;23;23000.0;23000.0;500.0;22500.0;2;0;0;0;0;0;0;0;2.5;2;2;1;0;0;1;368.43932306721047;01;7;1;Depot;H307;75;Warm (20° bis 31,99° C);Tag;Klar;Colorado;Sommer;Entgleisung;General Switching Rules;Human Factors;Depot/Rangieren, Depot/Rangieren;19061.826620255266;Nicht Signifikant;False
7756;PR0610105;2010;6;15;18500.0;18500.0;0.0;18500.0;5;0;0;0;0;0;0;0;10.921762252408477;120;0;0;0;0;0;17052.889973591336;03;1;2;Depot;H607;45;Moderat (0° bis 19,99° C);Abend;Nebel;Wyoming;Frühling;Kollision;Speed;Human Factors;Güterzug, Lokomotive;15092.184695708926;Nicht Signifikant;False
7757;PR0614109;2014;6;26;63692.0;63692.0;0.0;63692.0;4;0;0;0;0;0;0;0;19.879963561968417;129;0;120;0;0;4;20994.0;01;1;2;Depot;H318;80;Warm (20° bis 31,99° C);Tag;Klar;Nebraska;Sommer;Entgleisung;General Switching Rules;Human Factors;Güterzug, Güterzug;46811.70072027047;Nicht Signifikant;False
7758;PR0614120;2014;6;24;16772.0;16772.0;0.0;16772.0;3;0;0;0;0;0;0;0;4.949628046035187;17;0;57;0;0;1;3985.8838290846106;04;7;1;Depot;H318;60;Moderat (0° bis 19,99° C);Morgendämmerung;Klar;Wyoming;Sommer;Kollision;General Switching Rules;Human Factors;Depot/Rangieren, Güterzug;12316.052283742107;Nicht Signifikant;False
7759;PR0615102;2015;6;7;675615.0;675615.0;538485.0;137130.0;4;0;0;0;0;0;0;0;13.907829355595124;125;2;0;0;0;0;17406.256439118406;01;5;2;Hauptstrecke;T001;52;Moderat (0° bis 19,99° C);Morgendämmerung;Klar;Wyoming;Frühling;Entgleisung;Roadbed;Track, Roadbed and Structures;EinzelneWagen, Güterzug;604270.765011031;Signifikant;False
7760;PR0617110;2017;6;13;15868.0;15868.0;1800.0;14068.0;4;0;0;0;0;0;0;0;3.9542723449729715;33;1;31;0;0;0;4787.222714186655;01;7;1;Depot;H309;65;Moderat (0° bis 19,99° C);Abend;Klar;Colorado;Frühling;Entgleisung;General Switching Rules;Human Factors;Depot/Rangieren, Depot/Rangieren;14146.384951413034;Nicht Signifikant;False
7761;PR0704106;2004;7;11;38112.0;38112.0;0.0;38112.0;4;1;0;0;0;0;0;0;3.9542723449729715;1;0;35;0;0;3;1209.3258593865246;01;7;1;Depot;H607;60;Moderat (0° bis 19,99° C);Abend;Klar;Colorado;Sommer;Entgleisung;Speed;Human Factors;Depot/Rangieren, Güterzug;30763.601140827635;Nicht Signifikant;False
7762;PR0715107;2015;7;17;12322.0;12322.0;0.0;12322.0;1;0;0;0;0;0;0;0;7.935695149221832;0;0;29;0;0;1;954.2058779207422;04;7;1;Depot;H607;73;Warm (20° bis 31,99° C);Abenddämmerung;Klar;Nebraska;Sommer;Kollision;Speed;Human Factors;Depot/Rangieren, EinzelneWagen;11316.006979520618;Nicht Signifikant;False
7763;PR0715113;2015;7;27;49575.0;49575.0;0.0;49575.0;2;0;0;0;0;0;0;0;8.931050850284048;0;0;17;0;0;1;1583.8164184217308;04;5;1;Industriestrecke;H307;55;Moderat (0° bis 19,99° C);Abenddämmerung;Klar;Wyoming;Sommer;Kollision;General Switching Rules;Human Factors;EinzelneWagen, Güterzug;44831.79598480738;Nicht Signifikant;False
7764;PR0715122;2015;7;31;61453.0;61453.0;7000.0;54453.0;2;0;0;0;0;0;0;0;5.944983747097401;90;1;46;0;0;6;12676.647111846294;01;6;1;Depot;E35C;90;Heiß (>= 32° C);Tag;Klar;Colorado;Sommer;Entgleisung;Coupler and Draft System;Mechanical and Electrical Failures;EinzelneWagen, Güterzug;56034.46703747606;Nicht Signifikant;False
7765;PR0719105;2019;7;8;110523.0;110523.0;0.0;110523.0;6;0;0;0;0;0;0;0;2.958916643910756;11;0;69;0;0;0;4125.0;04;7;1;Depot;H702;80;Warm (20° bis 31,99° C);Tag;Klar;Colorado;Sommer;Kollision;Switches, Use of;Human Factors;Depot/Rangieren, Güterzug;98549.2643780651;Nicht Signifikant;False
7766;PR0775;1995;12;17;24500.0;24500.0;0.0;24500.0;3;0;0;0;0;0;0;0;8.931050850284048;0;0;13;0;0;0;465.5832799255205;04;7;1;Depot;H302;40;Moderat (0° bis 19,99° C);Abend;Klar;Wyoming;Herbst;Kollision;General Switching Rules;Human Factors;Depot/Rangieren, EinzelneWagen;20782.084994486384;Nicht Signifikant;False
7767;PR0776;1995;12;17;9000.0;9000.0;0.0;9000.0;1;0;0;0;0;0;0;0;9.926406551346263;0;0;36;0;0;0;3038.818177811104;04;6;1;Depot;H302;40;Moderat (0° bis 19,99° C);Abend;Klar;Wyoming;Herbst;Kollision;General Switching Rules;Human Factors;EinzelneWagen, Güterzug;7634.235304097039;Nicht Signifikant;False
7768;PR0799112;1999;7;31;12500.0;12500.0;0.0;12500.0;8;0;0;0;0;0;0;0;8.931050850284048;125;0;0;0;0;0;17662.889973591336;04;1;2;Depot;H702;60;Moderat (0° bis 19,99° C);Abend;Klar;Nebraska;Sommer;Kollision;Switches, Use of;Human Factors;Güterzug, Lokomotive;11699.37291361183;Nicht Signifikant;False
7769;PR0806102;2006;8;3;17846.0;17846.0;0.0;17846.0;4;0;0;0;0;0;0;0;1.5;3;2;1;0;0;0;480.7167129770621;01;7;1;Depot;H312;85;Warm (20° bis 31,99° C);Tag;Regen;Colorado;Sommer;Entgleisung;General Switching Rules;Human Factors;Depot/Rangieren, Depot/Rangieren;13962.913700023471;Nicht Signifikant;False
7770;PR0806119;2006;8;31;18842.0;18842.0;0.0;18842.0;2;0;0;0;0;0;0;0;3.9542723449729715;1;1;110;0;0;4;3586.256439118408;05;5;1;Industriestrecke;H702;68;Warm (20° bis 31,99° C);Abend;Klar;Colorado;Sommer;Kollision;Switches, Use of;Human Factors;EinzelneWagen, Güterzug;14661.894016029883;Nicht Signifikant;False
7771;PR0807102;2007;8;3;60500.0;60500.0;500.0;60000.0;2;0;0;0;0;0;0;0;3.9542723449729715;35;0;86;0;0;6;7390.168793990197;01;6;1;Depot;E40C;85;Warm (20° bis 31,99° C);Tag;Klar;Nebraska;Sommer;Entgleisung;Truck Components;Mechanical and Electrical Failures;EinzelneWagen, Güterzug;44179.93281729225;Nicht Signifikant;False
7772;PR0808103;2008;8;8;343974.0;343974.0;80000.0;263974.0;6;1;0;0;0;0;0;0;9.926406551346263;258;1;0;0;0;0;36861.0;01;1;1;Depot;E40C;87;Warm (20° bis 31,99° C);Tag;Klar;Nebraska;Sommer;Entgleisung;Truck Components;Mechanical and Electrical Failures;Güterzug, Güterzug;228190.26137720578;Signifikant;False
7773;PR0815108;2015;8;13;19700.0;19700.0;1000.0;18700.0;4;0;0;0;0;0;0;0;13.907829355595124;0;0;123;0;0;0;2694.8899735913355;02;1;4;Hauptstrecke;H017;71;Warm (20° bis 31,99° C);Tag;Klar;Wyoming;Sommer;Kollision;Brakes, Use of;Human Factors;Güterzug, Lokomotive;17733.369340174635;Nicht Signifikant;False
7774;PR0817106;2017;8;6;18685.0;18685.0;3300.0;15385.0;3;0;0;0;0;0;0;0;4.0;29;0;64;0;0;1;5318.795546653832;01;7;1;Depot;H318;77;Warm (20° bis 31,99° C);Tag;Wolkig;Colorado;Sommer;Entgleisung;General Switching Rules;Human Factors;Depot/Rangieren, Depot/Rangieren;15807.061079465344;Nicht Signifikant;False
7775;PR0818110;2018;8;31;331952.0;331952.0;500.0;331452.0;6;0;0;0;0;0;0;0;5.944983747097401;6;0;12;0;0;3;1006.0;01;7;1;Depot;H704;71;Warm (20° bis 31,99° C);Morgendämmerung;Wolkig;Colorado;Sommer;Entgleisung;Switches, Use of;Human Factors;Depot/Rangieren, Güterzug;284912.88301433355;Signifikant;False
7776;PR0902114;2002;9;23;16697.0;16697.0;250.0;16447.0;3;0;0;0;0;0;0;0;7.935695149221832;61;0;35;0;0;4;8775.816418421731;01;5;1;Depot;T314;55;Moderat (0° bis 19,99° C);Morgendämmerung;Klar;Colorado;Herbst;Entgleisung;Frogs, Switches and Track Appliances;Track, Roadbed and Structures;EinzelneWagen, Güterzug;16984.030108839386;Nicht Signifikant;False
7777;PR0904123;2004;9;12;12261.0;12261.0;0.0;12261.0;4;0;0;0;0;0;0;0;1.9635609428485408;41;0;0;0;0;0;4733.834352882268;05;7;1;Depot;H318;75;Warm (20° bis 31,99° C);Abenddämmerung;Klar;Colorado;Sommer;Kollision;General Switching Rules;Human Factors;Depot/Rangieren, Depot/Rangieren;10025.07426889428;Nicht Signifikant;False
7778;PR0904127;2004;9;18;27429.0;27429.0;0.0;27429.0;7;1;0;0;0;0;0;0;5.944983747097401;0;0;0;0;0;0;69.7799471826711;05;7;1;Depot;H306;60;Moderat (0° bis 19,99° C);Morgendämmerung;Klar;Colorado;Sommer;Kollision;General Switching Rules;Human Factors;Depot/Rangieren, Lokomotive;22511.079498823656;Nicht Signifikant;False
7779;PR0907109;2007;9;18;442705.0;442705.0;25000.0;417705.0;7;0;0;0;0;0;0;0;6.0;135;7;125;0;0;0;22263.0;01;1;1;Industriestrecke;H306;60;Moderat (0° bis 19,99° C);Tag;Wolkig;Wyoming;Sommer;Entgleisung;General Switching Rules;Human Factors;Güterzug, Güterzug;319250.7391649239;Signifikant;False
7780;PR0910107;2010;9;28;288273.0;288273.0;2000.0;286273.0;7;1;0;0;0;0;0;0;7.5;147;0;1;0;0;0;20648.212600799718;04;7;2;Depot;H607;44;Moderat (0° bis 19,99° C);Abend;Klar;Wyoming;Herbst;Kollision;Speed;Human Factors;Depot/Rangieren, Güterzug;214170.1337295691;Signifikant;False
7781;PR0915112;2015;9;23;16947.0;16947.0;250.0;16697.0;4;0;0;0;0;0;0;0;5.0;17;0;37;0;0;1;3131.653376606044;05;7;1;Depot;H306;85;Warm (20° bis 31,99° C);Tag;Klar;Colorado;Herbst;Kollision;General Switching Rules;Human Factors;Depot/Rangieren, Lokomotive;15199.103139013452;Nicht Signifikant;False
7782;PR1004108;2004;10;11;8800.0;8800.0;0.0;8800.0;7;0;0;0;0;0;0;0;6.940339448159618;67;0;13;0;0;1;9448.889973591336;01;1;2;Hauptstrecke;H104;42;Moderat (0° bis 19,99° C);Abend;Klar;Nebraska;Herbst;Entgleisung;Employee Physical Condition;Human Factors;Güterzug, Lokomotive;7101.3557133634595;Nicht Signifikant;False
7783;PR1005112;2005;10;16;73029.0;73029.0;60000.0;13029.0;2;0;0;0;0;0;0;0;6.940339448159618;3;3;0;0;0;0;469.8793437638873;01;7;1;Depot;H312;68;Warm (20° bis 31,99° C);Tag;Klar;Colorado;Herbst;Entgleisung;General Switching Rules;Human Factors;Depot/Rangieren, EinzelneWagen;60784.895818883;Nicht Signifikant;False
7784;PR1007111;2007;10;25;22533.0;22533.0;1800.0;20733.0;1;0;0;0;0;0;0;0;0.9682052417863254;5;0;14;0;0;2;1067.7768820216152;01;6;1;Depot;H021;34;Moderat (0° bis 19,99° C);Morgendämmerung;Klar;Nebraska;Herbst;Entgleisung;Brakes, Use of;Human Factors;EinzelneWagen, Lokomotive;15747.431686351247;Nicht Signifikant;False
7785;PR1009102;2009;10;12;52440.0;52440.0;0.0;52440.0;5;0;0;0;0;0;0;0;20.875319263030633;0;0;112;0;0;0;2439.0;03;1;4;Hauptstrecke;H605;20;Kalt (-30° - 0,01° C);Abend;Klar;Wyoming;Herbst;Kollision;Speed;Human Factors;Güterzug, Lokomotive;35516.42397561802;Nicht Signifikant;False
7786;PR1009103;2009;10;20;254535.0;254535.0;41000.0;213535.0;7;0;0;2;0;0;0;0;11.0;0;0;250;0;0;5;5330.0;04;1;2;Hauptstrecke;H221;35;Moderat (0° bis 19,99° C);Abend;Wolkig;Wyoming;Herbst;Kollision;Flagging, Fixed, Hand and Radio Signals;Human Factors;Güterzug, Güterzug;170018.70282546256;Signifikant;False
7787;PR1011101;2011;10;10;251227.0;251227.0;35927.0;215300.0;6;2;0;0;0;0;0;0;13.907829355595124;258;3;0;0;0;0;35558.0;03;1;4;Hauptstrecke;H104;55;Moderat (0° bis 19,99° C);Morgendämmerung;Klar;Nebraska;Herbst;Kollision;Employee Physical Condition;Human Factors;Güterzug, Güterzug;184820.86367983522;Signifikant;False
7788;PR1016108;2016;10;19;15300.0;15300.0;0.0;15300.0;0;0;0;0;0;0;0;0;4.949628046035187;0;0;2;0;0;0;130.67276760464793;03;A;4;Hauptstrecke;H997;61;Moderat (0° bis 19,99° C);Tag;Klar;Montana;Herbst;Kollision;Miscellaneous;Human Factors;Wartungszug, Wartungszug;13935.695418526277;Nicht Signifikant;False
7789;PR1018107;2018;10;11;68246.0;68246.0;1500.0;66746.0;4;0;0;0;0;0;0;0;5.944983747097401;18;2;19;0;0;0;2984.8899735913355;01;7;1;Depot;H307;45;Moderat (0° bis 19,99° C);Morgendämmerung;Regen;Colorado;Herbst;Entgleisung;General Switching Rules;Human Factors;Depot/Rangieren, Lokomotive;58959.82721382289;Nicht Signifikant;False
7790;PR1019108;2019;10;11;1306925.0;1306925.0;15000.0;1291925.0;6;1;0;0;0;0;0;0;25.852097768341707;0;0;274;0;0;4;6281.0;03;1;4;Hauptstrecke;H605;35;Moderat (0° bis 19,99° C);Abend;Klar;Nebraska;Herbst;Kollision;Speed;Human Factors;Güterzug, Güterzug;1183487.2770080594;Signifikant;False
7791;PR1098140;1998;10;16;10475.0;10475.0;0.0;8675.0;6;0;0;0;0;0;0;0;5.0;46;1;14;0;0;1;5066.889973591336;04;1;1;Depot;H209;42;Moderat (0° bis 19,99° C);Tag;Regen;Montana;Herbst;Kollision;Flagging, Fixed, Hand and Radio Signals;Human Factors;Güterzug, Lokomotive;8885.401645601833;Nicht Signifikant;False
7792;PR1103100;2003;11;2;15400.0;15400.0;0.0;15400.0;3;0;0;0;0;0;0;0;4.949628046035187;23;0;51;0;0;3;4537.816418421731;01;5;1;Depot;H703;52;Moderat (0° bis 19,99° C);Abend;Wolkig;Colorado;Herbst;Entgleisung;Switches, Use of;Human Factors;EinzelneWagen, Güterzug;13275.862068965518;Nicht Signifikant;False
7793;PR1103106;2003;11;22;27493.0;27493.0;0.0;27493.0;2;0;0;0;0;0;0;0;6.0;14;0;27;0;0;0;2474.1397165451735;05;7;1;Depot;H607;30;Kalt (-30° - 0,01° C);Morgendämmerung;Wolkig;Colorado;Herbst;Kollision;Speed;Human Factors;Depot/Rangieren, Güterzug;23154.59981471604;Nicht Signifikant;False
7794;PR1107105;2007;11;23;342030.0;342030.0;77100.0;264930.0;6;1;0;0;0;0;0;0;7.935695149221832;168;7;68;0;0;0;25437.0;01;1;1;Depot;T207;2;Kalt (-30° - 0,01° C);Abend;Klar;Nebraska;Herbst;Entgleisung;Rail, Joint Bar and Rail Anchoring;Track, Roadbed and Structures;Güterzug, Güterzug;230960.90215409547;Signifikant;False
7795;PR1116105;2016;11;8;52379.0;52379.0;3600.0;48779.0;1;0;0;0;0;0;0;0;7.935695149221832;51;1;39;0;0;7;8294.408628650977;01;6;1;Depot;H525;60;Moderat (0° bis 19,99° C);Abenddämmerung;Klar;Colorado;Herbst;Entgleisung;Train Handling/Train Makeup;Human Factors;EinzelneWagen, Güterzug;47453.34299691974;Nicht Signifikant;False
7796;PR1117108;2017;11;12;56100.0;56100.0;0.0;56100.0;5;0;0;0;0;0;0;0;5.944983747097401;0;0;0;0;0;0;69.7799471826711;04;8;1;Depot;H307;40;Moderat (0° bis 19,99° C);Morgendämmerung;Klar;Colorado;Herbst;Kollision;General Switching Rules;Human Factors;Lokomotive, Lokomotive;48132.471543785396;Nicht Signifikant;False
7797;PR1200104;2000;12;9;17009.0;17009.0;0.0;17009.0;1;0;0;0;0;0;0;0;4.0;0;0;9;0;0;1;345.27767370097376;01;7;1;Depot;M105;12;Kalt (-30° - 0,01° C);Abend;Wolkig;Nebraska;Herbst;Entgleisung;Environmental Conditions;Environmental Conditions;Depot/Rangieren, EinzelneWagen;19187.410694141538;Nicht Signifikant;False
7798;PR1203112;2003;12;14;13472.0;13472.0;7400.0;6072.0;4;1;0;0;0;0;0;0;4.949628046035187;6;1;0;0;0;0;771.9335353560355;01;7;1;Depot;H317;35;Moderat (0° bis 19,99° C);Abend;Wolkig;Colorado;Herbst;Entgleisung;General Switching Rules;Human Factors;Depot/Rangieren, Depot/Rangieren;11008.334695211635;Nicht Signifikant;False
7799;PR1210101;2010;12;2;17000.0;17000.0;0.0;17000.0;6;0;0;1;0;0;0;0;17.0;118;0;0;0;0;0;16829.889973591336;03;1;2;Hauptstrecke;M599;20;Kalt (-30° - 0,01° C);Abend;Klar;Wyoming;Herbst;Kollision;Other Miscellaneous;Miscellaneous Causes;Güterzug, Lokomotive;12922.843025465603;Signifikant;False
7800;PR1211103;2011;12;10;86200.0;86200.0;3500.0;82700.0;3;0;0;0;0;0;0;0;6.5;0;0;140;0;0;4;3074.042163123905;04;6;1;Depot;H309;43;Moderat (0° bis 19,99° C);Tag;Klar;Nebraska;Herbst;Kollision;General Switching Rules;Human Factors;EinzelneWagen, Güterzug;64619.305829730874;Nicht Signifikant;False
7801;PR1215105;2015;12;7;839880.0;839880.0;226251.0;613629.0;6;0;0;0;0;0;0;0;7.5;0;0;138;0;0;4;3052.9749143070685;01;6;1;Depot;M105;36;Moderat (0° bis 19,99° C);Abend;Klar;Nebraska;Herbst;Entgleisung;Environmental Conditions;Environmental Conditions;EinzelneWagen, Güterzug;777019.1507077436;Signifikant;False
7802;PR1215108;2015;12;8;17500.0;17500.0;0.0;17500.0;3;0;0;0;0;0;0;0;4.5;17;0;9;0;0;0;2277.673856078961;04;7;1;Depot;H018;48;Moderat (0° bis 19,99° C);Abenddämmerung;Klar;Colorado;Herbst;Kollision;Brakes, Use of;Human Factors;Depot/Rangieren, EinzelneWagen;16091.954022988508;Nicht Signifikant;False
7803;PR1297104;1997;12;7;79100.0;79100.0;24000.0;55100.0;5;0;0;0;0;0;0;0;9.926406551346263;232;6;0;0;0;0;30029.0;01;1;1;Depot;T220;26;Kalt (-30° - 0,01° C);Abend;Klar;Nebraska;Herbst;Entgleisung;Rail, Joint Bar and Rail Anchoring;Track, Roadbed and Structures;Güterzug, Güterzug;67096.44583934176;Nicht Signifikant;False
7804;PR1298101;1998;12;2;99518.0;99518.0;0.0;99518.0;5;0;0;0;0;0;0;0;7.5;126;0;10;0;0;0;16711.928320993804;04;7;1;Depot;H399;50;Moderat (0° bis 19,99° C);Tag;Klar;Nebraska;Herbst;Kollision;General Switching Rules;Human Factors;Depot/Rangieren, Güterzug;84415.98099923658;Nicht Signifikant;False
7805;PS0009;1994;1;10;36473.0;36473.0;2000.0;34473.0;2;0;0;0;0;0;0;0;4.949628046035187;9;1;66;0;0;7;3133.0291252048946;01;7;1;Depot;S006;43;Moderat (0° bis 19,99° C);Tag;Klar;Washington;Winter;Entgleisung;SIGNAL AND COMMUNICATION;Signal and Communication;Depot/Rangieren, EinzelneWagen;30938.16269403681;Nicht Signifikant;False
7806;PS0012;1995;1;24;32000.0;32000.0;0.0;32000.0;4;0;0;0;0;0;0;0;4.949628046035187;21;0;10;0;0;0;2763.149964406983;09;6;1;Depot;H302;40;Moderat (0° bis 19,99° C);Morgendämmerung;Wolkig;Oregon;Winter;Kollision;General Switching Rules;Human Factors;EinzelneWagen, Lokomotive;27143.947747900584;Nicht Signifikant;False
7807;PS0016;1993;1;16;13000.0;13000.0;1000.0;12000.0;2;0;0;0;0;0;0;0;5.0;63;6;4;0;0;0;7475.93757935679;01;7;1;Depot;S007;20;Kalt (-30° - 0,01° C);Abend;Wolkig;Washington;Winter;Entgleisung;SIGNAL AND COMMUNICATION;Signal and Communication;Depot/Rangieren, EinzelneWagen;11027.228772584613;Nicht Signifikant;False
7808;PS0025;1992;11;2;13250.0;13250.0;0.0;13250.0;4;0;0;0;0;0;0;0;2.5;7;0;0;0;0;0;866.0819188874805;04;7;1;Depot;M407;45;Moderat (0° bis 19,99° C);Abenddämmerung;Regen;Washington;Herbst;Kollision;Unusual Operational Situations;Miscellaneous Causes;Depot/Rangieren, Depot/Rangieren;11239.290864365086;Nicht Signifikant;False
7809;PS0043;1994;5;2;125000.0;125000.0;0.0;125000.0;2;0;0;0;0;0;0;0;14.903185056657339;104;0;0;0;0;0;13737.647398120595;09;5;2;Nebenstrecke;H402;65;Moderat (0° bis 19,99° C);Tag;Klar;Washington;Frühling;Kollision;Main Track Authority;Human Factors;EinzelneWagen, Güterzug;106031.04589023665;Nicht Signifikant;False
7810;PS0127;1994;11;29;14000.0;14000.0;0.0;14000.0;2;0;0;0;0;0;0;0;2.958916643910756;19;2;10;0;0;0;2574.8531973440936;01;7;1;Depot;T306;52;Moderat (0° bis 19,99° C);Abend;Wolkig;Washington;Herbst;Entgleisung;Frogs, Switches and Track Appliances;Track, Roadbed and Structures;Depot/Rangieren, EinzelneWagen;11875.477139706505;Nicht Signifikant;False