index;INCDTNO;YEAR4;MONTH;DAY;ACCDMG;INFRASTRUCTURE_DMG;TRKDMG;EQPDMG;LOCOMOTIVES1;LOCOMOTIVES2;RREMPKLD;RREMPINJ;PASSKLD;PASSINJ;OTHERKLD;OTHERINJ;SPEED;LOADF1;LOADF2;EMPTYF1;EMPTYP1;LOADP1;EMPTYF2;TONS;TYPE;TYPEQ;TRKCLAS;TYPTRK;ACCAUSE;TEMP;TEMP_CLUSTER;VISIBLTY;WEATHER;STATE;Jahreszeit;ACCIDENT_TYPE;ACCCAUSE_LVL1;ACCCAUSE_LVL2;EQUIPMENT_TYPE;ACCDMG_EUR;ACCTYPE;SPD_TOO_HIGH
7885;RD0718109;2018;7;10;160277.0;160277.0;9700.0;150577.0;9;1;0;0;0;0;0;1;7.914260198962443;99;0;58;0;0;2;17381.0;02;7;2;Depot;H302;76;Warm (20° bis 31,99° C);Morgendämmerung;Wolkig;Texas;Sommer;Kollision;General Switching Rules;Human Factors;Depot/Rangieren, Depot/Rangieren, Güterzug;136836.84794672587;Signifikant;False
7886;RD0718134;2018;7;24;20000.0;20000.0;0.0;20000.0;0;0;0;1;0;0;0;0;19.879963561968417;0;0;2;0;0;1;22.0;09;A;4;Hauptstrecke;H402;90;Heiß (>= 32° C);Tag;Klar;Oklahoma;Sommer;Kollision;Main Track Authority;Human Factors;Wartungszug, Wartungszug;17085.255424568597;Signifikant;False
7887;RD0817106;2017;8;4;20450.0;20450.0;500.0;19950.0;2;0;0;0;0;0;0;0;7.5;51;2;5;0;0;0;7030.256439118408;01;5;1;Depot;H018;90;Heiß (>= 32° C);Tag;Klar;Texas;Sommer;Entgleisung;Brakes, Use of;Human Factors;EinzelneWagen, Güterzug;17231.209976407143;Nicht Signifikant;False
7888;RD0819105;2019;8;5;203918.0;203918.0;85771.0;118147.0;4;0;0;0;0;0;0;0;3.9542723449729715;56;1;45;0;0;5;8649.0;01;7;1;Depot;H504;80;Warm (20° bis 31,99° C);Abend;Klar;Texas;Sommer;Entgleisung;Train Handling/Train Makeup;Human Factors;Depot/Rangieren, EinzelneWagen;182362.7258093364;Signifikant;False
7889;RD0819117;2019;8;14;20319.0;20319.0;0.0;20319.0;4;0;0;0;0;0;0;0;9.926406551346263;34;0;49;0;0;4;5357.0;04;7;1;Depot;S016;87;Warm (20° bis 31,99° C);Abenddämmerung;Klar;Oklahoma;Sommer;Kollision;SIGNAL AND COMMUNICATION;Signal and Communication;Depot/Rangieren, Depot/Rangieren;18161.422953164103;Nicht Signifikant;False
7890;RD0819125;2019;8;18;33996.0;33996.0;2000.0;31996.0;4;0;0;0;0;0;0;0;1.9635609428485408;37;0;81;0;0;2;6743.0;04;7;1;Depot;M407;85;Warm (20° bis 31,99° C);Abenddämmerung;Klar;Oklahoma;Sommer;Kollision;Unusual Operational Situations;Miscellaneous Causes;Depot/Rangieren, Depot/Rangieren;30643.591130340727;Nicht Signifikant;False
7891;RD0917118;2017;9;22;179319.0;179319.0;22500.0;156819.0;6;0;0;0;0;0;0;0;13.907829355595124;141;1;0;0;0;0;18015.0;03;1;4;Hauptstrecke;H605;91;Heiß (>= 32° C);Tag;Klar;Texas;Sommer;Kollision;Speed;Human Factors;Güterzug, Güterzug;149919.73915224482;Nicht Signifikant;False
7892;RD0918129;2018;9;20;37366.0;37366.0;0.0;37366.0;3;0;0;0;0;0;0;0;4.5;9;0;21;0;0;0;1935.0;04;7;1;Depot;H318;85;Warm (20° bis 31,99° C);Morgendämmerung;Klar;Texas;Sommer;Kollision;General Switching Rules;Human Factors;Depot/Rangieren, Depot/Rangieren;31749.51142832866;Nicht Signifikant;False
7893;RD0918132;2018;9;19;30000.0;30000.0;0.0;30000.0;0;0;0;1;0;0;0;0;9.926406551346263;0;0;2;0;0;0;60.0;03;A;4;Hauptstrecke;H402;94;Heiß (>= 32° C);Tag;Klar;Texas;Sommer;Kollision;Main Track Authority;Human Factors;Wartungszug, Wartungszug;25713.551041398816;Signifikant;False
7894;RD0919124;2019;9;23;467062.0;467062.0;240685.0;226377.0;2;0;0;0;0;0;0;0;6.920452597546157;61;11;31;0;0;9;8825.0;01;6;1;Depot;H503;84;Warm (20° bis 31,99° C);Abenddämmerung;Klar;Texas;Herbst;Entgleisung;Train Handling/Train Makeup;Human Factors;EinzelneWagen, EinzelneWagen, Güterzug;425181.61128812016;Signifikant;False
7895;RD0919127;2019;9;26;15987.0;15987.0;0.0;15987.0;5;0;0;0;0;0;0;0;10.0;50;0;5;0;0;2;4189.0;04;7;1;Depot;H318;79;Warm (20° bis 31,99° C);Abend;Klar;Texas;Herbst;Kollision;General Switching Rules;Human Factors;Depot/Rangieren, Depot/Rangieren;14616.017553483269;Nicht Signifikant;False
7896;RD0919129;2019;9;28;72362.0;72362.0;15000.0;57362.0;7;0;0;0;0;0;0;0;6.5;31;0;59;0;0;7;5910.0;04;7;1;Depot;H318;75;Warm (20° bis 31,99° C);Morgendämmerung;Klar;Oklahoma;Herbst;Kollision;General Switching Rules;Human Factors;Depot/Rangieren, Güterzug;66267.59058579321;Nicht Signifikant;False
7897;RD1018126;2018;10;19;22681.0;22681.0;0.0;22681.0;2;0;0;0;0;0;0;0;5.5;30;1;68;0;0;0;5244.0;04;7;1;Depot;H308;58;Moderat (0° bis 19,99° C);Tag;Wolkig;Oklahoma;Herbst;Kollision;General Switching Rules;Human Factors;Depot/Rangieren, Depot/Rangieren;19774.193548387095;Nicht Signifikant;False
7898;RD1019103;2019;10;3;21612.0;21612.0;0.0;21612.0;4;0;0;0;0;0;0;0;3.9542723449729715;0;0;0;0;0;0;54.88997359133555;02;8;1;Industriestrecke;H307;85;Warm (20° bis 31,99° C);Tag;Klar;Oklahoma;Herbst;Kollision;General Switching Rules;Human Factors;Lokomotive, Lokomotive;19735.184001461053;Nicht Signifikant;False
7899;RD1019106;2019;10;7;18900.0;18900.0;800.0;18100.0;4;1;0;0;0;0;0;0;3.9542723449729715;0;0;0;0;0;0;69.7799471826711;04;8;1;Depot;H607;52;Moderat (0° bis 19,99° C);Morgendämmerung;Klar;Oklahoma;Herbst;Kollision;Speed;Human Factors;Lokomotive, Lokomotive;17192.759028472665;Nicht Signifikant;False
7900;RD1019110;2019;10;21;18250.0;18250.0;0.0;18250.0;0;0;0;0;0;0;0;0;9.926406551346263;0;0;2;0;0;0;67.0;03;A;3;Hauptstrecke;H402;83;Warm (20° bis 31,99° C);Tag;Klar;Texas;Herbst;Kollision;Main Track Authority;Human Factors;Wartungszug, Wartungszug;16334.019511321938;Nicht Signifikant;False
7901;RD1117110;2017;11;15;49765.0;49765.0;0.0;49765.0;1;0;0;0;0;0;0;0;4.949628046035187;10;0;9;0;0;1;1297.0;04;7;1;Depot;H318;68;Warm (20° bis 31,99° C);Morgendämmerung;Klar;Louisiana;Herbst;Kollision;General Switching Rules;Human Factors;Depot/Rangieren, EinzelneWagen;42031.25;Nicht Signifikant;False
7902;RD1117113;2017;11;17;19276.0;19276.0;15500.0;3776.0;3;0;0;0;0;0;0;0;5.944983747097401;124;0;31;0;0;2;17557.677791383914;04;7;1;Depot;H318;70;Warm (20° bis 31,99° C);Abenddämmerung;Klar;Texas;Herbst;Kollision;General Switching Rules;Human Factors;Depot/Rangieren, Güterzug;16342.51801610852;Nicht Signifikant;False
7903;RD1118110;2018;11;9;36787.0;36787.0;6000.0;30787.0;4;1;0;0;0;0;0;0;7.935695149221832;2;2;58;0;0;0;2629.6229046454796;04;7;1;Depot;H306;45;Moderat (0° bis 19,99° C);Abend;Klar;Texas;Herbst;Kollision;General Switching Rules;Human Factors;Depot/Rangieren, Depot/Rangieren;32422.880310241493;Nicht Signifikant;False
7904;RD1118124;2018;11;15;15600.0;15600.0;2500.0;13100.0;6;0;0;0;0;0;0;0;6.940339448159618;133;2;20;0;0;0;17748.0;02;7;1;Depot;H306;34;Moderat (0° bis 19,99° C);Abend;Klar;Texas;Herbst;Kollision;General Switching Rules;Human Factors;Depot/Rangieren, Depot/Rangieren;13799.20389208315;Nicht Signifikant;False
7905;RD1119101;2019;11;1;185893.0;185893.0;163500.0;22393.0;2;1;0;0;0;0;0;0;4.949628046035187;15;5;3;0;0;0;1783.8899735913355;01;1;3;Hauptstrecke;H607;45;Moderat (0° bis 19,99° C);Abend;Wolkig;Texas;Herbst;Entgleisung;Speed;Human Factors;Güterzug, Lokomotive;166884.81910404886;Signifikant;False
7906;RD1218106;2018;12;7;40159.0;40159.0;18000.0;22159.0;3;0;0;0;0;0;0;0;9.926406551346263;28;0;76;0;0;2;5808.0;01;6;1;Depot;H501;45;Moderat (0° bis 19,99° C);Morgendämmerung;Klar;Louisiana;Herbst;Entgleisung;Train Handling/Train Makeup;Human Factors;EinzelneWagen, Güterzug;35317.03456160408;Nicht Signifikant;False
7907;RE1998002;1998;7;5;15000.0;15000.0;0.0;15000.0;0;0;0;0;0;0;0;0;4.949628046035187;23;0;3;0;0;0;2777.539941988581;05;6;1;Depot;H021;98;Heiß (>= 32° C);Tag;Klar;Alabama;Sommer;Kollision;Brakes, Use of;Human Factors;EinzelneWagen, EinzelneWagen;12723.7255068284;Nicht Signifikant;False
7908;RE1999002;1999;8;16;36048.0;36048.0;10236.0;25812.0;2;0;0;0;0;0;0;0;4.949628046035187;43;4;5;0;0;0;5192.0174169869815;05;7;2;Depot;H301;83;Warm (20° bis 31,99° C);Abenddämmerung;Klar;Alabama;Sommer;Kollision;General Switching Rules;Human Factors;Depot/Rangieren, EinzelneWagen;34159.006917464234;Nicht Signifikant;False
7909;RE1999003;1999;10;22;12000.0;12000.0;0.0;12000.0;2;0;0;0;0;0;0;0;1.9635609428485408;47;0;0;0;0;0;5416.37890005782;04;7;2;Depot;H306;62;Moderat (0° bis 19,99° C);Abend;Wolkig;Alabama;Herbst;Kollision;General Switching Rules;Human Factors;Depot/Rangieren, EinzelneWagen;11154.489682097043;Nicht Signifikant;False
7910;RE872;1987;12;23;30468.0;30468.0;468.0;30000.0;2;0;0;0;0;0;0;0;0.0;49;2;1;0;0;0;5713.558241322951;04;6;1;Depot;H306;35;Moderat (0° bis 19,99° C);Abend;Wolkig;Alabama;Winter;Kollision;General Switching Rules;Human Factors;EinzelneWagen, Güterzug;25844.431249469842;Nicht Signifikant;False
7911;RE894;1989;9;30;16257.0;16257.0;4138.0;12119.0;6;1;0;0;0;0;0;0;4.949628046035187;69;0;40;0;0;0;9136.898648141043;04;7;1;Depot;H999;68;Warm (20° bis 31,99° C);Abend;Regen;Alabama;Herbst;Kollision;Miscellaneous;Human Factors;Depot/Rangieren, Depot/Rangieren;13789.973704300619;Nicht Signifikant;False
7912;RE9301;1993;8;2;40000.0;40000.0;0.0;40000.0;2;0;0;0;0;0;0;0;0.0;7;0;7;0;0;2;1082.1668596032132;04;7;1;Depot;H020;86;Warm (20° bis 31,99° C);Tag;Klar;Alabama;Sommer;Kollision;Brakes, Use of;Human Factors;Depot/Rangieren, EinzelneWagen;33929.93468487573;Nicht Signifikant;False
7913;RE9601;1996;2;13;25320.0;25320.0;19448.0;5872.0;3;3;0;0;0;0;0;0;7.935695149221832;53;2;1;0;0;1;6170.067974059393;04;7;1;Depot;H020;58;Moderat (0° bis 19,99° C);Tag;Klar;Alabama;Winter;Kollision;Brakes, Use of;Human Factors;Depot/Rangieren, EinzelneWagen;21477.648655526336;Nicht Signifikant;False
7914;RHS0185001;1985;1;16;754000.0;754000.0;4000.0;750000.0;7;0;0;1;0;30;0;0;19.879963561968417;0;0;0;0;0;0;69.7799471826711;02;2;3;Hauptstrecke;H999;20;Kalt (-30° - 0,01° C);Abend;Klar;Pennsylvania;Winter;Kollision;Miscellaneous;Human Factors;Personenzug, Personenzug;639579.2688099075;Schwer;False
7915;RHS0385007;1985;2;28;322000.0;322000.0;2000.0;320000.0;6;2;0;0;0;0;0;0;4.932837394713583;0;0;0;0;0;0;104.66992077400664;01;2;1;Depot;H702;45;Moderat (0° bis 19,99° C);Tag;Klar;Pennsylvania;Winter;Entgleisung;Switches, Use of;Human Factors;Personenzug, Personenzug, Personenzug;273135.97421324963;Signifikant;False
7916;RI0041;1994;3;14;6500.0;6500.0;1800.0;4700.0;2;0;0;0;0;0;0;0;7.935695149221832;5;1;7;0;0;3;875.7410861619167;01;7;1;Depot;H020;50;Moderat (0° bis 19,99° C);Tag;Klar;Missouri;Winter;Entgleisung;Brakes, Use of;Human Factors;Depot/Rangieren, EinzelneWagen;5513.614386292306;Nicht Signifikant;False
7917;RI0050;1992;12;28;14500.0;14500.0;500.0;14000.0;3;0;0;0;0;0;0;0;3.9542723449729715;103;1;0;0;0;0;12515.488926466483;01;6;1;Depot;H702;35;Moderat (0° bis 19,99° C);Abend;Klar;Missouri;Winter;Entgleisung;Switches, Use of;Human Factors;EinzelneWagen, Güterzug;12299.601323267452;Nicht Signifikant;False
7918;RI0062;1995;5;25;30000.0;30000.0;0.0;30000.0;4;0;0;0;0;0;0;0;7.0;37;2;23;0;0;0;4042.0;01;1;1;Depot;E08C;62;Moderat (0° bis 19,99° C);Abend;Regen;Missouri;Frühling;Entgleisung;Brakes;Mechanical and Electrical Failures;Güterzug, Güterzug;25447.4510136568;Nicht Signifikant;False
7919;RI0314;1993;9;3;72500.0;72500.0;5000.0;67500.0;7;0;0;0;0;0;0;0;6.0;101;6;113;0;0;6;16510.0;04;1;1;Hauptstrecke;M503;75;Warm (20° bis 31,99° C);Abend;Klar;Missouri;Sommer;Kollision;Other Miscellaneous;Miscellaneous Causes;Güterzug, Güterzug;61498.00661633726;Nicht Signifikant;False
7920;RI0327;1993;10;30;26200.0;26200.0;3200.0;23000.0;7;1;0;3;0;0;0;0;9.0;140;2;65;0;0;3;17473.57427055686;01;7;1;Depot;M503;30;Kalt (-30° - 0,01° C);Abend;Klar;Missouri;Herbst;Entgleisung;Other Miscellaneous;Miscellaneous Causes;Depot/Rangieren, Güterzug;22224.107218593603;Signifikant;False
7921;RI1001;1992;5;7;7736.0;7736.0;0.0;7736.0;2;0;0;0;0;0;0;0;7.0;0;0;0;4;0;0;146.86565678478496;04;7;1;Depot;H017;63;Moderat (0° bis 19,99° C);Tag;Klar;Illinois;Frühling;Kollision;Brakes, Use of;Human Factors;Depot/Rangieren, Lokomotive;6562.049368054966;Nicht Signifikant;False
7922;RJCM032509;2009;3;25;51900.0;51900.0;2500.0;49400.0;1;0;0;0;0;0;0;0;10.0;16;2;18;0;0;15;2499.3527247353286;04;6;2;Hauptstrecke;H018;63;Moderat (0° bis 19,99° C);Tag;Regen;Tennessee;Frühling;Kollision;Brakes, Use of;Human Factors;EinzelneWagen, Güterzug;38461.53846153846;Nicht Signifikant;False
7923;RM1;1986;1;1;159300.0;159300.0;12000.0;147300.0;4;4;0;1;0;0;0;0;36.80101048002608;43;4;18;0;0;3;4020.7941795594406;02;6;3;Hauptstrecke;M404;30;Kalt (-30° - 0,01° C);Abend;Wolkig;Montana;Winter;Kollision;Unusual Operational Situations;Miscellaneous Causes;EinzelneWagen, Güterzug;135125.96488251758;Signifikant;False
7924;RM103;1985;2;1;15000.0;15000.0;1000.0;14000.0;2;0;0;0;0;0;0;0;9.926406551346263;13;1;5;0;0;4;1313.9622184399889;06;6;1;Depot;H401;-15;Kalt (-30° - 0,01° C);Abend;Wolkig;Montana;Winter;Kollision;Main Track Authority;Human Factors;EinzelneWagen, Güterzug;12723.7255068284;Nicht Signifikant;False
7925;RM362;1985;7;19;35000.0;35000.0;0.0;35000.0;2;0;0;0;0;0;0;0;7.5;8;0;85;0;0;6;3670.848167699785;01;6;1;Depot;H020;65;Moderat (0° bis 19,99° C);Abend;Klar;Montana;Sommer;Entgleisung;Brakes, Use of;Human Factors;EinzelneWagen, Güterzug;29688.692849266263;Nicht Signifikant;False
7926;RM389;1985;7;28;10600.0;10600.0;500.0;10100.0;1;0;0;0;0;0;0;0;1.9635609428485408;18;2;6;0;0;4;2345.2302704485087;04;7;3;Depot;H018;80;Warm (20° bis 31,99° C);Morgendämmerung;Klar;Montana;Sommer;Kollision;Brakes, Use of;Human Factors;Depot/Rangieren, EinzelneWagen;8991.432691492068;Nicht Signifikant;False
7927;RM518;1985;10;1;14680.0;14680.0;180.0;14500.0;2;0;0;0;0;0;0;0;11.917117953470694;1;0;1;0;0;0;178.647398120594;04;5;1;Industriestrecke;H401;40;Moderat (0° bis 19,99° C);Tag;Klar;Wyoming;Herbst;Kollision;Main Track Authority;Human Factors;EinzelneWagen, Güterzug;12452.286029349392;Nicht Signifikant;True
7928;RM555;1985;10;17;10750.0;10750.0;750.0;10000.0;3;3;0;0;0;0;0;0;2.958916643910756;40;1;2;0;0;0;4700.5787897728;04;7;1;Depot;H306;55;Moderat (0° bis 19,99° C);Abenddämmerung;Klar;Montana;Herbst;Kollision;General Switching Rules;Human Factors;Depot/Rangieren, Lokomotive;9118.669946560352;Nicht Signifikant;False
7929;RM693;1985;12;20;9650.0;9650.0;0.0;9650.0;1;0;0;0;0;0;0;0;5.0;8;1;2;0;0;0;1060.3412048365294;01;7;1;Depot;H018;34;Moderat (0° bis 19,99° C);Abend;Klar;Montana;Herbst;Entgleisung;Brakes, Use of;Human Factors;Depot/Rangieren, EinzelneWagen;8185.596742726269;Nicht Signifikant;False
7930;RRD1785032;1985;11;18;50000.0;50000.0;0.0;50000.0;7;0;0;0;0;0;0;0;5.0;0;0;0;7;0;0;204.67993898637036;04;2;1;Depot;H307;50;Moderat (0° bis 19,99° C);Tag;Klar;Pennsylvania;Herbst;Kollision;General Switching Rules;Human Factors;Personenzug, Personenzug;42412.41835609466;Nicht Signifikant;False
7931;RT19941;1994;11;5;41000.0;41000.0;0.0;41000.0;1;0;0;0;0;0;0;0;2.5;0;0;8;0;0;1;314.83126348998536;04;7;X;Industriestrecke;H209;65;Moderat (0° bis 19,99° C);Tag;Regen;Ohio;Herbst;Kollision;Flagging, Fixed, Hand and Radio Signals;Human Factors;Depot/Rangieren, EinzelneWagen;34778.18305199762;Nicht Signifikant;False
7932;S0104;1994;2;10;35200.0;35200.0;1000.0;34200.0;3;2;0;0;0;0;0;0;4.949628046035187;17;0;1;0;0;1;1776.162247179111;01;6;1;Depot;T110;25;Kalt (-30° - 0,01° C);Abend;Eisregen;Oregon;Winter;Entgleisung;Track Geometry;Track, Roadbed and Structures;EinzelneWagen, Güterzug;29858.342522690644;Nicht Signifikant;False
7933;S1105;1985;1;21;6000.0;6000.0;0.0;6000.0;5;0;0;0;0;0;0;0;54.71741309914595;16;0;104;0;0;0;5495.336383802324;09;5;4;Hauptstrecke;H402;62;Moderat (0° bis 19,99° C);Tag;Klar;Arizona;Winter;Kollision;Main Track Authority;Human Factors;EinzelneWagen, Güterzug;5089.490202731359;Nicht Signifikant;False
7934;S1525;1985;2;28;56200.0;56200.0;4200.0;52000.0;5;0;0;0;0;0;0;0;9.926406551346263;77;10;18;0;0;0;9063.895178233255;01;6;1;Depot;T113;43;Moderat (0° bis 19,99° C);Abend;Klar;Arizona;Winter;Entgleisung;Track Geometry;Track, Roadbed and Structures;EinzelneWagen, Güterzug;47671.5582322504;Nicht Signifikant;False
7935;S20170507T;2017;5;7;15750.0;15750.0;0.0;15750.0;0;0;0;0;0;0;0;0;5.0;1;0;1;0;0;0;160.0;04;5;X;Depot;H318;82;Warm (20° bis 31,99° C);Tag;Klar;Louisiana;Frühling;Kollision;General Switching Rules;Human Factors;EinzelneWagen, EinzelneWagen;14389.25602217011;Nicht Signifikant;False
7936;S3540;1990;9;10;69000.0;69000.0;12000.0;57000.0;5;0;0;0;0;0;0;0;4.949628046035187;32;3;2;0;0;1;3874.8899735913355;04;1;1;Depot;H017;90;Heiß (>= 32° C);Tag;Klar;Texas;Sommer;Kollision;Brakes, Use of;Human Factors;Güterzug, Lokomotive;58529.13733141063;Nicht Signifikant;False
7937;S4048;1988;11;10;620500.0;620500.0;30000.0;590500.0;11;2;0;8;0;0;0;0;14.586642374645612;69;6;5;0;0;0;14337.0;03;1;3;Hauptstrecke;H204;65;Moderat (0° bis 19,99° C);Tag;Klar;New Mexico;Herbst;Kollision;Flagging, Fixed, Hand and Radio Signals;Human Factors;Güterzug, Güterzug, Güterzug;526338.1117991348;Schwer;False
7938;S4065;1985;4;25;121600.0;121600.0;23200.0;98400.0;11;1;0;0;0;0;0;0;19.879963561968417;129;6;63;0;0;0;14687.0;04;1;2;Hauptstrecke;H017;78;Warm (20° bis 31,99° C);Tag;Klar;Arizona;Frühling;Kollision;Brakes, Use of;Human Factors;Güterzug, Güterzug;103147.00144202221;Nicht Signifikant;False
7939;S4648;1988;12;12;30925.0;30925.0;0.0;30925.0;7;0;0;0;0;0;0;0;3.0;37;0;34;0;0;1;10018.0;04;7;1;Depot;E27C;60;Moderat (0° bis 19,99° C);Tag;Klar;Texas;Herbst;Kollision;Body;Mechanical and Electrical Failures;Depot/Rangieren, Güterzug;26232.080753244547;Nicht Signifikant;False
7940;S6317;1987;11;20;667700.0;667700.0;68000.0;599700.0;6;0;0;0;0;0;0;0;62.680258707643674;70;28;0;0;0;0;4929.889973591336;01;1;4;Hauptstrecke;T310;31;Kalt (-30° - 0,01° C);Tag;Klar;New Mexico;Herbst;Entgleisung;Frogs, Switches and Track Appliances;Track, Roadbed and Structures;Güterzug, Lokomotive;566375.4347272881;Signifikant;True
7941;S87318;1987;11;16;80100.0;80100.0;100.0;80000.0;5;2;0;0;0;0;0;0;24.856742067279495;1;0;44;0;0;0;1523.17942099542;03;6;3;Hauptstrecke;M599;45;Moderat (0° bis 19,99° C);Tag;Klar;Massachusetts;Herbst;Kollision;Other Miscellaneous;Miscellaneous Causes;EinzelneWagen, Lokomotive;67944.69420646365;Nicht Signifikant;False
7942;S88001;1988;1;19;15580.0;15580.0;580.0;15000.0;3;0;0;0;0;0;0;0;4.949628046035187;42;0;43;0;0;3;6855.90914729257;05;6;1;Depot;T110;38;Moderat (0° bis 19,99° C);Abend;Klar;Massachusetts;Winter;Kollision;Track Geometry;Track, Roadbed and Structures;EinzelneWagen, Güterzug;13215.709559759096;Nicht Signifikant;False
7943;S88002;1988;1;3;48000.0;48000.0;0.0;48000.0;2;0;0;0;0;0;0;0;7.935695149221832;48;0;78;0;0;2;7322.729435521314;05;6;1;Depot;H212;30;Kalt (-30° - 0,01° C);Tag;Klar;New Hampshire;Winter;Kollision;Flagging, Fixed, Hand and Radio Signals;Human Factors;EinzelneWagen, Güterzug;40715.92162185087;Nicht Signifikant;False
7944;S88003;1988;1;23;119000.0;119000.0;48000.0;71000.0;2;0;0;0;0;0;0;0;19.879963561968417;52;7;30;0;0;5;6737.122024646278;01;6;X;Depot;M405;25;Kalt (-30° - 0,01° C);Abenddämmerung;Klar;Massachusetts;Winter;Entgleisung;Unusual Operational Situations;Miscellaneous Causes;EinzelneWagen, Güterzug;100941.5556875053;Nicht Signifikant;True
7945;S88004;1988;1;26;15700.0;15700.0;0.0;15700.0;4;0;0;0;0;0;0;0;4.949628046035187;26;2;4;0;0;0;1157.9478880230647;05;6;3;Hauptstrecke;H307;20;Kalt (-30° - 0,01° C);Tag;Schnee;Maine;Winter;Kollision;General Switching Rules;Human Factors;EinzelneWagen, Güterzug;13317.499363813724;Nicht Signifikant;False
7946;S88046;1988;3;13;7200.0;7200.0;0.0;7200.0;2;0;0;0;0;0;0;0;4.0;0;0;25;0;0;4;784.8899735913355;04;7;1;Depot;H401;30;Kalt (-30° - 0,01° C);Abend;Klar;Massachusetts;Winter;Kollision;Main Track Authority;Human Factors;Depot/Rangieren, Lokomotive;6107.388243277632;Nicht Signifikant;False
7947;S88071;1988;4;15;11500.0;11500.0;500.0;11000.0;2;0;0;0;0;0;0;0;7.935695149221832;5;0;33;0;0;3;1614.1451246388967;04;6;1;Depot;H306;40;Moderat (0° bis 19,99° C);Tag;Klar;Massachusetts;Frühling;Kollision;General Switching Rules;Human Factors;EinzelneWagen, Güterzug;9754.856221901773;Nicht Signifikant;False
7948;S88109;1988;6;5;56200.0;56200.0;0.0;56200.0;3;0;0;0;0;0;0;0;2.958916643910756;0;0;53;0;0;0;2196.050228866046;04;7;1;Depot;H302;75;Warm (20° bis 31,99° C);Tag;Wolkig;Maine;Frühling;Kollision;General Switching Rules;Human Factors;Depot/Rangieren, EinzelneWagen;47671.5582322504;Nicht Signifikant;False
7949;S88170;1988;9;17;10600.0;10600.0;500.0;10100.0;1;0;0;0;0;0;0;0;9.926406551346263;7;2;4;0;0;0;679.0938083315824;01;7;X;Depot;T311;60;Moderat (0° bis 19,99° C);Abend;Regen;Massachusetts;Sommer;Entgleisung;Frogs, Switches and Track Appliances;Track, Roadbed and Structures;Depot/Rangieren, EinzelneWagen;8991.432691492068;Nicht Signifikant;True
7950;S88205;1988;12;9;24000.0;24000.0;1000.0;23000.0;3;0;0;0;0;0;0;0;1.9635609428485408;12;0;39;0;0;1;2441.795369590132;05;6;X;Depot;H306;25;Kalt (-30° - 0,01° C);Abend;Klar;Maine;Herbst;Kollision;General Switching Rules;Human Factors;EinzelneWagen, Güterzug;20357.960810925437;Nicht Signifikant;False
7951;S89074;1989;6;1;41850.0;41850.0;1600.0;40250.0;5;0;0;0;0;0;0;0;6.940339448159618;79;2;0;0;0;0;10225.889973591336;01;1;1;Depot;T311;65;Moderat (0° bis 19,99° C);Tag;Wolkig;New York;Frühling;Entgleisung;Frogs, Switches and Track Appliances;Track, Roadbed and Structures;Güterzug, Lokomotive;35499.19416405123;Nicht Signifikant;False
7952;S89076;1989;6;13;30000.0;30000.0;0.0;30000.0;3;0;0;0;0;0;0;0;4.0;53;0;29;0;0;0;6939.647398120594;05;5;1;Depot;H018;60;Moderat (0° bis 19,99° C);Abend;Klar;New York;Frühling;Kollision;Brakes, Use of;Human Factors;EinzelneWagen, Güterzug;25447.4510136568;Nicht Signifikant;False
7953;S89146;1989;10;10;28400.0;28400.0;10200.0;8000.0;3;0;0;0;0;0;0;0;5.944983747097401;15;0;58;0;0;8;3553.8733843141313;01;5;1;Depot;H505;45;Moderat (0° bis 19,99° C);Abend;Klar;Vermont;Herbst;Entgleisung;Train Handling/Train Makeup;Human Factors;EinzelneWagen, Güterzug;24090.25362626177;Nicht Signifikant;False
7954;S89167;1989;12;14;9600.0;9600.0;1000.0;8600.0;1;0;0;0;0;0;0;0;6.940339448159618;18;1;25;0;0;1;2601.6455229902294;01;7;1;Depot;H312;0;Kalt (-30° - 0,01° C);Abend;Klar;Massachusetts;Herbst;Entgleisung;General Switching Rules;Human Factors;Depot/Rangieren, EinzelneWagen;8143.184324370175;Nicht Signifikant;False
7955;S89168;1989;12;17;11500.0;11500.0;3000.0;8500.0;1;0;0;0;0;0;0;0;5.0;54;5;21;0;0;2;6625.408355613212;01;7;1;Depot;T309;18;Kalt (-30° - 0,01° C);Abend;Klar;Massachusetts;Herbst;Entgleisung;Frogs, Switches and Track Appliances;Track, Roadbed and Structures;Depot/Rangieren, EinzelneWagen;9754.856221901773;Nicht Signifikant;False
7956;S90053;1990;5;12;9200.0;9200.0;0.0;9200.0;0;0;0;0;0;0;0;0;9.926406551346263;34;0;24;0;0;0;4668.246226241182;05;6;X;Depot;H021;62;Moderat (0° bis 19,99° C);Tag;Klar;Maine;Frühling;Kollision;Brakes, Use of;Human Factors;EinzelneWagen, EinzelneWagen;7803.884977521418;Nicht Signifikant;True
7957;S90069;1990;7;2;41750.0;41750.0;10000.0;31750.0;3;0;0;0;0;0;0;0;9.926406551346263;55;3;24;0;0;0;6804.365295263306;01;6;1;Hauptstrecke;T220;68;Warm (20° bis 31,99° C);Tag;Klar;Massachusetts;Sommer;Entgleisung;Rail, Joint Bar and Rail Anchoring;Track, Roadbed and Structures;EinzelneWagen, Güterzug;35414.369327339045;Nicht Signifikant;False