index;INCDTNO;YEAR4;MONTH;DAY;ACCDMG;INFRASTRUCTURE_DMG;TRKDMG;EQPDMG;LOCOMOTIVES1;LOCOMOTIVES2;RREMPKLD;RREMPINJ;PASSKLD;PASSINJ;OTHERKLD;OTHERINJ;SPEED;LOADF1;LOADF2;EMPTYF1;EMPTYP1;LOADP1;EMPTYF2;TONS;TYPE;TYPEQ;TRKCLAS;TYPTRK;ACCAUSE;TEMP;TEMP_CLUSTER;VISIBLTY;WEATHER;STATE;Jahreszeit;ACCIDENT_TYPE;ACCCAUSE_LVL1;ACCCAUSE_LVL2;EQUIPMENT_TYPE;ACCDMG_EUR;ACCTYPE;SPD_TOO_HIGH
7958;S90071;1990;7;10;15500.0;15500.0;500.0;15000.0;2;0;0;0;0;0;0;0;9.926406551346263;14;1;14;0;0;2;2334.204520872964;05;7;1;Depot;H306;70;Warm (20° bis 31,99° C);Abend;Klar;New Hampshire;Sommer;Kollision;General Switching Rules;Human Factors;Depot/Rangieren, EinzelneWagen;13147.849690389345;Nicht Signifikant;False
7959;S90072;1990;7;31;9000.0;9000.0;0.0;9000.0;0;0;0;0;0;0;0;0;10.0;1;0;2;0;0;1;245.91022675331328;01;6;1;Depot;M503;78;Warm (20° bis 31,99° C);Tag;Klar;Maine;Sommer;Entgleisung;Other Miscellaneous;Miscellaneous Causes;EinzelneWagen, EinzelneWagen;7634.235304097039;Nicht Signifikant;False
7960;S90086;1990;9;13;12400.0;12400.0;0.0;12400.0;6;0;0;0;0;0;0;0;4.949628046035187;67;0;12;0;0;0;6334.889973591336;05;1;1;Hauptstrecke;H702;60;Moderat (0° bis 19,99° C);Morgendämmerung;Klar;Maine;Sommer;Kollision;Switches, Use of;Human Factors;Güterzug, Lokomotive;10518.279752311477;Nicht Signifikant;False
7961;S90128;1990;12;3;20900.0;20900.0;900.0;20000.0;2;0;0;0;0;0;0;0;0.9682052417863254;34;1;15;0;0;2;1230.0;05;7;1;Depot;H401;30;Kalt (-30° - 0,01° C);Abend;Klar;Maine;Herbst;Kollision;Main Track Authority;Human Factors;Depot/Rangieren, Depot/Rangieren;17728.39087284757;Nicht Signifikant;False
7962;S91008;1991;1;31;10025.0;10025.0;0.0;10025.0;2;0;0;0;0;0;0;0;4.949628046035187;5;1;1;0;0;0;565.336383802324;01;5;1;Industriestrecke;M101;0;Kalt (-30° - 0,01° C);Abend;Klar;Maine;Winter;Entgleisung;Environmental Conditions;Environmental Conditions;EinzelneWagen, Güterzug;8503.68988039698;Nicht Signifikant;False
7963;S91089;1991;11;30;37300.0;37300.0;300.0;37000.0;1;0;0;0;0;0;0;0;4.949628046035187;23;0;0;0;0;0;2537.4642188839202;05;7;1;Depot;H020;40;Moderat (0° bis 19,99° C);Tag;Klar;Maine;Herbst;Kollision;Brakes, Use of;Human Factors;Depot/Rangieren, EinzelneWagen;31639.664093646617;Nicht Signifikant;False
7964;S91155;1991;7;22;8000.0;8000.0;3000.0;5000.0;4;0;0;0;0;0;0;0;10.0;25;0;10;0;0;3;2430.6693080825216;05;6;1;Depot;M501;85;Warm (20° bis 31,99° C);Tag;Klar;Maine;Sommer;Kollision;Other Miscellaneous;Miscellaneous Causes;EinzelneWagen, Güterzug;6785.986936975146;Nicht Signifikant;False
7965;S91167;1991;9;9;75000.0;75000.0;0.0;75000.0;3;0;0;0;0;0;0;0;2.958916643910756;37;0;30;0;0;1;4900.0;05;7;1;Depot;H306;65;Moderat (0° bis 19,99° C);Tag;Klar;Maine;Sommer;Kollision;General Switching Rules;Human Factors;Depot/Rangieren, Güterzug;63618.627534142;Nicht Signifikant;False
7966;S92015;1992;2;16;38000.0;38000.0;3000.0;35000.0;3;0;0;0;0;0;0;0;9.926406551346263;50;2;19;0;0;1;5204.949476879128;01;6;1;Nebenstrecke;T399;30;Kalt (-30° - 0,01° C);Abend;Regen;Maine;Winter;Entgleisung;Frogs, Switches and Track Appliances;Track, Roadbed and Structures;EinzelneWagen, Güterzug;32233.437950631942;Nicht Signifikant;False
7967;S93051;1993;10;23;62408.0;62408.0;408.0;62000.0;2;0;0;0;0;0;0;0;0.0;23;3;4;0;0;0;2882.013863647666;05;6;1;Depot;H018;45;Moderat (0° bis 19,99° C);Tag;Klar;Maine;Herbst;Kollision;Brakes, Use of;Human Factors;EinzelneWagen, Güterzug;52937.48409534311;Nicht Signifikant;False
7968;SA1;1989;1;15;30460.0;30460.0;0.0;30460.0;1;0;0;0;0;0;0;0;3.0;83;1;36;0;0;0;7374.897141074432;04;6;1;Depot;H021;29;Kalt (-30° - 0,01° C);Abend;Klar;Wisconsion;Winter;Kollision;Brakes, Use of;Human Factors;EinzelneWagen, Güterzug;25837.645262532867;Nicht Signifikant;False
7969;SA10;1987;3;21;35700.0;35700.0;200.0;35500.0;1;0;0;0;0;0;0;0;2.958916643910756;0;0;22;0;0;0;699.3540757012197;04;7;1;Depot;H305;60;Moderat (0° bis 19,99° C);Abend;Klar;Iowa;Frühling;Kollision;General Switching Rules;Human Factors;Depot/Rangieren, EinzelneWagen;30282.466706251587;Nicht Signifikant;False
7970;SA10;1990;2;19;14985.0;14985.0;485.0;14500.0;2;0;0;0;0;0;0;0;6.0;30;1;22;0;0;0;3927.68288897211;04;7;1;Depot;H020;32;Moderat (0° bis 19,99° C);Abend;Klar;Iowa;Winter;Kollision;Brakes, Use of;Human Factors;Depot/Rangieren, EinzelneWagen;12711.00178132157;Nicht Signifikant;False
7971;SA102;1986;10;18;22685.0;22685.0;1535.0;21150.0;3;0;0;0;0;0;0;0;4.5;116;2;35;0;0;3;11118.0;04;7;1;Depot;H306;50;Moderat (0° bis 19,99° C);Abend;Klar;Illinois;Herbst;Kollision;General Switching Rules;Human Factors;Depot/Rangieren, Güterzug;19242.514208160148;Nicht Signifikant;False
7972;SA104;1986;10;10;33875.0;33875.0;0.0;33875.0;2;0;0;0;0;0;0;0;22.5;30;0;26;0;0;0;4097.0;04;7;1;Depot;H301;48;Moderat (0° bis 19,99° C);Tag;Wolkig;Wisconsion;Herbst;Kollision;General Switching Rules;Human Factors;Depot/Rangieren, Depot/Rangieren;28734.413436254134;Nicht Signifikant;True
7973;SA11;1990;2;24;28485.0;28485.0;385.0;28100.0;3;0;0;0;0;0;0;0;2.5;146;2;67;0;0;2;17704.0;04;1;1;Depot;M599;35;Moderat (0° bis 19,99° C);Tag;Wolkig;Illinois;Winter;Kollision;Other Miscellaneous;Miscellaneous Causes;Güterzug, Güterzug;24162.35473746713;Nicht Signifikant;False
7974;SA121;1986;11;25;29943.0;29943.0;843.0;29100.0;3;0;0;0;0;0;0;0;3.9542723449729715;72;1;39;0;0;2;7682.0;04;7;1;Depot;H306;40;Moderat (0° bis 19,99° C);Tag;Wolkig;Iowa;Herbst;Kollision;General Switching Rules;Human Factors;Depot/Rangieren, Güterzug;25399.10085673085;Nicht Signifikant;False
7975;SA14;1990;3;10;71630.0;71630.0;205.0;71425.0;0;0;0;0;0;0;0;0;2.958916643910756;30;1;29;0;0;2;4388.017689415717;04;6;1;Depot;M407;50;Moderat (0° bis 19,99° C);Tag;Klar;Illinois;Winter;Kollision;Unusual Operational Situations;Miscellaneous Causes;EinzelneWagen, EinzelneWagen;60760.030536941216;Nicht Signifikant;False
7976;SA15;1986;2;16;5200.0;5200.0;0.0;5200.0;1;0;0;0;0;0;0;0;3.0;0;0;1;1;0;0;115.33638380232397;04;7;1;Depot;H018;30;Kalt (-30° - 0,01° C);Tag;Regen;Iowa;Winter;Kollision;Brakes, Use of;Human Factors;Depot/Rangieren, EinzelneWagen;4410.891509033845;Nicht Signifikant;False
7977;SA18;1987;11;2;15574.0;15574.0;0.0;15574.0;1;0;0;0;0;0;0;0;3.5;3;0;9;0;0;0;1446.2292042243007;04;7;1;Depot;H601;41;Moderat (0° bis 19,99° C);Tag;Klar;Illinois;Herbst;Kollision;Speed;Human Factors;Depot/Rangieren, EinzelneWagen;13210.620069556366;Nicht Signifikant;False
7978;SA2;1988;1;20;7336.0;7336.0;0.0;7336.0;2;0;0;0;0;0;0;0;5.0;5;0;6;0;0;0;816.6086573900993;04;7;1;Depot;H018;25;Kalt (-30° - 0,01° C);Abend;Wolkig;Iowa;Winter;Kollision;Brakes, Use of;Human Factors;Depot/Rangieren, EinzelneWagen;6222.750021206209;Nicht Signifikant;False
7979;SA2;1990;1;1;19041.0;19041.0;195.0;18846.0;0;0;0;0;0;0;0;0;2.958916643910756;38;0;37;0;0;2;5522.039326339878;04;6;1;Depot;M407;29;Kalt (-30° - 0,01° C);Abend;Wolkig;Illinois;Winter;Kollision;Unusual Operational Situations;Miscellaneous Causes;EinzelneWagen, EinzelneWagen;16151.497158367969;Nicht Signifikant;False
7980;SA20;1988;5;3;30300.0;30300.0;0.0;30300.0;1;0;0;0;0;0;0;0;12.5;105;0;1;0;0;1;12771.816418421731;04;5;4;Hauptstrecke;H305;68;Warm (20° bis 31,99° C);Tag;Klar;Wisconsion;Frühling;Kollision;General Switching Rules;Human Factors;EinzelneWagen, Güterzug;25701.925523793365;Nicht Signifikant;False
7981;SA20;1989;5;13;107000.0;107000.0;13900.0;93100.0;6;0;0;0;0;0;0;0;17.889252159843984;54;8;1;0;0;0;6642.013863647666;01;6;1;Industriestrecke;E46C;70;Warm (20° bis 31,99° C);Tag;Klar;Iowa;Frühling;Entgleisung;Truck Components;Mechanical and Electrical Failures;EinzelneWagen, Güterzug;90762.57528204258;Nicht Signifikant;True
7982;SA20;1991;6;5;18400.0;18400.0;900.0;17500.0;0;0;0;0;0;0;0;0;2.958916643910756;3;3;0;0;0;0;469.8793437638873;01;5;1;Depot;H313;70;Warm (20° bis 31,99° C);Abend;Klar;Illinois;Frühling;Entgleisung;General Switching Rules;Human Factors;EinzelneWagen, EinzelneWagen;15607.769955042835;Nicht Signifikant;False
7983;SA21;1988;5;17;10670.0;10670.0;470.0;10200.0;1;1;0;0;0;0;0;0;10.0;37;0;27;0;0;0;5100.857730461922;04;6;1;Depot;H017;50;Moderat (0° bis 19,99° C);Abend;Klar;Illinois;Frühling;Kollision;Brakes, Use of;Human Factors;EinzelneWagen, Lokomotive;9050.810077190601;Nicht Signifikant;False
7984;SA24;1991;6;19;46351.0;46351.0;500.0;45851.0;1;1;0;0;0;0;0;0;19.839951415957888;30;2;8;0;0;1;3796.7720813633664;09;7;1;Depot;H022;80;Warm (20° bis 31,99° C);Tag;Klar;Wisconsion;Frühling;Kollision;Brakes, Use of;Human Factors;Depot/Rangieren, EinzelneWagen, EinzelneWagen;39317.16006446687;Nicht Signifikant;True
7985;SA25;1986;3;22;9850.0;9850.0;2800.0;7050.0;2;0;0;0;0;0;0;0;3.9542723449729715;55;4;2;0;0;0;4080.0;04;7;1;Depot;H306;40;Moderat (0° bis 19,99° C);Abend;Klar;Illinois;Frühling;Kollision;General Switching Rules;Human Factors;Depot/Rangieren, Güterzug;8355.246416150649;Nicht Signifikant;False
7986;SA25;1992;6;29;85350.0;85350.0;2000.0;83350.0;2;0;0;0;0;0;0;0;4.0;31;0;53;0;0;3;4527.0;01;7;1;Depot;H018;65;Moderat (0° bis 19,99° C);Abend;Klar;Illinois;Sommer;Entgleisung;Brakes, Use of;Human Factors;Depot/Rangieren, Depot/Rangieren;72397.99813385359;Nicht Signifikant;False
7987;SA27;1992;7;11;8419.0;8419.0;819.0;7600.0;2;0;0;0;0;0;0;0;3.0;32;0;1;0;0;0;2750.0;04;7;1;Depot;H399;70;Warm (20° bis 31,99° C);Tag;Klar;Illinois;Sommer;Kollision;General Switching Rules;Human Factors;Depot/Rangieren, Güterzug;7141.403002799219;Nicht Signifikant;False
7988;SA28;1988;6;21;7850.0;7850.0;50.0;7800.0;1;0;0;0;0;0;0;0;3.0;35;1;12;0;0;1;4750.871888364414;04;7;1;Depot;H020;80;Warm (20° bis 31,99° C);Morgendämmerung;Klar;Wisconsion;Sommer;Kollision;Brakes, Use of;Human Factors;Depot/Rangieren, EinzelneWagen;6658.749681906862;Nicht Signifikant;False
7989;SA28;1990;6;27;14200.0;14200.0;3200.0;11000.0;3;1;0;0;0;0;0;0;2.958916643910756;27;0;31;0;0;5;3660.0;02;4;2;Hauptstrecke;H999;90;Heiß (>= 32° C);Tag;Klar;Illinois;Sommer;Kollision;Miscellaneous;Human Factors;Arbeitszug, Güterzug;12045.126813130884;Nicht Signifikant;False
7990;SA28;1991;6;27;30050.0;30050.0;0.0;30050.0;0;0;0;0;0;0;0;0;3.9542723449729715;1;0;2;0;0;1;245.91022675331328;09;5;1;Depot;H702;95;Heiß (>= 32° C);Tag;Klar;Iowa;Sommer;Kollision;Switches, Use of;Human Factors;EinzelneWagen, EinzelneWagen;25489.86343201289;Nicht Signifikant;False
7991;SA29;1986;3;28;25000.0;25000.0;0.0;25000.0;3;0;0;0;0;0;0;0;4.949628046035187;119;0;28;0;0;0;10875.0;04;7;1;Depot;H702;63;Moderat (0° bis 19,99° C);Abend;Klar;Iowa;Frühling;Kollision;Switches, Use of;Human Factors;Depot/Rangieren, Güterzug;21206.20917804733;Nicht Signifikant;False
7992;SA29;1991;7;7;7760.0;7760.0;360.0;7400.0;1;0;0;0;0;0;0;0;3.9542723449729715;17;0;17;0;0;4;2617.4345207668866;01;7;1;Depot;H704;60;Moderat (0° bis 19,99° C);Abend;Klar;Wisconsion;Sommer;Entgleisung;Switches, Use of;Human Factors;Depot/Rangieren, EinzelneWagen;6582.407328865892;Nicht Signifikant;False
7993;SA29;1992;8;26;77478.0;77478.0;2478.0;75000.0;1;0;0;0;0;0;0;0;5.0;20;2;35;0;0;2;3355.439725408806;04;7;1;Depot;H399;75;Warm (20° bis 31,99° C);Abend;Regen;Illinois;Sommer;Kollision;General Switching Rules;Human Factors;Depot/Rangieren, EinzelneWagen;65720.58698787005;Nicht Signifikant;False
7994;SA30;1988;6;25;6930.0;6930.0;230.0;6700.0;1;0;0;0;0;0;0;0;4.0;5;0;7;0;0;0;831.2589023413346;04;7;1;Depot;H018;105;Heiß (>= 32° C);Tag;Klar;Illinois;Sommer;Kollision;Brakes, Use of;Human Factors;Depot/Rangieren, EinzelneWagen;5878.36118415472;Nicht Signifikant;False
7995;SA31;1991;7;18;314800.0;314800.0;10000.0;304800.0;2;0;0;0;0;0;0;0;9.901875401795017;28;17;1;0;0;0;5238.276930088752;01;5;1;Depot;E40C;78;Warm (20° bis 31,99° C);Abend;Klar;Iowa;Sommer;Entgleisung;Truck Components;Mechanical and Electrical Failures;EinzelneWagen, EinzelneWagen, Güterzug;267028.585969972;Signifikant;False
7996;SA32;1991;7;24;14399.0;14399.0;2049.0;12350.0;0;0;0;0;0;0;0;0;2.958916643910756;6;2;0;0;0;0;791.5425763538491;04;6;1;Depot;H302;80;Warm (20° bis 31,99° C);Morgendämmerung;Klar;Illinois;Sommer;Kollision;General Switching Rules;Human Factors;EinzelneWagen, EinzelneWagen;12213.92823818814;Nicht Signifikant;False
7997;SA33;1988;8;5;23500.0;23500.0;0.0;23500.0;1;0;0;0;0;0;0;0;43.768500387461586;75;0;26;0;0;0;8579.647398120595;03;5;4;Hauptstrecke;M404;80;Warm (20° bis 31,99° C);Tag;Klar;Wisconsion;Sommer;Kollision;Unusual Operational Situations;Miscellaneous Causes;EinzelneWagen, Güterzug;19933.83662736449;Nicht Signifikant;False
7998;SA33;1989;7;26;6240.0;6240.0;100.0;6140.0;1;0;0;0;0;0;0;0;0.9682052417863254;15;0;25;0;0;1;1115.7827940133125;04;7;1;Depot;T110;80;Warm (20° bis 31,99° C);Tag;Klar;Illinois;Sommer;Kollision;Track Geometry;Track, Roadbed and Structures;Depot/Rangieren, EinzelneWagen;5293.069810840614;Nicht Signifikant;False
7999;SA33;1991;8;11;11607.0;11607.0;607.0;11000.0;1;0;0;0;0;0;0;0;2.5;15;0;20;0;0;0;1990.0531924707234;04;7;1;Depot;H999;75;Warm (20° bis 31,99° C);Abend;Klar;Illinois;Sommer;Kollision;Miscellaneous;Human Factors;Depot/Rangieren, EinzelneWagen;9845.618797183815;Nicht Signifikant;False
8000;SA34;1990;8;4;181993.0;181993.0;88000.0;93993.0;2;0;0;0;0;0;0;0;47.749923191710444;32;2;30;0;0;6;3830.4642188839202;04;6;1;Nebenstrecke;M201;75;Warm (20° bis 31,99° C);Abend;Klar;Illinois;Sommer;Kollision;Loading Procedures;Loading;EinzelneWagen, Güterzug;154375.26507761472;Signifikant;True
8001;SA35;1989;7;30;6010.0;6010.0;110.0;5900.0;2;0;0;0;0;0;0;0;1.9635609428485408;24;0;31;0;0;1;3549.0;04;7;1;Depot;M407;80;Warm (20° bis 31,99° C);Tag;Klar;Illinois;Sommer;Kollision;Unusual Operational Situations;Miscellaneous Causes;Depot/Rangieren, Depot/Rangieren;5097.972686402579;Nicht Signifikant;False
8002;SA35;1991;8;24;31300.0;31300.0;3000.0;28300.0;2;0;0;0;0;0;0;0;26.847453469403924;81;0;7;0;0;2;9989.919671708369;01;6;1;Nebenstrecke;M599;90;Heiß (>= 32° C);Tag;Klar;Indiana;Sommer;Entgleisung;Other Miscellaneous;Miscellaneous Causes;EinzelneWagen, Güterzug;26550.17389091526;Nicht Signifikant;True
8003;SA36;1990;8;19;11261.0;11261.0;261.0;11000.0;0;0;0;0;0;0;0;0;2.958916643910756;28;2;20;0;0;0;3903.1341202173035;04;6;1;Depot;M599;75;Warm (20° bis 31,99° C);Tag;Regen;Illinois;Sommer;Kollision;Other Miscellaneous;Miscellaneous Causes;EinzelneWagen, EinzelneWagen;9552.12486215964;Nicht Signifikant;False
8004;SA36;1992;10;28;111503.0;111503.0;8460.0;103043.0;4;2;0;2;0;0;0;0;33.81494337683943;100;0;22;0;0;2;10997.0;03;1;3;Hauptstrecke;H205;50;Moderat (0° bis 19,99° C);Tag;Klar;Wisconsion;Herbst;Kollision;Flagging, Fixed, Hand and Radio Signals;Human Factors;Güterzug, Güterzug;94582.23767919246;Signifikant;False
8005;SA38;1988;8;17;5600.0;5600.0;0.0;5600.0;0;0;0;0;0;0;0;0;2.958916643910756;2;0;0;0;0;0;297.294796241188;04;5;1;Depot;H301;80;Warm (20° bis 31,99° C);Morgendämmerung;Klar;Iowa;Sommer;Kollision;General Switching Rules;Human Factors;EinzelneWagen, EinzelneWagen;4750.190855882603;Nicht Signifikant;False
8006;SA4;1990;1;29;11900.0;11900.0;0.0;11900.0;1;0;0;0;0;0;0;0;2.0;76;2;34;0;0;2;8248.999437171708;04;7;1;Depot;H020;46;Moderat (0° bis 19,99° C);Tag;Klar;Illinois;Winter;Kollision;Brakes, Use of;Human Factors;Depot/Rangieren, EinzelneWagen;10094.15556875053;Nicht Signifikant;False
8007;SA42;1989;10;9;13280.0;13280.0;3440.0;9840.0;2;1;0;0;0;0;0;0;14.903185056657339;67;2;15;0;0;2;8356.889973591336;04;7;1;Depot;H017;56;Moderat (0° bis 19,99° C);Tag;Klar;Illinois;Herbst;Kollision;Brakes, Use of;Human Factors;Depot/Rangieren, Lokomotive;11264.738315378743;Nicht Signifikant;True
8008;SA42;1991;10;5;25223.0;25223.0;200.0;25023.0;5;0;0;0;0;0;0;0;5.944983747097401;59;2;41;0;0;0;80069.33638380232;01;5;1;Depot;H503;42;Moderat (0° bis 19,99° C);Tag;Klar;Iowa;Herbst;Entgleisung;Train Handling/Train Makeup;Human Factors;EinzelneWagen, Güterzug;21395.368563915512;Nicht Signifikant;False
8009;SA42;1992;12;6;17515.0;17515.0;864.0;16651.0;4;0;0;2;0;0;0;0;11.917117953470694;58;0;54;0;0;4;8350.0;03;1;4;Hauptstrecke;H499;25;Kalt (-30° - 0,01° C);Abend;Schnee;Iowa;Herbst;Kollision;Main Track Authority;Human Factors;Güterzug, Güterzug;14857.07015013996;Signifikant;False
8010;SA43;1990;10;2;446038.0;446038.0;38300.0;407738.0;4;2;0;0;0;0;0;0;16.89389645878177;94;7;73;0;0;4;12975.0;04;1;2;Hauptstrecke;H603;50;Moderat (0° bis 19,99° C);Abend;Wolkig;Iowa;Herbst;Kollision;Speed;Human Factors;Güterzug, Güterzug;378351.005174315;Signifikant;False
8011;SA45;1991;10;28;31681.0;31681.0;4031.0;27650.0;3;0;0;0;0;0;0;0;1.9757072952323604;36;1;15;0;0;3;2836.1220246462776;01;7;1;Depot;H018;48;Moderat (0° bis 19,99° C);Tag;Regen;Illinois;Herbst;Entgleisung;Brakes, Use of;Human Factors;Depot/Rangieren, Depot/Rangieren, EinzelneWagen;26873.3565187887;Nicht Signifikant;False
8012;SA46;1989;10;20;10720.0;10720.0;0.0;10720.0;2;0;0;0;0;0;0;0;3.0;75;5;65;0;0;0;10230.0;04;7;1;Depot;H301;32;Moderat (0° bis 19,99° C);Abend;Schnee;Illinois;Herbst;Kollision;General Switching Rules;Human Factors;Depot/Rangieren, Depot/Rangieren;9093.222495546695;Nicht Signifikant;False
8013;SA46;1991;10;30;6604.0;6604.0;104.0;6500.0;3;0;0;0;0;0;0;0;3.0;1;0;1;0;0;1;134.0;04;7;1;Depot;H314;50;Moderat (0° bis 19,99° C);Abend;Regen;Illinois;Herbst;Kollision;General Switching Rules;Human Factors;Depot/Rangieren, Depot/Rangieren;5601.832216472983;Nicht Signifikant;False
8014;SA48;1988;10;23;17100.0;17100.0;800.0;16300.0;2;0;0;0;0;0;0;0;4.949628046035187;89;3;70;0;0;3;12320.703905224262;01;7;1;Depot;T110;47;Moderat (0° bis 19,99° C);Tag;Wolkig;Illinois;Herbst;Entgleisung;Track Geometry;Track, Roadbed and Structures;Depot/Rangieren, EinzelneWagen;14505.047077784375;Nicht Signifikant;False
8015;SA5;1991;2;13;38812.0;38812.0;2212.0;36600.0;3;1;0;0;0;0;0;0;3.9542723449729715;2;0;13;0;0;1;674.8899735913355;04;7;1;Depot;H999;27;Kalt (-30° - 0,01° C);Abend;Schnee;Wisconsion;Winter;Kollision;Miscellaneous;Human Factors;Depot/Rangieren, Lokomotive;32922.21562473492;Nicht Signifikant;False
8016;SA50;1991;11;29;21713.0;21713.0;978.0;20735.0;1;0;0;0;0;0;0;0;3.9390297932972955;60;2;67;0;0;3;8852.378941613602;01;7;1;Depot;H602;40;Moderat (0° bis 19,99° C);Abend;Regen;Illinois;Herbst;Entgleisung;Speed;Human Factors;Depot/Rangieren, EinzelneWagen, EinzelneWagen;18418.016795317668;Nicht Signifikant;False
8017;SA51;1989;12;30;9640.0;9640.0;140.0;9500.0;1;0;0;0;0;0;0;0;2.958916643910756;7;1;6;0;0;1;838.5351022204947;04;7;1;Depot;H302;33;Moderat (0° bis 19,99° C);Abend;Nebel;Illinois;Winter;Kollision;General Switching Rules;Human Factors;Depot/Rangieren, EinzelneWagen;8177.114259055051;Nicht Signifikant;False
8018;SA53;1986;5;23;9200.0;9200.0;0.0;9200.0;1;0;0;0;0;0;0;0;7.5;2;0;3;0;0;0;289.9866287535593;04;7;1;Depot;H307;55;Moderat (0° bis 19,99° C);Tag;Klar;Wisconsion;Frühling;Kollision;General Switching Rules;Human Factors;Depot/Rangieren, EinzelneWagen;7803.884977521418;Nicht Signifikant;False
8019;SA56;1986;5;30;6150.0;6150.0;300.0;5850.0;1;0;0;0;0;0;0;0;3.9542723449729715;2;0;6;0;0;0;443.74405328281773;04;7;1;Depot;H306;80;Warm (20° bis 31,99° C);Tag;Klar;Iowa;Frühling;Kollision;General Switching Rules;Human Factors;Depot/Rangieren, EinzelneWagen;5216.727457799643;Nicht Signifikant;False
8020;SA59;1986;6;1;8250.0;8250.0;450.0;7800.0;2;0;0;0;0;0;0;0;3.0;39;0;29;0;0;0;4770.0;04;7;1;Depot;H306;60;Moderat (0° bis 19,99° C);Tag;Klar;Illinois;Frühling;Kollision;General Switching Rules;Human Factors;Depot/Rangieren, Depot/Rangieren;6998.0490287556195;Nicht Signifikant;False
8021;SA6;1992;1;2;14453.0;14453.0;0.0;14453.0;2;0;0;0;0;0;0;0;4.949628046035187;0;0;11;0;0;0;404.6904595035437;04;6;1;Depot;H302;35;Moderat (0° bis 19,99° C);Tag;Wolkig;Wisconsion;Winter;Kollision;General Switching Rules;Human Factors;EinzelneWagen, Lokomotive;12259.733650012724;Nicht Signifikant;False
8022;SA61;1988;12;7;18120.0;18120.0;3400.0;14720.0;4;0;0;0;0;0;0;0;6.0;60;8;48;0;0;2;6672.0;01;1;1;Hauptstrecke;E40C;35;Moderat (0° bis 19,99° C);Tag;Klar;Illinois;Herbst;Entgleisung;Truck Components;Mechanical and Electrical Failures;Güterzug, Güterzug;15370.260412248706;Nicht Signifikant;False
8023;SA62;1986;6;10;28700.0;28700.0;0.0;28700.0;1;0;0;0;0;0;0;0;4.5;12;0;87;0;0;3;3897.766416862435;04;7;1;Depot;M199;75;Warm (20° bis 31,99° C);Tag;Regen;Illinois;Frühling;Kollision;Environmental Conditions;Environmental Conditions;Depot/Rangieren, EinzelneWagen;24344.728136398335;Nicht Signifikant;False
8024;SA7;1992;2;4;16060.0;16060.0;60.0;16000.0;2;0;0;0;0;0;0;0;2.0;33;0;22;0;0;0;3400.0;04;7;1;Depot;H503;35;Moderat (0° bis 19,99° C);Abend;Wolkig;Illinois;Winter;Kollision;Train Handling/Train Makeup;Human Factors;Depot/Rangieren, Depot/Rangieren;13622.868775977606;Nicht Signifikant;False
8025;SA77;1986;7;23;9835.0;9835.0;1135.0;8700.0;3;1;0;0;0;0;0;0;5.0;4;0;13;0;0;3;758.8899735913355;04;1;1;Depot;H401;75;Warm (20° bis 31,99° C);Abend;Klar;Wisconsion;Sommer;Kollision;Main Track Authority;Human Factors;Güterzug, Lokomotive;8342.52269064382;Nicht Signifikant;False
8026;SA8;1988;3;9;19420.0;19420.0;1000.0;18420.0;3;0;0;0;0;0;0;0;4.949628046035187;101;4;63;0;0;0;13528.23894198405;01;6;1;Depot;T210;45;Moderat (0° bis 19,99° C);Abend;Wolkig;Illinois;Winter;Entgleisung;Rail, Joint Bar and Rail Anchoring;Track, Roadbed and Structures;EinzelneWagen, Güterzug;16472.983289507167;Nicht Signifikant;False
8027;SA83;1986;8;17;8900.0;8900.0;2500.0;6400.0;6;0;0;0;0;0;0;0;4.0;47;1;30;0;0;5;4965.0;04;7;1;Depot;H999;80;Warm (20° bis 31,99° C);Abend;Klar;Iowa;Sommer;Kollision;Miscellaneous;Human Factors;Depot/Rangieren, Depot/Rangieren;7549.41046738485;Nicht Signifikant;False
8028;SA89;1986;9;5;8000.0;8000.0;0.0;8000.0;1;0;0;0;0;0;0;0;4.5;29;0;26;0;0;0;3875.336383802324;04;7;1;Depot;E04L;60;Moderat (0° bis 19,99° C);Abend;Klar;Wisconsion;Sommer;Kollision;Brakes;Mechanical and Electrical Failures;Depot/Rangieren, EinzelneWagen;6785.986936975146;Nicht Signifikant;False
8029;SA90;1986;9;14;7618.0;7618.0;525.0;7093.0;3;0;0;0;0;0;0;0;3.9542723449729715;16;0;8;0;0;0;2000.0;04;7;1;Depot;H305;60;Moderat (0° bis 19,99° C);Tag;Klar;Illinois;Sommer;Kollision;General Switching Rules;Human Factors;Depot/Rangieren, Güterzug;6461.956060734583;Nicht Signifikant;False
8030;SB911;1991;3;14;14500.0;14500.0;0.0;14500.0;1;0;0;0;0;0;0;0;11.917117953470694;0;0;1;0;0;0;100.22635739365951;09;5;2;Hauptstrecke;H999;35;Moderat (0° bis 19,99° C);Tag;Schnee;Pennsylvania;Winter;Kollision;Miscellaneous;Human Factors;EinzelneWagen, Lokomotive;12299.601323267452;Nicht Signifikant;False
8031;SBR1409SS;2009;9;9;20000.0;20000.0;0.0;20000.0;4;0;0;0;0;0;0;0;3.9542723449729715;32;0;64;0;0;0;8255.0;05;6;1;Depot;H302;60;Moderat (0° bis 19,99° C);Abend;Wolkig;New York;Sommer;Kollision;General Switching Rules;Human Factors;EinzelneWagen, Güterzug;13772.20768489189;Nicht Signifikant;False
8032;SC0100109;2000;1;20;92550.0;92550.0;21000.0;71550.0;4;2;0;1;0;0;0;0;9.926406551346263;45;3;0;0;0;0;5247.691173992743;01;7;1;Depot;H020;65;Moderat (0° bis 19,99° C);Abend;Klar;Kalifornien;Winter;Entgleisung;Brakes, Use of;Human Factors;Depot/Rangieren, Lokomotive;91733.57121617605;Signifikant;False