index;INCDTNO;YEAR4;MONTH;DAY;ACCDMG;INFRASTRUCTURE_DMG;TRKDMG;EQPDMG;LOCOMOTIVES1;LOCOMOTIVES2;RREMPKLD;RREMPINJ;PASSKLD;PASSINJ;OTHERKLD;OTHERINJ;SPEED;LOADF1;LOADF2;EMPTYF1;EMPTYP1;LOADP1;EMPTYF2;TONS;TYPE;TYPEQ;TRKCLAS;TYPTRK;ACCAUSE;TEMP;TEMP_CLUSTER;VISIBLTY;WEATHER;STATE;Jahreszeit;ACCIDENT_TYPE;ACCCAUSE_LVL1;ACCCAUSE_LVL2;EQUIPMENT_TYPE;ACCDMG_EUR;ACCTYPE;SPD_TOO_HIGH
8033;SC0104108;2004;1;16;31268.0;31268.0;0.0;31268.0;4;0;0;0;0;0;0;0;3.9542723449729715;0;0;2;0;0;0;130.67276760464793;05;7;1;Depot;H317;40;Moderat (0° bis 19,99° C);Abend;Klar;Kalifornien;Winter;Kollision;General Switching Rules;Human Factors;Depot/Rangieren, Depot/Rangieren;25028.41591291123;Nicht Signifikant;False
8034;SC0202117;2002;2;27;23257.0;23257.0;3800.0;19457.0;2;0;0;0;0;0;0;0;9.926406551346263;18;3;0;0;0;0;2176.240711702764;01;7;1;Depot;H602;50;Moderat (0° bis 19,99° C);Abend;Klar;Kalifornien;Winter;Entgleisung;Speed;Human Factors;Depot/Rangieren, EinzelneWagen;26889.81385131229;Nicht Signifikant;False
8035;SC0297122;1997;2;14;19975.0;19975.0;975.0;19000.0;2;0;0;0;0;0;0;0;3.0;23;2;0;0;0;0;2725.418793351243;01;6;1;Depot;H310;49;Moderat (0° bis 19,99° C);Abend;Klar;Kalifornien;Winter;Entgleisung;General Switching Rules;Human Factors;EinzelneWagen, Güterzug;16943.761133259817;Nicht Signifikant;False
8036;SC0303115;2003;3;28;39364.0;39364.0;6200.0;33164.0;2;0;0;0;0;0;0;0;6.940339448159618;21;0;62;0;0;2;4349.323364617195;01;7;1;Depot;H306;68;Warm (20° bis 31,99° C);Tag;Klar;Kalifornien;Frühling;Entgleisung;General Switching Rules;Human Factors;Depot/Rangieren, Depot/Rangieren;36685.92730661696;Nicht Signifikant;False
8037;SC0397105;1997;3;27;6754.0;6754.0;0.0;6754.0;5;0;0;1;0;0;0;0;14.903185056657339;41;1;1;0;0;0;3790.0;03;4;4;Hauptstrecke;H307;60;Moderat (0° bis 19,99° C);Abend;Klar;Kalifornien;Frühling;Kollision;General Switching Rules;Human Factors;Arbeitszug, Lokomotive;5729.069471541267;Signifikant;False
8038;SC0404116;2004;4;24;8350.0;8350.0;350.0;8000.0;4;1;0;0;0;0;0;0;5.5;34;0;0;0;0;0;3937.5323811774592;04;7;1;Depot;H307;60;Moderat (0° bis 19,99° C);Morgendämmerung;Klar;Kalifornien;Frühling;Kollision;General Switching Rules;Human Factors;Depot/Rangieren, Lokomotive;7032.368546643834;Nicht Signifikant;False
8039;SC0497106;1997;4;8;29000.0;29000.0;14500.0;14500.0;0;0;0;0;0;0;0;0;2.958916643910756;19;0;0;0;0;0;2231.171013238582;03;6;1;Hauptstrecke;M502;65;Moderat (0° bis 19,99° C);Tag;Klar;Kalifornien;Frühling;Kollision;Other Miscellaneous;Miscellaneous Causes;EinzelneWagen, EinzelneWagen;24599.202646534904;Nicht Signifikant;False
8040;SC0504105;2004;5;6;8950.0;8950.0;250.0;8700.0;5;0;0;0;0;0;0;0;3.9542723449729715;29;0;59;0;0;2;5472.221643413179;04;7;1;Depot;H307;76;Warm (20° bis 31,99° C);Abend;Klar;Kalifornien;Frühling;Kollision;General Switching Rules;Human Factors;Depot/Rangieren, Güterzug;7386.926378342688;Nicht Signifikant;False
8041;SC0600119;2000;6;21;172264.0;172264.0;0.0;167264.0;6;0;0;1;0;0;0;0;4.949628046035187;13;2;0;0;0;0;1054.8899735913355;01;1;1;Industriestrecke;T399;59;Moderat (0° bis 19,99° C);Abend;Klar;Kalifornien;Sommer;Entgleisung;Frogs, Switches and Track Appliances;Track, Roadbed and Structures;Güterzug, Lokomotive;181904.9630411827;Signifikant;False
8042;SC0602102;2002;6;18;20300.0;20300.0;8500.0;11800.0;2;0;0;0;0;0;0;0;6.940339448159618;25;2;0;0;0;0;2952.93364240976;01;7;1;Depot;H307;75;Warm (20° bis 31,99° C);Morgendämmerung;Klar;Kalifornien;Frühling;Entgleisung;General Switching Rules;Human Factors;Depot/Rangieren, EinzelneWagen;21404.47068747364;Nicht Signifikant;False
8043;SC0604111;2004;6;19;86528.0;86528.0;45000.0;41528.0;4;0;0;0;0;0;0;0;7.5;76;2;28;0;0;4;9612.981917787245;01;7;1;Depot;E39C;98;Heiß (>= 32° C);Tag;Klar;Kalifornien;Frühling;Entgleisung;Coupler and Draft System;Mechanical and Electrical Failures;Depot/Rangieren, Depot/Rangieren;71716.21173610343;Nicht Signifikant;False
8044;SC0604113;2004;6;25;9800.0;9800.0;2200.0;7600.0;4;0;0;0;0;0;0;0;7.935695149221832;49;2;7;0;0;2;6224.256439118408;01;5;1;Depot;H504;80;Warm (20° bis 31,99° C);Tag;Klar;Kalifornien;Sommer;Entgleisung;Train Handling/Train Makeup;Human Factors;EinzelneWagen, Güterzug;8073.817762399078;Nicht Signifikant;False
8045;SC0699123;1999;6;16;84000.0;84000.0;69900.0;14100.0;6;0;0;0;0;0;0;0;11.917117953470694;12;1;79;0;0;12;4363.588108940251;01;6;1;Depot;H503;72;Warm (20° bis 31,99° C);Tag;Klar;Kalifornien;Frühling;Entgleisung;Train Handling/Train Makeup;Human Factors;EinzelneWagen, Güterzug;81198.64668922185;Nicht Signifikant;True
8046;SC0704108;2004;7;9;9651.0;9651.0;500.0;9151.0;4;0;0;0;0;0;0;0;8.5;29;1;51;0;0;1;4775.344815790389;04;7;1;Depot;S007;87;Warm (20° bis 31,99° C);Abend;Klar;Kalifornien;Sommer;Kollision;SIGNAL AND COMMUNICATION;Signal and Communication;Depot/Rangieren, Depot/Rangieren;7800.678952473327;Nicht Signifikant;False
8047;SC0704112;2004;7;10;19182.0;19182.0;1800.0;17382.0;6;0;0;0;0;0;0;0;10.921762252408477;8;2;3;0;0;0;1970.6229046454796;01;6;1;Industriestrecke;H702;68;Warm (20° bis 31,99° C);Abend;Klar;Kalifornien;Sommer;Entgleisung;Switches, Use of;Human Factors;EinzelneWagen, Güterzug;15493.928542580976;Nicht Signifikant;True
8048;SC0799112;1999;7;30;87000.0;87000.0;40000.0;47000.0;8;2;0;0;0;0;0;0;6.940339448159618;114;1;0;0;0;0;10994.0;04;1;1;Depot;H605;64;Moderat (0° bis 19,99° C);Abend;Klar;Kalifornien;Sommer;Kollision;Speed;Human Factors;Güterzug, Güterzug;81354.03029736302;Nicht Signifikant;False
8049;SC0800106;2000;8;2;25209.0;25209.0;1000.0;24209.0;3;0;0;0;0;0;0;0;8.931050850284048;40;6;0;0;0;0;4936.380436228463;01;6;1;Industriestrecke;H306;85;Warm (20° bis 31,99° C);Tag;Klar;Kalifornien;Sommer;Entgleisung;General Switching Rules;Human Factors;EinzelneWagen, Güterzug;27574.928899584334;Nicht Signifikant;False
8050;SC0802109;2002;8;10;11966.0;11966.0;400.0;11566.0;5;1;0;0;0;0;0;0;4.949628046035187;4;0;23;0;0;1;1226.5571147718456;01;7;X;Depot;H306;65;Moderat (0° bis 19,99° C);Abend;Klar;Kalifornien;Sommer;Entgleisung;General Switching Rules;Human Factors;Depot/Rangieren, Lokomotive;12277.857582597988;Nicht Signifikant;False
8051;SC0802125;2002;8;22;10400.0;10400.0;1800.0;8600.0;6;0;0;0;0;0;0;0;4.949628046035187;5;0;20;0;0;1;3460.266069824431;01;6;1;Depot;H702;65;Moderat (0° bis 19,99° C);Abend;Klar;Kalifornien;Sommer;Entgleisung;Switches, Use of;Human Factors;EinzelneWagen, Güterzug;10644.831115660185;Nicht Signifikant;False
8052;SC0804103;2004;8;3;7038.0;7038.0;0.0;7038.0;3;0;0;0;0;0;0;0;5.0;6;0;4;0;0;1;991.8164184217309;01;5;1;Industriestrecke;H018;65;Moderat (0° bis 19,99° C);Abend;Klar;Kalifornien;Sommer;Entgleisung;Brakes, Use of;Human Factors;EinzelneWagen, Güterzug;5854.267176842456;Nicht Signifikant;False
8053;SC0897106;1997;8;19;10000.0;10000.0;0.0;10000.0;5;1;0;0;0;0;0;0;8.0;0;0;41;0;0;0;1318.0827658331962;02;7;1;Depot;H605;85;Warm (20° bis 31,99° C);Tag;Klar;Kalifornien;Sommer;Kollision;Speed;Human Factors;Depot/Rangieren, Lokomotive;8482.483671218932;Nicht Signifikant;False
8054;SC0901103;2001;9;9;11304.0;11304.0;0.0;11304.0;3;2;0;0;0;0;0;0;4.949628046035187;0;0;1;0;0;1;101.7063920130664;01;7;1;Depot;H306;85;Warm (20° bis 31,99° C);Tag;Klar;Kalifornien;Sommer;Entgleisung;General Switching Rules;Human Factors;Depot/Rangieren, Lokomotive;12538.6378762109;Nicht Signifikant;False
8055;SC0903116;2003;9;7;46897.0;46897.0;900.0;45997.0;2;0;0;0;0;0;0;0;2.958916643910756;38;1;1;0;0;1;4444.097565122703;01;7;X;Depot;H306;65;Moderat (0° bis 19,99° C);Abend;Klar;Kalifornien;Sommer;Entgleisung;General Switching Rules;Human Factors;Depot/Rangieren, EinzelneWagen;42549.826100105856;Nicht Signifikant;False
8056;SC0904100;2004;9;3;37953.0;37953.0;1500.0;36453.0;1;0;0;0;0;0;0;0;4.949628046035187;4;1;0;0;0;0;544.4186862975185;01;7;1;Depot;H305;80;Warm (20° bis 31,99° C);Tag;Klar;Kalifornien;Sommer;Entgleisung;General Switching Rules;Human Factors;Depot/Rangieren, EinzelneWagen;31172.89527720739;Nicht Signifikant;False
8057;SC1000100;2000;10;2;174544.0;174544.0;0.0;174544.0;7;0;0;1;0;0;0;0;32.819587675777214;22;0;93;0;0;0;5800.0;04;1;1;Hauptstrecke;H401;75;Warm (20° bis 31,99° C);Tag;Klar;Kalifornien;Herbst;Kollision;Main Track Authority;Human Factors;Güterzug, Güterzug;198300.3862758464;Signifikant;True
8058;SC1099104;1999;10;8;46000.0;46000.0;1500.0;44500.0;8;1;0;0;0;0;0;0;5.0;0;0;42;0;0;2;1351.4892452829984;01;7;1;Depot;H306;75;Warm (20° bis 31,99° C);Abend;Klar;Kalifornien;Herbst;Entgleisung;General Switching Rules;Human Factors;Depot/Rangieren, Lokomotive;43164.117481467576;Nicht Signifikant;False
8059;SC1198104;1998;11;13;878998.0;878998.0;67000.0;811998.0;7;3;0;0;0;0;0;0;18.0;138;4;0;0;0;0;10903.0;03;1;5;Hauptstrecke;H605;50;Moderat (0° bis 19,99° C);Tag;Klar;Kalifornien;Herbst;Kollision;Speed;Human Factors;Güterzug, Güterzug;745608.61820341;Signifikant;False
8060;SE0008;1996;1;3;36765.0;36765.0;7800.0;28965.0;3;0;0;0;0;0;0;0;6.940339448159618;78;5;98;0;0;1;11747.467502240446;01;6;1;Depot;H306;35;Moderat (0° bis 19,99° C);Tag;Schnee;Mississippi;Winter;Entgleisung;General Switching Rules;Human Factors;EinzelneWagen, Güterzug;31185.851217236406;Nicht Signifikant;False
8061;SE0298;1996;7;18;7700.0;7700.0;0.0;7700.0;4;0;0;0;0;0;0;0;0.9682052417863254;1;0;10;0;0;2;490.9615430606275;01;7;1;Depot;T306;86;Warm (20° bis 31,99° C);Tag;Klar;Tennessee;Sommer;Entgleisung;Frogs, Switches and Track Appliances;Track, Roadbed and Structures;Depot/Rangieren, Depot/Rangieren;6531.512426838578;Nicht Signifikant;False
8062;SE0722;1995;11;18;16800.0;16800.0;0.0;16800.0;2;0;0;0;0;0;0;0;2.958916643910756;37;0;6;0;0;4;4467.403254508792;01;7;1;Depot;E39C;45;Moderat (0° bis 19,99° C);Tag;Klar;Missouri;Herbst;Entgleisung;Coupler and Draft System;Mechanical and Electrical Failures;Depot/Rangieren, EinzelneWagen;14250.572567647807;Nicht Signifikant;False
8063;SE0797113;1997;7;18;11400.0;11400.0;2000.0;9400.0;0;0;0;0;0;0;0;0;4.949628046035187;18;1;19;0;0;2;2718.4644929547308;01;6;1;Depot;H018;80;Warm (20° bis 31,99° C);Abend;Wolkig;Missouri;Sommer;Entgleisung;Brakes, Use of;Human Factors;EinzelneWagen, EinzelneWagen;9670.031385189583;Nicht Signifikant;False
8064;SE0803;1995;12;27;60000.0;60000.0;0.0;60000.0;2;0;0;0;0;0;0;0;9.926406551346263;19;0;10;0;0;0;2380.647398120594;09;5;4;Hauptstrecke;H402;30;Kalt (-30° - 0,01° C);Tag;Wolkig;Arkansas;Winter;Kollision;Main Track Authority;Human Factors;EinzelneWagen, Güterzug;50894.9020273136;Nicht Signifikant;False
8065;SE1097111;1997;10;24;30500.0;30500.0;6500.0;24000.0;3;3;0;0;0;0;0;0;8.931050850284048;0;0;0;0;0;0;4697.889973591336;01;1;1;Nebenstrecke;H703;60;Moderat (0° bis 19,99° C);Abend;Nebel;Mississippi;Herbst;Entgleisung;Switches, Use of;Human Factors;Güterzug, Güterzug;25871.575197217742;Nicht Signifikant;False
8066;SEPT0189;1989;9;5;9760.0;9760.0;1000.0;8760.0;2;2;0;0;0;0;0;0;9.926406551346263;46;0;70;0;0;4;7439.790328775377;03;7;2;Nebenstrecke;H401;97;Heiß (>= 32° C);Tag;Klar;Texas;Sommer;Kollision;Main Track Authority;Human Factors;Depot/Rangieren, EinzelneWagen;8278.904063109678;Nicht Signifikant;False
8067;SEPT0190;1990;9;4;7298.0;7298.0;0.0;7298.0;2;0;0;0;0;0;0;0;1.9635609428485408;15;0;43;0;0;1;3086.816988813457;04;7;1;Depot;H306;77;Warm (20° bis 31,99° C);Abend;Klar;Texas;Sommer;Kollision;General Switching Rules;Human Factors;Depot/Rangieren, EinzelneWagen;6190.516583255577;Nicht Signifikant;False
8068;SEPT0285;1985;9;10;40500.0;40500.0;3500.0;37000.0;2;0;0;0;0;0;0;0;3.5;47;1;20;0;0;1;6046.3961798948085;04;7;2;Depot;H018;75;Warm (20° bis 31,99° C);Abend;Klar;Texas;Sommer;Kollision;Brakes, Use of;Human Factors;Depot/Rangieren, EinzelneWagen;34354.058868436674;Nicht Signifikant;False
8069;SEPT0289;1989;9;14;7900.0;7900.0;700.0;7200.0;1;0;0;0;0;0;0;0;2.958916643910756;84;1;45;0;0;1;11016.58114275208;04;7;1;Industriestrecke;H306;75;Warm (20° bis 31,99° C);Abend;Klar;Texas;Sommer;Kollision;General Switching Rules;Human Factors;Depot/Rangieren, EinzelneWagen;6701.162100262956;Nicht Signifikant;False
8070;SEPT9402;1994;9;2;58355.0;58355.0;1355.0;57000.0;3;0;0;0;0;0;0;0;5.5;47;1;26;0;0;3;6232.034710399552;04;7;1;Industriestrecke;H401;81;Warm (20° bis 31,99° C);Abend;Wolkig;Texas;Sommer;Kollision;Main Track Authority;Human Factors;Depot/Rangieren, Depot/Rangieren;49499.53346339808;Nicht Signifikant;False
8071;SF0048;1993;2;23;24114.0;24114.0;0.0;24114.0;3;0;0;2;0;0;0;0;27.5;12;0;14;0;0;0;1794.647398120594;09;5;4;Hauptstrecke;M505;25;Kalt (-30° - 0,01° C);Tag;Wolkig;Missouri;Winter;Kollision;Other Miscellaneous;Miscellaneous Causes;EinzelneWagen, Güterzug;20454.661124777333;Signifikant;False
8072;SF0062;1990;1;19;33150.0;33150.0;1500.0;31650.0;0;0;0;0;0;0;0;0;2.958916643910756;3;3;2;0;0;2;533.7322334246779;01;6;1;Depot;H018;48;Moderat (0° bis 19,99° C);Abend;Wolkig;Mississippi;Winter;Entgleisung;Brakes, Use of;Human Factors;EinzelneWagen, EinzelneWagen;28119.433370090763;Nicht Signifikant;False
8073;SF0101111;2001;1;14;1320230.0;1320230.0;335000.0;985228.0;6;2;0;0;0;0;0;0;20.0;78;1;129;0;0;15;12231.0;04;1;4;Hauptstrecke;H204;27;Kalt (-30° - 0,01° C);Abend;Klar;Missouri;Winter;Kollision;Flagging, Fixed, Hand and Radio Signals;Human Factors;Güterzug, Güterzug;1394560.05070244;Signifikant;False
8074;SF0105110;2005;1;12;21712.0;21712.0;11712.0;10000.0;3;0;0;0;0;0;0;0;9.926406551346263;35;3;5;0;0;0;4834.889973591336;01;1;2;Hauptstrecke;T101;45;Moderat (0° bis 19,99° C);Tag;Wolkig;Oklahoma;Winter;Entgleisung;Track Geometry;Track, Roadbed and Structures;Güterzug, NaN;16524.849684146433;Nicht Signifikant;False
8075;SF0108119;2008;1;23;185420.0;185420.0;115563.0;69857.0;5;0;0;0;0;0;0;0;6.940339448159618;89;4;115;0;0;9;14078.245322811094;01;7;1;Depot;T207;30;Kalt (-30° - 0,01° C);Tag;Wolkig;Tennessee;Winter;Entgleisung;Rail, Joint Bar and Rail Anchoring;Track, Roadbed and Structures;Depot/Rangieren, Güterzug;127226.56786057362;Nicht Signifikant;False
8076;SF0114116;2014;1;27;19188.0;19188.0;0.0;19188.0;3;0;0;0;0;0;0;0;3.9542723449729715;115;0;9;0;0;0;13425.901459946293;04;7;1;Depot;H601;5;Kalt (-30° - 0,01° C);Abend;Wolkig;Missouri;Winter;Kollision;Speed;Human Factors;Depot/Rangieren, Lokomotive;14048.90906428467;Nicht Signifikant;False
8077;SF0116110;2016;1;21;50000.0;50000.0;0.0;50000.0;4;0;0;0;0;0;0;0;5.5;17;0;61;0;0;2;3863.847256289172;04;7;1;Depot;H309;33;Moderat (0° bis 19,99° C);Tag;Klar;Oklahoma;Winter;Kollision;General Switching Rules;Human Factors;Depot/Rangieren, Depot/Rangieren;45901.03736344442;Nicht Signifikant;False
8078;SF0194;1994;8;12;12505.0;12505.0;0.0;12505.0;0;0;0;0;0;0;0;0;4.949628046035187;0;0;2;0;0;0;130.67276760464793;09;5;3;Hauptstrecke;H699;89;Warm (20° bis 31,99° C);Tag;Klar;Missouri;Sommer;Kollision;Speed;Human Factors;EinzelneWagen, EinzelneWagen;10607.345830859274;Nicht Signifikant;False
8079;SF0199109;1999;1;7;13650.0;13650.0;3500.0;10150.0;12;2;0;0;0;0;0;0;5.0;95;2;3;0;0;0;8572.466789160571;04;7;X;Hauptstrecke;H104;27;Kalt (-30° - 0,01° C);Abend;Eisregen;Oklahoma;Winter;Kollision;Employee Physical Condition;Human Factors;Depot/Rangieren, Güterzug;11734.86932599725;Nicht Signifikant;False
8080;SF0202101;2002;2;2;212450.0;212450.0;169000.0;43450.0;4;2;0;0;0;0;0;0;5.5;3;3;0;0;0;0;4244.62290464548;04;7;1;Nebenstrecke;H605;35;Moderat (0° bis 19,99° C);Abend;Klar;Alabama;Winter;Kollision;Speed;Human Factors;Depot/Rangieren, Güterzug;246005.0949513664;Signifikant;False
8081;SF0202118;2002;2;22;87000.0;87000.0;4200.0;82800.0;6;0;0;0;0;0;0;0;4.949628046035187;0;0;31;0;0;7;2752.742863252126;01;6;1;Industriestrecke;T102;44;Moderat (0° bis 19,99° C);Tag;Klar;Oklahoma;Winter;Entgleisung;Track Geometry;Track, Roadbed and Structures;EinzelneWagen, Güterzug;99462.67291642849;Nicht Signifikant;False
8082;SF0204100;2004;2;1;144240.0;144240.0;2500.0;141740.0;5;2;0;0;0;0;0;0;1.9635609428485408;123;0;75;0;0;0;16496.9583209291;05;7;1;Depot;H099;40;Moderat (0° bis 19,99° C);Abend;Regen;Oklahoma;Winter;Kollision;Brakes, Use of;Human Factors;Depot/Rangieren, Güterzug;115992.0656194714;Nicht Signifikant;False
8083;SF0206105;2006;2;9;48337.0;48337.0;0.0;48337.0;2;0;0;0;0;0;0;0;8.0;8;1;0;0;0;0;999.4483844145525;01;7;1;Depot;H318;20;Kalt (-30° - 0,01° C);Tag;Klar;Missouri;Winter;Entgleisung;General Switching Rules;Human Factors;Depot/Rangieren, EinzelneWagen;40375.04176411627;Nicht Signifikant;False
8084;SF0208105;2008;2;8;46147.0;46147.0;5000.0;41147.0;2;0;0;0;0;0;0;0;9.926406551346263;26;2;4;0;0;2;3191.436777021786;01;7;1;Depot;H307;42;Moderat (0° bis 19,99° C);Abend;Wolkig;Tennessee;Winter;Entgleisung;General Switching Rules;Human Factors;Depot/Rangieren, EinzelneWagen;31797.009577620065;Nicht Signifikant;False
8085;SF0210;1991;3;4;16440.0;16440.0;2640.0;13800.0;4;0;0;0;0;0;0;0;1.9635609428485408;34;0;44;0;0;3;4777.9171759059955;01;7;1;Depot;M405;60;Moderat (0° bis 19,99° C);Abenddämmerung;Klar;Missouri;Winter;Entgleisung;Unusual Operational Situations;Miscellaneous Causes;Depot/Rangieren, Güterzug;13945.203155483925;Nicht Signifikant;False
8086;SF0211107;2011;2;16;12812.0;12812.0;0.0;12812.0;4;0;0;0;0;0;0;0;3.0;17;1;60;0;0;1;3851.5298524565906;04;7;1;Depot;M407;45;Moderat (0° bis 19,99° C);Abend;Klar;Oklahoma;Winter;Kollision;Unusual Operational Situations;Miscellaneous Causes;Depot/Rangieren, Depot/Rangieren;9483.345669874167;Nicht Signifikant;False
8087;SF0211115;2011;2;20;33290.0;33290.0;4000.0;29290.0;4;1;0;0;0;0;0;0;3.0;42;0;62;0;0;2;6738.229279731622;04;7;1;Depot;H306;72;Warm (20° bis 31,99° C);Tag;Klar;Tennessee;Winter;Kollision;General Switching Rules;Human Factors;Depot/Rangieren, Lokomotive;24380.53853477528;Nicht Signifikant;False
8088;SF0213121;2013;2;25;15660.0;15660.0;2800.0;12860.0;2;0;0;0;0;0;0;0;4.949628046035187;3;1;52;0;0;0;2013.8745927396576;04;7;1;Depot;M105;40;Moderat (0° bis 19,99° C);Abend;Regen;Arkansas;Winter;Kollision;Environmental Conditions;Environmental Conditions;Depot/Rangieren, EinzelneWagen;11770.8959711365;Nicht Signifikant;False
8089;SF0214105;2014;2;7;12785.0;12785.0;500.0;12285.0;2;1;0;0;0;0;0;0;3.9542723449729715;0;0;0;0;0;0;69.7799471826711;01;5;1;Depot;H307;20;Kalt (-30° - 0,01° C);Abend;Klar;Mississippi;Winter;Entgleisung;General Switching Rules;Human Factors;EinzelneWagen, Lokomotive;9418.741712096657;Nicht Signifikant;False
8090;SF0303118;2003;3;20;123673.0;123673.0;82000.0;41673.0;2;0;0;0;0;0;0;0;2.5;60;1;43;0;0;8;8235.87037596375;01;7;1;Industriestrecke;H020;71;Warm (20° bis 31,99° C);Tag;Wolkig;Tennessee;Winter;Entgleisung;Brakes, Use of;Human Factors;Depot/Rangieren, EinzelneWagen;116760.76283987916;Nicht Signifikant;False
8091;SF0304139;2004;3;30;58184.0;58184.0;47884.0;10300.0;3;0;0;0;0;0;0;0;6.940339448159618;42;4;1;0;0;1;2993.8164184217308;01;5;1;Depot;H702;50;Moderat (0° bis 19,99° C);Abend;Klar;Arkansas;Frühling;Entgleisung;Switches, Use of;Human Factors;EinzelneWagen, Güterzug;47742.67662263068;Nicht Signifikant;False
8092;SF0307103;2007;3;7;12574.0;12574.0;0.0;12574.0;2;0;0;0;0;0;0;0;1.9635609428485408;0;0;32;0;0;2;1047.0251431731144;01;7;1;Industriestrecke;H210;65;Moderat (0° bis 19,99° C);Tag;Klar;Oklahoma;Winter;Entgleisung;Flagging, Fixed, Hand and Radio Signals;Human Factors;Depot/Rangieren, EinzelneWagen;9572.896840502475;Nicht Signifikant;False
8093;SF0308103;2008;3;7;32191.0;32191.0;3800.0;28391.0;2;0;0;0;0;0;0;0;5.944983747097401;17;0;18;0;0;2;2554.6516172166703;01;7;1;Depot;H307;40;Moderat (0° bis 19,99° C);Abend;Wolkig;Mississippi;Winter;Entgleisung;General Switching Rules;Human Factors;Depot/Rangieren, EinzelneWagen;20880.19718492573;Nicht Signifikant;False
8094;SF0312100;2012;3;1;242269.0;242269.0;88479.0;153790.0;7;1;0;0;0;0;0;0;10.0;126;1;25;0;0;0;15856.522240369373;05;7;1;Depot;H607;55;Moderat (0° bis 19,99° C);Tag;Klar;Missouri;Winter;Kollision;Speed;Human Factors;Depot/Rangieren, Güterzug, Güterzug;181992.9387019231;Signifikant;False
8095;SF0312112;2012;3;19;16661.0;16661.0;1000.0;15661.0;3;0;0;0;0;0;0;0;4.949628046035187;44;1;18;0;0;0;5883.471886748766;04;6;4;Hauptstrecke;H307;60;Moderat (0° bis 19,99° C);Tag;Wolkig;Missouri;Winter;Kollision;General Switching Rules;Human Factors;EinzelneWagen, Güterzug;12669.961977186313;Nicht Signifikant;False
8096;SF0312116;2012;3;15;11782.0;11782.0;0.0;11782.0;2;0;0;0;0;0;0;0;7.935695149221832;2;0;0;0;0;0;297.294796241188;04;7;1;Depot;M408;66;Moderat (0° bis 19,99° C);Abend;Klar;Oklahoma;Winter;Kollision;Unusual Operational Situations;Miscellaneous Causes;Depot/Rangieren, EinzelneWagen;9023.512292257026;Nicht Signifikant;False
8097;SF0313123;2013;3;30;19323.0;19323.0;2000.0;17323.0;2;0;0;0;0;0;0;0;4.949628046035187;3;1;0;0;0;0;430.66126176826003;05;7;1;Depot;T306;40;Moderat (0° bis 19,99° C);Abend;Klar;Oklahoma;Frühling;Kollision;Frogs, Switches and Track Appliances;Track, Roadbed and Structures;Depot/Rangieren, EinzelneWagen;15073.71869880646;Nicht Signifikant;False
8098;SF0315116;2015;3;20;25818.0;25818.0;500.0;25318.0;3;0;0;0;0;0;0;0;3.9542723449729715;20;1;39;0;0;1;3562.4106153843345;01;7;1;Depot;H309;48;Moderat (0° bis 19,99° C);Tag;Wolkig;Missouri;Winter;Entgleisung;General Switching Rules;Human Factors;Depot/Rangieren, Güterzug;23958.79732739421;Nicht Signifikant;False
8099;SF0345;1993;10;25;21514.0;21514.0;0.0;21514.0;0;0;0;0;0;0;0;0;19.879963561968417;0;0;2;0;0;0;130.67276760464793;09;5;4;Hauptstrecke;H402;70;Warm (20° bis 31,99° C);Tag;Klar;Kansas;Herbst;Kollision;Main Track Authority;Human Factors;EinzelneWagen, EinzelneWagen;18249.215370260412;Nicht Signifikant;False
8100;SF0386;1993;11;21;13500.0;13500.0;6000.0;7500.0;4;1;0;0;0;0;0;0;10.0;67;2;32;0;0;0;7596.0;01;1;3;Hauptstrecke;E64C;42;Moderat (0° bis 19,99° C);Abend;Klar;Kansas;Herbst;Entgleisung;Wheels;Mechanical and Electrical Failures;Güterzug, Güterzug;11451.352956145558;Nicht Signifikant;False
8101;SF0398120;1998;3;16;97500.0;97500.0;0.0;97500.0;4;0;0;0;0;0;0;0;2.0;18;0;7;0;0;0;1973.6680536241672;04;7;1;Depot;M505;35;Moderat (0° bis 19,99° C);Tag;Regen;Missouri;Winter;Kollision;Other Miscellaneous;Miscellaneous Causes;Depot/Rangieren, Güterzug;82704.2157943846;Nicht Signifikant;False
8102;SF0403121;2003;4;12;34440.0;34440.0;4000.0;30440.0;2;1;0;0;0;0;0;0;2.0;3;2;11;0;0;1;786.6608497063531;01;7;1;Depot;H702;67;Moderat (0° bis 19,99° C);Tag;Klar;Missouri;Frühling;Entgleisung;Switches, Use of;Human Factors;Depot/Rangieren, Lokomotive;32079.982612475553;Nicht Signifikant;False
8103;SF0404101;2004;4;1;561256.0;561256.0;91324.0;469932.0;4;0;0;0;0;0;0;0;8.90806780037873;114;15;6;0;0;4;14860.577340088661;01;6;1;Depot;T207;50;Moderat (0° bis 19,99° C);Morgendämmerung;Klar;Tennessee;Frühling;Entgleisung;Rail, Joint Bar and Rail Anchoring;Track, Roadbed and Structures;EinzelneWagen, EinzelneWagen, Güterzug;455564.93506493507;Signifikant;False