index;INCDTNO;YEAR4;MONTH;DAY;ACCDMG;INFRASTRUCTURE_DMG;TRKDMG;EQPDMG;LOCOMOTIVES1;LOCOMOTIVES2;RREMPKLD;RREMPINJ;PASSKLD;PASSINJ;OTHERKLD;OTHERINJ;SPEED;LOADF1;LOADF2;EMPTYF1;EMPTYP1;LOADP1;EMPTYF2;TONS;TYPE;TYPEQ;TRKCLAS;TYPTRK;ACCAUSE;TEMP;TEMP_CLUSTER;VISIBLTY;WEATHER;STATE;Jahreszeit;ACCIDENT_TYPE;ACCCAUSE_LVL1;ACCCAUSE_LVL2;EQUIPMENT_TYPE;ACCDMG_EUR;ACCTYPE;SPD_TOO_HIGH
8104;SF0404111;2004;4;10;315530.0;315530.0;46000.0;269530.0;4;0;0;0;0;0;0;0;4.0;53;0;134;0;0;12;10654.995731656683;04;7;2;Depot;H607;50;Moderat (0° bis 19,99° C);Abend;Regen;Oklahoma;Frühling;Kollision;Speed;Human Factors;Depot/Rangieren, Güterzug;261902.7856170524;Signifikant;False
8105;SF0408104;2008;4;4;9375.0;9375.0;1975.0;7400.0;4;0;0;0;0;0;0;0;3.0;40;2;40;0;0;1;5878.631453407581;04;7;1;Depot;M408;60;Moderat (0° bis 19,99° C);Tag;Regen;Tennessee;Frühling;Kollision;Unusual Operational Situations;Miscellaneous Causes;Depot/Rangieren, Depot/Rangieren;5962.981808930162;Nicht Signifikant;False
8106;SF0413102;2013;4;8;10815.0;10815.0;200.0;10615.0;4;0;0;0;0;0;0;0;4.0;1;0;2;0;0;2;247.39026137272018;04;7;1;Depot;T306;70;Warm (20° bis 31,99° C);Tag;Klar;Oklahoma;Frühling;Kollision;Frogs, Switches and Track Appliances;Track, Roadbed and Structures;Depot/Rangieren, Depot/Rangieren;8304.538124856024;Nicht Signifikant;False
8107;SF0503128;2003;5;27;16868.0;16868.0;0.0;16868.0;1;0;0;0;0;0;0;0;4.0;77;0;5;0;0;0;8981.333686990516;05;7;1;Depot;S013;59;Moderat (0° bis 19,99° C);Abend;Klar;Tennessee;Frühling;Kollision;SIGNAL AND COMMUNICATION;Signal and Communication;Depot/Rangieren, EinzelneWagen;14173.598857238889;Nicht Signifikant;False
8108;SF0503133;2003;5;28;25517.0;25517.0;400.0;25117.0;4;1;0;0;0;0;0;0;5.5;54;0;63;0;0;0;8646.13635961247;01;7;1;Depot;H307;75;Warm (20° bis 31,99° C);Tag;Klar;Missouri;Frühling;Entgleisung;General Switching Rules;Human Factors;Depot/Rangieren, Güterzug;21738.79706934742;Nicht Signifikant;False
8109;SF0504105;2004;5;9;20036.0;20036.0;2100.0;17936.0;4;0;0;0;0;0;0;0;2.0;25;0;39;0;0;3;4105.565662500901;05;7;1;Depot;H307;67;Moderat (0° bis 19,99° C);Tag;Klar;Tennessee;Frühling;Kollision;General Switching Rules;Human Factors;Depot/Rangieren, Depot/Rangieren;16809.194888000224;Nicht Signifikant;False
8110;SF0508119;2008;5;29;32200.0;32200.0;2000.0;30200.0;4;0;0;0;0;0;0;0;10.0;10;0;6;0;0;1;1391.512688360593;01;7;1;Depot;H018;85;Warm (20° bis 31,99° C);Tag;Wolkig;Alabama;Frühling;Entgleisung;Brakes, Use of;Human Factors;Depot/Rangieren, Depot/Rangieren;20706.063918719054;Nicht Signifikant;False
8111;SF0605120;2005;6;22;10700.0;10700.0;4000.0;6700.0;2;0;0;0;0;0;0;0;7.935695149221832;67;5;43;0;0;0;8632.889973591336;01;1;1;Depot;T311;80;Warm (20° bis 31,99° C);Tag;Klar;Mississippi;Sommer;Entgleisung;Frogs, Switches and Track Appliances;Track, Roadbed and Structures;Güterzug, NaN;8834.943439848072;Nicht Signifikant;False
8112;SF0607106;2007;6;5;43993.0;43993.0;0.0;43993.0;6;0;0;0;0;0;0;0;8.5;135;0;160;0;0;0;23947.0;04;1;1;Hauptstrecke;H401;60;Moderat (0° bis 19,99° C);Abend;Klar;Illinois;Frühling;Kollision;Main Track Authority;Human Factors;Güterzug, Güterzug;32510.345846881468;Nicht Signifikant;False
8113;SF0608103;2008;6;5;976353.0;976353.0;200000.0;776353.0;9;0;0;0;0;0;0;0;9.889609827019395;232;23;92;0;0;6;33953.912210444534;01;7;1;Depot;E32C;67;Moderat (0° bis 19,99° C);Tag;Wolkig;Missouri;Frühling;Entgleisung;Coupler and Draft System;Mechanical and Electrical Failures;Depot/Rangieren, EinzelneWagen, Güterzug, Güterzug;633913.1281651733;Signifikant;False
8114;SF0608133;2008;6;28;277720.0;277720.0;14289.0;263431.0;4;0;0;0;0;0;0;0;4.5;109;3;79;0;0;6;14942.312958249811;01;7;1;Depot;E30C;73;Warm (20° bis 31,99° C);Abend;Klar;Tennessee;Sommer;Entgleisung;Coupler and Draft System;Mechanical and Electrical Failures;Depot/Rangieren, Depot/Rangieren;176292.8480744816;Signifikant;False
8115;SF0609108;2009;6;19;142905.0;142905.0;8000.0;134905.0;3;0;0;0;0;0;0;0;7.935695149221832;88;3;32;0;0;0;12250.256439118408;01;6;1;Depot;T319;90;Heiß (>= 32° C);Abenddämmerung;Klar;Missouri;Frühling;Entgleisung;Frogs, Switches and Track Appliances;Track, Roadbed and Structures;EinzelneWagen, Güterzug;102573.21274763135;Nicht Signifikant;False
8116;SF0609114;2009;6;29;1486879.0;1486879.0;341000.0;1145879.0;6;3;0;2;0;0;0;0;36.80101048002608;97;11;139;0;0;1;16543.0;04;1;3;Hauptstrecke;H221;70;Warm (20° bis 31,99° C);Tag;Klar;Missouri;Sommer;Kollision;Flagging, Fixed, Hand and Radio Signals;Human Factors;Güterzug, Güterzug;1057674.6336605493;Signifikant;False
8117;SF0611104;2011;6;8;20200.0;20200.0;0.0;20200.0;4;0;0;0;0;0;0;0;3.9542723449729715;11;1;30;0;0;2;2257.073033570794;04;7;1;Depot;M408;83;Warm (20° bis 31,99° C);Tag;Klar;Oklahoma;Frühling;Kollision;Unusual Operational Situations;Miscellaneous Causes;Depot/Rangieren, Depot/Rangieren;13828.039430449067;Nicht Signifikant;False
8118;SF0613120;2013;6;28;25500.0;25500.0;0.0;25500.0;3;0;0;0;0;0;0;0;3.0;4;0;0;0;0;0;524.8096452997049;04;7;1;Depot;H318;79;Warm (20° bis 31,99° C);Tag;Wolkig;Alabama;Sommer;Kollision;General Switching Rules;Human Factors;Depot/Rangieren, Depot/Rangieren;19495.412844036695;Nicht Signifikant;False
8119;SF0698113;1998;6;23;71750.0;71750.0;1400.0;70350.0;2;0;0;0;0;0;0;0;4.949628046035187;5;1;24;0;0;9;1402.210267465161;01;7;X;Depot;M408;85;Warm (20° bis 31,99° C);Abend;Klar;Oklahoma;Sommer;Entgleisung;Unusual Operational Situations;Miscellaneous Causes;Depot/Rangieren, EinzelneWagen;60861.820340995844;Nicht Signifikant;False
8120;SF0702104;2002;7;3;333223.0;333223.0;0.0;295963.0;4;0;0;0;0;0;0;0;2.958916643910756;148;2;15;0;0;4;17407.71315115101;01;7;1;Depot;H303;74;Warm (20° bis 31,99° C);Abend;Klar;Alabama;Sommer;Entgleisung;General Switching Rules;Human Factors;Depot/Rangieren, EinzelneWagen;340718.8139059305;Signifikant;False
8121;SF0703102;2003;7;3;35441.0;35441.0;1000.0;34441.0;4;0;0;0;0;0;0;0;5.5;46;2;11;0;0;1;5678.230104464467;05;7;1;Depot;M408;98;Heiß (>= 32° C);Tag;Klar;Oklahoma;Sommer;Kollision;Unusual Operational Situations;Miscellaneous Causes;Depot/Rangieren, Depot/Rangieren;30933.926856943355;Nicht Signifikant;False
8122;SF0703106;2003;7;7;11000.0;11000.0;2500.0;8500.0;2;0;0;0;0;0;0;0;9.926406551346263;9;2;0;0;0;0;1132.8148499416245;01;7;1;Industriestrecke;H306;90;Heiß (>= 32° C);Abenddämmerung;Wolkig;Missouri;Sommer;Entgleisung;General Switching Rules;Human Factors;Depot/Rangieren, EinzelneWagen;9683.098591549297;Nicht Signifikant;False
8123;SF0706101;2006;7;11;75255.0;75255.0;20000.0;55255.0;2;0;0;0;0;0;0;0;6.940339448159618;34;0;62;0;0;10;6817.162247179111;01;6;1;Depot;T207;87;Warm (20° bis 31,99° C);Tag;Wolkig;Oklahoma;Sommer;Entgleisung;Rail, Joint Bar and Rail Anchoring;Track, Roadbed and Structures;EinzelneWagen, Güterzug;59088.410804020095;Nicht Signifikant;False
8124;SF0706109;2006;7;15;64977.0;64977.0;25199.0;39778.0;2;0;0;0;0;0;0;0;8.931050850284048;49;3;1;0;0;1;3683.8164184217308;01;5;1;Depot;T220;82;Warm (20° bis 31,99° C);Abenddämmerung;Klar;Alabama;Sommer;Entgleisung;Rail, Joint Bar and Rail Anchoring;Track, Roadbed and Structures;EinzelneWagen, Güterzug;51469.648562300325;Nicht Signifikant;False
8125;SF0711124;2011;7;24;372326.0;372326.0;276250.0;96076.0;2;0;0;0;0;0;0;0;6.940339448159618;111;3;113;0;0;5;16466.73671207649;01;7;1;Depot;H503;83;Warm (20° bis 31,99° C);Abend;Klar;Oklahoma;Sommer;Entgleisung;Train Handling/Train Makeup;Human Factors;Depot/Rangieren, EinzelneWagen;258853.32900743897;Signifikant;False
8126;SF0805101;2005;8;1;742741.0;742741.0;282000.0;460741.0;4;0;0;0;0;0;0;0;38.79172188215051;87;16;86;0;0;8;10659.0;05;1;4;Hauptstrecke;E65C;90;Heiß (>= 32° C);Tag;Klar;Missouri;Sommer;Kollision;Wheels;Mechanical and Electrical Failures;Güterzug, Güterzug;607857.4351419919;Signifikant;False
8127;SF0809102;2009;8;9;39097.0;39097.0;11356.0;27741.0;4;0;0;0;0;0;0;0;3.9542723449729715;30;0;82;0;0;4;5985.028458839102;01;7;1;Depot;E07C;90;Heiß (>= 32° C);Tag;Klar;Tennessee;Sommer;Entgleisung;Brakes;Mechanical and Electrical Failures;Depot/Rangieren, Lokomotive;27429.43336217582;Nicht Signifikant;False
8128;SF0810100;2010;8;2;16363.0;16363.0;0.0;16363.0;4;0;0;0;0;0;0;0;5.0;43;0;48;0;0;1;6424.256926687637;01;7;1;Depot;M408;83;Warm (20° bis 31,99° C);Abend;Klar;Tennessee;Sommer;Entgleisung;Unusual Operational Situations;Miscellaneous Causes;Depot/Rangieren, Depot/Rangieren;12516.637344144421;Nicht Signifikant;False
8129;SF0811112;2011;8;6;65400.0;65400.0;400.0;65000.0;4;0;0;0;0;0;0;0;3.9542723449729715;51;0;60;0;0;1;7699.673245453565;04;7;1;Depot;H306;87;Warm (20° bis 31,99° C);Tag;Klar;Missouri;Sommer;Kollision;General Switching Rules;Human Factors;Depot/Rangieren, Güterzug;46126.719172446225;Nicht Signifikant;False
8130;SF0814115;2014;8;18;16900.0;16900.0;12000.0;4900.0;4;0;0;0;0;0;0;0;3.9542723449729715;7;0;84;0;0;0;5120.870406562075;05;7;1;Depot;H307;84;Warm (20° bis 31,99° C);Tag;Wolkig;Alabama;Sommer;Kollision;General Switching Rules;Human Factors;Depot/Rangieren, Güterzug;12627.960845849211;Nicht Signifikant;False
8131;SF0814119;2014;8;27;481958.0;481958.0;275000.0;206958.0;6;0;0;0;0;0;0;0;7.5;64;2;23;0;0;5;9247.325859386525;01;7;1;Depot;H306;75;Warm (20° bis 31,99° C);Morgendämmerung;Klar;Missouri;Sommer;Entgleisung;General Switching Rules;Human Factors;Depot/Rangieren, Güterzug;365757.00083478785;Signifikant;False
8132;SF0815106;2015;8;10;31377.0;31377.0;0.0;31377.0;2;0;0;0;0;0;0;0;1.9635609428485408;26;0;17;0;0;2;3548.0220277690087;01;7;1;Depot;M408;92;Heiß (>= 32° C);Abenddämmerung;Klar;Oklahoma;Sommer;Entgleisung;Unusual Operational Situations;Miscellaneous Causes;Depot/Rangieren, EinzelneWagen;28628.649635036494;Nicht Signifikant;False
8133;SF0815111;2015;8;27;131945.0;131945.0;20000.0;111945.0;2;0;0;0;0;0;0;0;9.926406551346263;7;2;13;0;0;0;1301.103333625957;01;7;1;Depot;T220;70;Warm (20° bis 31,99° C);Abend;Klar;Missouri;Sommer;Entgleisung;Rail, Joint Bar and Rail Anchoring;Track, Roadbed and Structures;Depot/Rangieren, EinzelneWagen;116931.05281814959;Nicht Signifikant;False
8134;SF0904103;2004;9;2;80189.0;80189.0;30500.0;49689.0;3;0;0;0;0;0;0;0;7.5;47;2;37;0;0;1;6583.594194479425;01;7;1;Depot;H314;75;Warm (20° bis 31,99° C);Abend;Klar;Oklahoma;Sommer;Entgleisung;General Switching Rules;Human Factors;Depot/Rangieren, Depot/Rangieren;65879.88826815643;Nicht Signifikant;False
8135;SF0905103;2005;9;2;30250.0;30250.0;0.0;30250.0;6;0;0;0;0;0;0;0;5.0;11;0;131;0;0;0;4631.578565945039;05;7;1;Depot;H607;80;Warm (20° bis 31,99° C);Tag;Wolkig;Missouri;Sommer;Kollision;Speed;Human Factors;Depot/Rangieren, Güterzug;24120.88350211307;Nicht Signifikant;False
8136;SF0905106;2005;9;5;16587.0;16587.0;1200.0;15387.0;1;0;0;0;0;0;0;0;6.940339448159618;2;2;0;0;0;0;336.5128782368152;01;7;1;Depot;M408;76;Warm (20° bis 31,99° C);Abend;Klar;Oklahoma;Sommer;Entgleisung;Unusual Operational Situations;Miscellaneous Causes;Depot/Rangieren, EinzelneWagen;13229.382676662945;Nicht Signifikant;False
8137;SF0905113;2005;9;12;54967.0;54967.0;51750.0;3217.0;5;0;0;0;0;0;0;0;9.926406551346263;142;4;43;0;0;1;12612.0;01;1;1;Nebenstrecke;T314;71;Warm (20° bis 31,99° C);Abend;Wolkig;Oklahoma;Sommer;Entgleisung;Frogs, Switches and Track Appliances;Track, Roadbed and Structures;Güterzug, Güterzug;44641.435880776415;Nicht Signifikant;False
8138;SF0908116;2008;9;23;12654.0;12654.0;500.0;12154.0;4;1;0;0;0;0;0;0;8.931050850284048;0;0;0;0;0;0;69.7799471826711;05;8;1;Depot;H306;82;Warm (20° bis 31,99° C);Tag;Klar;Missouri;Herbst;Kollision;General Switching Rules;Human Factors;Lokomotive, Lokomotive;8590.048197678365;Nicht Signifikant;False
8139;SF0912106;2012;9;7;24883.0;24883.0;0.0;24883.0;2;0;0;0;0;0;0;0;5.5;3;0;0;0;0;0;411.05222077044647;04;7;1;Depot;M408;70;Warm (20° bis 31,99° C);Abend;Regen;Tennessee;Sommer;Kollision;Unusual Operational Situations;Miscellaneous Causes;Depot/Rangieren, EinzelneWagen;19583.66126239572;Nicht Signifikant;False
8140;SF1004120;2004;10;12;11460.0;11460.0;5500.0;5960.0;2;0;0;0;0;0;0;0;5.944983747097401;2;2;0;0;0;0;336.5128782368152;01;7;1;Depot;M411;55;Moderat (0° bis 19,99° C);Abend;Klar;Oklahoma;Herbst;Entgleisung;Unusual Operational Situations;Miscellaneous Causes;Depot/Rangieren, EinzelneWagen;9307.992202729045;Nicht Signifikant;False
8141;SF1006130;2006;10;24;39418.0;39418.0;3923.0;35495.0;4;0;0;0;0;0;0;0;4.0;75;0;68;0;0;0;9427.78542457963;04;7;1;Depot;H607;59;Moderat (0° bis 19,99° C);Tag;Klar;Tennessee;Herbst;Kollision;Speed;Human Factors;Depot/Rangieren, Güterzug;31431.30531855514;Nicht Signifikant;False
8142;SF1007102;2007;10;8;67373.0;67373.0;47000.0;20373.0;2;0;0;0;0;0;0;0;3.9542723449729715;39;2;62;0;0;5;6857.229204224301;01;6;X;Depot;M599;70;Warm (20° bis 31,99° C);Abend;Wolkig;Mississippi;Herbst;Entgleisung;Other Miscellaneous;Miscellaneous Causes;EinzelneWagen, Güterzug;47819.57555539782;Nicht Signifikant;False
8143;SF1007114;2007;10;20;1215405.0;1215405.0;951000.0;264405.0;8;1;0;0;0;0;0;0;40.78243328427494;125;0;120;0;0;7;21229.0;01;1;3;Hauptstrecke;T207;50;Moderat (0° bis 19,99° C);Tag;Klar;Arkansas;Herbst;Entgleisung;Rail, Joint Bar and Rail Anchoring;Track, Roadbed and Structures;Güterzug, Güterzug;853075.4293201066;Signifikant;True
8144;SF1008100;2008;10;3;78815.0;78815.0;31739.0;47076.0;2;0;0;0;0;0;0;0;5.960226298773079;91;2;92;0;0;6;13305.763582059531;01;7;1;Depot;T299;80;Warm (20° bis 31,99° C);Tag;Klar;Tennessee;Herbst;Entgleisung;Rail, Joint Bar and Rail Anchoring;Track, Roadbed and Structures;Depot/Rangieren, EinzelneWagen, EinzelneWagen;56971.95315888391;Nicht Signifikant;False
8145;SF1008122;2008;10;28;15407.0;15407.0;400.0;15007.0;1;0;0;0;0;0;0;0;9.926406551346263;1;0;1;0;0;1;198.647398120594;05;5;1;Depot;H309;30;Kalt (-30° - 0,01° C);Morgendämmerung;Klar;Illinois;Herbst;Kollision;General Switching Rules;Human Factors;EinzelneWagen, Güterzug;12300.015966789078;Nicht Signifikant;False
8146;SF1011113;2011;10;21;41353.0;41353.0;0.0;41353.0;5;0;0;0;0;0;0;0;7.0;143;2;0;0;0;0;13571.637417051654;04;7;1;Depot;H607;42;Moderat (0° bis 19,99° C);Abend;Wolkig;Tennessee;Herbst;Kollision;Speed;Human Factors;Depot/Rangieren, Güterzug;29970.28554863024;Nicht Signifikant;False
8147;SF1013119;2013;10;23;23558.0;23558.0;0.0;23558.0;1;0;0;0;0;0;0;0;8.931050850284048;48;0;4;0;0;0;5651.921965431032;05;6;1;Depot;H607;46;Moderat (0° bis 19,99° C);Abend;Klar;Arkansas;Herbst;Kollision;Speed;Human Factors;EinzelneWagen, Lokomotive;17130.599185573006;Nicht Signifikant;False
8148;SF1015110;2015;10;19;332566.0;332566.0;200000.0;132566.0;2;0;0;0;0;0;0;0;6.940339448159618;42;8;11;0;0;0;5339.374617714908;01;7;1;Depot;H599;54;Moderat (0° bis 19,99° C);Abend;Klar;Alabama;Herbst;Entgleisung;Train Handling/Train Makeup;Human Factors;Depot/Rangieren, EinzelneWagen;293449.2190946793;Signifikant;False
8149;SF1027;1991;10;1;99830.0;99830.0;0.0;99830.0;3;1;0;0;0;0;0;0;44.763856088523795;74;2;0;0;0;0;9709.62290464548;09;6;4;Hauptstrecke;H402;60;Moderat (0° bis 19,99° C);Morgendämmerung;Klar;Missouri;Herbst;Kollision;Main Track Authority;Human Factors;EinzelneWagen, Güterzug;84680.6344897786;Nicht Signifikant;False
8150;SF1101111;2001;11;5;24173.0;24173.0;1200.0;22973.0;2;0;0;0;0;0;0;0;7.935695149221832;15;0;10;0;0;6;2089.4856249478735;01;7;1;Depot;H312;72;Warm (20° bis 31,99° C);Abend;Klar;Mississippi;Herbst;Entgleisung;General Switching Rules;Human Factors;Depot/Rangieren, EinzelneWagen;26975.78395268385;Nicht Signifikant;False
8151;SF1108112;2008;11;17;17409.0;17409.0;1000.0;16409.0;4;1;0;0;0;0;0;0;9.0;8;0;0;0;0;0;931.8899735913355;04;1;1;Depot;H306;44;Moderat (0° bis 19,99° C);Tag;Wolkig;Missouri;Herbst;Kollision;General Switching Rules;Human Factors;Güterzug, Lokomotive;13751.184834123223;Nicht Signifikant;False
8152;SF1112100;2012;11;3;48847.0;48847.0;0.0;48847.0;3;0;0;0;0;0;0;0;5.666666666666667;107;0;94;0;0;1;15140.15693985698;04;7;1;Depot;M206;61;Moderat (0° bis 19,99° C);Abend;Klar;Tennessee;Herbst;Kollision;Loading Procedures;Loading;Depot/Rangieren, Depot/Rangieren, EinzelneWagen;38085.34968942485;Nicht Signifikant;False
8153;SF1113114;2013;11;27;11700.0;11700.0;1000.0;10700.0;2;0;0;0;0;0;0;0;2.958916643910756;25;1;46;0;0;0;4333.859471117414;04;7;1;Depot;H702;34;Moderat (0° bis 19,99° C);Abend;Wolkig;Alabama;Herbst;Kollision;Switches, Use of;Human Factors;Depot/Rangieren, EinzelneWagen;8605.472197705209;Nicht Signifikant;False
8154;SF1115107;2015;11;12;31000.0;31000.0;0.0;31000.0;4;0;0;0;0;0;0;0;7.0;0;0;33;0;0;0;1074.511484145289;04;7;1;Depot;H305;60;Moderat (0° bis 19,99° C);Tag;Klar;Oklahoma;Herbst;Kollision;General Switching Rules;Human Factors;Depot/Rangieren, Depot/Rangieren;28901.73410404624;Nicht Signifikant;False
8155;SF1138;1992;9;19;7300.0;7300.0;0.0;7300.0;4;0;0;0;0;0;0;0;4.0;5;0;0;0;0;0;638.5670698289634;04;7;1;Depot;H602;80;Warm (20° bis 31,99° C);Tag;Klar;Tennessee;Sommer;Kollision;Speed;Human Factors;Depot/Rangieren, Lokomotive;6192.2130799898205;Nicht Signifikant;False
8156;SF1199101;1999;11;4;10000.0;10000.0;0.0;10000.0;4;0;0;0;0;0;0;0;6.940339448159618;56;0;15;0;0;0;5021.858400343937;04;7;1;Depot;H999;40;Moderat (0° bis 19,99° C);Abend;Klar;Missouri;Herbst;Kollision;Miscellaneous;Human Factors;Depot/Rangieren, Güterzug;9520.18278750952;Nicht Signifikant;False
8157;SF1202126;2002;12;22;69159.0;69159.0;39000.0;30159.0;2;0;0;0;0;0;0;0;6.940339448159618;28;1;15;0;0;0;3731.293028164548;01;7;1;Depot;T110;46;Moderat (0° bis 19,99° C);Tag;Klar;Tennessee;Winter;Entgleisung;Track Geometry;Track, Roadbed and Structures;Depot/Rangieren, EinzelneWagen;67321.1330672637;Nicht Signifikant;False
8158;SF1207105;2007;12;14;42256.0;42256.0;0.0;42256.0;2;0;0;0;0;0;0;0;5.944983747097401;8;0;21;0;0;1;1620.6939924669025;04;7;1;Depot;H020;35;Moderat (0° bis 19,99° C);Abend;Regen;Oklahoma;Herbst;Kollision;Brakes, Use of;Human Factors;Depot/Rangieren, EinzelneWagen;29123.992004962434;Nicht Signifikant;False
8159;SF1208121;2008;12;23;35656.0;35656.0;1400.0;34256.0;6;1;0;0;0;0;0;0;7.935695149221832;34;0;0;0;0;0;2630.8899735913355;05;1;1;Depot;H017;31;Kalt (-30° - 0,01° C);Tag;Regen;Tennessee;Winter;Kollision;Brakes, Use of;Human Factors;Güterzug, Lokomotive;25508.65646015167;Nicht Signifikant;False
8160;SF1208128;2008;12;30;63383.0;63383.0;250.0;63133.0;2;0;0;0;0;0;0;0;5.944983747097401;41;7;0;0;0;0;4871.097639866964;01;7;1;Industriestrecke;T110;40;Moderat (0° bis 19,99° C);Abend;Klar;Oklahoma;Winter;Entgleisung;Track Geometry;Track, Roadbed and Structures;Depot/Rangieren, EinzelneWagen;44958.85941268265;Nicht Signifikant;False
8161;SF1210115;2010;12;17;86995.0;86995.0;0.0;86995.0;2;0;0;0;0;0;0;0;2.958916643910756;24;0;31;0;0;2;3746.756921664329;01;7;X;Depot;H306;22;Kalt (-30° - 0,01° C);Tag;Klar;Iowa;Herbst;Entgleisung;General Switching Rules;Human Factors;Depot/Rangieren, EinzelneWagen;65607.08898944192;Nicht Signifikant;False
8162;SF1213104;2013;12;13;3626762.0;3626762.0;708000.0;2918762.0;2;2;0;0;0;0;0;0;29.83352057259057;83;34;62;0;0;0;13085.983335984714;06;6;4;Hauptstrecke;M502;36;Moderat (0° bis 19,99° C);Abend;Klar;Oklahoma;Herbst;Kollision;Other Miscellaneous;Miscellaneous Causes;EinzelneWagen, Güterzug;2642064.544328695;Schwer;False
8163;SF1214105;2014;12;5;11946.0;11946.0;0.0;11946.0;4;0;0;0;0;0;0;0;6.0;0;0;90;0;0;4;2464.8899735913355;05;1;2;Depot;H607;55;Moderat (0° bis 19,99° C);Abend;Nebel;Oklahoma;Herbst;Kollision;Speed;Human Factors;Güterzug, Lokomotive;9663.484872997897;Nicht Signifikant;False
8164;SF1246;1991;11;29;19408.0;19408.0;0.0;19408.0;2;0;0;0;0;0;0;0;19.879963561968417;42;0;63;0;0;1;5419.634086130773;04;6;4;Hauptstrecke;H603;50;Moderat (0° bis 19,99° C);Abend;Wolkig;Arkansas;Herbst;Kollision;Speed;Human Factors;EinzelneWagen, Güterzug;16462.804309101703;Nicht Signifikant;False
8165;SF1286;1991;12;11;10500.0;10500.0;0.0;10500.0;3;0;0;0;0;0;0;0;4.0;32;1;1;0;0;0;3144.4899719756886;04;7;1;Depot;H099;45;Moderat (0° bis 19,99° C);Abend;Wolkig;Missouri;Herbst;Kollision;Brakes, Use of;Human Factors;Depot/Rangieren, Güterzug;8906.607854779879;Nicht Signifikant;False
8166;SF1427;1990;11;6;20354.0;20354.0;354.0;20000.0;0;0;0;4;0;0;0;0;15.0;2;0;0;0;0;0;297.294796241188;09;5;4;Hauptstrecke;H402;40;Moderat (0° bis 19,99° C);Tag;Nebel;Missouri;Herbst;Kollision;Main Track Authority;Human Factors;EinzelneWagen, EinzelneWagen;17265.247264399015;Signifikant;False
8167;SF1490;1989;11;23;7450.0;7450.0;450.0;7000.0;3;0;0;0;0;0;0;0;57.5;58;4;16;0;0;2;6670.992606205964;06;6;4;Hauptstrecke;H503;30;Kalt (-30° - 0,01° C);Abend;Klar;Missouri;Herbst;Kollision;Train Handling/Train Makeup;Human Factors;EinzelneWagen, Güterzug;6319.450335058104;Nicht Signifikant;False
8168;SF1600;1990;12;28;423400.0;423400.0;8000.0;415400.0;3;3;0;8;0;0;0;0;15.0;40;0;17;0;0;7;4627.0;02;1;4;Hauptstrecke;H215;40;Moderat (0° bis 19,99° C);Tag;Nebel;Missouri;Winter;Kollision;Flagging, Fixed, Hand and Radio Signals;Human Factors;Güterzug, Güterzug;359148.3586394096;Schwer;False
8169;SF173;1988;4;17;12500.0;12500.0;0.0;12500.0;5;0;0;0;0;0;0;0;3.5;43;0;29;0;0;0;4766.889973591336;04;1;1;Depot;H603;68;Warm (20° bis 31,99° C);Tag;Wolkig;Missouri;Frühling;Kollision;Speed;Human Factors;Güterzug, Lokomotive;10603.104589023666;Nicht Signifikant;False
8170;SF335;1989;4;5;25000.0;25000.0;0.0;25000.0;3;0;0;0;0;0;0;0;9.926406551346263;11;0;1;0;0;0;1440.336383802324;09;5;3;Hauptstrecke;H402;50;Moderat (0° bis 19,99° C);Tag;Klar;Missouri;Frühling;Kollision;Main Track Authority;Human Factors;EinzelneWagen, Güterzug;21206.20917804733;Nicht Signifikant;False
8171;SF346;1986;8;19;24700.0;24700.0;0.0;24700.0;7;0;0;0;0;0;0;0;4.0;28;0;0;0;0;0;3254.987834001908;04;7;2;Depot;H401;75;Warm (20° bis 31,99° C);Abend;Klar;Missouri;Sommer;Kollision;Main Track Authority;Human Factors;Depot/Rangieren, Lokomotive;20951.734667910765;Nicht Signifikant;False
8172;SF369;1987;9;4;15500.0;15500.0;200.0;15300.0;5;0;0;0;0;0;0;0;3.0;136;4;30;0;0;0;15834.429789085569;04;7;1;Depot;H306;80;Warm (20° bis 31,99° C);Abenddämmerung;Klar;Missouri;Sommer;Kollision;General Switching Rules;Human Factors;Depot/Rangieren, Güterzug;13147.849690389345;Nicht Signifikant;False
8173;SF378;1985;6;11;5100.0;5100.0;0.0;5100.0;0;0;0;0;0;0;0;0;3.9542723449729715;1;0;1;0;0;0;213.98378192291796;04;5;1;Depot;H302;70;Warm (20° bis 31,99° C);Abend;Wolkig;Missouri;Frühling;Kollision;General Switching Rules;Human Factors;EinzelneWagen, EinzelneWagen;4326.0666723216555;Nicht Signifikant;False
8174;SF452;1985;7;15;8950.0;8950.0;1500.0;7450.0;2;0;0;0;0;0;0;0;1.9635609428485408;16;1;16;0;0;3;2401.0904478826556;01;7;1;Depot;M203;90;Heiß (>= 32° C);Tag;Klar;Missouri;Sommer;Entgleisung;Loading Procedures;Loading;Depot/Rangieren, EinzelneWagen;7591.822885740945;Nicht Signifikant;False
8175;SF473;1989;5;4;66000.0;66000.0;0.0;66000.0;0;0;0;0;0;0;0;0;19.879963561968417;4;0;0;0;0;0;524.8096452997049;09;5;1;Industriestrecke;H402;65;Moderat (0° bis 19,99° C);Tag;Wolkig;Missouri;Frühling;Kollision;Main Track Authority;Human Factors;EinzelneWagen, EinzelneWagen;55984.392230044956;Nicht Signifikant;True