index;INCDTNO;YEAR4;MONTH;DAY;ACCDMG;INFRASTRUCTURE_DMG;TRKDMG;EQPDMG;LOCOMOTIVES1;LOCOMOTIVES2;RREMPKLD;RREMPINJ;PASSKLD;PASSINJ;OTHERKLD;OTHERINJ;SPEED;LOADF1;LOADF2;EMPTYF1;EMPTYP1;LOADP1;EMPTYF2;TONS;TYPE;TYPEQ;TRKCLAS;TYPTRK;ACCAUSE;TEMP;TEMP_CLUSTER;VISIBLTY;WEATHER;STATE;Jahreszeit;ACCIDENT_TYPE;ACCCAUSE_LVL1;ACCCAUSE_LVL2;EQUIPMENT_TYPE;ACCDMG_EUR;ACCTYPE;SPD_TOO_HIGH
8176;SF576;1986;12;9;26250.0;26250.0;0.0;26250.0;6;0;0;0;0;0;0;0;6.5;155;4;22;0;0;3;13104.0;04;1;1;Hauptstrecke;H503;25;Kalt (-30° - 0,01° C);Tag;Klar;Kansas;Herbst;Kollision;Train Handling/Train Makeup;Human Factors;Güterzug, Güterzug;22266.5196369497;Nicht Signifikant;False
8177;SF718;1985;11;9;36200.0;36200.0;0.0;36200.0;3;0;0;0;0;0;0;0;2.958916643910756;97;0;104;0;0;1;7808.140018363435;01;6;1;Depot;H306;50;Moderat (0° bis 19,99° C);Abend;Wolkig;Kansas;Herbst;Entgleisung;General Switching Rules;Human Factors;EinzelneWagen, Güterzug;30706.590889812534;Nicht Signifikant;False
8178;SF727;1988;12;15;41300.0;41300.0;0.0;41300.0;5;0;0;1;0;0;0;0;41.77778898533715;36;0;154;0;0;0;10308.0;03;1;4;Hauptstrecke;S005;36;Moderat (0° bis 19,99° C);Abend;Klar;Missouri;Herbst;Kollision;SIGNAL AND COMMUNICATION;Signal and Communication;Güterzug, Güterzug;35032.65756213419;Signifikant;False
8179;SF750;1989;7;12;17900.0;17900.0;400.0;17500.0;2;0;0;1;0;0;1;0;19.879963561968417;40;0;146;0;0;2;8991.187217093819;07;6;4;Hauptstrecke;M399;85;Warm (20° bis 31,99° C);Tag;Klar;Missouri;Sommer;Bahnübergang;Loading Procedures;Loading;EinzelneWagen, Güterzug;15183.64577148189;Schwer;False
8180;SF94;1986;2;15;30150.0;30150.0;0.0;30150.0;4;0;0;0;0;0;0;0;4.0;65;0;68;0;0;1;9535.848470551091;04;7;1;Depot;E30C;25;Kalt (-30° - 0,01° C);Tag;Klar;Missouri;Winter;Kollision;Coupler and Draft System;Mechanical and Electrical Failures;Depot/Rangieren, Depot/Rangieren;25574.68826872508;Nicht Signifikant;False
8181;SL170131A;2017;1;31;21000.0;21000.0;3000.0;18000.0;3;0;0;0;0;0;0;0;3.9542723449729715;0;0;71;0;0;6;2362.9589817975457;01;6;1;Depot;H607;27;Kalt (-30° - 0,01° C);Abend;Klar;Colorado;Winter;Entgleisung;Speed;Human Factors;EinzelneWagen, Güterzug;19525.801952580197;Nicht Signifikant;False
8182;SN01172013;2013;1;17;68194.0;68194.0;1205.0;66989.0;2;0;0;0;0;0;0;0;27.84280917046614;0;0;1;5;0;0;475.33638380232395;09;4;2;Nebenstrecke;H702;30;Kalt (-30° - 0,01° C);Abenddämmerung;Wolkig;New York;Winter;Kollision;Switches, Use of;Human Factors;Arbeitszug, Wartungszug;51012.86654697786;Nicht Signifikant;True
8183;SP0025;1995;2;22;40050.0;40050.0;0.0;40050.0;3;0;0;0;0;0;0;0;21.870674964092846;0;0;7;0;0;0;317.33638380232395;09;5;2;Hauptstrecke;H205;47;Moderat (0° bis 19,99° C);Tag;Klar;Washington;Winter;Kollision;Flagging, Fixed, Hand and Radio Signals;Human Factors;EinzelneWagen, Güterzug;33972.34710323183;Nicht Signifikant;False
8184;SP0059;1995;5;2;15000.0;15000.0;0.0;15000.0;0;0;0;1;0;0;0;0;19.879963561968417;2;0;0;0;0;0;297.294796241188;09;5;4;Hauptstrecke;H402;55;Moderat (0° bis 19,99° C);Tag;Wolkig;Washington;Frühling;Kollision;Main Track Authority;Human Factors;EinzelneWagen, EinzelneWagen;12723.7255068284;Signifikant;False
8185;SP0255;1993;6;1;35000.0;35000.0;0.0;35000.0;0;0;0;0;0;0;0;0;17.889252159843984;0;0;2;0;0;0;130.67276760464793;09;5;3;Hauptstrecke;H402;70;Warm (20° bis 31,99° C);Tag;Klar;Washington;Frühling;Kollision;Main Track Authority;Human Factors;EinzelneWagen, EinzelneWagen;29688.692849266263;Nicht Signifikant;False
8186;SP0309;1993;9;22;22500.0;22500.0;0.0;22500.0;1;0;0;3;0;0;0;0;25.666666666666668;37;0;4;0;0;0;3711.294796241188;09;5;4;Hauptstrecke;H404;59;Moderat (0° bis 19,99° C);Tag;Klar;Washington;Sommer;Kollision;Main Track Authority;Human Factors;EinzelneWagen, EinzelneWagen, Güterzug;19085.5882602426;Signifikant;False
8187;SP123;1988;3;21;7400.0;7400.0;0.0;7400.0;2;0;0;0;0;0;0;0;7.0;13;0;35;0;0;0;2614.250823447626;04;7;X;Depot;M407;50;Moderat (0° bis 19,99° C);Tag;Klar;Washington;Frühling;Kollision;Unusual Operational Situations;Miscellaneous Causes;Depot/Rangieren, EinzelneWagen;6277.03791670201;Nicht Signifikant;False
8188;SP43;1988;1;26;49325.0;49325.0;300.0;49025.0;5;0;0;0;0;0;0;0;4.5;98;0;136;0;0;5;13868.619760140915;04;7;1;Depot;T307;45;Moderat (0° bis 19,99° C);Abend;Klar;Washington;Winter;Kollision;Frogs, Switches and Track Appliances;Track, Roadbed and Structures;Depot/Rangieren, Güterzug;41839.850708287384;Nicht Signifikant;False
8189;SP597;1986;10;1;5500.0;5500.0;0.0;5500.0;1;0;0;0;0;0;0;0;3.5;7;0;2;0;0;0;926.9747393094573;04;7;1;Depot;H302;50;Moderat (0° bis 19,99° C);Tag;Klar;Montana;Herbst;Kollision;General Switching Rules;Human Factors;Depot/Rangieren, EinzelneWagen;4665.366019170413;Nicht Signifikant;False
8190;SP74;1988;2;23;113400.0;113400.0;24000.0;89400.0;3;0;0;0;0;0;0;0;15.0;90;9;45;0;0;0;11700.588215993976;04;6;5;Hauptstrecke;H099;20;Kalt (-30° - 0,01° C);Abend;Klar;Washington;Winter;Kollision;Brakes, Use of;Human Factors;EinzelneWagen, Güterzug;96191.36483162269;Nicht Signifikant;False
8191;SW0103107;2003;1;13;902849.0;902849.0;0.0;902849.0;2;0;0;0;0;0;0;0;2.945222191881008;3;0;34;0;0;34;1355.2790714161117;01;6;X;Depot;H306;30;Kalt (-30° - 0,01° C);Abend;Wolkig;New Mexico;Winter;Entgleisung;General Switching Rules;Human Factors;EinzelneWagen, EinzelneWagen, Güterzug;855862.1670300503;Signifikant;False
8192;SW0105109;2005;1;8;12425.0;12425.0;0.0;12425.0;4;0;0;0;0;0;0;0;7.935695149221832;130;0;24;0;0;2;15781.053190690127;01;6;1;Depot;H503;34;Moderat (0° bis 19,99° C);Tag;Wolkig;New Mexico;Winter;Entgleisung;Train Handling/Train Makeup;Human Factors;EinzelneWagen, Güterzug;9435.992203123811;Nicht Signifikant;False
8193;SW0106101;2006;1;6;10694.0;10694.0;0.0;10694.0;4;1;0;0;0;0;0;0;4.949628046035187;55;0;0;0;0;0;6326.438296291887;04;7;1;Depot;H607;35;Moderat (0° bis 19,99° C);Abend;Klar;New Mexico;Winter;Kollision;Speed;Human Factors;Depot/Rangieren, Depot/Rangieren;8843.132390639212;Nicht Signifikant;False
8194;SW0107110;2007;1;19;26799.0;26799.0;0.0;26799.0;3;0;0;0;0;0;0;0;12.91247365453291;0;0;0;0;0;0;69.7799471826711;04;8;1;Depot;H607;30;Kalt (-30° - 0,01° C);Abend;Eisregen;New Mexico;Winter;Kollision;Speed;Human Factors;Lokomotive, Lokomotive;20681.43231980244;Nicht Signifikant;True
8195;SW0118102;2018;1;7;43108.0;43108.0;23000.0;20108.0;9;0;0;0;0;0;0;0;22.0;147;1;0;0;0;0;20508.0;04;1;4;Hauptstrecke;H220;48;Moderat (0° bis 19,99° C);Abenddämmerung;Klar;New Mexico;Winter;Kollision;Flagging, Fixed, Hand and Radio Signals;Human Factors;Güterzug, Güterzug;35932.31641243644;Nicht Signifikant;False
8196;SW0119107;2019;1;6;82625.0;82625.0;5000.0;77625.0;11;0;0;0;0;0;0;0;9.926406551346263;113;6;1;0;0;1;16105.0;04;7;1;Depot;H306;23;Kalt (-30° - 0,01° C);Abend;Wolkig;New Mexico;Winter;Kollision;General Switching Rules;Human Factors;Depot/Rangieren, Güterzug;72281.51517802465;Nicht Signifikant;False
8197;SW0205103;2005;2;12;8500.0;8500.0;2100.0;6400.0;2;0;0;0;0;0;0;0;4.949628046035187;10;0;34;0;0;2;2245.492208887676;01;7;1;Depot;H704;35;Moderat (0° bis 19,99° C);Tag;Wolkig;New Mexico;Winter;Entgleisung;Switches, Use of;Human Factors;Depot/Rangieren, EinzelneWagen;6593.065646249708;Nicht Signifikant;False
8198;SW0205104;2005;2;11;10547.0;10547.0;0.0;10547.0;2;0;0;0;0;0;0;0;4.5;74;0;35;0;0;1;9554.933754351801;04;7;1;Depot;H020;42;Moderat (0° bis 19,99° C);Abend;Regen;New Mexico;Winter;Kollision;Brakes, Use of;Human Factors;Depot/Rangieren, Depot/Rangieren;8204.589653831194;Nicht Signifikant;False
8199;SW0302112;2002;3;21;12062.0;12062.0;0.0;12062.0;2;0;0;0;0;0;0;0;5.944983747097401;1;0;4;0;0;2;308.28308179469707;01;7;1;Depot;H021;85;Warm (20° bis 31,99° C);Tag;Klar;Arizona;Frühling;Entgleisung;Brakes, Use of;Human Factors;Depot/Rangieren, Depot/Rangieren;13680.390155381649;Nicht Signifikant;False
8200;SW0303103;2003;3;10;13000.0;13000.0;0.0;13000.0;2;0;0;0;0;0;0;0;2.958916643910756;0;0;12;0;0;1;103.81641842173086;01;5;4;Hauptstrecke;H018;37;Moderat (0° bis 19,99° C);Abend;Klar;New Mexico;Winter;Entgleisung;Brakes, Use of;Human Factors;EinzelneWagen, Güterzug;11773.2294874117;Nicht Signifikant;False
8201;SW0303105;2003;3;14;44287.0;44287.0;5240.0;39047.0;4;0;0;0;0;0;0;0;2.958916643910756;1;0;58;0;0;5;875.0938083315824;01;6;1;Depot;H524;80;Warm (20° bis 31,99° C);Tag;Klar;New Mexico;Winter;Entgleisung;Train Handling/Train Makeup;Human Factors;EinzelneWagen, Güterzug;41101.624129930395;Nicht Signifikant;False
8202;SW0305106;2005;3;16;15689.0;15689.0;0.0;15689.0;4;0;0;0;0;0;0;0;2.0;73;0;6;0;0;0;8556.75039908447;04;7;1;Depot;H306;33;Moderat (0° bis 19,99° C);Abend;Klar;New Mexico;Winter;Kollision;General Switching Rules;Human Factors;Depot/Rangieren, Depot/Rangieren;11731.847752935018;Nicht Signifikant;False
8203;SW0307112;2007;3;25;17070.0;17070.0;0.0;17070.0;4;0;0;0;0;0;0;0;2.958916643910756;72;2;0;0;0;0;4422.62290464548;01;6;1;Depot;H307;44;Moderat (0° bis 19,99° C);Abend;Klar;New Mexico;Frühling;Entgleisung;General Switching Rules;Human Factors;EinzelneWagen, Güterzug;12848.433148505908;Nicht Signifikant;False
8204;SW0308109;2008;3;16;2289363.0;2289363.0;425000.0;1864363.0;7;1;0;0;0;0;0;0;56.70812450127038;96;12;0;0;0;0;10276.0;01;1;4;Hauptstrecke;T207;38;Moderat (0° bis 19,99° C);Abend;Klar;Arizona;Winter;Entgleisung;Rail, Joint Bar and Rail Anchoring;Track, Roadbed and Structures;Güterzug, Güterzug;1458162.0347763319;Signifikant;False
8205;SW0314106;2014;3;22;55020.0;55020.0;7569.0;47451.0;7;0;0;0;0;0;0;0;7.0;27;0;80;0;0;5;6185.0;04;1;1;Depot;H306;28;Kalt (-30° - 0,01° C);Abend;Klar;Arizona;Frühling;Kollision;General Switching Rules;Human Factors;Güterzug, Güterzug;39933.22688343737;Nicht Signifikant;False
8206;SW0320106;2020;3;18;20039.0;20039.0;0.0;20039.0;3;0;0;0;0;0;0;0;3.0;64;0;8;0;0;0;8703.0;04;7;1;Depot;H210;44;Moderat (0° bis 19,99° C);Abend;Klar;New Mexico;Winter;Kollision;Flagging, Fixed, Hand and Radio Signals;Human Factors;Depot/Rangieren, Depot/Rangieren;18327.236144137554;Nicht Signifikant;False
8207;SW0405109;2005;4;21;8071.0;8071.0;250.0;7821.0;1;0;0;0;0;0;0;0;2.0;2;2;35;0;0;4;1408.0573740990371;01;7;1;Depot;H020;78;Warm (20° bis 31,99° C);Abenddämmerung;Klar;Arizona;Frühling;Entgleisung;Brakes, Use of;Human Factors;Depot/Rangieren, EinzelneWagen;6180.88528105376;Nicht Signifikant;False
8208;SW0411100;2011;4;1;39000.0;39000.0;3500.0;35500.0;6;2;0;1;0;0;0;0;6.940339448159618;12;0;1;0;0;0;1465.3154517447613;04;7;1;Depot;H306;50;Moderat (0° bis 19,99° C);Abend;Klar;New Mexico;Frühling;Kollision;General Switching Rules;Human Factors;Depot/Rangieren, Lokomotive;27579.379110388236;Signifikant;False
8209;SW0414109;2014;4;24;121190.0;121190.0;4000.0;117190.0;3;2;0;0;0;0;0;0;6.0;63;0;37;0;0;0;7708.129192129374;04;7;1;Depot;H702;56;Moderat (0° bis 19,99° C);Abenddämmerung;Klar;New Mexico;Frühling;Kollision;Switches, Use of;Human Factors;Depot/Rangieren, Güterzug;87691.75108538351;Nicht Signifikant;False
8210;SW0417107;2017;4;18;14000.0;14000.0;0.0;14000.0;3;0;0;0;0;0;0;0;24.856742067279495;0;0;68;0;0;1;3636.8164184217308;09;1;6;Hauptstrecke;H402;80;Warm (20° bis 31,99° C);Tag;Klar;Arizona;Frühling;Kollision;Main Track Authority;Human Factors;Güterzug, Wartungszug;13106.15989515072;Nicht Signifikant;False
8211;SW0419108;2019;4;18;563731.0;563731.0;208000.0;355731.0;6;4;0;0;0;0;0;0;9.926406551346263;97;3;54;0;0;2;13796.0;03;7;1;Depot;H702;55;Moderat (0° bis 19,99° C);Abend;Klar;Texas;Frühling;Kollision;Switches, Use of;Human Factors;Depot/Rangieren, Güterzug;501094.22222222225;Signifikant;False
8212;SW0504104;2004;5;11;18613.0;18613.0;0.0;18613.0;2;0;0;0;0;0;0;0;2.5;17;2;3;0;0;0;2134.2134768086576;01;7;1;Depot;H310;82;Warm (20° bis 31,99° C);Tag;Klar;New Mexico;Frühling;Entgleisung;General Switching Rules;Human Factors;Depot/Rangieren, EinzelneWagen;15768.383598780076;Nicht Signifikant;False
8213;SW0507105;2007;5;25;165878.0;165878.0;0.0;165878.0;6;0;0;0;0;0;0;0;25.5;2;1;91;0;0;3;3778.0;04;1;4;Hauptstrecke;H306;77;Warm (20° bis 31,99° C);Tag;Klar;New Mexico;Frühling;Kollision;General Switching Rules;Human Factors;Güterzug, Güterzug;123411.94851573544;Nicht Signifikant;False
8214;SW0509100;2009;5;9;871000.0;871000.0;1000.0;870000.0;4;0;0;0;0;0;0;0;6.940339448159618;28;1;1;0;0;0;1813.336383802324;09;5;1;Depot;H307;95;Heiß (>= 32° C);Tag;Klar;Arizona;Frühling;Kollision;General Switching Rules;Human Factors;EinzelneWagen, Güterzug;646398.1792994261;Signifikant;False
8215;SW0511104;2011;5;5;49861.0;49861.0;0.0;49861.0;3;0;0;0;0;0;0;0;3.9542723449729715;45;1;64;0;0;1;7158.523380119781;01;7;1;Depot;H318;60;Moderat (0° bis 19,99° C);Morgendämmerung;Klar;New Mexico;Frühling;Entgleisung;General Switching Rules;Human Factors;Depot/Rangieren, Depot/Rangieren;33658.02619144053;Nicht Signifikant;False
8216;SW0513108;2013;5;27;23150.0;23150.0;0.0;23150.0;1;0;0;0;0;0;0;0;4.0;81;2;9;0;0;0;9597.367107947131;04;7;1;Depot;H020;75;Warm (20° bis 31,99° C);Morgendämmerung;Klar;New Mexico;Frühling;Kollision;Brakes, Use of;Human Factors;Depot/Rangieren, EinzelneWagen;17891.645413092203;Nicht Signifikant;False
8217;SW0513113;2013;5;21;13784.0;13784.0;0.0;13784.0;2;0;0;0;0;0;0;0;3.9542723449729715;2;2;0;0;0;0;336.5128782368152;01;7;1;Depot;H318;70;Warm (20° bis 31,99° C);Morgendämmerung;Klar;New Mexico;Frühling;Entgleisung;General Switching Rules;Human Factors;Depot/Rangieren, Depot/Rangieren;10713.508471941552;Nicht Signifikant;False
8218;SW0518105;2018;5;14;101000.0;101000.0;0.0;101000.0;0;0;0;0;0;0;0;0;14.903185056657339;0;0;1;1;0;0;31.0;03;A;5;Hauptstrecke;H402;85;Warm (20° bis 31,99° C);Tag;Klar;Arizona;Frühling;Kollision;Main Track Authority;Human Factors;Wartungszug, Wartungszug;84250.91758425091;Nicht Signifikant;False
8219;SW0607104;2007;6;22;64824.0;64824.0;63000.0;1824.0;10;0;0;0;0;0;0;0;6.940339448159618;66;6;1;0;0;0;8208.889973591336;01;1;1;Depot;T110;116;Heiß (>= 32° C);Tag;Klar;Kalifornien;Sommer;Entgleisung;Track Geometry;Track, Roadbed and Structures;Güterzug, Lokomotive;48228.554423033995;Nicht Signifikant;False
8220;SW0612103;2012;6;8;283004.0;283004.0;208379.0;74625.0;2;0;0;0;0;0;0;0;1.945341414272811;50;0;34;0;0;11;8089.3757000955875;01;5;1;Depot;T303;60;Moderat (0° bis 19,99° C);Abend;Klar;Texas;Frühling;Entgleisung;Frogs, Switches and Track Appliances;Track, Roadbed and Structures;EinzelneWagen, EinzelneWagen, EinzelneWagen, Güterzug;226984.27975617582;Signifikant;False
8221;SW0618104;2018;6;5;1336729.0;1336729.0;31650.0;1305079.0;5;1;0;1;0;0;1;1;10.0;101;2;1;0;0;1;11383.0;03;4;5;Hauptstrecke;H605;85;Warm (20° bis 31,99° C);Tag;Klar;Arizona;Frühling;Kollision;Speed;Human Factors;Arbeitszug, Güterzug;1144949.892933619;Schwer;False
8222;SW0705104;2005;7;3;8000.0;8000.0;1000.0;7000.0;2;1;0;0;0;0;0;0;7.935695149221832;13;0;1;0;0;0;1579.0728762740198;04;7;1;Depot;H607;95;Heiß (>= 32° C);Abend;Klar;Arizona;Sommer;Kollision;Speed;Human Factors;Depot/Rangieren, Lokomotive;6689.895470383274;Nicht Signifikant;False
8223;SW0705122;2005;7;30;806783.0;806783.0;2000.0;804783.0;10;2;0;0;0;0;0;0;17.889252159843984;140;3;0;0;0;0;10699.0;03;1;3;Hauptstrecke;H605;75;Warm (20° bis 31,99° C);Abend;Klar;Arizona;Sommer;Kollision;Speed;Human Factors;Güterzug, Güterzug;664839.7198187062;Signifikant;False
8224;SW0709100;2009;7;1;738094.0;738094.0;40000.0;698094.0;0;0;0;0;0;0;0;0;44.763856088523795;0;0;8;0;0;5;320.7514019676129;01;6;1;Depot;H018;88;Warm (20° bis 31,99° C);Tag;Klar;New Mexico;Sommer;Entgleisung;Brakes, Use of;Human Factors;EinzelneWagen, EinzelneWagen;523619.4665153235;Signifikant;True
8225;SW0714102;2014;7;16;158094.0;158094.0;1000.0;157094.0;3;1;0;0;0;0;0;0;6.5;62;3;46;0;0;0;8127.078464523654;01;7;1;Depot;H607;62;Moderat (0° bis 19,99° C);Abend;Regen;New Mexico;Sommer;Entgleisung;Speed;Human Factors;Depot/Rangieren, Güterzug;116829.73691989359;Nicht Signifikant;False
8226;SW0714108;2014;7;11;31468.0;31468.0;2000.0;29468.0;2;0;0;0;0;0;0;0;4.5;12;1;32;0;0;3;2433.2033131414364;04;7;1;Depot;H318;88;Warm (20° bis 31,99° C);Abenddämmerung;Wolkig;New Mexico;Sommer;Kollision;General Switching Rules;Human Factors;Depot/Rangieren, Depot/Rangieren;23146.745126884885;Nicht Signifikant;False
8227;SW0805106;2005;8;17;34411.0;34411.0;3500.0;30911.0;4;0;0;0;0;0;0;0;4.949628046035187;8;0;110;0;0;5;4813.093808331582;01;6;1;Depot;M405;70;Warm (20° bis 31,99° C);Abend;Klar;New Mexico;Sommer;Entgleisung;Unusual Operational Situations;Miscellaneous Causes;EinzelneWagen, Güterzug;27985.523747560183;Nicht Signifikant;False
8228;SW0806103;2006;8;11;58444.0;58444.0;1700.0;56744.0;2;0;0;0;0;0;0;0;4.0;1;0;3;0;0;1;276.35663696430174;01;7;1;Depot;H318;68;Warm (20° bis 31,99° C);Abend;Klar;New Mexico;Sommer;Entgleisung;General Switching Rules;Human Factors;Depot/Rangieren, EinzelneWagen;45748.72798434442;Nicht Signifikant;False
8229;SW0807115;2007;8;28;9883.0;9883.0;0.0;9883.0;1;0;0;0;0;0;0;0;3.9542723449729715;0;0;23;0;0;1;771.5274166548115;04;6;1;Depot;H310;78;Warm (20° bis 31,99° C);Abend;Klar;New Mexico;Sommer;Kollision;General Switching Rules;Human Factors;EinzelneWagen, Lokomotive;7232.874707259953;Nicht Signifikant;False
8230;SW0813106;2013;8;21;108958.0;108958.0;5000.0;103958.0;2;0;0;0;0;0;0;0;3.5;1;0;10;0;0;3;492.44157768003447;04;7;1;Depot;H306;89;Warm (20° bis 31,99° C);Tag;Klar;New Mexico;Sommer;Kollision;General Switching Rules;Human Factors;Depot/Rangieren, Depot/Rangieren;81409.14524805738;Nicht Signifikant;False
8231;SW0819109;2019;8;16;464699.0;464699.0;410699.0;54000.0;6;0;0;0;0;0;0;0;42.5;146;1;0;0;0;0;9951.0;01;1;5;Hauptstrecke;E53C;82;Warm (20° bis 31,99° C);Abenddämmerung;Klar;Arizona;Sommer;Entgleisung;Axles and Journal Bearings;Mechanical and Electrical Failures;Güterzug, Güterzug;419554.8934633442;Signifikant;False
8232;SW0904108;2004;9;18;36102.0;36102.0;15000.0;21102.0;1;0;0;0;0;0;0;0;9.926406551346263;6;2;0;0;0;0;791.5425763538491;01;7;1;Depot;H021;80;Warm (20° bis 31,99° C);Abend;Wolkig;Arizona;Sommer;Entgleisung;Brakes, Use of;Human Factors;Depot/Rangieren, EinzelneWagen;29629.04196531159;Nicht Signifikant;False
8233;SW0905103;2005;9;8;18689.0;18689.0;0.0;18689.0;6;0;0;0;0;0;0;0;6.940339448159618;2;0;5;0;0;0;449.5268472961301;05;7;1;Depot;H307;73;Warm (20° bis 31,99° C);Abend;Klar;New Mexico;Sommer;Kollision;General Switching Rules;Human Factors;Depot/Rangieren, Lokomotive;15049.92752456112;Nicht Signifikant;False
8234;SW0905114;2005;9;26;9538.0;9538.0;2000.0;7538.0;1;0;0;0;0;0;0;0;0.9682052417863254;1;0;20;0;0;3;2148.647398120594;01;5;1;Depot;H601;71;Warm (20° bis 31,99° C);Abend;Klar;Arizona;Herbst;Entgleisung;Speed;Human Factors;EinzelneWagen, Güterzug;7927.853046297066;Nicht Signifikant;False
8235;SW0908101;2008;9;8;474080.0;474080.0;267277.0;206803.0;5;0;0;0;0;0;0;0;6.0;87;5;18;0;0;6;11363.8368704735;04;7;1;Depot;H702;65;Moderat (0° bis 19,99° C);Abend;Klar;New Mexico;Sommer;Kollision;Switches, Use of;Human Factors;Depot/Rangieren, Güterzug;333530.322217532;Signifikant;False
8236;SW0909100;2009;9;1;12046.0;12046.0;100.0;11946.0;2;0;0;0;0;0;0;0;6.5;4;0;3;0;0;2;619.108945171484;01;7;1;Depot;H021;75;Warm (20° bis 31,99° C);Tag;Klar;Arizona;Sommer;Entgleisung;Brakes, Use of;Human Factors;Depot/Rangieren, EinzelneWagen;8415.537236272181;Nicht Signifikant;False
8237;SW0910107;2010;9;22;55578.0;55578.0;3000.0;52578.0;4;0;0;0;0;0;0;0;5.5;77;0;88;0;0;0;11483.12217466511;04;7;1;Depot;H307;61;Moderat (0° bis 19,99° C);Abend;Wolkig;New Mexico;Sommer;Kollision;General Switching Rules;Human Factors;Depot/Rangieren, Güterzug;41587.84794971565;Nicht Signifikant;False
8238;SW0918116;2018;9;13;160000.0;160000.0;0.0;160000.0;0;0;0;0;0;0;0;0;11.917117953470694;0;0;2;0;0;0;40.0;09;A;5;Hauptstrecke;H997;80;Warm (20° bis 31,99° C);Tag;Klar;Arizona;Sommer;Kollision;Miscellaneous;Human Factors;Wartungszug, Wartungszug;137693.6316695353;Nicht Signifikant;False
8239;SW1005113;2005;10;21;58126.0;58126.0;0.0;58126.0;1;0;0;0;0;0;0;0;14.903185056657339;45;1;0;0;0;0;5208.473091997116;01;7;1;Depot;H318;65;Moderat (0° bis 19,99° C);Abend;Klar;New Mexico;Herbst;Entgleisung;General Switching Rules;Human Factors;Depot/Rangieren, EinzelneWagen;48389.943389943386;Nicht Signifikant;True
8240;SW1006107;2006;10;15;44738.0;44738.0;0.0;44738.0;3;0;0;0;0;0;0;0;4.0;1;0;1;0;0;1;215.46381654232488;01;7;1;Depot;H307;65;Moderat (0° bis 19,99° C);Abend;Wolkig;New Mexico;Herbst;Entgleisung;General Switching Rules;Human Factors;Depot/Rangieren, Depot/Rangieren;35714.209686003196;Nicht Signifikant;False
8241;SW1006113;2006;10;27;67462.0;67462.0;500.0;66962.0;2;0;0;0;0;0;0;0;9.926406551346263;18;1;0;0;0;0;2137.022629707137;01;7;1;Depot;H702;75;Warm (20° bis 31,99° C);Tag;Klar;New Mexico;Herbst;Entgleisung;Switches, Use of;Human Factors;Depot/Rangieren, EinzelneWagen;53190.8854371994;Nicht Signifikant;False
8242;SW1007104;2007;10;14;9440.0;9440.0;0.0;9440.0;2;0;0;0;0;0;0;0;5.0;3;1;13;0;0;0;826.4645945111095;01;7;1;Depot;H318;70;Warm (20° bis 31,99° C);Morgendämmerung;Klar;New Mexico;Herbst;Entgleisung;General Switching Rules;Human Factors;Depot/Rangieren, Depot/Rangieren;6643.988269794721;Nicht Signifikant;False
8243;SW1105102;2005;11;4;8959.0;8959.0;0.0;8959.0;1;0;0;0;0;0;0;0;5.0;9;0;2;0;0;0;1154.4895883679742;04;7;1;Depot;H021;65;Moderat (0° bis 19,99° C);Abend;Klar;Texas;Herbst;Kollision;Brakes, Use of;Human Factors;Depot/Rangieren, EinzelneWagen;7507.751613173552;Nicht Signifikant;False
8244;SW1112100;2012;11;5;9997.0;9997.0;0.0;9997.0;4;0;0;0;0;0;0;0;5.0;0;0;0;0;0;0;69.7799471826711;04;8;1;Depot;H307;70;Warm (20° bis 31,99° C);Abenddämmerung;Klar;New Mexico;Herbst;Kollision;General Switching Rules;Human Factors;Lokomotive, Lokomotive;7824.215387023558;Nicht Signifikant;False
8245;SW1203101;2003;12;7;31460.0;31460.0;0.0;31460.0;2;0;0;0;0;0;0;0;10.0;1;1;16;0;0;1;616.048469476673;01;6;4;Hauptstrecke;H018;58;Moderat (0° bis 19,99° C);Abend;Klar;New Mexico;Herbst;Entgleisung;Brakes, Use of;Human Factors;EinzelneWagen, Güterzug;25841.250718725187;Nicht Signifikant;False
8246;SW1203110;2003;12;31;17200.0;17200.0;200.0;17000.0;3;1;0;0;0;0;0;0;2.958916643910756;0;0;0;0;0;0;69.7799471826711;05;8;X;Depot;H306;55;Moderat (0° bis 19,99° C);Tag;Klar;New Mexico;Winter;Kollision;General Switching Rules;Human Factors;Lokomotive, Lokomotive;13618.368962787015;Nicht Signifikant;False
8247;SW1204100;2004;12;2;25500.0;25500.0;2500.0;23000.0;2;0;0;0;0;0;0;0;8.931050850284048;14;3;0;0;0;0;1721.2110135857306;01;7;1;Depot;T314;45;Moderat (0° bis 19,99° C);Tag;Klar;New Mexico;Herbst;Entgleisung;Frogs, Switches and Track Appliances;Track, Roadbed and Structures;Depot/Rangieren, EinzelneWagen;19152.77151870212;Nicht Signifikant;False