index;INCDTNO;YEAR4;MONTH;DAY;ACCDMG;INFRASTRUCTURE_DMG;TRKDMG;EQPDMG;LOCOMOTIVES1;LOCOMOTIVES2;RREMPKLD;RREMPINJ;PASSKLD;PASSINJ;OTHERKLD;OTHERINJ;SPEED;LOADF1;LOADF2;EMPTYF1;EMPTYP1;LOADP1;EMPTYF2;TONS;TYPE;TYPEQ;TRKCLAS;TYPTRK;ACCAUSE;TEMP;TEMP_CLUSTER;VISIBLTY;WEATHER;STATE;Jahreszeit;ACCIDENT_TYPE;ACCCAUSE_LVL1;ACCCAUSE_LVL2;EQUIPMENT_TYPE;ACCDMG_EUR;ACCTYPE;SPD_TOO_HIGH
8248;SW1204115;2004;12;15;17183.0;17183.0;0.0;17183.0;0;0;0;0;0;0;0;0;2.958916643910756;4;2;0;0;0;0;564.0277272953322;01;6;1;Depot;M504;50;Moderat (0° bis 19,99° C);Tag;Klar;Arizona;Herbst;Entgleisung;Other Miscellaneous;Miscellaneous Causes;EinzelneWagen, EinzelneWagen;12839.423148770828;Nicht Signifikant;False
8249;SW1206109;2006;12;23;38824.0;38824.0;1200.0;37624.0;2;0;0;0;0;0;0;0;6.940339448159618;5;4;0;0;0;0;717.0032338202177;01;7;1;Depot;T210;35;Moderat (0° bis 19,99° C);Tag;Klar;New Mexico;Winter;Entgleisung;Rail, Joint Bar and Rail Anchoring;Track, Roadbed and Structures;Depot/Rangieren, EinzelneWagen;29444.688822485474;Nicht Signifikant;False
8250;SW1218104;2018;12;8;401094.0;401094.0;20000.0;381094.0;4;0;0;3;0;0;0;0;20.875319263030633;9;2;83;0;0;6;5565.0;02;7;1;Depot;H221;53;Moderat (0° bis 19,99° C);Tag;Klar;New Mexico;Herbst;Kollision;Flagging, Fixed, Hand and Radio Signals;Human Factors;Depot/Rangieren, Güterzug;352176.66169110546;Signifikant;True
8251;SW1219106;2019;12;13;355733.0;355733.0;20000.0;335733.0;3;1;0;0;0;0;0;0;5.0;23;1;29;0;0;1;3768.0;04;7;1;Depot;H305;50;Moderat (0° bis 19,99° C);Tag;Klar;New Mexico;Herbst;Kollision;General Switching Rules;Human Factors;Depot/Rangieren, Depot/Rangieren;318357.7948809737;Signifikant;False
8252;SWC42815DF;2015;4;28;2386000.0;2386000.0;286000.0;2100000.0;11;0;1;1;0;0;0;0;36.80101048002608;39;3;52;0;0;3;7297.0;02;1;3;Nebenstrecke;H702;50;Moderat (0° bis 19,99° C);Morgendämmerung;Klar;New Mexico;Frühling;Kollision;Switches, Use of;Human Factors;Güterzug, Güterzug;2183581.9529605564;Schwer;False
8253;T010187008;1987;1;26;12500.0;12500.0;0.0;12500.0;5;0;0;1;0;0;0;0;17.889252159843984;143;0;0;0;0;0;17895.889973591336;02;1;3;Hauptstrecke;H601;25;Kalt (-30° - 0,01° C);Tag;Schnee;Virginia;Winter;Kollision;Speed;Human Factors;Güterzug, Lokomotive;10603.104589023666;Signifikant;False
8254;T010485010;1985;4;15;21500.0;21500.0;0.0;21500.0;3;0;0;1;0;0;0;0;31.0;30;0;41;0;0;0;3354.647398120594;09;5;4;Hauptstrecke;H999;60;Moderat (0° bis 19,99° C);Tag;Wolkig;Virginia;Frühling;Kollision;Miscellaneous;Human Factors;EinzelneWagen, Güterzug;18237.339893120705;Signifikant;False
8255;T011286003;1986;12;15;17700.0;17700.0;4500.0;13200.0;2;0;0;0;0;0;0;0;1.951414590464721;238;5;22;0;0;0;27946.803188368336;04;7;1;Depot;H301;51;Moderat (0° bis 19,99° C);Tag;Klar;Virginia;Herbst;Kollision;General Switching Rules;Human Factors;Depot/Rangieren, EinzelneWagen, EinzelneWagen;15013.99609805751;Nicht Signifikant;False
8256;T020186001;1986;1;8;30150.0;30150.0;13900.0;16250.0;0;0;0;0;0;0;0;0;14.903185056657339;18;4;13;0;0;4;2597.5732239210547;04;6;2;Depot;M503;20;Kalt (-30° - 0,01° C);Abenddämmerung;Klar;North Carolina;Winter;Kollision;Other Miscellaneous;Miscellaneous Causes;EinzelneWagen, EinzelneWagen;25574.68826872508;Nicht Signifikant;False
8257;T0306;1996;2;13;8600.0;8600.0;100.0;8500.0;2;0;0;0;0;0;0;0;4.0;47;0;40;0;0;2;6208.0;04;7;1;Depot;H306;25;Kalt (-30° - 0,01° C);Abend;Klar;Utah;Winter;Kollision;General Switching Rules;Human Factors;Depot/Rangieren, Depot/Rangieren;7294.935957248282;Nicht Signifikant;False
8258;T030685006;1985;6;17;27500.0;27500.0;500.0;27000.0;6;0;0;0;0;0;0;0;19.879963561968417;97;1;0;0;0;0;22853.60272840015;03;1;3;Hauptstrecke;H104;65;Moderat (0° bis 19,99° C);Abend;Nebel;Virginia;Frühling;Kollision;Employee Physical Condition;Human Factors;Güterzug, Güterzug;23326.830095852063;Nicht Signifikant;False
8259;T030985007;1985;9;17;9205.0;9205.0;0.0;9205.0;3;0;0;0;0;0;0;0;2.958916643910756;1;0;1;0;0;0;185.33638380232395;04;5;3;Hauptstrecke;H301;40;Moderat (0° bis 19,99° C);Abend;Klar;Virginia;Sommer;Kollision;General Switching Rules;Human Factors;EinzelneWagen, Güterzug;7808.126219357027;Nicht Signifikant;False
8260;T031085004;1985;10;5;19500.0;19500.0;0.0;19500.0;6;0;0;6;0;0;0;0;11.917117953470694;168;1;63;0;0;0;20071.177080746456;03;1;2;Hauptstrecke;H204;68;Warm (20° bis 31,99° C);Abend;Klar;Virginia;Herbst;Kollision;Flagging, Fixed, Hand and Radio Signals;Human Factors;Güterzug, Güterzug;16540.84315887692;Schwer;False
8261;T031085008;1985;10;28;11538.0;11538.0;0.0;11538.0;1;0;0;0;0;0;0;0;3.9314085174594573;3;0;16;0;0;0;860.9421943617822;02;4;3;Hauptstrecke;H210;65;Moderat (0° bis 19,99° C);Tag;Klar;Virginia;Herbst;Kollision;Flagging, Fixed, Hand and Radio Signals;Human Factors;Arbeitszug, EinzelneWagen, EinzelneWagen, EinzelneWagen;9787.089659852405;Nicht Signifikant;False
8262;T039201564;1992;3;22;306247.0;306247.0;2500.0;303747.0;7;4;0;2;0;0;0;0;10.5;254;2;0;0;0;0;31739.0;03;1;3;Hauptstrecke;H204;38;Moderat (0° bis 19,99° C);Tag;Schnee;Virginia;Frühling;Kollision;Flagging, Fixed, Hand and Radio Signals;Human Factors;Güterzug, Güterzug;259773.51768597844;Signifikant;False
8263;T040890098;1990;8;9;1887720.0;1887720.0;47000.0;1840722.0;4;4;3;4;0;0;0;0;35.0;31;6;45;0;0;8;5536.0;04;1;4;Hauptstrecke;H204;70;Warm (20° bis 31,99° C);Abend;Wolkig;Georgia;Sommer;Kollision;Flagging, Fixed, Hand and Radio Signals;Human Factors;Güterzug, Güterzug;1601255.4075833403;Schwer;False
8264;T0435;1995;2;14;151500.0;151500.0;1500.0;150000.0;4;2;0;0;0;0;0;0;24.856742067279495;55;2;0;0;0;0;6365.656378287515;04;6;1;Depot;M502;10;Kalt (-30° - 0,01° C);Tag;Schnee;Colorado;Winter;Kollision;Other Miscellaneous;Miscellaneous Causes;EinzelneWagen, Lokomotive;128509.62761896683;Nicht Signifikant;True
8265;T050185016;1985;1;30;10500.0;10500.0;500.0;10000.0;6;1;0;0;0;0;0;0;0.0;63;2;0;0;0;0;5921.677310345077;04;6;1;Nebenstrecke;H018;40;Moderat (0° bis 19,99° C);Tag;Wolkig;West Virginia;Winter;Kollision;Brakes, Use of;Human Factors;EinzelneWagen, Güterzug;8906.607854779879;Nicht Signifikant;False
8266;T050287005;1987;2;16;150300.0;150300.0;48000.0;102300.0;8;2;0;0;0;0;0;0;10.921762252408477;241;10;1;0;0;0;11368.0;01;1;2;Depot;E66L;26;Kalt (-30° - 0,01° C);Tag;Wolkig;West Virginia;Winter;Entgleisung;Wheels;Mechanical and Electrical Failures;Güterzug, Güterzug;127491.72957842055;Nicht Signifikant;False
8267;T050385016;1985;3;20;258000.0;258000.0;17000.0;241000.0;3;1;0;0;0;0;0;0;10.921762252408477;161;22;1;0;0;0;19946.27216009789;01;6;1;Nebenstrecke;T111;47;Moderat (0° bis 19,99° C);Abend;Klar;Kentucky;Winter;Entgleisung;Track Geometry;Track, Roadbed and Structures;EinzelneWagen, Güterzug;218848.07871744846;Signifikant;True
8268;T050386006;1986;3;7;19000.0;19000.0;0.0;19000.0;5;0;0;0;0;0;0;0;3.5;83;3;0;0;0;0;10250.0;04;7;1;Depot;H702;28;Kalt (-30° - 0,01° C);Tag;Schnee;Virginia;Winter;Kollision;Switches, Use of;Human Factors;Depot/Rangieren, Güterzug;16116.718975315971;Nicht Signifikant;False
8269;T050386007;1986;3;10;8500.0;8500.0;0.0;8500.0;2;0;0;0;0;0;0;0;4.949628046035187;59;1;0;0;0;0;7710.800986293958;04;6;2;Industriestrecke;M504;70;Warm (20° bis 31,99° C);Tag;Klar;Kentucky;Winter;Kollision;Other Miscellaneous;Miscellaneous Causes;EinzelneWagen, Güterzug;7210.111120536093;Nicht Signifikant;False
8270;T050485002;1985;4;4;8000.0;8000.0;2500.0;5500.0;4;0;0;1;0;0;0;0;0.0;12;3;0;0;0;0;1469.528712706183;04;6;1;Nebenstrecke;M501;84;Warm (20° bis 31,99° C);Tag;Klar;West Virginia;Frühling;Kollision;Other Miscellaneous;Miscellaneous Causes;EinzelneWagen, Güterzug;6785.986936975146;Signifikant;False
8271;T050485502;1985;4;16;5450.0;5450.0;0.0;5450.0;0;0;0;2;0;0;0;0;19.879963561968417;102;0;0;0;1;0;11714.87769787095;09;5;1;Depot;H999;52;Moderat (0° bis 19,99° C);Abend;Wolkig;West Virginia;Frühling;Kollision;Miscellaneous;Human Factors;EinzelneWagen, EinzelneWagen;4622.953600814319;Signifikant;True
8272;T050585016;1985;5;20;114000.0;114000.0;4000.0;110000.0;4;4;0;5;0;0;0;0;9.5;75;1;178;0;0;7;13675.0;02;1;2;Hauptstrecke;H211;78;Warm (20° bis 31,99° C);Tag;Klar;Kentucky;Frühling;Kollision;Flagging, Fixed, Hand and Radio Signals;Human Factors;Güterzug, Güterzug;96700.31385189583;Schwer;False
8273;T050587006;1987;5;13;16000.0;16000.0;0.0;16000.0;5;0;0;0;0;0;0;0;29.83352057259057;188;2;0;0;0;0;23645.0;02;1;3;Hauptstrecke;M599;70;Warm (20° bis 31,99° C);Tag;Klar;West Virginia;Frühling;Kollision;Other Miscellaneous;Miscellaneous Causes;Güterzug, Güterzug;13571.973873950292;Nicht Signifikant;False
8274;T050686013;1986;6;16;12000.0;12000.0;0.0;12000.0;0;0;0;0;0;0;0;0;4.949628046035187;13;0;0;0;0;0;1548.6264660630313;02;5;2;Nebenstrecke;H703;68;Warm (20° bis 31,99° C);Abend;Klar;West Virginia;Frühling;Kollision;Switches, Use of;Human Factors;EinzelneWagen, EinzelneWagen;10178.980405462718;Nicht Signifikant;False
8275;T050689110;1989;6;28;12300.0;12300.0;200.0;12100.0;7;0;0;1;0;0;0;0;8.0;47;0;57;0;0;4;7157.744420561787;04;7;1;Depot;H702;80;Warm (20° bis 31,99° C);Tag;Klar;Georgia;Sommer;Kollision;Switches, Use of;Human Factors;Depot/Rangieren, Lokomotive;10433.454915599286;Signifikant;False
8276;T050785029;1985;7;26;50870.0;50870.0;70.0;50800.0;4;0;0;1;0;0;0;0;34.81029907790165;0;0;2;0;0;0;130.67276760464793;05;6;3;Hauptstrecke;H999;85;Warm (20° bis 31,99° C);Tag;Wolkig;West Virginia;Sommer;Kollision;Miscellaneous;Human Factors;EinzelneWagen, Lokomotive;43150.39443549071;Signifikant;False
8277;T050787017;1987;7;24;32500.0;32500.0;0.0;32500.0;3;0;0;0;0;0;0;0;9.926406551346263;109;5;0;0;0;0;5753.464325937644;05;6;1;Industriestrecke;M504;90;Heiß (>= 32° C);Tag;Klar;Virginia;Sommer;Kollision;Other Miscellaneous;Miscellaneous Causes;EinzelneWagen, Güterzug;27568.07193146153;Nicht Signifikant;False
8278;T050887016;1987;8;21;13500.0;13500.0;500.0;13000.0;6;1;0;0;0;0;0;0;15.898540757719555;99;1;0;0;0;0;11914.889973591336;03;1;3;Hauptstrecke;H601;87;Warm (20° bis 31,99° C);Tag;Klar;West Virginia;Sommer;Kollision;Speed;Human Factors;Güterzug, Lokomotive;11451.352956145558;Nicht Signifikant;False
8279;T051087017;1987;10;26;19000.0;19000.0;0.0;19000.0;0;0;0;0;0;0;0;0;4.949628046035187;0;0;1;0;1;0;142.0668060975765;03;5;2;Nebenstrecke;M599;65;Moderat (0° bis 19,99° C);Tag;Klar;Virginia;Herbst;Kollision;Other Miscellaneous;Miscellaneous Causes;EinzelneWagen, EinzelneWagen;16116.718975315971;Nicht Signifikant;False
8280;T051285005;1985;12;4;5000.0;5000.0;0.0;5000.0;0;0;0;0;0;0;0;0;4.949628046035187;0;0;3;0;0;0;161.11917781563636;03;6;2;Industriestrecke;H699;38;Moderat (0° bis 19,99° C);Tag;Wolkig;West Virginia;Herbst;Kollision;Speed;Human Factors;EinzelneWagen, EinzelneWagen;4241.241835609466;Nicht Signifikant;False
8281;T060786017;1986;7;26;10000.0;10000.0;0.0;10000.0;5;2;0;0;0;0;0;0;4.949628046035187;0;0;180;0;0;0;5434.889973591336;03;1;1;Depot;H306;85;Warm (20° bis 31,99° C);Tag;Klar;West Virginia;Sommer;Kollision;General Switching Rules;Human Factors;Güterzug, Lokomotive;8482.483671218932;Nicht Signifikant;False
8282;T070387004;1987;3;27;15650.0;15650.0;0.0;15650.0;2;0;0;0;0;0;0;0;4.949628046035187;14;4;18;0;0;0;1909.6281092873992;09;4;2;Hauptstrecke;H307;45;Moderat (0° bis 19,99° C);Tag;Klar;West Virginia;Frühling;Kollision;General Switching Rules;Human Factors;Arbeitszug, EinzelneWagen;13275.08694545763;Nicht Signifikant;False
8283;T070587001;1987;5;3;12750.0;12750.0;50.0;12700.0;2;0;0;0;0;0;0;0;4.949628046035187;31;1;85;0;0;3;6208.254120379734;04;7;1;Depot;H799;65;Moderat (0° bis 19,99° C);Abend;Klar;West Virginia;Frühling;Kollision;Switches, Use of;Human Factors;Depot/Rangieren, EinzelneWagen;10815.16668080414;Nicht Signifikant;False
8284;T071090147;1990;10;1;14850.0;14850.0;200.0;14650.0;7;0;0;1;0;0;0;0;10.921762252408477;69;6;54;0;0;1;9262.0;01;1;3;Hauptstrecke;T110;76;Warm (20° bis 31,99° C);Tag;Klar;Tennessee;Herbst;Entgleisung;Track Geometry;Track, Roadbed and Structures;Güterzug, Güterzug;12596.488251760115;Signifikant;False
8285;T076;1985;8;21;9480.0;9480.0;0.0;9480.0;4;0;0;0;0;0;0;0;19.879963561968417;9;2;43;0;0;0;2416.6229046454796;02;6;2;Hauptstrecke;H402;55;Moderat (0° bis 19,99° C);Tag;Regen;Alaska;Sommer;Kollision;Main Track Authority;Human Factors;EinzelneWagen, Güterzug;8041.394520315548;Nicht Signifikant;False
8286;T0796;1996;4;24;41251.0;41251.0;700.0;40551.0;4;1;0;0;0;0;0;0;6.0;101;0;8;0;0;0;13129.0;04;7;1;Depot;H401;45;Moderat (0° bis 19,99° C);Tag;Wolkig;Utah;Frühling;Kollision;Main Track Authority;Human Factors;Depot/Rangieren, Güterzug;34991.093392145216;Nicht Signifikant;False
8287;T0803;1993;3;18;104688.0;104688.0;10000.0;94688.0;4;0;0;0;0;0;0;0;10.0;86;7;46;0;0;0;7695.0;04;1;1;Depot;H306;55;Moderat (0° bis 19,99° C);Tag;Klar;Colorado;Winter;Kollision;General Switching Rules;Human Factors;Güterzug, Güterzug;88801.42505725675;Nicht Signifikant;False
8288;T081086003;1986;10;24;10400.0;10400.0;300.0;10100.0;2;0;0;0;0;0;0;0;4.0;44;2;3;0;0;0;5205.663939098637;04;7;1;Depot;H211;65;Moderat (0° bis 19,99° C);Tag;Wolkig;Ohio;Herbst;Kollision;Flagging, Fixed, Hand and Radio Signals;Human Factors;Depot/Rangieren, Depot/Rangieren;8821.78301806769;Nicht Signifikant;False
8289;T0872;1992;5;5;110000.0;110000.0;0.0;110000.0;0;0;0;3;0;0;0;0;24.856742067279495;2;0;0;0;0;0;297.294796241188;02;5;2;Hauptstrecke;H402;55;Moderat (0° bis 19,99° C);Tag;Klar;Colorado;Frühling;Kollision;Main Track Authority;Human Factors;EinzelneWagen, EinzelneWagen;93307.32038340825;Signifikant;False
8290;T090685001;1985;6;20;24600.0;24600.0;0.0;24600.0;4;0;0;0;0;0;0;0;6.290463432814555;35;0;50;0;0;2;6289.677096237628;04;7;1;Depot;H702;60;Moderat (0° bis 19,99° C);Abend;Klar;Ohio;Frühling;Kollision;Switches, Use of;Human Factors;Depot/Rangieren, EinzelneWagen, Güterzug;20866.909831198573;Nicht Signifikant;False
8291;T091086001;1986;10;13;36600.0;36600.0;0.0;36600.0;2;0;0;0;0;0;0;0;7.935695149221832;14;0;9;0;0;0;1876.162247179111;09;6;1;Depot;H306;65;Moderat (0° bis 19,99° C);Tag;Wolkig;Ohio;Herbst;Kollision;General Switching Rules;Human Factors;EinzelneWagen, Güterzug;31045.890236661293;Nicht Signifikant;False
8292;T099100384;1991;9;17;838962.0;838962.0;9800.0;829162.0;4;4;1;5;0;0;0;0;25.5;102;6;0;0;0;0;13822.0;02;1;4;Hauptstrecke;H215;58;Moderat (0° bis 19,99° C);Tag;Klar;Indiana;Sommer;Kollision;Flagging, Fixed, Hand and Radio Signals;Human Factors;Güterzug, Güterzug;711648.1465773178;Schwer;False
8293;T1115;1995;5;8;82100.0;82100.0;5600.0;76500.0;5;1;0;0;0;0;0;0;4.0;35;2;96;0;0;1;7069.0;04;7;1;Depot;H401;45;Moderat (0° bis 19,99° C);Abend;Klar;Utah;Frühling;Kollision;Main Track Authority;Human Factors;Depot/Rangieren, Güterzug;69641.19094070744;Nicht Signifikant;False
8294;T120185004;1985;1;24;7500.0;7500.0;0.0;7500.0;1;0;0;0;0;0;0;0;11.5;7;1;4;0;0;0;718.2564391184076;04;7;1;Depot;M407;27;Kalt (-30° - 0,01° C);Morgendämmerung;Schnee;Ohio;Winter;Kollision;Unusual Operational Situations;Miscellaneous Causes;Depot/Rangieren, EinzelneWagen;6361.8627534142;Nicht Signifikant;True
8295;T120687001;1987;6;3;18300.0;18300.0;50.0;18250.0;1;0;0;0;0;0;0;0;4.949628046035187;12;1;7;0;0;0;1667.602954008505;04;7;2;Depot;H312;65;Moderat (0° bis 19,99° C);Tag;Wolkig;Ohio;Frühling;Kollision;General Switching Rules;Human Factors;Depot/Rangieren, EinzelneWagen;15522.945118330646;Nicht Signifikant;False
8296;T121285003;1985;12;7;10375.0;10375.0;0.0;10375.0;0;0;0;0;0;0;0;0;7.935695149221832;2;2;0;0;0;0;336.5128782368152;04;5;2;Depot;H313;29;Kalt (-30° - 0,01° C);Abend;Wolkig;Ohio;Herbst;Kollision;General Switching Rules;Human Factors;EinzelneWagen, EinzelneWagen;8800.576808889642;Nicht Signifikant;False
8297;T1273;1993;5;5;29500.0;29500.0;5000.0;24500.0;5;1;0;1;0;0;0;0;7.0;15;0;8;0;0;0;2534.8899735913355;04;7;1;Depot;H699;48;Moderat (0° bis 19,99° C);Abend;Wolkig;Utah;Frühling;Kollision;Speed;Human Factors;Depot/Rangieren, Lokomotive;25023.32683009585;Signifikant;False
8298;T1284;1994;5;29;19200.0;19200.0;0.0;19200.0;4;0;0;0;0;0;0;0;4.949628046035187;105;0;0;0;0;0;12014.309522754811;04;6;1;Depot;H401;70;Warm (20° bis 31,99° C);Tag;Klar;Colorado;Frühling;Kollision;Main Track Authority;Human Factors;EinzelneWagen, Lokomotive;16286.36864874035;Nicht Signifikant;False
8299;T140186015;1986;1;31;9000.0;9000.0;0.0;9000.0;3;0;0;1;0;0;0;0;4.949628046035187;13;0;16;0;0;0;1987.4713863670167;03;6;1;Depot;H299;14;Kalt (-30° - 0,01° C);Abend;Wolkig;Ohio;Winter;Kollision;Flagging, Fixed, Hand and Radio Signals;Human Factors;EinzelneWagen, Güterzug;7634.235304097039;Signifikant;False
8300;T1404;1994;6;13;30000.0;30000.0;0.0;30000.0;10;0;0;0;0;0;0;0;2.958916643910756;0;0;0;0;0;0;69.7799471826711;04;8;1;Depot;H017;55;Moderat (0° bis 19,99° C);Tag;Klar;Colorado;Frühling;Kollision;Brakes, Use of;Human Factors;Lokomotive, Lokomotive;25447.4510136568;Nicht Signifikant;False
8301;T1693;1993;6;5;150000.0;150000.0;0.0;150000.0;9;0;0;0;0;0;0;0;60.0;110;0;16;0;0;0;14589.0;02;1;5;Hauptstrecke;H017;65;Moderat (0° bis 19,99° C);Tag;Wolkig;Utah;Frühling;Kollision;Brakes, Use of;Human Factors;Güterzug, Güterzug;127237.255068284;Nicht Signifikant;False
8302;T170486013;1986;4;18;5600.0;5600.0;200.0;5400.0;3;0;0;0;0;0;0;0;3.5;4;1;1;0;0;0;432.25643911840757;04;5;1;Hauptstrecke;H018;64;Moderat (0° bis 19,99° C);Tag;Klar;Michigan;Frühling;Kollision;Brakes, Use of;Human Factors;EinzelneWagen, Güterzug;4750.190855882603;Nicht Signifikant;False
8303;T170885004;1985;8;8;89850.0;89850.0;0.0;89850.0;3;0;0;0;0;0;0;0;3.9542723449729715;21;1;0;0;0;0;2670.8009862939584;04;6;1;Industriestrecke;M404;72;Warm (20° bis 31,99° C);Abenddämmerung;Klar;Ohio;Sommer;Kollision;Unusual Operational Situations;Miscellaneous Causes;EinzelneWagen, Güterzug;76215.1157859021;Nicht Signifikant;False
8304;T170886026;1986;8;31;6050.0;6050.0;50.0;6000.0;0;0;0;0;0;0;0;0;3.9542723449729715;15;1;20;0;0;0;2404.67856033913;04;6;1;Depot;H301;75;Warm (20° bis 31,99° C);Tag;Klar;Indiana;Sommer;Kollision;General Switching Rules;Human Factors;EinzelneWagen, EinzelneWagen;5131.9026210874545;Nicht Signifikant;False
8305;T170887009;1987;8;23;16600.0;16600.0;200.0;16400.0;2;0;0;0;0;0;0;0;9.926406551346263;9;0;19;0;0;2;1505.336383802324;01;5;1;Depot;M501;57;Moderat (0° bis 19,99° C);Abend;Wolkig;Indiana;Sommer;Entgleisung;Other Miscellaneous;Miscellaneous Causes;EinzelneWagen, Güterzug;14080.922894223428;Nicht Signifikant;False
8306;T171086022;1986;10;30;5500.0;5500.0;0.0;5500.0;1;0;0;0;0;0;0;0;1.9635609428485408;8;0;17;0;0;1;1498.9083516229489;06;7;1;Depot;H401;42;Moderat (0° bis 19,99° C);Abend;Klar;Indiana;Herbst;Kollision;Main Track Authority;Human Factors;Depot/Rangieren, EinzelneWagen;4665.366019170413;Nicht Signifikant;False
8307;T180185002;1985;1;17;20580.0;20580.0;580.0;20000.0;3;0;0;1;0;0;0;0;9.926406551346263;40;0;30;0;0;2;5296.403239291135;04;6;1;Depot;H702;20;Kalt (-30° - 0,01° C);Abend;Wolkig;Indiana;Winter;Kollision;Switches, Use of;Human Factors;EinzelneWagen, Güterzug;17456.951395368564;Signifikant;False
8308;T1804;1994;8;6;30400.0;30400.0;5900.0;24500.0;2;0;0;0;0;0;0;0;8.0;28;4;33;0;0;3;1700.0;04;7;1;Depot;H306;85;Warm (20° bis 31,99° C);Tag;Klar;Utah;Sommer;Kollision;General Switching Rules;Human Factors;Depot/Rangieren, Depot/Rangieren;25786.750360505554;Nicht Signifikant;False
8309;T180486001;1986;4;20;14650.0;14650.0;1300.0;13350.0;5;0;0;0;0;0;0;0;4.949628046035187;43;2;36;0;0;2;6091.449666620358;01;6;1;Depot;T317;53;Moderat (0° bis 19,99° C);Tag;Regen;Indiana;Frühling;Entgleisung;Frogs, Switches and Track Appliances;Track, Roadbed and Structures;EinzelneWagen, Güterzug;12426.838578335735;Nicht Signifikant;False
8310;T180685002;1985;6;14;8200.0;8200.0;0.0;8200.0;4;0;0;0;0;0;0;0;7.5;57;0;73;0;0;0;7149.414560409601;04;7;1;Depot;H401;50;Moderat (0° bis 19,99° C);Morgendämmerung;Klar;Indiana;Frühling;Kollision;Main Track Authority;Human Factors;Depot/Rangieren, Güterzug;6955.636610399524;Nicht Signifikant;False
8311;T180787003;1987;7;25;9000.0;9000.0;0.0;9000.0;2;0;0;0;0;0;0;0;2.958916643910756;27;0;45;0;0;1;4512.798903586536;04;7;1;Depot;H307;95;Heiß (>= 32° C);Tag;Klar;Indiana;Sommer;Kollision;General Switching Rules;Human Factors;Depot/Rangieren, Depot/Rangieren;7634.235304097039;Nicht Signifikant;False
8312;T181287003;1987;12;7;7000.0;7000.0;0.0;7000.0;3;0;0;0;0;0;0;0;2.958916643910756;3;0;7;0;0;0;624.1770922473654;04;6;1;Depot;H302;45;Moderat (0° bis 19,99° C);Tag;Klar;Indiana;Herbst;Kollision;General Switching Rules;Human Factors;EinzelneWagen, Lokomotive;5937.738569853253;Nicht Signifikant;False
8313;T1884;1994;8;21;8100.0;8100.0;0.0;8100.0;0;0;0;0;0;0;0;0;9.926406551346263;5;1;8;0;0;2;904.7074617534981;04;6;1;Depot;H999;85;Warm (20° bis 31,99° C);Abend;Klar;Colorado;Sommer;Kollision;Miscellaneous;Human Factors;EinzelneWagen, EinzelneWagen;6870.8117736873355;Nicht Signifikant;False
8314;T190187006;1987;1;21;17300.0;17300.0;1000.0;16300.0;2;0;0;0;0;0;0;0;3.9390297932972955;30;3;32;0;0;1;4441.701660331749;01;6;1;Depot;M503;32;Moderat (0° bis 19,99° C);Abend;Wolkig;Illinois;Winter;Entgleisung;Other Miscellaneous;Miscellaneous Causes;EinzelneWagen, EinzelneWagen, Güterzug;14674.696751208754;Nicht Signifikant;False
8315;T190285005;1985;2;5;10000.0;10000.0;0.0;10000.0;4;0;0;0;0;0;0;0;54.71741309914595;56;0;35;0;0;1;6489.4203618313495;01;6;2;Nebenstrecke;M101;20;Kalt (-30° - 0,01° C);Abend;Wolkig;Illinois;Winter;Entgleisung;Environmental Conditions;Environmental Conditions;EinzelneWagen, Güterzug;8482.483671218932;Nicht Signifikant;True
8316;T190385013;1985;3;18;7800.0;7800.0;1200.0;6600.0;2;0;0;0;0;0;0;0;5.0;26;0;5;0;0;1;2858.647398120594;04;5;1;Depot;E0HC;35;Moderat (0° bis 19,99° C);Abend;Wolkig;Illinois;Winter;Kollision;Brakes;Mechanical and Electrical Failures;EinzelneWagen, Güterzug;6616.337263550768;Nicht Signifikant;False
8317;T190386003;1986;3;4;16450.0;16450.0;3500.0;12950.0;1;0;0;0;0;0;0;0;3.9542723449729715;40;4;25;0;0;0;5038.840315117016;01;7;2;Depot;H312;32;Moderat (0° bis 19,99° C);Tag;Schnee;Illinois;Winter;Entgleisung;General Switching Rules;Human Factors;Depot/Rangieren, EinzelneWagen;13953.685639155145;Nicht Signifikant;False
8318;T190686007;1986;6;13;10100.0;10100.0;0.0;10100.0;3;0;0;0;0;0;0;0;2.958916643910756;5;0;74;0;0;0;2588.647398120594;04;4;3;Hauptstrecke;H020;90;Heiß (>= 32° C);Tag;Klar;Illinois;Frühling;Kollision;Brakes, Use of;Human Factors;Arbeitszug, EinzelneWagen;8567.308507931122;Nicht Signifikant;False
8319;T190786024;1986;7;18;15650.0;15650.0;0.0;15650.0;2;0;0;0;0;0;0;0;18.5;15;0;9;0;0;0;1663.647398120594;02;5;4;Hauptstrecke;H402;89;Warm (20° bis 31,99° C);Tag;Klar;Illinois;Sommer;Kollision;Main Track Authority;Human Factors;EinzelneWagen, Güterzug;13275.08694545763;Nicht Signifikant;False
8320;T191087005;1987;10;13;46300.0;46300.0;0.0;46000.0;2;0;0;0;0;0;0;0;4.949628046035187;94;3;0;0;0;0;10354.583225459504;04;6;2;Nebenstrecke;H306;46;Moderat (0° bis 19,99° C);Abend;Klar;Illinois;Herbst;Kollision;General Switching Rules;Human Factors;EinzelneWagen, Güterzug;39273.899397743655;Nicht Signifikant;False