index;INCDTNO;YEAR4;MONTH;DAY;ACCDMG;INFRASTRUCTURE_DMG;TRKDMG;EQPDMG;LOCOMOTIVES1;LOCOMOTIVES2;RREMPKLD;RREMPINJ;PASSKLD;PASSINJ;OTHERKLD;OTHERINJ;SPEED;LOADF1;LOADF2;EMPTYF1;EMPTYP1;LOADP1;EMPTYF2;TONS;TYPE;TYPEQ;TRKCLAS;TYPTRK;ACCAUSE;TEMP;TEMP_CLUSTER;VISIBLTY;WEATHER;STATE;Jahreszeit;ACCIDENT_TYPE;ACCCAUSE_LVL1;ACCCAUSE_LVL2;EQUIPMENT_TYPE;ACCDMG_EUR;ACCTYPE;SPD_TOO_HIGH
8321;T1953;1993;6;28;110000.0;110000.0;25000.0;85000.0;3;0;0;0;0;0;0;0;10.0;35;2;109;0;0;3;7712.8436588131835;04;6;1;Depot;M408;97;Heiß (>= 32° C);Tag;Klar;Colorado;Sommer;Kollision;Unusual Operational Situations;Miscellaneous Causes;EinzelneWagen, Güterzug;93307.32038340825;Nicht Signifikant;False
8322;T1954;1994;8;28;8300.0;8300.0;0.0;8300.0;1;0;0;0;0;0;0;0;6.5;1;0;51;0;0;1;2388.647398120594;04;7;1;Depot;H702;90;Heiß (>= 32° C);Tag;Klar;Colorado;Sommer;Kollision;Switches, Use of;Human Factors;Depot/Rangieren, EinzelneWagen;7040.461447111714;Nicht Signifikant;False
8323;T200587002;1987;5;4;32500.0;32500.0;2000.0;30500.0;2;1;0;0;0;0;0;0;7.5;60;8;15;0;0;1;7510.273934704922;04;7;1;Depot;H602;50;Moderat (0° bis 19,99° C);Abend;Klar;Illinois;Frühling;Kollision;Speed;Human Factors;Depot/Rangieren, Depot/Rangieren;27568.07193146153;Nicht Signifikant;False
8324;T200686004;1986;6;6;7500.0;7500.0;0.0;7500.0;1;0;0;0;0;0;0;0;2.958916643910756;18;1;23;0;0;1;2838.7700991792776;01;7;2;Depot;H601;75;Warm (20° bis 31,99° C);Tag;Wolkig;Illinois;Frühling;Entgleisung;Speed;Human Factors;Depot/Rangieren, EinzelneWagen;6361.8627534142;Nicht Signifikant;False
8325;T200785002;1985;7;1;19500.0;19500.0;0.0;19500.0;1;0;0;0;0;0;0;0;7.935695149221832;23;1;56;0;0;3;3943.3226784844774;04;7;2;Depot;H306;65;Moderat (0° bis 19,99° C);Abend;Klar;Illinois;Sommer;Kollision;General Switching Rules;Human Factors;Depot/Rangieren, EinzelneWagen;16540.84315887692;Nicht Signifikant;False
8326;T200886006;1986;8;4;11200.0;11200.0;200.0;11000.0;1;0;0;0;0;0;0;0;2.958916643910756;0;0;30;0;0;2;986.1323227511375;01;7;1;Depot;H312;65;Moderat (0° bis 19,99° C);Abend;Klar;Illinois;Sommer;Entgleisung;General Switching Rules;Human Factors;Depot/Rangieren, EinzelneWagen;9500.381711765205;Nicht Signifikant;False
8327;T201186002;1986;11;1;11500.0;11500.0;0.0;11500.0;0;0;0;0;0;0;0;0;4.949628046035187;0;0;20;0;0;0;678.7081514024394;04;6;2;Depot;H021;45;Moderat (0° bis 19,99° C);Abend;Wolkig;Illinois;Herbst;Kollision;Brakes, Use of;Human Factors;EinzelneWagen, EinzelneWagen;9754.856221901773;Nicht Signifikant;False
8328;T210786003;1986;7;1;44762.0;44762.0;0.0;44762.0;1;1;0;2;0;0;0;0;44.763856088523795;3;0;1;0;0;1;326.8164184217309;03;5;4;Hauptstrecke;H205;78;Warm (20° bis 31,99° C);Tag;Regen;Missouri;Sommer;Kollision;Flagging, Fixed, Hand and Radio Signals;Human Factors;EinzelneWagen, Güterzug;37969.293409110185;Signifikant;False
8329;T211186001;1986;11;2;8200.0;8200.0;0.0;8200.0;3;0;0;1;0;0;0;0;4.949628046035187;2;0;3;0;0;0;388.6340268741533;04;7;1;Depot;H302;44;Moderat (0° bis 19,99° C);Tag;Wolkig;Missouri;Herbst;Kollision;General Switching Rules;Human Factors;Depot/Rangieren, EinzelneWagen;6955.636610399524;Signifikant;False
8330;T2202;1992;8;27;1161450.0;1161450.0;102500.0;1058951.0;11;6;0;1;0;0;0;0;28.5;121;13;0;0;0;0;13749.0;04;1;3;Hauptstrecke;H799;60;Moderat (0° bis 19,99° C);Abend;Klar;Utah;Sommer;Kollision;Switches, Use of;Human Factors;Güterzug, Güterzug;985198.0659937229;Signifikant;False
8331;T221186002;1986;11;5;10000.0;10000.0;0.0;10000.0;1;0;0;0;0;0;0;0;2.5;0;0;10;0;0;0;374.24404929255525;04;7;1;Depot;H018;64;Moderat (0° bis 19,99° C);Tag;Regen;Virginia;Herbst;Kollision;Brakes, Use of;Human Factors;Depot/Rangieren, EinzelneWagen;8482.483671218932;Nicht Signifikant;False
8332;T230187002;1987;1;30;13500.0;13500.0;3000.0;10500.0;2;0;0;0;0;0;0;0;4.949628046035187;47;0;17;0;0;8;5945.808150599877;01;7;1;Depot;M407;40;Moderat (0° bis 19,99° C);Abend;Wolkig;Virginia;Winter;Entgleisung;Unusual Operational Situations;Miscellaneous Causes;Depot/Rangieren, EinzelneWagen;11451.352956145558;Nicht Signifikant;False
8333;T230386002;1986;3;12;28450.0;28450.0;2100.0;26350.0;3;0;0;0;0;0;0;0;3.5;49;2;149;0;0;3;9680.0;04;7;1;Depot;H301;45;Moderat (0° bis 19,99° C);Tag;Klar;Virginia;Winter;Kollision;General Switching Rules;Human Factors;Depot/Rangieren, Depot/Rangieren;24132.66604461786;Nicht Signifikant;False
8334;T230386007;1986;3;31;10100.0;10100.0;800.0;9300.0;4;0;0;0;0;0;0;0;7.935695149221832;11;2;56;0;0;6;3024.256439118408;01;5;1;Depot;T308;88;Warm (20° bis 31,99° C);Tag;Klar;Virginia;Frühling;Entgleisung;Frogs, Switches and Track Appliances;Track, Roadbed and Structures;EinzelneWagen, Güterzug;8567.308507931122;Nicht Signifikant;False
8335;T230486006;1986;4;22;7000.0;7000.0;0.0;7000.0;1;0;0;0;0;0;0;0;7.935695149221832;93;0;5;0;0;0;10801.45247945865;06;7;1;Depot;E39C;43;Moderat (0° bis 19,99° C);Abenddämmerung;Klar;Virginia;Frühling;Kollision;Coupler and Draft System;Mechanical and Electrical Failures;Depot/Rangieren, EinzelneWagen;5937.738569853253;Nicht Signifikant;False
8336;T230686006;1986;6;24;19500.0;19500.0;1000.0;18500.0;4;0;0;0;0;0;0;0;4.0;71;5;93;0;0;2;11079.078512609827;04;7;1;Depot;H305;65;Moderat (0° bis 19,99° C);Abend;Wolkig;Virginia;Sommer;Kollision;General Switching Rules;Human Factors;Depot/Rangieren, Depot/Rangieren;16540.84315887692;Nicht Signifikant;False
8337;T230687001;1987;6;5;18000.0;18000.0;0.0;18000.0;6;0;0;0;0;0;0;0;7.0;3;0;20;0;0;0;1019.9804249902148;04;7;2;Depot;H017;62;Moderat (0° bis 19,99° C);Morgendämmerung;Klar;Virginia;Frühling;Kollision;Brakes, Use of;Human Factors;Depot/Rangieren, Lokomotive;15268.470608194079;Nicht Signifikant;False
8338;T230986001;1986;9;5;8575.0;8575.0;500.0;8075.0;9;2;0;0;0;0;0;0;2.958916643910756;0;0;0;0;0;0;69.7799471826711;04;8;1;Depot;H305;77;Warm (20° bis 31,99° C);Tag;Wolkig;Virginia;Sommer;Kollision;General Switching Rules;Human Factors;Lokomotive, Lokomotive;7273.729748070235;Nicht Signifikant;False
8339;T2432;1992;9;10;19000.0;19000.0;0.0;19000.0;1;0;0;0;0;0;0;0;3.5;11;0;5;0;0;0;1048.647398120594;04;7;1;Depot;H302;55;Moderat (0° bis 19,99° C);Abend;Klar;Colorado;Sommer;Kollision;General Switching Rules;Human Factors;Depot/Rangieren, EinzelneWagen;16116.718975315971;Nicht Signifikant;False
8340;T2646;1996;11;14;10980.0;10980.0;0.0;10980.0;0;0;0;0;0;0;0;0;3.9542723449729715;1;0;1;0;0;0;213.98378192291796;02;5;1;Industriestrecke;H020;25;Kalt (-30° - 0,01° C);Tag;Eisregen;Colorado;Herbst;Kollision;Brakes, Use of;Human Factors;EinzelneWagen, EinzelneWagen;9313.767070998389;Nicht Signifikant;False
8341;T2654;1994;11;19;11100.0;11100.0;1000.0;10100.0;8;0;0;0;0;0;0;0;3.9542723449729715;48;2;41;0;0;3;6933.501477812077;01;6;1;Depot;T110;40;Moderat (0° bis 19,99° C);Tag;Klar;Colorado;Herbst;Entgleisung;Track Geometry;Track, Roadbed and Structures;EinzelneWagen, Güterzug;9415.556875053015;Nicht Signifikant;False
8342;T2655;1995;11;6;117300.0;117300.0;2400.0;114900.0;8;0;0;0;0;0;0;0;18.0;105;0;105;0;0;8;17558.0;04;1;2;Nebenstrecke;H599;45;Moderat (0° bis 19,99° C);Abend;Klar;Colorado;Herbst;Kollision;Train Handling/Train Makeup;Human Factors;Güterzug, Güterzug;99499.53346339808;Nicht Signifikant;False
8343;T2765;1995;11;17;15636.0;15636.0;0.0;15636.0;4;0;0;1;0;0;0;0;14.903185056657339;34;1;47;0;0;0;5856.256439118408;09;5;1;Hauptstrecke;H402;39;Moderat (0° bis 19,99° C);Abend;Klar;Colorado;Herbst;Kollision;Main Track Authority;Human Factors;EinzelneWagen, Güterzug;13263.211468317922;Signifikant;True
8344;T280487005;1987;4;11;12150.0;12150.0;350.0;11800.0;1;0;0;0;0;0;0;0;2.5;0;0;8;0;0;2;316.3112981093922;04;7;1;Depot;H018;45;Moderat (0° bis 19,99° C);Abend;Regen;Michigan;Frühling;Kollision;Brakes, Use of;Human Factors;Depot/Rangieren, EinzelneWagen;10306.217660531003;Nicht Signifikant;False
8345;T280487012;1987;4;29;10800.0;10800.0;0.0;10800.0;2;0;0;1;0;0;0;0;4.949628046035187;49;0;47;0;0;0;5930.074241302322;02;7;2;Depot;H999;45;Moderat (0° bis 19,99° C);Abend;Klar;Michigan;Frühling;Kollision;Miscellaneous;Human Factors;Depot/Rangieren, Güterzug;9161.082364916447;Signifikant;False
8346;T280985006;1985;9;19;9000.0;9000.0;0.0;9000.0;1;0;0;0;0;0;0;0;3.9542723449729715;1;1;1;0;0;0;288.25643911840757;04;7;1;Depot;H401;86;Warm (20° bis 31,99° C);Tag;Klar;Michigan;Sommer;Kollision;Main Track Authority;Human Factors;Depot/Rangieren, EinzelneWagen;7634.235304097039;Nicht Signifikant;False
8347;T290385005;1985;3;26;8500.0;8500.0;0.0;8500.0;1;0;0;0;0;0;0;0;2.958916643910756;14;0;52;0;0;0;2867.336383802324;04;7;1;Depot;H999;60;Moderat (0° bis 19,99° C);Tag;Klar;Illinois;Frühling;Kollision;Miscellaneous;Human Factors;Depot/Rangieren, EinzelneWagen;7210.111120536093;Nicht Signifikant;False
8348;T290485008;1985;4;18;6275.0;6275.0;0.0;6275.0;1;0;0;0;0;0;0;0;2.5;13;0;5;0;0;0;1700.8585171179732;04;7;1;Depot;H021;80;Warm (20° bis 31,99° C);Tag;Klar;Illinois;Frühling;Kollision;Brakes, Use of;Human Factors;Depot/Rangieren, EinzelneWagen;5322.75850368988;Nicht Signifikant;False
8349;T290585001;1985;5;1;10500.0;10500.0;0.0;10500.0;1;0;0;0;0;0;0;0;5.5;6;0;2;0;0;0;813.2173147801988;04;6;1;Depot;H401;52;Moderat (0° bis 19,99° C);Abenddämmerung;Klar;Illinois;Frühling;Kollision;Main Track Authority;Human Factors;EinzelneWagen, Lokomotive;8906.607854779879;Nicht Signifikant;False
8350;T290586001;1986;5;3;6500.0;6500.0;0.0;6500.0;1;0;0;0;0;0;0;0;3.9542723449729715;13;0;5;0;0;0;1700.8585171179734;04;7;1;Depot;H302;54;Moderat (0° bis 19,99° C);Tag;Klar;Illinois;Frühling;Kollision;General Switching Rules;Human Factors;Depot/Rangieren, EinzelneWagen;5513.614386292306;Nicht Signifikant;False
8351;T291085003;1985;10;3;13400.0;13400.0;400.0;13000.0;4;0;0;1;0;0;0;0;4.949628046035187;62;2;27;0;0;0;10624.8368704735;04;7;1;Depot;H306;65;Moderat (0° bis 19,99° C);Abenddämmerung;Klar;Illinois;Herbst;Kollision;General Switching Rules;Human Factors;Depot/Rangieren, Güterzug;11366.52811943337;Signifikant;False
8352;T291085005;1985;10;10;16395.0;16395.0;150.0;16245.0;2;0;0;0;0;0;0;0;5.0;30;0;34;0;0;2;4520.640699472846;04;7;1;Depot;H306;48;Moderat (0° bis 19,99° C);Abend;Wolkig;Illinois;Herbst;Kollision;General Switching Rules;Human Factors;Depot/Rangieren, Depot/Rangieren;13907.03197896344;Nicht Signifikant;False
8353;T300186007;1986;1;2;6800.0;6800.0;100.0;6700.0;1;0;0;0;0;0;0;0;2.0;102;0;23;0;0;1;12374.784718639174;04;7;1;Depot;H020;35;Moderat (0° bis 19,99° C);Abend;Wolkig;Missouri;Winter;Kollision;Brakes, Use of;Human Factors;Depot/Rangieren, EinzelneWagen;5768.088896428874;Nicht Signifikant;False
8354;T300385009;1985;3;18;6000.0;6000.0;0.0;6000.0;0;0;0;0;0;0;0;0;2.5;2;2;0;0;0;0;336.5128782368152;04;5;1;Industriestrecke;H018;50;Moderat (0° bis 19,99° C);Abend;Klar;Illinois;Winter;Kollision;Brakes, Use of;Human Factors;EinzelneWagen, EinzelneWagen;5089.490202731359;Nicht Signifikant;False
8355;T300386003;1986;3;28;19316.0;19316.0;216.0;19100.0;1;0;0;0;0;0;0;0;3.9542723449729715;27;0;45;0;0;1;3225.417398226672;04;6;1;Depot;H301;66;Moderat (0° bis 19,99° C);Abend;Klar;Illinois;Frühling;Kollision;General Switching Rules;Human Factors;EinzelneWagen, Güterzug;16384.76545932649;Nicht Signifikant;False
8356;T300485006;1985;4;29;10100.0;10100.0;600.0;9500.0;2;1;0;3;0;0;0;0;17.889252159843984;3;2;0;0;0;0;450.27030276607366;03;6;1;Nebenstrecke;H021;75;Warm (20° bis 31,99° C);Tag;Klar;Missouri;Frühling;Kollision;Brakes, Use of;Human Factors;EinzelneWagen, Lokomotive;8567.308507931122;Signifikant;True
8357;T300587004;1987;5;19;8300.0;8300.0;1000.0;7300.0;1;0;0;0;0;0;0;0;5.944983747097401;26;1;1;0;0;0;3077.5284361521935;01;7;1;Depot;H306;70;Warm (20° bis 31,99° C);Abend;Wolkig;Missouri;Frühling;Entgleisung;General Switching Rules;Human Factors;Depot/Rangieren, EinzelneWagen;7040.461447111714;Nicht Signifikant;False
8358;T300685006;1985;6;11;10900.0;10900.0;1300.0;9600.0;1;0;0;0;0;0;0;0;4.949628046035187;12;2;23;0;0;3;2178.7946622403542;01;7;1;Depot;M503;60;Moderat (0° bis 19,99° C);Tag;Wolkig;Illinois;Frühling;Entgleisung;Other Miscellaneous;Miscellaneous Causes;Depot/Rangieren, EinzelneWagen;9245.907201628637;Nicht Signifikant;False
8359;T300887003;1987;8;12;22500.0;22500.0;0.0;22500.0;1;0;0;0;0;0;0;0;2.958916643910756;28;2;16;0;0;1;3782.8285139927575;04;7;1;Depot;H306;90;Heiß (>= 32° C);Tag;Klar;Illinois;Sommer;Kollision;General Switching Rules;Human Factors;Depot/Rangieren, EinzelneWagen;19085.5882602426;Nicht Signifikant;False
8360;T301085009;1985;10;31;319700.0;319700.0;65200.0;254500.0;5;0;0;0;0;0;0;0;21.0;82;10;60;0;0;1;8407.0;01;7;1;Depot;H401;45;Moderat (0° bis 19,99° C);Abend;Regen;Missouri;Herbst;Entgleisung;Main Track Authority;Human Factors;Depot/Rangieren, Güterzug;271185.0029688693;Signifikant;True
8361;T301185006;1985;11;14;26800.0;26800.0;700.0;26100.0;3;0;0;0;0;0;0;0;2.0;60;0;95;0;0;2;9790.594458220894;04;7;1;Depot;H306;44;Moderat (0° bis 19,99° C);Abend;Wolkig;Missouri;Herbst;Kollision;General Switching Rules;Human Factors;Depot/Rangieren, Depot/Rangieren;22733.05623886674;Nicht Signifikant;False
8362;T3063;1993;9;4;17800.0;17800.0;5000.0;12800.0;5;0;0;0;0;0;0;0;9.926406551346263;37;3;2;0;0;0;2922.8899735913355;04;1;1;Depot;T310;75;Warm (20° bis 31,99° C);Abend;Klar;Utah;Sommer;Kollision;Frogs, Switches and Track Appliances;Track, Roadbed and Structures;Güterzug, Lokomotive;15098.8209347697;Nicht Signifikant;False
8363;T3295;1985;12;12;145100.0;145100.0;30000.0;115100.0;11;0;0;0;0;0;0;0;11.0;102;4;105;0;0;20;13271.0;01;1;2;Hauptstrecke;T207;35;Moderat (0° bis 19,99° C);Abend;Wolkig;New Mexico;Herbst;Entgleisung;Rail, Joint Bar and Rail Anchoring;Track, Roadbed and Structures;Güterzug, Güterzug;123080.83806938671;Nicht Signifikant;False
8364;T370488502;1988;4;7;20200.0;20200.0;0.0;20200.0;3;2;0;2;0;0;0;0;11.917117953470694;0;0;0;0;0;0;69.7799471826711;03;8;2;Depot;H521;50;Moderat (0° bis 19,99° C);Abenddämmerung;Wolkig;Virginia;Frühling;Kollision;Train Handling/Train Makeup;Human Factors;Lokomotive, Lokomotive;17134.617015862244;Signifikant;False
8365;T370690016;1990;6;22;23613.0;23613.0;10000.0;13613.0;7;0;0;0;0;0;0;0;0.0;0;0;0;0;0;0;69.7799471826711;11;8;1;Depot;M406;63;Moderat (0° bis 19,99° C);Abend;Klar;Virginia;Sommer;Fahrzeugbrand / Explosion;Unusual Operational Situations;Miscellaneous Causes;Lokomotive, Lokomotive;20029.688692849264;Nicht Signifikant;False
8366;T3943;1993;11;25;139400.0;139400.0;51800.0;87600.0;11;0;0;0;0;0;0;0;25.0;122;3;36;0;0;3;4936.0;01;1;3;Hauptstrecke;E67C;35;Moderat (0° bis 19,99° C);Abend;Klar;Utah;Herbst;Entgleisung;Wheels;Mechanical and Electrical Failures;Güterzug, Güterzug;118245.82237679191;Nicht Signifikant;False
8367;T550289045;1989;2;23;27000.0;27000.0;0.0;27000.0;2;0;0;2;0;0;0;0;38.0;0;0;181;0;0;0;5465.336383802324;09;5;3;Hauptstrecke;H402;30;Kalt (-30° - 0,01° C);Tag;Schnee;Virginia;Winter;Kollision;Main Track Authority;Human Factors;EinzelneWagen, Güterzug;22902.705912291116;Signifikant;False
8368;T550488008;1988;4;18;58800.0;58800.0;500.0;58300.0;5;2;0;2;0;0;0;0;13.907829355595124;361;2;1;0;0;0;42666.648305593735;03;6;2;Depot;H702;55;Moderat (0° bis 19,99° C);Tag;Regen;Virginia;Frühling;Kollision;Switches, Use of;Human Factors;EinzelneWagen, Güterzug;49877.003986767326;Signifikant;False
8369;T550489082;1989;4;13;83500.0;83500.0;0.0;83500.0;3;0;0;0;0;0;0;0;19.879963561968417;123;3;0;0;0;0;16109.167451821031;03;6;3;Hauptstrecke;H999;62;Moderat (0° bis 19,99° C);Tag;Klar;Virginia;Frühling;Kollision;Miscellaneous;Human Factors;EinzelneWagen, Güterzug;70828.73865467809;Nicht Signifikant;False
8370;T550588016;1988;5;26;7000.0;7000.0;0.0;7000.0;5;0;0;0;0;0;0;0;10.0;0;0;43;0;0;0;1325.336383802324;04;7;1;Depot;H401;57;Moderat (0° bis 19,99° C);Abend;Klar;Virginia;Frühling;Kollision;Main Track Authority;Human Factors;Depot/Rangieren, Güterzug;5937.738569853253;Nicht Signifikant;False
8371;T620288001;1988;2;5;5500.0;5500.0;0.0;5500.0;5;0;0;0;0;0;0;0;5.0;0;0;99;0;0;0;3642.0;02;7;1;Depot;H401;20;Kalt (-30° - 0,01° C);Abend;Wolkig;West Virginia;Winter;Kollision;Main Track Authority;Human Factors;Depot/Rangieren, Depot/Rangieren;4665.366019170413;Nicht Signifikant;False
8372;T620288012;1988;2;12;24400.0;24400.0;0.0;24400.0;2;0;0;0;0;0;0;0;8.0;86;0;7;0;0;0;10066.043328175818;04;6;2;Depot;H401;25;Kalt (-30° - 0,01° C);Abend;Schnee;West Virginia;Winter;Kollision;Main Track Authority;Human Factors;EinzelneWagen, Güterzug;20697.260157774195;Nicht Signifikant;False
8373;T620288014;1988;2;18;867200.0;867200.0;57500.0;809700.0;8;5;0;2;0;0;0;0;23.0;93;4;102;0;0;2;24952.0;03;1;3;Hauptstrecke;H101;40;Moderat (0° bis 19,99° C);Tag;Klar;West Virginia;Winter;Kollision;Employee Physical Condition;Human Factors;Güterzug, Güterzug;735600.9839681059;Signifikant;False
8374;T820388013;1988;3;23;17300.0;17300.0;4000.0;13300.0;2;1;0;0;0;0;0;0;2.958916643910756;28;1;3;0;0;0;2834.8899735913355;01;7;1;Depot;H301;60;Moderat (0° bis 19,99° C);Abend;Regen;Ohio;Frühling;Entgleisung;General Switching Rules;Human Factors;Depot/Rangieren, Lokomotive;14674.696751208754;Nicht Signifikant;False
8375;T821287007;1987;12;22;12600.0;12600.0;0.0;12600.0;2;0;0;0;0;0;0;0;4.949628046035187;0;0;132;0;0;0;4003.818177811104;04;6;1;Depot;H302;40;Moderat (0° bis 19,99° C);Abenddämmerung;Regen;Ohio;Winter;Kollision;General Switching Rules;Human Factors;EinzelneWagen, Güterzug;10687.929425735854;Nicht Signifikant;False
8376;T920288037;1988;2;24;23000.0;23000.0;0.0;23000.0;1;0;0;0;0;0;0;0;1.9635609428485408;7;0;5;0;0;1;1019.7940045618294;05;7;1;Industriestrecke;H306;25;Kalt (-30° - 0,01° C);Abend;Wolkig;Illinois;Winter;Kollision;General Switching Rules;Human Factors;Depot/Rangieren, EinzelneWagen;19509.712443803546;Nicht Signifikant;False
8377;T920388019;1988;3;21;24300.0;24300.0;800.0;23500.0;3;0;0;0;0;0;0;0;5.5;50;1;78;0;0;3;7315.482086813472;05;6;1;Depot;H601;32;Moderat (0° bis 19,99° C);Abend;Klar;Illinois;Frühling;Kollision;Speed;Human Factors;EinzelneWagen, Güterzug;20612.435321062007;Nicht Signifikant;False
8378;T921287001;1987;12;19;10540.0;10540.0;540.0;10000.0;2;0;0;0;0;0;0;0;5.0;42;2;56;0;0;1;6593.2888658419115;05;7;1;Depot;H306;30;Kalt (-30° - 0,01° C);Abend;Wolkig;Illinois;Herbst;Kollision;General Switching Rules;Human Factors;Depot/Rangieren, Güterzug;8940.537789464755;Nicht Signifikant;False
8379;T940188010;1988;1;11;9650.0;9650.0;0.0;9650.0;2;0;0;0;0;0;0;0;5.944983747097401;13;0;30;0;0;1;2422.218286480476;01;6;3;Hauptstrecke;H303;38;Moderat (0° bis 19,99° C);Tag;Klar;Illinois;Winter;Entgleisung;General Switching Rules;Human Factors;EinzelneWagen, Güterzug;8185.596742726269;Nicht Signifikant;False
8380;T940388024;1988;3;24;19400.0;19400.0;2300.0;17100.0;3;0;0;0;0;0;0;0;4.949628046035187;91;4;119;0;0;0;11272.0;04;7;1;Depot;H305;45;Moderat (0° bis 19,99° C);Abend;Wolkig;Illinois;Frühling;Kollision;General Switching Rules;Human Factors;Depot/Rangieren, Güterzug;16456.018322164728;Nicht Signifikant;False
8381;T940491042;1991;4;5;175650.0;175650.0;5000.0;170650.0;4;2;0;6;0;0;0;0;17.889252159843984;75;4;4;0;0;0;6552.0;03;1;4;Hauptstrecke;H204;48;Moderat (0° bis 19,99° C);Tag;Nebel;Illinois;Frühling;Kollision;Flagging, Fixed, Hand and Radio Signals;Human Factors;Güterzug, Güterzug;148994.82568496055;Schwer;False
8382;TA10125;1989;12;31;25500.0;25500.0;500.0;25000.0;6;0;0;0;0;0;0;0;4.949628046035187;54;0;18;0;0;1;6762.196290179827;04;7;1;Depot;H306;17;Kalt (-30° - 0,01° C);Abend;Klar;Colorado;Winter;Kollision;General Switching Rules;Human Factors;Depot/Rangieren, Lokomotive;21630.33336160828;Nicht Signifikant;False
8383;TA1065;1990;6;29;41000.0;41000.0;6000.0;35000.0;10;1;0;0;0;0;0;0;6.0;9;0;92;0;0;5;3989.943049288023;04;7;2;Depot;H702;98;Heiß (>= 32° C);Tag;Klar;Colorado;Sommer;Kollision;Switches, Use of;Human Factors;Depot/Rangieren, Güterzug;34778.18305199762;Nicht Signifikant;False
8384;TA17;1987;9;27;23100.0;23100.0;400.0;22700.0;1;0;0;0;0;0;0;0;2.0;17;1;10;0;0;2;1740.6292941597912;04;7;1;Depot;H020;60;Moderat (0° bis 19,99° C);Abend;Klar;Minnesota;Herbst;Kollision;Brakes, Use of;Human Factors;Depot/Rangieren, EinzelneWagen;19594.537280515735;Nicht Signifikant;False
8385;TA18;1987;9;30;8500.0;8500.0;0.0;8500.0;1;0;0;0;0;0;0;0;3.9542723449729715;16;0;46;0;0;0;3479.3684106674127;04;7;1;Depot;H305;55;Moderat (0° bis 19,99° C);Abend;Klar;Minnesota;Herbst;Kollision;General Switching Rules;Human Factors;Depot/Rangieren, EinzelneWagen;7210.111120536093;Nicht Signifikant;False
8386;TAC0301;1992;3;27;14200.0;14200.0;0.0;14200.0;2;0;0;0;0;0;0;0;1.9635609428485408;105;0;0;0;0;0;12014.309522754811;05;7;1;Industriestrecke;H305;25;Kalt (-30° - 0,01° C);Abend;Klar;Colorado;Frühling;Kollision;General Switching Rules;Human Factors;Depot/Rangieren, EinzelneWagen;12045.126813130884;Nicht Signifikant;False
8387;TAC0302;1991;3;28;2009390.0;2009390.0;0.0;1979700.0;4;4;0;0;0;0;0;0;38.79172188215051;115;3;55;0;0;9;7677.0;02;1;1;Nebenstrecke;H702;40;Moderat (0° bis 19,99° C);Tag;Klar;Kansas;Frühling;Kollision;Switches, Use of;Human Factors;Güterzug, Güterzug;1704461.7864110612;Signifikant;True
8388;TC0105125;2005;1;16;14000.0;14000.0;0.0;14000.0;2;0;0;0;0;0;0;0;5.944983747097401;38;1;6;0;0;0;4594.849581558237;01;7;1;Depot;H702;-18;Kalt (-30° - 0,01° C);Abend;Klar;North Dakota;Winter;Entgleisung;Switches, Use of;Human Factors;Depot/Rangieren, EinzelneWagen;10697.638878276151;Nicht Signifikant;False
8389;TC0109111;2009;1;9;48775.0;48775.0;1245.0;47530.0;5;0;0;0;0;0;0;0;11.917117953470694;1;0;128;0;0;3;4113.569295987594;01;7;1;Depot;E65C;-2;Kalt (-30° - 0,01° C);Tag;Wolkig;North Dakota;Winter;Entgleisung;Wheels;Mechanical and Electrical Failures;Depot/Rangieren, Güterzug;35643.8175971938;Nicht Signifikant;True
8390;TC0109129;2009;1;26;104217.0;104217.0;1000.0;103217.0;5;0;0;0;0;0;0;0;3.6361815633153145;96;0;61;0;0;2;10527.365688591331;01;7;1;Depot;H306;-5;Kalt (-30° - 0,01° C);Abend;Klar;Minnesota;Winter;Entgleisung;General Switching Rules;Human Factors;Depot/Rangieren, Güterzug, Güterzug;80228.63741339493;Nicht Signifikant;False
8391;TC0111128;2011;1;17;15898.0;15898.0;1000.0;14898.0;4;0;0;0;0;0;0;0;5.5;28;1;29;0;0;1;4159.022805737793;05;7;1;Depot;H318;23;Kalt (-30° - 0,01° C);Abend;Klar;Iowa;Winter;Kollision;General Switching Rules;Human Factors;Depot/Rangieren, Depot/Rangieren;11943.505371497258;Nicht Signifikant;False
8392;TC0117101;2017;1;2;13469.0;13469.0;0.0;13469.0;5;0;0;0;0;0;0;0;4.5;111;0;30;0;0;0;16783.039704450246;02;7;1;Depot;H318;7;Kalt (-30° - 0,01° C);Abend;Klar;North Dakota;Winter;Kollision;General Switching Rules;Human Factors;Depot/Rangieren, Güterzug;12870.520783564261;Nicht Signifikant;False
8393;TC0119116;2019;1;22;102602.0;102602.0;60000.0;42602.0;2;1;0;0;0;0;0;0;4.0;35;4;49;0;0;2;6029.0;04;7;1;Depot;H607;8;Kalt (-30° - 0,01° C);Abend;Schnee;Minnesota;Winter;Kollision;Speed;Human Factors;Depot/Rangieren, Depot/Rangieren;90366.39069931302;Nicht Signifikant;False