index;INCDTNO;YEAR4;MONTH;DAY;ACCDMG;INFRASTRUCTURE_DMG;TRKDMG;EQPDMG;LOCOMOTIVES1;LOCOMOTIVES2;RREMPKLD;RREMPINJ;PASSKLD;PASSINJ;OTHERKLD;OTHERINJ;SPEED;LOADF1;LOADF2;EMPTYF1;EMPTYP1;LOADP1;EMPTYF2;TONS;TYPE;TYPEQ;TRKCLAS;TYPTRK;ACCAUSE;TEMP;TEMP_CLUSTER;VISIBLTY;WEATHER;STATE;Jahreszeit;ACCIDENT_TYPE;ACCCAUSE_LVL1;ACCCAUSE_LVL2;EQUIPMENT_TYPE;ACCDMG_EUR;ACCTYPE;SPD_TOO_HIGH
8394;TC0120111;2020;1;7;15600.0;15600.0;1000.0;14600.0;2;0;0;0;0;0;0;0;9.926406551346263;9;0;47;0;0;3;2880.0;01;7;X;Depot;H703;9;Kalt (-30° - 0,01° C);Abenddämmerung;Schnee;Minnesota;Winter;Entgleisung;Switches, Use of;Human Factors;Depot/Rangieren, EinzelneWagen;13963.480128893663;Nicht Signifikant;True
8395;TC0204123;2004;2;21;86767.0;86767.0;500.0;86267.0;1;0;0;0;0;0;0;0;4.949628046035187;1;1;5;0;0;5;362.7786368617197;01;7;1;Industriestrecke;M504;40;Moderat (0° bis 19,99° C);Abend;Klar;Iowa;Winter;Entgleisung;Other Miscellaneous;Miscellaneous Causes;Depot/Rangieren, EinzelneWagen;68677.37850245369;Nicht Signifikant;False
8396;TC0206105;2006;2;4;61224.0;61224.0;0.0;61224.0;1;0;0;0;0;0;0;0;2.5;22;1;6;0;0;0;2774.7307890901016;01;7;1;Depot;S006;11;Kalt (-30° - 0,01° C);Abend;Klar;Minnesota;Winter;Entgleisung;SIGNAL AND COMMUNICATION;Signal and Communication;Depot/Rangieren, EinzelneWagen;50874.44256709969;Nicht Signifikant;False
8397;TC0210126;2010;2;23;189379.0;189379.0;1000.0;188379.0;3;0;0;0;0;0;0;0;7.935695149221832;41;0;9;0;0;3;5012.292148639384;01;7;1;Depot;H503;11;Kalt (-30° - 0,01° C);Abend;Klar;Minnesota;Winter;Entgleisung;Train Handling/Train Makeup;Human Factors;Depot/Rangieren, EinzelneWagen;139485.1587243132;Nicht Signifikant;False
8398;TC0211108;2011;2;6;51500.0;51500.0;1500.0;50000.0;2;0;0;0;0;0;0;0;12.91247365453291;2;0;65;0;0;2;2508.4048226498526;01;6;2;Industriestrecke;M101;15;Kalt (-30° - 0,01° C);Tag;Wolkig;South Dakota;Winter;Entgleisung;Environmental Conditions;Environmental Conditions;EinzelneWagen, Güterzug;37926.20958833493;Nicht Signifikant;False
8399;TC0213101;2013;2;1;470102.0;470102.0;100000.0;370102.0;4;0;0;0;0;0;0;0;15.5;8;3;117;0;0;8;14321.776492818844;05;6;3;Hauptstrecke;H022;-27;Sehr Kalt (-45° - 30,01° C);Morgendämmerung;Klar;South Dakota;Winter;Kollision;Brakes, Use of;Human Factors;EinzelneWagen, Güterzug;344548.51949574903;Signifikant;False
8400;TC0213128;2013;2;25;79341.0;79341.0;0.0;79341.0;3;0;0;0;0;0;0;0;4.949628046035187;16;0;27;0;0;0;2880.336383802324;04;5;1;Industriestrecke;H607;20;Kalt (-30° - 0,01° C);Abend;Klar;South Dakota;Winter;Kollision;Speed;Human Factors;EinzelneWagen, Güterzug;59636.95129284426;Nicht Signifikant;False
8401;TC0217108;2017;2;12;27393.0;27393.0;0.0;27393.0;5;0;0;0;0;0;0;0;7.0;102;0;0;0;0;0;14209.889973591336;05;1;1;Depot;H207;34;Moderat (0° bis 19,99° C);Tag;Klar;North Dakota;Winter;Kollision;Flagging, Fixed, Hand and Radio Signals;Human Factors;Güterzug, Lokomotive;25771.944679650016;Nicht Signifikant;False
8402;TC0217116;2017;2;16;12000.0;12000.0;0.0;12000.0;2;0;0;0;0;0;0;0;0.9682052417863254;10;0;122;0;0;0;4921.8162382158425;03;7;1;Depot;H310;62;Moderat (0° bis 19,99° C);Tag;Klar;Iowa;Winter;Kollision;General Switching Rules;Human Factors;Depot/Rangieren, EinzelneWagen;11265.490048817124;Nicht Signifikant;False
8403;TC0219206;2019;2;25;1846661.0;1846661.0;200000.0;1646661.0;7;4;0;0;0;0;0;0;34.81029907790165;230;25;0;0;0;0;31313.0;07;1;3;Hauptstrecke;M302;-5;Kalt (-30° - 0,01° C);Morgendämmerung;Schnee;South Dakota;Winter;Bahnübergang;Loading Procedures;Loading;Güterzug, Güterzug;1626297.666226332;Signifikant;False
8404;TC0302126;2002;3;24;167462.0;167462.0;54400.0;113062.0;3;0;0;0;0;0;0;0;9.926406551346263;0;0;122;0;0;3;2909.8899735913355;01;1;1;Depot;T307;20;Kalt (-30° - 0,01° C);Abend;Wolkig;Iowa;Frühling;Entgleisung;Frogs, Switches and Track Appliances;Track, Roadbed and Structures;Güterzug, Lokomotive;190926.91825333485;Signifikant;False
8405;TC0304136;2004;3;29;6999.0;6999.0;0.0;6999.0;0;0;0;0;0;0;0;0;4.949628046035187;1;1;1;0;0;1;235.07285754013844;05;5;1;Industriestrecke;M504;50;Moderat (0° bis 19,99° C);Tag;Wolkig;Iowa;Frühling;Kollision;Other Miscellaneous;Miscellaneous Causes;EinzelneWagen, EinzelneWagen;5775.705561973923;Nicht Signifikant;False
8406;TC0308125;2008;3;28;943428.0;943428.0;230000.0;713428.0;6;0;0;0;0;0;0;0;9.5;227;8;0;0;0;0;32349.0;01;1;1;Depot;T110;27;Kalt (-30° - 0,01° C);Abend;Wolkig;South Dakota;Frühling;Entgleisung;Track Geometry;Track, Roadbed and Structures;Güterzug, Güterzug;597257.5335527982;Signifikant;False
8407;TC0313129;2013;3;18;52536.0;52536.0;0.0;52536.0;4;0;0;0;0;0;0;0;6.0;85;1;74;0;0;0;13152.978674614413;05;7;1;Depot;H401;-5;Kalt (-30° - 0,01° C);Abend;Klar;North Dakota;Winter;Kollision;Main Track Authority;Human Factors;Depot/Rangieren, Güterzug;40634.23311934411;Nicht Signifikant;False
8408;TC0315129;2015;3;13;45000.0;45000.0;0.0;45000.0;0;0;0;0;0;0;0;0;9.950937700897509;3;1;0;0;0;0;465.55123535959564;01;A;5;Hauptstrecke;H997;50;Moderat (0° bis 19,99° C);Tag;Klar;North Dakota;Winter;Entgleisung;Miscellaneous;Human Factors;Wartungszug, Wartungszug, Wartungszug;42565.26674233825;Nicht Signifikant;False
8409;TC0319128;2019;3;28;156092.0;156092.0;6000.0;150092.0;1;0;0;0;0;0;0;0;4.949628046035187;112;4;0;0;0;0;16164.0;01;6;1;Industriestrecke;H704;25;Kalt (-30° - 0,01° C);Morgendämmerung;Klar;Minnesota;Frühling;Entgleisung;Switches, Use of;Human Factors;EinzelneWagen, Güterzug;139144.23248350865;Nicht Signifikant;False
8410;TC0404130;2004;4;14;41939.0;41939.0;0.0;41939.0;1;0;0;0;0;0;0;0;4.949628046035187;1;1;3;0;0;2;297.4457125815222;01;7;1;Depot;H018;50;Moderat (0° bis 19,99° C);Abend;Klar;Minnesota;Frühling;Entgleisung;Brakes, Use of;Human Factors;Depot/Rangieren, EinzelneWagen;35171.9221737672;Nicht Signifikant;False
8411;TC0405104;2005;4;7;11900.0;11900.0;3900.0;8000.0;2;0;0;0;0;0;0;0;7.935695149221832;141;2;39;0;0;0;14521.201003453567;01;6;1;Depot;H703;36;Moderat (0° bis 19,99° C);Tag;Klar;Minnesota;Frühling;Entgleisung;Switches, Use of;Human Factors;EinzelneWagen, Güterzug;9208.388145167532;Nicht Signifikant;False
8412;TC0406112;2006;4;14;25027.0;25027.0;0.0;25027.0;2;0;0;0;0;0;0;0;2.0;1;0;2;0;0;1;245.91022675331328;01;7;1;Depot;H018;48;Moderat (0° bis 19,99° C);Morgendämmerung;Klar;North Dakota;Frühling;Entgleisung;Brakes, Use of;Human Factors;Depot/Rangieren, EinzelneWagen;20639.803391172394;Nicht Signifikant;False
8413;TC0415104;2015;4;1;15884.0;15884.0;0.0;15884.0;6;0;0;0;0;0;0;0;4.0;19;0;63;0;0;0;4149.294856530852;04;7;1;Depot;H318;30;Kalt (-30° - 0,01° C);Abend;Klar;North Dakota;Frühling;Kollision;General Switching Rules;Human Factors;Depot/Rangieren, Depot/Rangieren;14768.944676894469;Nicht Signifikant;False
8414;TC0505102;2005;5;2;33688.0;33688.0;14000.0;19688.0;4;0;0;0;0;0;0;0;5.5;29;0;5;0;0;5;3528.377482683143;04;7;1;Depot;H318;42;Moderat (0° bis 19,99° C);Tag;Klar;Minnesota;Frühling;Kollision;General Switching Rules;Human Factors;Depot/Rangieren, Depot/Rangieren;26189.84684754723;Nicht Signifikant;False
8415;TC0505104;2005;5;5;1680750.0;1680750.0;419312.0;1261440.0;3;0;0;0;0;0;0;2;35.805654778963856;108;26;0;0;0;0;12865.416862285738;01;1;4;Hauptstrecke;T109;77;Warm (20° bis 31,99° C);Tag;Klar;North Dakota;Frühling;Entgleisung;Track Geometry;Track, Roadbed and Structures;Güterzug, Wartungszug;1297475.6831866603;Signifikant;False
8416;TC0507127;2007;5;11;57300.0;57300.0;1200.0;56100.0;2;0;0;0;0;0;0;0;3.9542723449729715;0;0;4;0;0;3;196.00569188484548;01;7;1;Depot;H312;58;Moderat (0° bis 19,99° C);Tag;Klar;North Dakota;Frühling;Entgleisung;General Switching Rules;Human Factors;Depot/Rangieren, EinzelneWagen;42488.50659943645;Nicht Signifikant;False
8417;TC0519111;2019;5;20;94756.0;94756.0;0.0;94756.0;4;0;0;0;0;0;0;0;9.0;14;0;25;0;0;0;3184.8899735913355;04;1;2;Depot;H607;70;Warm (20° bis 31,99° C);Tag;Klar;North Dakota;Frühling;Kollision;Speed;Human Factors;Güterzug, Lokomotive;84853.58646010567;Nicht Signifikant;False
8418;TC0603111;2003;6;14;6996.0;6996.0;4250.0;2746.0;1;0;0;0;0;0;0;0;3.9542723449729715;46;0;45;0;0;3;6677.15003888126;01;7;1;Depot;M405;75;Warm (20° bis 31,99° C);Abend;Klar;Minnesota;Frühling;Entgleisung;Unusual Operational Situations;Miscellaneous Causes;Depot/Rangieren, EinzelneWagen;5936.191876909152;Nicht Signifikant;False
8419;TC0603119;2003;6;20;593633.0;593633.0;193009.0;400624.0;1;0;0;0;0;0;0;0;8.908067800378731;19;19;23;0;0;23;3372.940996887468;01;7;1;Depot;H601;61;Moderat (0° bis 19,99° C);Tag;Klar;Minnesota;Frühling;Entgleisung;Speed;Human Factors;Depot/Rangieren, EinzelneWagen, EinzelneWagen;509337.6233376234;Signifikant;False
8420;TC0605115;2005;6;25;59157.0;59157.0;23000.0;36157.0;4;0;0;0;0;0;0;0;4.949628046035187;58;1;49;0;0;3;8822.336383802323;01;5;1;Depot;H507;85;Warm (20° bis 31,99° C);Tag;Klar;Minnesota;Sommer;Entgleisung;Train Handling/Train Makeup;Human Factors;EinzelneWagen, Güterzug;48852.40035234531;Nicht Signifikant;False
8421;TC0707110;2007;7;15;264870.0;264870.0;300.0;264570.0;5;0;0;0;0;0;0;0;6.5;74;0;96;0;0;1;12838.0;04;1;3;Hauptstrecke;H401;85;Warm (20° bis 31,99° C);Tag;Klar;South Dakota;Sommer;Kollision;Main Track Authority;Human Factors;Güterzug, Güterzug;192194.75619195044;Signifikant;False
8422;TC0711119;2011;7;30;17565.0;17565.0;1000.0;16565.0;5;0;0;0;0;0;0;0;10.0;40;0;131;0;0;2;8539.26306495304;05;7;1;Depot;H307;68;Warm (20° bis 31,99° C);Morgendämmerung;Regen;Minnesota;Sommer;Kollision;General Switching Rules;Human Factors;Depot/Rangieren, Güterzug;12273.203679981367;Nicht Signifikant;False
8423;TC0803100;2003;8;2;89303.0;89303.0;750.0;88553.0;6;0;0;0;0;0;0;0;5.0;63;3;80;0;0;0;10188.221750466902;04;7;2;Depot;H307;65;Moderat (0° bis 19,99° C);Abend;Klar;Minnesota;Sommer;Kollision;General Switching Rules;Human Factors;Depot/Rangieren, Güterzug;79628.17654926438;Nicht Signifikant;False
8424;TC0803115;2003;8;16;311263.0;311263.0;276500.0;34763.0;3;0;0;0;0;0;0;0;6.940339448159618;61;9;1;0;0;0;8281.816814327165;01;7;1;Depot;H306;96;Heiß (>= 32° C);Tag;Klar;North Dakota;Sommer;Entgleisung;General Switching Rules;Human Factors;Depot/Rangieren, Güterzug;277236.8030401995;Signifikant;False
8425;TC0803134;2003;8;30;19145.0;19145.0;0.0;19145.0;4;0;0;0;0;0;0;0;3.9542723449729715;28;0;24;0;0;0;3985.7016790656303;09;7;1;Depot;H305;54;Moderat (0° bis 19,99° C);Abend;Klar;Minnesota;Sommer;Kollision;General Switching Rules;Human Factors;Depot/Rangieren, Lokomotive;17500.53322770346;Nicht Signifikant;False
8426;TC0807114;2007;8;24;100709.0;100709.0;24175.0;76534.0;5;1;0;0;0;0;0;0;5.5;39;1;78;0;0;4;7413.430182413595;04;7;1;Depot;H306;60;Moderat (0° bis 19,99° C);Abend;Klar;Minnesota;Sommer;Kollision;General Switching Rules;Human Factors;Depot/Rangieren, Güterzug;73969.15167095116;Nicht Signifikant;False
8427;TC0808105;2008;8;5;16909.0;16909.0;2200.0;14709.0;5;1;0;0;0;0;0;0;5.0;114;0;0;0;0;0;15642.766190588729;04;7;1;Depot;H607;56;Moderat (0° bis 19,99° C);Abend;Klar;North Dakota;Sommer;Kollision;Speed;Human Factors;Depot/Rangieren, Güterzug;10918.189449215472;Nicht Signifikant;False
8428;TC0809114;2009;8;20;102546.0;102546.0;0.0;102546.0;1;0;0;0;0;0;0;0;4.949628046035187;4;2;0;0;0;0;564.0277272953322;01;7;1;Industriestrecke;H302;50;Moderat (0° bis 19,99° C);Tag;Klar;Wisconsion;Sommer;Entgleisung;General Switching Rules;Human Factors;Depot/Rangieren, EinzelneWagen;71997.4724426034;Nicht Signifikant;False
8429;TC0810106;2010;8;20;298914.0;298914.0;45000.0;253914.0;2;0;0;0;0;0;0;0;6.940339448159618;224;5;0;0;0;0;25649.488246725636;01;7;1;Depot;T210;64;Moderat (0° bis 19,99° C);Abend;Regen;Wisconsion;Sommer;Entgleisung;Rail, Joint Bar and Rail Anchoring;Track, Roadbed and Structures;Depot/Rangieren, EinzelneWagen;235161.67099362757;Signifikant;False
8430;TC0905124;2005;9;7;12100.0;12100.0;500.0;11600.0;1;0;0;0;0;0;0;0;3.9542723449729715;1;1;3;0;0;3;298.9257472009291;01;7;1;Depot;M411;74;Warm (20° bis 31,99° C);Tag;Klar;Minnesota;Sommer;Entgleisung;Unusual Operational Situations;Miscellaneous Causes;Depot/Rangieren, EinzelneWagen;9718.094932133965;Nicht Signifikant;False
8431;TC0905134;2005;9;27;37139.0;37139.0;0.0;37139.0;1;0;0;0;0;0;0;0;3.9542723449729715;0;0;1;0;0;0;100.22635739365951;09;7;1;Depot;H399;65;Moderat (0° bis 19,99° C);Tag;Klar;South Dakota;Herbst;Kollision;General Switching Rules;Human Factors;Depot/Rangieren, EinzelneWagen;30936.276551436902;Nicht Signifikant;False
8432;TC0908112;2008;9;17;15700.0;15700.0;6000.0;9700.0;1;0;0;0;0;0;0;0;3.9542723449729715;61;5;0;0;0;0;7107.0280484565055;01;7;1;Depot;M411;70;Warm (20° bis 31,99° C);Tag;Klar;Minnesota;Sommer;Entgleisung;Unusual Operational Situations;Miscellaneous Causes;Depot/Rangieren, EinzelneWagen;11037.682789651293;Nicht Signifikant;False
8433;TC0913126;2013;9;29;11314.0;11314.0;0.0;11314.0;2;0;0;0;0;0;0;0;5.944983747097401;5;0;124;0;0;0;3341.5699166596046;04;7;1;Depot;H318;70;Warm (20° bis 31,99° C);Tag;Klar;North Dakota;Herbst;Kollision;General Switching Rules;Human Factors;Depot/Rangieren, Güterzug;8371.026216489505;Nicht Signifikant;False
8434;TC0914109;2014;9;24;166672.0;166672.0;0.0;166672.0;4;0;0;0;0;0;0;0;6.5;141;1;0;0;0;0;17923.979174996162;01;7;2;Hauptstrecke;H307;60;Moderat (0° bis 19,99° C);Abend;Klar;Minnesota;Herbst;Entgleisung;General Switching Rules;Human Factors;Depot/Rangieren, Güterzug;129948.54202401373;Nicht Signifikant;False
8435;TC1002108;2002;10;7;12200.0;12200.0;0.0;12200.0;0;0;0;0;0;0;0;0;1.9635609428485408;1;0;2;0;0;1;245.91022675331328;01;6;1;Depot;H312;46;Moderat (0° bis 19,99° C);Abend;Klar;North Dakota;Herbst;Entgleisung;General Switching Rules;Human Factors;EinzelneWagen, EinzelneWagen;12438.825448613377;Nicht Signifikant;False
8436;TC1004104;2004;10;8;53096.0;53096.0;3500.0;49596.0;1;0;0;0;0;0;0;0;5.0;10;2;0;0;0;0;1246.572274470883;01;7;1;Depot;H318;63;Moderat (0° bis 19,99° C);Tag;Klar;Minnesota;Herbst;Entgleisung;General Switching Rules;Human Factors;Depot/Rangieren, EinzelneWagen;43114.90052781161;Nicht Signifikant;False
8437;TC1007106;2007;10;5;31800.0;31800.0;19300.0;12500.0;4;1;0;0;0;0;0;0;6.0;128;1;7;0;0;0;17968.41100871236;04;7;1;Depot;H306;75;Warm (20° bis 31,99° C);Tag;Klar;Minnesota;Herbst;Kollision;General Switching Rules;Human Factors;Depot/Rangieren, Güterzug;22495.755517826827;Nicht Signifikant;False
8438;TC1007111;2007;10;12;500832.0;500832.0;143500.0;357332.0;3;2;0;2;0;0;0;0;38.79172188215051;0;0;225;0;0;16;5856.710502278398;03;6;1;Nebenstrecke;H220;41;Moderat (0° bis 19,99° C);Abend;Wolkig;Minnesota;Herbst;Kollision;Flagging, Fixed, Hand and Radio Signals;Human Factors;EinzelneWagen, Güterzug;353370.4931912792;Signifikant;True
8439;TC1007118;2007;10;6;10972.0;10972.0;0.0;10972.0;3;0;0;0;0;0;0;0;3.9542723449729715;0;0;115;0;0;0;4292.4248432968025;04;6;1;Depot;H302;55;Moderat (0° bis 19,99° C);Tag;Klar;North Dakota;Herbst;Kollision;General Switching Rules;Human Factors;EinzelneWagen, Güterzug;7770.354807488019;Nicht Signifikant;False
8440;TC1007119;2007;10;22;80938.0;80938.0;0.0;80938.0;1;0;0;0;0;0;0;0;7.935695149221832;8;1;6;0;0;1;1183.6068802998898;01;7;1;Industriestrecke;H307;48;Moderat (0° bis 19,99° C);Abend;Klar;North Dakota;Herbst;Entgleisung;General Switching Rules;Human Factors;Depot/Rangieren, EinzelneWagen;57135.39460680502;Nicht Signifikant;False
8441;TC1007125;2007;10;29;1514850.0;1514850.0;170000.0;1344850.0;3;2;0;1;0;0;0;1;19.0;13;6;135;0;0;67;6018.0;01;1;4;Hauptstrecke;H306;38;Moderat (0° bis 19,99° C);Abend;Klar;Minnesota;Herbst;Entgleisung;General Switching Rules;Human Factors;Güterzug, Güterzug;1052637.0648321868;Signifikant;False
8442;TC1009100;2009;10;2;8995.0;8995.0;0.0;8995.0;1;0;0;0;0;0;0;0;5.5;1;0;1;0;0;1;215.46381654232488;01;7;1;Depot;M408;48;Moderat (0° bis 19,99° C);Abend;Regen;Minnesota;Herbst;Entgleisung;Unusual Operational Situations;Miscellaneous Causes;Depot/Rangieren, EinzelneWagen;6187.659076838412;Nicht Signifikant;False
8443;TC1012112;2012;10;23;43000.0;43000.0;500.0;42500.0;1;0;0;0;0;0;0;0;7.935695149221832;12;0;2;0;0;0;1495.7618619557495;03;7;1;Depot;S016;62;Moderat (0° bis 19,99° C);Tag;Wolkig;Minnesota;Herbst;Kollision;SIGNAL AND COMMUNICATION;Signal and Communication;Depot/Rangieren, EinzelneWagen;33064.2060745867;Nicht Signifikant;False
8444;TC1014124;2014;10;31;10500.0;10500.0;0.0;10500.0;0;0;0;0;0;0;0;0;14.903185056657339;5;0;6;0;0;0;821.245531094894;03;6;3;Nebenstrecke;H997;20;Kalt (-30° - 0,01° C);Tag;Klar;North Dakota;Herbst;Kollision;Miscellaneous;Human Factors;EinzelneWagen, EinzelneWagen;8383.902906419675;Nicht Signifikant;False
8445;TC1103116;2003;11;25;10700.0;10700.0;1200.0;9500.0;2;0;0;0;0;0;0;0;3.5;0;0;3;0;0;3;165.55928167385701;01;7;1;Industriestrecke;M504;31;Kalt (-30° - 0,01° C);Tag;Wolkig;Minnesota;Herbst;Entgleisung;Other Miscellaneous;Miscellaneous Causes;Depot/Rangieren, EinzelneWagen;9093.999660037396;Nicht Signifikant;False
8446;TC1103123;2003;11;30;25623.0;25623.0;12152.0;13471.0;1;0;0;0;0;0;0;0;1.9635609428485408;21;0;8;0;0;1;2703.737178604413;01;7;1;Depot;H306;30;Kalt (-30° - 0,01° C);Tag;Klar;Minnesota;Herbst;Entgleisung;General Switching Rules;Human Factors;Depot/Rangieren, EinzelneWagen;21333.536856127885;Nicht Signifikant;False
8447;TC1109103;2009;11;7;15600.0;15600.0;12000.0;3600.0;4;0;0;0;0;0;0;0;3.5;28;4;23;0;0;1;4035.171467465303;01;7;1;Depot;M411;45;Moderat (0° bis 19,99° C);Morgendämmerung;Klar;Minnesota;Herbst;Entgleisung;Unusual Operational Situations;Miscellaneous Causes;Depot/Rangieren, Lokomotive;10467.92520354299;Nicht Signifikant;False
8448;TC1114110;2014;11;13;1719594.0;1719594.0;300000.0;1419594.0;4;0;0;0;0;0;0;0;16.5;62;18;124;0;0;12;12964.0;01;1;4;Hauptstrecke;T207;15;Kalt (-30° - 0,01° C);Abenddämmerung;Klar;North Dakota;Herbst;Entgleisung;Rail, Joint Bar and Rail Anchoring;Track, Roadbed and Structures;Güterzug, Güterzug;1380534.6820809247;Signifikant;False
8449;TC1116109;2016;11;18;450500.0;450500.0;0.0;450500.0;2;0;0;0;0;0;0;0;7.935695149221832;6;0;2;0;0;0;3880.336383802324;03;4;4;Hauptstrecke;H997;30;Kalt (-30° - 0,01° C);Tag;Eisregen;Wisconsion;Herbst;Kollision;Miscellaneous;Human Factors;Arbeitszug, Wartungszug;423840.43654153735;Signifikant;False
8450;TC1117106;2017;11;20;60258.0;60258.0;1000.0;59258.0;3;0;0;0;0;0;0;0;5.5;59;0;5;0;0;1;6935.18008008327;04;7;1;Depot;H307;30;Kalt (-30° - 0,01° C);Tag;Klar;Minnesota;Herbst;Kollision;General Switching Rules;Human Factors;Depot/Rangieren, Depot/Rangieren;51148.45938375351;Nicht Signifikant;False
8451;TC1207105;2007;12;3;134522.0;134522.0;36128.0;98394.0;4;1;0;0;0;0;0;0;6.940339448159618;115;3;4;0;0;0;14845.34553346951;04;7;1;Hauptstrecke;H799;32;Moderat (0° bis 19,99° C);Tag;Klar;Iowa;Herbst;Kollision;Switches, Use of;Human Factors;Depot/Rangieren, Güterzug;91723.7147143052;Nicht Signifikant;False
8452;TC1207107;2007;12;10;14218.0;14218.0;0.0;14218.0;0;0;0;0;0;0;0;0;2.958916643910756;1;0;1;0;0;1;215.46381654232488;01;6;1;Depot;H308;17;Kalt (-30° - 0,01° C);Abend;Klar;Minnesota;Herbst;Entgleisung;General Switching Rules;Human Factors;EinzelneWagen, EinzelneWagen;9660.279929338225;Nicht Signifikant;False
8453;TC1213100;2013;12;3;127207.0;127207.0;75000.0;52207.0;2;0;0;0;0;0;0;0;9.926406551346263;30;2;26;0;0;5;4320.727603638786;01;7;1;Depot;T207;32;Moderat (0° bis 19,99° C);Tag;Wolkig;Iowa;Herbst;Entgleisung;Rail, Joint Bar and Rail Anchoring;Track, Roadbed and Structures;Depot/Rangieren, EinzelneWagen;93686.1098836353;Nicht Signifikant;False
8454;TC1213121;2013;12;30;7670196.0;7670196.0;1039168.0;6631028.0;6;2;0;2;0;0;0;0;35.0;218;34;0;0;0;0;28111.0;01;1;4;Hauptstrecke;E51C;-1;Kalt (-30° - 0,01° C);Tag;Wolkig;North Dakota;Winter;Entgleisung;Axles and Journal Bearings;Mechanical and Electrical Failures;Güterzug, Güterzug;5564968.439381847;Schwer;False
8455;TD788;1988;2;18;367600.0;367600.0;43970.0;323630.0;4;0;0;0;0;0;0;0;49.740634593834876;61;9;22;0;0;11;6050.301532234498;01;6;1;Nebenstrecke;E23C;50;Moderat (0° bis 19,99° C);Abenddämmerung;Klar;Virginia;Winter;Entgleisung;Body;Mechanical and Electrical Failures;EinzelneWagen, Güterzug;311816.09975400794;Signifikant;True
8456;TM04012701;2004;1;27;10000.0;10000.0;0.0;10000.0;5;0;0;0;0;0;0;0;1.9635609428485408;0;0;0;0;0;0;69.7799471826711;04;7;3;Depot;H212;55;Moderat (0° bis 19,99° C);Abend;Klar;Texas;Winter;Kollision;Flagging, Fixed, Hand and Radio Signals;Human Factors;Depot/Rangieren, Lokomotive;7989.134776703683;Nicht Signifikant;False
8457;TM04081301;2004;8;13;141800.0;141800.0;21500.0;120300.0;3;0;0;0;0;0;0;0;7.5;82;6;6;0;0;1;10482.0;04;6;2;Nebenstrecke;M502;90;Heiß (>= 32° C);Tag;Klar;Texas;Sommer;Kollision;Other Miscellaneous;Miscellaneous Causes;EinzelneWagen, Güterzug;116048.77649562157;Nicht Signifikant;False
8458;TM06031101;2006;3;11;47454.0;47454.0;0.0;47454.0;7;0;0;0;0;0;0;0;3.0;73;0;15;0;0;0;8600.0;04;7;1;Depot;H399;75;Warm (20° bis 31,99° C);Abend;Klar;Texas;Winter;Kollision;General Switching Rules;Human Factors;Depot/Rangieren, Depot/Rangieren;39810.40268456376;Nicht Signifikant;False
8459;TU0030;1994;1;20;17211.0;17211.0;461.0;16750.0;2;0;0;0;0;0;0;0;4.949628046035187;2;2;0;0;0;0;336.5128782368152;01;7;X;Depot;T307;34;Moderat (0° bis 19,99° C);Tag;Klar;Oklahoma;Winter;Entgleisung;Frogs, Switches and Track Appliances;Track, Roadbed and Structures;Depot/Rangieren, EinzelneWagen;14599.202646534904;Nicht Signifikant;False
8460;TU0043;1993;2;21;791427.0;791427.0;30000.0;377000.0;2;0;0;2;0;0;0;0;39.78707758321272;27;5;17;0;0;4;2827.8899735913355;08;1;4;Hauptstrecke;H204;32;Moderat (0° bis 19,99° C);Abend;Nebel;Oklahoma;Winter;Bahnübergang;Flagging, Fixed, Hand and Radio Signals;Human Factors;Güterzug, NaN;671326.6604461786;Signifikant;False
8461;TU0084;1992;12;17;30200.0;30200.0;1200.0;29000.0;4;0;0;0;0;0;0;0;7.0;38;1;9;0;0;1;4234.889973591336;01;1;1;Industriestrecke;H017;44;Moderat (0° bis 19,99° C);Abend;Klar;Oklahoma;Herbst;Entgleisung;Brakes, Use of;Human Factors;Güterzug, Lokomotive;25617.100687081176;Nicht Signifikant;False
8462;TU0106;1994;4;26;13040.0;13040.0;0.0;13040.0;2;0;0;0;0;0;0;0;3.9542723449729715;15;0;13;0;0;1;2173.4246824838046;01;7;1;Depot;T217;65;Moderat (0° bis 19,99° C);Tag;Klar;Oklahoma;Frühling;Entgleisung;Rail, Joint Bar and Rail Anchoring;Track, Roadbed and Structures;Depot/Rangieren, EinzelneWagen;11061.158707269487;Nicht Signifikant;False
8463;TU0114;1995;5;16;9213.0;9213.0;175.0;9038.0;2;0;0;0;0;0;0;0;3.5;3;0;35;0;0;1;1478.156612774448;01;7;1;Depot;M408;65;Moderat (0° bis 19,99° C);Abend;Klar;Oklahoma;Frühling;Entgleisung;Unusual Operational Situations;Miscellaneous Causes;Depot/Rangieren, EinzelneWagen;7814.912206294002;Nicht Signifikant;False
8464;TU0175;1994;7;6;11000.0;11000.0;0.0;11000.0;2;0;0;1;0;0;0;0;6.5;4;1;5;0;0;1;698.1307719718675;01;7;1;Depot;M408;79;Warm (20° bis 31,99° C);Abend;Wolkig;Oklahoma;Sommer;Entgleisung;Unusual Operational Situations;Miscellaneous Causes;Depot/Rangieren, EinzelneWagen;9330.732038340826;Signifikant;False