index;INCDTNO;YEAR4;MONTH;DAY;ACCDMG;INFRASTRUCTURE_DMG;TRKDMG;EQPDMG;LOCOMOTIVES1;LOCOMOTIVES2;RREMPKLD;RREMPINJ;PASSKLD;PASSINJ;OTHERKLD;OTHERINJ;SPEED;LOADF1;LOADF2;EMPTYF1;EMPTYP1;LOADP1;EMPTYF2;TONS;TYPE;TYPEQ;TRKCLAS;TYPTRK;ACCAUSE;TEMP;TEMP_CLUSTER;VISIBLTY;WEATHER;STATE;Jahreszeit;ACCIDENT_TYPE;ACCCAUSE_LVL1;ACCCAUSE_LVL2;EQUIPMENT_TYPE;ACCDMG_EUR;ACCTYPE;SPD_TOO_HIGH
8465;TU0202;1994;8;6;33600.0;33600.0;2500.0;31100.0;2;0;0;2;0;0;0;0;8.931050850284048;48;0;32;0;0;8;6516.261728293963;01;7;1;Depot;H313;70;Warm (20° bis 31,99° C);Abend;Klar;Oklahoma;Sommer;Entgleisung;General Switching Rules;Human Factors;Depot/Rangieren, EinzelneWagen;28501.145135295614;Signifikant;False
8466;TU0215;1995;8;29;14095.0;14095.0;1200.0;12895.0;1;0;0;0;0;0;0;0;4.0;0;0;27;0;0;1;893.3130574987653;01;7;1;Depot;H018;80;Warm (20° bis 31,99° C);Abend;Klar;Oklahoma;Sommer;Entgleisung;Brakes, Use of;Human Factors;Depot/Rangieren, EinzelneWagen;11956.060734583085;Nicht Signifikant;False
8467;TU107;1987;2;24;26500.0;26500.0;0.0;26500.0;1;0;0;0;0;0;0;0;1.5;7;1;1;0;0;0;809.528712706183;04;6;1;Nebenstrecke;H021;44;Moderat (0° bis 19,99° C);Abend;Regen;Texas;Winter;Kollision;Brakes, Use of;Human Factors;EinzelneWagen, Güterzug;22478.581728730172;Nicht Signifikant;False
8468;TU249;1988;4;23;100000.0;100000.0;0.0;100000.0;1;0;0;0;0;0;0;0;2.958916643910756;0;0;25;0;0;3;816.9076654902312;09;5;1;Depot;H305;75;Warm (20° bis 31,99° C);Abend;Klar;Texas;Frühling;Kollision;General Switching Rules;Human Factors;EinzelneWagen, Güterzug;84824.83671218932;Nicht Signifikant;False
8469;TU253;1988;4;25;14400.0;14400.0;400.0;14000.0;2;0;0;0;0;0;0;0;4.949628046035187;16;0;4;0;0;3;1520.6693080825214;04;6;1;Depot;H302;55;Moderat (0° bis 19,99° C);Abend;Klar;Oklahoma;Frühling;Kollision;General Switching Rules;Human Factors;EinzelneWagen, Güterzug;12214.776486555264;Nicht Signifikant;False
8470;TU262;1986;7;2;149000.0;149000.0;0.0;149000.0;5;0;0;0;0;0;0;0;37.79636618108829;36;1;65;0;0;0;5557.256439118408;09;5;3;Hauptstrecke;H406;90;Heiß (>= 32° C);Tag;Klar;Oklahoma;Sommer;Kollision;Main Track Authority;Human Factors;EinzelneWagen, Güterzug;126389.0067011621;Nicht Signifikant;False
8471;TU327;1987;6;9;97500.0;97500.0;0.0;97500.0;6;0;1;2;0;0;0;0;47.749923191710444;6;0;45;0;0;0;2249.8899735913355;02;1;1;Nebenstrecke;H702;70;Warm (20° bis 31,99° C);Abend;Wolkig;Texas;Frühling;Kollision;Switches, Use of;Human Factors;Güterzug, Lokomotive;82704.2157943846;Schwer;True
8472;TU39;1987;1;16;13200.0;13200.0;0.0;13200.0;2;0;0;0;0;0;0;0;4.0;7;0;0;0;0;0;737.4048226498525;04;6;2;Industriestrecke;H025;25;Kalt (-30° - 0,01° C);Abenddämmerung;Wolkig;Texas;Winter;Kollision;Brakes, Use of;Human Factors;EinzelneWagen, Güterzug;11196.87844600899;Nicht Signifikant;False
8473;TU402;1986;8;13;6900.0;6900.0;0.0;6900.0;2;0;0;0;0;0;0;0;3.9542723449729715;9;0;11;0;0;0;1428.50728026687;04;7;1;Depot;T306;95;Heiß (>= 32° C);Tag;Klar;Oklahoma;Sommer;Kollision;Frogs, Switches and Track Appliances;Track, Roadbed and Structures;Depot/Rangieren, EinzelneWagen;5852.913733141064;Nicht Signifikant;False
8474;TU432;1985;11;1;40300.0;40300.0;1000.0;39300.0;4;0;0;0;0;0;0;0;8.0;110;6;82;0;0;2;15200.316597927851;01;7;2;Depot;H702;47;Moderat (0° bis 19,99° C);Abend;Klar;Oklahoma;Herbst;Entgleisung;Switches, Use of;Human Factors;Depot/Rangieren, Depot/Rangieren;34184.4091950123;Nicht Signifikant;False
8475;TU450;1987;7;16;28000.0;28000.0;0.0;28000.0;5;0;0;2;0;0;0;0;24.856742067279495;83;1;2;0;0;0;10891.0;03;1;1;Depot;H603;77;Warm (20° bis 31,99° C);Abend;Klar;Texas;Sommer;Kollision;Speed;Human Factors;Güterzug, Güterzug;23750.95427941301;Signifikant;True
8476;TU509;1986;9;23;8000.0;8000.0;0.0;8000.0;0;0;0;1;0;0;0;0;9.926406551346263;0;0;2;0;0;0;130.67276760464793;09;5;3;Hauptstrecke;H402;89;Warm (20° bis 31,99° C);Tag;Klar;Texas;Herbst;Kollision;Main Track Authority;Human Factors;EinzelneWagen, EinzelneWagen;6785.986936975146;Signifikant;False
8477;TX0102108;2002;1;27;48210.0;48210.0;30000.0;18210.0;2;0;0;0;0;0;0;0;8.931050850284048;36;4;12;0;0;0;3211.256439118408;01;5;1;Depot;M405;65;Moderat (0° bis 19,99° C);Tag;Klar;Texas;Winter;Entgleisung;Unusual Operational Situations;Miscellaneous Causes;EinzelneWagen, Güterzug;56016.88678879895;Nicht Signifikant;False
8478;TX0104107;2004;1;17;10490.0;10490.0;0.0;10490.0;2;0;0;0;0;0;0;0;5.0;5;0;16;0;0;0;1125.7096332047781;04;7;1;Depot;M105;62;Moderat (0° bis 19,99° C);Tag;Wolkig;Texas;Winter;Kollision;Environmental Conditions;Environmental Conditions;Depot/Rangieren, EinzelneWagen;8423.673010519553;Nicht Signifikant;False
8479;TX0107101;2007;1;15;36706.0;36706.0;3000.0;33706.0;2;0;0;0;0;0;0;0;3.9542723449729715;2;0;13;0;0;2;696.0581982228513;01;7;1;Depot;H307;25;Kalt (-30° - 0,01° C);Abend;Eisregen;Texas;Winter;Entgleisung;General Switching Rules;Human Factors;Depot/Rangieren, EinzelneWagen;28364.114056100763;Nicht Signifikant;False
8480;TX0108106;2008;1;20;109592.0;109592.0;31500.0;78092.0;2;0;0;0;0;0;0;0;4.949628046035187;84;4;11;0;0;1;10040.230318571917;01;7;1;Depot;T221;45;Moderat (0° bis 19,99° C);Abend;Klar;Texas;Winter;Entgleisung;Rail, Joint Bar and Rail Anchoring;Track, Roadbed and Structures;Depot/Rangieren, EinzelneWagen;75341.67468719924;Nicht Signifikant;False
8481;TX0113109;2013;1;16;31400.0;31400.0;24600.0;6800.0;2;0;0;0;0;0;0;0;3.9542723449729715;17;2;10;0;0;1;2451.8164184217308;01;5;1;Depot;H307;46;Moderat (0° bis 19,99° C);Tag;Klar;Texas;Winter;Entgleisung;General Switching Rules;Human Factors;EinzelneWagen, Güterzug;23649.92091586955;Nicht Signifikant;False
8482;TX0202101;2002;2;6;14911.0;14911.0;500.0;14411.0;4;0;0;0;0;0;0;0;6.0;1;1;3;0;0;3;298.9257472009291;01;7;2;Depot;H018;30;Kalt (-30° - 0,01° C);Abend;Wolkig;Texas;Winter;Entgleisung;Brakes, Use of;Human Factors;Depot/Rangieren, Depot/Rangieren;17210.295475530933;Nicht Signifikant;False
8483;TX0303111;2003;3;11;10124.0;10124.0;0.0;10124.0;1;0;0;0;0;0;0;0;2.958916643910756;45;1;0;0;0;0;5208.473091997115;01;7;1;Depot;H021;60;Moderat (0° bis 19,99° C);Tag;Klar;Texas;Winter;Entgleisung;Brakes, Use of;Human Factors;Depot/Rangieren, EinzelneWagen;9137.184115523465;Nicht Signifikant;False
8484;TX0310102;2010;3;5;69591.0;69591.0;28842.0;40749.0;3;3;0;1;0;0;0;0;3.0;38;0;16;0;0;0;4879.704642670308;01;7;1;Depot;H306;45;Moderat (0° bis 19,99° C);Abend;Klar;Oklahoma;Winter;Entgleisung;General Switching Rules;Human Factors;Depot/Rangieren, Depot/Rangieren;51237.6675011044;Signifikant;False
8485;TX0397107;1997;3;28;33860.0;33860.0;12000.0;21860.0;2;0;0;0;0;0;0;0;3.9542723449729715;40;5;5;0;0;2;5429.812492130346;01;6;1;Depot;T220;60;Moderat (0° bis 19,99° C);Abenddämmerung;Klar;Texas;Frühling;Entgleisung;Rail, Joint Bar and Rail Anchoring;Track, Roadbed and Structures;EinzelneWagen, Güterzug;28721.689710747305;Nicht Signifikant;False
8486;TX0408103;2008;4;5;27874.0;27874.0;0.0;27874.0;6;0;0;0;0;0;0;0;4.5;27;0;8;0;0;0;3490.112982032817;04;7;1;Depot;H302;72;Warm (20° bis 31,99° C);Tag;Klar;Texas;Frühling;Kollision;General Switching Rules;Human Factors;Depot/Rangieren, Güterzug;17740.204085962192;Nicht Signifikant;False
8487;TX0413105;2013;4;18;138400.0;138400.0;107200.0;31200.0;5;3;0;0;0;0;0;0;5.5;119;1;63;0;0;0;16501.90687883418;04;7;1;Depot;H211;45;Moderat (0° bis 19,99° C);Abend;Klar;Oklahoma;Frühling;Kollision;Flagging, Fixed, Hand and Radio Signals;Human Factors;Depot/Rangieren, Güterzug;106094.2889996167;Nicht Signifikant;False
8488;TX0502117;2002;5;28;6749340.0;6749340.0;331189.0;6418150.0;5;4;1;3;0;0;0;0;34.5;193;27;0;0;0;0;21028.0;02;1;4;Hauptstrecke;H499;57;Moderat (0° bis 19,99° C);Tag;Wolkig;Texas;Frühling;Kollision;Main Track Authority;Human Factors;Güterzug, Güterzug;7292641.8152350085;Schwer;False
8489;TX0504108;2004;5;19;2065780.0;2065780.0;50000.0;2015788.0;7;4;1;4;0;0;0;0;37.0;72;24;66;0;0;7;11156.0;02;1;4;Hauptstrecke;H404;88;Warm (20° bis 31,99° C);Tag;Wolkig;Texas;Frühling;Kollision;Main Track Authority;Human Factors;Güterzug, Güterzug;1723062.807573609;Schwer;False
8490;TX0504112;2004;5;28;14461.0;14461.0;0.0;14461.0;2;0;0;0;0;0;0;0;9.901875401795017;67;3;27;0;0;0;9018.959288447804;01;6;1;Depot;H306;91;Heiß (>= 32° C);Tag;Klar;Texas;Frühling;Entgleisung;General Switching Rules;Human Factors;EinzelneWagen, EinzelneWagen, Güterzug;11808.753878817573;Nicht Signifikant;False
8491;TX0506110;2006;5;31;23875.0;23875.0;1200.0;22675.0;1;0;0;0;0;0;0;0;2.958916643910756;0;0;5;0;0;2;224.97206747642696;01;7;1;Depot;H318;70;Warm (20° bis 31,99° C);Abend;Regen;Kansas;Frühling;Entgleisung;General Switching Rules;Human Factors;Depot/Rangieren, EinzelneWagen;18553.776810693194;Nicht Signifikant;False
8492;TX0511113;2011;5;24;62493.0;62493.0;0.0;62493.0;0;0;0;0;0;0;0;0;0.0;0;0;42;0;0;2;1351.4892452829986;01;6;1;Depot;M105;81;Warm (20° bis 31,99° C);Abenddämmerung;Regen;Oklahoma;Frühling;Entgleisung;Environmental Conditions;Environmental Conditions;EinzelneWagen, EinzelneWagen;44355.88047412875;Nicht Signifikant;False
8493;TX0599117;1999;5;28;26305.0;26305.0;18000.0;8305.0;3;0;0;0;0;0;0;0;7.935695149221832;58;9;33;0;0;0;8389.782794013312;01;6;1;Depot;M201;78;Warm (20° bis 31,99° C);Abenddämmerung;Klar;Texas;Frühling;Entgleisung;Loading Procedures;Loading;EinzelneWagen, Güterzug;25102.586124630212;Nicht Signifikant;False
8494;TX0603101;2003;6;12;18614.0;18614.0;500.0;18114.0;3;0;0;0;0;0;0;0;4.949628046035187;4;1;104;0;0;1;2309.528712706183;01;7;1;Nebenstrecke;H020;87;Warm (20° bis 31,99° C);Tag;Klar;Texas;Frühling;Entgleisung;Brakes, Use of;Human Factors;Depot/Rangieren, Güterzug;15863.303221407874;Nicht Signifikant;False
8495;TX0604101;2004;6;3;63477.0;63477.0;0.0;63477.0;2;0;0;0;0;0;0;0;6.940339448159618;9;1;0;0;0;0;1208.2564391184076;01;5;1;Depot;H306;82;Warm (20° bis 31,99° C);Tag;Klar;Oklahoma;Frühling;Entgleisung;General Switching Rules;Human Factors;EinzelneWagen, Güterzug;51919.67937183053;Nicht Signifikant;False
8496;TX0609106;2009;6;13;64339.0;64339.0;3000.0;61339.0;4;0;0;0;0;0;0;0;9.926406551346263;34;6;1;0;0;0;2144.0;01;1;1;Depot;E65C;75;Warm (20° bis 31,99° C);Abend;Klar;Texas;Frühling;Entgleisung;Wheels;Mechanical and Electrical Failures;Güterzug, Güterzug;46112.33217067226;Nicht Signifikant;False
8497;TX0610100;2010;6;4;204193.0;204193.0;155000.0;49193.0;4;0;0;0;0;0;0;0;7.935695149221832;34;5;19;0;0;0;4614.0593801753075;01;7;1;Depot;T207;94;Heiß (>= 32° C);Tag;Klar;Texas;Frühling;Entgleisung;Rail, Joint Bar and Rail Anchoring;Track, Roadbed and Structures;Depot/Rangieren, Depot/Rangieren;169314.26202321725;Signifikant;False
8498;TX0610104;2010;6;11;60253.0;60253.0;26000.0;34253.0;4;0;0;1;0;0;0;0;11.917117953470694;62;4;100;0;0;1;10842.364661015716;04;7;2;Hauptstrecke;H306;78;Warm (20° bis 31,99° C);Abend;Klar;Texas;Frühling;Kollision;General Switching Rules;Human Factors;Depot/Rangieren, Güterzug;49685.00041230313;Signifikant;False
8499;TX0613101;2013;6;11;10653.0;10653.0;0.0;10653.0;1;0;0;0;0;0;0;0;3.5;2;0;7;0;0;1;511.8997023375139;04;7;4;Hauptstrecke;M105;98;Heiß (>= 32° C);Tag;Klar;Texas;Frühling;Kollision;Environmental Conditions;Environmental Conditions;Depot/Rangieren, EinzelneWagen;8026.067957507723;Nicht Signifikant;False
8500;TX0614111;2014;6;17;33625.0;33625.0;0.0;33625.0;2;0;0;0;0;0;0;0;3.9542723449729715;59;0;43;0;0;0;8090.663633481423;04;7;1;Depot;H307;85;Warm (20° bis 31,99° C);Abend;Klar;Texas;Frühling;Kollision;General Switching Rules;Human Factors;Depot/Rangieren, EinzelneWagen;24782.576650943396;Nicht Signifikant;False
8501;TX0697117;1997;6;27;47950.0;47950.0;15000.0;32950.0;8;0;0;0;0;0;0;0;8.931050850284048;80;6;41;0;0;6;11100.0;01;1;4;Hauptstrecke;H503;83;Warm (20° bis 31,99° C);Tag;Wolkig;Texas;Sommer;Entgleisung;Train Handling/Train Makeup;Human Factors;Güterzug, Güterzug;40673.50920349478;Nicht Signifikant;False
8502;TX0702112;2002;7;30;104484.0;104484.0;0.0;104484.0;4;0;0;0;0;0;0;0;4.5;19;1;31;0;0;4;3200.5389092546643;04;7;1;Depot;H702;85;Warm (20° bis 31,99° C);Abend;Klar;Texas;Sommer;Kollision;Switches, Use of;Human Factors;Depot/Rangieren, Depot/Rangieren;106236.90899847483;Nicht Signifikant;False
8503;TX0703103;2003;7;19;8454.0;8454.0;1200.0;7254.0;3;0;0;0;0;0;0;0;2.958916643910756;55;1;120;0;0;0;10748.0;01;1;1;Depot;H306;85;Warm (20° bis 31,99° C);Abend;Klar;Texas;Sommer;Entgleisung;General Switching Rules;Human Factors;Güterzug, Güterzug;7527.156170238025;Nicht Signifikant;False
8504;TX0707115;2007;7;22;54814.0;54814.0;15500.0;39314.0;2;0;0;0;0;0;0;0;3.9542723449729715;2;0;9;0;0;5;578.7126612371183;01;7;1;Depot;H306;85;Warm (20° bis 31,99° C);Tag;Klar;Texas;Sommer;Entgleisung;General Switching Rules;Human Factors;Depot/Rangieren, EinzelneWagen;39677.162504524065;Nicht Signifikant;False
8505;TX0708115;2008;7;25;81061.0;81061.0;750.0;80311.0;6;0;0;0;0;0;0;0;1.9635609428485408;64;1;77;0;0;0;6949.603925708782;04;7;1;Depot;H306;100;Heiß (>= 32° C);Tag;Klar;Texas;Sommer;Kollision;General Switching Rules;Human Factors;Depot/Rangieren, Güterzug;51519.63899834753;Nicht Signifikant;False
8506;TX0802100;2002;8;5;32193.0;32193.0;200.0;31993.0;4;0;0;1;0;0;0;0;3.5;8;1;27;0;0;0;1821.5014601112398;04;7;1;Depot;H702;85;Warm (20° bis 31,99° C);Abend;Klar;Texas;Sommer;Kollision;Switches, Use of;Human Factors;Depot/Rangieren, Depot/Rangieren;32729.768198454654;Signifikant;False
8507;TX0808109;2008;8;18;283854.0;283854.0;50000.0;233854.0;2;0;0;0;0;0;0;0;7.935695149221832;49;5;1;0;0;0;6457.256439118408;01;5;1;Depot;H306;73;Warm (20° bis 31,99° C);Abend;Regen;Texas;Sommer;Entgleisung;General Switching Rules;Human Factors;EinzelneWagen, Güterzug;193045.42981501634;Signifikant;False
8508;TX0897117;1997;8;29;527800.0;527800.0;52000.0;475800.0;5;0;0;0;0;0;0;0;15.898540757719555;106;12;77;0;0;5;15807.0;01;1;2;Hauptstrecke;T311;97;Heiß (>= 32° C);Tag;Klar;Texas;Sommer;Entgleisung;Frogs, Switches and Track Appliances;Track, Roadbed and Structures;Güterzug, Güterzug;447705.4881669353;Signifikant;False
8509;TX0900102;2000;9;4;7887.0;7887.0;2500.0;5387.0;2;0;0;0;0;0;0;0;4.949628046035187;10;1;6;0;0;0;1409.6416947389998;01;7;1;Depot;H021;105;Heiß (>= 32° C);Tag;Klar;Texas;Sommer;Entgleisung;Brakes, Use of;Human Factors;Depot/Rangieren, EinzelneWagen;8763.333333333334;Nicht Signifikant;False
8510;TX0906104;2006;9;15;8145.0;8145.0;0.0;8145.0;3;0;0;0;0;0;0;0;2.945222191881008;28;0;23;0;0;1;3991.625277065384;01;7;2;Depot;H306;71;Warm (20° bis 31,99° C);Abend;Klar;Oklahoma;Sommer;Entgleisung;General Switching Rules;Human Factors;Depot/Rangieren, EinzelneWagen, Lokomotive;6426.03550295858;Nicht Signifikant;False
8511;TX0906111;2006;9;28;86379.0;86379.0;0.0;33379.0;3;1;0;0;0;0;0;0;9.926406551346263;4;1;45;0;0;2;1917.4672150308113;01;7;1;Depot;H307;63;Moderat (0° bis 19,99° C);Tag;Klar;Oklahoma;Herbst;Entgleisung;General Switching Rules;Human Factors;Depot/Rangieren, EinzelneWagen;67945.41021002123;Nicht Signifikant;False
8512;TX0909113;2009;9;29;24232.0;24232.0;16850.0;7382.0;2;0;0;0;0;0;0;0;5.5;11;2;1;0;0;0;885.336383802324;01;5;1;Depot;H607;73;Warm (20° bis 31,99° C);Abend;Klar;Texas;Herbst;Entgleisung;Speed;Human Factors;EinzelneWagen, Güterzug;16655.440236442366;Nicht Signifikant;False
8513;TX0914104;2014;9;22;43435.0;43435.0;0.0;43435.0;2;0;0;0;0;0;0;0;6.0;51;0;1;0;0;0;5352.336383802324;05;5;1;Depot;H022;75;Warm (20° bis 31,99° C);Tag;Klar;Texas;Sommer;Kollision;Brakes, Use of;Human Factors;EinzelneWagen, Güterzug;33814.71389645777;Nicht Signifikant;False
8514;TX1004106;2004;10;17;54132.0;54132.0;1500.0;52632.0;4;0;0;0;0;0;0;0;2.0;39;2;45;0;0;2;5918.586114552671;05;7;1;Depot;H306;60;Moderat (0° bis 19,99° C);Abenddämmerung;Klar;Texas;Herbst;Kollision;General Switching Rules;Human Factors;Depot/Rangieren, Depot/Rangieren;43465.55323590814;Nicht Signifikant;False
8515;TX1006112;2006;10;24;14156.0;14156.0;0.0;14156.0;3;0;0;0;0;0;0;0;4.949628046035187;2;0;0;0;0;0;297.294796241188;09;7;1;Depot;H318;50;Moderat (0° bis 19,99° C);Abend;Klar;Texas;Herbst;Kollision;General Switching Rules;Human Factors;Depot/Rangieren, EinzelneWagen;11287.776094410334;Nicht Signifikant;False
8516;TX1012102;2012;10;14;20000.0;20000.0;1500.0;18500.0;2;0;0;0;0;0;0;0;9.926406551346263;35;3;37;0;0;0;5236.63410650673;01;7;1;Depot;T201;60;Moderat (0° bis 19,99° C);Morgendämmerung;Klar;Texas;Herbst;Entgleisung;Rail, Joint Bar and Rail Anchoring;Track, Roadbed and Structures;Depot/Rangieren, EinzelneWagen;15419.407894736843;Nicht Signifikant;False
8517;TX1013101;2013;10;6;105888.0;105888.0;16000.0;89888.0;6;0;0;0;0;0;0;0;6.940339448159618;74;6;50;0;0;0;10127.804118884102;04;7;1;Depot;H525;65;Moderat (0° bis 19,99° C);Abenddämmerung;Klar;Oklahoma;Herbst;Kollision;Train Handling/Train Makeup;Human Factors;Depot/Rangieren, Depot/Rangieren;77979.23263863318;Nicht Signifikant;False
8518;TX1100102;2000;11;7;15983.0;15983.0;500.0;15483.0;3;0;0;0;0;0;0;0;20.5;34;1;53;0;0;0;5652.256439118408;04;5;4;Industriestrecke;M504;40;Moderat (0° bis 19,99° C);Tag;Klar;Oklahoma;Herbst;Kollision;Other Miscellaneous;Miscellaneous Causes;EinzelneWagen, Güterzug;18613.019680913007;Nicht Signifikant;False
8519;TX1104108;2004;11;28;14000.0;14000.0;0.0;14000.0;3;0;0;0;0;0;0;0;4.5;30;0;26;0;0;2;4277.069417784938;01;7;1;Depot;H021;50;Moderat (0° bis 19,99° C);Abend;Regen;Texas;Herbst;Entgleisung;Brakes, Use of;Human Factors;Depot/Rangieren, Depot/Rangieren;10570.824524312897;Nicht Signifikant;False
8520;TX1107109;2007;11;28;78180.0;78180.0;2000.0;76180.0;2;0;0;0;0;0;0;0;5.944983747097401;4;2;0;0;0;0;517.2564391184076;01;5;1;Nebenstrecke;H602;67;Moderat (0° bis 19,99° C);Tag;Klar;Texas;Herbst;Entgleisung;Speed;Human Factors;EinzelneWagen, Güterzug;53014.17237404218;Nicht Signifikant;False
8521;TX1196103;1996;11;10;7500.0;7500.0;500.0;7000.0;3;0;0;0;0;0;0;0;7.935695149221832;34;2;21;0;0;0;6857.380329174738;01;6;1;Nebenstrecke;H306;60;Moderat (0° bis 19,99° C);Abend;Wolkig;Texas;Herbst;Entgleisung;General Switching Rules;Human Factors;EinzelneWagen, Güterzug;6361.8627534142;Nicht Signifikant;False
8522;TX1197102;1997;11;3;499500.0;499500.0;27500.0;472000.0;7;4;0;2;0;0;0;0;19.879963561968417;51;0;127;0;0;9;8871.0;03;1;4;Hauptstrecke;H204;60;Moderat (0° bis 19,99° C);Tag;Klar;Texas;Herbst;Kollision;Flagging, Fixed, Hand and Radio Signals;Human Factors;Güterzug, Güterzug;423700.05937738565;Signifikant;False
8523;TX1197105;1997;11;8;32333.0;32333.0;25000.0;7333.0;2;0;0;0;0;0;0;0;7.935695149221832;5;2;16;0;0;0;5266.336383802324;01;5;1;Depot;T316;65;Moderat (0° bis 19,99° C);Tag;Klar;Texas;Herbst;Entgleisung;Frogs, Switches and Track Appliances;Track, Roadbed and Structures;EinzelneWagen, Güterzug;27426.414454152175;Nicht Signifikant;False
8524;TX1200116;2000;12;21;61765.0;61765.0;0.0;61765.0;5;2;0;4;0;0;0;0;17.889252159843984;42;0;128;0;0;0;6503.0;02;1;4;Hauptstrecke;H215;40;Moderat (0° bis 19,99° C);Tag;Klar;Texas;Winter;Kollision;Flagging, Fixed, Hand and Radio Signals;Human Factors;Güterzug, Güterzug;67532.25453750274;Signifikant;False
8525;TX1203115;2003;12;29;370707.0;370707.0;36100.0;334607.0;6;3;0;0;0;0;0;0;9.0;125;4;45;0;0;0;17775.077936720754;04;1;4;Hauptstrecke;H220;29;Kalt (-30° - 0,01° C);Abend;Klar;Oklahoma;Winter;Kollision;Flagging, Fixed, Hand and Radio Signals;Human Factors;Güterzug, Güterzug;296589.3271461717;Signifikant;False
8526;TX1205107;2005;12;19;10200.0;10200.0;200.0;10000.0;4;1;0;0;0;0;0;0;3.9542723449729715;0;0;0;0;0;0;69.7799471826711;04;8;1;Depot;H399;36;Moderat (0° bis 19,99° C);Morgendämmerung;Wolkig;Texas;Herbst;Kollision;General Switching Rules;Human Factors;Lokomotive, Lokomotive;8516.32295232529;Nicht Signifikant;False
8527;TX1206110;2006;12;24;26500.0;26500.0;0.0;26500.0;2;0;0;0;0;0;0;0;5.944983747097401;78;1;47;0;0;0;10393.449381379101;01;7;1;Depot;H306;44;Moderat (0° bis 19,99° C);Tag;Klar;Oklahoma;Winter;Entgleisung;General Switching Rules;Human Factors;Depot/Rangieren, EinzelneWagen;20108.052326463716;Nicht Signifikant;False
8528;TX1208111;2008;12;20;41656.0;41656.0;100.0;41556.0;4;0;0;0;0;0;0;0;4.5;2;0;31;0;0;0;1241.133512781829;05;7;1;Depot;H306;33;Moderat (0° bis 19,99° C);Abend;Klar;Oklahoma;Herbst;Kollision;General Switching Rules;Human Factors;Depot/Rangieren, Depot/Rangieren;29860.931899641582;Nicht Signifikant;False
8529;TZP305CO;2005;3;21;40000.0;40000.0;5000.0;35000.0;2;0;0;0;0;0;0;0;5.5;61;3;7;0;0;1;8141.0;04;7;1;Depot;H306;35;Moderat (0° bis 19,99° C);Abend;Klar;Illinois;Frühling;Kollision;General Switching Rules;Human Factors;Depot/Rangieren, Depot/Rangieren;30305.326161072808;Nicht Signifikant;False
8530;U0036;1996;2;2;10900.0;10900.0;0.0;10900.0;2;0;0;0;0;0;0;0;19.879963561968417;61;0;21;0;0;0;6857.647398120594;09;5;4;Hauptstrecke;H402;35;Moderat (0° bis 19,99° C);Tag;Klar;Nevada;Winter;Kollision;Main Track Authority;Human Factors;EinzelneWagen, Güterzug;9245.907201628637;Nicht Signifikant;False
8531;U0123;1993;2;26;2039130.0;2039130.0;290000.0;1749130.0;9;0;0;2;0;0;0;0;48.74527889277266;61;33;126;0;0;8;11003.0;03;1;4;Hauptstrecke;H401;15;Kalt (-30° - 0,01° C);Abend;Nebel;Utah;Winter;Kollision;Main Track Authority;Human Factors;Güterzug, Güterzug;1729688.692849266;Signifikant;False
8532;U1147;1987;4;2;61050.0;61050.0;8000.0;53050.0;4;0;0;0;0;0;0;0;4.949628046035187;114;4;99;0;0;13;16647.755727410673;01;6;1;Depot;T220;50;Moderat (0° bis 19,99° C);Abend;Klar;Texas;Frühling;Entgleisung;Rail, Joint Bar and Rail Anchoring;Track, Roadbed and Structures;EinzelneWagen, Güterzug;51785.562812791584;Nicht Signifikant;False
8533;U2436;1986;6;13;17000.0;17000.0;0.0;17000.0;2;0;0;0;0;0;0;0;3.9542723449729715;41;0;33;0;0;0;5738.5658898448855;03;4;1;Depot;H999;83;Warm (20° bis 31,99° C);Tag;Klar;Texas;Frühling;Kollision;Miscellaneous;Human Factors;Arbeitszug, EinzelneWagen;14420.222241072186;Nicht Signifikant;False
8534;U3816;1986;10;2;12062.0;12062.0;0.0;12062.0;2;0;0;0;0;0;0;0;19.879963561968417;0;0;0;0;0;0;69.7799471826711;03;4;5;Hauptstrecke;H699;80;Warm (20° bis 31,99° C);Tag;Wolkig;Texas;Herbst;Kollision;Speed;Human Factors;Arbeitszug, Arbeitszug;10231.571804224277;Nicht Signifikant;False
8535;V0934;1994;7;14;30000.0;30000.0;0.0;30000.0;3;0;0;0;0;0;0;0;52.726701697021525;24;0;1;0;0;0;3252.336383802324;09;5;4;Hauptstrecke;H402;79;Warm (20° bis 31,99° C);Tag;Wolkig;Texas;Sommer;Kollision;Main Track Authority;Human Factors;EinzelneWagen, Güterzug;25447.4510136568;Nicht Signifikant;False
8536;V1316;1996;10;26;22490.0;22490.0;0.0;22490.0;8;0;0;0;0;0;0;0;20.5;73;0;105;0;0;1;12529.0;04;1;4;Nebenstrecke;H306;85;Warm (20° bis 31,99° C);Tag;Wolkig;Texas;Herbst;Kollision;General Switching Rules;Human Factors;Güterzug, Güterzug;19077.105776571378;Nicht Signifikant;False
8537;V9640;1990;12;27;6000.0;6000.0;0.0;6000.0;2;0;0;3;0;0;0;0;3.0;0;0;0;0;0;0;69.7799471826711;02;8;1;Depot;H702;30;Kalt (-30° - 0,01° C);Abend;Klar;Kalifornien;Winter;Kollision;Switches, Use of;Human Factors;Lokomotive, Lokomotive;5089.490202731359;Signifikant;False