index;INCDTNO;YEAR4;MONTH;DAY;ACCDMG;INFRASTRUCTURE_DMG;TRKDMG;EQPDMG;LOCOMOTIVES1;LOCOMOTIVES2;RREMPKLD;RREMPINJ;PASSKLD;PASSINJ;OTHERKLD;OTHERINJ;SPEED;LOADF1;LOADF2;EMPTYF1;EMPTYP1;LOADP1;EMPTYF2;TONS;TYPE;TYPEQ;TRKCLAS;TYPTRK;ACCAUSE;TEMP;TEMP_CLUSTER;VISIBLTY;WEATHER;STATE;Jahreszeit;ACCIDENT_TYPE;ACCCAUSE_LVL1;ACCCAUSE_LVL2;EQUIPMENT_TYPE;ACCDMG_EUR;ACCTYPE;SPD_TOO_HIGH
8538;W0205;1995;2;8;103345.0;103345.0;7000.0;96345.0;5;1;0;0;0;0;0;0;4.949628046035187;20;3;0;0;0;0;4447.989370172551;04;7;1;Hauptstrecke;H306;30;Kalt (-30° - 0,01° C);Abend;Klar;Arkansas;Winter;Kollision;General Switching Rules;Human Factors;Depot/Rangieren, Güterzug;87662.22750021206;Nicht Signifikant;False
8539;W0211D;2010;2;11;76000.0;76000.0;0.0;76000.0;4;0;0;0;0;0;0;0;3.9542723449729715;15;0;1;0;0;1;1808.0677599519433;05;7;1;Depot;H021;32;Moderat (0° bis 19,99° C);Abend;Wolkig;Texas;Winter;Kollision;Brakes, Use of;Human Factors;Depot/Rangieren, Depot/Rangieren;55401.6620498615;Nicht Signifikant;False
8540;W0453;1993;3;10;85000.0;85000.0;0.0;85000.0;4;2;0;0;0;0;0;0;2.5;63;0;6;0;0;0;8133.0;04;7;1;Depot;H313;50;Moderat (0° bis 19,99° C);Tag;Klar;Arkansas;Winter;Kollision;General Switching Rules;Human Factors;Depot/Rangieren, Güterzug;72101.11120536092;Nicht Signifikant;False
8541;W1245;1995;8;16;57000.0;57000.0;2500.0;54500.0;4;0;0;0;0;0;0;0;3.0;64;9;45;0;0;0;7952.0;04;7;1;Depot;H306;93;Heiß (>= 32° C);Abend;Klar;Arkansas;Sommer;Kollision;General Switching Rules;Human Factors;Depot/Rangieren, Depot/Rangieren;48350.156925947915;Nicht Signifikant;False
8542;W1456;1996;11;3;36000.0;36000.0;1500.0;34500.0;2;1;0;0;0;0;0;0;2.5;2;2;1;0;0;1;1996.0;04;7;1;Depot;H699;45;Moderat (0° bis 19,99° C);Abend;Klar;Arkansas;Herbst;Kollision;Speed;Human Factors;Depot/Rangieren, Depot/Rangieren;30536.941216388157;Nicht Signifikant;False
8543;W2414;1994;11;13;14075.0;14075.0;1875.0;12200.0;3;0;0;0;0;0;0;0;4.0;42;2;61;0;0;1;6745.520916896854;04;7;1;Depot;H305;50;Moderat (0° bis 19,99° C);Abend;Klar;Arkansas;Herbst;Kollision;General Switching Rules;Human Factors;Depot/Rangieren, Depot/Rangieren;11939.095767240648;Nicht Signifikant;False
8544;W2464;1994;11;30;97875.0;97875.0;1875.0;96000.0;2;0;0;0;0;0;0;0;3.9542723449729715;0;0;6;0;0;6;261.33861616504294;04;7;1;Depot;H305;55;Moderat (0° bis 19,99° C);Abend;Klar;Arkansas;Herbst;Kollision;General Switching Rules;Human Factors;Depot/Rangieren, Depot/Rangieren;83022.3089320553;Nicht Signifikant;False
8545;W2543;1993;11;28;11170.0;11170.0;1170.0;10000.0;4;3;0;0;0;0;0;0;9.926406551346263;116;1;16;0;0;0;12496.0;04;7;1;Depot;H307;40;Moderat (0° bis 19,99° C);Abend;Klar;Arkansas;Herbst;Kollision;General Switching Rules;Human Factors;Depot/Rangieren, Güterzug;9474.934260751548;Nicht Signifikant;False
8546;W6485;1985;5;3;14600.0;14600.0;600.0;14000.0;6;0;0;0;0;0;0;0;4.949628046035187;112;0;77;0;0;4;13521.0;04;7;1;Depot;H306;72;Warm (20° bis 31,99° C);Tag;Klar;Texas;Frühling;Kollision;General Switching Rules;Human Factors;Depot/Rangieren, Güterzug;12384.426159979641;Nicht Signifikant;False
8547;W6825;1985;5;29;19400.0;19400.0;400.0;19000.0;4;4;0;0;0;0;0;0;3.0;4;0;4;0;0;0;732.0;04;7;1;Depot;H999;85;Warm (20° bis 31,99° C);Abend;Klar;Texas;Frühling;Kollision;Miscellaneous;Human Factors;Depot/Rangieren, Depot/Rangieren;16456.018322164728;Nicht Signifikant;False
8548;W8375;1985;6;4;31875.0;31875.0;2600.0;29275.0;9;2;0;0;0;0;0;0;5.5;24;3;15;0;0;0;3286.8899735913355;04;1;1;Depot;H307;83;Warm (20° bis 31,99° C);Abend;Klar;Texas;Frühling;Kollision;General Switching Rules;Human Factors;Güterzug, Lokomotive;27037.91670201035;Nicht Signifikant;False
8549;WA0012;1996;1;18;160000.0;160000.0;0.0;160000.0;3;0;0;1;0;0;0;0;49.740634593834876;10;0;11;0;0;0;1599.647398120594;09;5;4;Hauptstrecke;H402;18;Kalt (-30° - 0,01° C);Tag;Klar;Washington;Winter;Kollision;Main Track Authority;Human Factors;EinzelneWagen, Güterzug;135719.7387395029;Signifikant;False
8550;WA0072;1996;3;18;56232.0;56232.0;16232.0;40000.0;4;1;0;0;0;0;0;0;6.940339448159618;24;1;2;0;0;2;4042.742863252126;09;7;1;Depot;S011;45;Moderat (0° bis 19,99° C);Tag;Klar;Washington;Winter;Kollision;SIGNAL AND COMMUNICATION;Signal and Communication;Depot/Rangieren, Güterzug;47698.7021799983;Nicht Signifikant;False
8551;WA0121;1996;5;13;17100.0;17100.0;3000.0;14100.0;4;0;0;0;0;0;0;0;5.0;19;3;42;0;0;1;3964.9196717083696;04;7;2;Depot;T305;52;Moderat (0° bis 19,99° C);Abend;Klar;Washington;Frühling;Kollision;Frogs, Switches and Track Appliances;Track, Roadbed and Structures;Depot/Rangieren, Güterzug;14505.047077784375;Nicht Signifikant;False
8552;WA0169;1996;7;2;35050.0;35050.0;10000.0;25050.0;5;0;0;0;0;0;0;0;4.5;37;7;11;0;0;6;5415.047159155722;04;7;X;Depot;H305;85;Warm (20° bis 31,99° C);Tag;Klar;Washington;Sommer;Kollision;General Switching Rules;Human Factors;Depot/Rangieren, Güterzug;29731.10526762236;Nicht Signifikant;False
8553;WA0197100;1997;1;9;56490.0;56490.0;0.0;56490.0;2;0;0;0;0;0;0;0;6.0;30;2;87;0;0;0;6170.558453412044;09;7;X;Depot;H306;32;Moderat (0° bis 19,99° C);Abend;Regen;Washington;Winter;Kollision;General Switching Rules;Human Factors;Depot/Rangieren, Depot/Rangieren;47917.550258715746;Nicht Signifikant;False
8554;WA0197121;1997;1;10;10900.0;10900.0;1600.0;9300.0;3;1;0;0;0;0;0;0;2.5;11;0;15;0;0;0;2261.2216434131788;09;7;1;Depot;H302;40;Moderat (0° bis 19,99° C);Abenddämmerung;Wolkig;Washington;Winter;Kollision;General Switching Rules;Human Factors;Depot/Rangieren, Güterzug;9245.907201628637;Nicht Signifikant;False
8555;WA0397107;1997;3;3;25500.0;25500.0;500.0;25000.0;3;0;0;0;0;0;0;0;3.0;57;0;2;0;0;0;5516.535228008101;09;7;1;Depot;H602;35;Moderat (0° bis 19,99° C);Tag;Wolkig;Washington;Winter;Kollision;Speed;Human Factors;Depot/Rangieren, Güterzug;21630.33336160828;Nicht Signifikant;False
8556;WA0397119;1997;3;30;21500.0;21500.0;3500.0;18000.0;4;0;0;0;0;0;0;0;4.949628046035187;23;0;213;0;0;3;9328.080037515794;09;7;X;Depot;S099;39;Moderat (0° bis 19,99° C);Abend;Klar;Washington;Frühling;Kollision;other software/programming deficiencies, etc.);Signal and Communication;Depot/Rangieren, Güterzug;18237.339893120705;Nicht Signifikant;False
8557;WA0398115;1998;3;28;12500.0;12500.0;0.0;12500.0;4;0;0;0;0;0;0;0;1.9635609428485408;97;1;71;0;0;0;12622.763394327441;09;7;1;Depot;H310;50;Moderat (0° bis 19,99° C);Tag;Klar;Washington;Frühling;Kollision;General Switching Rules;Human Factors;Depot/Rangieren, Güterzug;10603.104589023666;Nicht Signifikant;False
8558;WA0400105;2000;4;29;50033.0;50033.0;2500.0;47533.0;5;0;0;0;0;0;0;0;8.931050850284048;42;4;41;0;0;1;6920.889973591336;01;1;1;Depot;T001;46;Moderat (0° bis 19,99° C);Abend;Wolkig;Washington;Frühling;Entgleisung;Roadbed;Track, Roadbed and Structures;Güterzug, Lokomotive;55025.15740562537;Nicht Signifikant;False
8559;WA0746;1995;12;14;20526.0;20526.0;400.0;20126.0;2;0;0;0;0;0;0;0;7.5;3;1;43;0;0;2;1742.8169700795759;01;7;1;Depot;E0HC;45;Moderat (0° bis 19,99° C);Abend;Klar;Washington;Herbst;Entgleisung;Brakes;Mechanical and Electrical Failures;Depot/Rangieren, EinzelneWagen;17411.145983543982;Nicht Signifikant;False
8560;WA0797114;1997;7;29;9500.0;9500.0;0.0;9500.0;2;0;0;0;0;0;0;0;2.958916643910756;0;0;20;0;0;2;681.6682206412532;01;7;1;Depot;T305;79;Warm (20° bis 31,99° C);Abend;Klar;Washington;Sommer;Entgleisung;Frogs, Switches and Track Appliances;Track, Roadbed and Structures;Depot/Rangieren, EinzelneWagen;8058.3594876579855;Nicht Signifikant;False
8561;WA1;1985;1;11;5575.0;5575.0;0.0;5575.0;0;0;0;0;0;0;0;0;3.5;2;0;0;0;0;0;297.294796241188;04;5;1;Depot;H018;-5;Kalt (-30° - 0,01° C);Tag;Wolkig;Minnesota;Winter;Kollision;Brakes, Use of;Human Factors;EinzelneWagen, EinzelneWagen;4728.9846467045545;Nicht Signifikant;False
8562;WA1;1986;1;7;23000.0;23000.0;0.0;23000.0;1;0;0;0;0;0;0;0;3.5;41;3;0;0;0;0;223.88997359133555;04;5;4;Hauptstrecke;H018;-15;Kalt (-30° - 0,01° C);Abend;Klar;Minnesota;Winter;Kollision;Brakes, Use of;Human Factors;EinzelneWagen, Güterzug;19509.712443803546;Nicht Signifikant;False
8563;WA1;1988;1;12;11500.0;11500.0;2500.0;9000.0;1;0;0;0;0;0;0;0;7.5;1;0;18;0;0;4;688.6473981205941;04;7;3;Hauptstrecke;H021;-10;Kalt (-30° - 0,01° C);Tag;Klar;North Dakota;Winter;Kollision;Brakes, Use of;Human Factors;Depot/Rangieren, EinzelneWagen;9754.856221901773;Nicht Signifikant;False
8564;WA10;1985;3;18;9250.0;9250.0;0.0;9250.0;2;0;0;0;0;0;0;0;5.944983747097401;96;0;18;0;0;0;14122.065348707696;04;6;1;Depot;H702;45;Moderat (0° bis 19,99° C);Tag;Klar;Minnesota;Winter;Kollision;Switches, Use of;Human Factors;EinzelneWagen, Güterzug;7846.297395877513;Nicht Signifikant;False
8565;WA1097111;1997;10;21;27700.0;27700.0;1000.0;26700.0;2;0;0;0;0;0;0;0;4.949628046035187;49;1;68;0;0;0;7733.858684461362;01;7;1;Depot;T305;55;Moderat (0° bis 19,99° C);Tag;Klar;Washington;Herbst;Entgleisung;Frogs, Switches and Track Appliances;Track, Roadbed and Structures;Depot/Rangieren, EinzelneWagen;23496.479769276444;Nicht Signifikant;False
8566;WA12;1986;2;18;10500.0;10500.0;0.0;10500.0;0;0;0;0;0;0;0;0;0.0;0;0;2;0;0;0;130.67276760464793;04;5;1;Depot;H302;20;Kalt (-30° - 0,01° C);Tag;NaN;Minnesota;Winter;Kollision;General Switching Rules;Human Factors;EinzelneWagen, EinzelneWagen;8906.607854779879;Nicht Signifikant;False
8567;WA14;1986;2;18;7200.0;7200.0;0.0;7200.0;2;0;0;0;0;0;0;0;1.9635609428485408;25;0;11;0;0;0;3370.735010669357;04;7;1;Hauptstrecke;H212;3;Kalt (-30° - 0,01° C);Tag;Wolkig;North Dakota;Winter;Kollision;Flagging, Fixed, Hand and Radio Signals;Human Factors;Depot/Rangieren, EinzelneWagen;6107.388243277632;Nicht Signifikant;False
8568;WA16;1985;5;26;45500.0;45500.0;2500.0;43000.0;4;0;0;0;0;0;0;0;4.949628046035187;30;2;37;0;0;1;4363.29909745302;04;7;1;Nebenstrecke;E46C;65;Moderat (0° bis 19,99° C);Tag;Wolkig;Minnesota;Frühling;Kollision;Truck Components;Mechanical and Electrical Failures;Depot/Rangieren, EinzelneWagen;38595.300704046145;Nicht Signifikant;False
8569;WA17;1987;10;19;23000.0;23000.0;15000.0;8000.0;2;0;0;0;0;0;0;0;39.78707758321272;64;0;12;0;0;0;6712.647398120594;04;4;3;Industriestrecke;H702;42;Moderat (0° bis 19,99° C);Abend;Wolkig;Minnesota;Herbst;Kollision;Switches, Use of;Human Factors;Arbeitszug, EinzelneWagen;19509.712443803546;Nicht Signifikant;False
8570;WA18;1985;5;22;10050.0;10050.0;50.0;10000.0;2;0;0;0;0;0;0;0;4.949628046035187;22;0;2;0;0;0;2133.6770962376277;04;7;1;Depot;M201;72;Warm (20° bis 31,99° C);Tag;Wolkig;Minnesota;Frühling;Kollision;Loading Procedures;Loading;Depot/Rangieren, EinzelneWagen;8524.896089575028;Nicht Signifikant;False
8571;WA28;1986;4;2;5000.0;5000.0;0.0;5000.0;1;0;0;0;0;0;0;0;4.949628046035187;2;0;1;0;0;0;115.33638380232397;04;7;1;Industriestrecke;H301;60;Moderat (0° bis 19,99° C);Tag;Klar;Minnesota;Frühling;Kollision;General Switching Rules;Human Factors;Depot/Rangieren, EinzelneWagen;4241.241835609466;Nicht Signifikant;False
8572;WA3;1986;1;17;9450.0;9450.0;0.0;9450.0;0;0;0;0;0;0;0;0;3.9542723449729715;1;0;1;0;0;0;213.98378192291796;04;5;1;Depot;H025;35;Moderat (0° bis 19,99° C);Tag;Klar;Minnesota;Winter;Kollision;Brakes, Use of;Human Factors;EinzelneWagen, EinzelneWagen;8015.947069301891;Nicht Signifikant;False
8573;WA30;1985;10;4;7700.0;7700.0;0.0;7700.0;1;0;0;0;0;0;0;0;2.958916643910756;38;0;58;0;0;2;5959.7327422109665;04;6;1;Depot;H018;45;Moderat (0° bis 19,99° C);Abend;Wolkig;Minnesota;Herbst;Kollision;Brakes, Use of;Human Factors;EinzelneWagen, Güterzug;6531.512426838578;Nicht Signifikant;False
8574;WA39;1986;5;5;70500.0;70500.0;0.0;70500.0;2;0;0;0;0;0;0;0;3.5;10;0;11;0;0;0;1269.7827940133125;04;7;1;Depot;M199;70;Warm (20° bis 31,99° C);Abenddämmerung;Klar;Minnesota;Frühling;Kollision;Environmental Conditions;Environmental Conditions;Depot/Rangieren, EinzelneWagen;59801.50988209347;Nicht Signifikant;False
8575;WA40;1986;5;11;10100.0;10100.0;50.0;10050.0;0;0;0;0;0;0;0;0;0.9682052417863254;9;0;7;0;0;0;1306.7216394229163;04;6;1;Depot;H018;60;Moderat (0° bis 19,99° C);Tag;Klar;Minnesota;Frühling;Kollision;Brakes, Use of;Human Factors;EinzelneWagen, EinzelneWagen;8567.308507931122;Nicht Signifikant;False
8576;WA46;1986;6;10;16500.0;16500.0;0.0;16500.0;0;0;0;0;0;0;0;0;1.9635609428485408;6;0;3;0;0;0;843.6637249911871;04;6;1;Depot;H302;80;Warm (20° bis 31,99° C);Tag;Klar;Minnesota;Frühling;Kollision;General Switching Rules;Human Factors;EinzelneWagen, EinzelneWagen;13996.098057511239;Nicht Signifikant;False
8577;WA5;1986;1;23;12000.0;12000.0;0.0;12000.0;0;0;0;0;0;0;0;0;3.9542723449729715;2;0;0;0;0;0;297.294796241188;04;5;1;Depot;H704;10;Kalt (-30° - 0,01° C);Abend;Wolkig;Minnesota;Winter;Kollision;Switches, Use of;Human Factors;EinzelneWagen, EinzelneWagen;10178.980405462718;Nicht Signifikant;False
8578;WA58;1986;6;29;6425.0;6425.0;425.0;6000.0;0;0;0;0;0;0;0;0;2.958916643910756;18;0;7;0;0;1;2332.0184948056494;04;5;1;Depot;H302;80;Warm (20° bis 31,99° C);Tag;Klar;Minnesota;Sommer;Kollision;General Switching Rules;Human Factors;EinzelneWagen, EinzelneWagen;5449.995758758164;Nicht Signifikant;False
8579;WA65;1986;7;11;9000.0;9000.0;0.0;9000.0;2;0;0;0;0;0;0;0;6.0;3;0;3;0;0;0;502.3914514034118;04;6;1;Depot;H018;75;Warm (20° bis 31,99° C);Tag;Wolkig;Minnesota;Sommer;Kollision;Brakes, Use of;Human Factors;EinzelneWagen, Lokomotive;7634.235304097039;Nicht Signifikant;False
8580;WA69;1986;7;17;9000.0;9000.0;0.0;9000.0;0;0;0;0;0;0;0;0;4.949628046035187;0;0;73;0;0;0;2292.3678925848258;04;6;1;Depot;H020;89;Warm (20° bis 31,99° C);Abenddämmerung;Klar;Minnesota;Sommer;Kollision;Brakes, Use of;Human Factors;EinzelneWagen, EinzelneWagen;7634.235304097039;Nicht Signifikant;False
8581;WA7;1985;2;17;8960.0;8960.0;60.0;8900.0;3;0;0;0;0;0;0;0;4.0;22;1;5;0;0;0;2460.7827940133125;04;6;1;Depot;H020;26;Kalt (-30° - 0,01° C);Tag;Klar;Minnesota;Winter;Kollision;Brakes, Use of;Human Factors;EinzelneWagen, Güterzug;7600.305369412164;Nicht Signifikant;False
8582;WA73;1986;7;14;8000.0;8000.0;0.0;8000.0;0;0;0;0;0;0;0;0;3.5;3;0;0;0;0;0;411.05222077044647;04;5;1;Depot;H999;70;Warm (20° bis 31,99° C);Abend;Wolkig;Minnesota;Sommer;Kollision;Miscellaneous;Human Factors;EinzelneWagen, EinzelneWagen;6785.986936975146;Nicht Signifikant;False
8583;WA77;1986;8;17;22400.0;22400.0;2400.0;20000.0;2;0;0;0;0;0;0;0;3.0;20;5;1;0;0;0;2473.420052967897;04;6;1;Depot;H018;60;Moderat (0° bis 19,99° C);Morgendämmerung;Klar;Minnesota;Sommer;Kollision;Brakes, Use of;Human Factors;EinzelneWagen, Güterzug;19000.76342353041;Nicht Signifikant;False
8584;WA91;1986;9;22;6425.0;6425.0;1500.0;4925.0;0;0;0;0;0;0;0;0;4.0;3;0;1;0;0;1;442.9786656008418;04;6;1;Depot;M407;65;Moderat (0° bis 19,99° C);Tag;Klar;Minnesota;Sommer;Kollision;Unusual Operational Situations;Miscellaneous Causes;EinzelneWagen, EinzelneWagen;5449.995758758164;Nicht Signifikant;False
8585;WA95;1986;10;5;11850.0;11850.0;350.0;11500.0;2;0;0;0;0;0;0;0;3.5;1;1;0;0;0;0;164.88997359133555;04;7;1;Depot;H020;54;Moderat (0° bis 19,99° C);Tag;Klar;Minnesota;Herbst;Kollision;Brakes, Use of;Human Factors;Depot/Rangieren, EinzelneWagen;10051.743150394435;Nicht Signifikant;False
8586;WI0015;1992;11;23;46200.0;46200.0;13800.0;32400.0;6;0;0;0;0;0;0;0;7.0;104;6;5;0;0;0;13874.0;01;1;X;Depot;T314;30;Kalt (-30° - 0,01° C);Tag;Wolkig;Iowa;Herbst;Entgleisung;Frogs, Switches and Track Appliances;Track, Roadbed and Structures;Güterzug, Güterzug;39189.07456103147;Nicht Signifikant;False
8587;WI0021;1994;2;5;13600.0;13600.0;1000.0;12600.0;3;0;0;0;0;0;0;0;5.5;64;2;85;0;0;0;10238.164790034614;01;7;1;Depot;H301;-5;Kalt (-30° - 0,01° C);Abend;Klar;Minnesota;Winter;Entgleisung;General Switching Rules;Human Factors;Depot/Rangieren, Güterzug;11536.177792857748;Nicht Signifikant;False
8588;WI0027;1992;12;28;1050700.0;1050700.0;37700.0;1013000.0;10;8;0;5;0;0;0;0;34.81029907790165;109;0;27;0;0;11;17714.0;03;1;1;Nebenstrecke;H702;13;Kalt (-30° - 0,01° C);Abend;Wolkig;Minnesota;Winter;Kollision;Switches, Use of;Human Factors;Güterzug, Güterzug;891254.5593349732;Schwer;True
8589;WI146;1987;4;4;15200.0;15200.0;1200.0;14000.0;2;0;0;0;0;0;0;0;1.9635609428485408;13;0;14;0;0;1;1434.0938083315825;04;6;1;Depot;H020;50;Moderat (0° bis 19,99° C);Tag;Klar;Minnesota;Frühling;Kollision;Brakes, Use of;Human Factors;EinzelneWagen, Güterzug;12893.375180252777;Nicht Signifikant;False
8590;WI292;1985;7;13;10800.0;10800.0;9100.0;12500.0;3;0;0;0;0;0;0;0;0.5;147;6;1;0;0;0;15801.336383802323;01;5;1;Industriestrecke;M404;60;Moderat (0° bis 19,99° C);Abend;Klar;Minnesota;Sommer;Entgleisung;Unusual Operational Situations;Miscellaneous Causes;EinzelneWagen, Güterzug;9161.082364916447;Nicht Signifikant;False
8591;WPR4305DR;2005;7;8;24831.0;24831.0;1000.0;23831.0;3;3;0;0;0;0;0;0;14.903185056657339;23;0;10;0;0;0;2214.3540757012197;02;4;X;Nebenstrecke;H702;50;Moderat (0° bis 19,99° C);Abenddämmerung;Regen;Oregon;Sommer;Kollision;Switches, Use of;Human Factors;Arbeitszug, Güterzug;20859.375;Nicht Signifikant;True
8592;X940389091;1989;3;25;512018.0;512018.0;65000.0;447018.0;6;0;0;0;0;0;1;0;33.81494337683943;118;16;19;0;0;1;12714.210054754294;07;6;1;Depot;M399;54;Moderat (0° bis 19,99° C);Abend;Klar;Illinois;Frühling;Bahnübergang;Loading Procedures;Loading;EinzelneWagen, Güterzug;434318.43243701756;Schwer;True
8593;Y0154;1994;4;18;60800.0;60800.0;0.0;60800.0;4;0;0;0;0;0;0;0;40.0;30;1;0;0;0;0;6689.256439118408;09;5;4;Hauptstrecke;H402;65;Moderat (0° bis 19,99° C);Tag;Klar;Kansas;Frühling;Kollision;Main Track Authority;Human Factors;EinzelneWagen, Güterzug;51573.50072101111;Nicht Signifikant;False
8594;Y0185;1995;6;23;50900.0;50900.0;500.0;50400.0;4;0;0;0;0;0;0;0;7.935695149221832;103;4;38;0;0;0;12171.543090637486;01;6;1;Depot;H702;70;Warm (20° bis 31,99° C);Abend;Klar;New Mexico;Sommer;Entgleisung;Switches, Use of;Human Factors;EinzelneWagen, Güterzug;43175.841886504364;Nicht Signifikant;False
8595;Y3059;1989;5;25;8297.0;8297.0;0.0;8297.0;7;0;0;0;0;0;0;0;9.926406551346263;74;0;0;0;0;0;9528.889973591336;09;1;4;Hauptstrecke;H999;90;Heiß (>= 32° C);Tag;Klar;Texas;Frühling;Kollision;Miscellaneous;Human Factors;Güterzug, Lokomotive;7037.916702010349;Nicht Signifikant;False
8596;Y6969;1989;12;1;146050.0;146050.0;60000.0;86050.0;7;0;0;0;0;0;0;0;19.5;128;3;55;0;11;5;15239.0;04;1;5;Hauptstrecke;H306;54;Moderat (0° bis 19,99° C);Abend;Wolkig;Louisiana;Herbst;Kollision;General Switching Rules;Human Factors;Güterzug, Personenzug;123886.67401815251;Nicht Signifikant;False
8597;YKR0298;1998;7;30;27000.0;27000.0;0.0;27000.0;2;0;0;0;0;0;0;0;5.0;1;0;6;0;0;1;367.69586759726695;04;1;1;Depot;H018;80;Warm (20° bis 31,99° C);Tag;Klar;Pennsylvania;Sommer;Kollision;Brakes, Use of;Human Factors;Güterzug, Güterzug;22902.705912291116;Nicht Signifikant;False
8598;YL0033;1995;4;7;16100.0;16100.0;10000.0;6100.0;0;0;0;2;0;0;0;0;9.901875401795017;3;0;0;0;0;0;445.942194361782;09;5;4;Hauptstrecke;H099;40;Moderat (0° bis 19,99° C);Tag;Klar;North Dakota;Frühling;Kollision;Brakes, Use of;Human Factors;EinzelneWagen, EinzelneWagen, EinzelneWagen;13656.79871066248;Signifikant;False
8599;YL0038;1992;12;17;15000.0;15000.0;0.0;15000.0;2;0;0;1;0;0;0;0;3.5;13;0;16;0;0;2;6760.401757488797;05;6;1;Depot;H399;12;Kalt (-30° - 0,01° C);Abend;Wolkig;Montana;Herbst;Kollision;General Switching Rules;Human Factors;EinzelneWagen, Güterzug;12723.7255068284;Signifikant;False
8600;YL0172;1995;11;18;12100.0;12100.0;100.0;12000.0;2;0;0;1;0;0;0;0;29.83352057259057;0;0;0;0;0;0;69.7799471826711;03;8;1;Depot;H992;53;Moderat (0° bis 19,99° C);Abend;Klar;Montana;Herbst;Kollision;Miscellaneous;Human Factors;Lokomotive, Lokomotive;10263.805242174909;Signifikant;True
8601;YL0209;1993;3;29;587000.0;587000.0;20000.0;567000.0;13;2;0;0;0;0;0;0;22.82137422020675;230;3;115;0;0;0;34149.0;03;1;4;Hauptstrecke;H604;40;Moderat (0° bis 19,99° C);Abend;Regen;Montana;Frühling;Kollision;Speed;Human Factors;Güterzug, Güterzug, Güterzug;497921.79150055134;Signifikant;False
8602;YL0226;1996;10;4;1625000.0;1625000.0;60000.0;1565000.0;5;5;0;3;0;0;0;0;44.763856088523795;37;10;17;0;0;7;5170.0;02;1;4;Hauptstrecke;M505;50;Moderat (0° bis 19,99° C);Tag;Klar;Wyoming;Herbst;Kollision;Other Miscellaneous;Miscellaneous Causes;Güterzug, Güterzug;1378403.5965730764;Signifikant;False
8603;YL0265;1993;8;18;18318.0;18318.0;0.0;18318.0;3;0;0;1;0;0;0;0;23.5;117;0;14;0;0;0;15873.0;04;1;4;Hauptstrecke;H401;78;Warm (20° bis 31,99° C);Tag;Klar;North Dakota;Sommer;Kollision;Main Track Authority;Human Factors;Güterzug, Güterzug;15538.213588938841;Signifikant;False
8604;YN161;1985;6;28;75000.0;75000.0;5000.0;70000.0;0;0;0;0;0;0;0;0;19.879963561968417;41;1;0;0;0;0;4753.443393880083;06;6;1;Industriestrecke;M501;55;Moderat (0° bis 19,99° C);Tag;Regen;North Dakota;Sommer;Kollision;Other Miscellaneous;Miscellaneous Causes;EinzelneWagen, EinzelneWagen;63618.627534142;Nicht Signifikant;True
8605;YN3;1988;1;7;190500.0;190500.0;5000.0;185500.0;10;2;0;0;0;0;0;0;14.903185056657339;182;4;13;0;0;3;23003.0;03;1;4;Hauptstrecke;H215;-6;Kalt (-30° - 0,01° C);Abend;Klar;Montana;Winter;Kollision;Flagging, Fixed, Hand and Radio Signals;Human Factors;Güterzug, Güterzug;161591.31393672066;Signifikant;False
8606;YN412;1987;9;13;877042.0;877042.0;227700.0;649342.0;5;0;0;1;0;0;0;0;42.77314468639937;100;27;5;0;0;0;13050.122024646278;01;5;4;Hauptstrecke;H503;73;Warm (20° bis 31,99° C);Tag;Klar;Wyoming;Sommer;Entgleisung;Train Handling/Train Makeup;Human Factors;EinzelneWagen, Güterzug;743949.4443973195;Signifikant;False
8607;YN420;1987;9;13;32150.0;32150.0;0.0;32150.0;4;0;0;0;0;0;0;0;12.5;73;0;24;0;0;0;7717.96557992196;04;6;1;Depot;H310;80;Warm (20° bis 31,99° C);Abenddämmerung;Klar;Montana;Sommer;Kollision;General Switching Rules;Human Factors;EinzelneWagen, Güterzug;27271.18500296887;Nicht Signifikant;True
8608;YN433;1987;9;19;20550.0;20550.0;1500.0;19050.0;1;0;0;1;0;0;0;0;11.0;27;5;5;0;0;0;3391.50766551666;04;7;1;Depot;H018;60;Moderat (0° bis 19,99° C);Abend;Klar;Montana;Sommer;Kollision;Brakes, Use of;Human Factors;Depot/Rangieren, EinzelneWagen;17431.503944354907;Signifikant;True
8609;YN79;1988;2;20;14500.0;14500.0;500.0;14000.0;2;0;0;0;0;0;0;0;4.949628046035187;0;0;59;0;0;8;1938.8214976150912;01;6;1;Industriestrecke;T315;20;Kalt (-30° - 0,01° C);Tag;Schnee;North Dakota;Winter;Entgleisung;Frogs, Switches and Track Appliances;Track, Roadbed and Structures;EinzelneWagen, Güterzug;12299.601323267452;Nicht Signifikant;False
8610;YN96;1986;4;18;39000.0;39000.0;0.0;39000.0;4;0;0;0;0;0;0;0;39.78707758321272;37;0;2;0;0;0;2929.336383802324;09;5;3;Hauptstrecke;H402;60;Moderat (0° bis 19,99° C);Tag;Wolkig;Wyoming;Frühling;Kollision;Main Track Authority;Human Factors;EinzelneWagen, Güterzug;33081.68631775384;Nicht Signifikant;False
8611;YRC989117;2017;1;17;22115.0;22115.0;0.0;22115.0;2;0;0;0;0;0;0;0;1.9635609428485408;5;0;4;0;0;0;1010.0;04;6;1;Depot;H018;42;Moderat (0° bis 19,99° C);Tag;Wolkig;Pennsylvania;Winter;Kollision;Brakes, Use of;Human Factors;EinzelneWagen, Güterzug;20699.17633845002;Nicht Signifikant;False